inDegrees=no
num_controls=7
num_derivatives=13
num_iterations=38
num_multipliers=7
num_parameters=0
num_slacks=7
num_states=26
objective=0.404292
objective_accelerations=0.000000
objective_balance=0.005244
objective_effort=0.048329
objective_height=0.350719
objective_ligament=0.000000
solver_duration=410.136666
status=Solve_Succeeded
success=true
DataType=double
version=3
OpenSimVersion=4.5
endheader
time	/jointset/ground_pelvis/pelvis_tilt/value	/jointset/ground_pelvis/pelvis_tx/value	/jointset/ground_pelvis/pelvis_ty/value	/jointset/hip_r/hip_flexion_r/value	/jointset/hip_r/hip_adduction_r/value	/jointset/hip_r/hip_rotation_r/value	/jointset/back/lumbar_extension/value	/jointset/patellofemoral_r/patellar_flexion_r/value	/jointset/knee_r/knee_flexion_r/value	/jointset/knee_r/knee_adduction_r/value	/jointset/knee_r/knee_rotation_r/value	/jointset/ankle_r/ankle_angle_r/value	/jointset/subtalar_r/subtalar_angle_r/value	/jointset/ground_pelvis/pelvis_tilt/speed	/jointset/ground_pelvis/pelvis_tx/speed	/jointset/ground_pelvis/pelvis_ty/speed	/jointset/hip_r/hip_flexion_r/speed	/jointset/hip_r/hip_adduction_r/speed	/jointset/hip_r/hip_rotation_r/speed	/jointset/back/lumbar_extension/speed	/jointset/patellofemoral_r/patellar_flexion_r/speed	/jointset/knee_r/knee_flexion_r/speed	/jointset/knee_r/knee_adduction_r/speed	/jointset/knee_r/knee_rotation_r/speed	/jointset/ankle_r/ankle_angle_r/speed	/jointset/subtalar_r/subtalar_angle_r/speed	/forceset/tau_hip_flexion_r	/forceset/tau_hip_adduction_r	/forceset/tau_hip_rotation_r	/forceset/tau_knee_flexion_r	/forceset/tau_ankle_angle_r	/forceset/tau_subtalar_angle_r	/forceset/tau_lumbar_extension	lambda_cid13_p0	lambda_cid14_p0	lambda_cid14_p1	lambda_cid14_p2	lambda_cid14_p3	lambda_cid14_p4	lambda_cid14_p5	/jointset/ground_pelvis/pelvis_tilt/accel	/jointset/ground_pelvis/pelvis_tx/accel	/jointset/ground_pelvis/pelvis_ty/accel	/jointset/hip_r/hip_flexion_r/accel	/jointset/hip_r/hip_adduction_r/accel	/jointset/hip_r/hip_rotation_r/accel	/jointset/back/lumbar_extension/accel	/jointset/patellofemoral_r/patellar_flexion_r/accel	/jointset/knee_r/knee_flexion_r/accel	/jointset/knee_r/knee_adduction_r/accel	/jointset/knee_r/knee_rotation_r/accel	/jointset/ankle_r/ankle_angle_r/accel	/jointset/subtalar_r/subtalar_angle_r/accel	gamma_cid13_p0	gamma_cid14_p0	gamma_cid14_p1	gamma_cid14_p2	gamma_cid14_p3	gamma_cid14_p4	gamma_cid14_p5
0	0.007535870665272377	0.09038188858443522	0.9426106560509721	0.1762555222360518	-0.2355399687472063	-0.1625754709170916	-0.038598046466844	0.0731786387345201	0.07317863873451017	0.1744557103692965	0.07972330628329372	0.03247278518263602	-0.008453338630000804	0	0	0	0	0	0	0	0	0	0	0	0	0	0.3456557169763166	-0.1708441930264711	0.005429060181807875	-0.2814922967605793	0.2543138028161706	-0.1434280320818178	-0.3491743516423588	-36.79230699547254	55.20478557133833	-49.79414260904903	5.16518342017646	-15.57456759072896	-309.990772153355	29.21747902337131	38.51861811698054	-9.931847028316707	-2.06628886001382	42.67511224093321	7.519448251559488	23.43391016485989	-80.29278196434278	126.7222515376253	126.7222515376253	-35.25067643163874	10.48444276301365	54.36247358509728	20.24197580209964	7.230587753558171e-06	2.111686387371597e-06	-0.000129753738612186	6.408920818416896e-05	8.968027893013645e-06	0.0001745566223348076	-7.958961176981204e-05
0.01	0.009148278471115281	0.0899117880566327	0.9425058703528248	0.1784423585337277	-0.2350902773398304	-0.1613123461286012	-0.04216609355955109	0.07901583185072086	0.07901583185071757	0.1726130976415766	0.07999620689354345	0.03498176387794458	-0.007411588572345628	0.2844450444737531	-0.09146921150714253	-0.02295458559974576	0.45146850030616	0.09755142828367713	0.2477822067146085	-0.6616585382909423	1.122271346918694	1.122271346918694	-0.3760503760410119	0.04117239424072298	0.4812972367638172	0.2124140453488434	0.3478843719969947	-0.1424796779898084	-0.002516932366321561	-0.3448415825164006	0.3092247113123712	-0.144864755707342	-0.3120603999594864	-36.99111076148083	65.51792977693901	-49.15663897200422	5.684885319628757	-11.49415050074294	-422.5329064440159	34.5795927793127	17.69868055602323	-8.370030498852342	-2.67474898101995	48.49734057369403	12.00257909326167	24.73909309488773	-51.30975772346456	98.20303870349483	98.20303870349491	-39.92583597239016	-1.061456779075543	41.93744722969903	22.33799655366816	2.66219224388312e-05	2.750450963710811e-05	-0.0002216937753887663	0.0001594101338552722	2.412295197856873e-06	0.0001359190254145986	-0.0002086863416631769
0.02	0.0124633833103718	0.08860388095637078	0.9421185976844667	0.1855668041641073	-0.2334391538543173	-0.1577136558389355	-0.05079219962757281	0.09472043092300156	0.09472043092300371	0.1667812575970295	0.08028181253948923	0.04168853464242758	-0.004126322530724211	0.3405394066855826	-0.1675613144918819	-0.05649739404218392	0.9875218665417969	0.2402864156269489	0.467113100234267	-1.011611795061645	1.973481191217526	1.973481191217526	-0.797845463364336	0.002541007134361381	0.8395584138346366	0.4487031967933465	0.3501130270176778	-0.1141151629531487	-0.0104629249143781	-0.4081908682722528	0.3641356198085606	-0.1463014793328729	-0.2749464482765999	-37.49300969956573	77.35758756315629	-48.59363004673649	6.607586220413131	-8.657769820903829	-508.8695832892523	37.63473655108167	-7.151518335403943	-6.856425323836265	-4.183933428552297	59.59208542682864	16.55616006347841	17.74364752586987	-17.95172566029481	72.50995101365302	72.50995101365302	-44.39961868810119	-5.476313506403235	29.75526164649749	25.01699702123151	4.601325712410423e-05	5.289733288684463e-05	-0.0003136338121653466	0.0002547310595263754	-4.143437497299899e-06	9.728142849438969e-05	-0.0003377830715565418
0.03	0.01544673751556324	0.08661846220023467	0.9413370617732463	0.1981610353299018	-0.230294821653213	-0.1522400275436649	-0.06162505076427742	0.1175850164918945	0.1175850164918957	0.1568439651550155	0.07994868429422244	0.05134474413188278	0.001478945410223871	0.249892759034179	-0.2263904434672386	-0.1005413158047429	1.508606399670211	0.3754735370839043	0.6189397085447842	-1.137518879145059	2.557226062199295	2.557226062199295	-1.155352271791449	-0.07170860995621853	1.07115171096106	0.6543483074008913	0.3021180253813961	-0.1218087558670228	-0.004612125292203479	-0.3983806080241711	0.3495015520361989	-0.1370044515436247	-0.2206072691904426	-38.14057100544203	73.21461130005095	-46.02007610527388	7.040887458867175	-5.278203700315661	-502.3946565859722	35.63021565928378	-10.9543738454713	-4.927212869934547	-4.605050516330118	44.96323967842454	10.03861305446068	12.64999404240209	-7.294266811893637	44.96599508610864	44.96599508610873	-26.30362724919994	-8.729415902652551	16.78881594885648	15.61803631427271	2.223681513183438e-05	2.619946123539008e-05	-0.000145267156341388	0.000124482377636515	-3.217337425248069e-06	3.845978554613255e-05	-0.0001673417503904293
0.04	0.01733699807113417	0.08413854091723506	0.9400970008511553	0.2152854323114879	-0.2261908932640049	-0.1454985678535337	-0.07319378614772673	0.1450188987597357	0.1450188987597366	0.144356121562886	0.07880703385960931	0.06270237703323173	0.008596618103998217	0.1219206767643195	-0.2664618198645817	-0.1482023962163038	1.893555029701707	0.4322056532471246	0.7206793792056739	-1.15878864440961	2.887340531007855	2.887340531007855	-1.307955693385909	-0.1591634307374837	1.179843096213151	0.7511841473587066	0.2541230237451135	-0.1295023487809015	0.001238674330010904	-0.3885703477761068	0.3348674842638299	-0.1277074237543838	-0.1662680901042802	-38.80930614571568	68.60964227206568	-43.71316525767639	7.72931728578245	-3.224069714654551	-504.6865625884261	31.21957196770234	-14.61660525909485	-3.104874808233738	-4.907365158352666	32.36490480744513	0.8651590047314055	7.726259995944324	2.975738103477874	21.78387057901119	21.78387057901119	-3.418941321570777	-8.117354244540271	5.174879271630921	3.255142891285536	-2.429684111518831e-06	-1.572445362480792e-06	2.846664778361277e-05	-1.04172239968704e-05	-2.136972760057917e-06	-2.077802329961015e-05	9.275613065569388e-06
0.05	0.01782706144627578	0.08133142488981046	0.9383744756730124	0.2357042689541784	-0.2218354771615171	-0.1379908832358054	-0.08459615776944886	0.174783465233548	0.1747834652335492	0.1311674844130687	0.07683420165305556	0.07467043538645489	0.0162428720880162	-0.02463500830965985	-0.2938664488464034	-0.1958020123840746	2.180778447978093	0.4372071221340583	0.7753503163799457	-1.117359934646053	3.050574581551925	3.050574581551925	-1.323485891583959	-0.2332083241072715	1.206983733193401	0.7747267457392318	0.2386873925609846	-0.1162390951732354	0.003719488471251566	-0.3989378118861879	0.3370398850505212	-0.1193460583042607	-0.1466860508845156	-39.41174646665793	68.57970070707329	-41.15434607143724	8.540381016860506	-2.649673409177915	-518.9511980548161	30.38069761913808	-14.78403536800947	-2.394435091803211	-4.615800085773784	25.4857030387782	0.07079562101849046	3.507313582728924	5.375299206375189	11.34413022393089	11.34413022393099	0.3274729936729	-6.722872944647055	0.4653444258548112	1.406565550818589	-8.955701744522598e-06	-1.040553115065893e-05	7.097900838018436e-05	-2.70342063290007e-05	-2.590487708908477e-06	-2.166325288765688e-05	3.709711507921174e-05
0.06	0.0168297709233745	0.07828302694283819	0.9361900462852342	0.2587122683198352	-0.2174794154120878	-0.1301025286454207	-0.09545446993482253	0.2057305637991643	0.205730563799167	0.1180130516937819	0.07418595730052176	0.08670623781240773	0.02402510150371541	-0.1755501028419884	-0.3147182037741127	-0.2405832381433253	2.411387574296204	0.4323347826347588	0.7968133737366255	-1.049976753139254	3.123846949369036	3.123846949369036	-1.301114807278215	-0.2942458599350179	1.193391910758963	0.7783792336950612	0.223251761376859	-0.1029758415655723	0.006200302612514717	-0.4093052759962829	0.339212285837206	-0.1109846928541421	-0.1271040116647425	-39.89975708109702	68.38998652697846	-38.6154509032956	9.345585254697305	-3.242481037633739	-537.170360411284	29.50362437735576	-15.48848715076442	-1.794299997411409	-4.34368707664864	21.04204641579031	-1.109602672515247	1.084684032425909	8.166632452126391	3.791534033619377	3.791534033619377	4.161315179187775	-5.515882736131946	-2.971612611306733	-0.7228791936536546	-1.471790962551165e-05	-1.844119290474473e-05	0.0001079662555650325	-3.867086784844649e-05	-3.108587062560752e-06	-2.009153177011641e-05	5.8653528190018e-05
0.07000000000000001	0.01433316299041949	0.07505486672773796	0.9335749278998212	0.2837747413658432	-0.213235771322435	-0.1221668948479128	-0.1055529280547418	0.2370696688979226	0.2370696688979231	0.1052698585708149	0.07104986302082504	0.09845249784016791	0.0317360862669195	-0.3212979180607179	-0.3301612493396625	-0.2816847940768914	2.593722204478707	0.4145757529175034	0.78725464705665	-0.9696751014946342	3.13754357735911	3.13754357735911	-1.243311892170692	-0.3292764971597081	1.153442548948888	0.7609518376303164	0.2027243560814704	-0.08985387942638574	0.008719956698438067	-0.4087968315661439	0.331303303236314	-0.1018753232654668	-0.1069256635282125	-40.25304435028863	65.51303400403664	-36.01219457874636	9.900480154945216	-4.37139666768386	-548.7846495137441	28.2750110181291	-13.74903016939872	-1.307046347936775	-3.88404237754145	15.71903068291103	-2.372378989762861	-2.445463432048511	7.967896923349766	-0.8028333447371001	-0.8028333447370449	7.235682785053798	-1.95168726028338	-4.874269415408307	-2.669505970084536	-1.388134135001431e-05	-1.781934176770761e-05	9.978246157581398e-05	-4.554982254928066e-05	-2.059347775863856e-06	-1.876927693113816e-05	6.289475340218581e-05
0.08	0.01045285661287396	0.07169472815462022	0.9305706634499059	0.3104385325863564	-0.2092223827036329	-0.1144207107999697	-0.114847176577674	0.2683534281712858	0.2683534281712853	0.09323387522058611	0.06767245576000527	0.1097257299599202	0.03918942983803569	-0.4522897917582572	-0.3411138753776202	-0.3184124510438078	2.731651209198448	0.3862836884629644	0.7589234238230984	-0.889134833741194	3.112777784291643	3.112777784291643	-1.159672852722403	-0.3425084561702313	1.098786329156796	0.7268509952775863	0.1821969507860615	-0.07673191728721511	0.01123961078450429	-0.4082883871360412	0.3233943206354069	-0.09276595367681963	-0.08674731539168955	-40.47097637839621	62.57728009702375	-33.29448250305337	10.29478383218396	-6.172474245115541	-562.3892033070721	27.80743249112207	-12.53729884652609	-0.8962160918931034	-3.468907283318722	12.16092132323778	-3.21620961997199	-2.669815278289383	8.214355673890717	-3.900950177888764	-3.900950177888764	9.328540047340866	-1.156147093298533	-5.912984207710075	-4.057568451250721	-1.261904558055011e-05	-1.663894141188837e-05	8.868440686568789e-05	-5.212182842310763e-05	-9.089898672089506e-07	-1.746311669077684e-05	6.601886971766725e-05
0.09	0.00533996067833123	0.06824489798234651	0.9272211186814653	0.3382942873291557	-0.2055363857570761	-0.1070143897147262	-0.1233442860206767	0.2992517904296779	0.2992517904296766	0.08213206958460378	0.06425515452195985	0.1204081771305129	0.0462315276226662	-0.5674970869547593	-0.3483247221607528	-0.3507772924213478	2.834924683297409	0.3510998248670258	0.7199464408591516	-0.8110865447000909	3.065014937942275	3.065014937942274	-1.061808092549556	-0.3376636539501119	1.037823836733925	0.6815086494146683	0.1598532022992234	-0.06264969605904547	0.01300535923847327	-0.4033057867933585	0.3113937714466158	-0.08532007434516362	-0.06658083372863495	-40.55786996048865	58.47900487695905	-31.33636029224901	10.61999379998327	-7.993481019229847	-573.2150393932003	26.45050732640999	-10.59527893108367	-0.5545666407048778	-3.015862545207681	8.722348655958521	-3.639119814699423	-4.88250652469195	7.480142043290741	-5.493407871625034	-5.49340787162493	9.85641360742434	1.787345870559814	-6.173650435526908	-4.773701717793148	-9.421662545464787e-06	-1.244458203225174e-05	6.778866228960987e-05	-4.32281794161639e-05	-5.647214455554034e-07	-1.419729471253597e-05	5.334134918575301e-05
0.1	-0.0008415750231606681	0.06473874980840516	0.9235688075032016	0.3670451344534854	-0.2021961564635331	-0.1000720118029709	-0.1310848972684567	0.3296166330229418	0.3296166330229421	0.07197710547137091	0.06098281170430593	0.1304838456416872	0.05281997513587094	-0.6660177451460727	-0.3523774757111537	-0.3789657330084348	2.91066968550571	0.3171301578593036	0.666134789125415	-0.7378351946961448	3.00607385126634	3.00607385126634	-0.970304548170007	-0.3135167720942856	0.9774305972730047	0.6361209409925187	0.1375094538123849	-0.04856747483088136	0.01477110769247693	-0.3983231864506879	0.2993932222578183	-0.077874195013516	-0.04641435206557581	-40.52139970701906	54.4064735969242	-29.23182592469133	10.75983904518222	-10.29163072643923	-584.3787565734896	26.50755980290215	-9.199971445488108	-0.2645974453469048	-2.63362712522813	6.655226945105889	-2.973370302328718	-5.636749032247397	7.254967866459473	-6.136598243201955	-6.136598243201955	8.0562968886811	2.704268833842869	-5.799133615319785	-4.066640963097066	-6.054161948566613e-06	-7.985259221949848e-06	4.603158234070087e-05	-3.297491239772382e-05	-2.913180337481295e-07	-1.075919477931668e-05	3.92746737661556e-05
0.11	-0.007939558572555372	0.06120414326210645	0.9196530603891823	0.3964476430670256	-0.1991893679339366	-0.09369565260196448	-0.1381153334645332	0.3593518567772577	0.3593518567772584	0.06270402861314638	0.0580059436233728	0.1399625186708465	0.0589547617589167	-0.752034935873273	-0.3543550604630402	-0.4036904606848977	2.967566226911139	0.2839726462613408	0.6097086705143876	-0.6690765036945944	2.9399895117236	2.9399895117236	-0.8842401688216101	-0.2811522867578025	0.9183220542012619	0.5902113273272545	0.1250454809254189	-0.03981668905555107	0.01600678323977449	-0.4028801798549304	0.2947702739684339	-0.07309222222786771	-0.03530749771286334	-40.36870840617888	52.54071230124549	-28.02497025390222	11.18799503547342	-10.75662386659203	-593.9468698445509	25.72890363861098	-8.071646763245202	-0.1360757678476004	-2.319993604672846	4.866168879879335	-3.52523644328743	-5.566558162928348	6.562650840837178	-6.990417188617664	-6.990417188617565	8.896079811938415	3.602095506871968	-5.965741557290895	-4.943659745498619	-4.768153445633148e-06	-6.06105722179621e-06	3.71856796434089e-05	-2.679195831774012e-05	-4.693749715874199e-07	-7.72398740700789e-06	3.123266271729623e-05
0.12	-0.01585152480461284	0.05765541351274123	0.9155044463952344	0.4263509773229386	-0.196521813491267	-0.08786775756454862	-0.1444829165258294	0.388397024060385	0.3883970240603863	0.05429450981920613	0.05537263182046748	0.1488503008884507	0.06461234460985789	-0.8288142816768003	-0.3552021163244548	-0.4255391089941611	3.010834813981293	0.2492833404730844	0.5564419564074397	-0.6052645677396548	2.868062557028557	2.868062557028557	-0.7975929353124407	-0.244805516488481	0.8592524349619444	0.5406801865716909	0.1125815080384537	-0.03106590328022457	0.01724245878707066	-0.4074371732591817	0.2901473256790444	-0.06831024944222376	-0.02420064336014622	-40.10404317796586	50.69606347907407	-26.71416251684464	11.48503757298985	-11.41952105320501	-603.5704870142531	25.97348342526487	-7.35240246075323	-0.03849166725263552	-2.058411251788216	3.92963607805091	-3.279729140387443	-5.004868131431511	6.265616857137439	-7.305121273662519	-7.305121273662519	8.172867720835558	3.500725820410555	-5.791348848834799	-4.790946381156913	-3.71602045887549e-06	-4.421700256490689e-06	2.979047101933231e-05	-2.106634277016725e-05	-6.981577914094698e-07	-4.734048861767696e-06	2.386758024941866e-05
0.13	-0.02448818445847003	0.05410379054259447	0.9111506605696333	0.4566318750724651	-0.1941973463041691	-0.08255928955359758	-0.1502319338887499	0.4167097045760241	0.4167097045760199	0.04672827492177454	0.05311905800419769	0.1571571311688028	0.06977261645065173	-0.8970157786512719	-0.3549179535440713	-0.4448095701116141	3.043700516890959	0.2162792258139289	0.5052875153939216	-0.5451083096434985	2.794548755747396	2.794548755747396	-0.7177058285143577	-0.2055622551324605	0.8028036081200248	0.4921144654443852	0.09637007334464022	-0.0224667281884809	0.01831130971523715	-0.4068169576175665	0.2813805734739948	-0.06459439245807877	-0.01049450320452732	-39.72585511154949	47.64807542134631	-25.93611521659173	11.70604119601484	-12.10715602593952	-610.9993307279115	25.2857848895895	-6.329165449516535	0.09240369677991976	-1.800964965978881	2.717918367725744	-3.210301045647824	-5.169860449548446	5.805219566120726	-7.362510410004673	-7.36251041000462	7.591754379900687	4.184275216063889	-5.469266146337786	-4.776155300735019	-2.756687399241115e-06	-3.084581839333647e-06	2.29424383894398e-05	-1.635289992580446e-05	-7.091129635862123e-07	-3.224717499939631e-06	1.816907329369797e-05
0.14	-0.03376188750882283	0.05056111588947076	0.9066162498480062	0.4871920060451436	-0.1921828299470436	-0.07776219162543122	-0.1553964708146577	0.4442896469079067	0.4442896469079054	0.03989993553638452	0.05126754658615666	0.1649199498718464	0.07446987701572873	-0.9562229609745976	-0.3534124529198419	-0.4616640881993717	3.06668145861269	0.1872931744760508	0.4541679398509348	-0.4883684803366879	2.721514920279762	2.721514920279762	-0.6500138328920345	-0.164393036861799	0.7504501194994148	0.448077931428374	0.080158638650803	-0.01386755309676621	0.01938016064374122	-0.4061967419759828	0.2726138212689272	-0.06087853547398998	0.003211636951081074	-39.23551825644894	44.60263093812946	-25.06917735693591	11.81182661511835	-12.80941725982889	-618.6073983055373	25.45604793693844	-5.553539530523777	0.205775901516485	-1.575222645849139	1.952683840464038	-2.476116476131931	-4.997895037325314	5.582331099268442	-7.209128110957129	-7.209128110957129	5.733845485683585	3.885917203338772	-4.972281204572934	-3.885108958898003	-1.810154329554779e-06	-1.789151497783293e-06	1.616987831046922e-05	-1.177906710947066e-05	-6.900229429842913e-07	-1.919607818582206e-06	1.270043882241272e-05
0.15	-0.04358943948362903	0.04703854291289711	0.9019239909557685	0.5179434967273312	-0.1904348218768577	-0.07346998289706037	-0.1600074156088626	0.4711460647277232	0.4711460647277242	0.03368216770745489	0.04982577317785309	0.1721803233947424	0.07875424698423154	-1.008296111184225	-0.3509919170808353	-0.4764937205934904	3.082684078207209	0.1629347427932659	0.4046012449779892	-0.4342252145205981	2.650028739459606	2.650028739459605	-0.5953430662830889	-0.1242337838206122	0.7021975991390998	0.4095424673551965	0.0665297067328964	-0.007638178925182361	0.0204429027972858	-0.4073470941412602	0.265659717287604	-0.05842510176584718	0.01436091281352209	-38.63719393434614	42.13284063946009	-24.67833112316422	12.02622040143086	-12.95342555763772	-624.6370224502901	25.07028943404214	-4.885666809096381	0.2765887573403849	-1.393085097371292	1.283978308281247	-2.321847034794614	-4.88943472069694	5.269613920425801	-7.07901344093511	-7.079013440935006	5.064751438984459	4.037998206401133	-4.666279716123023	-3.724717023667586	-1.378504366721587e-06	-1.179387367613131e-06	1.420134358370906e-05	-7.495839538653823e-06	-9.106610617984742e-07	-9.355060464450398e-07	9.531893575949941e-06
0.16	-0.05390801576912532	0.04354345456116302	0.8970921854273534	0.5488269990633249	-0.1889116262275932	-0.06966411671910064	-0.1640890698253787	0.4972954906646699	0.4972954906646706	0.02795731938273412	0.04877700607027732	0.1789752632611601	0.0826758719335746	-1.054427823110387	-0.3479155279519271	-0.4895734154348268	3.093083789375147	0.1423306902927666	0.3568994297683341	-0.3825103647986338	2.58011654370384	2.58011654370384	-0.5514299320547726	-0.08579177670372186	0.6573633882042952	0.3755289275964228	0.05290077481500973	-0.001408804753585385	0.02150564495056995	-0.4084974463065265	0.2587056133062874	-0.0559716680576734	0.02551018867597672	-37.93756854333595	39.64423453559299	-24.22599768498029	12.15679170410957	-13.00919110522286	-631.0496589971169	25.28469465743948	-4.365251873830671	0.3369465594967561	-1.225235135292672	0.8321021551478783	-1.725240639674821	-4.624919104667232	5.096647880443467	-6.894331098078983	-6.894331098078983	3.582319009557635	3.542468018479487	-4.288619319470935	-2.98072409601721	-1.031658680311266e-06	-6.825564957879425e-07	1.30240600914306e-05	-3.260476361216265e-06	-1.170783815340014e-06	-4.276165238270521e-09	6.742186554752049e-06
0.17	-0.06466150318581682	0.04008203645738536	0.8921375444092158	0.579791219432247	-0.1875738082021909	-0.06632965979928714	-0.1676634760470373	0.5227555388276209	0.5227555388276206	0.02261313736780096	0.04810298038184516	0.1853391916413087	0.08628311235780868	-1.095509482378659	-0.3442875439349293	-0.5011268440465586	3.099091184031374	0.1257085285689672	0.3104963318696717	-0.3326497544344267	2.512211629666489	2.512211629666489	-0.5187335587189599	-0.04960008357979766	0.6159157547031731	0.3465263624561649	0.03987244859916815	0.003504173911581967	0.02234828443173921	-0.4092842021773981	0.2520407914064494	-0.05417146436538628	0.03587449657376619	-37.14506043283626	37.28842570889444	-24.01258448790606	12.30088412707552	-12.88523593327199	-636.1097145257985	25.02020694881507	-3.865710134751954	0.3875640881804106	-1.086175857077643	0.3845978259961935	-1.55832715347852	-4.573577913929219	4.888936379282172	-6.690595318842674	-6.690595318842584	2.916094191855616	3.568952155669622	-3.99928112355588	-2.767218435383394	-7.979758401379817e-07	-4.710189091845248e-07	1.056836126673205e-05	-2.427578274694086e-06	-1.009165369111883e-06	4.90831444027002e-08	5.370578504878091e-06
0.18	-0.07580302463148371	0.03665926614685352	0.8870742132783674	0.6107954216887539	-0.1863877364369728	-0.06344434841475383	-0.1707476424120808	0.5475461330977404	0.5475461330977406	0.01755647862547348	0.04777315806393428	0.1913033545348223	0.08961888798816957	-1.132034628903959	-0.340185969302765	-0.5113114379769498	3.101080166893052	0.1119814382553306	0.2670703227124658	-0.284462393475295	2.446225765137957	2.446225765137957	-0.4939252775326489	-0.01695110260304469	0.5774102908771295	0.3212359688217748	0.02684412238332198	0.008417152576740418	0.0231909239130008	-0.4100709580482796	0.2453759695066047	-0.05237126067311541	0.0462388044715555	-36.26716860237563	34.9003957320799	-23.75328721653663	12.37879351723809	-12.60872090341946	-641.7005489346948	25.11145950622542	-3.453949325236197	0.4316646825299918	-0.9514681990245439	0.02841979623830074	-1.146226357642246	-4.029501356375945	4.761997999428503	-6.510521196315324	-6.510521196315324	2.004700579657203	2.833925589045266	-3.700185384455291	-2.238289794843636	-5.861075245405118e-07	-3.144776185274728e-07	7.866220932169365e-06	-2.250577073167648e-06	-7.662474144944164e-07	-6.678560794491862e-08	4.272338931403928e-06
0.19	-0.08728803403264279	0.03327967923251984	0.8819154857741747	0.6418002062291521	-0.1853269177670244	-0.06097030714480042	-0.1733582398575048	0.5716863384439861	0.5716863384439854	0.0127180421663495	0.04774536251155629	0.1968961588078637	0.09271729483619719	-1.1642932911752	-0.3356698899688453	-0.5202430689656381	3.09926581267014	0.1003268267000017	0.228683505217975	-0.2379417923397878	2.382132643949181	2.382132643949181	-0.4740383790483931	0.01062890493155909	0.5415316332006263	0.2986382392406421	0.01435838543222435	0.01198717434121229	0.02389623844467714	-0.4104827007898517	0.239071895365586	-0.05100383276091548	0.05588273708167677	-35.31510327277459	32.67208438929054	-23.64075116380418	12.46500583833016	-12.26197292234019	-646.1119687554075	24.86562370671394	-3.010785864828303	0.4706636818730243	-0.8353790349407575	-0.378049785139791	-1.152974149161543	-3.602264858179165	4.554386661121396	-6.31099708713783	-6.310997087137776	1.940244389807431	2.605139139918832	-3.474790493335043	-2.240689087903885	-4.407070253134901e-07	-2.069868954552576e-07	6.05655839971848e-06	-1.984826928170326e-06	-6.040705708598869e-07	-1.168487415729041e-07	3.43225366125704e-06
0.2	-0.0990754222938741	0.02994706993613539	0.8766731682628647	0.6727685098765993	-0.1843782243315647	-0.05885193263223095	-0.1755121721934731	0.5951951546769474	0.5951951546769474	0.008070386673465784	0.04797038719538383	0.2021415595973231	0.0955956894787825	-1.192510400916822	-0.3307904457129202	-0.528029439400404	3.093783988303882	0.08955639135734325	0.1959369712357398	-0.193129371583888	2.31994794248124	2.319947942481239	-0.4557690842842319	0.03361294463619839	0.5079295941606342	0.2772335277332776	0.001872648481123827	0.01555719610567646	0.02460155297641231	-0.4108944435314305	0.232767821224562	-0.0496364048487297	0.06552666969179825	-34.30388349724052	30.41241322674551	-23.49663263972719	12.50382056143379	-11.77875305060467	-651.029522785409	24.90125371900149	-2.645638819312238	0.5043376669310622	-0.7224160882400573	-0.7050742324308481	-0.9693911151081318	-2.901444653924839	4.420361923507102	-6.128837252148499	-6.128837252148499	1.681179835638253	1.914732023052392	-3.244861657153116	-1.999686180089981	-3.100771519465679e-07	-1.103962985130063e-07	4.445224267736885e-06	-1.69935479573503e-06	-4.59836196332677e-07	-1.522884043743042e-07	2.649536014071772e-06
0.21	-0.1111250121814913	0.02666503634842164	0.8713585023033911	0.7036637588872363	-0.1835339176332022	-0.05702844387738101	-0.1772265757302141	0.6180919590118823	0.618091959011884	0.003603333076398018	0.04839934487906483	0.2070620117239107	0.09826465595851903	-1.21674834190355	-0.3255567725764215	-0.5347347192994277	3.084654558159542	0.0792558928977278	0.1699411886428021	-0.1500456472361721	2.259768602853881	2.259768602853881	-0.4372199987145405	0.05142976062781987	0.4765023746182785	0.2565120257772619	-0.01063402582671794	0.01822209361005136	0.02522833771359281	-0.4104921640222965	0.2263888849061059	-0.04855009695226934	0.07497049819911956	-33.24649740824296	28.17251992101817	-23.45147752587127	12.53596652477368	-11.32930240643023	-655.0435013029752	24.69057842380453	-2.214007036937089	0.5417208853461174	-0.6192608511024996	-1.108583769709871	-1.067592617138145	-2.272111641338021	4.208230969655268	-5.909073828298598	-5.909073828298531	2.005559880602984	1.602522356121729	-3.040538139110465	-2.11509134170039	-2.029286883109437e-07	-1.458674825105604e-08	3.493496042103438e-06	-1.056055004919737e-06	-4.021453019367291e-07	-1.014655583495081e-07	2.047030010469211e-06
0.22	-0.1233972085387015	0.02343710724174024	0.8659818481628531	0.7344493723235699	-0.1827940586005933	-0.055429606264327	-0.1785189713676286	0.6403976516484935	0.6403976516484936	-0.0006654722723848971	0.04898394391643262	0.2116784144478056	0.1007250655910271	-1.237031694833611	-0.3199695495064493	-0.5404270756132911	3.071856873444236	0.06866685820811676	0.1510067428754713	-0.1087277917183905	2.20172560281576	2.20172560281576	-0.4161194346261153	0.06474121537563002	0.4471197136225763	0.2355221582875265	-0.02314070013454919	0.02088699111444099	0.02585512245066601	-0.410089884513163	0.2200099485876533	-0.04746378905577851	0.08441432670644844	-32.15428429016288	25.90614839274678	-23.38697402121015	12.53761783651765	-10.76473630730629	-659.4908728170079	24.68468604757335	-1.854721207978588	0.5750476536257199	-0.5198313712079931	-1.438725146623999	-1.027098361107241	-1.489177288803505	4.067188157520301	-5.701569334301015	-5.701569334301015	2.191475539384978	1.013659774290145	-2.835949947822423	-2.053359286833901	-1.017248853667876e-07	8.102506867410894e-08	2.708756653520155e-06	-3.221659335019164e-07	-3.663641493461638e-07	-2.880410249529563e-08	1.490147207773666e-06
0.23	-0.1358529030196164	0.0202666234718681	0.8605531737577343	0.7650892005714389	-0.1821617153938317	-0.05398337801942811	-0.179407673501857	0.662133688021355	0.6621336880213516	-0.004707614129518024	0.04967868896989298	0.2160107435509737	0.1029739239753561	-1.25347340164238	-0.314084508079954	-0.5451540361398689	3.05552065490831	0.05762375679332173	0.1395681497613667	-0.06938638766308128	2.145840184837823	2.145840184837823	-0.39136926136763	0.07355373255185976	0.4196233710429426	0.2140236089662867	-0.03486108533154738	0.02289096902671762	0.02640914234603604	-0.4098209625492206	0.21429959215853	-0.04657740838553416	0.09298603017145256	-31.03682946213139	23.88222138043199	-23.37887090305052	12.56200505190721	-10.20134474516188	-663.2413006388483	24.53522427214281	-1.443822542819571	0.6015651627543499	-0.4260655342294923	-1.819281406743398	-1.169423693227426	-0.7720254102891211	3.811553649187352	-5.478235220145063	-5.478235220145006	2.758108017095176	0.7169106353081858	-2.664948440138071	-2.231611909944253	-3.515187586453259e-08	1.543929603850392e-07	2.272462753837025e-06	-8.552371865579023e-08	-3.316506720550048e-07	-5.354989700906985e-08	1.249247673537016e-06
0.24	-0.1484539999937245	0.0171562566713795	0.8550818423191799	0.7955480243940106	-0.1816451047335304	-0.05261170072318534	-0.1799141741716034	0.6833216287763121	0.6833216287763118	-0.008473990294460117	0.05044193178433725	0.2200764148229258	0.105001095035438	-1.266112193470865	-0.3079461556297398	-0.5489584823003902	3.035655988385728	0.0455203489160604	0.13609655314425	-0.03228749882171944	2.092106479235687	2.092106479235687	-0.3609662961885493	0.07844076756883948	0.3937881473791401	0.1911846934380372	-0.04658147052855098	0.02489494693898281	0.02696316224154735	-0.409552040585283	0.2085892357293997	-0.04569102771531343	0.1015577336364551	-29.90233923702471	21.8362756528124	-23.36353707028832	12.57256682863296	-9.537617764008054	-667.3634435040259	24.49469110686647	-1.094138211921903	0.6257098583694573	-0.3353284979966558	-2.14441474395516	-1.239159653600479	0.1042220105940493	3.61868511473089	-5.271226859140492	-5.271226859140492	3.32203392350399	0.2285633424401602	-2.503726164656179	-2.321432528235842	2.152662122575079e-08	2.214054448919027e-07	1.935724708125366e-06	9.047965741281408e-09	-2.972422448493903e-07	-1.06126334485126e-07	1.098629073145764e-06
0.25	-0.1611625175218629	0.01410856485433412	0.8495769705119377	0.8257905852706564	-0.1812550758731293	-0.05123391673259825	-0.1800609895330939	0.7039832823573053	0.7039832823573191	-0.01190546580624796	0.05123493993763286	0.2238919940664805	0.1067928663658004	-1.274951620841392	-0.3015451925342971	-0.5518746336351905	3.012265348116241	0.03225673356059895	0.14084731886765	0.002535509898072241	2.040620714873699	2.040620714873699	-0.3241039056301593	0.07963409284027274	0.3696049806651598	0.1668825431938748	-0.05826668214406822	0.02654199182776792	0.0274373265406565	-0.4087273098378823	0.202916034126876	-0.0448951469610624	0.1099464873770342	-28.75813080645377	19.84119276505592	-23.37176514732525	12.57908460604135	-8.979145614486169	-670.8958229646013	24.34915488633557	-0.6828603870789375	0.6542840416947323	-0.2485953987376615	-2.524982457329504	-1.404118656440069	0.8684265383274077	3.355771256774153	-5.027786591658126	-5.027786591658078	4.052346518778979	-0.01428910076605761	-2.334035692969575	-2.527370669229042	9.8006165206023e-08	3.53335289260138e-07	2.243529799865728e-06	8.270284542191868e-07	-3.838135873228472e-07	-5.414640995815974e-08	1.148466922063366e-06
0.26	-0.1739402324012089	0.01112628156955574	0.844047169801844	0.8557815209868244	-0.1810045144022814	-0.04976704054774093	-0.1798712423061533	0.7241419712213116	0.7241419712213109	-0.01493151643313174	0.0520240800995384	0.2274740568892504	0.1083330633143768	-1.279951663710336	-0.294864449176338	-0.5539442628706996	2.985330956291392	0.01762687100828936	0.1539149919956329	0.0350250188647051	1.991513535834505	1.991513535834505	-0.2798813192008762	0.07766716930127189	0.347084863223155	0.1408698170808101	-0.06995189375956819	0.02818903671658661	0.02791149083924046	-0.4079025790904879	0.1972428325243647	-0.04409926620673888	0.1183352411176232	-27.61736547803647	17.83289730057134	-23.37338798947048	12.57435481705181	-8.356440186251159	-674.6889207016238	24.27897866699997	-0.3262613116050619	0.6816659108727477	-0.166024078138451	-2.853165055027582	-1.512409092970134	1.767603491510624	3.151985164099179	-4.795509794581743	-4.795509794581743	4.794073097682555	-0.4034864196466459	-2.171116310261094	-2.663547702016289	1.808220441910917e-07	5.060386887840125e-07	2.757588695590738e-06	1.876499760002961e-06	-5.090984560936073e-07	3.129155040977385e-08	1.262450834759801e-06
0.27	-0.1867498472908995	0.008211893095095936	0.8385007495689673	0.8854866991510252	-0.1809065883137749	-0.04813034281263444	-0.179368788269961	0.7438209279373953	0.7438209279373887	-0.01747951744832995	0.05278028516092097	0.2308384752294481	0.1096050364690179	-1.281407885248561	-0.2879943096346433	-0.5552093125779753	2.95519322463279	0.001700010784952319	0.1748842290281273	0.06499159244108636	1.944604850510501	1.944604850510501	-0.2282575538178168	0.07314240568275569	0.3259853165434413	0.1131707927788386	-0.08010009785779899	0.02950250741777523	0.02827567746958033	-0.4082066205977116	0.1929197107050983	-0.04343348276935914	0.125282952374786	-26.48255092402166	16.26581829846952	-23.38578185294094	12.60735485989714	-7.697695311275622	-678.0750141068874	24.18945543909168	0.02928002416966896	0.6924199876443974	-0.08716400207846045	-3.170719757930635	-1.671040069230414	2.480591813594995	2.847864064499667	-4.58953194622099	-4.589531946220941	5.566221178444745	-0.5412702934432271	-2.051430280074763	-2.875480469545705	1.578461147119043e-07	4.624177960959074e-07	2.333222887170966e-06	1.54866577683118e-06	-4.518336313722176e-07	5.322541274302645e-08	1.022271533074232e-06
0.28	-0.1995571078761572	0.005366752418418382	0.8329455951220063	0.914875171491306	-0.1809755739439439	-0.0462401511063088	-0.1785808943759876	0.7630406009912529	0.7630406009912523	-0.01946734222573728	0.05347838279403054	0.2339974868161996	0.1105895392455877	-1.27948080282273	-0.2810148896198875	-0.5556911056875588	2.921989791508028	-0.01575547272697902	0.204613786239665	0.09211299042115711	1.899656803390046	1.899656803390045	-0.167846071641672	0.06604568364467311	0.3060035125337977	0.08337574146654163	-0.09024830195603277	0.03081597811895639	0.02863986410001105	-0.4085106621049344	0.1885965888858274	-0.04276769933199502	0.1322306636319479	-25.35291366454335	14.68759447615709	-23.39141348193107	12.62932073932764	-6.981818063890852	-681.7111029250651	24.10995001252061	0.3503994812061351	0.703522005484968	-0.009372758600030206	-3.466305348259466	-1.818133750688979	3.519667527319264	2.582950044837115	-4.403382153872122	-4.403382153872122	6.551616456299565	-0.917878103559902	-1.94756777624706	-3.08275310408135	9.719091098517333e-08	3.488731828939459e-07	1.574623622480446e-06	7.302847044423496e-07	-3.295511075988289e-07	5.254137714611847e-08	6.559519084580846e-07
0.29	-0.2123282343599403	0.002592273740346244	0.8273893591176401	0.9439165648650087	-0.1812251088466006	-0.04401151949971035	-0.1775345747213026	0.7818213271137117	0.7818213271137121	-0.02081100329070294	0.05409388860228544	0.2369633215869542	0.1112682090804196	-1.27415561967877	-0.2738291078891051	-0.5554416189165472	2.885776183457977	-0.03419945493541234	0.2419644205583271	0.1167884052842573	1.856873670054899	1.856873670054899	-0.1001294467454209	0.05692873744513383	0.287469708018928	0.05233901088414728	-0.1014742359980971	0.03241524450350639	0.02872299411707235	-0.4071152230690301	0.183287664022866	-0.0420255362731297	0.1400341965396597	-24.22817574742743	12.8588296389826	-23.36236331079925	12.59392733343661	-6.526326850735756	-684.7872994143576	23.96797728387738	0.7119468502927226	0.7338079794673724	0.05929130488379829	-3.775751402791186	-1.864532951601211	3.970480782856972	2.355456922287948	-4.158007587429807	-4.158007587429768	6.995416886398438	-0.9275209439078534	-1.760342175997427	-3.11674843347679	4.520653325230862e-08	2.401348623237842e-07	8.106867102113011e-07	-8.615030699107022e-08	-2.041420123541358e-07	4.166346042408259e-08	3.478408698069043e-07
0.3	-0.2250284351884287	-0.000108806775899595	0.8218390543629702	0.972580449584325	-0.1816604840704779	-0.0413838376701817	-0.1762523769749393	0.8001857761700016	0.800185776170001	-0.02145475183068307	0.0546144413353905	0.2397530072351817	0.1116359885297959	-1.265295671762721	-0.2663352572546279	-0.5545048557482987	2.846488060631397	-0.05292353697107399	0.2844238308256804	0.1392886087570227	1.816401390155999	1.816401390155999	-0.02786356664474936	0.04705506861531769	0.2707736880284384	0.02119766437542047	-0.1127001700401609	0.03401451088805738	0.02880612413411111	-0.4057197840331301	0.1779787391599034	-0.04128337321426282	0.1478377294473725	-23.108569335021	11.02188248422573	-23.32557177287557	12.5468186577881	-6.039723764019814	-688.0892093050165	23.86664823418807	1.057352435624092	0.7651357862239732	0.1280825208473503	-4.081208303565197	-1.874153716134638	4.541422717057486	2.1479077667702	-3.941211466622829	-3.941211466622829	7.461467497183584	-1.069222629615256	-1.580010871371038	-3.103676289347818	-3.358363806918489e-09	1.33291981101375e-07	4.464481016467537e-08	-9.018178577660139e-07	-7.749990300808389e-08	2.676542156819362e-08	6.268532984613486e-08
0.31	-0.2376241873085917	-0.002733966895441624	0.8163014144745507	1.000837879831436	-0.1822849494279749	-0.03830148507561418	-0.1747570031242328	0.8181553021894994	0.8181553021894984	-0.02134860894999462	0.05503002880841632	0.2423830942401919	0.1116906228018609	-1.253422080066771	-0.2586998020325626	-0.5529170038980112	2.804631905646165	-0.07204003191949247	0.3330292371260049	0.1593021911854782	1.777690648518097	1.777690648518096	0.05006299198505628	0.0359258450606179	0.2553738624425614	-0.01037521744163104	-0.1210881878478896	0.03516749438248386	0.02898827797112747	-0.4068891185136682	0.1751932679237129	-0.04082966216540412	0.153157073411215	-21.99475421846366	9.970712735465758	-23.34938363573049	12.59265900274923	-5.404915746728175	-691.0894313242608	23.76775691697114	1.317273830105948	0.7622872586996237	0.1900586729129524	-4.292720278979807	-1.941156892645815	5.167340828059324	1.855487951030257	-3.807976681062082	-3.807976681062053	8.10382414786611	-1.155486829923293	-1.500399861703161	-3.199926178005154	-1.954795710656013e-07	-1.945926618729737e-07	-5.41382084448043e-07	-1.522796729909308e-06	2.172025804910411e-08	2.005967623618959e-07	-5.237259984674787e-07
0.32	-0.2500882212530942	-0.005282865089062675	0.8107828375357925	1.028665768292097	-0.1831027316366446	-0.03470363016973692	-0.1730760125552132	0.8357433265588808	0.8357433265588802	-0.02043408566261011	0.05533018112358887	0.2448630966974417	0.111426361845731	-1.238952036629788	-0.2510828720704325	-0.5506922658160186	2.760579703341828	-0.09158690720592674	0.3875242930879057	0.1764119524198212	1.740101060132669	1.740101060132669	0.1338125146943442	0.02396803704487926	0.2407567784764	-0.04258138126353671	-0.1294762056556182	0.03632047787691049	0.02917043180814156	-0.4080584529942091	0.1724077966875208	-0.04037595111654622	0.1584764173750584	-20.8880548591259	8.913471033271925	-23.36448361766979	12.62594027013065	-4.763276348248141	-694.2986522709031	23.73384207098467	1.576642783830786	0.7614307342369534	0.2554597671883884	-4.520417767386467	-1.960229783737794	5.719352649372706	1.567143527947714	-3.71698081612791	-3.71698081612791	8.626060313079988	-1.234939521823009	-1.423462547427851	-3.230332690318624	-4.500165653675262e-07	-6.185824186525138e-07	-1.049141585393843e-06	-2.059128350473621e-06	1.090178328937422e-07	4.564843551771603e-07	-1.241118104325807e-06
0.33	-0.2623940880009596	-0.007754981117022376	0.8052894746468469	1.056042018097	-0.1841138034886463	-0.03054315856604468	-0.171235510361281	0.8529622217709067	0.8529622217709062	-0.01866885058863882	0.05551012834412989	0.2472034377360099	0.1108437994413477	-1.221709342881538	-0.2432724472593632	-0.5478967288518717	2.714267038905291	-0.1102463386419817	0.4441022584649373	0.1914660525205191	1.70400259248401	1.70400259248401	0.2183377783051738	0.01231718374528048	0.2277190834507725	-0.07330169919535315	-0.1406709747836133	0.03820699442009932	0.02907982500617791	-0.4057196913185086	0.1670174074984868	-0.03977757303904564	0.1662095143606113	-19.79014630726319	7.111521686552156	-23.35591644905332	12.55124301498416	-4.519282760716087	-696.9411683478868	23.57965301637337	1.874729419251854	0.8010587409419206	0.3042459682923924	-4.747313073743848	-1.761935827858815	5.556604288168478	1.441178174171714	-3.507481749150675	-3.507481749150638	8.231098585075355	-1.086250134642939	-1.182848615192346	-2.89891403335255	-5.67453527492942e-07	-8.014592230975736e-07	-1.042459430762579e-06	-2.080163180554499e-06	1.091103753105739e-07	6.034389607554552e-07	-1.483354534427189e-06
0.34	-0.2745121984615602	-0.01014695081959144	0.7998265961889954	1.082943016799144	-0.1853000968558703	-0.02583099014732412	-0.1692511401817344	0.8698298919044635	0.8698298919044631	-0.01608529503855939	0.05558234865154937	0.2494256166973091	0.1099728273198983	-1.201400779176085	-0.2350536069923044	-0.5445953795971696	2.665529482790496	-0.1266312102508179	0.4978636560939741	0.2051855495428584	1.669856044438718	1.669856044438718	0.2974766099156398	0.00242265442109601	0.2171243630226598	-0.1002633246767463	-0.1518657439116078	0.04009351096328942	0.02898921820419871	-0.4033809296428105	0.1616270183094516	-0.03917919496154391	0.1739426113461653	-18.70292282368526	5.304637804410259	-23.3403315079738	12.46642355626255	-4.289032208462865	-699.7752097490987	23.50114514735837	2.18981677527128	0.843113825434871	0.3566222252994265	-5.005396103037704	-1.505317818294067	5.156039099773714	1.300222912276009	-3.326596895454641	-3.326596895454641	7.548773913007244	-0.8836747267401305	-0.934867627924833	-2.478594200233936	-6.194098772355468e-07	-8.691776025470598e-07	-7.900737988407748e-07	-1.855086110702987e-06	6.75527529857663e-08	6.983658709369881e-07	-1.498650940286446e-06
0.35	-0.2864135911588561	-0.0124550737568564	0.7943990653342768	1.109346581584926	-0.1866347243501568	-0.02061266006947419	-0.1671361333296783	0.8863646654264106	0.8863646654264107	-0.01275747951350934	0.05557000767549601	0.2515538946121016	0.1088569367421878	-1.178508741744458	-0.2265394358910922	-0.5408428701304689	2.61495344328789	-0.1395306873251975	0.5436393674973105	0.2175788750006523	1.637346745997064	1.637346745997064	0.3651947182968872	-0.004125886175540928	0.2089282849222213	-0.1217338167253564	-0.1612257435229281	0.04226670568043332	0.02878689876226167	-0.4023903665533654	0.1576694217860601	-0.03878513280458264	0.180102114677949	-17.62952364311739	3.957822223240152	-23.37270801317219	12.43468790397662	-4.003584792715574	-702.1936771162342	23.4548039548814	2.394070225229581	0.860311094036975	0.3948996831557625	-5.118378277959884	-1.067897903407089	3.963641142959908	1.173345482322383	-3.175755960739393	-3.175755960739367	5.949518625956066	-0.4260713855147944	-0.7025467562346897	-1.804434760612835	-5.410807284532923e-07	-7.503044230201788e-07	-6.552671244205988e-07	-1.655361660520548e-06	6.455642929271704e-08	6.090032189033877e-07	-1.307219066242305e-06
0.36	-0.2980750288822149	-0.01467710651479479	0.7890111264493851	1.135237451894863	-0.1880754736654637	-0.01500151208112451	-0.1649043015990868	0.9025818140354979	0.9025818140354975	-0.008839245039587442	0.05551505576159768	0.2536120979748634	0.1075617096333035	-1.153409784387976	-0.2178355711269895	-0.5366769856317767	2.562990587621771	-0.1478555744554673	0.5764272381945007	0.2285505252501042	1.606331061866668	1.606331061866668	0.4155603996890379	-0.006099533147751426	0.2031094526165301	-0.1361306309114987	-0.1705857431342464	0.04443990039757848	0.02858457932033252	-0.401399803463923	0.153711825262668	-0.03839107064762129	0.1862616180097344	-16.57377445500329	2.605838012750896	-23.40063816024093	12.39613693756794	-3.752042447274178	-704.7886906551894	23.46523961089591	2.631200760242161	0.8810525580129867	0.4392972316977531	-5.28275933574037	-0.5903998294721091	2.558470958544438	1.015887870607613	-3.027874033202981	-3.027874033202981	4.078288515187895	0.03130399814517822	-0.4594184689753427	-1.063858627740361	-3.946022419811112e-07	-5.338295049518133e-07	-5.81963289308965e-07	-1.468898580626545e-06	8.173063103781812e-08	4.23242949711102e-07	-1.00765239963331e-06
0.37	-0.3094735927969529	-0.0168104041195816	0.7836666555572438	1.160600889242165	-0.1895784989823028	-0.009125083905431141	-0.1625672870251021	0.9184986982480431	0.9184986982480368	-0.004500920944998722	0.0554614033034347	0.2556256036385336	0.1061560477967972	-1.12581741077311	-0.2087157151797104	-0.5321731769154128	2.509351412292861	-0.1521965540116998	0.5969790936344072	0.2388390757561791	1.577555486197733	1.577555486197733	0.4496212590955296	-0.004024177571479174	0.2001530206588351	-0.1440368001201357	-0.1824763490090228	0.04629641913564855	0.02845899740563186	-0.3973052136270893	0.1474720786184448	-0.03785394431758286	0.1946716365806468	-15.53670251743227	0.6035945779960671	-23.40885974365822	12.27284653242475	-3.877015811518105	-706.8395235338561	23.28130720864238	2.89600845915072	0.9437049058988788	0.4625962124984171	-5.456396054056201	-0.2731845428004651	1.521477527462081	1.033341571947084	-2.725875232811375	-2.725875232811335	2.697456730697906	0.3863767634147386	-0.1296033995378011	-0.5095015048097006	-1.290483649966561e-07	-6.980352494923301e-08	-5.595590350395368e-08	-1.157708802261121e-06	2.03633771885463e-08	1.288567191827464e-07	-4.007332325095677e-07
0.38	-0.3205816824161383	-0.01884925260633299	0.7783685574564446	1.185417554951658	-0.1911083815995228	-0.0030995502371873	-0.1601277863597894	0.9341431315240831	0.9341431315240836	0.0001035061591078218	0.05544664948623171	0.2576263754145509	0.1047002231807277	-1.095314925276557	-0.1989457475199061	-0.5274024273633635	2.453636260060354	-0.1532270345320035	0.6062483367042516	0.2490477435158464	1.551840874565892	1.551840874565892	0.4687810015947436	0.001680195046653079	0.2005626750862917	-0.1461631868241466	-0.194366954883796	0.04815293787372919	0.02833341549076285	-0.3932106237902463	0.141232331974225	-0.03731681798752289	0.2030816551515613	-14.51834688965132	-1.405245750544605	-23.41749326835641	12.14877775579875	-4.05086297454019	-709.0547107950383	23.13222394137851	3.213223136579545	1.011074900518062	0.4926853988348271	-5.697954716459852	0.07169997771362319	0.3019484845319846	0.9999113213260767	-2.415681225784122	-2.415681225784122	1.098065133732282	0.7571074065171942	0.2137988080550364	0.09209787318487782	2.045485922805277e-07	5.356802047300428e-07	7.287392255544185e-07	-7.752466247691689e-07	-8.588470842893898e-08	-2.276014892519356e-07	3.81815934908317e-07
0.39	-0.3313714761919627	-0.02078739629136244	0.7731193316431586	1.209668253094839	-0.1926287346388532	0.002933679711821273	-0.1575860863315489	0.9495457523982861	0.9495457523982782	0.004796811898663545	0.05551946810306974	0.2596482630702454	0.1032570794490213	-1.06226474015583	-0.1885965767318074	-0.5224109296727734	2.396281706448177	-0.149977469597354	0.5958248294510339	0.2593081169964919	1.529231542323822	1.529231542323822	0.4646335293567795	0.01449480181723509	0.2043996586657106	-0.141013054144766	-0.2050987334994175	0.05042806782843329	0.02784171364800231	-0.3897928963693015	0.135613021832575	-0.03691616671657667	0.2105488577868599	-13.51825738879091	-3.219226562394985	-23.47531133018289	12.05999305303197	-4.129095331544516	-711.0078248655871	22.96854712486839	3.407929544829156	1.059774747806941	0.5070799125472928	-5.787311461543115	0.5814517733709365	-2.400616103681152	1.041478591002773	-2.101389434935028	-2.101389434935017	-1.958000915754263	1.785198083941102	0.55650124027902	0.9444143305330748	4.376149629862201e-07	9.146261285060028e-07	1.431365534293611e-06	1.737941691411647e-07	-2.309978997727773e-07	-3.684930135721774e-07	1.050316848494048e-06
0.4	-0.341819365447578	-0.0226194609525407	0.7679209603984537	1.23333878454631	-0.1940906186244188	0.008725451433584998	-0.154941306922589	0.9647387139077547	0.9647387139077559	0.009291273413185312	0.05576874494199819	0.2617260911832192	0.1019090257171524	-1.026934021234689	-0.1777299427496681	-0.5172315136471541	2.337602921718148	-0.1415332237814821	0.5579566912605071	0.2696636196599028	1.50990900162109	1.50990900162109	0.4290121565910865	0.03697183945230625	0.2117507665408782	-0.1271451868566516	-0.2158305121150479	0.05270319778309032	0.02735001180599561	-0.386375168948365	0.1299937116909058	-0.03651551544573525	0.218016060422155	-12.53572893209148	-5.040287207580424	-23.53408975683853	11.97105270223753	-4.278131166184887	-713.1036342341821	22.83218400098176	3.669329896662402	1.11456753932622	0.5302690658406095	-5.962800940029922	1.110636153958151	-5.186977702929876	1.018937157879117	-1.758322917916485	-1.758322917916485	-5.196714971813561	2.689593579415054	0.9166236672048516	1.835644794931656	6.080557223850826e-07	1.152450140407768e-06	2.082867004145446e-06	1.475785576558026e-06	-4.003221405854909e-07	-3.750970953293275e-07	1.647771308872863e-06
0.41	-0.3519050195761627	-0.02434138074932257	0.7627754331528342	1.2564174406657	-0.1954488355958942	0.01402104805655923	-0.1521955775675496	0.9797519796567424	0.9797519796567443	0.0132971604927153	0.05628318074567049	0.26389024265586	0.1007323325962191	-0.990046852684099	-0.1666754213058234	-0.5118252933831434	2.278030683300649	-0.1299507803798682	0.4991511373755383	0.2791710789866507	1.492930793046795	1.492930793046795	0.3700100672173148	0.06652993156115704	0.221176979316875	-0.1078924606860461	-0.2207267673673185	0.05340267607010994	0.02731179071056775	-0.3888424241094435	0.1294032560430739	-0.03652598671404687	0.2205604083358109	-11.56982344111284	-5.343314081706665	-23.65237094567492	12.05921493410873	-3.919540070355411	-715.1900560043367	22.80215785311907	3.721119410059569	1.097589994949418	0.553019267627624	-5.968865879867496	1.206338229783495	-6.529038749715028	0.8699744657952825	-1.639708480676831	-1.639708480676819	-6.574907212018169	3.181524051392982	0.9703694429340001	2.015814305345226	4.253297509489637e-07	7.793997368646123e-07	2.047091873952982e-06	2.12439461937697e-06	-4.514208411887891e-07	-7.110011167126448e-08	1.495368798012822e-06
0.42	-0.3616172602040864	-0.02595341622205892	0.7576854122620441	1.27889748828346	-0.1966863701740524	0.01866825023700381	-0.1493641087900989	0.9946010355892909	0.9946010355892915	0.01664843642015112	0.05711171887536935	0.2661516061282863	0.09975731229243594	-0.9522513211014083	-0.155753077940563	-0.5061302426813045	2.217881221392849	-0.1173967451174395	0.428277802753189	0.2868115041423112	1.477067038332863	1.477067038332863	0.2980899261691771	0.09979230466092269	0.2311931664983483	-0.0868106234266325	-0.2256230226195852	0.05410215435714345	0.02727356961498389	-0.3913096792705198	0.1288128003952465	-0.03653645798233239	0.223104756249469	-10.61957455306644	-5.654256833047175	-23.76526145361815	12.13877968143297	-3.635939064044784	-717.4113078990064	22.77971464514642	3.851002503082534	1.088131923609411	0.5880351534062734	-6.078245638089964	1.304954526121104	-7.600533850406018	0.6455303236616367	-1.535432145844158	-1.535432145844158	-7.780325306686789	3.430449777598032	1.034618548300195	2.201467012693281	3.168707760320612e-09	-7.802812742886633e-09	1.545366506442358e-06	2.330032567553263e-06	-4.223666331755358e-07	4.434738654886322e-07	8.345886795332271e-07
0.43	-0.3709459946630436	-0.02745619107427125	0.7526535699138054	1.300771645673445	-0.1978032525454813	0.02258592587521117	-0.1464635023555371	1.009297619072763	1.009297619072763	0.0192627225290904	0.05827916161574415	0.268515427277101	0.09898823565942443	-0.913216480158534	-0.1447519929733593	-0.5002124379689881	2.15668842900643	-0.1068027209002582	0.3573502989045436	0.2931777057452868	1.462475166901829	1.462475166901829	0.2275462196307987	0.1332537383823532	0.2416037625421182	-0.06813320753246854	-0.2325067430353012	0.05316549708488531	0.02770365109634381	-0.391132040196806	0.1259029095836719	-0.03624688197638729	0.2274797887679955	-9.683803696313122	-6.635827242896987	-23.78843649100876	12.11628626283689	-3.420429603709036	-719.0528028537667	22.61239231914323	3.971485513645839	1.113499704551187	0.5976538353451428	-6.179156487422373	0.813655952214953	-6.524766773038385	0.6123535248116467	-1.387203174602546	-1.387203174602542	-6.274330649619663	3.238117787513419	1.049016324135605	1.532113644923661	-1.268052466309268e-07	-2.560773328557128e-07	1.348693321208094e-06	2.286819415742174e-06	-3.863856086818189e-07	5.639839450883432e-07	6.020917679837708e-07
0.44	-0.3798760285878248	-0.02884747449255657	0.7476817057537301	1.322026003049863	-0.1988387887581984	0.02585714485074283	-0.1435031962157068	1.023855056135352	1.02385505613535	0.0212549841082055	0.05976804421695318	0.2709843016246973	0.09837218013878377	-0.8725112142654099	-0.1334547911551602	-0.4941346050486549	2.093921218679828	-0.1011275133751462	0.2989864702181178	0.2987514451961136	1.449237754156012	1.449237754156012	0.1736850202041713	0.1640802768276968	0.2522038062546973	-0.05620640095247737	-0.2393904634510186	0.05222883981262887	0.02813373257771252	-0.3909544011230947	0.122993018772096	-0.03595730597044224	0.2318548212865223	-8.763902309193295	-7.623626155365786	-23.80511010521408	12.0840822569278	-3.285358273852693	-720.8188804747984	22.43193359925379	4.185087493132436	1.147355293808542	0.6200407950095911	-6.393129226126921	0.3211911877072435	-5.087798817962089	0.4870378932318379	-1.264540408800802	-1.264540408800802	-4.443823884336602	2.903470722380661	1.07250808206211	0.8513451498587435	-4.148345138198427e-08	-1.072469891303518e-07	1.376795428177467e-06	2.060242295519327e-06	-3.453006141498659e-07	3.941311528015968e-07	6.8517195627758e-07
0.45	-0.3883919388720461	-0.03012493730128334	0.7427714677538424	1.342646052406214	-0.1998412904139842	0.0285971464642995	-0.1404927970558625	1.038284522871028	1.03828452287102	0.02278365544775503	0.06155959189289324	0.2735584460554154	0.09784223253307139	-0.8305020074492541	-0.1220491529447667	-0.4878793109654784	2.029931740814328	-0.1000861147366029	0.2499546081798299	0.3030094780193929	1.436678570494558	1.436678570494558	0.1338248958813996	0.1945353871003875	0.2625046343860526	-0.05081675674590016	-0.2430083261577112	0.05129151976681996	0.02820784007067462	-0.3934432122433555	0.1222733445035418	-0.03588418860531541	0.2334786721431619	-7.890136412244416	-7.936893251440215	-23.85180812665945	12.11848652521736	-2.81347055741455	-722.2116673219473	22.31859384402739	4.234131909859228	1.135395323469281	0.6333900376750099	-6.42541557158602	-0.1109827105289308	-4.66969007150954	0.3473496637757943	-1.248160004766555	-1.248160004766543	-3.490538705349253	3.162860526683966	0.9907055398814198	0.2281852958835791	-1.166937162271553e-08	-5.237512920842349e-08	1.263549313979623e-06	1.723184354001823e-06	-2.869665316580122e-07	2.829021156139272e-07	6.612827417082806e-07
0.46	-0.3964826981613095	-0.03128869828014339	0.7379248059593272	1.362621495282942	-0.2008546974658768	0.03087506742252574	-0.1374493848304059	1.052589087238094	1.05258908723809	0.02396703914426147	0.06366495654095117	0.2762319658396882	0.0973352636173901	-0.7874810152730061	-0.1107144251818167	-0.4814193639741775	1.964999922755845	-0.1033085925963353	0.2065703391516498	0.3053540583186719	1.424257280435148	1.424257280435147	0.1046274915945584	0.2268436712519052	0.2720788769657757	-0.0516106629462691	-0.2466261888644017	0.05035419972101753	0.02828194756359615	-0.3959320233636143	0.1215536702349899	-0.03581107124017839	0.2351025229998026	-7.070377185889447	-8.249839334930728	-23.88443627667713	12.13464058011784	-2.45444850866751	-723.6909479789463	22.20865741775884	4.387444565150847	1.133173204319904	0.6609713766344698	-6.581597264723772	-0.5315841119479071	-3.958280215940525	0.1043473884317442	-1.236961688392077	-1.236961688392077	-2.311279877150493	3.274105498146065	0.9271909717357419	-0.3853649315304633	-2.626146425518521e-08	-7.267005632924032e-08	1.037224622848007e-06	1.297741755448593e-06	-2.148331787982383e-07	2.185720825055185e-07	5.518180048484951e-07
0.47	-0.4041388686964593	-0.03233937549294929	0.7331436121051931	1.38194378722846	-0.2019205253167025	0.03275007746194961	-0.1343906459911232	1.06677039266234	1.066770392662332	0.024912194565773	0.06610085779675683	0.2789979354403879	0.0967908034217682	-0.7436378399958068	-0.09942293359861752	-0.4747996754823571	1.899374299476156	-0.1104372557022027	0.1694655472187145	0.306202761012936	1.412066054260525	1.412066054260524	0.08605625080276354	0.2605435330663842	0.2810365364714898	-0.05814467026500375	-0.2501869839419718	0.04957476876324096	0.02823403939848412	-0.3979387921079656	0.1203510013910258	-0.03574792085754378	0.2368193938442288	-6.303570301244386	-8.693235818565681	-23.92055658789216	12.1243059988893	-2.06076066104535	-724.8006068635669	22.04577200214942	4.400016296659611	1.12681343922967	0.6654650272633034	-6.565690224153415	-0.8903169991990566	-3.431474016197544	0.0464894310789986	-1.200858996511658	-1.20085899651166	-1.38200428414346	3.449204489017555	0.8682059746226217	-0.9166309668532564	-3.22957973777767e-08	-7.163177285274527e-08	8.142497526714731e-07	8.624961697721372e-07	-1.493142218047075e-07	1.515783193210247e-07	4.452654030178e-07
0.48	-0.4113531550213091	-0.03327720252914138	0.7284292146243386	1.400607293868267	-0.2030750017164465	0.03428506051520024	-0.1313291485806672	1.080831654641933	1.080831654641929	0.02572124595857308	0.06888001326389373	0.281851112143071	0.09615516068599729	-0.6991041732123934	-0.08814438985905772	-0.4680600893182369	1.833242861613985	-0.1210383023797885	0.1385649419166824	0.3059057725534174	1.400248591505331	1.400248591505331	0.07740668585299372	0.295494513517611	0.2895202973625398	-0.06984717097607097	-0.2537477790195411	0.04879533780546839	0.0281861312333718	-0.3999455608523166	0.1191483325470626	-0.03568477047490484	0.2385362646886554	-5.588227282019125	-9.133158648271785	-23.938830857779	12.09143678816897	-1.791082831364265	-725.9913058138128	21.89840683707798	4.525542866393633	1.130583635592081	0.6849509110944277	-6.682760181220351	-1.226060826291605	-2.717442889759917	-0.1247908423248133	-1.162209004506099	-1.162209004506099	-0.3269447087454804	3.524329225495601	0.8324112488029893	-1.419063609996955	-3.090264111443624e-08	-5.207787263141352e-08	5.941822742672718e-07	4.187423311208008e-07	-8.953606122338724e-08	8.227263946672037e-08	3.412403146085788e-07
0.49	-0.4181193570086714	-0.0341025787599135	0.723782904034073	1.418607398713878	-0.2043519444828822	0.03554903456398679	-0.1282769604616316	1.09477558930225	1.094775589302241	0.02649822647672321	0.07201098732106435	0.2847859372840723	0.09537724186375668	-0.654084872262366	-0.07695966635433936	-0.4611718578198818	1.766731260821056	-0.1348151377417639	0.1157751382380621	0.3042710934402019	1.388507327899371	1.388507327899371	0.07994944051795751	0.3306043590060548	0.2972920528266503	-0.08649997338321173	-0.2554778729383341	0.04806774220869932	0.02815208743464175	-0.4036195141648038	0.1192764080739979	-0.03584141944780354	0.2388164244173701	-4.923050319707424	-9.172243012065456	-24.00870244007647	12.09685971367665	-1.362369725917073	-727.1278447496044	21.73169881853815	4.497818085816879	1.10808308865864	0.6952946404291658	-6.642394048554874	-1.523170636176028	-1.827987227274597	-0.2219201179510333	-1.184730891805934	-1.184730891805926	0.8389584425307101	3.48997154890017	0.7266271148573827	-1.902793140928278	1.311465370579548e-08	6.988158003237144e-08	6.459624957548584e-07	2.092908981876403e-07	-1.14226402788225e-07	4.128621640096079e-08	4.143357228284969e-07
0.5	-0.4244338271112357	-0.03481697447948923	0.7192063828330354	1.435940980747511	-0.2057805907519482	0.03663146295192774	-0.1252489418681548	1.108601182155869	1.108601182155865	0.02735944911922134	0.07549019170077706	0.2877938938636405	0.0944099141004735	-0.6087577962519491	-0.06594828761978122	-0.4541022114725944	1.699938299219096	-0.1513790029047667	0.1022558097449887	0.3010718674417497	1.376580230166813	1.376580230166813	0.09425511071945784	0.3651405780297555	0.3041465850764536	-0.1077289591845786	-0.2572079668571239	0.04734014661195218	0.02811804363564192	-0.4072934674772867	0.1194044836009416	-0.03599806842065863	0.239096584146086	-4.306843673348205	-9.205017627205297	-24.05596417455123	12.0741145122045	-1.068237475103661	-728.3402314059745	21.60158509238832	4.587097878471457	1.095914681560084	0.7212338808808747	-6.739032343026571	-1.783466786497116	-0.8633478526505746	-0.4377002193721723	-1.19937582982572	-1.19937582982572	2.025638398561807	3.409603932547002	0.6489666059416394	-2.334300288842157	9.724878481486648e-08	2.88222729112584e-07	9.535993759641309e-07	2.203593765186479e-07	-2.184165110788595e-07	2.695321148912597e-08	6.541327749346658e-07
0.51	-0.4302983965768061	-0.03542257513576128	0.7147010892688771	1.452610602970029	-0.2073798140403318	0.03760202190018558	-0.1222559611586542	1.122306450039078	1.122306450039068	0.0283885425300955	0.07931147858171041	0.290866600506048	0.09322035031429662	-0.5646104383189727	-0.05524770375653918	-0.4469649124662532	1.634487965506082	-0.1680279828063441	0.09109163113481517	0.2977555237159704	1.3644207540218	1.3644207540218	0.1100776713330355	0.3988226204555185	0.31032872655537	-0.1296284884591448	-0.2576312835221654	0.04794475828455465	0.02767134122155302	-0.4121794830705225	0.1204462917756032	-0.03638794599958973	0.2385740836858811	-3.738664464637258	-8.971437863401745	-24.17043013553356	12.07641747356878	-0.6791795021278473	-729.6221454383468	21.52434104355079	4.26046365601114	1.045697013021306	0.7087201872933058	-6.372698643364704	-1.539890654765683	-1.357698284368224	-0.2439140606523977	-1.232150322764166	-1.232150322764195	1.137831931085969	3.303439805529661	0.5929719257060581	-2.034290526935497	1.668744245486921e-07	4.337771723107166e-07	1.167501146281465e-06	3.165835162318623e-07	-2.787471123810813e-07	-6.600476505474874e-09	8.836137338044431e-07
0.52	-0.4357351106819817	-0.03592345659853804	0.7102669171501388	1.468640788903836	-0.2091323825402721	0.03843798997846107	-0.1192892064087059	1.135888539797647	1.135888539797642	0.02953131495472026	0.08346077296855936	0.293999155364624	0.09182848897933976	-0.5231867241739638	-0.04500444892072052	-0.4398779223885877	1.572051041476039	-0.1820480452190092	0.07533763575792911	0.295826675531335	1.351944605239781	1.351944605239781	0.1169909134798413	0.4307420791988233	0.3161162283078636	-0.1481884689405813	-0.2580546001872196	0.04854936995707912	0.02722463880859824	-0.4170654986637722	0.1214880999502342	-0.03677782357869346	0.23805158322567	-3.21691855086524	-8.731600312264639	-24.26092272436219	12.04876792143603	-0.4214468202865066	-730.983642762402	21.48618407766763	4.04236912087788	1.004448876075462	0.7111720951457209	-6.136350406432356	-1.257683288714598	-1.781311205993099	-0.1602011111434601	-1.262710357226934	-1.262710357226934	0.2437747052074258	3.057087196055382	0.570038660657178	-1.6663905302162	2.216954812465528e-07	5.050594666495832e-07	1.285754845280492e-06	4.997011879677379e-07	-2.943231147155346e-07	-5.976710642126577e-08	1.1025680669228e-06
0.53	-0.4407739912705647	-0.03632444735826366	0.705903231847232	1.484064284374843	-0.2110089413095649	0.03909073247379373	-0.1163321608677808	1.149343529691176	1.149343529691168	0.03069128069596175	0.08791545086817168	0.2971876020778799	0.09027218871188193	-0.4853618098916834	-0.03529829882540052	-0.4328850572465522	1.513456685389624	-0.1925251942174719	0.05423127381887604	0.2961198812327217	1.338918669852411	1.33891866985241	0.1128492454460176	0.4593539277600429	0.3215053501396586	-0.1620708536103662	-0.2573800474088778	0.04955568928924646	0.02669074055847582	-0.4231471471733897	0.1234864166574673	-0.0374079071334923	0.2368511061181624	-2.740141066924375	-8.216283550037426	-24.42304230184834	12.05028673931865	-0.1123274245652861	-732.5152864081025	21.40157430999611	3.536778366729127	0.9379482053665766	0.6894383270579377	-5.599595118653053	-0.8318365395253533	-2.422297504688375	0.204698697519149	-1.342790769469899	-1.342790769469917	-1.06592266730988	2.637447222290191	0.51323543144488	-1.098781642330488	2.134287201465415e-07	4.554354042651019e-07	1.210427967340255e-06	5.733704792699882e-07	-2.708558406134714e-07	-6.669431401150921e-08	1.139974663342457e-06
0.54	-0.445457777559362	-0.03663152659121505	0.7016086941164108	1.498926112903203	-0.2129680927356651	0.03950301158637148	-0.1133560598124941	1.162664209102833	1.162664209102828	0.03174527273496593	0.09263108996060726	0.3004279173068521	0.08860714075633212	-0.4521678642163571	-0.02622214356587339	-0.42604840797148	1.459717652946928	-0.1985665765804731	0.02724495920675322	0.2996377784036935	1.325082508865928	1.325082508865928	0.09579617302688925	0.4829343177666613	0.3264899314516235	-0.1699380065589864	-0.2567054946305337	0.05056200862143058	0.02615684230816564	-0.4292287956830079	0.125484733364707	-0.03803799068826073	0.2356506290106551	-2.30661845607265	-7.697642187662772	-24.56457887026064	12.02567949664654	0.08275243417039409	-734.1294525653198	21.35433025980617	3.116175399487001	0.8784499089169374	0.6799289217530666	-5.165285677688307	-0.3705299616223288	-2.957301740607058	0.4847371827735299	-1.424755477049287	-1.424755477049287	-2.338506171853513	2.050795485135134	0.4891305566912705	-0.4633441859832607	1.353626712701602e-07	2.72042606782447e-07	9.209268340629558e-07	5.259479454116305e-07	-2.041917500284532e-07	-2.246301179476337e-08	9.76519934052911e-07
0.55	-0.4498311909654747	-0.03685103264474839	0.6973820865938434	1.51327256214928	-0.2149674255305964	0.03963381135371837	-0.1103312641505975	1.175841418984551	1.175841418984533	0.03258331108640911	0.09755002532562922	0.3037155149842307	0.08689053852381388	-0.4231679534936486	-0.01779029373830314	-0.4192700880841002	1.410203698242178	-0.2007676861358474	-0.0003137787386707869	0.3056409403858986	1.31011959043816	1.310119590438159	0.07161243225259181	0.4994092731619416	0.3308977701091192	-0.1726988540033374	-0.2548912091472135	0.05115475821398047	0.0258534917780605	-0.4364408902078837	0.1283958944612394	-0.03887082136282056	0.2335067821719717	-1.914783748317508	-6.911345992390586	-24.76400636026565	12.02937890175096	0.3651038186586296	-735.7981956694334	21.22157638563145	2.693952610836214	0.8088349642926485	0.6772351235397963	-4.749699894340781	-0.06497944970473797	-2.539472929309914	0.7060436673660939	-1.568060137511117	-1.56806013751114	-2.488096274598801	1.229451940743266	0.396834068479553	-0.07974068241019291	6.715583053421745e-08	1.158198650327772e-07	6.231420374086132e-07	4.27515437226896e-07	-1.342225506516147e-07	1.310126623964941e-08	7.703670755827596e-07
0.5600000000000001	-0.4539341945239301	-0.0369895637110832	0.693223352590412	1.527142821942813	-0.2169727850205306	0.03951216112008273	-0.1072368492765944	1.188861799659604	1.188861799659598	0.03317355438127884	0.1025904315193929	0.307043235757816	0.0851668706851023	-0.3980858946839986	-0.01002714612616474	-0.4124737041443224	1.364479762438525	-0.1997719155796291	-0.0232450409960749	0.3135616208249965	1.293716667535572	1.293716667535572	0.04623716170305234	0.5072284835179751	0.3345145506946492	-0.171351127797654	-0.2530769236638851	0.05174750780658917	0.02555014124739813	-0.4436529847327447	0.1313070555577936	-0.03970365203725578	0.2313629353332946	-1.563287889677471	-6.12484891616308	-24.94995596233241	12.01557499637411	0.5566889514906335	-737.5465519932774	21.12374103583839	2.332605016875247	0.7447094658306166	0.6835417322326657	-4.407281897468946	0.2688460606961386	-2.031806603003066	0.8682408741520478	-1.712756372012929	-1.712756372012929	-2.57681212690189	0.3196464772857907	0.3309189422982318	0.3583705440236195	1.078003956680048e-08	-7.798809837311495e-09	3.154168447018187e-07	2.678709598505112e-07	-6.028722072459208e-08	3.826511525526288e-08	5.12976462095883e-07
0.5700000000000001	-0.457806145812942	-0.0370539100480071	0.6891327329488922	1.540574808225633	-0.218952123357432	0.03918818669866282	-0.1040538573426008	1.20171041377185	1.201710413771836	0.03350841789899502	0.107663904906088	0.3104030822247619	0.08347747840425443	-0.3770095341459189	-0.002966518070941628	-0.4056457737546811	1.322590042030641	-0.1955808694538579	-0.04048936810976921	0.323371509730608	1.275711335102907	1.275711335102907	0.020932257524667	0.5059464656961107	0.3373005648934667	-0.1658552658480033	-0.2505168988086864	0.05226359282006753	0.0252592966036681	-0.451370430369399	0.1345355431397664	-0.04064884391003494	0.2286384873374135	-1.250949674255358	-5.247156167882068	-25.17661995863119	12.01726721980665	0.877496439887594	-739.2080356632038	20.98378656808931	1.889360740194245	0.6680762606286458	0.6830967529137859	-3.97894889172512	0.571478702274652	-1.411642930818096	1.087574462179588	-1.888640428434407	-1.888640428434442	-2.477830247283353	-0.5800342462840258	0.2292920564979245	0.7460490093989648	-4.294099684219591e-08	-1.230615770082642e-07	-4.617506146964577e-08	4.906591507192949e-08	2.152491985334115e-08	5.727702991263518e-08	1.962010771127519e-07
0.58	-0.4614884916629899	-0.03705138274732693	0.6851105282233858	1.553608070948517	-0.2208741022703224	0.03872358957304952	-0.1007627242068684	1.214370130809854	1.214370130809847	0.03359613223813343	0.1126789764476925	0.3137861587132616	0.08186321574069567	-0.3601648068910362	0.003347581394649846	-0.3987907209416531	1.284735050451678	-0.188300030777807	-0.0513695818340781	0.3351898611727842	1.255937252688599	1.255937252688599	-0.003192674012773121	0.4955481144997882	0.3391605550052616	-0.1563252043398273	-0.2479568739534895	0.05277967783354273	0.02496845195996901	-0.4590878760060509	0.1377640307217395	-0.04159403578282357	0.2259140393415303	-0.9766817430461617	-4.372211902546815	-25.40052046338599	12.01481207193261	1.132451034584831	-740.9487112950685	20.86680458458271	1.486278360235733	0.5954037479043424	0.6889662169100041	-3.600336131684752	0.8868045707520664	-0.7589839251259677	1.269933381464978	-2.066506368341528	-2.066506368341528	-2.340817598712814	-1.503620197605781	0.1457141248938149	1.165210455728701	-9.320467847743481e-08	-2.274422318268529e-07	-4.779189665718365e-07	-2.467854500443913e-07	1.135952324417613e-07	6.827712308020512e-08	-1.97912614935262e-07
0.59	-0.4650236360755999	-0.03698982784335368	0.6811571609333232	1.566282893893211	-0.2227081486456387	0.0381916250593722	-0.09734530239841385	1.226822151982431	1.226822151982417	0.03345893448732883	0.1175411402850162	0.3171822941530395	0.08036374249251783	-0.3476128108124242	0.008797618432649215	-0.3918675531967624	1.250936330531152	-0.1780483171497669	-0.05314641014429711	0.3484722669498974	1.234063695502928	1.234063695502928	-0.02308909135704187	0.4751761206031354	0.3398054281665825	-0.1429986293725778	-0.2432920067022775	0.05316617846564611	0.02481732795228871	-0.46853884223897	0.1424780085327703	-0.04280681092534515	0.2213707897848285	-0.7395709270597192	-3.048085131387497	-25.70358181272658	12.07249335543429	1.616205906173783	-742.4596437880642	20.72945365768194	1.027303091703953	0.4949700438770572	0.696284578720783	-3.163667306580988	1.163393580082071	0.3945587412867433	1.384059140479315	-2.308248811652019	-2.308248811652057	-1.640496020266885	-2.560364164900076	-0.01531656253807893	1.501844510705239	-1.198116838700459e-07	-2.765928383069414e-07	-9.072832590541203e-07	-5.862465083851125e-07	2.005027926373984e-07	4.686159799095035e-08	-6.458994720692873e-07
0.6	-0.468455731955419	-0.03687873929657487	0.6772734838257981	1.57864092416183	-0.2244258701204256	0.03769821046765081	-0.09378972353925906	1.239043343899549	1.239043343899542	0.033157484119495	0.1221483091475279	0.3205770402295707	0.07901462769270889	-0.339555100332606	0.01325430995576299	-0.384852684434148	1.221376515236843	-0.1650350506716502	-0.04365959744424434	0.3628212713128136	1.209771401598368	1.209771401598368	-0.03604319742062869	0.4445491195382812	0.3388826823563317	-0.1262535146660418	-0.2386271394510641	0.05355267909776614	0.02466620394445517	-0.4779898084718864	0.1471919863438085	-0.04401958606783361	0.216827540228127	-0.5387574152994701	-1.729686790444996	-26.01399105561396	12.13859187466711	2.062151557476137	-744.0524022271197	20.61220170455911	0.5874212404768855	0.3967346449272771	0.7073064204547164	-2.752555206441401	1.439115140767357	1.493744276928399	1.483253098625535	-2.55025371211951	-2.55025371211951	-0.9523553425764026	-3.554621631246049	-0.1678096694204372	1.848918403586034	-1.129531472608894e-07	-2.476131325032955e-07	-1.333281270269213e-06	-9.873993278725427e-07	2.801069470090972e-07	-2.04101675591792e-08	-1.17009714810547e-06
0.61	-0.4718300637477287	-0.03672914493466676	0.6734609126410399	1.59072430984635	-0.2260019600166231	0.03735586697416484	-0.09009076845261717	1.251006213781649	1.251006213781633	0.03276678308930096	0.1264032071967834	0.3239512808687	0.07784586673465772	-0.3361322785815277	0.01638471963552099	-0.3776006662824056	1.196030854194591	-0.149961350510367	-0.02314019556600436	0.3766396392419932	1.1820735722256	1.1820735722256	-0.04056733401933604	0.4053507471238494	0.3353434353088348	-0.1073659671417287	-0.2288521299754586	0.05347110950610505	0.02456114494634496	-0.4923636941724757	0.1558182350210796	-0.04585797825930951	0.207765679812431	-0.3738253480385226	0.7353478410928783	-26.49684986619929	12.34813635190272	3.196529614706859	-745.7110978371032	20.57164797921886	0.09652977555156468	0.22928338147567	0.7432702116102097	-2.316069507681478	1.574503881597935	2.581401869855462	1.281612623910073	-2.988876179776945	-2.988876179776991	0.02683179015772693	-4.264708373462167	-0.5402505462918683	1.928185577691784	-9.205712564085451e-08	-2.152541069760177e-07	-2.118624074732213e-06	-1.67629155829731e-06	4.382735685291445e-07	-1.495402531008341e-07	-1.950602117104771e-06
0.62	-0.4751948038958992	-0.03655662862556624	0.6697226857776147	1.602576139329535	-0.2274207116256421	0.03726879024475314	-0.08626353288991417	1.262670239644029	1.262670239644023	0.03237669561483575	0.1302336688565142	0.3272714753725856	0.07686988378201717	-0.3376367715053093	0.01783869939424775	-0.3699838201675705	1.175065274969761	-0.1335673932375122	0.007393755375581934	0.3884773665250191	1.150002597655974	1.150002597655974	-0.03592048627100999	0.3596618416326002	0.3280734553062368	-0.08769791358390412	-0.2190771204998613	0.05338953991440421	0.02445608594860458	-0.5067375798730638	0.1644444836983378	-0.04769637045087403	0.1987038193967276	-0.2440888292034877	3.191770861592769	-26.99215158263386	12.57215285894356	4.329374207977862	-747.4580606820504	20.56921292689488	-0.3980416944951525	0.06144866072108076	0.78027201307326	-1.876538842957111	1.703166563081653	3.496654089597667	1.087124969394771	-3.42488275149089	-3.42488275149089	0.8818415268303001	-4.852728246609535	-0.9139562604405487	2.005019610288357	-4.956497323485244e-08	-1.77696128027768e-07	-3.456805022653541e-06	-2.807859805548758e-06	7.173055241235758e-07	-3.738369847832986e-07	-3.125425998355026e-06
0.63	-0.4786007026061204	-0.03637896327605231	0.6660625756926397	1.614242074568693	-0.2286659793242339	0.03758537344825241	-0.0823309610743862	1.273990287316273	1.273990287316259	0.03212009860971458	0.1335511614558041	0.3304985782345212	0.07609740279554858	-0.3445536619556847	0.01730695225515552	-0.3619676747863925	1.159080615764486	-0.1150026588711663	0.06204080828684969	0.397430185678153	1.113122185634928	1.113122185634928	-0.009969148253793787	0.3007631783762493	0.3165245097663076	-0.06642039720434234	-0.2050016728686576	0.05377479867099404	0.02523109562400044	-0.5248633990899041	0.1765071044823099	-0.05018881142362909	0.1858493797730941	-0.1486354998326685	6.688960921469838	-27.68900322845227	12.94222084923531	5.906353277007794	-748.7028314502153	20.55513573569511	-0.9901069241601983	-0.1684207285328363	0.8227612456691809	-1.315609033251859	2.004978618305978	7.366492295798239	0.708338752790689	-3.952328510150379	-3.952328510150426	4.265773054005268	-6.870324177542667	-1.398564797429153	2.24470287081264	-7.647487834420375e-08	-2.060783712815243e-07	-4.190470743040731e-06	-3.508487998498306e-06	8.633347391630587e-07	-4.345459327166163e-07	-3.987279563913062e-06
0.64	-0.4821060890616145	-0.03621820226339134	0.6624847221504826	1.625776927301011	-0.2297112293301823	0.03863197946164459	-0.07832706539442284	1.28491498925175	1.284914989251743	0.03228581360774015	0.1361872896600484	0.3335855514217255	0.07554881401667997	-0.3575343205601124	0.01445783202365765	-0.3535325116039963	1.148848773601646	-0.09356385470902823	0.1533983173544004	0.4027421394120176	1.070933450304326	1.070933450304326	0.04854191435694379	0.2233889626241067	0.3000475203599768	-0.0429194720638788	-0.1909262252374554	0.05416005742758904	0.02600610529934216	-0.5429892183067423	0.1885697252662855	-0.05268125239637513	0.1729949401494588	-0.08574781183000681	10.17280256324751	-28.41328190488029	13.34530958984169	7.541469648598123	-750.0532961526975	20.57614336104962	-1.610795325305682	-0.4020259577599993	0.8640755733169	-0.7259754344699643	2.277980522240067	10.83874532085426	0.3589518855408785	-4.4865474134021	-4.4865474134021	7.393786445534597	-8.547838745767868	-1.899565033720795	2.449701362468717	-2.196801230738787e-07	-3.449550409278329e-07	-3.911165001073404e-06	-3.4870004247798e-06	7.864944970564087e-07	-2.21134810583792e-07	-4.324696384257097e-06
0.65	-0.4857653231010619	-0.03609564136581678	0.6589932787161852	1.637231973255373	-0.230530840564844	0.04072877738325542	-0.07428691216012256	1.295395821615096	1.295395821615086	0.03316166254410337	0.1379858237817991	0.3364874808894875	0.07524428924757644	-0.3747325344860993	0.009851778355408925	-0.3446931217780253	1.142523609390491	-0.07025510390742995	0.2670856651050325	0.4048498722141831	1.024760146595677	1.024760146595677	0.1279753066702944	0.136107802609151	0.2799157930275861	-0.01793359507504485	-0.1843592411434196	0.05427880557700836	0.02620636059392499	-0.5531995941889906	0.1940704205215757	-0.05397255978606631	0.1664730479325431	-0.05298496125336232	11.71909309017081	-28.8406567954618	13.57028066798779	8.430854702059944	-751.1539385313756	20.58424165055446	-1.837396633103052	-0.5201330776108012	0.9033120744451066	-0.5313686797983062	2.372246576397834	11.80232476965904	0.07088869235998094	-4.753590763350569	-4.753590763350608	8.419924900311422	-8.850638174673097	-2.133253188965328	2.529816983478469	-3.620708803176242e-07	-4.925925806894575e-07	-3.386393767352964e-06	-3.215851289113204e-06	6.543505200513214e-07	2.925514036886886e-08	-4.309004351377176e-06
0.66	-0.4896091517211428	-0.03602518860617578	0.6555921174575893	1.64863465121455	-0.2311143794480413	0.0439961678358937	-0.07023884065483874	1.305400747158597	1.305400747158595	0.03487220725884244	0.1389050695943369	0.3391754377627242	0.07519098047163866	-0.3944532366863977	0.004036204436942745	-0.335476076463681	1.138375174564928	-0.046349384414721	0.387516823555331	0.4043257936085832	0.9757520863368582	0.9757520863368582	0.2154810700266868	0.04753130078164982	0.2572530014565116	0.007323726569300093	-0.1777922570493758	0.05439755372647655	0.02640661588807824	-0.5634099700712326	0.1995711157768879	-0.05526386717565222	0.1599511557156315	-0.04673694432601672	13.24720190438009	-29.31745104521217	13.85594057252833	9.442378916363586	-752.366667312191	20.57912316218496	-2.115292980168077	-0.6439300078034468	0.9396066709915507	-0.2906295573516472	2.397374260462179	12.18750746078756	-0.167410396012249	-5.05349872343607	-5.05349872343607	9.008260654142957	-8.806907108276922	-2.405777881457458	2.503990293570924	-5.029722890156703e-07	-6.562499972333745e-07	-2.412771348712538e-06	-2.48817815445581e-06	4.210797135176609e-07	3.472635211635176e-07	-3.647627558316295e-06
0.67	-0.4936599234819098	-0.03601709234568422	0.6522843986978645	1.660004396962468	-0.2314581232660385	0.04845841194670723	-0.06620364739066026	1.314906074035062	1.31490607403506	0.03745954888493257	0.1389525723604975	0.3416285201520298	0.07539048118397877	-0.4158563232133837	-0.002436374458778877	-0.3260684242590968	1.135724189883201	-0.02252060802853137	0.5017221544365787	0.4028477778339511	0.9253044561894779	0.9253044561894778	0.2993789287063122	-0.03635393409602877	0.2333727603214316	0.03250736271441549	-0.1784052756388849	0.0546774065624607	0.02618730067449219	-0.565549369094741	0.1994847494219798	-0.0556121966175997	0.1596990333063913	-0.04665358975954269	13.1907199090251	-29.5867925863935	14.02243511780958	9.220736563749968	-752.6402452509085	20.31369931942816	-2.176242209290472	-0.6517820351894337	0.9413440323423901	-0.2299346095318541	2.35718671670115	10.55543395320367	-0.1177593772694222	-5.04160069402305	-5.041600694023112	7.689235476395748	-7.928322519380623	-2.377812287163528	2.514690873453398	-5.654685839923351e-07	-7.202147961454848e-07	-1.810855872461643e-06	-2.027705034832107e-06	2.81097139100195e-07	5.148567168934648e-07	-3.175185122380468e-06
0.68	-0.4979294112520103	-0.03607429391509684	0.649070756367616	1.671352112526378	-0.231567267842373	0.05396638697661454	-0.06217918672604348	1.323906683503326	1.323906683503326	0.0408076064981233	0.1382114246095061	0.3438430671184599	0.07583964637746421	-0.4381964385534264	-0.009023361543889861	-0.3166607905684283	1.133969137763526	0.0005704639178087354	0.5966630073742424	0.4021792736961011	0.874808604696737	0.874808604696737	0.3676242674468779	-0.1101988026483988	0.2095459168811421	0.05725662279839255	-0.1790182942283965	0.05495725939844202	0.02596798546092408	-0.5676887681182474	0.1993983830670723	-0.05596052605955479	0.1594469108971486	-0.04656809673393102	13.1120966058182	-29.90652129274746	14.2500984963904	9.154256347446587	-753.0575457289677	20.03519666995911	-2.302698742779482	-0.6668116456812768	0.9396029682083951	-0.111443044941154	2.249833372492264	8.334611872070724	-0.005508068655890318	-5.063142992508122	-5.063142992508122	5.87775666633102	-6.798833843215212	-2.39509834249926	2.417115081343266	-4.711546515262426e-07	-5.847943597939887e-07	-1.952354280989788e-06	-2.10163194527577e-06	3.276910289151121e-07	3.81619542494019e-07	-3.080611400694739e-06
0.6899999999999999	-0.5024240000397961	-0.03619779903017983	0.6459515012852869	1.682683533616244	-0.2314477060943371	0.06035413068612731	-0.05816070408834179	1.332402436255591	1.332402436255591	0.04478126919812828	0.1367672626746801	0.3458202638235097	0.0765358356383298	-0.4605835546483228	-0.01568380705984291	-0.3071601955133337	1.132149384984131	0.0233829189705274	0.6804487697720319	0.4013226198419613	0.8243695778339217	0.8243695778339217	0.4267662867645424	-0.1784082206741992	0.1859702276866356	0.08210304718076988	-0.1802958477409747	0.05562945756949132	0.02649429412117901	-0.5688713365231105	0.1987367891781232	-0.05608909340885981	0.1595074555202425	-0.04645675572335518	12.87633036693211	-30.16984548657924	14.48192622569586	9.067631789387441	-753.1915168734797	19.90529824477491	-2.186138527710568	-0.6665109035271364	0.9598503523933064	-0.2421762876543002	2.30278287232992	8.334933192273017	-0.1549391442334621	-5.030056446783244	-5.030056446783303	5.881001847611289	-6.798736625681982	-2.327271736262974	2.536107678599123	-3.88630827533209e-07	-4.590545493821602e-07	-1.860940902750572e-06	-1.992950573923974e-06	3.155466437812561e-07	2.96499822979806e-07	-2.795716374098895e-06
0.7	-0.5071383440855035	-0.03638807858021768	0.6429281646691556	1.693991770199672	-0.2310988535356422	0.06756660697334832	-0.05415662700926874	1.340394643956505	1.340394643956505	0.04933606754792438	0.1346476583909095	0.3475640101309465	0.07748402945540186	-0.4821474901378451	-0.02237824853486473	-0.2974770973288432	1.12933223647611	0.04642862604997128	0.7616095229154222	0.3992981619702162	0.7740995944265087	0.7740995944265087	0.4838513974072918	-0.245287272436778	0.1628558373586654	0.1076575340397126	-0.1815734012535524	0.0563016557405481	0.02702060278137734	-0.570053904927971	0.1980751952891791	-0.0562176607581511	0.1595680001433356	-0.04634670839820434	12.61773970094269	-30.47834114532229	14.76798950370936	9.141202638445868	-753.4646340444754	19.77103249259729	-2.138062621704725	-0.6736108374949897	0.9761035940875652	-0.3109221906663255	2.2964837778373	7.809610021190851	-0.2390688721769593	-5.029334301427623	-5.029334301427623	5.466374931347992	-6.532760590570889	-2.302838569191932	2.558727576656354	-3.319691769649467e-07	-3.545496603863717e-07	-1.258624250311977e-06	-1.483709100569235e-06	1.745570103726714e-07	3.169280690202941e-07	-2.093342356087305e-06
0.71	-0.5120628686443385	-0.03664508145236418	0.6400025158503692	1.705265422617031	-0.2305212273075742	0.0755552803976447	-0.05017864872038547	1.34788569625619	1.347885696256186	0.05443385416390532	0.1318781087963574	0.3490790606497481	0.07868740411779424	-0.502477171364728	-0.02898832689351788	-0.2876276731241547	1.125086566278893	0.06886729579442408	0.8335598084030271	0.396091174815556	0.7242262415747891	0.7242262415747892	0.533649005855495	-0.30729662523898	0.1402526784411018	0.1327674084179594	-0.1842910480686847	0.05670055354792483	0.02747639348160466	-0.5692645924524908	0.1963352230731528	-0.05607308576620762	0.1607934813871915	-0.04614436343440429	12.07056439468149	-30.71815035893604	15.04242423818618	8.916917744652267	-753.2908737701342	19.65424358315471	-1.938441755528432	-0.6495915113362405	0.9931771037581913	-0.528193202077674	2.183006231963773	6.502855178775262	-0.3924617858304933	-4.948970986297406	-4.948970986297476	4.427896486138954	-5.836401704452824	-2.224301548419841	2.449358646926839	-3.456145489481184e-07	-3.445801619927469e-07	-8.540615753511842e-07	-1.290394206832495e-06	8.935130312186876e-08	3.536199528137531e-07	-1.744407144550098e-06
0.72	-0.5171822941919105	-0.03696716214335476	0.6371761243276497	1.716487257578851	-0.229726124850216	0.08418648015006759	-0.04623892993279203	1.354881487985509	1.354881487985508	0.05996790540137349	0.128528189857908	0.3503710301802996	0.08013432577967251	-0.5211276878855363	-0.03539381230368038	-0.2776256381154527	1.118968745368546	0.08992387190745624	0.8901147885398347	0.3916462617121103	0.6750474803529385	0.6750474803529385	0.5711043216870002	-0.3613611412175007	0.1182396397082879	0.1563669339369259	-0.1870086948838234	0.05709945135529675	0.02793218418180032	-0.568475279977006	0.1945952508571279	-0.05592851077426841	0.1620189626310437	-0.04594319329636681	11.50032074734208	-30.99700936097113	15.36308175011917	8.848732503354421	-753.2553087828799	19.54496131546455	-1.802229680489845	-0.632692247796826	1.006625754890272	-0.6853523332922832	2.020065051553145	4.730548951031355	-0.4866540619340857	-4.890415975453838	-4.890415975453838	2.997916408008422	-4.943793225834654	-2.184814532241948	2.256657804800306	-5.289665270899271e-07	-5.627995374664179e-07	-9.268360874057827e-07	-1.859660712173698e-06	1.387964521139906e-07	4.295688932523151e-07	-2.248600086571764e-06
0.73	-0.5224782725285094	-0.03735197051150629	0.6344505343696435	1.7276369756116	-0.2287295737077147	0.09330820037500902	-0.04235059315306045	1.36138968015735	1.361389680157357	0.06581898614964082	0.1246794733646845	0.3514458496420078	0.08180615990718404	-0.5376165205900644	-0.04150261744403181	-0.2674652626700503	1.11049854690822	0.109033476650219	0.9313193428053317	0.3857240228641342	0.6267989467971189	0.6267989467971189	0.5968095551678808	-0.4068452924646769	0.09686387882226222	0.1775669449925615	-0.1908683224768727	0.05734766694428069	0.02861458650468545	-0.5661128001521003	0.1920098638864999	-0.05558096100414019	0.1641234592331697	-0.04566948309742986	10.70270038688848	-31.22484731329601	15.67253729207612	8.573914963315492	-752.8335970753848	19.45758038825937	-1.504626272585358	-0.5901531133549108	1.024904022619738	-0.9994261130319499	1.803171401597396	3.378700944194122	-0.6895695018213089	-4.760740665620861	-4.760740665620919	2.011529466412409	-4.120737888348884	-2.093080114783227	1.98631897358736	-7.230780649940759e-07	-8.013473849152306e-07	-9.995554152745607e-07	-2.405675001873869e-06	1.927308885380269e-07	5.125733843522954e-07	-2.766378476137574e-06
0.74	-0.527925622433584	-0.03779590262430187	0.6318273802827427	1.738687677157619	-0.227552573874605	0.1027546245985848	-0.0385303909029261	1.367421653269638	1.367421653269641	0.07185805976224423	0.1204219129961342	0.3523110868452476	0.08367692338878019	-0.5514020015806284	-0.04721856123249026	-0.2571384638944028	1.099165448022718	0.1260136100313524	0.9550555882662465	0.378019355792493	0.5798036684423064	0.5798036684423064	0.6087028945801408	-0.4431299162794429	0.07632318801622306	0.1961528047538846	-0.1947279500699109	0.05759588253329883	0.02929698882736266	-0.5637503203271863	0.1894244769158867	-0.05523341123395087	0.1662279558352999	-0.04540590423669884	9.885451398769835	-31.47574772380428	16.00809093598523	8.417531308868277	-752.5237106316695	19.47964480078947	-1.261559337697066	-0.5541199774181939	1.039910420939285	-1.257932418327636	1.594170779227277	1.236887190114909	-0.8431397066671351	-4.639764935252386	-4.639764935252386	0.2355375942843418	-3.103887739352604	-2.017800516244582	1.733827545937802	-9.458817622644657e-07	-1.094104490964423e-06	-1.072127585314484e-06	-2.889683383197956e-06	2.586367581138352e-07	6.143926772160584e-07	-3.320384725821107e-06
0.75	-0.5334955349705331	-0.03829449191314081	0.6293082524628548	1.749609095359832	-0.2262190386366175	0.1123520393239494	-0.03479594051526931	1.372991271199545	1.372991271199546	0.07795088593451215	0.1158511881704082	0.3529756669996497	0.08571654931987405	-0.5619246547878819	-0.05237843868410168	-0.246666850883043	1.084461365115047	0.1401990885051047	0.9609710021173995	0.3685668474211398	0.534492493307352	0.5344924933073522	0.6071446062482708	-0.4691379122405101	0.05683914042304911	0.2111616727998495	-0.2007397000290448	0.05755303130171387	0.03051540200888178	-0.5589394973883269	0.1851520015415603	-0.05479141871435773	0.1701118467582239	-0.04503029882087768	8.573659162212042	-31.76010786564626	16.33513805624532	8.003501735090321	-751.8503696338249	19.41207570051117	-0.8494778393516986	-0.4787313713130369	1.053962221270506	-1.675393883008765	1.256165243930613	-0.249936983059437	-1.041887550098189	-4.420684952991822	-4.42068495299188	-0.7590582017300299	-2.068451564273928	-1.876922933115975	1.292271298670511	-1.044701948494002e-06	-1.233243988664092e-06	-1.010064724293901e-06	-3.036514861879114e-06	2.849283449476978e-07	6.428108392048233e-07	-3.462681703802164e-06
0.76	-0.539151045944976	-0.03884104192495234	0.6268944758690882	1.760363723201763	-0.2247585628413955	0.121904847094684	-0.03116513144087103	1.378118999148027	1.378118999148027	0.08394661999255121	0.111076544177107	0.3534527634676692	0.08788783490437625	-0.5685216890796139	-0.0568107058270115	-0.2360682186701682	1.065807375966501	0.1514017214781112	0.9461341973415605	0.3572910931406483	0.4914256721574025	0.4914256721574026	0.5892844717241082	-0.4839137497931825	0.03882645073938855	0.2224847354356008	-0.2067514499881821	0.05751018007012521	0.031733815190435	-0.5541286744494656	0.180879526167235	-0.05434942619477216	0.1739957376811453	-0.04467841686702514	7.247913351584281	-32.04645028155627	16.66197661056635	7.653431119947563	-751.2488741122081	19.57860675070981	-0.4764355545928305	-0.4085979156778393	1.065314261242318	-2.047913666502419	0.9976016790781242	-2.913556535283417	-1.207788888494848	-4.190894138251455	-4.190894138251455	-3.024831644174079	-0.8574560576736492	-1.723528934341853	0.9966664638950675	-7.765309420426048e-07	-9.176753656491625e-07	-5.494821713342108e-07	-2.185302708737182e-06	1.939616548653984e-07	4.539616538035888e-07	-2.38631923754387e-06
0.77	-0.5448529059536302	-0.03942837865817016	0.6245873449291226	1.770912176360596	-0.2232023755072859	0.131206363690961	-0.02765692938564408	1.382826995149224	1.382826995149222	0.08968466614978868	0.1062118562396267	0.3537563668646529	0.09015146777022985	-0.5711575786009934	-0.06054230644292218	-0.2253309803039055	1.043197449837534	0.1591714928399786	0.9117075962529516	0.3439306704400549	0.4505066427644785	0.4505066427644786	0.556781162720716	-0.4871956872774785	0.02206825486401794	0.2293253691177291	-0.2122876720806873	0.05704258114918859	0.0336080403692401	-0.549809571034919	0.1772852406610803	-0.05415210364848777	0.1774501309259987	-0.04428970080338788	6.117552316063827	-32.43495821480271	17.03950219079796	7.322817009889787	-750.5811927229371	19.68384149422532	-0.05337558602859166	-0.3382661526912884	1.082038774488386	-2.470516830292886	0.5668367422154998	-4.076644304997226	-1.462966080605828	-3.992326004969428	-3.992326004969492	-3.594518789437563	0.2103105247037913	-1.625959017930954	0.3900917476564296	-5.023324593552787e-07	-6.035404287575672e-07	-9.542167415570054e-08	-1.311269794338758e-06	1.057480911468433e-07	2.661447576015794e-07	-1.307200844481773e-06
0.78	-0.5505603668445195	-0.04004959640117622	0.622388408402854	1.7812139333093	-0.2215884560840604	0.1400897277944685	-0.02429489098137522	1.38713581712346	1.38713581712346	0.09505139156477213	0.1013691235510071	0.3538975894821241	0.09245597295836139	-0.5696418655270861	-0.06358690778466028	-0.2144293359307711	1.016468133940602	0.1629481393008192	0.8625036987904436	0.3280583629489047	0.4115908667652919	0.4115908667652919	0.5150203232766927	-0.4795227000213187	0.00635029483679599	0.2306591998912455	-0.2178238941731939	0.05657498222825134	0.03548226554808557	-0.5454904676203695	0.1736909551549278	-0.05395478110220633	0.1809045241708503	-0.04392155189114114	4.976270695250693	-32.8140938075517	17.40264303437474	7.045730987193756	-749.984865612941	19.95157756561652	0.3538849644644574	-0.2711980608432924	1.098195462616669	-2.871791620095609	0.1989766988727643	-5.869015810063146	-1.710165846606247	-3.790243459503996	-3.790243459503996	-4.876337732300175	1.333528890417463	-1.515481764712075	-0.1046941178273173	-2.082170986709719e-07	-2.941428894909025e-07	3.370876821806504e-07	-3.618291470927969e-07	2.663181454326912e-08	8.17389039709223e-08	-2.189759106766743e-07
0.79	-0.5562312433681359	-0.04069706731169018	0.6202989735805307	1.791227644929565	-0.2199555230702857	0.1483959166354109	-0.02110094128374421	1.391067901157485	1.391067901157484	0.09994067752516762	0.09665879504437029	0.353889285421548	0.09474918755814397	-0.563734278520996	-0.06571349165368612	-0.2034607918000415	0.9855297604624346	0.1630800684966412	0.7964128718621818	0.3105895764607125	0.3753935767469991	0.3753935767469991	0.4611956182944743	-0.4609646342574327	-0.007592943903278906	0.2273157719613082	-0.2268838982102633	0.05610029667946023	0.03756034342977475	-0.5374998340826574	0.1672487824459185	-0.05352208927099449	0.1874469599127432	-0.04345813963660985	2.989200105563797	-33.16175650308227	17.67242193714718	6.376584710998067	-749.1767927484615	20.08358737017728	0.8290665024528499	-0.1543282906393471	1.095696688274977	-3.316529073776954	-0.1633839916481158	-7.327331588107168	-1.786535067467436	-3.449330968936887	-3.449330968936948	-5.881652773622426	2.353806860166033	-1.271058814688157	-0.5492046967188349	5.693256461669102e-08	-2.123332208268922e-08	7.718050974639046e-07	5.179730585652056e-07	-5.891592618752795e-08	-7.170155736343396e-08	8.436011294485029e-07
0.8	-0.5618190698349347	-0.04135999200903625	0.6183191267595098	1.80090963904263	-0.2183380077688651	0.1559715541162723	-0.01808593945450283	1.394655040452139	1.394655040452139	0.10424249325724	0.09218141948353405	0.3537540861963653	0.09698896036539857	-0.5530318541640322	-0.06667766515108108	-0.192511735670291	0.9501246325002793	0.1598645968290563	0.716393426777946	0.2922687892708641	0.3426019188909074	0.3426019188909073	0.397526277614663	-0.4329321108618706	-0.01902873808467216	0.2199708413856942	-0.2359439022473344	0.05562561113066678	0.03963842131152621	-0.5295092005449435	0.1608066097369109	-0.05308939743978871	0.1939893956546341	-0.0430180827561325	0.9962306316505656	-33.48206111977525	17.90540966635429	5.749396385843167	-748.4368794489982	20.29605190502487	1.312852434639164	-0.03871598651709559	1.094297862420867	-3.765142516893209	-0.4705034738086313	-8.654739441257837	-1.880565986937513	-3.109117027063794	-3.109117027063794	-6.845264871818663	3.228420416752694	-1.013992852975708	-0.9049946469626662	2.144953518596812e-07	1.161494927084237e-07	1.214723874549942e-06	1.139118195467947e-06	-1.68351962248009e-07	-1.101277044543916e-07	1.810914564476832e-06
0.8100000000000001	-0.567280187301166	-0.04202881733703312	0.6164492265911251	1.810218993001326	-0.2167704783252664	0.1626797872319146	-0.01526359341181282	1.397925129458371	1.397925129458369	0.1078635426636261	0.08803244262734786	0.3535111907341995	0.09913158438152253	-0.5387825948846737	-0.06709647992320954	-0.1814088975960861	0.9113222878352381	0.1528400056623601	0.624521387401035	0.2714971723889538	0.3113148299462947	0.3113148299462947	0.3270682939265903	-0.3953285781760514	-0.02975050494517479	0.2072721302569129	-0.2364934457946794	0.05445613154499568	0.04156071501423816	-0.5304619430237192	0.1616218886735477	-0.05326016854294217	0.1932433348297758	-0.04279416234924742	1.148154796233027	-33.8241611593263	18.29638071649969	6.067960710315513	-748.4035575179521	20.96534159063957	1.542359131612288	-0.04487750076689954	1.127158605680436	-4.001323543222536	-0.9383968339367559	-9.563138797874988	-2.280946570593275	-3.153731053293657	-3.153731053293716	-7.088300237578232	4.256951623209227	-1.131327807156626	-1.644143503887346	3.385973323948968e-07	2.228095316265995e-07	1.477301775063936e-06	1.644630525327689e-06	-2.468387681430566e-07	-1.365488539118482e-07	2.464783616990942e-06
0.82	-0.5725865328831959	-0.04270211346839292	0.614692131168635	1.819127614892989	-0.2152971867724966	0.1684473594313745	-0.01267006094429643	1.40087930233013	1.40087930233013	0.1107915652090569	0.08430562748376726	0.3531550657625155	0.1011088544547482	-0.5220774773241805	-0.06757182582367077	-0.1699507864914103	0.8699782190936787	0.1410170186621927	0.528261243545441	0.2465060742360385	0.2794186919963363	0.2794186919963363	0.2589209054274494	-0.3484997683417236	-0.04167463998844053	0.1869000528060717	-0.2370429893420264	0.05328665195932213	0.04348300871701231	-0.5314146855024926	0.1624371676101864	-0.05343093964610163	0.1924972740049152	-0.0425729258521892	1.296193269128125	-34.14363290372043	18.65711776964862	6.443926902397225	-748.4693137880217	21.52913092465749	1.804024090866075	-0.05002221218363036	1.165352468515051	-4.273487332196833	-1.430182640502857	-9.532360336994362	-2.724462241138527	-3.230926828132965	-3.230926828132965	-6.383145834032242	5.073475846454429	-1.2544664895283	-2.43966791137467	3.218117057394882e-07	2.001105142376769e-07	9.805496689588374e-07	1.663267878164298e-06	-1.950130259731278e-07	-1.124226449124604e-07	1.798886848392613e-06
0.83	-0.5777082764167394	-0.04337697722408076	0.6130502571295899	1.827606092804389	-0.2139615209297531	0.1732270059816753	-0.01033620040347668	1.403521620864186	1.403521620864184	0.1130373849276982	0.0810865489307815	0.3526842811728285	0.1028549359152744	-0.501300688379655	-0.06706130396258081	-0.1584795431965934	0.8248673760199499	0.1258655905154739	0.4273159176989862	0.2206606280807244	0.2499877856602815	0.2499877856602814	0.1899779703720839	-0.2948045358386451	-0.05160202516059951	0.1622665219184001	-0.2523508782875999	0.05313504734711626	0.04504438894475992	-0.5170547888664939	0.1512052451182155	-0.05261911397002322	0.2046439659302833	-0.04203353810457328	-2.111245589755346	-34.32384942091846	18.61294455606164	4.992839634770545	-747.6909243710683	21.26292933594145	2.360114041506367	0.1525021706638716	1.129663490249957	-4.757355817570794	-1.594938365477084	-10.42832069184598	-2.455396679847562	-2.657818491227116	-2.657818491227178	-7.189638838562776	5.594638114184355	-0.7298508476278205	-2.482365035411322	3.199078249033359e-07	1.900092514881103e-07	6.611877522107882e-07	1.734815367712683e-06	-1.717535281232316e-07	-7.972125309767969e-08	1.412291416697766e-06
0.84	-0.5825931305117834	-0.04403655320407641	0.6115214261695505	1.835607967680531	-0.2127848324612157	0.1769866588768179	-0.008248956499633441	1.405897901143905	1.405897901143905	0.1145858209963073	0.07841984093522372	0.3521406274681069	0.1043532481953341	-0.4746995896246947	-0.06451427068523478	-0.1473421706903124	0.7746576120418234	0.1092215438199221	0.3242625125175365	0.1971827468406355	0.2262110411288114	0.2262110411288114	0.1194441754257507	-0.2380256568575728	-0.05624846299548368	0.1373462167128113	-0.267658767233175	0.05298344273490805	0.04660576917257352	-0.5026948922304932	0.1399733226262465	-0.0518072882939502	0.2167906578556497	-0.04151626272090575	-5.514360494694833	-34.45130963439892	18.50096622865811	3.566470910080066	-746.9937585143152	20.91645343197123	2.968886052952994	0.3572800710675954	1.098578310807864	-5.293271513076392	-1.728706350269448	-9.95397620399331	-2.25094925809351	-2.100094467216004	-2.100094467216004	-6.701317812225754	5.6902051420532	-0.1982770220733187	-2.497022774958112	3.897864827247763e-07	2.406736287636755e-07	1.197472631185033e-06	2.061576457870814e-06	-2.862841499346769e-07	-5.657214761591679e-09	2.372914198302145e-06
0.85	-0.5871932120268668	-0.0446649155148983	0.6101033744413557	1.843091149038679	-0.2117776967343079	0.179694439342281	-0.006393356620793531	1.408052734389803	1.408052734389801	0.1154068568954841	0.07632991486645832	0.3515661444089994	0.1056039531373074	-0.4453489805811376	-0.06125736660529036	-0.1362074847326615	0.7219597102478205	0.09222878490288411	0.2165256278372236	0.1734289150609191	0.2044561839765065	0.2044561839765064	0.04397398454066027	-0.1799659318731498	-0.05888087305871185	0.1127652177455878	-0.2656720902589952	0.05320052446766337	0.04698519934354371	-0.5063552600846245	0.1429620932404957	-0.05206270171272294	0.214138620705303	-0.04160118251063864	-4.72165754437155	-34.62267832536599	18.75586557258553	4.207193717688614	-747.780522308886	21.45292679959082	2.913347293666269	0.2949426152356596	1.130028707641907	-5.260850552840155	-1.680755022981371	-11.29858339005865	-2.513847217910486	-2.258184765880829	-2.258184765880893	-8.088207255563477	5.863490129451123	-0.3306749044825389	-2.442535366436216	4.13605477347057e-07	2.433134236105113e-07	1.573214955710188e-06	2.265911884401502e-06	-3.758501769298422e-07	8.394521904635719e-08	3.032012839040194e-06
0.86	-0.5915007476587912	-0.04526369937716562	0.6087984925666173	1.850046791170832	-0.2109397274686781	0.1813018432029237	-0.004790544475750235	1.409981018378849	1.409981018378849	0.1154495233800097	0.07482051283810505	0.3509583468680532	0.1066080687078421	-0.4161904129931999	-0.05859858097432134	-0.1247081999990168	0.669149766842699	0.07538825156342499	0.1041871915565781	0.1466252000812253	0.1809011897584779	0.1809011897584779	-0.03622970750094646	-0.1219208487761542	-0.06291135936333928	0.08802834242509368	-0.2636854132848175	0.05341760620041684	0.04736462951456046	-0.5100156279387532	0.1459508638547473	-0.05231811513149945	0.2114865835549539	-0.0416765068978079	-3.925978614092915	-34.76481075259392	18.97330536841285	4.879698194654372	-748.6675683467832	21.738978502546	2.930477761829105	0.2376563812725246	1.171498066006611	-5.315679835300102	-1.698261234753691	-10.8742865240598	-2.860925898088991	-2.460121880360728	-2.460121880360728	-7.648018043528986	5.687276764567719	-0.477892270353159	-2.528198045612254	1.794903580540342e-07	-2.298444314354724e-08	1.049918975320406e-06	1.784663594618485e-06	-3.256144729538339e-07	2.605626674967301e-07	2.002576290926732e-06
0.87	-0.5955137781898778	-0.04583655189690473	0.6076096072932964	1.856470830153564	-0.2102689972238199	0.1817730390404754	-0.00346388937681266	1.411671348082296	1.411671348082295	0.1146745651589152	0.0738888949094169	0.350309498631847	0.1073667527037363	-0.3860479252730169	-0.05583780937198923	-0.1130924672878322	0.6153443578206587	0.05884007561818165	-0.009540870281461037	0.1188976801345559	0.1575357521839969	0.1575357521839969	-0.1186124817991999	-0.06472166849982901	-0.06646098066230477	0.06398047509654875	-0.2712017545384597	0.05348688928532979	0.04708522510137936	-0.5032091780483591	0.1406443716667611	-0.05158606506803941	0.2172049554952136	-0.04151651528683451	-5.534638375318511	-34.60140303872417	18.80202521633253	4.40041362884527	-748.6139382823013	21.71179546817179	3.111228706918393	0.3153481948828586	1.153151777862193	-5.460083254297785	-1.620535765788227	-11.56089560390542	-2.699885978747019	-2.219099731548632	-2.219099731548696	-8.510993062315409	5.688725464295686	-0.2340018951281559	-2.302013154938877	-4.466131261456344e-08	-2.80003457244215e-07	5.876696083579148e-07	1.317703438045082e-06	-2.762549055217937e-07	4.28713047838663e-07	1.064379914230617e-06
0.88	-0.5992143649578007	-0.04637778457158707	0.6065361875279249	1.862347392682347	-0.2097612367366866	0.1811191883415891	-0.002408753664499447	1.413139154402887	1.413139154402887	0.1130802620069503	0.07351976614452396	0.3496370532155597	0.1078931716106525	-0.3537016603606017	-0.05227461196297234	-0.1016150984090683	0.5596544760529452	0.04279430001779146	-0.1208221157286774	0.09232132275625665	0.1363965131872419	0.1363965131872419	-0.200098693671133	-0.009423016018271604	-0.06763079537966718	0.04157532462947268	-0.2787180957921036	0.05355617237024081	0.04680582068824414	-0.4964027281579623	0.1353378794787773	-0.0508540150045829	0.2229233274354712	-0.04134995785605985	-7.139480445727255	-34.40552560637774	18.5892449289898	3.950267834744955	-748.6600241685196	21.43542761457375	3.371233200275503	0.398141542609488	1.143825299522472	-5.692574384434723	-1.597781165783072	-10.38492324589525	-2.630693384414957	-2.014882164815531	-2.014882164815531	-7.468705558264907	5.307171205614178	-0.001930954032539047	-2.199654673318499	-2.029009385369612e-07	-4.756392922532171e-07	5.292670686836757e-07	9.452647780891208e-07	-2.326913183036966e-07	5.40850516078605e-07	7.297723638338947e-07
0.89	-0.6025870699812333	-0.04688189667649816	0.6055773806994345	1.867663290192892	-0.2094110982369492	0.1793872021715351	-0.001617650448926342	1.414399008672942	1.414399008672941	0.1106987478389879	0.07368711568934673	0.3489579613770982	0.1082012627935042	-0.3211303854572987	-0.04866547983946896	-0.09011457557964174	0.5037685715734449	0.02737448946288732	-0.2237830485973031	0.06568913459911938	0.1151974844141244	0.1151974844141243	-0.2746117002654412	0.04207130218564415	-0.06846118781939371	0.02012583982516092	-0.2761271157212786	0.05375728898047733	0.04572732264100094	-0.4997843365923425	0.138289945305457	-0.05061850478315372	0.2201305842956137	-0.04153213793149031	-6.274967421834696	-34.16299636276852	18.56328318819543	4.591493550295213	-749.2982113227747	21.63286979957515	3.156279886533277	0.3246096305696227	1.158047636709837	-5.500190838251624	-1.492803145658063	-9.982851972122655	-2.711009395275472	-2.228872983334265	-2.228872983334329	-7.20369963136606	4.947479687075389	-0.1647988713032905	-2.104991048496808	-3.407511631484177e-07	-6.35737827338553e-07	4.323279782125749e-07	5.706994386599273e-07	-1.85382032177761e-07	6.272332739370313e-07	3.682666198107409e-07
0.9	-0.6056428212053974	-0.04735345534350486	0.6047345554716499	1.872427610186932	-0.2092109022718221	0.1766793719398328	-0.001099174687706525	1.415435580705311	1.415435580705311	0.1076198833208026	0.07434479192806974	0.3482623245177677	0.108297379995411	-0.29031090050696	-0.04576392438209894	-0.07841877826786374	0.4493389727521849	0.01280579309542117	-0.3159909280569858	0.037795831885502	0.09174006565003105	0.09174006565003101	-0.3395687637138444	0.08864232276136594	-0.070939799553544	-0.0008194715595229345	-0.2735361356504554	0.05395840559071263	0.04464882459377838	-0.5031659450267194	0.1412420111321395	-0.0503829945617259	0.217337841155754	-0.04170722586302564	-5.406478929355122	-33.89384585532996	18.50346623380263	5.241007021965493	-750.0218880172348	21.64556896953894	3.020875209682611	0.2566262093828194	1.182880195992767	-5.401313252786667	-1.427558328295485	-8.234312564106647	-2.882916295710986	-2.466560163010694	-2.466560163010694	-5.557516929083913	4.322511679975408	-0.3315748129172948	-2.098819989392935	-3.154861772723543e-07	-5.11537963034578e-07	2.709648136660017e-08	1.791206634448728e-07	-1.081071547891194e-07	5.075783487433442e-07	-2.0842467322385e-07
0.91	-0.6083960619284541	-0.04779724899591908	0.6040087359762203	1.876652901975726	-0.2091509968577122	0.1731134882951768	-0.0008576861343617789	1.416233162613676	1.416233162613675	0.1039464097620124	0.0754399655862773	0.3475399993151255	0.1081904278980748	-0.2603229699322118	-0.04288461067335653	-0.06680890631576195	0.3957747004691089	-0.0005316477942280804	-0.3953872472663014	0.01111969163799249	0.06812084946513938	0.06812084946513934	-0.3938714439084172	0.129404059612044	-0.07315258724068553	-0.02002041873763168	-0.2805999858223396	0.05411368935650184	0.04312966003432916	-0.4960421777339457	0.1357910598096844	-0.04925412547067358	0.2230883713461624	-0.04165356063421288	-6.98920191598812	-33.38620089082067	18.08614297175767	4.766705154354876	-749.8655095314552	21.33221839824688	2.989806974700935	0.3201056942761406	1.140552630387684	-5.325764272728553	-1.242884473188198	-7.522513936615773	-2.46729096110943	-2.25786382629774	-2.257863826297806	-5.178476855469926	3.804699851714434	-0.1103019933999825	-1.74821818722242	-2.757675304398742e-07	-3.771280961477054e-07	-3.232224540133703e-07	-1.584971174316261e-07	-3.635609021459622e-08	3.823936323157274e-07	-6.825874607431421e-07
0.92	-0.6108490123470973	-0.04820894516271509	0.6033971175874256	1.880344195030357	-0.2092156753532769	0.1688075969909711	-0.000864424597859226	1.416804900064178	1.416804900064178	0.09976754274310143	0.07691309564581367	0.3468067119862548	0.1079079691079169	-0.2302528396242497	-0.03934442725845425	-0.05557855694083971	0.3425392259196116	-0.01211098883942104	-0.4639924599664879	-0.01184957148304252	0.04657117407747458	0.04657117407747454	-0.4406474557360306	0.1642336030267401	-0.07313222479932359	-0.03592081012384366	-0.2876638359942251	0.05426897312228995	0.04161049547489513	-0.4889184104411686	0.1303401084872321	-0.04812525637962196	0.2288389015365691	-0.0415939665622812	-8.569073309299521	-32.8606578094794	17.64609347676441	4.282745110419705	-749.7830707487179	20.91663087384959	3.03731515632539	0.3888001506147931	1.106975680556855	-5.335553706070936	-1.075938359404235	-6.076091262280849	-2.141540870416098	-2.05265200356532	-2.05265200356532	-4.05218325569203	3.136072992779031	0.1150552127833957	-1.4387088310136	-9.151227404323899e-08	-1.406182034318651e-07	-1.244157747333377e-07	4.349504507739129e-08	-1.984315378125397e-08	2.019110035488178e-07	-1.314651931095201e-07
0.9299999999999999	-0.6130050752581323	-0.0485844348279155	0.6028967709951021	1.883507813223187	-0.2093837195479837	0.1638595461195076	-0.001089596585810153	1.417164776122757	1.417164776122756	0.09514508366007579	0.07870017078873609	0.3460790864489134	0.1074864935544585	-0.2013856365156457	-0.03589351733743684	-0.04446721181402349	0.2905536714125604	-0.0207979462981236	-0.5257604353546946	-0.0332746266776825	0.0250763463026498	0.02507634630264977	-0.4849113055310623	0.1918916821428839	-0.07257592510065809	-0.04738829894599782	-0.2844810799474827	0.05517087341910897	0.03944972277250389	-0.4921779605503895	0.1331501036843186	-0.04770047492389459	0.2257877117902859	-0.04191355930735575	-7.704838870984261	-32.42095141295422	17.45731102304971	4.994272006929687	-750.3133992568124	20.98593015065709	2.747555413278826	0.3022337799088998	1.116753223169516	-5.074650139455863	-0.660066562384712	-6.248519853612012	-2.156457929583031	-2.247067807751167	-2.247067807751235	-4.773551146029018	2.387272441653335	-0.001529705907296794	-0.8528331168224478	7.916604358922786e-08	8.023029899561685e-08	5.21181570801536e-08	2.164176828181273e-07	-1.444672947903001e-09	2.97671769968296e-08	3.64191606972495e-07
0.9399999999999999	-0.6148852396330515	-0.04892961592049344	0.6025082457129319	1.886162657107659	-0.2096176317419358	0.1582895416588601	-0.001531713142825896	1.417299869974925	1.417299869974925	0.09004797301817552	0.08072514613694325	0.3453515344976958	0.1069799302709773	-0.1750731324009923	-0.03328271273395973	-0.03321429491011828	0.2407843642481631	-0.02528458868808425	-0.5883831778037575	-0.05523848529611061	0.001614732795421672	0.001614732795421642	-0.5355777675109054	0.2118136440838785	-0.07311750757461007	-0.05293835612839656	-0.2812983239007419	0.0560727737159274	0.03728895007010337	-0.4954375106596067	0.1359600988814083	-0.04727569346816615	0.2227365220440008	-0.04222774092122962	-6.839355792188655	-31.96847385693497	17.25215337170482	5.678323495119536	-750.8921200050715	21.04549979464132	2.526375357535254	0.2207790871067308	1.135290035974653	-4.892304237540168	-0.2358753456558561	-6.247044674452086	-2.24930155517373	-2.446009150045992	-2.446009150045992	-5.33270569265433	1.588849557749206	-0.1045212217401085	-0.2552225030625286	7.140459460692492e-08	9.524338620469624e-08	-6.407544923803321e-08	7.283709318596862e-09	4.173524857128137e-08	-3.27809633019265e-08	1.308736906619879e-07
0.95	-0.6165126633143094	-0.04925130960178491	0.6022323540110293	1.888329257859237	-0.2098784750480105	0.1521109376479628	-0.002191081730172093	1.417194400153623	1.417194400153622	0.08443726964995832	0.08291160856934952	0.3446163799790918	0.106443579734324	-0.1506101775344853	-0.03103957410386381	-0.02200351983700667	0.1927621727125896	-0.02649746577550049	-0.645938336609532	-0.07620438107775113	-0.02262844899656041	-0.02262844899656044	-0.5857516633596699	0.2244601352694236	-0.07376904164535651	-0.0537302281172042	-0.2843306043226564	0.05633202234097594	0.03542028153842861	-0.4920202433336086	0.1335007172383586	-0.04635711183412788	0.2252334324605932	-0.0423148580941666	-7.51689673660867	-31.42203997114501	16.86105674644536	5.632274930791617	-750.8927052594358	20.78348024213038	2.376497332123434	0.2285652108942743	1.108031653963227	-4.723192966259245	-0.006042512305557244	-5.299850690507932	-1.955605925360909	-2.401448291907671	-2.401448291907741	-4.73806651250764	0.9496967624295495	-0.0237837819666438	0.09900567408453789	7.688067962358601e-08	1.264346288061601e-07	-1.692729610095963e-07	-1.755704142356369e-07	8.441674406135816e-08	-1.05828025682164e-07	-6.526484467621802e-08
0.96	-0.61790140909072	-0.0495500751047892	0.6020673821420547	1.890022433424518	-0.2101398568493669	0.1453987622076384	-0.003047183742474392	1.416848903394774	1.416848903394774	0.07834916032693261	0.08519396548630838	0.3438790472633359	0.1059173455219574	-0.1273375514313641	-0.02869707707652465	-0.01103032832447277	0.1460993269892827	-0.02539228774375767	-0.6950974636900203	-0.09458517028744488	-0.04639065471387625	-0.04639065471387629	-0.6310589584692398	0.2309925409938643	-0.07355314700509269	-0.05091509127103488	-0.287362884744572	0.05659127096602207	0.03355161300676779	-0.4886029760076067	0.1310413355953114	-0.04543853020009243	0.227730342877184	-0.04239716352571887	-8.197196942928851	-30.87722449614981	16.47151444752463	5.564220878383425	-750.9380701789614	20.54769567025626	2.288309604858086	0.2406507665553767	1.087773323859109	-4.620435075086843	0.2277356781759517	-4.567838329394883	-1.732280240784384	-2.349813935112745	-2.349813935112745	-4.359385544815401	0.3660324655283472	0.06896452046193442	0.4661792639328441	3.312224038207986e-07	4.617751927844844e-07	-6.7743895304611e-08	1.356366411817611e-07	1.177278302042109e-07	-3.762548231942748e-07	4.375689822649158e-07
0.97	-0.6190675620643151	-0.04982689510595334	0.6020115892860716	1.89125895333901	-0.2103802927001046	0.138251419809914	-0.004079006869831769	1.416261979552318	1.416261979552319	0.07185026389506168	0.08751025909236117	0.343142371870149	0.1054322747147643	-0.1065417751398327	-0.02685035346045565	-0.0001047939259832865	0.1017741930493029	-0.02239175004875961	-0.7326639248109158	-0.1117994716215182	-0.07152295125789208	-0.07152295125789208	-0.667347876378641	0.2313050375310956	-0.07420190170459089	-0.04583881058443132	-0.2820098688535744	0.05681713797461407	0.03200894836763862	-0.4939886020772152	0.135752888956108	-0.04534711454053613	0.2231118739716846	-0.04271863395171527	-6.771323777542628	-30.53117537511066	16.35159416798201	6.410217572434472	-751.5506810876034	20.57225816096797	1.878070891811485	0.1291986193939054	1.098333142381887	-4.252967164189542	0.3817094968906685	-3.094902088725819	-1.719007545343694	-2.674378707482592	-2.674378707482654	-3.057836177505313	-0.2802148249724226	-0.1946360939983509	0.5674301118260414	5.693446935495746e-07	7.758742583736295e-07	3.028989259075072e-08	4.268760571808531e-07	1.483054438517326e-07	-6.297670065070469e-07	9.104133878110589e-07
0.98	-0.6200451854248945	-0.05009074477890497	0.6020657297029814	1.892069338991953	-0.2105816238375509	0.1307796423839359	-0.00528357350365421	1.415407844505735	1.415407844505737	0.06502964003144725	0.08980086304921776	0.3423866408041975	0.1050057822425975	-0.08963162882785498	-0.02610301143402534	0.01095632625409721	0.06087247467988137	-0.0175713450846047	-0.7599844693433688	-0.1291338715805725	-0.0998328955393709	-0.09983289553937084	-0.6954044448281567	0.2258546111566089	-0.07736428155779566	-0.03919942426574995	-0.2766568529625788	0.05704300498321215	0.03046628372837101	-0.4993742281468196	0.1404644423169104	-0.04525569888096212	0.2184934050661834	-0.04304826921229511	-5.348058340818707	-30.18374805980362	16.22935864022503	7.220218550287135	-752.1861938457168	20.75874653726537	1.51118360894737	0.02077444862763366	1.114890480177308	-3.935751960975185	0.5917091320073186	-2.518655011706429	-1.756299965780594	-2.985343482605338	-2.985343482605338	-2.712915652838265	-0.7865521168152484	-0.4337605102793922	0.7788003903483864	2.884450802882792e-07	4.102453755089118e-07	1.647479057813754e-08	7.915101179403302e-08	9.141193764864325e-08	-3.420115354408842e-07	4.235963087173242e-07
0.99	-0.6208682428341109	-0.05034964264584389	0.6022299700575079	1.892484684102931	-0.210726370138054	0.1230729544407797	-0.006652747451571679	1.414263985358581	1.41426398535858	0.0579560708528255	0.0920139322647746	0.3415945494766409	0.1046555491234077	-0.07515221337628619	-0.02556424124159177	0.0217918257812718	0.02247741044665534	-0.01128322802085854	-0.7797334233998141	-0.1437709546847808	-0.1285590020261826	-0.1285590020261826	-0.717922436862898	0.216291940011367	-0.08073564950966049	-0.03062775425474217	-0.2836417890697768	0.05681091368870665	0.02930945778517057	-0.4915046171753357	0.1345727090766754	-0.04420029855907853	0.2246767246042208	-0.04298581257313704	-7.046308932983799	-29.70373085242576	15.78844636120424	6.691234068976573	-751.6927683166641	20.37735358968673	1.39047978428099	0.08728342998030958	1.052880425958284	-3.749242206711072	0.6615199753161726	-1.460085402246142	-1.177917985015942	-2.759256528525829	-2.759256528525912	-1.813189097846159	-1.111274904921857	-0.2410594667257331	0.9292343170914225	1.019426170530922e-08	4.751887477130278e-08	2.946674881555004e-09	-2.62875637106029e-07	3.507867272560657e-08	-5.671934150979169e-08	-5.718302640960521e-08
1	-0.6215516742346048	-0.05059978178577303	0.6024995655547005	1.892524506861135	-0.2108054038715707	0.1152173629971071	-0.008140393330985495	1.412844262687198	1.412844262687198	0.05069893212985919	0.09411734471058629	0.3407782975637552	0.1043976095064509	-0.06170642708392638	-0.02435126603207282	0.03202735478734874	-0.01423199587515943	-0.004428831686785635	-0.7897651694415726	-0.1528282578799739	-0.1550056003852637	-0.1550056003852637	-0.7321183536597944	0.2039232572043951	-0.08219639862495406	-0.02074072381915738	-0.2906267251769719	0.05657882239416331	0.02815263184256532	-0.4836350062038495	0.1286809758364296	-0.04314489823728265	0.2308600441422577	-0.04291721849122662	-8.752877596677548	-29.23923559491884	15.36607549012795	6.17976414746304	-751.2697218441829	19.99222671477318	1.304457777105567	0.1556154520447059	0.9948963759577768	-3.59862037869294	0.7049649860726508	-0.5752134087690518	-0.6403439839775463	-2.529441857059223	-2.529441857059223	-1.048500605269215	-1.347754449161244	-0.05163674296515983	1.04187247526377	-8.474678401614258e-09	-3.077417750949408e-08	1.754321815599138e-08	-4.64594303034895e-08	3.364905324776153e-08	-1.282830681569788e-08	5.373654721071189e-08
1.01	-0.6221092389930881	-0.05083666618901003	0.6028693936855545	1.892207878424299	-0.210809509005598	0.1072846282144879	-0.009697935018125298	1.411165199622862	1.411165199622861	0.04331281837076391	0.09608242180094508	0.339951995569295	0.1042490453948372	-0.05034974728340007	-0.02313900802582374	0.04192475188836883	-0.04856881306001642	0.004048955063547925	-0.7973793611728421	-0.1584385468981746	-0.1810851236407545	-0.1810851236407545	-0.7462427464513236	0.188521615709931	-0.08325403021018572	-0.008383717580952205	-0.2883158723483077	0.05701964627325976	0.02667471063657883	-0.4852940938304426	0.1304388452240991	-0.04282125636143422	0.228981320563151	-0.04317291493968006	-8.206626167801755	-28.90013914859462	15.19448517642436	6.732752913315349	-751.4198188002871	20.11508186151231	0.9697725591898916	0.0870284043171367	0.9851397541247061	-3.272497125831368	0.9853828963120267	-0.9441350571843542	-0.4851414632573068	-2.688918767204935	-2.688918767204998	-1.76517231959235	-1.721907954404709	-0.1613566213316315	1.42090039761764	-2.714361850853774e-08	-1.090672297902909e-07	3.213976143042775e-08	1.6995677649905e-07	3.221943376991649e-08	3.106272787839594e-08	1.64656120831029e-07
1.02	-0.6225695370580347	-0.05106482852630456	0.6033377914628091	1.891563624868122	-0.2107155967967632	0.09925782891418754	-0.0113043336159497	1.409216999084489	1.409216999084489	0.0357513079430804	0.09787637468539422	0.3391094112079768	0.1042417084855092	-0.04225308837631069	-0.02260685284357563	0.05174128406748165	-0.07975701974284632	0.01517463688581532	-0.8085780729792501	-0.1625996400169997	-0.208833095192682	-0.208833095192682	-0.7671976873827565	0.1696984160228375	-0.08545287199659628	0.007504716638003556	-0.2860050195196464	0.05746047015235357	0.02519678943053282	-0.4869531814570326	0.1321967146117712	-0.04249761448558618	0.227102596984042	-0.04341946740924971	-7.670144432691099	-28.57544220104728	15.0396827899882	7.315294216716674	-751.644455667558	20.21463677877891	0.652453598418185	0.01959488724450384	0.9787233915763199	-2.968898278287521	1.234544000459414	-1.292117423796685	-0.3505048041024306	-2.863131516346568	-2.863131516346568	-2.414610233249894	-2.032066087687142	-0.279878783200962	1.748158071413869	-1.33976793715824e-07	-1.973130175246023e-07	-5.12468875951514e-08	-1.983021153768019e-07	8.174316273192116e-09	1.183982027858895e-07	-2.728766060692185e-07
1.03	-0.6229618978971684	-0.0512898146583988	0.6039036532892748	1.890620530541552	-0.2105011194847138	0.09111540118355808	-0.01294327911943827	1.406986020082532	1.406986020082533	0.02796497811251868	0.09946910945954275	0.3382412967010239	0.1044055312574262	-0.0364526549452624	-0.02237988362510421	0.06138492975516252	-0.1085840336670862	0.02772861948094815	-0.818831092482963	-0.164745998441195	-0.2373183746663252	-0.2373183746663252	-0.7890244702311949	0.1486772622139158	-0.08815901566099651	0.02524243923988544	-0.288184560482631	0.05731769454271739	0.02390843086160903	-0.4837537255508116	0.1302857317758034	-0.0417235018661215	0.2291339841405248	-0.04347883168973738	-8.201043924269969	-28.15459816948312	14.7697222372776	7.304840662208044	-751.4489300725835	20.07872380594292	0.5087421430194278	0.02581806420519558	0.9503042041779837	-2.797986332378034	1.266923116777436	-0.7305094252102572	-0.08018202563277116	-2.834527588200838	-2.834527588200911	-1.910107602101708	-2.162967098256898	-0.2643744338195056	1.783884178908858	-2.417096039751554e-07	-2.856603637839495e-07	-1.356333651135884e-07	-5.725270796881507e-07	-1.610157161148014e-08	2.061769883078058e-07	-7.160057850155974e-07
1.04	-0.6233032736164785	-0.05151221707329742	0.6045645753819803	1.889397489399161	-0.2101608828011717	0.08290272021559503	-0.01459038433997904	1.404471528000774	1.404471528000773	0.01999170139516191	0.1008464672814467	0.3373464423022718	0.1047461922202287	-0.03205606441135042	-0.02209010940445034	0.07075333731547247	-0.1357463829067614	0.0403265111855655	-0.8226287204487414	-0.1642315834275629	-0.2655357111530735	-0.2655357111530735	-0.8045870647380723	0.1266230255745049	-0.09080085035579515	0.04287235481510903	-0.2903641014456115	0.05717491893310007	0.02262007229252677	-0.4805542696445885	0.1283747489398452	-0.04094938924661352	0.2311653712970096	-0.04353406022871138	-8.743753172553456	-27.75554405668539	14.52576400072254	7.343589074398737	-751.3380590439722	19.88014626474994	0.3716850189909316	0.03215588768098417	0.9236757661021362	-2.635965341374587	1.243325822356312	-0.001039116209711676	0.1816498834630823	-2.80954291896758	-2.80954291896758	-1.161772564937652	-2.238682653784958	-0.2670169892806684	1.726596666082193	-4.177776748084887e-07	-4.976594670740217e-07	-2.349921688294833e-07	-9.422737961089802e-07	-4.592668830765504e-08	3.834515977152371e-07	-1.23996187560082e-06
1.05	-0.6236056232020399	-0.05173112547364965	0.6053178680663367	1.887909223002951	-0.2096940584411875	0.07466734985872364	-0.01622045492697857	1.401677021223894	1.40167702122389	0.01187669637904975	0.102001928028347	0.3364263793934686	0.1052638391659202	-0.02843789828018351	-0.02165167072597459	0.07986395547513539	-0.1618197640562868	0.05299883649719236	-0.8244027483078202	-0.1614779340753776	-0.2932423345387339	-0.2932423345387338	-0.8183362744171592	0.1046638729682561	-0.09313319386232298	0.06061443561810734	-0.2934621353745039	0.05705656112685379	0.02090893350444873	-0.475952460690344	0.1252760631045468	-0.03978031276365555	0.2339018938560594	-0.043560324401548	-9.618170481329388	-27.2104900501558	14.22135241243014	7.342954635813206	-750.9553272777907	19.82364537664466	0.3531218647682515	0.05565736083767158	0.8986827522828706	-2.580095747777606	1.273101965679632	-0.2593652801836709	0.3679124456654394	-2.732604599487228	-2.732604599487288	-1.469766460914201	-2.145630400935237	-0.2046775849260149	1.7914270699337	-5.959812225347593e-07	-7.135226877713034e-07	-3.348188577390486e-07	-1.311880567283231e-06	-7.592521840418938e-08	5.635229516190904e-07	-1.766443807174756e-06
1.06	-0.623872543235372	-0.05194445558663616	0.606161052514567	1.886162808546038	-0.2091017276120627	0.0664154830913707	-0.0178138510235418	1.398609171702934	1.398609171702934	0.003626545007800641	0.1029435774818179	0.335485326138887	0.1059575895761467	-0.02497015396545325	-0.02097445193130686	0.08873169009024796	-0.1873759950472549	0.06542780501337825	-0.8259280025439734	-0.1568966853404098	-0.3202042599692722	-0.3202042599692721	-0.8316163357570427	0.08386076688638995	-0.09499891951233813	0.07809304772210779	-0.2965601693034007	0.05693820332057905	0.01919779471660877	-0.4713506517360936	0.1221773772692414	-0.03861123628075395	0.2366384164151057	-0.0435765701276517	-10.50416063843393	-26.69891938479331	13.95821094052769	7.402096790644989	-750.6587075541497	19.60077121128176	0.3416006557036166	0.07991191091936806	0.8750990571920646	-2.532535309663134	1.194654463268117	0.04871560837547275	0.5471697600195997	-2.660603327943169	-2.660603327943169	-1.06794289709697	-2.007473348908421	-0.1736934179781593	1.673902926282612	-4.105643182777877e-09	5.425480679713902e-08	2.704981909196592e-07	1.413171381007537e-08	-8.327945488901608e-08	4.992744448673453e-09	1.614448384976546e-07
1.07	-0.6241053802065853	-0.05215006217356504	0.6070918940585833	1.884163051421906	-0.2083895049173624	0.05817324613592816	-0.01935406110760489	1.395274615258329	1.39527461525834	-0.004726226753772144	0.1036822686589939	0.3345262889138209	0.10681904271205	-0.02161387890026224	-0.02013123719828305	0.09741614942708755	-0.2125242689831988	0.07684203000926834	-0.8221893194341642	-0.15100970965624	-0.3466734630041707	-0.3466734630041707	-0.8383659623176578	0.06421931987794241	-0.09683978746590159	0.09391177909044929	-0.2982113843344292	0.05683945393727408	0.01753635195723203	-0.4682203169652543	0.120443487881776	-0.03754165654884555	0.2381173968382758	-0.04362827973597	-10.98181378694047	-26.21150955244683	13.75882760531749	7.531652600272501	-750.4368158663204	19.42140515260163	0.3303300745210132	0.08885252007355338	0.8619219600915775	-2.498128023993702	1.088788796334775	0.5860780388659008	0.62980474504279	-2.635178594671941	-2.63517859467201	-0.3926706943851644	-1.890832507551389	-0.1938409375474805	1.493301689379975	6.287315918648602e-07	8.743536160073815e-07	9.133228851937055e-07	1.430336497683581e-06	-8.942920767109224e-08	-5.928247798001668e-07	2.219885110619354e-06
1.08	-0.6243051165986353	-0.05234677136004821	0.6081089407136007	1.881913380640721	-0.2075683435170035	0.0499783226869547	-0.02083133278034031	1.391676346822693	1.391676346822693	-0.01312933441261716	0.1042348749399134	0.3335479315185048	0.1078301718510907	-0.01835003813129701	-0.01919497184216663	0.1059727122904545	-0.2373587264564987	0.08721554614855163	-0.8164653012610542	-0.1443090030749707	-0.3729466581754189	-0.3729466581754189	-0.841683515231943	0.04664378763995747	-0.09886295355954682	0.1080282483495964	-0.2998625993654475	0.05674070455405212	0.01587490919693812	-0.4650899821944268	0.1187095984943452	-0.03647207681675423	0.239596377261451	-0.04368485874862654	-11.46499351033452	-25.74191160173612	13.58152362105738	7.652208042615572	-750.2492528993557	19.32736529540398	0.3231137964584793	0.0985220355378757	0.8495197624975401	-2.469772017134352	0.9865126919467535	0.4457826210355846	0.7099159394395126	-2.621401755213116	-2.621401755213116	-0.381528167831018	-1.594290394815907	-0.2101530459945387	1.33345050444374	7.243853623400456e-07	1.004905486152576e-06	1.027029802656806e-06	1.688919880256198e-06	-8.916089678915641e-08	-6.89888259090911e-07	2.576841991821721e-06
1.09	-0.6244726250421243	-0.05253364919939899	0.6092109651322289	1.879416783302295	-0.2066500693706213	0.04185952270707658	-0.02223774633442552	1.387816363969333	1.38781636396933	-0.02153768080911428	0.1046219103178735	0.332547971412862	0.1089715413699134	-0.01516736770262514	-0.01816493060466836	0.1144168599935079	-0.2619214198055464	0.09614949220413008	-0.8062236694461626	-0.1368551937122413	-0.3990111910447905	-0.3990111910447905	-0.8385253361320728	0.03107598307386825	-0.1011980174376512	0.1197647515775666	-0.3012495721341195	0.05656396476631256	0.01473791646640051	-0.4624209862384821	0.1174724798938905	-0.03557984976115946	0.240867699961617	-0.04374086038455624	-11.81261532850099	-25.36723233693179	13.46690343862162	7.743332082708736	-750.165001370326	19.17182034654999	0.3137038959303086	0.1075773142193774	0.8394147157221462	-2.443418221156906	0.8035967326059994	1.474167064959155	0.780890539201031	-2.593327664328565	-2.59332766432863	0.8835416559839474	-1.490670539334567	-0.2553717644646877	1.02198936446186	7.791664779021126e-07	1.082991828325433e-06	1.100477758840816e-06	1.859423373599406e-06	-8.84042549762632e-08	-7.488508871348467e-07	2.804338180236756e-06
1.1	-0.6246087347353554	-0.05270976019710245	0.6103969415161906	1.876675778984904	-0.2056511035296385	0.03387530176599968	-0.02356606637398059	1.383696866064972	1.383696866064972	-0.02987063527322071	0.1048627386398112	0.3315226229272923	0.1102159237475131	-0.01207028807958697	-0.01704160351270547	0.122763105357145	-0.2862401222492708	0.1033538850694222	-0.7895494935015503	-0.1286903001690421	-0.4248496683753368	-0.4248496683753367	-0.8266051287486818	0.01740237643461176	-0.1039406295456078	0.1286308201050654	-0.3026365449027941	0.05638722497855146	0.01360092373604906	-0.4597519902825307	0.1162353612934314	-0.03468762270560673	0.2421390226617806	-0.04380454598699791	-12.16434940373885	-25.00499505013466	13.36765639055803	7.817378224492299	-750.115694920722	19.12692995978821	0.3059956353317611	0.117179206430784	0.829939294614272	-2.420973836069694	0.6406020538894915	1.732291446979715	0.8521327755334958	-2.576190647448036	-2.576190647448036	1.37087748887319	-1.215450809449375	-0.2916626919649912	0.7593635643494729	8.11254000382164e-07	1.123963696285447e-06	1.16379608908909e-06	2.023054536361201e-06	-8.263724294821649e-08	-7.880698838862995e-07	3.007061939105808e-06
1.11	-0.6247145548359712	-0.05287439509544358	0.6116660284102253	1.873692845656422	-0.2045889062151175	0.02609257560909948	-0.02481017244279387	1.37931967915775	1.37931967915775	-0.03803772985123344	0.1049752794293656	0.3304671393341405	0.111534108220768	-0.009139926811140384	-0.01589255207555217	0.1310527433476592	-0.3103000469161676	0.108799486993157	-0.7657186044242075	-0.1201061671155939	-0.4505994133124943	-0.4505994133124942	-0.8051479448677675	0.005295731090645991	-0.1072880217091728	0.1345062731826921	-0.3028365674584365	0.05630185737843235	0.01296215750008058	-0.4584296703133097	0.1162107277954148	-0.03409321271152443	0.2423857609001291	-0.04390074275238808	-12.16995753138266	-24.77113491706088	13.35699836068342	7.974402470479562	-750.1746123169937	19.04431520930679	0.2798628078783202	0.1126765897638425	0.8280806453762015	-2.391309557148073	0.4538963656227494	2.900255599534865	0.8652655419969324	-2.57629033042101	-2.576290330421076	2.782993560579864	-1.179251203267089	-0.3759070153456003	0.4270984927230206	8.410721635540143e-07	1.161224116824177e-06	1.22610145674379e-06	2.185998466064854e-06	-7.636919389865455e-08	-8.253145175085045e-07	3.207308455020262e-06
1.12	-0.6247924100368493	-0.05302775778393234	0.6130179326029869	1.870470751526239	-0.2034807814605638	0.01858651193527016	-0.02596769478672285	1.374684610018442	1.374684610018442	-0.04594028164587022	0.1049725578042046	0.3293742559119941	0.1128961396874496	-0.006477308131591459	-0.01478716154222939	0.1393265651024861	-0.3340722825890017	0.1125393730771857	-0.7342169968899365	-0.111373555192273	-0.4764261147925077	-0.4764261147925077	-0.7736965720716809	-0.005650106509197196	-0.1114205953444718	0.1374002187904695	-0.3030365900140792	0.05621648977831366	0.01232339126406784	-0.4571073503440872	0.1161860942974017	-0.03349880271743722	0.2426324991384766	-0.04400469162993841	-12.17868065489265	-24.54422066861932	13.35475890347254	8.11244945997027	-750.2721814296054	19.08461944394442	0.2524471175522529	0.1084470256646644	0.826776047476814	-2.363436037257144	0.2994588859482715	3.266435138365346	0.88182854950804	-2.591581956019244	-2.591581956019244	3.369715271907671	-0.983289260624877	-0.4486989863118257	0.1630620703795972	8.035887495340473e-07	1.108382133377525e-06	1.197796361043485e-06	2.178095120447138e-06	-6.847450477213114e-08	-7.948927324250927e-07	3.157091491864805e-06
1.13	-0.6248444456842833	-0.05317029046156375	0.6144526017749166	1.867011722204766	-0.2023435355880171	0.01143226525681332	-0.02703805756472784	1.369791059815799	1.369791059815795	-0.05348032068160648	0.1048654313770357	0.3282361706330465	0.1142726502094399	-0.003926298418913478	-0.01372769480529273	0.1476161097067767	-0.3577491774383964	0.114656752650671	-0.6953435774378279	-0.1027618255087525	-0.5022832849600171	-0.5022832849600168	-0.7326916754126684	-0.01572046762010653	-0.1163239843057902	0.1374548388349018	-0.3029324450113214	0.05621659144825825	0.01210764629599529	-0.4561497869589821	0.1165404882678702	-0.03309763150024147	0.2425878909690401	-0.04411088371945197	-12.08581540539592	-24.41486991940364	13.40397094591702	8.264910183221099	-750.4018248538687	19.06203155920059	0.2571675454573767	0.1034365118577919	0.8312195489589432	-2.371960590220274	0.1301841481918177	4.391309607250929	0.8414214128180303	-2.582838763889931	-2.582838763889971	4.708787088786284	-1.01019095038823	-0.5301490563430286	-0.1399791481636405	7.576926383651046e-07	1.044277349432703e-06	1.158164957423806e-06	2.148835865414252e-06	-6.037648563598774e-08	-7.560126450034802e-07	3.075566593825614e-06
1.14	-0.6248708233051252	-0.05330248046899624	0.6159704015693003	1.863315495058509	-0.2011926545887099	0.004705455624599006	-0.02802418779888825	1.364638927068127	1.364638927068127	-0.06056172870559146	0.1046593450559417	0.3270452534234286	0.1156363787079467	-0.001345702812947987	-0.01271862750244661	0.1559526895932825	-0.381511847545375	0.1152663984298916	-0.6487295876410368	-0.09452704642345906	-0.5281426237984507	-0.5281426237984503	-0.681970369718125	-0.02544208529358756	-0.1219869814791561	0.1348438140937868	-0.3028283000085652	0.05621669311817989	0.01189190132815574	-0.4551922235738664	0.1168948822383339	-0.03269646028309159	0.2425432827996016	-0.04422305021937719	-11.995423702437	-24.2867698121197	13.45431649468656	8.40342827175048	-750.5766614806463	19.15453898496703	0.2583642962097812	0.09836713884654007	0.8361831039198409	-2.380591088773957	-0.002087872904654148	4.814549207301902	0.8064384298626596	-2.592015690204104	-2.592015690204104	5.312997079013911	-0.9135405731392398	-0.6006206287213784	-0.3700668867298776	6.71611811391129e-07	9.254524724785951e-07	9.915782198493994e-07	1.870523837191817e-06	-3.594256848154357e-08	-6.861348672219043e-07	2.715425007358858e-06
1.15	-0.6248719506333235	-0.05342523789944861	0.6175719709875672	1.859381622727196	-0.2000425592273407	-0.001516106007834295	-0.0289311519335026	1.359227259119121	1.359227259119136	-0.06708778864006976	0.1043556305085953	0.3257929748558051	0.11696130108701	0.00104972145720865	-0.01188262290049634	0.1643867218914505	-0.4052342054795838	0.1145581846044146	-0.5939116990710985	-0.08705535328434992	-0.5542812701739861	-0.554281270173986	-0.6213286385005093	-0.03555392728176849	-0.1286961240580705	0.1297366852731725	-0.3008469389892803	0.05631632410360637	0.01214218247397049	-0.4561532348224959	0.1189262371632039	-0.03263082162545895	0.2408715314006324	-0.04438641661675449	-11.41631688997181	-24.2792602875691	13.5929231553623	8.724509347065329	-750.8050665346416	19.2443799805405	0.2197158904653708	0.06875148135734015	0.8507224126768621	-2.363647462401488	-0.134186405103401	6.066221763737537	0.6890988382526035	-2.638447835639802	-2.63844783563989	6.726679647199052	-1.097611277996339	-0.7400597529637941	-0.6413465287066646	5.794565506326716e-07	7.983559535579679e-07	8.058005597004399e-07	1.554564296743053e-06	-9.039271394100346e-09	-6.115713920603337e-07	2.313166944734445e-06
1.16	-0.6248512068392181	-0.05354112841178431	0.6192586225527985	1.855211408953203	-0.1989053456577878	-0.007139326138129653	-0.02976908632026211	1.353551472961478	1.353551472961477	-0.07295004756158037	0.1039432764881524	0.3244668051262811	0.1182230900480713	0.0030285216492427	-0.0113452438791133	0.1729691189861338	-0.4287801360800874	0.112690040069548	-0.5290612872252356	-0.08072109685252409	-0.5809662655259838	-0.580966265525984	-0.5492101671203657	-0.04716997992349927	-0.136765213856478	0.1222171304933833	-0.2988655779699911	0.05641595508912348	0.0123924636186676	-0.4571142460711631	0.1209575920881082	-0.03256518296762503	0.2391997800016663	-0.04455328052968076	-10.83978412269736	-24.26848569099004	13.72676569174537	9.046000321471551	-751.0895327914845	19.41918267534683	0.1750394805852955	0.03864202273307736	0.8658560632229109	-2.345305622032897	-0.2340740147825415	6.821053862486845	0.5789510884060145	-2.701285485496573	-2.701285485496573	7.608345111519493	-1.214382703849222	-0.8726100726200146	-0.8525520785648595	3.754888782965108e-07	5.096592597345255e-07	4.473858180154299e-07	9.253837864254337e-07	1.77083814423719e-08	-4.072647652361318e-07	1.432942514339789e-06
1.17	-0.6248091011293553	-0.0536521419630413	0.6210316520552535	1.850803553260685	-0.197792528569375	-0.01208066331492796	-0.03054911819684623	1.347608799614275	1.347608799614267	-0.07805101056789626	0.103411211930748	0.3230559650834791	0.1193991743684083	0.005695733072084225	-0.01080750583676714	0.1816431490352073	-0.4530721418898821	0.1096581403017422	-0.4584281002186201	-0.07545823936811052	-0.6073706722619334	-0.6073706722619335	-0.4699947815827887	-0.05928049726458767	-0.1453560389597468	0.1126922297440095	-0.3007025949621458	0.05640217119912998	0.01239479630799551	-0.4536098765079101	0.1192949746771483	-0.03205700148366263	0.2407132353851089	-0.04458302757343623	-11.33928121582909	-24.14411914338486	13.71707926838556	9.05847204909324	-750.8724375869352	19.4301146860141	0.3580607224963107	0.06884357856161008	0.8691034596217104	-2.513290304852019	-0.3700319387364064	7.301193418892832	0.4740089429467969	-2.580381140025123	-2.580381140025172	8.226259395629071	-1.214990503185385	-0.8452776697669333	-1.048574513231586	1.515547038929002e-07	1.921053918212909e-07	5.814302605612105e-08	2.402709600597971e-07	4.442824066259933e-08	-1.797897184721712e-07	4.673669468432913e-07
1.18	-0.6247312235553899	-0.05375627735715995	0.6228916072549738	1.84614434906119	-0.1967164872748274	-0.01629232016184114	-0.03128171032568827	1.341408009625237	1.341408009625237	-0.08233019489466444	0.1027569213491351	0.3215606250015304	0.1204707865932299	0.0101828944694497	-0.009969612451445536	0.1903542584392278	-0.4790498374756473	0.1053348812956703	-0.3831252212462521	-0.07123314730417217	-0.632589593893122	-0.632589593893122	-0.3848544312151204	-0.07161518476354643	-0.1536652216864811	0.1013227113903177	-0.3025396119543047	0.05638838730911223	0.0123971289975263	-0.4501055069446346	0.1176323572661829	-0.03154881999974753	0.2422266907685488	-0.04461211975619313	-11.84024038871139	-24.01000939045457	13.69441842235579	9.081815978963631	-750.7206828252888	19.46561301059737	0.5390294754901236	0.09867309132814731	0.8732719342122975	-2.682443577226999	-0.4923458624357466	7.754992255637338	0.3713980043109927	-2.464188464544349	-2.464188464544349	8.793338077537742	-1.259216735423313	-0.816281597313143	-1.221475599428451	1.294797165734602e-07	1.539646952634113e-07	8.356204117594107e-08	4.05332279662724e-07	2.877677530626376e-08	-1.385838576179723e-07	5.31163513136632e-07
1.19	-0.6245991585113683	-0.05385082045966673	0.6248390285526197	1.841216546864395	-0.195689401069633	-0.01973398314780116	-0.03197914952161675	1.334959862506296	1.334959862506295	-0.08573554559486146	0.1019780887059555	0.3199830523930587	0.1214205333062497	0.0165728268582815	-0.008916134869961649	0.1991550775586922	-0.5068515281476355	0.09997164118578	-0.3052768161051545	-0.06863857114581419	-0.6569691032754154	-0.6569691032754154	-0.2961906739078964	-0.08416130353904605	-0.1618469402629075	0.08847645967758336	-0.3029389219652179	0.05649964833412044	0.01236477975510795	-0.4477449674721161	0.1169718851019132	-0.03121363127734484	0.2424490668880562	-0.04467363081923748	-12.03715322160262	-23.91933136270318	13.70328285659103	9.273374794194932	-750.4273080032011	19.52090304932086	0.7404196416565256	0.1121159987546152	0.8872212715313901	-2.880136058264551	-0.5748168806652674	7.789446115309622	0.1459055320174421	-2.414253791817722	-2.414253791817769	8.906620569012029	-1.253615962043704	-0.8187463369893014	-1.338597695550421	1.492535851129355e-07	1.737511195962787e-07	1.949475284950967e-07	7.466492148932877e-07	4.341010952347659e-09	-1.359947792084818e-07	8.083664974108028e-07
1.2	-0.6243929052392432	-0.05393414260491982	0.6268752049156042	1.836000506911663	-0.194719248024617	-0.02239922578796231	-0.0326621593338774	1.328270035970182	1.328270035970182	-0.08825351351964944	0.1010735335723318	0.3183237367289866	0.1222373379544714	0.02502054009019898	-0.007725421000707806	0.2081052715069299	-0.5366973886628186	0.09394824925990661	-0.2278411520855128	-0.06834727057067282	-0.6809254773275445	-0.6809254773275444	-0.2073778761327827	-0.09675968285176241	-0.1700138328066109	0.07473429843066945	-0.3033382319761313	0.05661090935912288	0.012332430512737	-0.445384427999594	0.116311412937645	-0.03087844255495159	0.2426714430075622	-0.0447305009891641	-12.2335128144943	-23.8135646200953	13.6926163916739	9.460027524145822	-750.1880676735016	19.63141754594395	0.9505856441073018	0.1261203488821164	0.9031468999669597	-3.091277545865971	-0.6243762256323617	7.672444031346151	-0.08925711233230854	-2.379561398511471	-2.379561398511471	8.823146171115651	-1.269668842866676	-0.8133163907685784	-1.400657506264367	1.55443742861955e-07	1.799901701594542e-07	2.272574754328551e-07	9.042384981077395e-07	-7.128169428107495e-09	-1.296599556730027e-07	9.088196893285203e-07
1.21	-0.624091296324585	-0.05400478706721833	0.6290016551709979	1.830475190438525	-0.193812731218192	-0.02429121876825687	-0.03335423763766328	1.321342808233771	1.321342808233776	-0.08988171229183968	0.1000420987513276	0.3165830054253618	0.1229121989034465	0.0357241994809693	-0.006370598280336439	0.217214541769283	-0.5687892395700068	0.08724641343486964	-0.1505905445818453	-0.07052321203592735	-0.7044473461847131	-0.7044473461847129	-0.1182231885189689	-0.1095993741220615	-0.1781055791054377	0.06010471593644996	-0.3038072007068311	0.05665570953543739	0.01238591678272719	-0.4427865257006434	0.1155696664019306	-0.03062041674720214	0.2429571447851277	-0.04477217591601229	-12.44836290803273	-23.7349624418047	13.67533373350683	9.607666130060851	-749.8362877932058	19.66355454968568	1.193736938729481	0.1450907508682923	0.9192572383659965	-3.331604144809444	-0.7092536770708795	7.746526679362141	-0.3499859409697367	-2.327622871111394	-2.327622871111468	8.967399764442639	-1.301695933726006	-0.8030632161328408	-1.513924943932548	1.584077692982412e-07	1.830117194523279e-07	2.407869815300322e-07	1.018192463968366e-06	-1.551778611486576e-08	-1.224355176701013e-07	9.672948055615813e-07
1.22	-0.6236699546455877	-0.05406089779886279	0.6312200861588145	1.824616262399982	-0.1929764660532484	-0.02541167415959675	-0.03408172001157083	1.31418253716043	1.31418253716043	-0.09061721024630297	0.09888015168471725	0.3147621647654051	0.1234368007628931	0.04896709295845406	-0.00481867486989621	0.2265014179915525	-0.6034197017437661	0.07989792096456447	-0.07353363429877129	-0.0754280845950769	-0.7275341447135562	-0.7275341447135562	-0.02883771258802592	-0.1228621319769392	-0.1860357040719893	0.04468248052495977	-0.3042761694375293	0.05670050971178344	0.01243940305240925	-0.4401886234017044	0.1148279198662279	-0.03036239093938195	0.2432428465626954	-0.04480609569363797	-12.66163291314393	-23.6386407967832	13.63530082573696	9.741398899621888	-749.535718567307	19.76251068195441	1.458432461450235	0.1655404868958651	0.9386680919502215	-3.598999799180191	-0.7537075546859817	7.633704587227436	-0.6350433311112914	-2.292547332846365	-2.292547332846365	8.869303834541498	-1.354282159782417	-0.780992124313562	-1.559188089718514	1.279762790576684e-07	1.424483517487438e-07	2.139611285532802e-07	1.011850479854032e-06	-2.70777029201109e-08	-8.20668583196033e-08	8.697539101369405e-07
1.23	-0.6231017738836196	-0.05410014395425798	0.6335322564726646	1.81839679639075	-0.1922168879742444	-0.02576636079843536	-0.03487237388651837	1.306794232865063	1.306794232865063	-0.09046177439570106	0.09758422786335937	0.3128638249065034	0.1238037770825903	0.06529327360811385	-0.002959405469188875	0.235963660924902	-0.6410814528633946	0.07190480328327341	0.00225559102215676	-0.0832387330583569	-0.7499832748193247	-0.7499832748193248	0.0596420174887288	-0.1363166727242283	-0.1935019372512296	0.02862481257610936	-0.305969895998268	0.05663789757692749	0.0124502163965293	-0.4360431740152617	0.112788449750754	-0.03002118671816715	0.2445608836754947	-0.04478892957865072	-13.25356355207044	-23.52458623080333	13.53771838358574	9.800289334362267	-749.0184800234856	19.76593169442175	1.813355853601085	0.2067843025578832	0.9546505513662662	-3.940943199575917	-0.838910078660239	7.500532631866752	-0.9344820034556378	-2.199595797358088	-2.199595797358138	8.79485145990199	-1.339931277256889	-0.7098945566384657	-1.642110677150234	8.855368817332551e-08	9.015058331534358e-08	1.762703712104699e-07	9.731211245925925e-07	-3.949116206494868e-08	-3.277475476013663e-08	7.302087038813782e-07
1.24	-0.6223516023177802	-0.05411866458846652	0.6359399788473162	1.811782476784076	-0.1915406003128154	-0.02537335495859688	-0.03575721552600217	1.299185737279056	1.299185737279056	-0.08943003247120553	0.09615398038551767	0.3108947315874274	0.1240075658168626	0.08536525373287494	-0.0006735706325643807	0.2456118301518646	-0.6823904212318956	0.06323983744960007	0.07600486143673338	-0.09426563750239496	-0.7715724028417331	-0.7715724028417331	0.1464235021918629	-0.1497268632737064	-0.2001863961068385	0.01204496343998207	-0.3076636225590071	0.05657528544206912	0.01246102974067243	-0.4318977246288148	0.1107489796352823	-0.02967998249695527	0.2458789207882921	-0.04476065114428533	-13.84339379729579	-23.39273931444553	13.41739471547625	9.835915145984911	-748.5566206454977	19.82794304817341	2.207592356470545	0.2508535740792699	0.9758533506728583	-4.328443248954722	-0.8880771851624331	7.22571360595715	-1.278294527262869	-2.120546916174308	-2.120546916174308	8.529654759817367	-1.345412120220199	-0.6246372595873213	-1.663624327173897	1.967237631596652e-08	-3.671572370810038e-09	1.105694782063793e-07	7.542235785665902e-07	-4.408866185699144e-08	3.599037837948863e-08	4.616955533245582e-07
1.25	-0.6213834461427893	-0.05411278191264285	0.6384453293818994	1.804737746213289	-0.1909524873598517	-0.02426283100040436	-0.0367697145229379	1.291362900249785	1.291362900249773	-0.08755053267924602	0.09459013914644405	0.3088614708832357	0.1240453382059857	0.1087771081129045	0.001864907706004569	0.2555143748479917	-0.7271076347785937	0.05442671528004567	0.1449438599529168	-0.1089385668618683	-0.7931169287427511	-0.793116928742751	0.2282368918514902	-0.1629846880825646	-0.20646101383342	-0.00438424536972828	-0.3065789667517694	0.05676852010531848	0.01254402881520655	-0.4306159366380257	0.1113398864254165	-0.02976274943955509	0.2449008114943038	-0.04481153189016744	-13.6520220200583	-23.38179399419492	13.40036355864439	10.00177520704186	-748.2205152312262	19.89166699227795	2.48461944769029	0.2575558730723524	1.005895641905255	-4.626180328439322	-0.8712644598621241	6.554622589298981	-1.667452886784852	-2.189678732668249	-2.189678732668291	7.821239361786107	-1.307373920876956	-0.6282002439335213	-1.616577226930148	-5.812407478322608e-08	-1.100603189360861e-07	3.639183362058573e-08	4.808014484934188e-07	-4.632080552910944e-08	1.10648665207846e-07	1.541526301502534e-07
1.26	-0.6201658439302097	-0.0540810722715685	0.6410513934860085	1.797229279522855	-0.190451172573979	-0.02249759113410925	-0.03795007496276698	1.283320963300383	1.283320963300376	-0.08489008733213073	0.09289543840732579	0.3067655987588362	0.1239220168931996	0.1352544612497946	0.004491822417575045	0.2657545440570865	-0.7751376451617683	0.04588020403009533	0.206948043063094	-0.1278379260811401	-0.8153923868678778	-0.8153923868678775	0.3026126132211496	-0.1758987632777567	-0.2127086801496006	-0.02017377694186178	-0.3054943109445379	0.05696175476852039	0.01262702789017477	-0.4293341486472171	0.1119307932155362	-0.02984551638225297	0.2439227022003127	-0.04739871705178236	-13.45924961939926	-23.35768146525501	13.36647189017154	10.14516215435487	-747.9478169709299	19.98079877894632	2.820692107842713	0.2685408486795446	1.04337825326638	-4.991002616250023	-0.8347550012416221	5.838750524755893	-2.123580499222539	-2.266733360996057	-2.266733360996057	7.042121101823779	-1.276662197486996	-0.6192469775071959	-1.535688879658537	-9.403317600723534e-08	-1.525463491718499e-07	1.698383269731122e-07	7.328610761713525e-07	-1.02906872497456e-07	1.758546082077162e-07	2.350403564289679e-07
1.27	-0.6186670220371816	-0.05402135684067817	0.6437610430789017	1.789223372909673	-0.1900339898846751	-0.0201489153004423	-0.03933503953287776	1.275055947658604	1.275055947658609	-0.08152571635477285	0.09107413191994786	0.3046107547743345	0.123645333767662	0.1651685443465971	0.007598613747155964	0.2761844865011012	-0.826687426016162	0.03760036538095494	0.261221802004349	-0.1493459129091478	-0.8373929375570025	-0.8373929375570026	0.3685638150932369	-0.1881172644859806	-0.2179074620584169	-0.03491668666681563	-0.3099273451238234	0.05706053999212966	0.01239285365125126	-0.4228063743201316	0.1084331707377048	-0.02945461144316311	0.2479265737252778	-0.0660035085861074	-14.47175950610607	-23.19922623574504	13.15163438162595	9.478270266056978	-747.7842875692602	19.88010503032442	3.175509465946676	0.3538111137377647	1.044219992824559	-5.333573129114487	-0.817768257895196	4.986970835407426	-2.193046519731142	-2.134020988168666	-2.134020988168756	6.116989590781346	-1.157374226782875	-0.4173703695041978	-1.406441160198324	-1.157911455166551e-07	-1.734436238908858e-07	3.734281101696682e-07	1.162448324711153e-06	-1.778557513902049e-07	2.378671918060705e-07	4.471546534688423e-07
1.28	-0.6168493107021219	-0.05392616092876434	0.6465752756468063	1.780682647026126	-0.1896982395741045	-0.01730444542599845	-0.04094081172029665	1.266577465496872	1.266577465496863	-0.07755275938656836	0.08913805439167514	0.3024144876563469	0.1232286517166178	0.199032349657312	0.01158791862227519	0.2866711390593831	-0.8821014992337822	0.02959372828599825	0.3061068512095003	-0.1719994495427933	-0.858085690858048	-0.8580856908580483	0.4243298114005145	-0.1988529714659122	-0.2209933068446479	-0.04817356204314734	-0.314360379303104	0.0571593252158125	0.01215867941143828	-0.4162785999930891	0.1049355482599004	-0.02906370650391337	0.251930445250245	-0.1038223983286658	-15.48256191584455	-23.02959900773292	12.92259538677994	8.767805949212349	-747.6798223535058	19.82570159115126	3.610636550625271	0.4450435577871742	1.054720276119815	-5.763861088895323	-0.7801146904048587	3.961008577535102	-2.35269046035008	-2.00517388338019	-2.00517388338019	5.005079988861819	-0.9801033518285327	-0.1966595529901935	-1.238482009934122	-1.595294635860751e-07	-2.392254638801296e-07	7.794850392481281e-07	1.951188746652074e-06	-3.021671860025001e-07	3.538851157825574e-07	9.161684907994359e-07
1.29	-0.6146731180090911	-0.05378680895455216	0.6494946826864942	1.771568448025105	-0.1894405355783889	-0.01405819226896772	-0.04277962805155464	1.257898317579955	1.257898317579933	-0.07307388462805878	0.08710176820485609	0.3001977318939331	0.1226876519714378	0.2369127904779523	0.0164188713892689	0.2972254445719536	-0.9414239589572284	0.0220872579338183	0.3409694559688605	-0.1960724944793895	-0.87756208222285	-0.8775620822228503	0.4690742726966724	-0.2079682158574618	-0.2220046557303787	-0.05963865765547696	-0.3179720185583587	0.0573957410660732	0.01205870261817658	-0.4100864816696855	0.1016784822169457	-0.02883309476604501	0.2553126518510399	-0.1620483815208774	-16.41613375142269	-22.92860918526982	12.71882858457168	8.215419136982577	-747.2470552863412	19.71452568397672	3.982636046648128	0.5224830461334854	1.058168057372358	-6.119376535432458	-0.7143393497302408	2.922919221713267	-2.480913175822891	-1.89155487008281	-1.891554870082841	3.853622390281705	-0.8111308577844691	-0.0005702854654926521	-1.041754338300317	-2.115104123654951e-07	-3.218390158457011e-07	1.2614671480323e-06	2.874611608618413e-06	-4.449895790096249e-07	4.901550424008437e-07	1.481519655739047e-06
1.3	-0.6120969432680813	-0.05359507507067476	0.6525201092550174	1.761840436802577	-0.1892535815146174	-0.01052850650503059	-0.04486843516527982	1.249029869127969	1.249029869127961	-0.06821866661853425	0.0849875503991261	0.2979814230968439	0.1220437550698507	0.2790287592531937	0.02206430055531882	0.3078750448264483	-1.004863943535203	0.01544374189741772	0.3627933725912862	-0.2219976060363136	-0.8959457978697565	-0.8959457978697565	0.4995984616043898	-0.2144392952476638	-0.220903913780149	-0.06875299332452395	-0.3215836578136148	0.05763215691631669	0.01195872582510295	-0.4038943633462695	0.09842141617398822	-0.02860248302821061	0.258694858451833	-0.241752513451946	-17.34737148751744	-22.82074535967264	12.50658051001776	7.582991828770892	-746.8647454484304	19.70104588134411	4.457742141545564	0.6079388375983784	1.073779224504657	-6.587366059801037	-0.6075238272489867	1.353270950148161	-2.723103784415629	-1.786638739801073	-1.786638739801073	2.161025511173663	-0.451270351558989	0.2257586142018463	-0.7683300212776024	-2.186857378111627e-07	-3.307133073487998e-07	1.491553391051664e-06	3.161999139532121e-06	-5.052037737123589e-07	5.189915795175589e-07	1.681623287828861e-06
1.31	-0.6090792367427077	-0.05334274968789705	0.6556523257402548	1.751458455338872	-0.1891280403302905	-0.00685095160403441	-0.04722398148629761	1.239983427093268	1.239983427093251	-0.063134797872281	0.082824153829805	0.2957870938374296	0.1213216318960831	0.3251759269061368	0.02854704462450102	0.318569789632961	-1.072156955040406	0.009864971491632782	0.3700069713559253	-0.2492823665824003	-0.9131036316872593	-0.9131036316872593	0.5142732744858862	-0.2175035078414084	-0.2175600276087536	-0.07518166215064162	-0.3254852780979516	0.05790802250584655	0.01203870295444542	-0.3971157396507798	0.09466750709639499	-0.02844503613947039	0.2625345994347446	-0.3439881248152686	-18.42439196144358	-22.76421601628362	12.29570073402167	6.935364093020997	-746.2597225612791	19.60583434699515	4.792614491419319	0.6902746184958454	1.067652403043245	-6.894044225224822	-0.5024187576547818	-0.001032525754303324	-2.756768451894192	-1.644468348507158	-1.644468348507214	0.6855753131061254	-0.1228132803694377	0.4488124419863805	-0.5059840575373556	-2.072987335899894e-07	-3.090384766603014e-07	1.617282775397033e-06	3.18588631900973e-06	-5.311945719747012e-07	5.033199981264789e-07	1.730410084880896e-06
1.32	-0.6055801764579558	-0.05302123037904429	0.6588915557324214	1.740384788654244	-0.189052159872108	-0.003182548088458579	-0.04985749666521364	1.230772584191226	1.230772584191217	-0.057991207769925	0.08065235182113219	0.2936382252044047	0.1205500522852023	0.3752995111291156	0.03590308577032657	0.3292777462122741	-1.143200987719408	0.005511596669388932	0.360963095505518	-0.2775913776160353	-0.9288259713360539	-0.9288259713360539	0.5115427328261223	-0.2161203831186424	-0.2118117885022389	-0.07864428074709903	-0.3293868983822886	0.05818388809537603	0.01211868008376814	-0.390337115955288	0.09091359801880444	-0.0282875892507283	0.2663743404176551	-0.4696657974741503	-19.4998517574103	-22.70588311718356	12.08278713734768	6.186642576138808	-745.7121056705622	19.6018096678349	5.25302545555278	0.7825982529270114	1.076421579064728	-7.337570294560727	-0.3624447105407652	-1.898223972861175	-2.927953881925257	-1.499539906059471	-1.499539906059471	-1.320045397078452	0.43819711174316	0.7066292012256552	-0.1751199753455602	-1.529442323433621e-07	-2.271624631688669e-07	1.445965717634883e-06	2.748511638181722e-06	-4.678052280383243e-07	3.982399371235686e-07	1.531940312135368e-06
1.33	-0.60156321904762	-0.05262267708769584	0.662238055177041	1.728584650288658	-0.1890141855078282	0.0003279077998106679	-0.05277932963258975	1.221409906911969	1.221409906911952	-0.05294720083083224	0.07851355886278356	0.2915562915439808	0.1197566336022013	0.4284624093471445	0.04386683291839995	0.3400397779930912	-1.21721472318522	0.002205299432402931	0.3401538483091635	-0.3069878194131747	-0.9436452065752585	-0.9436452065752585	0.4961879812949134	-0.2113588147823063	-0.2044333511398901	-0.07979917383365727	-0.3295066784906484	0.05829899818129308	0.01288413815683085	-0.3873380060534508	0.09016923916300705	-0.0285716534956957	0.2672145832069058	-0.6197065688704232	-19.69312501429793	-22.79299020003881	12.01660000221479	5.896859493218733	-745.2268932182761	19.63181468675608	5.403448199119266	0.8120862170967197	1.078780027167538	-7.491515159316749	-0.2960904093763519	-2.318314978404255	-2.977379861617806	-1.463462770931453	-1.4634627709315	-1.803683923915132	0.5374621289382066	0.774602671223882	-0.04923845837236641	-7.900160745277798e-08	-1.178417928113884e-07	1.139230428911955e-06	2.100855815155568e-06	-3.63669054570179e-07	2.524001280623246e-07	1.220750632570364e-06
1.34	-0.5970035274162671	-0.05214272167059712	0.6656927121493845	1.716032726571067	-0.1890055477517426	0.003601063239048255	-0.05600150512453872	1.211900967792694	1.211900967792687	-0.0480888401856139	0.07643084667467327	0.2895523725906776	0.1189589530917221	0.4838463553328368	0.0521835109203798	0.3509092517570556	-1.293558058120044	-0.0003557249685328591	0.313503005697539	-0.3376598825306833	-0.9580783393376835	-0.9580783393376834	0.4744134740527843	-0.2049042290715954	-0.1962088470781668	-0.07949664624267146	-0.3296264585990085	0.0584141082672071	0.01364959622990243	-0.38433889615161	0.08942488030721137	-0.02885571774066699	0.2680548259961555	-0.794739859690849	-19.88546491530384	-22.88251774341055	11.95375050744536	5.500794408543242	-744.8050455930196	19.7079532584343	5.697235009085545	0.8531844237082707	1.097909975694199	-7.803490188362918	-0.2133901433307194	-3.066543055915205	-3.183078145999043	-1.422319410703557	-1.422319410703557	-2.603996539262541	0.7768005866181397	0.8758425411004591	0.1163641601632438	-3.808219692504297e-08	-4.871078523227818e-08	8.833840847786752e-07	1.558418513992525e-06	-2.912349332615466e-07	1.485809389690611e-07	9.270344638242573e-07
1.35	-0.5918798287813606	-0.05157759465992167	0.6692562931861538	1.702706968834563	-0.189019228460428	0.006580544587581297	-0.05953381351620236	1.202250828356206	1.20225082835619	-0.04347769015824486	0.07442171549767969	0.2876355756325069	0.1181711289658509	0.5411874219785918	0.06092649827338788	0.3617967310326308	-1.371878337260064	-0.002321527242920045	0.2819012820198434	-0.3687359967891768	-0.9717581366342206	-0.9717581366342205	0.4472935839759775	-0.1966818248366777	-0.1869458466641315	-0.07790610146758507	-0.3306967868176514	0.058359047788788	0.0145694050878346	-0.3800006801735276	0.08751255057235632	-0.02903879547058847	0.2700098184954849	-0.9955354523425941	-20.41403336699494	-22.95670510661568	11.85378459870167	5.026027812586094	-744.0757473004388	19.73184994268649	5.796635168823911	0.8975040202462231	1.082640518098146	-7.88903748802702	-0.1791815798595483	-3.28074978577349	-3.060008213750606	-1.312097181100085	-1.312097181100139	-2.844360481263277	0.881183736781871	0.9822003933471329	0.2049091078914472	-1.367439357873139e-08	3.253909576492131e-10	6.52982212940218e-07	1.068590473761034e-06	-2.346518380326694e-07	6.577205985978642e-08	6.42055050487598e-07
1.36	-0.5861739009446979	-0.0509225081498866	0.6729284437386007	1.688589460164416	-0.1890507684539361	0.009229256146933061	-0.06337490908004575	1.192469633488348	1.192469633488341	-0.03915341407951994	0.07250205304200688	0.2858175429988348	0.1174041121820721	0.6002921956844932	0.07017541079230166	0.3726231548926162	-1.451908244848303	-0.003927581931977419	0.2473490478590754	-0.3994173169667032	-0.9842894256096101	-0.9842894256096101	0.4170386843242308	-0.1870104848076288	-0.1764559821784142	-0.07533517782409366	-0.3317671150362943	0.05830398731036913	0.01548921394573175	-0.3756624641954432	0.08560022083750382	-0.02922187320050726	0.2719648109948136	-1.22264899076617	-20.94227289161473	-23.03375550336751	11.75761172818489	4.439869736523568	-743.4188704070627	19.77616074381207	6.04997642111488	0.9543694568893744	1.085698892576273	-8.14541587800664	-0.1414406262647512	-3.656645152529736	-3.104119329805597	-1.192617746474046	-1.192617746474046	-3.230998454250543	1.06658774544437	1.121215355436779	0.3124399338442466	4.391102856440692e-09	3.813337649837336e-08	3.690371212766845e-07	5.244631635428434e-07	-1.578973307080813e-07	-1.090514900347803e-08	3.258737236402165e-07
1.37	-0.5798715887276685	-0.05017317407049299	0.6767085529576008	1.673666136765713	-0.1890960451543678	0.01151767592835565	-0.06751984468917739	1.182566591188108	1.18256659118809	-0.03514745341843097	0.07068600386015325	0.2841085604307756	0.1166676666960756	0.6601229698999468	0.07969963273483105	0.3833887820162507	-1.532746258324561	-0.00503593285294512	0.2101940790673233	-0.4294105242018959	-0.9963482088514191	-0.9963482088514189	0.3839633857382555	-0.1761351018671797	-0.1653402264905919	-0.07183089410679316	-0.3295960256301334	0.05828404524619435	0.01660642089093753	-0.3743809503183578	0.08610087580911402	-0.02968541433474099	0.2714484270172992	-1.476699075585356	-20.75279949494504	-23.19012005937889	11.76908938607724	4.231353531616087	-742.7089447202374	19.88710537554837	5.942545277276522	0.9526752495292717	1.070486261978827	-8.05146087548693	-0.08179961748149096	-3.766075627448549	-2.923029321617167	-1.216889663618105	-1.21688966361814	-3.374305249549713	1.107591895878589	1.106824794819539	0.387832853982229	1.89881501995834e-08	6.980094527781457e-08	5.581058127131303e-08	-4.93590599493228e-08	-7.011158239365134e-08	-8.422910070095571e-08	-7.371149658340772e-09
1.38	-0.5729723852973824	-0.04932835243435546	0.6805960167757817	1.657934739873636	-0.1891496588225073	0.01343031544487457	-0.07195993395090877	1.172542084845323	1.172542084845316	-0.03147794768099155	0.06898062417322322	0.2825107492434692	0.1159699460999137	0.7196704383360437	0.08927292214108619	0.3940940747288065	-1.613522943522879	-0.005594975472654816	0.1721929948775448	-0.4584480474867188	-1.008582234116579	-1.008582234116579	0.3497476996011389	-0.1648765858253962	-0.1542217060281878	-0.0675901998571217	-0.3274249362239732	0.05826410318200769	0.01772362783627485	-0.373099436441267	0.08660153078072276	-0.03014895546899761	0.2709320430397838	-1.758163151962904	-20.56327458267659	-23.35002318977839	11.78518374346214	3.913723901600399	-742.0754071364282	19.98262617565794	5.993315265243654	0.9641829496344855	1.073632010360567	-8.133150222418806	-0.03157896601315065	-3.825868232135041	-2.91298253973162	-1.227666151144249	-1.227666151144249	-3.459075964478846	1.14321436571124	1.121768310353065	0.4597220403184382	1.303354628857969e-08	7.639189976216996e-08	-3.137845993540753e-07	-7.071173355940059e-07	2.136244557255326e-08	-1.487522503290209e-07	-4.073936459253283e-07
1.39	-0.5654808634601809	-0.04838771357289374	0.684590038587504	1.641397668490064	-0.1892062674899108	0.01495995531869663	-0.07668379136536639	1.162394078135836	1.162394078135837	-0.02815477407487232	0.06738964643759103	0.2810237034157914	0.1153179108660416	0.7784027453850653	0.09884624216264809	0.4046800989441571	-1.693693234311502	-0.005678902140134728	0.1341140157906218	-0.4859696501012212	-1.021073328479154	-1.021073328479154	0.3152391895518238	-0.1534273670736959	-0.1432414634802528	-0.06278446434294471	-0.3243863672961533	0.05809019987148967	0.01885915959529405	-0.3722120461417999	0.08729675094715109	-0.03055828099094929	0.2699666011090345	-2.067789656647309	-20.29850169076457	-23.47753165091115	11.8010550615466	3.738975728339455	-741.1258935180215	20.14755335585181	5.778527058343717	0.9526457179895795	1.046513051893767	-7.929242983207326	0.0100943903460759	-3.742170785190666	-2.618681326668892	-1.267961710957573	-1.267961710957629	-3.394002461820968	1.12914293058138	1.078126337202282	0.495512368138592	-5.185752725704833e-09	6.801777797365223e-08	-7.170191300269052e-07	-1.414966481071665e-06	1.150375436535298e-07	-2.080233083995359e-07	-8.472673042863923e-07
1.4	-0.557408950825772	-0.0473515936733022	0.6886890057263345	1.624064839303376	-0.1892623366425104	0.01612015379405139	-0.0816722512468406	1.15211953435629	1.152119534356283	-0.02516613835640422	0.06590983434954217	0.2796448548356232	0.1147148355995452	0.8357485977785829	0.1083691297670494	0.4150831401504075	-1.772674504145065	-0.005487072509166077	0.09830471517492055	-0.5113685408900871	-1.033889648127467	-1.033889648127467	0.2828401220359746	-0.142643456294714	-0.1325822565247756	-0.05779820638191479	-0.3213477983683281	0.05791629656102706	0.0199946913535112	-0.3713246558423458	0.08799197111359934	-0.03096760651278175	0.269001159178288	-2.406228672561104	-20.03481413829079	-23.60875877811832	11.8215502349703	3.467074157910333	-740.2636498358206	20.2579681032862	5.716024334142937	0.9540964662023278	1.037035408540564	-7.89534603140684	0.02357229367660785	-3.371932537890697	-2.488440174604295	-1.292711208291933	-1.292711208291933	-3.037187457785682	1.010152771167525	1.057561191861443	0.4958265296890124	-2.556734387647493e-08	4.884619614010511e-08	-1.010508599610215e-06	-1.896301517968418e-06	1.825860053886374e-07	-2.377087570744435e-07	-1.147800181920984e-06
1.41	-0.5487728300832235	-0.04622090085126813	0.6928909835626921	1.605950295258354	-0.1893147994350433	0.01693271227322415	-0.08690293256420145	1.141713913290717	1.1417139132907	-0.02249203126456477	0.06453436308276071	0.2783699154362175	0.1141625797566378	0.8909897143577769	0.1177190666842208	0.4252683712160653	-1.849794656484754	-0.0049378786857996	0.06468378138169516	-0.5342727512601343	-1.047416205766591	-1.047416205766591	0.2523998453392151	-0.132663800326796	-0.1225760889459064	-0.05263674101975922	-0.3162980111898267	0.0577923354494768	0.02098332946923434	-0.3720731718275697	0.09000627595362254	-0.03143660837399718	0.2665982768131556	-2.774377693491089	-19.36117248557529	-23.73285987843847	11.88515517219252	3.394647605548792	-739.1869751279751	20.42982974613617	5.355292004192327	0.9179379297668683	1.00260807115977	-7.55439680725588	0.0803320948880524	-3.285804337340938	-2.117165769806433	-1.409862883143578	-1.409862883143608	-2.984810666500119	0.9594042265733331	0.9466669764362642	0.5282443793246322	-4.735442491596077e-08	2.265626527728837e-08	-1.23266377948533e-06	-2.230402384287571e-06	2.331521534989289e-07	-2.481635596422047e-07	-1.357761552083361e-06
1.42	-0.5395988708380068	-0.04499820953500414	0.6971934819328227	1.587077740295534	-0.1893598224556992	0.01742333530700218	-0.09234780684558277	1.13116757968046	1.131167579680454	-0.02010979951789808	0.06325219481906554	0.2771899421997094	0.1136623261353209	0.9433162983123685	0.1267688286130356	0.4351872469050219	-1.924276687704683	-0.00399911813357367	0.03391762609636806	-0.5542071336942318	-1.062032157062556	-1.062032157062556	0.2244650530072978	-0.1239828556801038	-0.1135890239455736	-0.04739776206377174	-0.311248224011326	0.05766837433791529	0.02197196758509906	-0.372821687812789	0.09202058079364396	-0.03190561023523522	0.2641953944480224	-3.173160859574875	-18.68944221743239	-23.86053003327376	11.95302428347227	3.238191806753309	-738.2024314914722	20.52975051228282	5.133117809222567	0.8940614685309637	0.9837643332003649	-7.367721807454853	0.1014856394484983	-2.800976836311032	-1.894474587414333	-1.510589939660292	-1.510589939660292	-2.536090584817228	0.7504105069223449	0.8537406761541052	0.5113292484553807	-6.042031446949682e-08	-2.560214180361056e-09	-1.257924646892548e-06	-2.204708455476302e-06	2.359443487571535e-07	-2.282029888204604e-07	-1.349998657782446e-06
1.43	-0.529917347434061	-0.04368640789147474	0.7015935835508882	1.567474870235377	-0.1893937840022732	0.01762279738279793	-0.09797492835578743	1.120470031144792	1.120470031144779	-0.01799222650440218	0.06204943726722177	0.2760949225008861	0.1132145092887915	0.992353906091036	0.1355507032946648	0.4447594125810497	-1.995686611881963	-0.002736287600109559	0.006504444475725642	-0.5704571900059653	-1.077626431577515	-1.077626431577515	0.1995019327893784	-0.1168259692398893	-0.1055692310749345	-0.04215786927123821	-0.3063616035194534	0.05751623369638245	0.02276412539754575	-0.3730277521506387	0.09352243295461607	-0.03223215671156986	0.2622009636415187	-3.603768048024977	-18.15397065345758	-23.92869290195588	11.98685116161193	3.067027996267957	-736.9769027030399	20.67030803245438	4.693909604104468	0.8641692500871839	0.93285931904579	-6.93602645691173	0.1469070946629336	-2.632148411717263	-1.376274401832941	-1.6061643696545	-1.606164369654536	-2.408692971637976	0.6593385765497503	0.7530151637124706	0.5310905088865334	-6.732122383468884e-08	-2.708856419642669e-08	-1.14400160376211e-06	-1.924676826659037e-06	2.049653014820194e-07	-1.867418954302721e-07	-1.188327231705749e-06
1.44	-0.5197644824839466	-0.04228800374470765	0.7060871901525626	1.547176221186637	-0.1894134721766411	0.01756399572503628	-0.1037417510788653	1.109612076231519	1.109612076231513	-0.0161107387393543	0.0609104507525744	0.2750754840450078	0.1128192456130341	1.037584607546336	0.1440893292605774	0.4538882436267875	-2.063432485421131	-0.001144443691942154	-0.01773512061597296	-0.5821473762688928	-1.094113432582105	-1.094113432582105	0.1772480033171126	-0.111228648240525	-0.09847277535654952	-0.03688712790933669	-0.3014749830275802	0.05736409305485054	0.02355628320996122	-0.3732338164884869	0.09502428511559013	-0.03255870318790146	0.2602065328350149	-4.067370703642228	-17.62103690173005	-23.99952798617187	12.02364929645633	2.819196393326576	-735.844538226636	20.76193571974796	4.371736544549136	0.845411725387584	0.8950974071423997	-6.634911679832525	0.1672883143891678	-2.166253530522266	-0.9825005776530983	-1.689135237586425	-1.689135237586425	-1.9942524356865	0.4384974187522888	0.6690732457032181	0.5174989623289689	-7.028140001961162e-08	-4.805418094922941e-08	-1.052681091789555e-06	-1.653982470660836e-06	1.798336730309546e-07	-1.451470097317587e-07	-1.03756798174903e-06
1.45	-0.5091798683555188	-0.04080579128247408	0.7106698600336234	1.526219749107391	-0.1894161150756933	0.0172848337067205	-0.1096027668322899	1.098583561473996	1.098583561473983	-0.01443204835125014	0.05981686322195339	0.2741210939686244	0.1124755611241713	1.07850564312518	0.1522735984851745	0.4625647571144763	-2.127066639329591	0.0006380979631829234	-0.03710412581323497	-0.5892535820839458	-1.111866237006341	-1.111866237006341	0.1593847840942835	-0.1079982368737756	-0.09269373379369281	-0.03194498383952453	-0.2944466445585471	0.05711646593449541	0.02433773229602232	-0.3753565096393988	0.0980779394832534	-0.03298205875471433	0.2565651034311543	-4.565401525025298	-16.61552836155547	-24.07683894238448	12.11536613147926	2.787477320918419	-734.6101529352793	20.92426034385259	3.827390084547316	0.7930297776244584	0.8417650997696838	-6.108386790635739	0.1868416498641633	-1.673305679289685	-0.4543517335063703	-1.859846720262975	-1.859846720263005	-1.54827203619635	0.1886313384764782	0.4890868013508856	0.46798935730247	-7.021565608397051e-08	-6.6284127517741e-08	-9.787160948132317e-07	-1.390457806291557e-06	1.591920268912287e-07	-1.034493906536386e-07	-8.951877241701492e-07
1.46	-0.4982110232673047	-0.03924411707666903	0.7153368624055987	1.504650791580202	-0.1894003116464378	0.01684176530344215	-0.1155107788738799	1.087369219937139	1.087369219937133	-0.01290517322949883	0.05874024347356881	0.2732158477458244	0.1121783815216056	1.114430799503844	0.1599816779748749	0.4707547418097009	-2.185929575009374	0.00254482196990829	-0.05051639760895744	-0.5915466339019885	-1.131278788447408	-1.131278788447408	0.1468849500468458	-0.1078350917934182	-0.0886440046398773	-0.02758615064990702	-0.2874183060895134	0.05686883881413949	0.0251191813820818	-0.3774792027903091	0.1011315938509178	-0.03340541432152799	0.2529236740272938	-5.099425033568848	-15.61313439357937	-24.15701223458703	12.21018577151993	2.691848908934975	-733.4680790559308	21.05467325477977	3.372560704513329	0.7501737784081783	0.7977916486495915	-5.680668034097156	0.1921247847092357	-0.9749068502143532	-0.01986977825096985	-2.021084640952636	-2.021084640952636	-0.9215754006082451	-0.1749558385261322	0.3232107638948948	0.4008367862900277	-6.110373061546465e-08	-6.211346667469057e-08	-8.325898050368679e-07	-1.143062184636894e-06	1.329070849387218e-07	-8.217624723829087e-08	-7.343293457309767e-07
1.47	-0.4869060292356063	-0.03760699863104614	0.720083088207785	1.482515789583245	-0.1893643008409466	0.01628615122944354	-0.1214165086878165	1.07595470317345	1.075954703173438	-0.01148518560803484	0.05765304361128451	0.2723446108319081	0.1119235291828372	1.145872150922	0.1674340107874401	0.4783812751556479	-2.240351239447772	0.00473896186661122	-0.0605600126795854	-0.5886245092529947	-1.15168229855817	-1.15168229855817	0.1370362672270034	-0.1097122344092293	-0.08568125099813753	-0.02330441000407407	-0.2827522728327542	0.05672975096182078	0.02558131738443095	-0.3766171119995997	0.1017622798548646	-0.03355360990327722	0.2514110282849628	-5.671160271364136	-15.30858849275045	-24.15995873202573	12.20141339281137	2.315908851100975	-731.8592434004448	21.14001051166541	2.925541086237144	0.7415804198340908	0.7286974758866701	-5.214982845158788	0.2451603957157444	-1.012173483404394	0.5944765314380742	-2.058637026597997	-2.058637026598018	-1.028028588583512	-0.2103682551893704	0.2711543452017153	0.4536497438600755	-4.445332053623791e-08	-3.927563298867118e-08	-6.263291045938018e-07	-9.091074319110769e-07	1.01919396475564e-07	-7.792350020858746e-08	-5.580725332415605e-07
1.48	-0.4753074979445738	-0.03589559337986713	0.7249023020030947	1.459858157502613	-0.1893039282757767	0.0156314840751572	-0.1272637726662704	1.064334420742554	1.064334420742549	-0.01016598758795175	0.05654381736642611	0.2715006707905869	0.111713855658553	1.173138251370979	0.174839039086101	0.4853523404343989	-2.290455591744077	0.007417173905911593	-0.07032701366690798	-0.579853466805451	-1.172431921887334	-1.172431921887334	0.1267270297707106	-0.1122403683082718	-0.08318463012087052	-0.01855038775303516	-0.2780862395759943	0.05659066310950193	0.02604345338677178	-0.3757550212088891	0.1023929658588126	-0.03370180548502606	0.2498983825426321	-6.282250974830471	-15.00801714531389	-24.1656639437412	12.19543742276823	1.885722799299324	-730.3470623980401	21.20943559375161	2.537510510677847	0.7407128756272964	0.6666980352103797	-4.81720560567847	0.2889392132287349	-0.9195840335532753	1.149913781459087	-2.090307284633074	-2.090307284633075	-1.013686327898345	-0.3051540951724473	0.2299842110002656	0.4952931073312067	-3.757125257618371e-08	-3.283061056309133e-08	-5.521441076032779e-07	-7.97406459826357e-07	9.388133646543761e-08	-6.717127296574449e-08	-4.810598739484251e-07
1.49	-0.4634580922596879	-0.03411088636811009	0.7297881033935483	1.436721699219938	-0.1892139657328234	0.01487948063603561	-0.1329960567142759	1.052503143802174	1.052503143802163	-0.008953398751511606	0.05540609250910691	0.2706778530284203	0.111554083054275	1.195906844977497	0.1820401574080976	0.4917070596536174	-2.335995025533721	0.01070142033171568	-0.08012099080042183	-0.5657703971642928	-1.194056468786252	-1.194056468786252	0.1155901650681473	-0.1154222971734197	-0.08161541109210112	-0.01331938471502748	-0.2704768840360861	0.05646782113513959	0.02648160015248222	-0.3775565446071862	0.105212060033135	-0.03404940827948234	0.2458872570149414	-6.93451635918506	-14.04724604002761	-24.21463791101954	12.27890032479882	1.77103198392393	-728.7185284577215	21.34310551334466	2.021124040925978	0.7005030066788928	0.6047187018603278	-4.296161540374601	0.3669327408723967	-1.016438217514728	1.662445400261881	-2.233470685784105	-2.233470685784124	-1.193856321280906	-0.3425372585800303	0.08494461965084543	0.5495234650762643	-3.951826306999689e-08	-4.12021675459855e-08	-5.973352271948583e-07	-7.96204097167243e-07	1.065862098647816e-07	-5.054451553025621e-08	-4.937486608134656e-07
1.5	-0.4514060825876809	-0.03225602983389467	0.7347344239435107	1.413155076744411	-0.1890874076488898	0.01402811069272724	-0.1385625216969064	1.040448632934145	1.04044863293414	-0.007858212518066024	0.05423298336785728	0.2698636382307084	0.1114491243929853	1.213659048795509	0.1888689435777802	0.497456172336168	-2.376488430314057	0.01473628210216625	-0.0902003145045067	-0.5466896537304189	-1.21707870741569	-1.21707870741569	0.1032465091717612	-0.1193172250943309	-0.08146403722990971	-0.007587599155391114	-0.2628675284961775	0.05634497916077689	0.02691974691818426	-0.3793580680054829	0.1080311542074581	-0.03439701107393884	0.2418761314872509	-7.630091096168981	-13.09132193333762	-24.26731533049509	12.36621489708379	1.616833083024753	-727.185819546241	21.45971038242733	1.534232552976514	0.6662464451644702	0.5455767278767824	-3.807999803817091	0.4390622821580432	-0.9766533476674748	2.149448540002246	-2.369845630737211	-2.369845630737211	-1.255044566662912	-0.4477539063251186	-0.053584822315417	0.5954496116569327	-4.12237651651224e-08	-5.333141012898706e-08	-6.16863476879344e-07	-7.606154485780612e-07	1.163858071588925e-07	-3.688982283252529e-08	-4.777816848902421e-07
1.51	-0.439199039451144	-0.03033425949982449	0.7397352704811472	1.3892062918855	-0.1889183007478945	0.01308124696770475	-0.1439147595605625	1.028158232757431	1.028158232757422	-0.006884624879709722	0.05301596955301086	0.269044732478027	0.1114020656376301	1.227126182318889	0.1954683046820121	0.5026148635168743	-2.412628483075583	0.01905972439899401	-0.09860963342601238	-0.523028643554852	-1.241114361142352	-1.241114361142352	0.0919863169357075	-0.1243440395410766	-0.08247281641370928	-0.001927480280408073	-0.2561492981536977	0.05595355570369016	0.02736199380579093	-0.379844816264728	0.1098409301746621	-0.03460635424401109	0.2385715038202995	-8.371108952841034	-12.4175747605573	-24.27562840288918	12.40793383283197	1.326685471040057	-725.3456437505138	21.54491751844865	1.159436972486673	0.654283543749696	0.4862704392484103	-3.421007796552135	0.4250477517172148	-0.6886684500569898	2.583818573337369	-2.437371536104339	-2.437371536104344	-0.9843008220431536	-0.5690593996623627	-0.1478618989275438	0.535620565989715	-4.269258902953397e-08	-6.914318460009397e-08	-6.112421140548759e-07	-6.913282397774119e-07	1.233382338698748e-07	-2.614775357779668e-08	-4.337320614345187e-07
1.52	-0.4268760283352828	-0.02834699503457273	0.744784754955807	1.364915306542125	-0.1887067469142775	0.01206717059633668	-0.1490085090590623	1.01562408678495	1.01562408678495	-0.006008198017708952	0.05174090475653691	0.2682110714470042	0.1114084735791389	1.236852644660994	0.2019677698140967	0.5071837597408264	-2.444928527206385	0.02322566862670461	-0.1036428437741127	-0.4949919806991392	-1.265827866567961	-1.26582786656796	0.08381435390099208	-0.1309274214203452	-0.08441509289812221	0.003105740217404143	-0.2494310678112117	0.0555621322466056	0.02780424069340132	-0.3803315645239654	0.1116507061418702	-0.03481569741407851	0.23526687615335	-9.159579415451223	-11.74966612569061	-24.28771985488795	12.45340349044064	1.010472040337929	-723.6063813067152	21.62079391007495	0.7860983167215901	0.6462672507349853	0.4276177365259415	-3.039998077672462	0.4075626683346225	-0.3014316329863919	3.024579076031437	-2.505415970526569	-2.505415970526569	-0.6373987263952651	-0.7590673928296842	-0.2402842824381665	0.4700699362227554	-3.901476999650585e-08	-7.307921635616778e-08	-5.469225253371679e-07	-5.950486564982435e-07	1.228611664144544e-07	-2.269962875057742e-08	-3.713487709877192e-07
1.53	-0.4144723296112135	-0.0262952344328487	0.7498772560408996	1.34031821204759	-0.188453902217145	0.01101621210776134	-0.1538034797400206	1.002839094907682	1.002839094907683	-0.005201767789356996	0.05039325086779126	0.2673533339955292	0.1114627197024968	1.243442698458525	0.208364265353904	0.5112433093972168	-2.474048596817989	0.02735747078062506	-0.1063943789444769	-0.4635827080603873	-1.291326564065691	-1.291326564065691	0.0775756123989975	-0.1387023491083879	-0.08729675488205743	0.007698260830943649	-0.2416509100952381	0.05519007129033504	0.02815184820442578	-0.3814349328433936	0.114056676306396	-0.03505860169122278	0.2308911291294617	-9.978233534910238	-10.887965975266	-24.30120803548768	12.52280009981269	0.7709233214999623	-721.6146402417418	21.72125784606482	0.5287969543867611	0.6333499307354857	0.3841455372869613	-2.781748199832395	0.4180410949634733	-0.2388591165407821	3.262018472730571	-2.595499922098203	-2.59549992209822	-0.6015745165034124	-0.8016397148414329	-0.3367523392778498	0.4469567771594429	-2.98686428849481e-08	-6.439727147751903e-08	-4.20236071607893e-07	-4.700896753356489e-07	1.144902614072312e-07	-2.700131987758677e-08	-2.894859593629019e-07
1.54	-0.4020160627405472	-0.02418010703070037	0.7550081570139744	1.315443169497552	-0.1881593290772653	0.009942369335986967	-0.158271774271605	0.9897944353988974	0.9897944353988982	-0.004454617506905007	0.04896486085055454	0.2664618508876335	0.1115615137626381	1.24736627398078	0.2146411298989583	0.5148637373372724	-2.500518138306716	0.03157135717625448	-0.1082197004140143	-0.4296567508242884	-1.317761392871498	-1.317761392871497	0.07195836472092906	-0.147074647118426	-0.09116422418225936	0.01201532757407892	-0.2338707523792645	0.05481801033406427	0.02849945571544265	-0.3825383011628225	0.1164626464709217	-0.03530150596836733	0.2265153821055739	-10.81309840785055	-10.03521403513252	-24.32151810911432	12.59928714055087	0.5264107317684673	-719.7604896631027	21.812827252746	0.2528026616663555	0.6223410517843669	0.339793393258937	-2.509892453097192	0.4239795166764292	-0.1161888928210186	3.527915995500835	-2.692642232141678	-2.692642232141678	-0.513099961610047	-0.8785414572287955	-0.4374457456915894	0.4149791621418959	-2.364081193931947e-08	-6.166492508808986e-08	-3.405939023480369e-07	-3.872836708961111e-07	1.13792257042797e-07	-3.419002067424284e-08	-2.342577462049911e-07
1.55	-0.3895306561519148	-0.02200259375479307	0.7601733819516527	1.290313243920609	-0.1878221770264792	0.008854078536044757	-0.1623919281324369	0.9764810525417033	0.9764810525417045	-0.003761415308305358	0.0474501361985244	0.2655273311051369	0.1117023562820651	1.249577361911896	0.2208604395907748	0.5181389190352803	-2.525355931006797	0.03587756342820542	-0.1093848146545595	-0.3943055304731496	-1.345050571493103	-1.345050571493104	0.06668390122614254	-0.1559205527002739	-0.09585373939021086	0.0161331850359781	-0.2259666489323868	0.05441787720511863	0.02879323168443227	-0.3832306903655088	0.1186726999848856	-0.03549526633332453	0.2218161048405842	-11.66472002456995	-9.21945292876627	-24.32158579958315	12.66640606859749	0.2417670003755941	-717.5661366944903	21.90542704824905	0.1846097766038578	0.6215883656794633	0.3150207742694786	-2.454067508297529	0.4366526375535766	-0.1086393494729279	3.54899868536876	-2.767360779484395	-2.767360779484394	-0.5343897561604566	-0.8952257421023554	-0.5018011982181194	0.407104201931735	-2.077536570660897e-08	-6.578755087102201e-08	-3.151549304116383e-07	-3.530452265940057e-07	1.219347686363584e-07	-4.470505869896995e-08	-2.097172225850365e-07
1.56	-0.3770272691004199	-0.01976291489440789	0.7653700867495505	1.264938271450698	-0.1874414206215542	0.007755743261737492	-0.1661565150636679	0.9628907168778313	0.9628907168778322	-0.003120911787202388	0.04584543036398705	0.2645424968125862	0.1118837604088548	1.250962366553806	0.2270742467945332	0.521159709381202	-2.549527516900238	0.04029222800412237	-0.1102285952871702	-0.3585433649040698	-1.373151954207283	-1.373151954207283	0.06141862922145621	-0.1650708836197047	-0.1012271261930106	0.02012764904658954	-0.2180625454855077	0.05401774407617382	0.02908700765340913	-0.3839230795681947	0.1208827534988502	-0.03568902669827995	0.2171168275755955	-12.53358433556592	-8.413605998661023	-24.32882135921656	12.74087260443121	-0.0383510496529063	-715.5190604661101	21.99049836531629	0.08758600382542304	0.6212405541727055	0.288915122841678	-2.376651091769237	0.4456711814696426	-0.05192217123411778	3.610105039089066	-2.855083050656447	-2.855083050656447	-0.5112616635900187	-0.9394265247453849	-0.5742200646613252	0.3903004718843379	-1.850529822433858e-08	-6.873067667530408e-08	-2.964715388355848e-07	-3.317863660034187e-07	1.285378836902054e-07	-5.799362132249857e-08	-1.950882500084097e-07
1.57	-0.3645118745704585	-0.01746113340831166	0.7705960227542622	1.239322335600325	-0.1870155391238983	0.006648093325119846	-0.1695647867891945	0.9490149651902711	0.9490149651902718	-0.002535697991022545	0.0441486400023303	0.263500564626248	0.1121051397911653	1.25220804456729	0.2332785423531237	0.5240151985691037	-2.573810058128688	0.04494625808849452	-0.1114933398611106	-0.32337969896712	-1.402174998892191	-1.402174998892191	0.05536686403248264	-0.1742351059159866	-0.1072725177793469	0.02419093833288681	-0.2093851691838239	0.05362256768638465	0.02931981740273669	-0.3848772959683976	0.1234743108460745	-0.03588391876407341	0.2115431548056952	-13.42007845986909	-7.472115337726835	-24.32629805018308	12.82920316417971	-0.2942836010742301	-713.1506928565492	22.09730365977909	0.1567860797292664	0.6195250279781106	0.2820049887384519	-2.476617527020923	0.4845364407618569	-0.1925600795153596	3.429189556222499	-2.952404295458919	-2.952404295458909	-0.6907639066861011	-0.8971759633553716	-0.6366764448949118	0.420668208027405	-1.697945418011832e-08	-7.019942750627356e-08	-2.862326227099627e-07	-3.267519850522295e-07	1.332167530694094e-07	-7.474908969452908e-08	-1.928487162359426e-07
1.58	-0.3519812777844409	-0.01509740877237445	0.7758501414852476	1.213459061959938	-0.1865412638216303	0.005522034046953983	-0.1726294834183071	0.9348436852322521	0.934843685232253	-0.00201872783876065	0.0423617562414557	0.2623947829761913	0.1123684170765439	1.25400281776556	0.2394628767627286	0.5267962546359651	-2.59899507490266	0.04997098892650138	-0.1139104635967051	-0.2898283456211813	-1.432257608299139	-1.432257608299139	0.04776990043810678	-0.1830895634637003	-0.1139970189366891	0.0285072296601833	-0.2007077928821393	0.05322739129659414	0.02955262715208494	-0.3858315123686004	0.1260658681932983	-0.03607881082986991	0.2059694820357957	-14.32463232605867	-6.541713783705518	-24.33151411386986	12.92539026203019	-0.5373122572735552	-710.941894311578	22.1953081069558	0.1974050407827199	0.6172483243755305	0.2740284986336343	-2.557146200873849	0.519811332196594	-0.2823980035649186	3.287642520886867	-3.066995995064683	-3.066995995064683	-0.8203013446704839	-0.8774735750317607	-0.7100419788625724	0.4409008800841698	-4.01435304393591e-09	-5.695550736250162e-08	-1.628394767855636e-07	-1.691005971774338e-07	1.166560025679366e-07	-8.459783161091805e-08	-1.1424812432729e-07
1.59	-0.3394283807196645	-0.01267174750674463	0.7811317611569079	1.187337700610736	-0.1860158388085401	0.004366709944000869	-0.1753678534781876	0.9203666464336813	0.920366646433686	-0.001583232083984353	0.0404890753606063	0.2612187142726576	0.1126749400743305	1.256835488382829	0.2456846034456553	0.5295235588516014	-2.625612064847339	0.05510295686732765	-0.1174466599698145	-0.258235908779522	-1.463299759159744	-1.463299759159743	0.03913727048302361	-0.1911969453876737	-0.1212921862836438	0.03275566195329595	-0.1923894043679609	0.05265554623723077	0.02975065608314482	-0.385826290789998	0.1280821833738632	-0.03620364811064054	0.2005657645973453	-15.24752879593878	-5.75557908492457	-24.31365784656923	12.99744431406866	-0.8776412194377561	-708.2760232845905	22.25925950930941	0.3650428226089505	0.6269277468783581	0.2714461850812208	-2.764197197141418	0.5083109986439075	-0.4330487664155533	3.036507902214963	-3.145274084293692	-3.145274084293683	-0.9134953335602384	-0.7398358441537279	-0.7505898091308673	0.4106522203435701	2.447545414562283e-08	-2.374439089586744e-08	1.141201238657387e-07	1.956738715222447e-07	7.127005365697541e-08	-8.507315905179403e-08	6.79853321947514e-08
1.6	-0.3268393879986373	-0.01018341039296021	0.7864405268311349	1.16094012500091	-0.1854394098213212	0.003167260214875881	-0.17780200644237	0.905574696235962	0.9055746962359631	-0.001239812931278303	0.03854282759188683	0.2599674267563488	0.113022714958332	1.261221949016505	0.2519980463936474	0.5322254551493328	-2.65423792702708	0.06017178375288266	-0.122735588832185	-0.2289849264814768	-1.495239888129764	-1.495239888129764	0.02935458002261882	-0.1978029410345901	-0.1290407814913572	0.03675760690315927	-0.1840710158537791	0.0520837011778779	0.02994868501404208	-0.3858210692113965	0.1300984985544315	-0.0363284853913887	0.1951620471588971	-16.18899220817568	-4.98123546523405	-24.3026804817861	13.07609372952049	-1.203727200775649	-705.7785551479394	22.33813214625532	0.5081630440641798	0.6355915773885715	0.2689469150526755	-2.958920647886157	0.5071831211423636	-0.6329445014171343	2.819351612164061	-3.246591616948003	-3.246591616948003	-1.050313445734815	-0.5771963196203791	-0.8007275510143965	0.3916034114342896	4.083454030932528e-08	-4.019298350562471e-09	2.404040145817548e-07	3.787755725742569e-07	4.869062801177725e-08	-9.114095399735071e-08	1.504883740063992e-07
1.61	-0.3142003566688078	-0.007631762793935286	0.7917760593876161	1.134247823327881	-0.1848116874162774	0.001903814421280921	-0.1799545534989303	0.8904580705743101	0.8904580705743116	-0.001002961951029512	0.03653856157488374	0.2586357372628517	0.1134103179316981	1.266694582820113	0.2583187206011562	0.5348650788436741	-2.684409242145001	0.06545468003022478	-0.130419318587002	-0.2018492870921548	-1.528311722137523	-1.528311722137522	0.01757449835347186	-0.202775367840542	-0.1374381840875489	0.04082439105424347	-0.1745588512909421	0.05151359433534297	0.03015068521308678	-0.3866603320546789	0.133072683221647	-0.03652770774584294	0.1887159472481726	-17.14910680474152	-3.89981940499927	-24.30300653719271	13.19397030862673	-1.494976785837383	-703.0103202745972	22.4384911797362	0.5833644284353487	0.6284057339413497	0.2590506453443613	-3.074253997914596	0.5511840156086766	-0.9059272293963677	2.611949763174262	-3.371458654510911	-3.371458654510889	-1.308005598272735	-0.4159842739337755	-0.8804127248974054	0.4234691682552835	3.930081295988985e-08	-4.186091089217922e-09	1.444412331432261e-07	2.939099413459639e-07	5.975082418357926e-08	-1.054576385123113e-07	8.58890541202178e-08
1.62	-0.3015032888249605	-0.005017288374533483	0.7971375042907847	1.107248205092837	-0.1841286678215451	0.0005495633267618272	-0.1818454882294263	0.8750039307002175	0.8750039307002188	-0.0008971418016276356	0.03449282760725355	0.2572158405211976	0.1138404393968371	1.272829251820778	0.2645634104690234	0.5374079244867822	-2.715701239429701	0.07123122169070947	-0.1408966490171148	-0.1766624612685071	-1.562742730618129	-1.562742730618129	0.003148413853601907	-0.2060965311605419	-0.1466822311227753	0.0452613052577195	-0.1650466867281039	0.05094348749280705	0.03035268541215114	-0.3874995948979617	0.1360468678888619	-0.03672693010029973	0.1822698473374492	-18.12790196680308	-2.831692302130886	-24.30954610087408	13.31727641914241	-1.763414200892704	-700.4291189338682	22.5514889659072	0.6405700834754551	0.6203947094602374	0.2495913048060598	-3.183057081241674	0.605912197770886	-1.191664636476315	2.429588899029241	-3.518426511517624	-3.518426511517624	-1.579514011879422	-0.2469436224300033	-0.9700564388214226	0.4656294219126478	4.051093931720922e-08	-6.632153917673289e-10	2.715214094349389e-08	1.835009029551118e-07	7.823751176645453e-08	-1.29231063230574e-07	1.197729943035068e-08
1.63	-0.2887418232199891	-0.002340758147444027	0.8025237726177042	1.07993047213751	-0.183384376029086	-0.0009281873574850347	-0.1834938673710594	0.8591988146213378	0.8591988146213412	-0.0009536994330115905	0.03242462643352082	0.2556994905458624	0.1143183134986505	1.279553278079896	0.2707281560001399	0.5398193804440619	-2.747999840237517	0.07781420308041687	-0.1554971517666842	-0.1533041635534252	-1.598501035334726	-1.598501035334726	-0.0153026091807115	-0.2070665645566326	-0.1567115763909937	0.05052499735762349	-0.155385684358972	0.05042060315294853	0.03047645378632086	-0.3879394340005022	0.1390003386215089	-0.03691889164531489	0.1756406534028841	-19.1241337418601	-1.740472587803444	-24.30580126111333	13.43541688288246	-2.109147707397641	-697.3965970175813	22.65627017449921	0.7017497856048422	0.6123682317994527	0.2329300784511227	-3.276420317339772	0.7125308390981234	-1.720786331987729	2.24533073354172	-3.637624918142455	-3.637624918142432	-2.104325720007524	0.04951983305831578	-1.037930732986295	0.5884185500206506	4.612567294063459e-08	8.782549111010846e-09	-1.24371292215007e-07	3.208797411910467e-08	1.08645672403946e-07	-1.681850445909779e-07	-7.688336376016711e-08
1.64	-0.275910431174735	0.000396990286328954	0.8079333569716489	1.052285121426744	-0.1825686464768255	-0.002577251716784534	-0.1849173874303836	0.8430294970020124	0.8430294970020137	-0.001220053148898585	0.03036103553207708	0.2540791356854119	0.1148551604106614	1.28681453987802	0.2768070518057284	0.5420711298918121	-2.781224790516859	0.08551877365122272	-0.1751593840278714	-0.1316906448065772	-1.635583038707789	-1.635583038707789	-0.03881080304703208	-0.205174476702447	-0.1674832081457819	0.05705586729718208	-0.1457246819898405	0.04989771881309087	0.03060022216047666	-0.3883792731030457	0.1419538093541548	-0.03711085319032883	0.1690114594683196	-20.13526952444968	-0.6655893861358971	-24.30643721816194	13.5559913512551	-2.416127189563705	-694.5861199083397	22.7758756239381	0.7480171912767739	0.6032247643545982	0.2176500029002143	-3.368326975547139	0.8302300339905928	-2.204010538799895	2.080633105382471	-3.783166242810779	-3.783166242810779	-2.590948178280875	0.3254806276252369	-1.118513736135458	0.7190649898435609	2.529982926543581e-08	-3.355986153542065e-08	-3.425757609550985e-07	-1.534102067784296e-07	1.488628457638044e-07	-1.764779815083932e-07	-1.718390042276884e-07
1.65	-0.2630047567658881	0.003195228080434566	0.8133643733027776	1.024303754116722	-0.1816753865085409	-0.004435588854835852	-0.1861315176799567	0.8264826744914131	0.8264826744914159	-0.001727822196340216	0.02832955945882621	0.2523465123292039	0.1154562261752369	1.294304328491141	0.2828388203005297	0.5440771785036832	-2.815118154368298	0.09281465775172822	-0.1960328405989662	-0.1112261500363666	-1.674014628487404	-1.674014628487404	-0.06170775310072699	-0.2008930177579277	-0.1792485296551687	0.06263919366034394	-0.136328334190041	0.04840307195132881	0.03089029123649489	-0.388076622995374	0.1446441507258914	-0.03724318902515412	0.1626406274204454	-21.160258461184	0.3648901024843189	-24.27406149387049	13.65429368141947	-2.827258815635174	-691.2821037129505	22.81707094642417	0.7470312146056313	0.6029486690243027	0.1838183498620383	-3.410294320308348	0.6313269767344607	-1.957718101768667	2.015745923673848	-3.90811293687088	-3.908112936870868	-1.983933029130444	0.5135281026043909	-1.236607785244561	0.4000498575966274	-4.179702468235949e-08	-1.665315786929774e-07	-6.774720419629781e-07	-3.985575787836358e-07	2.062457913878051e-07	-1.311140906505722e-07	-2.774608549299632e-07
1.66	-0.250024670167259	0.00605374271488443	0.8188137973319312	0.9959813625221107	-0.1807187558235214	-0.006488401535697946	-0.1871437253296616	0.8095445445647531	0.8095445445647546	-0.00243353366636237	0.02634770788996782	0.2504900224725209	0.1160975418830529	1.30169697783531	0.2888624198745786	0.5457526694967888	-2.849429647434378	0.09819291699839165	-0.2140544925902368	-0.09130612483281085	-1.713844521920377	-1.713844521920377	-0.07839928756308716	-0.1952495758238443	-0.1922565082407271	0.06510585594527085	-0.1269319863902399	0.04690842508956754	0.0311803603125059	-0.3877739728877033	0.1473344920976274	-0.03737552485997836	0.1562697953725726	-22.19811295488145	1.378306933476882	-24.24251948675045	13.75026993444292	-3.190830389564245	-688.2154914973599	22.87966644832389	0.7285893374865402	0.6015909802040998	0.1515384791471323	-3.451952818475202	0.4467050632221898	-1.633649622835086	1.971739192051507	-4.06282697348212	-4.06282697348212	-1.34986506001394	0.5978772255380432	-1.367045151369846	0.0957321741965633	-8.345545424596105e-08	-2.544935940532407e-07	-9.087886372336508e-07	-5.361758817966003e-07	2.472567101008948e-07	-1.018166946526873e-07	-3.438484386247209e-07
1.67	-0.2369726451063512	0.008972324572239313	0.8242780904149104	0.9673153797493023	-0.1797176629311498	-0.00870933066209024	-0.1879581112304738	0.7922008396149421	0.7922008396149451	-0.00327703237983282	0.02442965848385506	0.248496947755716	0.1167482820670875	1.308533733957227	0.2948393256838678	0.5470263693296428	-2.883662670503017	0.1017491077320068	-0.2298755451652268	-0.07152094106776645	-1.755151580245437	-1.755151580245437	-0.0894837272738961	-0.1880896752305929	-0.2065919192803211	0.06458008296318481	-0.1169790294469309	0.04531286948586567	0.03139297339661934	-0.3875316251640207	0.1504629182848405	-0.03755087435499575	0.1494117162566135	-23.24778506537634	2.555018399558441	-24.20793227400427	13.85360185760286	-3.603926314239675	-684.690497890964	22.92046343995153	0.6350491655056297	0.5935992024559882	0.1033282310997963	-3.393370761040736	0.2684430603606655	-1.517925488915467	1.989425108082288	-4.20289774030489	-4.202897740304846	-0.8653899186179292	0.8155618722064244	-1.501818684562463	-0.1962434204892249	-7.648160189860201e-08	-2.564076500951457e-07	-9.420852450655381e-07	-4.682239058538001e-07	2.569681656019474e-07	-1.032346564752698e-07	-3.3522933539334e-07
1.68	-0.2238574864010362	0.01195024725191999	0.829752728995367	0.9383101880038083	-0.178689334735057	-0.01108078879704841	-0.1885731418657659	0.7744364135862254	0.7744364135862268	-0.00420690678881235	0.02259131116287182	0.2463535130076533	0.1173798622440858	1.314323706717611	0.3007305843397369	0.5478217689922777	-2.917271441970952	0.1036399777428023	-0.2441602943035972	-0.05143507172866158	-1.797988737701975	-1.797988737701975	-0.09567442666484678	-0.1793091587978323	-0.2223285144922468	0.06127385453797716	-0.1070260725036209	0.04371731388216467	0.03160558648072591	-0.38728927744034	0.1535913444720528	-0.0377262238500121	0.1425536371406557	-24.30838845683448	3.715299469044977	-24.17062252773	13.95010487380649	-3.964611695772041	-681.4123140745926	22.99430781756156	0.5192326651798607	0.5844615495200403	0.05587844510336624	-3.327102498334392	0.1136409186582989	-1.326388935511159	2.031876306863603	-4.368846799777746	-4.368846799777746	-0.3711169960422967	0.9220003934398748	-1.647281985836223	-0.4603589144277652	-7.25959031747465e-08	-2.624603332673631e-07	-1.005737502945305e-06	-4.199698577548539e-07	2.702676420170664e-07	-9.91584022711613e-08	-3.489007905563257e-07
1.69	-0.2106911758510326	0.01498648245057436	0.8352327004718325	0.9089737241833413	-0.1776499874950712	-0.01359177833999372	-0.1889847551616454	0.7562356620171561	0.7562356620171587	-0.005177602677699871	0.02085114260346748	0.2440453703717062	0.1179650800203117	1.318596275380314	0.3064840511879008	0.5480671586028648	-2.949723133315795	0.104015371308892	-0.25818014577301	-0.03071649367388822	-1.842436828706	-1.842436828706	-0.09798388290941731	-0.1682657061915962	-0.2395636943629754	0.05539367340239501	-0.09633999579664811	0.04201923372183151	0.03171056977031785	-0.387291226604525	0.1573051057302723	-0.03797395254266144	0.1350358492841235	-25.37922233136348	5.082296165112706	-24.13899193366301	14.05943697173882	-4.343438255925093	-677.6812826786231	23.03912865406399	0.329922483814191	0.5659897388843027	-0.006950479649005652	-3.15950605535862	-0.03279822501253414	-1.461104041935759	2.117512620850849	-4.524062745098042	-4.524062745098014	-0.08893513782278073	1.264268931165096	-1.801192482282653	-0.7084865369765214	-7.517602610010144e-08	-2.771782669936721e-07	-1.13294690311282e-06	-4.129583460789767e-07	2.910795372210119e-07	-8.357863326116866e-08	-4.092431023575164e-07
1.7	-0.1974924089110069	0.0180792924149943	0.8407119619046668	0.8793216827288634	-0.1766133436795448	-0.01624723055548823	-0.1891840498637646	0.737582175039172	0.7375821750391732	-0.006157008168865124	0.01923515881751496	0.2415569646381333	0.1184801682204114	1.320814984722976	0.3120455374928504	0.5476797602660012	-2.980386968772611	0.1030992928511087	-0.2730528288135993	-0.008971352976443848	-1.888535819485353	-1.888535819485353	-0.09741634712032114	-0.1544722041073756	-0.2583811340173633	0.0472479393126894	-0.08565391908967429	0.04032115356149935	0.0318155530599036	-0.3872931757687123	0.1610188669884907	-0.03822168123530972	0.1275180614275926	-26.45994888020142	6.433601223507907	-24.10025348711746	14.15637872209855	-4.663277072558752	-674.2010626007024	23.13062805205293	0.1084608011716995	0.5460654408771584	-0.0706791443867842	-2.969531320728937	-0.1446534861162886	-1.496955249746474	2.237188835397797	-4.699026754843372	-4.699026754843372	0.2042814106910372	1.472010289036776	-1.96373394256811	-0.9134695052524643	-8.436366080272607e-08	-3.077924490881889e-07	-1.344942155510029e-06	-4.421016954812285e-07	3.258782703102374e-07	-6.299955684682111e-08	-5.055216675582985e-07
1.71	-0.184282736715526	0.0212268137329294	0.8461839329479901	0.849373149920679	-0.1755925788813633	-0.01905844463114622	-0.1891592842216001	0.7184597439428104	0.7184597439428126	-0.007116994642210248	0.01777321263918412	0.238872632934636	0.1189023161916708	1.320649033491864	0.3174310740457418	0.5465803336908464	-3.008864934339949	0.1008359104139353	-0.2895080981763899	0.01427103336331965	-1.936182843010056	-1.936182843010056	-0.09413927263501262	-0.1373325367946203	-0.2787295957459381	0.03682055842705857	-0.07513741199699828	0.03842210500634961	0.03180592707587589	-0.3866291058374571	0.164592470881613	-0.03851159615693134	0.1201073339733616	-27.55054963353628	7.775995683139903	-24.06129117981821	14.23031960582019	-5.098399876340265	-670.2258459143083	23.15048160643362	-0.1497315048073058	0.5307381301167989	-0.1496932036400164	-2.718780721355835	-0.300123812987015	-1.767439320774414	2.419746326417012	-4.832381387514897	-4.832381387514859	0.4553324499731491	1.922501525756297	-2.107059087667957	-1.161925190191648	-1.087485725930717e-07	-3.749680024295849e-07	-1.751944868035546e-06	-5.544012253631809e-07	3.928467305356083e-07	-3.092207340245668e-08	-6.844536155781443e-07
1.72	-0.1710888457162722	0.02442737848991774	0.8516408859676495	0.8191534671474944	-0.1746010365456481	-0.02204373670867716	-0.1888916981574085	0.6988538743639572	0.6988538743639586	-0.008031027974198069	0.01650017444865278	0.2359774852539195	0.1192092797920793	1.317658745478581	0.3226542253034975	0.5446761555332432	-3.03461696177207	0.09725480035799655	-0.3078684291883429	0.03959273142914379	-1.985223515984003	-1.985223515984002	-0.0882257188488078	-0.1166906065474093	-0.3005443294611449	0.02421106514249726	-0.06462090490432025	0.03652305645120101	0.0317963010918428	-0.3859650359062035	0.1681660747747346	-0.03880151107855165	0.1126966065191325	-28.65147422328709	9.104140169175388	-24.00873572854494	14.283716423972	-5.468641285722919	-666.4940532635904	23.23485872044886	-0.4564065552625306	0.5135883818499688	-0.2316294608764268	-2.424343693685492	-0.4081990098693464	-1.877967579578969	2.653051180609906	-4.977756644691978	-4.977756644691978	0.7315772708702962	2.172462875927927	-2.256988339894539	-1.349891985038564	-1.32050491367547e-07	-4.439569833265718e-07	-2.196933057320093e-06	-6.671512551775889e-07	4.634066872100077e-07	-5.931198978550839e-09	-8.733345432711762e-07
1.73	-0.1579406343919449	0.02767909418829645	0.857074519914737	0.7886918744575599	-0.1736520971654806	-0.02522392957965234	-0.1883599711437815	0.6787503965417906	0.678750396541795	-0.008872414617015854	0.01545261266511306	0.2328562675926769	0.1193789095269018	1.311334706988664	0.3276328727957373	0.5418905433376356	-3.057031554383751	0.09231801452701309	-0.3285500186056429	0.06716053347024117	-2.035719992826669	-2.035719992826669	-0.07955734506217263	-0.09221375402648359	-0.3240024315425599	0.009350808900834945	-0.05293654033702738	0.03433823103484823	0.03168734854113553	-0.3860272412975276	0.1727627393869936	-0.03924502488668688	0.1041957736168646	-29.75652274500794	10.76954863074841	-23.98360114478107	14.36406204444988	-5.801613075531239	-662.3157446798493	23.2525377688088	-0.8177898438916935	0.4817170600125099	-0.326039427412694	-2.049586112045377	-0.5691000230608911	-2.220097909429034	2.869824042003517	-5.122751308085002	-5.122751308084955	1.008086829240906	2.676339483923997	-2.435690426307992	-1.609288112245147	-1.526062492803508e-07	-5.175442983823781e-07	-2.73824156267218e-06	-7.810436241064376e-07	5.430736527373006e-07	1.090059714906563e-09	-1.087443240849787e-06
1.74	-0.1448751409221285	0.03097893918701787	0.8624754952741663	0.7580262220280783	-0.1727590619742932	-0.0286223070021247	-0.1875403302445157	0.658134522330394	0.6581345223303954	-0.009612393642631582	0.01466802801553165	0.2294913750538112	0.1193888975656048	1.301115174577347	0.3322800853720379	0.5381444380015943	-3.075428909680868	0.08607396256210831	-0.3515053394878836	0.09717550855709847	-2.087702793830576	-2.087702793830576	-0.06794419540830557	-0.06409517975559377	-0.3492793049856957	-0.007717274081430876	-0.04125217576973834	0.03215340561849644	0.03157839599042214	-0.3860894466888586	0.1773594039992495	-0.0396885386948217	0.09569494071459565	-30.85399399617013	12.41573418528041	-23.93992550291419	14.41642839576929	-6.04502438445944	-658.4658268234571	23.35962909401763	-1.235505339542422	0.4473013986621182	-0.4237280889632032	-1.620896230772696	-0.669652236653601	-2.332713872567113	3.142485789761867	-5.275021476940028	-5.275021476940028	1.32053244431667	2.900807225920743	-2.62074261223873	-1.791457333159265	-1.737453650452499e-07	-5.9617815953168e-07	-3.353587685188096e-06	-9.058966909442305e-07	6.321236823250227e-07	1.100189494493415e-08	-1.336503015283354e-06
1.75	-0.1319322086675872	0.03432360673386536	0.8678339558401298	0.7271979316760441	-0.1719352780026713	-0.03226518545634266	-0.1864073908708197	0.6369919712637976	0.6369919712638002	-0.01022184507146941	0.01418595268153522	0.225864837649546	0.1192171175030367	1.286710793660337	0.3365964873193037	0.5333608812277721	-3.089404579601694	0.07846763386422016	-0.3776411150156027	0.1299326406399726	-2.140983501182987	-2.140983501182987	-0.05344380261235838	-0.03157936380360252	-0.3763081419680703	-0.02697285205069744	-0.02958192784729059	0.02970988044111473	0.03127031293816623	-0.3855697579182986	0.1819972776184824	-0.0402583778380461	0.08709553834695918	-31.93683260294985	14.11019092514025	-23.9197437535763	14.44636415543341	-6.389421671559045	-654.0456176999963	23.34581535222304	-1.657067200686013	0.4154360787883839	-0.5336800286948339	-1.162314826855063	-0.8390359269806745	-2.839421773429599	3.420368086266586	-5.380964863109013	-5.380964863108978	1.589344675773638	3.537839223091463	-2.785907153862701	-2.043605120666779	-1.965223701641086e-07	-6.88981169328105e-07	-4.176808655894773e-06	-1.061524024987906e-06	7.475184686977973e-07	2.902957968148614e-08	-1.683694659348149e-06
1.76	-0.1191561527688027	0.03770976359739142	0.8731389787269341	0.6962546021339748	-0.1711941398661538	-0.03618650414194833	-0.1849312719425527	0.6153113392239354	0.6153113392239369	-0.0106713821766402	0.0140512095957091	0.2219596212929314	0.1188425822424047	1.267739903427114	0.3405779487077529	0.527456902169775	-3.098436747687215	0.06954479554136223	-0.4071933857655335	0.1658114194715082	-2.195318988484096	-2.195318988484096	-0.03596133067481467	0.005371269878514467	-0.40501509545548	-0.04826831369422134	-0.0179116799248412	0.02726635526373432	0.03096222988590616	-0.3850500691477409	0.186635151237714	-0.04082821698126926	0.07849613597932452	-32.99680787739997	15.78294505607797	-23.87389910428649	14.43855355228786	-6.626919202897407	-650.0024697824823	23.44960627623701	-2.148807202785315	0.380313286898792	-0.6478125457982014	-0.632195863711723	-0.93295416164755	-3.016012917009483	3.766815139494109	-5.485977466679782	-5.485977466679782	1.91694827263597	3.787770771945882	-2.956365913245752	-2.199434068010729	-2.162034404544932e-07	-7.843767271840952e-07	-5.088576906554677e-06	-1.214529242514117e-06	8.719048951675427e-07	4.274957225504245e-08	-2.057126294817747e-06
1.77	-0.1065937298306199	0.04113392451537334	0.8783791206041581	0.6652471381182565	-0.1705496378500203	-0.04042239553433434	-0.1830803831382389	0.5930825246365495	0.5930825246365525	-0.01092897256047732	0.01431053164813656	0.217758768541785	0.1182440173113415	1.243858456895397	0.3441817537698784	0.5203597507792505	-3.102060369987537	0.05909060178742906	-0.4405462015554869	0.2049378722428487	-2.250555219158413	-2.250555219158413	-0.01480942641703541	0.04723211627539529	-0.4354497472651333	-0.07182373195383773	-0.005706323207267021	0.02441798347997363	0.03044082136800047	-0.3845197336878965	0.1918281517771732	-0.04160298059051477	0.06928851111251208	-34.02434364031907	17.65633690251155	-23.87302636660329	14.42775182293145	-6.900025547335618	-645.4010182192919	23.40750163894732	-2.640865501759956	0.3397705460544745	-0.772416168222972	-0.07822415196458581	-1.142340117706875	-3.578799550822592	4.071289973717438	-5.559092594251072	-5.559092594251009	2.325221876846255	4.495843739281188	-3.131068430710999	-2.491742993671555	-2.262097144058966e-07	-8.878739977262269e-07	-6.277055407068416e-06	-1.359340345923252e-06	1.024390196940321e-06	4.300802681923735e-08	-2.512557903427352e-06
1.78	-0.09429673178243902	0.04459199477001355	0.8835419410209679	0.634233282131777	-0.1700178153985151	-0.04500859181278622	-0.1808210838806601	0.5702980183971341	0.5702980183971355	-0.01095286182683771	0.01501058259767662	0.2132447585493644	0.1173982687399353	1.214654925427895	0.3473598160394071	0.5119926100869358	-3.099715141838744	0.04700888261586906	-0.4772543629788134	0.2474935101247318	-2.306457318890467	-2.306457318890466	0.0107788928206386	0.09351704930115634	-0.4676465437102217	-0.09770504176283276	0.006499033510308312	0.02156961169621497	0.02991941285008727	-0.3839893982280553	0.1970211523166308	-0.0423777441997578	0.06008088624570129	-35.00852222859717	19.50457813284138	-23.83870802640766	14.36838396905262	-7.048737726276986	-641.2408604873178	23.51625831012451	-3.213224189942295	0.2951647283794099	-0.9018104061562419	0.561574226111187	-1.258459245172907	-3.687082043684126	4.452652161602555	-5.619151278227233	-5.619151278227233	2.804231268614917	4.672588097721916	-3.308794840332771	-2.664612377886451	-2.276440066578277e-07	-9.843471854824524e-07	-7.547645274386256e-06	-1.482271468067608e-06	1.182827756758849e-06	3.817098346147352e-08	-3.00130120804482e-06
1.79	-0.08231934899788909	0.04807959047326615	0.8886144957625108	0.6032741611208952	-0.1696158523020251	-0.04998145621583199	-0.1781188219298195	0.5469520346953129	0.5469520346953157	-0.01069639364263538	0.01619845886073009	0.208399959837811	0.1162812679227724	1.179826231017345	0.3500719505171147	0.5022822042132706	-3.090950194982944	0.0330675505985327	-0.5179230033148595	0.2935653694593811	-2.362740146835009	-2.362740146835009	0.04150092737420014	0.144800785572876	-0.501604761484106	-0.1261048569557003	0.01910462042606278	0.01827479353402922	0.0290975655021608	-0.3832712880246531	0.2026890254083205	-0.04340007116945751	0.0503478964763569	-35.93698062684308	21.53120800279812	-23.86174395574393	14.29654072008863	-7.250721730049779	-636.4639794832365	23.44616969920658	-3.767136876760996	0.2464327238990101	-1.04107629752397	1.207630442725121	-1.510711795443056	-4.346948068253956	4.775426231808479	-5.632922100868453	-5.632922100868411	3.352418579738586	5.467423418387775	-3.482897016393549	-2.990918088125742	-1.99076362961608e-07	-1.056236083488009e-06	-9.105624925518422e-06	-1.528622655785244e-06	1.362098219737495e-06	1.549969737685537e-08	-3.606635448689802e-06
1.8	-0.07072014211948034	0.05159174650458234	0.8935828623214064	0.5724374246840497	-0.1693630508487939	-0.05537904563017615	-0.1749376467031512	0.5230432080043877	0.523043208004389	-0.01010345930669489	0.01792140389180034	0.2032068665944234	0.1148676185540531	1.139019744200832	0.3522718816521277	0.4911549735574542	-3.075238227030712	0.01717655396403479	-0.56219936523847	0.3432761652905311	-2.419025916711582	-2.419025916711582	0.07807212316823531	0.2005308029042271	-0.537305450077082	-0.157034752074122	0.03171020734181479	0.01497997537184211	0.028275718154247	-0.3825531778212565	0.2083568985000068	-0.04442239813916176	0.04061490670701225	-36.79598428538507	23.52868937037967	-23.84287946945519	14.16432633756245	-7.311614504548388	-632.2017432997247	23.56731395997464	-4.408782671134976	0.192724059840493	-1.185175362586483	1.950978445397482	-1.64839216860521	-4.40862636119703	5.180439460902639	-5.619739664633511	-5.619739664633511	3.974063516709637	5.561844309648198	-3.657289004151107	-3.170628362997292	-1.446187589824969e-07	-1.093313830164783e-06	-1.078293142139765e-05	-1.445968568972031e-06	1.540465299439538e-06	1.029383976356173e-08	-4.297548734257101e-06
1.81	-0.05955940781227746	0.05512319767490804	0.8984327033684724	0.5417932934773757	-0.1692807116079664	-0.06123916925784381	-0.1712415388979199	0.4985724448796199	0.4985724448796222	-0.009110547896893141	0.02022621116406983	0.1976478508705941	0.1131300955041439	1.09203603534971	0.3539131969117572	0.4785529246336263	-3.052276529017163	-0.001116818476000438	-0.6103929704503761	0.3965591930835243	-2.474970540650214	-2.474970540650214	0.1218594471097188	0.2610839043811822	-0.5747865384561088	-0.1909513065096874	0.04471402273353104	0.01108058668708605	0.0270968636956646	-0.3816709004719399	0.2145451453228557	-0.0457815889103792	0.03032516584629504	-37.57546329154982	25.71382961295948	-23.91285550255532	14.01817552954302	-7.411629991222365	-627.3183775747573	23.45800218716098	-5.006932266552379	0.1344335901380581	-1.336741088152356	2.665360666617278	-1.982699909142555	-5.108987730703684	5.494304037668694	-5.558426686227795	-5.558426686227731	4.781127620111129	6.400067926220297	-3.836510129532086	-3.576721564126903	1.210418811403431e-08	-9.928875290928715e-07	-1.293157895402773e-05	-8.537436477619684e-07	1.715264015199001e-06	7.407642461199946e-08	-5.326499247267546e-06
1.82	-0.04890126404848255	0.05866798166405282	0.9031487196401256	0.5114180982882898	-0.1693938841170281	-0.06759808096353329	-0.1669941868949258	0.4735469149299175	0.4735469149299185	-0.007639751090230762	0.02315615442300954	0.1917054259880233	0.111038496393821	1.038501635520545	0.3549384454159443	0.4643900184748785	-3.021451023512263	-0.02192579601363065	-0.6619569808429341	0.4535250048433664	-2.529979281698837	-2.529979281698836	0.17364920254094	0.3255580002381827	-0.6139872818252796	-0.2278499641568826	0.05771783812524807	0.007181198002332375	0.02591800923707541	-0.380788623122628	0.2207333921457026	-0.04714077968159385	0.02003542498557957	-38.26946114090183	27.87353478457527	-23.92694873058103	13.79419587646353	-7.379563968025958	-622.9111912206063	23.61098980593491	-5.718920866743868	0.06951070875206672	-1.49734680957045	3.523739943667472	-2.151513188124202	-5.082707397327438	5.916996254272388	-5.43256308663169	-5.43256308663169	5.574549814657156	6.34604318565729	-4.001220002179857	-3.767049005323229	1.966920729750511e-07	-8.534477722429545e-07	-1.524082933048404e-05	-2.020242304337215e-07	1.892113053952746e-06	1.466115775192479e-07	-6.437135089694728e-06
1.83	-0.03881130170028577	0.06221981339048779	0.9077151764155007	0.4813906791669958	-0.1697296094987243	-0.0744917966211881	-0.1621594989930241	0.4479773676784082	0.44797736767841	-0.005605842765105854	0.02675255754136777	0.1853622880337253	0.1085611842268366	0.9783238821876205	0.3553057183909037	0.4486164857660265	-2.98258138061127	-0.04572124067958087	-0.7172944933265092	0.5140224846295117	-2.583544844166812	-2.583544844166813	0.2348441394999046	0.3941889267728366	-0.6549085507981733	-0.2681480451645985	0.07091462825814791	0.002577580828519147	0.02429838424609915	-0.3796416574683557	0.2273254749076797	-0.0489468946026766	0.009332608605865548	-38.87131222106883	30.17703182688877	-24.07399529558671	13.55032779927177	-7.3843261731142	-617.9134851814697	23.46010666977418	-6.342261626803111	0.002455208192996829	-1.660013653326804	4.286248601022728	-2.571052443160431	-5.834078407529596	6.207610204650897	-5.260907472445033	-5.260907472444999	6.645512311168887	7.192016690792987	-4.177195456956629	-4.244614384828775	5.066721777762426e-07	-5.384474643920289e-07	-1.827279250415831e-05	7.174204194263309e-07	2.078188546180761e-06	2.585332866911417e-07	-7.915354914497193e-06
1.84	-0.02935812869747219	0.06577174176993739	0.9121153664334303	0.4517954909022491	-0.1703187877945467	-0.08195384845040975	-0.1567015390204892	0.4218836938731075	0.4218836938731083	-0.002909275735461084	0.03104934978575722	0.1786020143672756	0.1056642059025086	0.9111437664452622	0.3549577760188702	0.4311366669857368	-2.935004852201973	-0.07261637883873112	-0.7756242151563666	0.5781794189702769	-2.634804592457369	-2.634804592457369	0.3061809434449814	0.4656358254444325	-0.6974144242555671	-0.3117831956256347	0.08411141839104801	-0.002026036345292103	0.02267875925512059	-0.3784946918140883	0.2339175576696544	-0.05075300952375768	-0.001370207773847016	-39.37651691983805	32.46304194883199	-24.15091005621414	13.21167444567141	-7.277098025944775	-613.2883806374967	23.64074733227968	-7.119393348630842	-0.07353236064646236	-1.838604023858002	5.265117045328324	-2.771451886764205	-5.6811492665839	6.648887165196312	-4.971400251147789	-4.971400251147789	7.602923211879592	6.909237613045657	-4.318140899079888	-4.434462895987267	8.786189288840573e-07	-1.34360909399384e-07	-2.152702576446355e-05	1.811496407928725e-06	2.259195620573779e-06	3.706101714507298e-07	-9.519264116032548e-06
1.85	-0.02061213514981985	0.06931643036821961	0.916332070683606	0.422719491038274	-0.1711973503649045	-0.09001093125326087	-0.150584427142047	0.3952902775834897	0.3952902775834911	0.0005647358881651497	0.03607329072152799	0.1714077158182604	0.1023083904167445	0.8367400655125222	0.3538333704562344	0.4118834142105419	-2.878565226123804	-0.1039442601058386	-0.8356569532610054	0.6458968223954609	-2.683238796450319	-2.683238796450319	0.3913081068945202	0.5389551873684916	-0.7417701758525377	-0.3602898450612702	0.09779442463570331	-0.007948479656718249	0.02062842375645743	-0.3776720895007151	0.2413214122391531	-0.05318698583411302	-0.01272353816824736	-39.78317095022458	34.99827928467657	-24.42907380553666	12.87335305602035	-7.123971747093197	-608.2204228470558	23.41130667525368	-7.797855445125915	-0.1533712819235722	-2.016685148013957	6.078078275328064	-3.443555329961796	-6.141582041264312	6.931246782742694	-4.683883593079202	-4.683883593079108	9.366235722965127	7.515029116665299	-4.541868126587067	-5.19930323645285	1.572017657707478e-06	7.318605526409265e-07	-2.593428509916697e-05	3.811472465638262e-06	2.413910277447747e-06	4.834920295714821e-07	-1.177518695936978e-05
1.86	-0.01264957800740804	0.07284557958530519	0.9203466425572967	0.3942568260123295	-0.1724152115645897	-0.09866379062893026	-0.1437705252590417	0.3682316286300012	0.3682316286300019	0.004969743708580961	0.04182477400345524	0.1637603445859589	0.09843940098280395	0.7544564853985933	0.3518498997795429	0.3907101916887247	-2.812337884594953	-0.1404761047040573	-0.8947795297200621	0.7175374198831835	-2.727851125231692	-2.727851125231691	0.4923801828030241	0.6111442946757211	-0.7880289609127651	-0.4144179852609525	0.1114774308803589	-0.01387092296814204	0.01857808825779125	-0.3768494871873473	0.2487252668086492	-0.0556209621444662	-0.02407686856264606	-40.09234872588051	37.5318499495945	-24.61964773060398	12.4206970025322	-6.896496996581439	-603.3076560982856	23.61166336713907	-8.695369184868779	-0.245345383457562	-2.222597973182473	7.222660135464588	-3.812244552986437	-5.499116937467496	7.433525977703955	-4.207025208832339	-4.207025208832339	10.7919057036726	6.683186689679711	-4.698747591731232	-5.558761048796618	2.370306073477911e-06	1.772345964833112e-06	-3.055265990988661e-05	6.073473031562147e-06	2.537007019688805e-06	5.85339139202547e-07	-1.421378472392575e-05
1.87	-0.005547826693977988	0.07635055592307544	0.9241399288978963	0.3665018969858996	-0.1740309251107018	-0.1078983014675797	-0.1362227952455579	0.3407463935401476	0.3407463935401487	0.01048095957766909	0.04828791259543344	0.1556390533125207	0.09399353475663262	0.6645698586064207	0.3489877300933117	0.3676044085960805	-2.737131404273702	-0.1839275987647697	-0.9511760688655669	0.7925990907037517	-2.768438456021692	-2.768438456021691	0.6134941735333976	0.6802401480913031	-0.8366895155884803	-0.4760946172150552	0.1252114996632491	-0.02149687756340106	0.01602083826168169	-0.3762710958981175	0.2567519740747705	-0.05887457660251531	-0.03575315079353645	-40.30825848755254	40.23655403683191	-25.09352112827002	11.96440723622842	-6.59162993055743	-598.1155550525485	23.2859802301838	-9.333049313062258	-0.3298168899315265	-2.405838489433209	7.897943805404075	-4.804319650192963	-5.563878029499059	7.631063817712092	-3.871984824480479	-3.871984824480413	13.31009596724823	6.839197579169518	-5.016577121740699	-6.678101282591816	3.805424731426573e-06	3.870862502947291e-06	-3.645280725356168e-05	9.926336683072997e-06	2.468137851658635e-06	6.201895615748017e-07	-1.776148022445259e-05
1.88	0.0006155103741889051	0.07982227773823827	0.9276919034051437	0.3395446931276673	-0.1761196971609374	-0.1176675688229655	-0.1279067332871743	0.312877805580315	0.3128778055803157	0.0173111053959668	0.05540529230390364	0.1470177829490753	0.08888970480814547	0.566773636347451	0.3451989952580563	0.3424478250182477	-2.652792850954504	-0.2350878055286522	-1.001730833067352	0.8712038088634785	-2.804521699227557	-2.804521699227557	0.7561661726449046	0.741992517973764	-0.888024778914153	-0.5460107297241431	0.1389455684461392	-0.02912283215865788	0.01346358826557926	-0.3756927046088935	0.2647786813408888	-0.062128191060563	-0.04742943302442523	-40.43235725767199	42.96330792140063	-25.45942081651911	11.3720096356617	-6.255779776832235	-592.7465080595886	23.54645654665243	-10.27728827822838	-0.4306584132623501	-2.632758070220187	9.049074735053944	-5.353987093620469	-4.330761948723555	8.142135445535619	-3.30620769200558	-3.30620769200558	15.10350737989933	5.214489983055477	-5.233689321722683	-7.206657159793654	5.383053038577853e-06	6.279403876804926e-06	-4.245461493280424e-05	1.487708171076419e-05	2.254560188125451e-06	9.948733098775704e-07	-2.222663209920636e-05
1.89	0.0057497575747478	0.0832513595207317	0.9309804892788079	0.3134878298443673	-0.1787636821194534	-0.1278994935175082	-0.1187739572154909	0.2846726540535899	0.2846726540535909	0.02568723921954831	0.06308621664202692	0.1378671384816196	0.08304019886107274	0.4573381043895819	0.3404331291342658	0.3147305679317205	-2.555321250068507	-0.2947380643378225	-1.043351569653364	0.9574795785644122	-2.835265111292137	-2.835265111292137	0.9217901633138776	0.7917580701723915	-0.9425356217969972	-0.6247764024354823	0.1529538237029221	-0.0382493996309793	0.010388594682485	-0.3761475644265127	0.2741025084275184	-0.06680026539292289	-0.05903621881417134	-40.46227553996532	46.01420175546152	-26.35409655935621	10.82904090824124	-5.832344047944593	-587.571454178825	23.10574578286617	-11.68542386124982	-0.527214191981653	-2.920749773428823	10.58700963402511	-6.426147972181309	-3.874143235721299	9.189523695986779	-2.773951936002354	-2.7739519360023	17.69603394528933	4.499983981818223	-5.620838846147964	-8.348713459065156	7.993876302448583e-06	1.093562530980344e-05	-4.919346004491224e-05	2.778746671576522e-05	9.918459321952002e-07	3.83334867117707e-06	-3.334334268710743e-05
1.9	0.009707901814383191	0.0866272499459784	0.9339759945324946	0.2885038439436528	-0.1820352902055865	-0.138506908322347	-0.1087145782540769	0.2561969596117575	0.2561969596117591	0.03580045075679636	0.07119327573083936	0.1281591741704181	0.07637559796043458	0.3315530441643957	0.3345607238087038	0.2838317010227173	-2.438217374436402	-0.3606124310516339	-1.076828855126626	1.056524386809937	-2.858630282249443	-2.858630282249443	1.103581715378575	0.827219468113093	-0.9994887476631474	-0.7090297204372661	0.1669620789597087	-0.04737596710329586	0.007313601099349491	-0.3766024242441367	0.2834263355141468	-0.07147233972527563	-0.07064300460391332	-40.39521794052913	49.10471984676766	-27.11819826050392	10.12405820093638	-5.579247268841175	-582.1329920570729	23.8255004175352	-13.54719393169199	-0.6519662536165811	-3.269080034715405	12.97552968427532	-6.598808674548709	-2.70207172617331	10.69594315445378	-1.830559470550764	-1.830559470550764	18.33701965904411	2.353659131470264	-5.722145918383786	-8.304186217882583	1.070398930003218e-05	1.573062569611023e-05	-5.684160713906996e-05	4.117220561382184e-05	-2.704225827573588e-07	7.029443454897473e-06	-4.543935576870738e-05
1.91	0.01234375188430462	0.08993886762536141	0.9366486538555453	0.2647626811325288	-0.185994737195043	-0.1493955381601898	-0.0976214029446139	0.2275124808454405	0.2275124808454415	0.04780797492270442	0.07955965043230404	0.1178649932212701	0.06884386993804437	0.1943034292978212	0.3275430693777903	0.2503079234479231	-2.308473017905906	-0.4311121146287203	-1.09879521515574	1.162464209539726	-2.87776689524697	-2.87776689524697	1.297764866588136	0.8414778269087573	-1.059739294738611	-0.796674349255449	0.1806627650018446	-0.05826489801132119	0.004120721370153804	-0.3774775500829802	0.2930756495865345	-0.07859167560385112	-0.0830426773544551	-40.22752772002674	52.18368916760878	-28.8881558488614	9.512000336386738	-4.815388683009282	-576.3244593005574	23.41723600265959	-14.00780349754407	-0.760163510003771	-3.449008281497125	13.20864037759701	-7.250040627718175	-1.614360334798189	10.59603200071473	-1.883946082473475	-1.883946082473408	19.92933284493146	0.2892966806261926	-6.229538305548711	-8.903669834834414	1.429778092766035e-05	2.176075876686089e-05	-7.258254187347113e-05	5.877869416007371e-05	-1.528724003008454e-06	1.340835109816429e-05	-6.625116104422838e-05
1.92	0.01356831415887033	0.09317360906600024	0.9389750790703206	0.2423659122347365	-0.1906540795059609	-0.1604379200370279	-0.08545822337416006	0.1986508891755274	0.1986508891755273	0.06175140459932035	0.087934083207114	0.1069577009606813	0.06045388190326285	0.04929548509512174	0.319185476059872	0.2145848793676226	-2.169338591768994	-0.5005914953429914	-1.107579262925561	1.270525239008462	-2.894052862969287	-2.894052862969287	1.490762817518472	0.8288310827848893	-1.122111009950915	-0.8806817229155629	0.1943634510439911	-0.0691538289193344	0.0009278416409012654	-0.3783526759218255	0.3027249636589231	-0.08571101148240752	-0.09544235010498728	-39.9534820437468	55.32039787164959	-30.48949001220918	8.692033872631594	-4.548680088216539	-570.3348092438335	24.93285171535686	-15.09885979891718	-0.919954031017461	-3.70893333581671	14.85354360555862	-6.394748101985642	-0.06560927431471322	11.12018450224347	-1.260430415508755	-1.260430415508755	18.09997960319908	-3.027361452436232	-6.146379545751762	-7.576735186268784	1.785034151872446e-05	2.754249177583021e-05	-8.907448227978487e-05	7.594807108603619e-05	-2.632979147055951e-06	1.990668722065584e-05	-8.705235899961696e-05
1.93	0.0132932179191816	0.09631636857242236	0.9409316580871562	0.2214287087004962	-0.1959794321365472	-0.1715063681668149	-0.07219679088122163	0.169645317093552	0.1696453170935516	0.07756194836768264	0.09603575957352933	0.09542174705907647	0.0512720759525295	-0.1066196976043522	0.3089196484079398	0.1762213113397738	-2.013496867966841	-0.561851246217435	-1.102483276276766	1.382630586458628	-2.90493650749482	-2.90493650749482	1.665020857419387	0.7849441861714122	-1.18409842270217	-0.9519664775559998	0.2105387780484557	-0.08086657508171145	-0.002780450556189779	-0.3820772683834942	0.3146852383100431	-0.09662352467496144	-0.1103400931494618	-39.5655543937739	58.98211260044647	-33.59152374547855	8.048709429508984	-3.682362219033393	-564.5396188600856	24.95479905640173	-16.18029730628883	-1.147188896632246	-3.969481598120607	16.64416149380006	-5.599230094036575	1.360618856216156	11.38610889820902	-0.6883406963701411	-0.6883406963700539	16.1296005097601	-6.033814062628228	-6.070647917367081	-6.357822492673781	2.093389906887243e-05	3.049867408203695e-05	-0.0001141091122041039	8.814530333120693e-05	-1.984957899287524e-06	2.776352229432876e-05	-0.0001077328986884993
1.94	0.01139047989232409	0.09934301144945491	0.9424907188113424	0.2021888573495232	-0.2018389105786513	-0.1824111731857662	-0.05778822510742251	0.1405937067212619	0.140593706721262	0.09492324940029988	0.1035056749144475	0.08329677387444775	0.04148672707744334	-0.2762328723368462	0.2959621501819564	0.1350812208377696	-1.829868155114419	-0.6074166576463945	-1.07485064075839	1.499951895181042	-2.903260521032138	-2.903260521032138	1.800914270369199	0.702478877684944	-1.239914866555612	-1.001390307786143	0.2267141050529217	-0.09257932124408493	-0.006488742753271158	-0.3858018608451696	0.3266455129611602	-0.1075360378675124	-0.1252378361939333	-39.0598314732914	62.59411058471841	-36.51506445088782	7.163207597702636	-3.819467067356582	-561.0357331532974	27.18740025212674	-17.83845820552141	-1.458288145827629	-4.264237830647786	20.41094141561264	-3.25588021288886	4.441720499601508	12.16337675669281	1.251495782134174	1.251495782134174	10.42705421297848	-10.74304382703444	-4.912185766189029	-3.204550304209993	2.339894224613322e-05	3.246712783043503e-05	-0.0001357255337804664	9.735091007009386e-05	-1.15575745323477e-06	3.468848673443746e-05	-0.0001243031010696123
1.95	0.007755804551523834	0.1022219989824044	0.9436270587553672	0.1849463041004422	-0.2080196258577193	-0.1929464376345543	-0.04222920703332327	0.1116903045603784	0.1116903045603783	0.1133134026634937	0.1099788989853299	0.07069304135872341	0.03138978248255229	-0.4487236260983448	0.2789063824309181	0.0921876516053609	-1.612490376048128	-0.623591725184282	-1.027678012638976	1.606687999525894	-2.867147450126933	-2.867147450126933	1.86311329191586	0.5882697668500244	-1.274834911162385	-1.010865997670787	0.2416073901749407	-0.1025168349031626	-0.01077323205512943	-0.3824306759621262	0.3320453353707982	-0.1198699718295361	-0.1432432881863911	-38.43495752930173	64.45057021833135	-40.15092070289352	6.148519449254839	-4.426872008549846	-552.3922303697707	28.70777368456655	-16.65691390190378	-1.967372740030005	-4.297793078785567	23.32493885599894	-0.03669152041626666	5.539977380858064	9.154169256320593	6.330193329802902	6.330193329802964	2.005762223126606	-12.33748275446303	-1.880250632306581	1.241935420382918	1.62770126436411e-05	1.912578893279591e-05	-0.0001043597259634936	6.018632146157309e-05	2.481720566225575e-06	2.716945635429816e-05	-7.716307518029017e-05
1.96	0.002455715685012316	0.1049027985077859	0.9443352876852179	0.1700622771827909	-0.2142097661113999	-0.2028729871195979	-0.0257577395191904	0.08345582922556036	0.08345582922556223	0.1319034333616693	0.1151945043393321	0.0579204410320551	0.0214102837390096	-0.6093155774773954	0.2563245486683499	0.04945901800292461	-1.358162888827366	-0.609301652569273	-0.9531076480096962	1.682441783188327	-2.769475155818158	-2.769475155818158	1.840889757367189	0.4509551343054111	-1.273688428744563	-0.9779011375164506	0.2565006752969488	-0.1124543485622418	-0.01505772135693317	-0.3790594910791016	0.3374451577804286	-0.1322039057915667	-0.1612487401788533	-37.70197771525041	65.98024696166658	-43.76512528220923	5.040485500705687	-6.07964804570736	-550.7398119462249	30.54288628965084	-15.45869772903207	-2.563501348133503	-4.231250704653299	27.80088304650659	2.837147817690381	9.921267801574585	5.966912620208898	13.56334046284804	13.56334046284804	-6.45745700608799	-15.36414816897322	2.301119638730293	5.28355970358607	7.649029763778811e-06	4.216244460253671e-06	-6.329832157899748e-05	1.663469428202771e-05	6.01665259233275e-06	1.701922591673356e-05	-2.081639310382571e-05
1.97	-0.004281670800722246	0.1073057353042684	0.9446312863687213	0.1580271748067897	-0.2199330318292813	-0.2117995759810309	-0.008888427786653217	0.0568040475049315	0.05680404750493238	0.149426446771859	0.118867168993281	0.04551776449500382	0.01219385444339647	-0.7225702711931762	0.220977036653054	0.01197616432770016	-1.033203305095698	-0.5191203098045994	-0.8207022561698077	1.662823446853533	-2.517551173363116	-2.517551173363116	1.619279236758673	0.2857053509999374	-1.182960565103022	-0.8435407014394581	0.302886560336721	-0.09952195524505783	-0.0212045569522914	-0.3845213706748933	0.3490699837405619	-0.1441663639267582	-0.2182859980327091	-36.89603792238879	69.0758306363677	-46.92918338288033	3.843537109880744	-9.832635083587496	-557.4112807426776	35.96230445725251	-6.927341205263391	-4.51160355002662	-3.196845002086179	37.18221946799479	14.53918192480262	16.55865086635017	-10.21577423030161	37.52247889097058	37.52247889097062	-36.65515801126129	-16.85958922641806	16.02519404813479	20.82115046305515	-3.674771845362474e-05	-4.793818241623736e-05	0.0002080335012841741	-0.000178609098959351	7.116117276302143e-06	-5.562200588468154e-05	0.000254188373417267
1.98	-0.01168530142610884	0.1092569514962381	0.944614448054846	0.1497094129543985	-0.2242683732357264	-0.2190704157258338	0.006926787088536294	0.03397461595968002	0.03397461595968038	0.1634048932913624	0.1209364966511578	0.03473568145862134	0.00498280248921287	-0.7425644054054125	0.1659804277657866	-0.01310838147279147	-0.614694784104108	-0.3317167902820573	-0.6219578246837515	1.471622411719632	-2.005005120742542	-2.005005120742542	1.13197637922904	0.1302877350911185	-0.9495697286107264	-0.5768256692304921	0.3492724453764959	-0.08658956192786824	-0.02735139254764855	-0.389983250270693	0.3606948097006922	-0.1561288220619442	-0.2753232558865603	-36.10658052592488	71.20345060827921	-50.51891222147299	3.007749257133903	-14.64911979268005	-581.3891360753366	38.11800022307064	3.193414171676554	-6.493320722527687	-1.751589129706743	46.51067049849091	22.28158316926404	23.18907573080816	-28.3496271396127	65.68775449595431	65.68775449595429	-59.5959243903114	-13.39771468964231	30.83371420888131	31.75447892998081	-7.970629505463554e-05	-9.793850717277143e-05	0.0004722927620443715	-0.0003680734257568538	7.681399170279734e-06	-0.0001280789568805339	0.0005207728508545981
1.99	-0.01833687595865054	0.1105631000366334	0.9444455707087989	0.145552238692999	-0.2265591572386444	-0.223879662180676	0.01942066746289031	0.01772714339282738	0.01772714339282558	0.171773746252109	0.1215743752898374	0.02704959172750429	0.000752298482099444	-0.5336594207189196	0.09222751747133719	-0.01688374586573214	-0.2393995492053759	-0.1363974804306284	-0.3324682937071719	0.9543180488290975	-1.184018805365046	-1.184018805365046	0.5476997547656984	0.01446933979606722	-0.5594544069903234	-0.2741932875409724	0.3453645855699587	-0.1142620732292516	-0.01856675801404657	-0.3177563386298194	0.2976650268372131	-0.151283061370001	-0.3203596124565422	-35.47678349537075	57.12766478669847	-49.95912245490644	1.867345844618918	-19.71332741324348	-494.5745479130686	34.98736401861067	37.8579015179453	-8.278141362325318	0.8259676623822583	29.64155784323032	16.68405915756233	32.90336084934768	-74.34618301223823	99.37988230833591	99.37988230833592	-56.92910973190439	-8.140175561961929	47.33391827286772	28.80664043472379	-5.291354826055855e-05	-4.346487911133493e-05	0.0003935327608101355	-0.0002772336300262199	-1.766118425035954e-05	-0.000191598288806588	0.0003789733077292695
2	-0.02127562846418119	0.1110393464381998	0.9443422352701158	0.144468538352114	-0.2271913572901527	-0.2255791195120994	0.02455643577863785	0.01150469642968582	0.01150469642968191	0.1744827173167188	0.1215608152530649	0.02411135063944051	-0.0005940771788617273	0	0	0	0	0	0	0	0	0	0	0	0	0	0.3414567257634307	-0.1419345845306285	-0.009782123480426539	-0.2455294269889511	0.2346352439737331	-0.1464373006780519	-0.3653959690265176	-35.22230350565914	44.89126830030548	-49.62487771540845	1.389350442918126	-26.59284482791303	-376.6435978348996	28.13629492751427	68.14430137816163	-10.1882421579051	2.380232922027808	19.33153335981966	10.49721728510394	31.78482827692663	-115.7523643273254	138.2942524934643	138.2942524934644	-52.28055045078278	6.872096410154465	64.70153128286555	26.06666010027143	-2.612080146648156e-05	1.100874895010157e-05	0.0003147727595758995	-0.000186393834295586	-4.300376767099881e-05	-0.0002551176207326421	0.0002371737646039409
