inDegrees=no
num_controls=7
num_derivatives=13
num_iterations=118
num_multipliers=7
num_parameters=0
num_slacks=7
num_states=26
objective=5.686559
objective_accelerations=0.639379
objective_balance=0.050898
objective_effort=0.513755
objective_height=4.379672
objective_ligament=0.102854
solver_duration=1392.176118
status=Solve_Succeeded
success=true
DataType=double
version=3
OpenSimVersion=4.4-2022-07-23-0e9fedc
endheader
time	/jointset/ground_pelvis/pelvis_tilt/value	/jointset/ground_pelvis/pelvis_tx/value	/jointset/ground_pelvis/pelvis_ty/value	/jointset/hip_l/hip_flexion_l/value	/jointset/hip_l/hip_adduction_l/value	/jointset/hip_l/hip_rotation_l/value	/jointset/back/lumbar_extension/value	/jointset/patellofemoral_l/patellar_flexion_l/value	/jointset/knee_l/knee_flexion_l/value	/jointset/knee_l/knee_adduction_l/value	/jointset/knee_l/knee_rotation_l/value	/jointset/ankle_l/ankle_angle_l/value	/jointset/subtalar_l/subtalar_angle_l/value	/jointset/ground_pelvis/pelvis_tilt/speed	/jointset/ground_pelvis/pelvis_tx/speed	/jointset/ground_pelvis/pelvis_ty/speed	/jointset/hip_l/hip_flexion_l/speed	/jointset/hip_l/hip_adduction_l/speed	/jointset/hip_l/hip_rotation_l/speed	/jointset/back/lumbar_extension/speed	/jointset/patellofemoral_l/patellar_flexion_l/speed	/jointset/knee_l/knee_flexion_l/speed	/jointset/knee_l/knee_adduction_l/speed	/jointset/knee_l/knee_rotation_l/speed	/jointset/ankle_l/ankle_angle_l/speed	/jointset/subtalar_l/subtalar_angle_l/speed	/forceset/tau_hip_flexion_l	/forceset/tau_hip_adduction_l	/forceset/tau_hip_rotation_l	/forceset/tau_knee_flexion_l	/forceset/tau_ankle_angle_l	/forceset/tau_subtalar_angle_l	/forceset/tau_lumbar_extension	lambda_cid13_p0	lambda_cid13_p1	lambda_cid13_p2	lambda_cid13_p3	lambda_cid13_p4	lambda_cid13_p5	lambda_cid14_p0	/jointset/ground_pelvis/pelvis_tilt/accel	/jointset/ground_pelvis/pelvis_tx/accel	/jointset/ground_pelvis/pelvis_ty/accel	/jointset/hip_l/hip_flexion_l/accel	/jointset/hip_l/hip_adduction_l/accel	/jointset/hip_l/hip_rotation_l/accel	/jointset/back/lumbar_extension/accel	/jointset/patellofemoral_l/patellar_flexion_l/accel	/jointset/knee_l/knee_flexion_l/accel	/jointset/knee_l/knee_adduction_l/accel	/jointset/knee_l/knee_rotation_l/accel	/jointset/ankle_l/ankle_angle_l/accel	/jointset/subtalar_l/subtalar_angle_l/accel	gamma_cid13_p0	gamma_cid13_p1	gamma_cid13_p2	gamma_cid13_p3	gamma_cid13_p4	gamma_cid13_p5	gamma_cid14_p0
0	-0.1589942842467939	0.05813893289003845	0.8979597557359217	0.3774920279260975	-0.2597032001335448	-0.2633026345434297	-0.0126506700172305	0.03223623128436127	0.03223623128433527	-0.1745327681501491	0.1653023961791495	-0.04231376238535053	-0.00994002368570375	0	0	0	0	0	0	0	0	0	0	0	0	0	0.1366705242158905	-0.0484170011681585	-0.04363492977127797	-0.2589340895933805	0.2230794641935278	-0.04699799471370287	-0.08953598597201855	28.84157535114581	8.687648402684882	5.835422577822026	26.50582816098103	-587.2856895068771	-57.21191435371222	-38.78618411773417	-4.980627357934991	-2.87972536903215	-1.220063750184113	13.71772359500926	-1.08602892010098	2.552166428459646	-6.052539119653543	8.27757609083614	8.27757609083741	0.1048221510880887	0.2472494843096439	-0.4514110162918508	-1.218069291984144	-8.360727707947507e-09	1.055981080643237e-07	3.231698952797265e-08	-7.521361344148333e-09	9.632496413845295e-08	5.491287286682504e-08	-2.938866313223828e-09
0.01	-0.1592357701332422	0.05799669996057684	0.8978999997003032	0.378162165161197	-0.2597578091252	-0.2631756528418844	-0.01295496014888438	0.03264088095600587	0.03264088095576995	-0.1745303719855676	0.1653124252457741	-0.04233788920754664	-0.01000156654093968	-0.04808039216381795	-0.02831162317854381	-0.0119122714489411	0.1334322673058315	-0.01088650740636334	0.02527578836878576	-0.06048461342835511	0.08059498720639806	0.08059498720640097	0.0004443336432693872	0.002012557087407146	-0.004788432544635474	-0.01226319536912868	0.1319687323164844	-0.05814745694727927	-0.04285303128456599	-0.2548843161710749	0.2170094333518331	-0.03467492802194996	-0.08544087774806038	27.3716701095568	3.868065426652548	6.289730166007333	26.1517776370851	-588.2116081958237	-66.62128807378177	-38.79812008757118	-4.689233350757054	-2.786637890782651	-1.170949226357819	13.06669716168624	-1.084682644952713	2.49720025255327	-5.990410518251315	7.900218561388249	7.90021856138755	0.009021840022771952	0.1792698880521555	-0.4870191240065525	-1.223658642834789	-2.493754897746769e-08	1.062830965835782e-07	7.346409245734733e-08	3.657532168899296e-09	-1.242783860176126e-08	6.242793737441652e-08	-1.073354026833268e-08
0.02	-0.159951557582318	0.05757539937962443	0.8977222928733731	0.3801487688418828	-0.2599202273897285	-0.2627995302142719	-0.01385289402760336	0.03384143220447615	0.03384143220446435	-0.1745245759096956	0.1653427820971663	-0.04240879230527326	-0.01018438414655748	-0.0948603125335636	-0.05581353029816076	-0.02359015826231076	0.2632932891443485	-0.02156185457463026	0.04982818519612136	-0.1187287494096268	0.1591803154466548	0.1591803154466452	0.0006799820494831382	0.004065556858632817	-0.009355255107561366	-0.02425495007660428	0.1272669404152295	-0.06787791272665764	-0.04207113279564587	-0.2508345427502923	0.2109394025096526	-0.02235186133058697	-0.08134576952514172	25.975203586993	-0.9636710202717799	6.74517169254652	25.7542509814823	-587.9576363008783	-75.94182035396977	-38.83340192256507	-4.720532999120175	-2.717782157247247	-1.173186823069939	13.00347450154636	-1.043796872482833	2.407488120169561	-5.604443630236666	7.875644297608006	7.875644297606193	0.06308510367468555	0.2553380210735282	-0.4070890199508015	-1.163781159654854	-4.151437024698787e-08	1.069680851028327e-07	1.14611195386722e-07	1.483642568194693e-08	-1.211806413419755e-07	6.994300188200799e-08	-1.852821422344153e-08
0.03	-0.1611286802324031	0.05688344136725372	0.8974288001387397	0.3834159624615019	-0.2601877896568547	-0.2621812084355945	-0.01532099522271873	0.03581775094912543	0.03581775094924053	-0.1745165650747125	0.1653935177611511	-0.04252375029585979	-0.01048510631567241	-0.1403095827232605	-0.08240918625850015	-0.03508095278864683	0.3894725270691062	-0.03187385331044585	0.07374480859899434	-0.1744536285072809	0.235728385536934	0.235728385536912	0.0009478896290300744	0.006049383565816503	-0.01355309512619809	-0.03579316896441787	0.1213301103412689	-0.06330443008914827	-0.0413861113112275	-0.2466648188885603	0.2087881595090956	-0.02440024677783595	-0.07624800165211065	25.27519835940271	-0.04055891908157497	6.699738236623651	24.90858871823646	-587.7302525210188	-73.22580502315651	-38.89098794095268	-4.418934909437526	-2.605121417333339	-1.132935061766259	12.32420381619996	-1.01340087037466	2.370027655543428	-5.490830883096464	7.491134907560267	7.491134907558839	0.01252198234072487	0.165059777124583	-0.4136445623939164	-1.134424830970884	-5.843990390776552e-08	1.244970034819309e-07	1.32417963725188e-07	3.072948193380394e-08	-2.229227341842659e-07	7.306269504422455e-08	-2.079741841411376e-08
0.04	-0.1627526577604488	0.05593059397489488	0.8970212175999751	0.3879247595360396	-0.2605561718105948	-0.2613264647818556	-0.01733320937550828	0.03854889970342934	0.03854889970342262	-0.1745050994842271	0.1654631226482641	-0.04267818930054587	-0.01089832718918985	-0.1842312881347999	-0.1079914062957874	-0.04640811908853446	0.5116139801240925	-0.04172583189603309	0.0971125602097784	-0.227551340947528	0.310146317340137	0.3101463173401152	0.001370933098374548	0.007839401536396567	-0.01725145792777585	-0.04675469095729995	0.1153932802674291	-0.05873094745165057	-0.04070108982816845	-0.2424950950263806	0.2066369165086673	-0.02644863222504832	-0.07115023377908024	24.64135138894722	0.8719060955319365	6.654933613649226	24.01734138508739	-586.4544519344784	-70.42545073713806	-38.96959267221067	-4.41502004348819	-2.51509497263753	-1.140461177780306	12.19591752759226	-0.9517928424375582	2.297713761751725	-5.079010298755066	7.449616640192947	7.449616640193629	0.09411228163340399	0.2165762737529123	-0.3071935765399401	-1.048441780669164	-7.537262751475465e-08	1.423732193839125e-07	1.497434880514702e-07	4.671973741738898e-08	-3.245202763070116e-07	7.609176199313439e-08	-2.295269539314813e-08
0.05	-0.1648089312526853	0.05472671252012025	0.8965008688060265	0.3936362359360104	-0.2610207227464099	-0.2602409428423955	-0.01986321971222471	0.04201405628309575	0.04201405628304159	-0.1744886081990507	0.165549924858153	-0.04286737515519837	-0.0114182914233597	-0.2267847782111752	-0.1326395879486437	-0.05765697302070875	0.630055398513339	-0.05111642074109788	0.119883905834493	-0.2780635991564378	0.3825264398868767	0.3825264398868969	0.00191743001407904	0.009501203086126793	-0.02054642542368732	-0.05716078781956408	0.1088577503287086	-0.05746720035077747	-0.03985792473152971	-0.2378787696484342	0.2026742281682089	-0.02474417108095935	-0.06578457989178429	23.57496221131586	0.3184208944840352	6.743122092280379	23.55690187508354	-585.0019668002799	-70.53193469502432	-39.06758329175714	-4.139724230915558	-2.417875784063104	-1.116463224049224	11.57435681533727	-0.9225162388675632	2.250634600748375	-4.979264495039107	7.078430864958319	7.078430864963705	0.0334654660614729	0.1379859164907096	-0.3347574511734382	-1.025127316426515	-8.574083876501652e-08	1.5742366311603e-07	1.607310455613881e-07	5.728345507289997e-08	-3.835874280856397e-07	8.294266565351568e-08	-2.411478191957602e-08
0.06	-0.1672835817939037	0.05328071004432346	0.8958681583281347	0.4005133470839798	-0.2615771444373459	-0.258930949519105	-0.0228867388136561	0.04619225824880022	0.04619225824878946	-0.1744669425308047	0.1656527458477881	-0.04308833250782047	-0.01204000336163625	-0.2679066979357331	-0.1564156105002191	-0.06888045587712031	0.7447409297323423	-0.06009998291926423	0.14200683697588	-0.3262530938884821	0.4527553945553904	0.4527553945554493	0.002405809710662736	0.01104315747218109	-0.02360575752186294	-0.06710423177869791	0.1023222203896186	-0.05620345324983998	-0.0390147596345858	-0.2332624442704985	0.1987115398278336	-0.0230397099367935	-0.0604189260049099	22.56589900617565	-0.2429561803859008	6.830119105725067	23.05402542785147	-582.6339491392224	-70.55825260581553	-39.18329363657102	-4.128705973124217	-2.340663152382118	-1.13538696262781	11.44474009354379	-0.8703875090580876	2.168030865086123	-4.614457603381743	7.019383064547945	7.019383064547921	0.08248883780875994	0.192606841017823	-0.2600664969937442	-0.9559112000435762	-9.58326494949951e-08	1.723551269673111e-07	1.71451741310617e-07	6.761868692512362e-08	-4.408638265866207e-07	8.995448875437998e-08	-2.523504990063099e-08
0.07000000000000001	-0.1701629582377815	0.05160138087153242	0.8951231272697803	0.4085195270801867	-0.2622212181980204	-0.2574030800754607	-0.02637985147693925	0.05106251024202656	0.05106251024197678	-0.1744404246490698	0.165770643108601	-0.04333843782495973	-0.01275862894071024	-0.3077374516104409	-0.1792931195117933	-0.08013332583013306	0.8558648966516953	-0.06864209463052248	0.1634498802340248	-0.3719722820063622	0.5209321809561915	0.5209321809562426	0.002883224085084073	0.01252316562307444	-0.02636757456884819	-0.07653702567898475	0.09548467001027625	-0.05428211679316555	-0.03823014255706252	-0.2293233177233537	0.1960924784320338	-0.02217627848064874	-0.05481606344855394	21.94889629019831	-0.5178877107236526	6.883060825280282	22.22246513722713	-580.4373766551072	-69.95287479170196	-39.31477435143511	-3.875594610454955	-2.237715447009638	-1.121461384261825	10.85168487322077	-0.8352385359951717	2.114840683112139	-4.491075900740402	6.662408018573296	6.662408018571639	0.02822332802262553	0.1237053812911201	-0.2770829015755691	-0.9244304925776317	-1.013396580297899e-07	1.771087045914623e-07	1.746023693536016e-07	7.544293942855249e-08	-4.736532966401284e-07	9.13566234286453e-08	-2.524366674937092e-08
0.08	-0.1734337091275538	0.04969799247432966	0.894265322637373	0.417618038722013	-0.2629485361825801	-0.2556643002738737	-0.03031824131835148	0.056603646417429	0.05660364641741752	-0.1744095615055385	0.1659029419667737	-0.04361473003117346	-0.01356907586029832	-0.3461815871176837	-0.2012274553825664	-0.09143517068767441	0.9632072588545043	-0.07674882769526095	0.1841889085695079	-0.4153085295141429	0.5869322309861043	0.5869322309861514	0.003274862090056322	0.01392347694063198	-0.02884313533681449	-0.08546849988153199	0.08864711963123441	-0.05236078033633922	-0.03744552547934334	-0.2253841911757712	0.1934734170364915	-0.02131284702430144	-0.04921320089223569	21.38064951345142	-0.7989702908900134	6.934258764971167	21.35047992336991	-577.4657995999803	-69.27466009126046	-39.46002143026041	-3.851382339630737	-2.152028524222743	-1.145181943533581	10.68841915023516	-0.7833117797542315	2.027227880553713	-4.137869481361687	6.584035790370437	6.584035790371214	0.06533356391864267	0.1766674743507477	-0.20281524119099	-0.8556472604960543	-1.065508728745729e-07	1.812056443945084e-07	1.772646059316671e-07	8.310519326431717e-08	-5.048629648583151e-07	9.239684272054939e-08	-2.518056417021954e-08
0.09	-0.1770826037825975	0.04757988787233661	0.8932940587678975	0.4277723357466265	-0.2637546460669586	-0.2537215488639291	-0.03467779453948287	0.06279459082902654	0.06279459082904423	-0.1743749474511329	0.166048961683124	-0.04391420504519626	-0.01446620472001176	-0.3833706033879757	-0.2222404742181289	-0.1028356601240261	1.067041433774559	-0.08439854281405103	0.204258086771522	-0.4562349940761442	0.6508995835898003	0.6508995835897631	0.003631526844030529	0.01525551007609768	-0.03101092041935857	-0.09387353364579532	0.08154789277363109	-0.05064257755774209	-0.03665525051957605	-0.2217406454092018	0.1911160971424668	-0.02018970579204689	-0.04347666254043295	20.89155790162411	-1.195495468209627	6.991057628616604	20.4863184478824	-574.6844697687276	-68.79192172203483	-39.6168301854412	-3.618654883916358	-2.052973201294737	-1.140292458325239	10.13929501854437	-0.7446276092099171	1.981244887245932	-4.014966847431903	6.249529868253179	6.249529868239591	0.01840822396129408	0.1077041822758208	-0.2176221854636058	-0.8204181319936149	-1.086168026110169e-07	1.840185299901917e-07	1.752436470172635e-07	8.84361463581802e-08	-5.157241554096099e-07	9.418678298968249e-08	-2.431926869064837e-08
0.1	-0.1810965873229654	0.04525624615437081	0.8922082280011335	0.438946650191626	-0.2646350183487796	-0.2515812092525427	-0.03943559878697762	0.06961449774132358	0.06961449774131485	-0.1743372516906596	0.1662075483205584	-0.04423413031877925	-0.01544488125688812	-0.4191993641858592	-0.2423348785771136	-0.1143485501453176	1.167210742920676	-0.091601307183623	0.2237065488623701	-0.4949587347905801	0.7127247311088798	0.712724731108757	0.003891203310971638	0.01643686117684565	-0.03293318724900175	-0.1017780353141529	0.07444866591665515	-0.04892437477907434	-0.03586497556019656	-0.2180970996421497	0.1887587772486225	-0.01906656455967888	-0.0377401241882637	20.44288664295776	-1.596256117866715	7.045286142932294	19.58464213487315	-571.2603888230504	-68.24400485997498	-39.78296640283208	-3.579331245148602	-1.968305628908121	-1.167662060521603	9.955445995447821	-0.6939216299106853	1.903084658320473	-3.697324711848454	6.155594773447343	6.155594773447886	0.04593590651183713	0.1465310674072924	-0.1537115906119169	-0.7555408413152833	-1.10406223766508e-07	1.867185316995134e-07	1.728109786090164e-07	9.356214993627167e-08	-5.247964688033757e-07	9.60426327952753e-08	-2.338780240664468e-08
0.11	-0.1854625370811805	0.04273629346273965	0.8910065940973313	0.4511051691984205	-0.2655850202208842	-0.2492495138534911	-0.04456902438067276	0.07704245630234595	0.07704245630239433	-0.1742970803427947	0.1663773794003135	-0.04457179719798778	-0.01649988252757095	-0.4537579886931599	-0.2614945885165008	-0.1259992843729687	1.263870932160382	-0.09831564196220649	0.2425324810512183	-0.5313528206133962	0.7725077206475975	0.7725077206475357	0.004138164534260522	0.01750062009289025	-0.0345510748383272	-0.1091282586730036	0.06689785572324672	-0.04710943906494246	-0.03505865235350408	-0.2146270777416549	0.1867195421624673	-0.01788117397295997	-0.03165491599266439	20.07410267825715	-2.032070792330891	7.098285323592059	18.59842199499307	-568.2466225372863	-67.71797985506494	-39.95605486886412	-3.359242270432186	-1.865624178325361	-1.167042310317904	9.427971803109857	-0.6476929730329458	1.857316604674459	-3.554416016360776	5.835766634616977	5.835766634625363	0.01337979350669437	0.0819655693123344	-0.1584648395030312	-0.7107166975104898	-1.095291300327315e-07	1.826983262357511e-07	1.675241740799712e-07	9.672333478603783e-08	-5.23562682600721e-07	9.47724723080806e-08	-2.210656848174113e-08
0.12	-0.190167095927842	0.04002957957133792	0.8896878002099697	0.4642116233806366	-0.2665996661550145	-0.2467325653114639	-0.05005518393234975	0.08505746787697294	0.08505746787697113	-0.1742545786700385	0.166556981522202	-0.04492417045237097	-0.01762557675471019	-0.486921181876965	-0.2796871185312269	-0.1377805468572056	1.35679777799514	-0.1045301195888413	0.260757177460375	-0.5655055263906497	0.8301353338076556	0.8301353338076507	0.004357268288302633	0.01839106963333696	-0.03587446228406399	-0.1159166266054858	0.05934704553041367	-0.04529450335080232	-0.03425232914748966	-0.2111570558407068	0.1846803070764427	-0.01669578338619532	-0.02556970779668741	19.73767445927418	-2.47025809685851	7.147902085794166	17.57728040258086	-564.7194604622204	-67.13418780269737	-40.13370656161819	-3.300244980449086	-1.774869643976906	-1.193767711838814	9.208777314458422	-0.5939501995210099	1.782837502382118	-3.249048702735792	5.724519497715629	5.72451949771537	0.04036441266235332	0.1118691922878161	-0.09481156189533443	-0.643169756041938	-1.083524278844307e-07	1.779230413143388e-07	1.619166800991509e-07	9.966375348655396e-08	-5.211709076793673e-07	9.315107470933676e-08	-2.078603482190502e-08
0.13	-0.1951968374276253	0.03714576608839274	0.8882504528337313	0.4782295854442766	-0.2676738633435865	-0.2440365608450136	-0.0558712042435762	0.09363846932258549	0.09363846932255603	-0.1742097831241008	0.1667449597967564	-0.04528815932721537	-0.01881621896760571	-0.5188000046256153	-0.2969120247686145	-0.1497114786970342	1.446179900597407	-0.1102219716735378	0.2783343977989513	-0.5973263545792926	0.8857070898505162	0.885707089850562	0.004602097838086488	0.01918582484358457	-0.03687461145266114	-0.1221142906539956	0.05152720402580255	-0.0434463874538527	-0.03345222768442209	-0.207954844139695	0.182946929113566	-0.01542477133645161	-0.01928482873039731	19.47132543166832	-2.950628645125562	7.195936838006143	16.53732658549701	-561.6661508905762	-66.61369732202334	-40.31346665887021	-3.097636913739671	-1.67174811902504	-1.196242642440443	8.710705957754325	-0.5437167453211231	1.728745219102545	-3.092772684516314	5.419827964343682	5.41982796435133	0.01661716146506384	0.06044355175384239	-0.09531610097619228	-0.5934807365923693	-1.038791647859677e-07	1.599816956481773e-07	1.538389548393686e-07	9.989522217623612e-08	-5.1363159581254e-07	8.849985840094615e-08	-1.967635923763337e-08
0.14	-0.2005385543532287	0.0340946141419909	0.8866930987946211	0.4931229239788657	-0.2688023618594806	-0.2411680679912707	-0.06199426739819894	0.1027644531899447	0.1027644531899466	-0.1741625242955619	0.1669403185967352	-0.04566068959507275	-0.02006592102245358	-0.5493162670408988	-0.3131548112225574	-0.1617818794315329	1.531873072185435	-0.1153903850533163	0.2952548549178024	-0.6269140950713821	0.9391318181642857	0.9391318181643815	0.004849924800982973	0.01986717470826814	-0.03758274088664384	-0.1277285949959976	0.04370736252117276	-0.04159827155698814	-0.03265212622107839	-0.2047526324387881	0.1812135511506373	-0.01415375928680535	-0.01299994966405842	19.23011560733586	-3.431711557209223	7.239871189323719	15.46483628277966	-558.2153192373863	-66.04275451647482	-40.49291837235752	-3.027732913775401	-1.578445687288976	-1.221661490772904	8.470987111610686	-0.4892624585374383	1.651484858437017	-2.802431163425084	5.295113951897617	5.295113951897242	0.04096389528478875	0.08918812317512538	-0.03640761497361863	-0.5264978147407355	-9.895120362541332e-08	1.402243416034297e-07	1.454205080238674e-07	9.975304258856186e-08	-5.053822788497853e-07	8.343073606363875e-08	-1.859576752585336e-08
0.15	-0.2061791075928183	0.03088590944942729	0.8850142848019003	0.5088555784619286	-0.2699799294147314	-0.2381337507510503	-0.06840174745333784	0.1124143584384643	0.1124143584384196	-0.1741126961192609	0.1671421640303428	-0.04603878201700001	-0.02136883804366299	-0.5785768358585155	-0.3284233437400668	-0.1740031164805742	1.614057684325986	-0.1200389935340571	0.31150285621162	-0.6542194464158511	0.9904919962522433	0.9904919962522103	0.005110730104790995	0.0204817198893567	-0.03799325028865848	-0.132762111822549	0.03575564646848785	-0.03974189955986663	-0.03187569072757186	-0.2019016306511111	0.1798202441106644	-0.01282208631778839	-0.006623851977501263	19.06459677354938	-3.944976378391702	7.280465195606662	14.40636621200672	-555.2823159623809	-65.53538434043409	-40.66963160855155	-2.842588313977309	-1.476619557605409	-1.225785260515444	8.002165660111764	-0.4400501951515797	1.595577138154102	-2.640216687603717	5.002888134245318	5.002888134226319	0.01792031235708812	0.04453845483565995	-0.03700294089134543	-0.4779107083065881	-9.217212536102903e-08	1.117358440838173e-07	1.385498081325359e-07	9.671761364824909e-08	-4.890557718746552e-07	7.479591083029298e-08	-1.833463209420386e-08
0.16	-0.2121057404102434	0.02752940692696271	0.8832125723489832	0.5253920725453348	-0.271201461085248	-0.2349401296232198	-0.07507140693545153	0.1225671491472054	0.1225671491472063	-0.1740604035969384	0.1673495450636888	-0.04641970560056394	-0.0227193166514768	-0.6065321826049472	-0.3427143772027493	-0.1863615714707175	1.692640992259985	-0.1241832081071271	0.3271156324374185	-0.6793499804660917	1.039708910220227	1.039708910220067	0.005342793985684303	0.02097429464084897	-0.03814897321373411	-0.1372409123168914	0.02780393041555294	-0.03788552756294118	-0.03109925523363678	-0.1990506288636766	0.1784269370705701	-0.01149041334899169	-0.0002477542910428094	18.91799432647368	-4.457601012846177	7.316442689091311	13.31761181525586	-552.0519902150376	-64.98490700134131	-40.84122577542184	-2.766688499538156	-1.382945876324599	-1.249105078993391	7.750726270300411	-0.3883836770033344	1.524439844833146	-2.367467704579457	4.866461127903154	4.866461127902976	0.03521561070176366	0.06479403725599717	0.01454968041303953	-0.4155545482992505	-8.508815722071982e-08	8.180927587422721e-08	1.319340312640089e-07	9.320564952044294e-08	-4.713989041916046e-07	6.55737933552468e-08	-1.820846593222292e-08
0.17	-0.2183058795325278	0.02403473659439939	0.8812865234676978	0.542697426328993	-0.2724620267055167	-0.2315935868433402	-0.08198169508280173	0.1332019667604395	0.1332019667604123	-0.1740060099986968	0.1675614878750373	-0.04680094593758329	-0.02411192908027924	-0.6332924347955647	-0.3560688225940103	-0.1988713232083943	1.767871014676977	-0.1278566026564069	0.3420979430939318	-0.7023982182176429	1.086913111655723	1.086913111655603	0.005516426203126779	0.02139187340124242	-0.03807245704000303	-0.1412032844250486	0.02007981832749712	-0.03614753599055792	-0.03038866608389038	-0.1967832629506235	0.1774932321880562	-0.01013868930332145	0.005893839623360334	18.88677723023181	-4.991119001868703	7.34659269570419	12.31280259746694	-549.2274454541347	-64.5134788204773	-41.0053480739459	-2.600212003393251	-1.289045338035493	-1.255471693728649	7.325318573019277	-0.3458225311204889	1.470858873375527	-2.227087191238084	4.596178174467834	4.596178174474391	0.00553000109185349	0.02685908438369886	0.008194548273238431	-0.3748611058668229	-7.782206006310014e-08	4.469400873761334e-08	1.295757826854101e-07	8.830650699957701e-08	-4.544317395191213e-07	5.514199338871351e-08	-1.942532108711701e-08
0.18	-0.2247675248616608	0.02041105151442093	0.8792346647745237	0.5607383160059219	-0.2737571273087214	-0.2281000745174258	-0.08911318268382744	0.1442985820926118	0.1442985820926095	-0.1739504614834336	0.167776930331826	-0.04718062272038325	-0.02554182174292201	-0.6588334239688562	-0.3685173266857787	-0.2115235338484059	1.839748170918877	-0.131090204694866	0.3565095416430329	-0.7235898712009334	1.132068454015023	1.132068454014946	0.005573777373588605	0.02167422371975074	-0.0378362623694924	-0.1446969590849372	0.01235570623932722	-0.03440954441832169	-0.02967807693389033	-0.194515897037762	0.1765595273054333	-0.008786965257819294	0.01203543353777646	18.86947979814056	-5.523081678331544	7.371934283592656	11.28028927816898	-546.1860452251979	-64.00675740721145	-41.15972446325777	-2.522835896072629	-1.201757616426981	-1.277596859460415	7.080153035282174	-0.3004251748392914	1.410297423350685	-1.996150750927272	4.456689312664241	4.456689312664414	0.01195940130554863	0.03774834887910353	0.04648537976789037	-0.3218150586458334	-7.052085369732418e-08	6.19296831386222e-09	1.280382624518578e-07	8.313995659571159e-08	-4.375975296438559e-07	4.447700161659233e-08	-2.090107191755327e-08
0.19	-0.2314788337282901	0.01666729586035141	0.8770555424138128	0.5794820675897696	-0.2750824361284899	-0.2244654021920383	-0.09644751488081511	0.1558370768403642	0.1558370768403156	-0.1738948975742348	0.1679948370423827	-0.04755711396326563	-0.02700437018919336	-0.6832342845457204	-0.3800925728149431	-0.224322469108876	1.908481280528278	-0.1339026885224517	0.3703343050130238	-0.7430141137071613	1.175312574489386	1.175312574489495	0.005520539732164217	0.02189076732847525	-0.03744229550440429	-0.1477404510454849	0.004808874941940259	-0.03276121995973828	-0.02902882646887025	-0.1927502712137071	0.1760214938757876	-0.00741402341830719	0.01799322720335609	18.94702542841786	-6.073505468016955	7.391812094079828	10.31868539247188	-543.5699587844229	-63.57205483471123	-41.30213872471005	-2.369599318650865	-1.1142069760078	-1.284358389117904	6.691753221820536	-0.261321693854242	1.354948333301471	-1.87619282588887	4.210589493195068	4.21058949322328	-0.01672993536138227	0.01112901019968713	0.03880323367292837	-0.2847880483879454	-6.278316581842874e-08	-4.834214254550169e-08	1.269066703550168e-07	7.868987729700667e-08	-4.408020538130039e-07	3.517457540141581e-08	-2.355760082538831e-08
0.2	-0.2384283288367526	0.01281202797202084	0.8747477673945423	0.5988975229293086	-0.2764338021279525	-0.220695205725055	-0.1039682158679479	0.1677984760084599	0.1677984760084584	-0.1738404189590071	0.1682144135177903	-0.0479290753587415	-0.02849518791179623	-0.706470672328695	-0.3908197735379878	-0.2372540655603121	1.974088922059846	-0.1363016406354046	0.3836143699621126	-0.7608636292300537	1.216649338098643	1.216649338098937	0.005356718550902818	0.02200817667042238	-0.03693029288759418	-0.1503508143511952	-0.002737956355568151	-0.03111289550141868	-0.02837957600327397	-0.190984645390029	0.1754834604459272	-0.006041081579100691	0.0239510208690614	19.03440196560681	-6.621712380689012	7.406838059182519	9.331982712477673	-540.8027598015564	-63.10964529237855	-41.43046792328872	-2.289941337293901	-1.03214853520371	-1.304129097653693	6.455059419715782	-0.2177188319128596	1.301357739170187	-1.681205354259706	4.075217939643084	4.075217939643188	-0.01015730666197546	0.01792149552377328	0.07009253011143046	-0.2351893276786185	-5.494848204772896e-08	-1.064403801683352e-07	1.258652845107784e-07	7.439901379944853e-08	-4.484596299920215e-07	2.617494153222701e-08	-2.647652486153418e-08
0.21	-0.2456044485838735	0.008853824291855173	0.8723100996877273	0.6189534013731667	-0.2778071166248255	-0.2167951895229814	-0.111659076516298	0.1801637328826938	0.180163732882677	-0.1737881230603585	0.168434967418993	-0.04829524060247434	-0.03000994494613995	-0.7285554313712307	-0.400670171878358	-0.2502902595141985	2.036547681418599	-0.1382916700823138	0.3962944161087258	-0.7770134199188599	1.256078277147292	1.256078277147681	0.005090191449442383	0.02209109998248289	-0.0362748262228661	-0.152525673918821	-0.0107622337016144	-0.02931938373358223	-0.02772193108641988	-0.1892197483959517	0.1749695353942504	-0.004555841320800046	0.03033621128112659	19.08516931455112	-7.205874131223283	7.42027865574069	8.343097372391364	-538.8156016329165	-62.7007857224934	-41.542572625758	-2.138061273755146	-0.9388521859738517	-1.305072102417675	6.060417214621971	-0.1791807084792461	1.23712717763586	-1.53760384691577	3.828173361146809	3.828173361161186	-0.03675615992867905	0.001719196291714435	0.06746156778141811	-0.1973917837127373	-5.086374397966087e-08	-1.765165369375713e-07	1.360224050156932e-07	7.366940815693974e-08	-4.801687919299646e-07	1.71096598217575e-08	-3.225296682895435e-08
0.22	-0.2529954795386684	0.00480164328778174	0.8697417285297399	0.6396176940147398	-0.2791982385576403	-0.2127712130343981	-0.119502582655684	0.1929135674421172	0.1929135674421347	-0.1737388635823	0.1686559988428109	-0.04865401361293574	-0.03154420207864222	-0.7494529138544689	-0.4096152383195417	-0.2633947557947589	2.095771761604086	-0.1398631278251703	0.4084064272644775	-0.7913927274365888	1.293564875142756	1.293564875143238	0.004749434426358879	0.02210368118432995	-0.03545184623303816	-0.1542508339827721	-0.01878651104751008	-0.02752587196579832	-0.02706428616930163	-0.1874548514019765	0.1744556103425085	-0.003070601062565801	0.03672140169339391	19.1420734222825	-7.787035275576545	7.428586059591018	7.332353529271724	-536.7356634539652	-62.27079093055133	-41.63587761551315	-2.052486025433327	-0.8510821553669515	-1.317789562988554	5.808123585062959	-0.1340044911024211	1.187750740997779	-1.327108720043575	3.686749729006027	3.686749729006006	-0.02500329098673991	0.003853073481196213	0.1035951951307239	-0.1452494269439028	-4.772835925403117e-08	-2.496250783008332e-07	1.490145904191278e-07	7.384138678153204e-08	-5.179669629208002e-07	8.027758404634666e-09	-3.875283105745658e-08
0.23	-0.2605894365635121	0.0006646989634021146	0.8670421460302928	0.660857546966192	-0.2806029531386164	-0.2086291946831715	-0.1274804581987481	0.2060282613212895	0.2060282613213164	-0.1736933062802352	0.168876974108907	-0.04900364625089287	-0.03309341177014329	-0.7691301736626786	-0.4176081969656878	-0.2765153164392828	2.151621270331709	-0.1409995749441539	0.4199014714152935	-0.8038306945911305	1.329032466913129	1.329032466913305	0.004374530884909349	0.02207593557654481	-0.0344316056773569	-0.1555024807621152	-0.02756269567309723	-0.02547278922463993	-0.02638176782057866	-0.1855423890843058	0.1738519428948093	-0.001444084799939927	0.04379117276617858	19.11110418602756	-8.407745569687883	7.435864350690474	6.309769609256066	-535.7148405535008	-61.889857161526	-41.70853105659714	-1.894090193237302	-0.7485735058958214	-1.30833044028392	5.386728173541113	-0.09138434600322295	1.11596642473423	-1.149387724353246	3.425556873525923	3.425556873480562	-0.04189733269130558	-0.008451578626463434	0.1076989489504324	-0.1018041476609226	-4.508305672647332e-08	-3.170477296436689e-07	1.647715653631767e-07	7.186445178979038e-08	-5.408331310628714e-07	-1.167538373936867e-09	-4.578163068380442e-08
0.24	-0.2683739150334351	-0.00354720910477024	0.8642115296993791	0.6826385677362827	-0.2820166160955107	-0.2043751088559178	-0.135572162815604	0.2194873897126734	0.2194873897126841	-0.1736511307029445	0.1690971992787481	-0.04934178439066194	-0.03465247429828519	-0.7875572028596138	-0.4246079870780877	-0.2896015220880678	2.204005325336565	-0.1416528030113898	0.4308199224705237	-0.8141585421933664	1.362451777582401	1.362451777582271	0.004073089464778645	0.02195366194004611	-0.03315294659515168	-0.1562214013107117	-0.03633888029865088	-0.02341970648353759	-0.02569924947203648	-0.1836299267667018	0.1732482754470427	0.0001824314626197843	0.05086094383906393	19.08443896782933	-9.0249256240101	7.437686636908292	5.264190994468056	-534.6323707105101	-61.49362737574716	-41.75891996676509	-1.802439903177352	-0.6524484486181358	-1.310918563840819	5.115032840509656	-0.03736068075303822	1.072432121880526	-0.9050848095817081	3.277093508785993	3.277093508785955	-0.01031086672312467	-0.01505253226140303	0.1552789004349511	-0.03870418079477561	-4.257777768407887e-08	-3.828458409806687e-07	1.813184801759724e-07	6.927354147909616e-08	-5.594330126767245e-07	-1.039523382720805e-08	-5.296155470953673e-08
0.25	-0.2763364616463422	-0.007824191135693477	0.861250338366928	0.7049261718278451	-0.2834345267195275	-0.20001487532373	-0.143756707386609	0.2332704923026018	0.2332704923025905	-0.1736117457901534	0.1693159339020078	-0.04966593559313669	-0.03621620737380706	-0.8047468908140757	-0.4306277033852435	-0.3026183134524452	2.252944470715769	-0.141852094021158	0.4411319150302455	-0.8224114715275441	1.393825879975528	1.393825879975457	0.003819413280201243	0.02177772964673298	-0.03164127664897524	-0.1564411147973147	-0.04529664791280693	-0.02132379813818283	-0.02506634035456939	-0.1820184570553445	0.1728458086698207	0.001854741419927766	0.05808815176314235	19.06654128638716	-9.656835873322187	7.4342121426563	4.308902829640124	-534.3907128742475	-61.15393351248457	-41.78555094434234	-1.646439372218145	-0.5526121354375648	-1.294407568783386	4.697700117404162	0.0004367760996270751	0.9962860886956942	-0.7345619223612881	3.016150480789312	3.016150480798664	-0.03062755832007858	-0.02125616146066408	0.1545133777377085	-0.0009486988700082837	-3.935440544043237e-08	-4.325950325224592e-07	1.962877623959591e-07	6.239964278838706e-08	-5.516264627283079e-07	-1.793095018065399e-08	-5.937279780814299e-08
0.26	-0.2844647463649823	-0.01215654611242249	0.8581595094916225	0.7276860363193163	-0.2848521002361858	-0.1955543812128155	-0.1520136142363734	0.2473570522917077	0.247357052291679	-0.1735744439519653	0.1695324306855951	-0.04997388962894579	-0.03777960633745197	-0.8207048239938545	-0.4356825762392443	-0.3155290306589147	2.298457405326199	-0.1415853815433695	0.4508720382170587	-0.8286309979426929	1.423143257417162	1.423143257417149	0.003656474535833148	0.02150609400965131	-0.02991351326167658	-0.1561545789349945	-0.05425441552702288	-0.01922788979290119	-0.02443343123719024	-0.1804069873440809	0.1724433418925277	0.003527051377151737	0.0653153596872271	19.05216562523299	-10.28513462620639	7.425332297034164	3.329060212266555	-534.1028327648593	-60.80528339557759	-41.78703162522117	-1.556088948239812	-0.4594797579874723	-1.289703732259286	4.429790686754957	0.05584001675817295	0.9580582472987209	-0.4984042257753732	2.865748518487272	2.865748518487403	0.007836621318598769	-0.03419320101498741	0.1984975886589309	0.06254568898971477	-3.590124337238523e-08	-4.772085697297827e-07	2.107522021862469e-07	5.415518781607318e-08	-5.353698546799652e-07	-2.492523322215585e-08	-6.553806301006891e-08
0.27	-0.2927467259133353	-0.01653485682658536	0.854940120499555	0.750884710264402	-0.2862649133762854	-0.190999382540415	-0.1603232555286955	0.2617269918317853	0.2617269918317696	-0.1735385523900412	0.169745986613863	-0.05026365245273092	-0.03933787474383951	-0.835504182959562	-0.4398410533006709	-0.3283264813138442	2.34076466518564	-0.1409140363578049	0.460036452465599	-0.8330367528527828	1.450526137204844	1.450526137204788	0.003525156743499163	0.02119638496077315	-0.02802586175344511	-0.1554336540456513	-0.06275452352214457	-0.01734857131344944	-0.02392104930850436	-0.1795330879185757	0.1725671095846535	0.005139267998919434	0.07211133550246761	19.16660648364626	-10.90379279603483	7.407951361189381	2.499737577128307	-534.2554372935562	-60.5179172482304	-41.76206955466989	-1.413815277657525	-0.3732442889637915	-1.271528986146581	4.05428381003138	0.08233765460348567	0.8818663647760381	-0.3725849725027379	2.626794131463148	2.626794131457183	-0.02319071853518022	-0.03073951549851094	0.1858778897386587	0.08673500424106541	-3.352895811156467e-08	-5.145692148683846e-07	2.260362199218622e-07	4.571726425522358e-08	-5.16385465365505e-07	-2.872604664260665e-08	-7.175262050280289e-08
0.28	-0.3011710902327953	-0.02095059483311057	0.8515934043501296	0.7744910748429502	-0.2876691018874764	-0.1863554930553092	-0.1686691391399053	0.2763612074542385	0.2763612074542662	-0.173503888953818	0.1699561694999134	-0.0505341429698684	-0.04088696007826878	-0.8491817782019289	-0.4431680347117145	-0.3409944621304533	2.379995532024902	-0.1398604557663142	0.4686502007598947	-0.8358794617179079	1.47599847389468	1.475998473894579	0.003410849390153066	0.02083148556492733	-0.02605905193190613	-0.1543179645429285	-0.07125463151721437	-0.0154692528340354	-0.02340866737974695	-0.1786591884931617	0.1726908772767175	0.006751484620637489	0.07890731131779977	19.28387970729357	-11.51913582095865	7.385688738923866	1.645813366766866	-534.3754808307496	-60.22844639672277	-41.70945877144663	-1.331736203570862	-0.2931806279110982	-1.263809764595216	3.814512082719709	0.1322870979432521	0.847925056449672	-0.1857950167819193	2.483639898917819	2.483639898917898	0.01123870911604743	-0.04523127040839716	0.2143292513201101	0.1414986116655038	-3.154164267249605e-08	-5.493466381742909e-07	2.416121421311559e-07	3.72104340737996e-08	-4.96429537517907e-07	-3.138945992405297e-08	-7.798473415390686e-08
0.29	-0.3097269104040681	-0.0253956546672209	0.8481206627770151	0.7984751657649681	-0.2890610902951853	-0.1816281931861916	-0.1770361937407753	0.2912410775392724	0.2912410775393138	-0.1734705372158554	0.1701626315601623	-0.05078470746231542	-0.04242318260088174	-0.8618162085808544	-0.4457255302084774	-0.3535288163920519	2.416368581826734	-0.1384894723346048	0.4767248619591494	-0.8373337964835431	1.499682077145144	1.499682077144955	0.003247791733720889	0.02045783298095154	-0.02406050174024897	-0.1528802771058894	-0.07935834519308117	-0.01381757176533869	-0.0230017428156104	-0.178408112582834	0.1732349880787018	0.00831570677333552	0.08532214793724739	19.50318284124633	-12.1260902949327	7.355910097385483	0.9334188685543913	-534.8486742477594	-59.992712672981	-41.62805337889697	-1.20438234707301	-0.2192667645450835	-1.244590998950292	3.480587977790225	0.1467464299334094	0.7744067608859209	-0.09560340991673281	2.266716592128677	2.266716592116141	-0.03191637699644116	-0.03398048838493019	0.191620709090014	0.1519022698103004	-3.28901338601439e-08	-5.920124966491658e-07	2.64522127625714e-07	3.273414938240511e-08	-4.959129166787599e-07	-3.159660168325934e-08	-8.617537002913319e-08
0.3	-0.3184040920575998	-0.02986273600709553	0.8445233091128808	0.8228093644947492	-0.2904379203757238	-0.1768227126832306	-0.1854118618300084	0.3063489828676298	0.306348982867678	-0.173439183729312	0.1703652474473392	-0.05101548589164331	-0.04394362855710925	-0.8734540746404061	-0.4475723358645775	-0.3659168803343948	2.45001709358364	-0.1368287903369834	0.4842863275272982	-0.8376021593876377	1.521605522556301	1.521605522556026	0.003011199118395951	0.02006225095727159	-0.02210183930855249	-0.1511626512653489	-0.08746205886881092	-0.01216589069651095	-0.02259481825171563	-0.1781570366724359	0.1737790988807242	0.009879928926168525	0.09173698455675726	19.72463175618282	-12.73007361281531	7.321834824916057	0.1972999377070755	-535.3018835684504	-59.76144202237719	-41.51676174696186	-1.132423339695175	-0.1510426597785724	-1.234551700744066	3.269604473734751	0.1902268111255193	0.7452859302283644	0.05139935552680398	2.131608331056451	2.13160833105689	-0.003468282662640439	-0.04961715834912624	0.2063516993278576	0.1974862923657164	-3.555415442170806e-08	-6.377892873033519e-07	2.903244197679818e-07	2.984737558848702e-08	-5.030625014204102e-07	-3.083507298299082e-08	-9.513838086598518e-08
0.31	-0.3271926831950683	-0.03434477145662884	0.8408029118104576	0.8474665132345784	-0.2917968465023746	-0.1719442019903072	-0.1937843671635666	0.3216674555935018	0.3216674555935207	-0.173410700907301	0.1705639306687199	-0.05122688680089426	-0.04544564235390292	-0.8841005293022948	-0.4487208754129714	-0.3781268332075748	2.48096780720082	-0.1349122460129381	0.491334760941696	-0.8367083042843462	1.541803090881409	1.541803090881122	0.002678024153197367	0.01967156343119376	-0.02018537726030038	-0.1491971349566139	-0.09575990816412817	-0.01053383862859238	-0.02223661643266221	-0.17814240036448	0.1744946498628275	0.01144636989772131	0.09830781949929822	19.95637172765115	-13.33210940149046	7.282065631013875	-0.4756568132784524	-536.4212215928731	-59.54971556553098	-41.37451229624325	-1.006207479633703	-0.07967201322700271	-1.208956084915403	2.941073091407086	0.1990842078734316	0.672351689288891	0.136969044153164	1.920960892908109	1.920960892906542	-0.04943870431008512	-0.03431942060442885	0.1832394163744116	0.2025976848116529	-4.00469042952143e-08	-6.901884974744714e-07	3.199388808001353e-07	2.897775637596667e-08	-5.202368702066601e-07	-2.737668888424812e-08	-1.055166116049126e-07
0.32	-0.3360828290692522	-0.03883487478381712	0.8369614671784374	0.8724198227677001	-0.2931352639927972	-0.1669976610347647	-0.2021422158548197	0.3371793299645874	0.3371793299645428	-0.1733857891552477	0.1707586020406182	-0.05141933389789597	-0.04692669831067483	-0.8937650219719886	-0.4491859113955757	-0.3901263462537909	2.509249252245908	-0.1327270630957904	0.4978923800458311	-0.8346708309241103	1.560285851593294	1.560285851592992	0.002296985153613397	0.01925988107042965	-0.0183110768600362	-0.1469710832604844	-0.1040577574591976	-0.008901786560382501	-0.02187841461405195	-0.1781277640563446	0.1752102008450464	0.01301281086957904	0.104878654441933	20.19010356923261	-13.93148940639115	7.238441125868199	-1.171916070641504	-537.5241300022444	-59.34856061065412	-41.20026582526662	-0.9360309412552049	-0.01434194662057093	-1.192463735351263	2.735750759316284	0.2439545297458409	0.6471230681756359	0.2801230069164229	1.788646808411626	1.788646808411491	-0.01304108953985028	-0.05381612528629814	0.1979193697303341	0.2495933698445631	-4.533475386956492e-08	-7.454670204790402e-07	3.512108065670217e-07	2.898516089448884e-08	-5.417698407514315e-07	-2.274575896008184e-08	-1.165101553447424e-07
0.33	-0.345064571514016	-0.0433261788262865	0.8330012481459209	0.8976422842817281	-0.2944506234813535	-0.1619880382916616	-0.210473810098024	0.352867362970872	0.3528673629708395	-0.1733650790909898	0.1709491379828216	-0.05159323272412447	-0.04838431388291715	-0.9024128304804331	-0.4489592477485832	-0.4018658434334528	2.534779149763786	-0.1303005246003775	0.5039547102216497	-0.8314343432296565	1.577027406173515	1.577027406173453	0.001845676113776807	0.01883908440358582	-0.01647046917750469	-0.1445075217145662	-0.1129480912293291	-0.007171944161873553	-0.02153229217802367	-0.1780940714045552	0.1758581728683423	0.01463893427418188	0.1119535536097909	20.34642768361877	-14.53801662583012	7.189994310357692	-1.802032346446208	-539.5357016432622	-59.15726153393627	-40.99299725538425	-0.8035563229173278	0.05852372081765483	-1.157059932715034	2.39201704729942	0.2487482961413227	0.574031994424483	0.3774628240654553	1.572932271715557	1.572932271751851	-0.0611903966372182	-0.03756519171223259	0.1768652338207895	0.2514915810555752	-4.238505209743149e-08	-8.104390774759023e-07	3.603784042822976e-07	1.919847753673093e-08	-5.455374961280303e-07	-1.73705843542038e-08	-1.252657981642813e-07
0.34	-0.3541276721473595	-0.04781174559219404	0.8289251606969159	0.9231061263307849	-0.2957403686275953	-0.1569201434463396	-0.218766629229621	0.3687140160207368	0.3687140160207224	-0.1733488850343317	0.1711351952074961	-0.05174877872025733	-0.04981594303288442	-0.9100366596799284	-0.448038456083208	-0.4133000295514502	2.55752535925268	-0.1276041946369486	0.5095468004830489	-0.8269158086009565	1.592009860309235	1.592009860309412	0.00139378365675831	0.01836413756358971	-0.01464051084272399	-0.1417737988050154	-0.1218384249992011	-0.005442101763054275	-0.02118616974215574	-0.1780603787526323	0.1765061448917558	0.01626505767910614	0.1190284527777599	20.50501231683808	-15.14217989659764	7.138018386537778	-2.455188184764933	-541.5271303114697	-58.98251261578454	-40.75188502247126	-0.7312350794644693	0.1244836570561298	-1.131401523018314	2.179013153519477	0.2979128233489645	0.5530750852915282	0.5365323937663951	1.436826719511096	1.436826719511071	-0.01315777297634534	-0.0646461599166681	0.1957895001803452	0.3036256425710916	-3.55009974433952e-08	-8.800408820511732e-07	3.589887109878492e-07	4.734020864928769e-09	-5.408202248571435e-07	-1.163994960183656e-08	-1.329525927830843e-07
0.35	-0.3632618325960945	-0.05228464425588239	0.8247363989118586	0.9487834227800437	-0.2970019496775817	-0.1517988767462645	-0.2270077667550006	0.3847017984081667	0.3847017984081471	-0.1733373036987758	0.1713165259312479	-0.05188603577622179	-0.05121901304873971	-0.9166226843119435	-0.446427826350585	-0.4243861950962947	2.577460159245207	-0.1246718797267946	0.5146268778124248	-0.8210865182393922	1.605248392225588	1.605248392225695	0.0009249179356921271	0.0178951030696797	-0.01281208717691731	-0.1387993133291512	-0.1312023143598586	-0.003668160919246316	-0.02087555592374114	-0.1781338262668866	0.1772354737227556	0.01788391534144366	0.1264996053534193	20.63483244138409	-15.73440440810967	7.079859293831546	-3.05118244955856	-544.3663589041878	-58.79155975142058	-40.47500465041225	-0.5963708139900249	0.196370130621262	-1.087412055574687	1.829640483241386	0.2970292989708918	0.473369406220549	0.6399040928096188	1.222659803664234	1.222659803653743	-0.06352446798501894	-0.03919777916378474	0.1761921619329049	0.3005934088996414	-2.635819825613694e-08	-9.384774132043154e-07	3.480935188347203e-07	-1.367344146824031e-08	-5.237135054905502e-07	-3.769264957792449e-09	-1.387665074049968e-07
0.36	-0.3724566702229473	-0.05673803312239364	0.8204387378742788	0.9746458526414667	-0.2982329798836264	-0.1466292302029633	-0.2351838560296748	0.4008130247899341	0.4008130247899381	-0.1733303657197914	0.1714929331730951	-0.05200504392308509	-0.05259109152807682	-0.9221720953007408	-0.4441364966477886	-0.435079880055926	2.59455204168257	-0.1214940258518322	0.5192227691202027	-0.8139061584594885	1.6166986591806	1.616698659180636	0.000465112362178066	0.0173794411743415	-0.01099072902501941	-0.135575491501038	-0.1405662037202255	-0.001894220075116135	-0.02056494210529382	-0.1782072737810163	0.1779648025538838	0.01950277300411498	0.1339707579292185	20.76518639486618	-16.32449903665049	7.0188211057416	-3.658823008964793	-547.2063599225569	-58.6243284117966	-40.16037450837558	-0.5239123508203527	0.2606236510909328	-1.052905405975653	1.610429642486751	0.3470206163106054	0.4562378809717155	0.8067462774347667	1.079173727242818	1.079173727242713	-0.01134574346598652	-0.07397164020221249	0.194376397398747	0.3534929130208897	-1.603390192842403e-08	-9.910736474904985e-07	3.322262195862817e-07	-3.414339907043223e-08	-5.001261517354333e-07	5.22083039882116e-09	-1.436007617208438e-07
0.37	-0.3817018530497279	-0.06116520745007592	0.8160361888053053	1.00066523752773	-0.2994311312186396	-0.1414162255461165	-0.243281552459629	0.4170301196230445	0.4170301196229984	-0.1733279703536492	0.1716642693087965	-0.05210585482288346	-0.05392980127507681	-0.9266957179071289	-0.4411955969754577	-0.44535376855768	2.608864610907046	-0.1181013523673642	0.5232952097797235	-0.8054244546011122	1.626428443665694	1.626428443665696	1.947219821492709e-05	0.01688548091842831	-0.009178663820002615	-0.1321316806733794	-0.1501432210745705	-0.0001941369151909773	-0.02030655641945528	-0.1784548991757335	0.1787780006174101	0.02109575008312498	0.1415834481669204	20.88090612362352	-16.89773017150154	6.951597721294769	-4.163840862368676	-550.6354290080139	-58.44778379994838	-39.8063015510724	-0.3912720315167016	0.3262305947748905	-1.00330410492699	1.272614742047212	0.3407586763261916	0.3701375345948958	0.900183379524012	0.8761303149308728	0.8761303149256067	-0.06050827315101368	-0.03758611820923474	0.1735416639460516	0.3451616055610026	-5.802426319020379e-09	-1.026157311837354e-06	3.121635383227636e-07	-5.545660981385662e-08	-4.701537608966212e-07	1.619942295417109e-08	-1.466533432754948e-07
0.38	-0.390987209065739	-0.06555989128714192	0.8115331661447834	1.026813936942205	-0.3005942822264334	-0.136165018407424	-0.2512881716630926	0.4333357622021501	0.4333357622020647	-0.173329898413266	0.1718305702619683	-0.05218876105423762	-0.05523300562621622	-0.9302067331523244	-0.4376383985245318	-0.455174598365565	2.620414947316229	-0.1144939604104991	0.5268632654853639	-0.7956907131633324	1.634408208382325	1.634408208382294	-0.0003995727772711201	0.01637240466558056	-0.00740979533925371	-0.1284744123287973	-0.1597202384286377	0.001505946244920124	-0.0200481707336362	-0.1787025245703382	0.1795911986810195	0.02268872716232974	0.1491961384048158	20.99488556426118	-17.46905542432358	6.882241609094589	-4.667088792681379	-554.0935671823933	-58.30165654675371	-39.41150003441519	-0.3213908785817162	0.3838834068098814	-0.9622936672018706	1.057983079428171	0.3899643107900741	0.3553608901954522	1.057153793315678	0.7291697735503097	0.7291697735502981	-0.006026705770549355	-0.07779483958901047	0.1857370525451422	0.3961844164055742	4.376008879920836e-09	-1.051233793361737e-06	2.897034959077714e-07	-7.725167949512812e-08	-4.365327774385547e-07	2.831429962308465e-08	-1.486878261094624e-07
0.39	-0.4003027362594157	-0.06991605325659132	0.806934248287302	1.053064764570664	-0.3017204108108318	-0.1308806821394308	-0.2591914899031413	0.4497128263106381	0.449712826310557	-0.1733358804226851	0.1719918338989247	-0.05225417779379766	-0.0564986863658314	-0.9327405651602705	-0.4335043385770567	-0.464525954558374	2.629315889989167	-0.1107051957478051	0.5299260771122172	-0.7847962356059223	1.64072264371398	1.640722643713964	-0.000795847920609655	0.0158767602967043	-0.005688894478895357	-0.1246365154271913	-0.1692189452264685	0.003017691248301715	-0.01987430526518889	-0.1793281812727787	0.1808012643088437	0.02415510122216576	0.1567051853530712	21.20599408209661	-18.00241280387526	6.806842880783273	-5.142498194672642	-557.9157820376856	-58.12309642876017	-38.97501813806879	-0.1956578974410863	0.4415986826473477	-0.9091885352612105	0.7409391716653564	0.377460431771853	0.2698837112272642	1.132099622873626	0.5403148670681251	0.5403148670695946	-0.05645694678635176	-0.03611160173269129	0.1629678960612816	0.3815081722391087	1.398907118372767e-08	-1.066638754596142e-06	2.650072680393024e-07	-9.83157424553206e-08	-4.02504661795148e-07	4.146385335533214e-08	-1.496866564518228e-07
0.4	-0.4096388574802144	-0.07422818834778185	0.8022442904799062	1.079391559488014	-0.3028078261710404	-0.1255680892727193	-0.266980562390409	0.4661445816632696	0.4661445816631634	-0.1733458309892222	0.172148008618902	-0.05230284526607724	-0.05772520496738982	-0.934325538589952	-0.4288330228727589	-0.4733825883483839	2.635608405079579	-0.1067513155746236	0.5325145852309779	-0.7728415626117117	1.645346457209472	1.645346457209471	-0.001193284190750721	0.01535462128000565	-0.004059941887311391	-0.1206419847175393	-0.1787176520240022	0.004529436251713398	-0.01970043979701695	-0.1799538379750734	0.1820113299367052	0.02562147528203951	0.1642142323016034	21.41280046492149	-18.53421546531186	6.730280861639478	-5.602649171547618	-561.8001647278272	-57.98076928882926	-38.49636439978101	-0.1316191629291503	0.491334558174138	-0.8633491866421514	0.5362975629226771	0.4229874128876336	0.2605001885768618	1.269192880675686	0.3910454063178809	0.391045406317895	-0.006258931130934842	-0.08309376915335961	0.1673473987899535	0.4275111780147344	2.324993397909013e-08	-1.07601883433843e-06	2.389180066096511e-07	-1.189244241794311e-07	-3.682229228231688e-07	5.525796001227945e-08	-1.500403262256411e-07
0.41	-0.4189862134749202	-0.07849107757615098	0.7974682655652369	1.10576872051023	-0.3038549749186531	-0.1202320100090839	-0.2746451109500239	0.4826145082613572	0.4826145082612833	-0.1733597044329545	0.172299003584813	-0.05233568137536158	-0.05891108854658308	-0.9349982062720916	-0.4236702590862972	-0.4817347579608925	2.639419049435535	-0.1026595918773423	0.534625449865706	-0.7599263284720048	1.648369822140171	1.648369822140182	-0.00158283752507308	0.0148426558436127	-0.002531921187124839	-0.116518682732637	-0.1881085615544267	0.005835737796452384	-0.01959266388855954	-0.1807992285292974	0.1834072833077011	0.02699007083412764	0.1715715575063275	21.66060013872609	-19.03096951241873	6.648404096047899	-5.993714587751145	-565.8754172465847	-57.8059587702322	-37.97540607344964	-0.0129741172553404	0.5399063947220344	-0.8080762295503853	0.242727539976198	0.405240409564354	0.1748358754290999	1.323961806483348	0.2176560333147801	0.2176560333157745	-0.05570407412023671	-0.03562571536330725	0.1418361173587875	0.4072886926306397	3.149104971304777e-08	-1.076351168614743e-06	2.126968991917131e-07	-1.379956200768116e-07	-3.355802989224833e-07	6.884568108152885e-08	-1.49521293012824e-07
0.42	-0.428335872855661	-0.08270010734548963	0.792611333878246	1.132171843909691	-0.3048606113170011	-0.1148771308442219	-0.2821762525430445	0.4991066033081519	0.4991066033080421	-0.1733775535180006	0.1724448033393677	-0.05235397593526393	-0.06005522930914605	-0.9347862158103125	-0.4180611310666567	-0.4895639428126705	2.640800880513201	-0.09844884572342945	0.536274565480796	-0.7461601692976867	1.649780146945658	1.64978014694568	-0.001988412440868765	0.01431557902798804	-0.001151632017890959	-0.1122934213916268	-0.1974994710845638	0.007142039341159027	-0.01948488798062358	-0.1816446190833731	0.184803236678701	0.02835866638618794	0.1789288827113523	21.90170006557435	-19.5264242663864	6.566175985898838	-6.357092579479654	-570.0435876702741	-57.6720972483937	-37.41250643186624	0.04531246585431506	0.5806074048095167	-0.7587522344961529	0.05053490726484725	0.4467919042139984	0.1681503846491069	1.439377887597825	0.06843738127550059	0.06843738127550641	-0.009463247425415655	-0.08611604499958815	0.1378010925989687	0.4479030492362681	3.90408115070699e-08	-1.070549438168363e-06	1.863864046630726e-07	-1.560244527018328e-07	-3.040489394769125e-07	8.229347971844064e-08	-1.484105967582202e-07
0.43	-0.437679079689725	-0.08685091739767095	0.7876787520414951	1.158577052473027	-0.3058235883842528	-0.1095080411800395	-0.289565738934192	0.5156051613197505	0.5156051613196782	-0.1733993905802225	0.1725853675194672	-0.05235909278612727	-0.06115662697555468	-0.933714513064001	-0.4120364342693047	-0.4968601439741349	2.63985979315765	-0.09413184005822063	0.5374713895267631	-0.7316243108156072	1.649682145480416	1.649682145480405	-0.002376100868827428	0.01379644255320514	0.0001060880575425776	-0.1079734670421488	-0.2067478275871043	0.00821339695921927	-0.01945111125385311	-0.1827600035945417	0.1866137562853514	0.02957471397248593	0.1861270907803854	22.26275998145852	-19.9794579780928	6.480413293206945	-6.772883366542342	-574.3384372574156	-57.48944141718134	-36.80838375780208	0.1591910716487953	0.6230348468472988	-0.701270107101499	-0.2235949034984915	0.4265144386939455	0.08448405978794434	1.477609546143083	-0.08628580602351589	-0.0862858060287964	-0.05317610047037856	-0.0350450863220828	0.1164344122185555	0.4260842953412077	4.50483238671471e-08	-1.059310172940876e-06	1.61569994389684e-07	-1.71323033579196e-07	-2.765735201640371e-07	9.577521542974928e-08	-1.469153489078685e-07
0.44	-0.4470073511177621	-0.09093955367595015	0.782675964983105	1.184961417293552	-0.3067429234866422	-0.1041291761463889	-0.2968064827969767	0.5320952659375884	0.5320952659375092	-0.1734250554187392	0.1727206938072363	-0.05235229704737435	-0.06221441656496059	-0.9317991346125646	-0.4056263762862334	-0.503604987140471	2.636632131940757	-0.08972045275220955	0.538229639381441	-0.7164116636283172	1.648089468191215	1.648089468191172	-0.002753967696345128	0.01326800057424548	0.001230886021100759	-0.1035718059911652	-0.21599618408947	0.009284754577188659	-0.01941733452732667	-0.1838753881056841	0.1884242758919553	0.03079076155868917	0.1933252988496473	22.61475002796658	-20.43148429978892	6.395153208269933	-7.149274927236423	-578.7568642908537	-57.35135315978322	-36.16380066265118	0.2140476068793994	0.6576796419530947	-0.6484806354705815	-0.4067798650032197	0.4656682323745135	0.08043554639116902	1.574735628640038	-0.2304977835158476	-0.2304977835158467	-0.00749892733702464	-0.08797714583483227	0.1112166702236211	0.4642443895374083	4.991944190747538e-08	-1.044064303137838e-06	1.378544883043759e-07	-1.846098500109164e-07	-2.520866883173584e-07	1.092819574064029e-07	-1.451367472501236e-07
0.45	-0.4563123039354073	-0.09496224203079906	0.7776085204396327	1.211302365053833	-0.3076177020647706	-0.09874488450904227	-0.3038918804206184	0.5485623148023618	0.5485623148023241	-0.1734543055837826	0.1728507569888753	-0.05233479609769446	-0.06322778569188127	-0.9290543888774522	-0.3988546449265356	-0.5097866859380682	2.631191640990397	-0.08522414706342203	0.5385591514357467	-0.7005737588794094	1.645088072713104	1.645088072713131	-0.003088995853325271	0.01274490201227504	0.00225237468826314	-0.09909177382363149	-0.2252049512776639	0.01016539660297856	-0.01943713786072326	-0.1850990365567355	0.1905132705634182	0.03186405062098853	0.200450074677321	23.04610224825309	-20.83886881211037	6.306731055707135	-7.581947396093451	-583.2795150692701	-57.14674574175813	-35.47829453993355	0.325238312192733	0.6953792418555143	-0.5884774006769924	-0.6675599139358154	0.4434279466073849	-0.001384221632408701	1.602433231485282	-0.3697663678101444	-0.3697663677998632	-0.04563356753601781	-0.03453650964787853	0.09507832562446281	0.4415661134344405	4.807759650482609e-08	-1.016102160682616e-06	1.327363559444945e-07	-1.884688898674151e-07	-2.358377061993148e-07	1.248902226820506e-07	-1.446234245182857e-07
0.46	-0.4655856992446152	-0.098915521200276	0.7724821663284305	1.237577932663855	-0.3084471543441124	-0.09335941640251665	-0.3108160759300703	0.5649923885247592	0.5649923885247943	-0.1734867317918608	0.172975577125261	-0.0523075875891879	-0.06419601780051187	-0.9254876329276971	-0.3917445392118393	-0.5153869006864581	2.623556101884725	-0.08065519299553432	0.5384649332267389	-0.6841712407917282	1.640694439720936	1.640694439721032	-0.003389176316601869	0.01221939151950258	0.003172397781891937	-0.09454440233317589	-0.2344137184658175	0.01104603862862585	-0.0194569411937202	-0.1863226850079064	0.1926022652348005	0.03293733968313502	0.2075748505051114	23.46661040973991	-21.24540926987011	6.219378921046447	-7.966183857375649	-587.9487054845724	-56.98900563706867	-34.75482096642244	0.378449649808534	0.7253545129521778	-0.5321838256292563	-0.8457894960653796	0.4801979081946299	-0.004310506271658864	1.687658296394996	-0.50894528632722	-0.5089452863272715	-0.0005293885961460895	-0.08845953199516414	0.09092355551606238	0.477712254121667	4.086538034779482e-08	-9.779670001056474e-07	1.424961225649541e-07	-1.847857084637365e-07	-2.261790038641792e-07	1.421797065968935e-07	-1.451223249271734e-07
0.47	-0.474819423239719	-0.1027961038048434	0.7673027529023126	1.263766401732791	-0.3092306237699354	-0.08797687079596313	-0.3175735334736002	0.5813716801534475	0.5813716801534272	-0.1735220156335548	0.1730950575056477	-0.05227169222032509	-0.06511850818048547	-0.9211267005986529	-0.3843243253537188	-0.5203942376190412	2.613785241579884	-0.07603411929262437	0.5379747305044469	-0.6672402044565657	1.634939036536355	1.634939036536516	-0.003663765573234523	0.01167888822755206	0.003988328980461717	-0.08994991538867249	-0.2436015155653455	0.01174818149230627	-0.01951307380857276	-0.1875421370067132	0.1947756830178315	0.03390139447784138	0.2146295078770447	23.90794547039582	-21.61100190201027	6.128749483323218	-8.352237476358473	-592.6673622107469	-56.76733682528493	-33.99682473961692	0.4844764101079945	0.7574666582283273	-0.4698209279331867	-1.095616620268547	0.453881923106099	-0.08195475080417894	1.707835821236326	-0.6425361852108566	-0.6425361852008862	-0.04052610277667281	-0.03661495251808312	0.07417783298768642	0.451013142064706	3.349914947953716e-08	-9.366747441841476e-07	1.532915686168302e-07	-1.797633887699985e-07	-2.168016628614934e-07	1.583665785520306e-07	-1.450692470727261e-07
0.48	-0.4840056256344052	-0.1066010619036325	0.7620763036466967	1.289846585734161	-0.3099677184943758	-0.08260134313577173	-0.3241592787499482	0.5976866780801182	0.5976866780801074	-0.1735599658494604	0.1732091790082211	-0.05222818755325804	-0.06599491444552406	-0.9159833128433521	-0.3766196380561645	-0.524794066586061	2.601899088372064	-0.0713802527190152	0.537061343958299	-0.6498287873550199	1.62783569932428	1.627835699324507	-0.003922451173047346	0.01114761594665853	0.004694257417431027	-0.08532757934616429	-0.2527893126649149	0.01245032435592594	-0.01956920642292251	-0.1887615890056257	0.1969491008008276	0.03486544927248193	0.2216841652489652	24.33875052678674	-21.97615909014092	6.039659097350529	-8.693864376858928	-597.5303545456288	-56.59317678220157	-33.20791476409073	0.5349407350604579	0.78224920083845	-0.4106822325166933	-1.268848076660772	0.4867564823345562	-0.08894727104296812	1.783734449671865	-0.778532091825877	-0.7785320918258595	0.00265134276798659	-0.08661332978371702	0.06892300319527885	0.4832820737225381	2.599924546568671e-08	-8.926423677749409e-07	1.649859062506904e-07	-1.735787981075298e-07	-2.076685222605564e-07	1.735964665421402e-07	-1.445370937444408e-07
0.49	-0.4931365914933975	-0.1103276319089296	0.7568089292921908	1.315797540741145	-0.3106581289926801	-0.07723695057297002	-0.3305685836194831	0.6139240061977248	0.6139240061977521	-0.173600360824728	0.1733179506639512	-0.05217814394641911	-0.06682497025406008	-0.9100853338606422	-0.3686540742660805	-0.5285749112291028	2.587949752196642	-0.06670021775004334	0.5357433377366525	-0.6319638134018852	1.619412638782711	1.619412638782773	-0.004147513067800281	0.01061252023938725	0.005298512206408819	-0.08068211861414051	-0.2619305278322561	0.01299969945762456	-0.01966111051028829	-0.1900003537228575	0.1992662241939711	0.03567704645859254	0.2286542662661242	24.81008588602875	-22.28672098532978	5.947028342193294	-9.064605863877262	-602.4236340005986	-56.32778485235761	-32.39164307108874	0.6358945847507772	0.8097191614734965	-0.3459422656673954	-1.509314300715644	0.4589879733193523	-0.1644587728749456	1.798134841177906	-0.9067569915028202	-0.9067569915277319	-0.03389111584236911	-0.03618603364241573	0.05378540753707438	0.4555136260567578	1.907512410535285e-08	-8.490129704658318e-07	1.73390984045236e-07	-1.668068284468323e-07	-1.98749640393148e-07	1.875752935325604e-07	-1.433057067249844e-07
0.5	-0.5022048439415976	-0.1139733444376499	0.75150691515416	1.341598734803814	-0.3113016669474684	-0.07188798436740956	-0.3367971875548824	0.630070590918672	0.6300705909187582	-0.1736427676509915	0.1734215256941124	-0.05212253605351727	-0.06760850434465299	-0.903440630682936	-0.3604481427408007	-0.5317220232909817	2.57194689951192	-0.06200574401543262	0.533976072509031	-0.6136886005270024	1.609687019993916	1.609687019993811	-0.004324821372346748	0.01010829083435699	0.005807114626900221	-0.076023235757531	-0.2710717429996594	0.01354907455933121	-0.01975301459769668	-0.1912391184400864	0.2015833475871226	0.03648864364471253	0.2356243672832131	25.27127618598912	-22.59721292670553	5.856335379843939	-9.395860954433326	-607.4586133796055	-56.10981280980811	-31.55166318109626	0.684285574060198	0.8303227478772065	-0.2839357162842462	-1.679551378520646	0.4896442354623794	-0.1787990722381157	1.86578223402172	-1.039043741271378	-1.039043741271293	0.01220206080946129	-0.0804400693354842	0.04979252949740556	0.4859664986396295	1.269291583068169e-08	-8.057628476038733e-07	1.787002878733677e-07	-1.594820314936841e-07	-1.900324138043547e-07	2.003766513468025e-07	-1.414162174079553e-07
0.51	-0.511203021072639	-0.1175358922863114	0.7461766218385246	1.367229839119983	-0.3118982143523709	-0.06655877429241157	-0.3428410339109743	0.6461134743338869	0.6461134743339627	-0.1736866973723795	0.1735200763639579	-0.05206232616554641	-0.06834540968208487	-0.8960746585159128	-0.3520298859402743	-0.5342277265396133	2.55394144618542	-0.05730715786390174	0.5317946242150788	-0.5950219162997142	1.598677677736566	1.598677677736705	-0.00445448331720388	0.009605595755145349	0.006218156119163936	-0.07136135524702276	-0.2802168187862729	0.01396605604592191	-0.01985384240785283	-0.1923282115293616	0.2037400363230884	0.03721876716924401	0.2425321413118861	25.67981900137904	-22.86542607986746	5.761556066423821	-9.668611878476547	-612.4672529793455	-55.81838068046333	-30.69151236784221	0.7807615301821442	0.8522771462365617	-0.2175877609274897	-1.910934937956307	0.4595539625740324	-0.248665561103278	1.875924676342018	-1.163649172462866	-1.163649172426211	-0.02470048038970111	-0.03471732625113892	0.03425467097112658	0.4558715494498227	4.519399864473324e-09	-7.557827662178443e-07	1.959631580035067e-07	-1.49562432839684e-07	-1.816067633447059e-07	2.126255009920447e-07	-1.400102184473887e-07
0.52	-0.5201239367835857	-0.1210133175669485	0.7408245314640475	1.392670910377223	-0.3124478582642465	-0.06125354827097527	-0.3486964507929453	0.6620399103856331	0.6620399103857026	-0.1737317537448903	0.1736136934631659	-0.05199850692026757	-0.06903578166997287	-0.8879883466625347	-0.3434236291359067	-0.5360814350592857	2.533940287729254	-0.05262504540933907	0.529179261795954	-0.5760027057020396	1.586397547299371	1.586397547299754	-0.00455015159229543	0.009121576714434376	0.006528986086632407	-0.06671656584877159	-0.2893618945729603	0.01438303753250839	-0.01995467021826773	-0.1934173046186021	0.205896725059063	0.03794889069377431	0.2494399153404784	26.07875186238535	-23.13380703207886	5.668916997832694	-9.907472238501134	-617.6127344106758	-55.57370921319596	-29.81476819580417	0.8283535113316519	0.8679227486450362	-0.1535367704925821	-2.07869240445404	0.4863494960687879	-0.2655818972727423	1.936287508099198	-1.293201377240437	-1.293201377240417	0.0190007947627769	-0.07670486163533644	0.02975022453780982	0.4825482761881786	-5.481981093099545e-09	-6.989353802154165e-07	2.254235447683473e-07	-1.369950773480798e-07	-1.734786395474496e-07	2.243105667913686e-07	-1.390975769934167e-07
0.53	-0.5289605181075027	-0.1244038093396748	0.7354571826707526	1.417902203129768	-0.3129507609650664	-0.0559764981210786	-0.3543599611883739	0.6778372851959853	0.6778372851959557	-0.1737775378601235	0.1737024360230032	-0.05193202678263571	-0.06967977942503401	-0.8792137578831752	-0.3346491168617394	-0.5372766302738685	2.511994803011848	-0.04796167297502323	0.5261502391447271	-0.5566519099484293	1.572874630431516	1.572874630431823	-0.004592246893917138	0.008638330540524359	0.006755561623706289	-0.06208815625061168	-0.2983598924900396	0.01464102825137058	-0.02008463371267225	-0.1945428418660548	0.2082106810834011	0.03851252298353567	0.2561849646762484	26.52852697673729	-23.34426506790799	5.573305471739697	-10.18809158018087	-622.6928212236063	-55.23395143326415	-28.92484057078976	0.9191217321044065	0.8860306691223477	-0.08579074022606198	-2.301012152543755	0.4554799627287773	-0.3337857491557394	1.941595124764654	-1.412226768941926	-1.412226768953539	-0.0137736769249637	-0.03252523200816379	0.0173904841715421	0.4522880983974329	-5.126182916563944e-08	-5.89265677888244e-07	4.280491466442359e-07	-8.494237186088702e-08	-1.872032913708225e-07	2.657366006607461e-07	-1.562898436538997e-07
0.54	-0.5377059315094561	-0.1277057929491957	0.7300812259566544	1.442904333905696	-0.3134072001724238	-0.05073218285769569	-0.3598285397231145	0.6934933528521933	0.6934933528520461	-0.1738233347252865	0.1737866679736975	-0.05186362503645011	-0.07027763292475958	-0.869754762269174	-0.3257219964947975	-0.5378030192198717	2.488107892408041	-0.04333234671607945	0.5226322844891921	-0.5370163335639128	1.558136116468301	1.55813611646853	-0.004552701567525821	0.008219454897028538	0.006913307795951166	-0.0574877147817419	-0.3073578904071551	0.01489901897027167	-0.02021459720757248	-0.1956683791134267	0.210524637107764	0.03907615527333604	0.2629300140119616	26.96904954747638	-23.55518194054442	5.480141547246045	-10.44094401863289	-627.9081498682719	-54.94073461438034	-28.02513383224537	0.9652348782604089	0.8984443671995815	-0.01977551677676028	-2.466977581733928	0.4795402609944205	-0.36336829813448	1.993243634280622	-1.536320796312685	-1.53632079631269	0.0353289203656018	-0.06383075555251227	0.01598435157148561	0.4769546503301358	-1.366263642589944e-07	-4.211542638826295e-07	8.222617950259672e-07	1.079625277036178e-08	-2.251054821787217e-07	3.400675353735874e-07	-1.935130724835673e-07
0.55	-0.5463534870267421	-0.1309178572301691	0.7247033524833302	1.467658035197484	-0.3138177742334495	-0.0455240242592549	-0.3650994150117644	0.7089956807820569	0.7089956807819565	-0.1738695150306764	0.1738659075973178	-0.05179417481051241	-0.07082990773203826	-0.8596467306170682	-0.31667535577874	-0.5376598538584729	2.4623232686495	-0.03879096567853442	0.5189190838400353	-0.5171264407116173	1.542135076288712	1.542135076288747	-0.004667668328351684	0.007640707511007335	0.006963912234734844	-0.05297495628942557	-0.3162199324530349	0.01501400277722139	-0.02031479619528059	-0.1966267488881857	0.2125332113611601	0.03954524858025547	0.2694852138422247	27.31766781975211	-23.71201514978157	5.381857652744418	-10.56885181343249	-632.9482788033638	-54.56751225387511	-27.12091723930138	1.050000838320587	0.91011211450087	0.04808664441040008	-2.680602981897266	0.4400886906883993	-0.3875424651359631	1.991704629369895	-1.661111847324352	-1.661111847353483	-0.03257072376542644	-0.05329250208211769	-0.002313952247733373	0.4372108467302896	-1.773225079782325e-07	-3.14039433445999e-07	1.012320504434999e-06	6.006964687329065e-08	-2.346446374847076e-07	3.77859623936061e-07	-2.079819577644577e-07
0.5600000000000001	-0.5548966795215796	-0.1340389874658434	0.7193302554799822	1.492144610609876	-0.3141832041509979	-0.04035544697068102	-0.3701704228681615	0.7243321750663859	0.7243321750663962	-0.1739163772534826	0.1739396805927342	-0.05172460102863995	-0.07133730007478341	-0.848882157779564	-0.3075351874349767	-0.5368477252246094	2.434682716531645	-0.03430351801880999	0.5147160225176852	-0.4970428471126906	1.524969387367425	1.524969387367265	-0.004689085067523033	0.007126129246753224	0.006938018982333797	-0.0485112218751873	-0.3250819744990192	0.01512898658411546	-0.02041499518243738	-0.1975851186630279	0.2145417856145432	0.04001434188711915	0.276040413672393	27.66052674159038	-23.87097587409378	5.287495304649603	-10.70179095493697	-638.0877786544256	-54.25572862570121	-26.22001553088896	1.096543115340442	0.9171498927404143	0.1140171377160468	-2.838163253596562	0.4687535854304464	-0.461340432773203	2.031983783607007	-1.769250544652622	-1.769250544652642	0.05403892469672213	-0.05099693119912152	0.0006848133340450308	0.4671498347145079	-1.644165820485322e-07	-2.801205032921467e-07	9.573944870768004e-07	5.358476434223746e-08	-2.101481501883988e-07	3.718050971180947e-07	-1.951456307868165e-07
0.5700000000000001	-0.563329084746193	-0.1370683293000269	0.7139686127933673	1.516345770441456	-0.3145039718422986	-0.03523118340327804	-0.3750396793885104	0.7394913096367834	0.7394913096366957	-0.1739628803836414	0.1740084702236337	-0.05165561334822472	-0.07180023590434034	-0.8374960121391043	-0.2983247958826658	-0.5353687234414005	2.405249361692787	-0.02986678529719106	0.5100731891014229	-0.4767895663384379	1.506664585049937	1.506664585049743	-0.004613717179679047	0.006631781538838864	0.00684560532445277	-0.04409190597960697	-0.3337079340635673	0.01506889857157608	-0.02048370884259054	-0.198539749953854	0.2164755738613015	0.04033460099770127	0.2823466307145565	27.98448712688081	-23.96707658477563	5.188922338198235	-10.7711165016086	-643.0537971843063	-53.85498582356288	-25.32322947619077	1.175056531522144	0.9242512967381266	0.1816157385830156	-3.040934256354154	0.428546002597487	-0.4754472620345461	2.024833817676433	-1.889998747083593	-1.889998747088838	-0.01605048515283836	-0.04886153943228611	-0.01627952489885902	0.4268610179447822	-1.452960291960018e-07	-2.546774968604979e-07	8.679778108588839e-07	4.103357980110152e-08	-1.827685561784579e-07	3.551125620001364e-07	-1.781971346262829e-07
0.58	-0.5716445472657773	-0.1400053137166347	0.7086251149325763	1.540243594193158	-0.3147808896289807	-0.03015528666322791	-0.3797058363824545	0.7544616154496091	0.7544616154495148	-0.1740086970760289	0.1740722748077497	-0.05158796481829608	-0.07221947086474749	-0.8254936167737156	-0.2890637039198511	-0.5332187600598417	2.374015500560981	-0.02553353709275722	0.5050426570458822	-0.4564229418305111	1.487203635860978	1.487203635860749	-0.004551797531075067	0.006129119877108256	0.006670188884583057	-0.03977104804541998	-0.3423338936282724	0.0150088105590049	-0.02055242250202357	-0.1994943812447606	0.21840936210807	0.0406548601082557	0.2886528477565517	28.301599779539	-24.06494608862522	5.094021638421759	-10.84007464658319	-648.1334353314975	-53.51174900634634	-24.43119975948037	1.219793060326513	0.9272899748408507	0.2482094573859254	-3.198264512186149	0.4480566819936095	-0.5388801606288549	2.054652530341919	-2.000479918946859	-2.00047991894683	0.05134927684895015	-0.05265972196244003	-0.0159157430641685	0.447458242435842	-1.180820087230421e-07	-2.402729027182302e-07	7.336430672887802e-07	2.058209496776525e-08	-1.516342185414616e-07	3.24565876538003e-07	-1.558932553438435e-07
0.59	-0.5798370686738151	-0.1428495053653736	0.7033064443917297	1.563820420236299	-0.3150148140602537	-0.02513192380864963	-0.3841678142985164	0.7692317811061056	0.7692317811060067	-0.1740533803046212	0.1741311640208577	-0.05152235502781397	-0.07259579463134895	-0.8129149795072733	-0.2797721186357863	-0.5304044479026225	2.341063213846254	-0.0212718511712283	0.4995643802626176	-0.4359693138699353	1.466647069095955	1.466647069095832	-0.004385201495597819	0.005651186112429495	0.006442056597703677	-0.03551260028781945	-0.3506116834747397	0.01480067888360509	-0.02060088463811136	-0.2004696051271471	0.2203550920249049	0.04079620347372891	0.2946283511414442	28.63347967273549	-24.0939383041717	4.99526752978144	-10.889826399921	-652.9492764284216	-53.06810580176694	-23.54465415861221	1.291232949885886	0.9304706032252474	0.3146504468718422	-3.386706687051455	0.4121041224287513	-0.5622585372545901	2.041217056312326	-2.11058044117557	-2.110580441159556	-0.0007575799858550998	-0.04514107361283586	-0.02770958870430269	0.4121635454117386	-9.713309481730078e-08	-2.206896877361423e-07	6.299820946692057e-07	6.395227763251305e-09	-1.252956786965516e-07	2.990395445353766e-07	-1.373511810738754e-07
0.6	-0.5879009369311796	-0.1456007056016644	0.6980192386428513	1.587059124225064	-0.3152067457172839	-0.0201653351418543	-0.3884251561095033	0.7837909140177591	0.7837909140177132	-0.1740964120422149	0.1741853177223446	-0.05145931608363727	-0.07293010881977552	-0.7997629866375494	-0.2704654214302532	-0.5269258016662051	2.306391089694088	-0.01713498224186514	0.4936878194761936	-0.4154957208134913	1.444997086895113	1.444997086895098	-0.004221499335416916	0.005182017552040392	0.006156019622645178	-0.03136913241062336	-0.3588894733213851	0.01459254720830108	-0.02064934677443635	-0.2014448290094444	0.2223008219418196	0.0409375468393095	0.3006038545260921	28.95751154004487	-24.12401207157342	4.899491029594564	-10.93298963571534	-657.8915627924397	-52.67305651306322	-22.66452922061919	1.334464180983024	0.9303123591341795	0.3810762732255361	-3.542231999673735	0.4230932835605933	-0.6185369612607566	2.058645549515615	-2.219163006110367	-2.219163006110332	0.05077050178994667	-0.05090668110464146	-0.02749668070044472	0.4244622663549965	-8.504701459201545e-08	-1.937806188830894e-07	5.697132858333095e-07	1.070502570242527e-09	-1.057414381672764e-07	2.806151759632728e-07	-1.24130684626428e-07
0.61	-0.5958305786820575	-0.1482588548251932	0.692770097263291	1.609942841802715	-0.3153578275463003	-0.01525954849783405	-0.3924777213105393	0.7981282429372267	0.7981282429372264	-0.1741375269173996	0.1742347992008556	-0.05139938306506616	-0.07322345558952741	-0.7860767117965007	-0.2611698642143395	-0.5227947411015613	2.270082793189955	-0.01310576270480728	0.4874047080484834	-0.3950294202271065	1.422295566145949	1.422295566145806	-0.004002708084588345	0.004717109181910839	0.00582030948595552	-0.02732312094336441	-0.3668200929227036	0.0142376596706311	-0.02066368857488903	-0.2022705288230136	0.2239458822414458	0.04102341995399297	0.3062322491645175	29.20369805963582	-24.11841411248647	4.80036794247841	-10.86550527925041	-662.4786106939783	-52.23974336134841	-21.79181607001419	1.39899142358439	0.9283608299122802	0.4452621414374102	-3.715590851723004	0.3891399885078844	-0.6430199364868366	2.03880718883029	-2.321593013455712	-2.321593013474844	0.007233195270835503	-0.04398067482795817	-0.03814077806194977	0.3912010085044113	-7.375116767597026e-08	-1.667015102269033e-07	5.125073653883821e-07	-3.221633780690568e-09	-8.753525252508616e-08	2.608024061656366e-07	-1.111711763258245e-07
0.62	-0.6036207012269579	-0.1508242117911439	0.687565494728047	1.632455383940084	-0.3154693564400128	-0.01041855730860901	-0.3963259865305985	0.8122333673683639	0.8122333673684683	-0.1741764939283435	0.1742796920436919	-0.05134311366744022	-0.0734770361602872	-0.7718591454387316	-0.2519069699146506	-0.5180180328029131	2.232156001648204	-0.009224395178584765	0.4807287285023584	-0.3746357246155168	1.39855618923133	1.398556189231059	-0.003791926492077154	0.004264290417326261	0.005423295432915393	-0.02341589261237051	-0.3747507125242262	0.01388277213306591	-0.02067803037567969	-0.2030962286364848	0.2255909425411564	0.04110929306879409	0.3118606438026679	29.4414783246232	-24.11361366674636	4.703964332528209	-10.78882708053406	-667.1990241057892	-51.85062268543727	-20.92766089372392	1.440722484327363	0.9237797758889563	0.5102058200263538	-3.865931007197205	0.3935228813936744	-0.6971105849437158	2.044124554556664	-2.426734239201425	-2.426734239201421	0.04916857012675349	-0.04848875999583257	-0.03975746397093402	0.3967056391020643	-6.36710643126022e-08	-1.393608018735892e-07	4.600135809295608e-07	-5.925171913045668e-09	-7.140299747841126e-08	2.38853634482566e-07	-9.861318825113469e-08
0.63	-0.6112661508268682	-0.1532971573149039	0.6824118532489319	1.654580833695074	-0.3155427111968125	-0.005646290246157863	-0.3999707112182444	0.8260960432961709	0.826096043296239	-0.1742131505106395	0.1743200544899278	-0.05129103658324351	-0.07369212819073068	-0.7571490157170316	-0.2426918248313417	-0.5126048520212136	2.192675914719958	-0.00547528291988053	0.4736637133276289	-0.3543344537757486	1.373814393206095	1.373814393205973	-0.003545149810029966	0.003810350414776186	0.004986064051078893	-0.01962896318575224	-0.3822694014263014	0.01342461560455787	-0.02067351654128166	-0.2038954800216512	0.2272056951651978	0.04104839540986584	0.3171194092886705	29.68643038902774	-24.05173926482406	4.604644233980888	-10.70078224180623	-671.582175686042	-51.38121126436381	-20.07323373865549	1.49840982479023	0.9189268512013725	0.5726735969397672	-4.027766234110936	0.3612609546878565	-0.720419995657489	2.019342220035365	-2.522574602993811	-2.522574602971229	0.01155874507366486	-0.04362092631963872	-0.0466066500147895	0.3656881083540406	-5.381139220244614e-08	-1.135094395454262e-07	4.071172286207204e-07	-8.358487091538335e-09	-5.596817623918361e-08	2.154368540290102e-07	-8.611879127455704e-08
0.64	-0.6187620488078489	-0.1556782423925	0.6773155034555726	1.67630373884102	-0.3155794437197229	-0.0009465179377997067	-0.4034131804232395	0.8397063667999453	0.8397063668000607	-0.1742475140205127	0.1743559226749519	-0.05124351194780957	-0.07387015062412479	-0.7419488216473791	-0.2335348806818884	-0.5065596956518063	2.151647079852798	-0.001899948398006043	0.4662297776761023	-0.334184628082054	1.348085704428477	1.348085704428504	-0.003333312014777011	0.003365438174799746	0.004512805680246541	-0.01600197320263209	-0.3897880903286444	0.0129664590760707	-0.02066900270682399	-0.2046947314067923	0.2288204477892909	0.04098749775096795	0.322378174774355	29.92261932439013	-23.99045368201776	4.507843301049379	-10.60244768562306	-676.103270363054	-50.95120752129041	-19.22981235394605	1.538735353918122	0.9121395891176453	0.636600937567892	-4.175680594980204	0.3587673340279311	-0.7708946803030764	2.013835525341967	-2.62411278967808	-2.624112789678267	0.04218079276819819	-0.04668320748133864	-0.04696286177040947	0.3647177504025566	-4.432109138145614e-08	-9.015373812427321e-08	3.535463031577938e-07	-1.033899623923449e-08	-4.170202786648924e-08	1.895601669870736e-07	-7.373095235427549e-08
0.65	-0.6261036608856885	-0.157968116703485	0.6722827140356592	1.697608915780303	-0.3155811781994928	0.003676995078912785	-0.4066549683293015	0.853054607332258	0.8530546073322318	-0.174279627462025	0.1743873637051666	-0.0512008463962798	-0.07401258527488239	-0.7262982778412387	-0.2244551020307032	-0.4998968896898662	2.109145589106266	0.001521335850411383	0.4584102832159264	-0.3142149674854438	1.321408348414443	1.321408348414264	-0.003093835190767872	0.002927800729895265	0.004016167260216264	-0.01251411731386333	-0.3968361345241005	0.01239941254412175	-0.02064092229725772	-0.205396136961782	0.2302485552209166	0.04085278586753022	0.3272124499818336	30.12226803334216	-23.89384048442772	4.408982826697276	-10.44325848781978	-680.199523144918	-50.48550526577553	-18.39866950226876	1.589502418651917	0.9036266015220171	0.6963087257213723	-4.323800694062053	0.3290219530383103	-0.7969125924260624	1.982229174170631	-2.712641905781383	-2.71264190581162	0.01415774440064587	-0.04162058630569238	-0.05162809155017254	0.336419621365776	-3.580709950420242e-08	-6.724087620955648e-08	3.033694330866306e-07	-1.099184980884853e-08	-2.866899693403439e-08	1.634945792719292e-07	-6.179031706634134e-08
0.66	-0.6332865098205652	-0.1601676473082765	0.6673195903354068	1.718481794336137	-0.3155496572402344	0.008220425998307258	-0.4096983200599444	0.866131455324713	0.8661314553246171	-0.1743094808118408	0.1744145650462473	-0.0511632699808386	-0.07412102134410142	-0.710196193047486	-0.2154661394431601	-0.4926265517196216	2.065187403176848	0.004751139410446741	0.4502133582136912	-0.2944973929948441	1.293807196459781	1.293807196459399	-0.002881293679430403	0.002517500352539385	0.003494978462944858	-0.009202256895021261	-0.4038841787198301	0.01183236601210585	-0.02061284188743862	-0.206097542516802	0.2316766626525504	0.04071807398402973	0.3320467251890185	30.31309023398693	-23.7976695212493	4.312463347997505	-10.27418202294583	-684.4342864106777	-50.05419151514425	-17.58113268452337	1.629043551440885	0.8939763763890715	0.7581073392287815	-4.467019631557331	0.3204711963517635	-0.8463807887148213	1.963418304139913	-2.808871977803614	-2.808871977803723	0.03679373023416452	-0.04121579397190437	-0.05187293721882777	0.329518656417386	-2.907835826692367e-08	-4.513777796375181e-08	2.593988357318347e-07	-9.21699032139812e-09	-1.789080932087467e-08	1.370835731829193e-07	-5.066742556327103e-08
0.67	-0.6403062663883653	-0.1622777977436268	0.6624321560193132	1.738908099996939	-0.3154866841454199	0.01267993733185547	-0.4125457877389567	0.8789277763249732	0.8789277763249171	-0.1743370606356113	0.1744377538902044	-0.05113097924189995	-0.07419710380566553	-0.693686831583039	-0.2065831034753831	-0.4847633495685639	2.019845708831329	0.007809282761375668	0.4416243409898489	-0.2750533366537888	1.265313084048236	1.265313084048083	-0.002637041891502252	0.00212831370230567	0.002961939230560712	-0.006045427597334052	-0.4104215069804681	0.01118532749748895	-0.02056718391899953	-0.2067362814072269	0.2329849135404836	0.04049422289417227	0.3364386514332552	30.48926045878379	-23.66409324862748	4.214404625466821	-10.06923049391957	-688.2362963524801	-49.58313859339648	-16.77860064079722	1.672120002595406	0.8825922227559391	0.8149688016107144	-4.601953343711203	0.293331080430108	-0.8748813456905328	1.926320222704078	-2.89126015434542	-2.891260154310662	0.01788671135047362	-0.03661305481739748	-0.05419826338595079	0.3040637927755724	-2.253373678564219e-08	-2.411956697036914e-08	2.163100321368347e-07	-7.586838030307977e-09	-7.595970020412812e-09	1.101734919605794e-07	-3.980902209497625e-08
0.68	-0.6471588818298337	-0.1642996928161411	0.6576262621544418	1.758874146912681	-0.3153941605819159	0.0170516146618192	-0.4152005306698524	0.8914348403448109	0.8914348403448538	-0.1743622687798619	0.1744572822767419	-0.05110405466471683	-0.07424255822898618	-0.6767679677726149	-0.1978150668759668	-0.4763184614751506	1.973135654179347	0.01066123315102242	0.432646557507126	-0.2559524433681192	1.235955800376048	1.235955800376125	-0.002406957772458972	0.001785408881321789	0.002421746112657247	-0.003076649246401192	-0.4169588352413866	0.01053828898272056	-0.02052152595033609	-0.2073750202977019	0.2342931644283889	0.04027037180416329	0.3408305776772143	30.65703668223096	-23.53092918763496	4.118561295704694	-9.858084921866102	-692.1714582398932	-49.1411233481182	-15.99295385536866	1.710944020636612	0.8709765027168773	0.8744445276999291	-4.74069169284985	0.2792326040956035	-0.9241340404907862	1.894785693062815	-2.981506229932371	-2.981506229932242	0.03396019645749949	-0.03195942812227857	-0.05330371432276187	0.2919084670667367	-1.635735481635523e-08	-5.27113048183043e-09	1.749848160614264e-07	-6.246100131938364e-09	1.732172654653354e-09	8.226526047157929e-08	-2.947959469623255e-08
0.6899999999999999	-0.6538404399254577	-0.1662345307644202	0.6529076693068896	1.778366532351245	-0.3152740411676527	0.02133155531358386	-0.4176660075200742	0.9036441080916097	0.9036441080916171	-0.1743850110070373	0.1744735279318455	-0.05108252378077487	-0.07425915505440056	-0.6594822659479723	-0.1891751215119578	-0.4673080271983501	1.925128171631223	0.01332594753160516	0.4232810684512854	-0.2372144124828151	1.205762995812601	1.205762995812702	-0.002146537125828693	0.001470660784298488	0.001885504004314613	-0.0002760827545420509	-0.4229641155389756	0.009827275901282845	-0.0204591459488428	-0.2079518398336057	0.2354655576125442	0.03997907192291623	0.3447711429955693	30.80630689732297	-23.36857138929898	4.021878199640872	-9.607142379026753	-695.6601309081479	-48.67533834620657	-15.22538455806485	1.74658810233996	0.8571126783753231	0.9281566312286975	-4.862768599500317	0.2545649510716973	-0.951847417692226	1.85258891573143	-3.058376068874823	-3.058376068870878	0.0213324723621869	-0.03022100174959349	-0.05361901226835077	0.2691070568290518	-1.041712081557152e-08	1.228435050442205e-08	1.34566217625492e-07	-5.006660087736561e-09	1.057122726657404e-08	5.438960157015223e-08	-1.948566067310949e-08
0.7	-0.6603473000350876	-0.1680836474340313	0.6482819435528154	1.797372444551513	-0.3151283797903893	0.02551602285882581	-0.419946248635566	0.9155474060929178	0.9155474060929293	-0.174405299133064	0.1744868284056329	-0.05106632222855582	-0.07424875095157944	-0.6418283705648392	-0.18067081114237	-0.4577450427795212	1.875841006534844	0.01576962575351753	0.4135519362129739	-0.2189052964188396	1.174761851276175	1.174761851276299	-0.001916137535358464	0.001196372636977352	0.001355879768829485	0.002323536400654512	-0.4289693958368291	0.009116262819700504	-0.02039676594765774	-0.2085286593694983	0.236637950796676	0.03968777204152514	0.3487117083136586	30.94757197672205	-23.20657437360593	3.927265777338583	-9.352983167528517	-699.2768332560452	-48.23331375535987	-14.47686911416718	1.78458273233488	0.8438495038326285	0.9849545561056539	-4.996628202500888	0.2350253723618002	-0.9968626769847869	1.809002728797085	-3.143174224528286	-3.143174224528403	0.02795598522580747	-0.02386743818224355	-0.05198013975121369	0.251718999734495	-4.994888810214085e-09	2.700367103404731e-08	9.613632885033747e-08	-3.989421788160876e-09	1.833744354643398e-08	2.658539221565851e-08	-1.022764760296035e-08
0.71	-0.6666759500408319	-0.1698484402821592	0.6437545505344185	1.815879356440696	-0.3149592782491934	0.02960135615483978	-0.422045564394578	0.927136740665551	0.9271367406655157	-0.174423199154349	0.1744975083533165	-0.05105534319519171	-0.07421324458578549	-0.6238465677632777	-0.1723131596652334	-0.4476467922417265	1.825342780190927	0.0180123656220269	0.403458696792188	-0.2010428331078054	1.142979574413471	1.142979574413576	-0.001671120821728465	0.0009451380744758643	0.0008431458064332316	0.004743027214496662	-0.4344304171614872	0.008362800220776729	-0.02031986851587661	-0.2090431368539461	0.2376647636874586	0.03934508915972919	0.3521999496353879	31.06795618725814	-23.02159570521857	3.832404788676524	-9.057693902611495	-702.4405383711833	-47.77893008640344	-13.74827174738859	1.813237982529534	0.8279121384677736	1.035280367298222	-5.10620848429284	0.2131356038081677	-1.023957666026363	1.762121474010394	-3.214577006793793	-3.214577006796142	0.02169767668822085	-0.02493380641662413	-0.05043406392790865	0.2318434886125564	1.532096139833218e-10	4.070176300966071e-08	5.904450434715748e-08	-2.98321128292613e-09	2.560026814099393e-08	-8.04876028048533e-10	-1.33464064334156e-09
0.72	-0.6728231302329092	-0.1715304187817516	0.6393307440343342	1.833875328339569	-0.3147689018473808	0.03358407643832863	-0.4239688048521465	0.9384044879516231	0.9384044879516074	-0.1744388643760719	0.1745058394870983	-0.05104939430934311	-0.07415458743857233	-0.6055344078232	-0.1641079414352849	-0.43702773911697	1.773653008488782	0.02002459787907667	0.3930293337153549	-0.1836902361266371	1.110444393964658	1.110444393964746	-0.001469177617851069	0.0007266098666664379	0.000349850266267595	0.006953692684472648	-0.4398914384864358	0.007609337621738252	-0.02024297108414708	-0.209557614338388	0.2386915765782396	0.03900240627782194	0.3556881909568074	31.18072788864579	-22.83695716866689	3.739509072692731	-8.761688062844852	-705.7266680417489	-47.34323164332183	-13.04035458652033	1.850654160038139	0.8133628543950787	1.089115073498087	-5.234937274146824	0.1889238500701826	-1.06408740819403	1.707029462823841	-3.293754941750017	-3.293754941749967	0.01934128327559179	-0.01732616724425808	-0.04809245530493499	0.2099539309615703	4.639606290553056e-09	5.193482054455579e-08	2.518249015564018e-08	-2.003619591617786e-09	3.164800935724354e-08	-2.719597607330497e-08	6.677317083962566e-09
0.73	-0.6787856354774868	-0.173131134738054	0.6350156779167641	1.851348637778636	-0.3145594434240606	0.03746077409470219	-0.4257211654883631	0.9493432187692428	0.9493432187691586	-0.1744524764252143	0.1745120865370832	-0.05104822761947012	-0.07407475079645293	-0.586911059502826	-0.1560621461968867	-0.4259035337426251	1.720818268217193	0.02182839016471327	0.3822568322266973	-0.1668877170391343	1.077187021711248	1.077187021711024	-0.001259827558965124	0.0005282250066330189	-0.0001096237081919555	0.008979067024104878	-0.44479249598744	0.006835149842431051	-0.02015620031528542	-0.2100287288965843	0.2396010574602144	0.03861290489184348	0.3587192126771342	31.28173129700691	-22.63300958032326	3.647058459721936	-8.435428617498179	-708.5626669129855	-46.90171335412661	-12.35379589685378	1.876514017506133	0.7961531448804785	1.136373077121791	-5.336331670026775	0.1702926872552269	-1.091821794548127	1.650989243793885	-3.358943045217722	-3.358943045264239	0.02075739983276671	-0.02027496775600119	-0.04383976289654214	0.1936341580879183	8.847062584139688e-09	6.225813020285805e-08	-7.395703684246673e-09	-1.035673238259528e-09	3.732038370866391e-08	-5.286491878170288e-08	1.431268813488055e-08
0.74	-0.6845602394690035	-0.1746521996847077	0.6308143138144796	1.868287881961592	-0.3143331099240061	0.04122814868109257	-0.4273086757113145	0.9599459329286847	0.9599459329286778	-0.1744641898672598	0.1745165136740144	-0.05105144864821984	-0.0739756994164123	-0.5679541572037015	-0.148177739505524	-0.414287336059833	1.666839957291115	0.02339961322816892	0.3711647197241582	-0.1507201534684355	1.043241062334579	1.043241062334043	-0.00108945619459713	0.0003626272516664869	-0.0005276934578561438	0.01079664026868562	-0.4496935534889595	0.006060962063005904	-0.02006942954581945	-0.2104998434547745	0.240510538342242	0.03822340350575996	0.361750234396875	31.37553727100888	-22.42941447302081	3.556506190312731	-8.110822337852184	-711.5149894699839	-46.47400040982883	-11.68917410400398	1.917364955787957	0.7810851449880788	1.187513535187646	-5.463651405044742	0.1424100056343212	-1.128009610970161	1.580038359462871	-3.43147236640182	-3.43147236640177	0.01154554437227157	-0.01076874623126428	-0.03981161034561128	0.1683937119515771	1.231067785643803e-08	7.015544552357938e-08	-3.655037658645225e-08	-9.878111943482778e-11	4.199177975387298e-08	-7.660810859181137e-08	2.094382804876879e-08
0.75	-0.6901438309541895	-0.1760952605770549	0.6267314980188394	1.884681946699171	-0.3140921251997809	0.04488294344878664	-0.4287376130172552	0.970205813950256	0.9702058139501845	-0.1744741668397063	0.174519392538869	-0.05105863239583534	-0.07385941204261637	-0.5487209459743243	-0.1404634943877597	-0.4022006854128861	1.611804064438346	0.02475819502186917	0.3597429313681492	-0.1351767954891862	1.008628333661522	1.00862833366111	-0.0009126384208819895	0.0002184329001248048	-0.0009025609761166915	0.01242560671443269	-0.4540295050452036	0.005274816610310594	-0.01997492629786262	-0.2109213390764402	0.2412777027848816	0.03781325372503046	0.3643354770039914	31.45049633949675	-22.21599847480979	3.467182817944661	-7.747874459464921	-714.0092120780627	-46.05824911679904	-11.04701422043383	1.932781605251382	0.7622360023669239	1.230520574786603	-5.54889278354367	0.1267073911790525	-1.156933273899956	1.525061351962773	-3.492199545545211	-3.49219954552643	0.01976230697071616	-0.01543174274776663	-0.03534955215236304	0.1548586669414858	1.551668237618671e-08	7.735618259963664e-08	-6.416784916282168e-08	8.361693339345246e-10	4.625721763898153e-08	-9.941518503954135e-08	2.719909985541942e-08
0.76	-0.6955337938473618	-0.1774620506567841	0.6227718046787351	1.900520585596522	-0.3138387296326388	0.04842198636770462	-0.430014401376457	0.9801163623995133	0.9801163623994706	-0.1744825731518227	0.1745209920676832	-0.05106936986455174	-0.07372789289315171	-0.5292284387953989	-0.132923576981927	-0.3896628449526585	1.555754789259552	0.02588178181323207	0.3480143499727663	-0.1202903641176828	0.9733745478769539	0.9733745478766653	-0.0007753241232135481	0.000106760023291437	-0.001238437677821097	0.01384299540237958	-0.4583654566017256	0.004488671157538933	-0.01988042304894249	-0.2113428346981773	0.242044867227537	0.03740310394422904	0.3669207196108001	31.51869741961455	-22.00298019860789	3.379728799374047	-7.388799629517649	-716.6131571722469	-45.65165461877421	-10.42775051444172	1.9692241456974	0.7462196026019169	1.277751497843909	-5.666327870249862	0.09541100516711243	-1.189368218844861	1.448653037913592	-3.559683788704048	-3.559683788704128	0.003644849163150893	-0.004264451289832631	-0.03201344703404383	0.1260781603917919	1.796015906838837e-08	8.249504807148822e-08	-8.723520877471607e-08	1.765372457556048e-09	4.93210193701925e-08	-1.194513659346309e-07	3.234180206464672e-08
0.77	-0.7007276935605202	-0.1787543317154918	0.6189396796359679	1.915793910156798	-0.3135751811680698	0.05184214623353625	-0.4311455993887122	0.9896712406950818	0.9896712406949867	-0.1744895964010468	0.17452159587082	-0.05108325156160328	-0.07358316616695486	-0.5095149943694238	-0.1255625049705828	-0.3766931854307164	1.498756659831984	0.02678842322512842	0.3359679378467388	-0.1060676469742514	0.9375028315486921	0.9375028315486948	-0.0006361163266139634	2.030091158121518e-05	-0.001530807279208599	0.01506674413382733	-0.462135390028711	0.003714659615823702	-0.01978338838439071	-0.2117419368076991	0.2427208999824481	0.03696425217679403	0.3690698469594484	31.5833801043315	-21.77983880043789	3.294039776180985	-7.010148183850248	-718.7775364310148	-45.25453058210446	-9.831792907616295	1.977885610128159	0.7265709651189921	1.316930239863172	-5.739569202759097	0.08236779685719532	-1.219696703001891	1.391319756491737	-3.615664766074145	-3.615664766030197	0.01805945165837801	-0.009860598456261291	-0.02678520281633927	0.1151809787306974	2.018728408819795e-08	8.69546252205163e-08	-1.091706420044524e-07	2.662968852108728e-09	5.205984684681246e-08	-1.385147001050989e-07	3.715091295249374e-08
0.78	-0.7057233626256236	-0.1799738980611415	0.6152393226005176	1.930492650678016	-0.3133037508718569	0.05514035817940131	-0.4321381224887532	0.9988644519851172	0.9988644519850147	-0.1744954274309772	0.1745215302914701	-0.0510998442518937	-0.07342727040360135	-0.4895823091802345	-0.1183806343703322	-0.3633092434892317	1.440837981454468	0.02745814814327884	0.3236247659798877	-0.09255538167348465	0.9010411467729491	0.9010411467732437	-0.0005368802600381751	-2.711649390832746e-05	-0.001780636325604798	0.01607680283364104	-0.4659053234557979	0.002940648074078834	-0.01968635371951571	-0.2121410389172529	0.2433969327373595	0.03652540040932999	0.3712189743079872	31.64174842541509	-21.55716686878997	3.210224783083875	-6.637365861673179	-721.0448093753306	-44.86215521119406	-9.25946486584149	2.013072298340048	0.7103793203834312	1.360607981752613	-5.850437660239487	0.04802770641803251	-1.248720167009688	1.306562669380615	-3.677677478200342	-3.677677478200386	-0.004349496841455173	0.003543889954308621	-0.02350533603536958	0.08334015406513993	2.169950792966852e-08	8.916959747673639e-08	-1.273657967540147e-07	3.456125620173055e-09	5.372484635174039e-08	-1.543634103159483e-07	4.085772208273644e-08
0.79	-0.7105186524012171	-0.1811225542331253	0.6116748155933687	1.944607753395274	-0.3130266975457972	0.05831359193260245	-0.4329991880187959	1.007690193723032	1.007690193722989	-0.1745002300915103	0.1745211342946319	-0.05111869497692487	-0.07326223168523847	-0.4694343531960928	-0.1113806855636293	-0.3495289102515262	1.38203592007444	0.02791601596311573	0.3109743882746109	-0.07979733720803679	0.8640205496994449	0.8640205496996766	-0.0004254702019363302	-4.68846471841705e-05	-0.001980476594017614	0.01689842582044119	-0.46912109767414	0.002184827024658236	-0.01958719364104684	-0.2124927248112465	0.2439196679177524	0.03610103842527514	0.3729393415068308	31.6776178103879	-21.33863056184201	3.12910462669147	-6.225216843463214	-722.8687734510203	-44.50621935688612	-8.711087217259685	2.021856628048433	0.6902906471913548	1.396244155877509	-5.917080004236433	0.03919573253149836	-1.2802965798461	1.239483404022842	-3.727257244391569	-3.72725724440078	0.01863361590679839	-0.003917981927647904	-0.01687031357559729	0.07669839009333092	2.246427684716187e-08	9.002328699312694e-08	-1.433128427766563e-07	4.992561432225198e-09	5.453490577076322e-08	-1.677081999003393e-07	4.388565841914262e-08
0.8	-0.7151112227410635	-0.1822021133197659	0.6082500115508155	1.958130437573297	-0.3127461596589909	0.06135890190724916	-0.4337368614903985	1.016143128205726	1.016143128205696	-0.1745039691797174	0.1745207044535208	-0.05113927349290547	-0.07308995173318596	-0.4490384220280687	-0.1045612173016816	-0.3353686505700559	1.322354273600343	0.02815506029354343	0.2980400102669566	-0.06787696998676655	0.8264796957272941	0.8264796957274623	-0.0003241657930197401	-3.388535880665158e-05	-0.002126194515684614	0.01752504957146259	-0.472336871892277	0.001429005975259625	-0.01948803356311735	-0.2128444107052595	0.2444424030980974	0.03567667644123328	0.3746597087059284	31.70771491102504	-21.12074049185535	3.04998021356162	-5.821426993863438	-724.7874002248848	-44.15106462761555	-8.187672861956502	2.062667335116421	0.674283211432671	1.436593270505714	-6.026354679053434	0.004263008536135474	-1.30552022748539	1.1390272205451	-3.78172885792968	-3.781728857929864	-0.006370626678436167	0.01009737828518688	-0.01268086668573378	0.04434030690944638	2.045278461845417e-08	8.58207834758651e-08	-1.509097706707359e-07	9.28974797908912e-09	5.216947344213865e-08	-1.717527128721714e-07	4.439206723558473e-08
0.8100000000000001	-0.7194987653054504	-0.1832143889857242	0.6049686446187414	1.971052139026098	-0.3124642823724915	0.0642734439085407	-0.4343594762552277	1.024218071080527	1.024218071080628	-0.1745066844292366	0.1745205265236634	-0.051161065526636	-0.07291234445713733	-0.4284343080024739	-0.09792353577281745	-0.3208478793122321	1.261854582132322	0.02818569448501713	0.2848286635591536	-0.05679307623199713	0.7884303650070417	0.7884303650070308	-0.0002234599003887141	-2.054038698245215e-07	-0.002223090092342195	0.01796551281555827	-0.4749896809301217	0.0007139751858452075	-0.01939489929934044	-0.2132230503583821	0.2449342516714515	0.03522249257556378	0.3759682796263837	31.75162349575986	-20.89655811005434	2.974696801710936	-5.415771646629179	-726.296441735486	-43.80978070210706	-7.699482823302967	2.064656562542505	0.6540701944768039	1.468357585346631	-6.081484831130981	-0.002733529002629545	-1.334861678481304	1.071006464642728	-3.828321273581743	-3.828321273608266	0.01762292118693417	0.0002695907352801121	-0.006828806379759111	0.03927097258831889	1.897232527314564e-08	8.27571405659698e-08	-1.579826949602311e-07	1.273383145577238e-08	5.038759175662996e-08	-1.765420249588938e-07	4.508652911681399e-08
0.82	-0.7236791921043374	-0.1841611759222205	0.6018341931056301	1.983364901874233	-0.3121831381747721	0.06705468848557268	-0.4348756648801501	1.031910163429244	1.031910163429347	-0.1745085262750259	0.1745207386507009	-0.05118355349677604	-0.07273125822076143	-0.4076152689264179	-0.09146347140929376	-0.3059855667774917	1.200566552646145	0.02800844253824721	0.271380525409222	-0.04659174200924853	0.7499095905064385	0.7499095905062503	-0.0001494850496447318	4.412601658421824e-05	-0.002265381797960167	0.01822084163678717	-0.4776424899674429	-1.05560348368519e-06	-0.01930176503673606	-0.2136016900115406	0.245426100244709	0.03476830870996098	0.3772768505474693	31.79097778202683	-20.67420325694048	2.902703205080064	-5.028110294400135	-727.8827495510831	-43.46698168914092	-7.248217068991771	2.10565234520861	0.6387597783648902	1.504901525889187	-6.184022282684584	-0.03731421911276408	-1.352878515911362	0.9625153141410165	-3.876017613999878	-3.876017613999683	-0.01171683505588943	0.01222767138894449	-0.001760092477295458	0.00731342233607151	1.97277938579387e-08	8.448870021340709e-08	-1.628492882830552e-07	1.25859020053793e-08	5.106276541055646e-08	-1.84467333318838e-07	4.657279337609431e-08
0.83	-0.7276503738191775	-0.1850442576088432	0.5988500059872851	1.995060988484147	-0.3119046946565405	0.06970030040542598	-0.4352943608564656	1.039214777626506	1.039214777626691	-0.1745096149442551	0.1745213407304945	-0.05120619047492739	-0.07254843748797149	-0.3865800898242707	-0.0851824974146395	-0.2908012853810305	1.1385271026412	0.02764914101846969	0.2577105579800914	-0.03731354720326002	0.7109442235202083	0.710944223520018	-7.378987171254126e-05	7.301259317209538e-05	-0.002254472450694764	0.01831543625816631	-0.4797617534857987	-0.000685818704077283	-0.01921180525572734	-0.2139520181447486	0.2457418527789561	0.03435888250971562	0.3781879194374029	31.79880229234495	-20.46764861203233	2.835378813954029	-4.582839133378003	-729.0522138092775	-43.18129200576338	-6.832184066278169	2.108604285133377	0.6183239786948532	1.532787497974756	-6.232449294947678	-0.03989704719300697	-1.378709469037857	0.8855574712959624	-3.917159615515457	-3.917159615515771	0.016400890585757	-0.002227717208612341	0.003644294028649015	0.006358346745422401	2.038169793867965e-08	8.58687309956712e-08	-1.669857262980689e-07	1.242134740633164e-08	5.156260157262052e-08	-1.915458292269913e-07	4.785176248790157e-08
0.84	-0.7314099730245271	-0.1858654180017831	0.5960191808931936	2.006132972006916	-0.311630775939268	0.07220828192855265	-0.4356252577032244	1.046127665478981	1.046127665479261	-0.1745101090223725	0.1745221423024741	-0.05122849279046319	-0.07236550563602592	-0.3652987670255256	-0.079079212672751	-0.2753131619267417	1.075745935214316	0.02710348234734044	0.2438544460460236	-0.02903191609855938	0.6715643215507443	0.671564321550551	-3.056683906264236e-05	8.402444968234604e-05	-0.002198449275417427	0.01824306546780118	-0.4818810170040255	-0.001370581804527671	-0.01912184547573477	-0.2143023462778831	0.2460576053132272	0.03394945630961557	0.3790989883274661	31.80236470378908	-20.26270490626962	2.77100391236795	-4.155131145449809	-730.2943753797714	-42.89032736515876	-6.449666338543312	2.154881084527889	0.6032219278120616	1.565669937454862	-6.332365767072428	-0.07458564938333037	-1.390107416898948	0.7632025738834253	-3.958924610646638	-3.958924610646647	-0.01821126411254439	0.008652727373748597	0.007262673125639766	-0.02607966001285015	2.054570264693392e-08	8.55531519576881e-08	-1.676002387107029e-07	1.217660091377363e-08	5.121669218570097e-08	-1.945397003676815e-07	4.81308373589563e-08
0.85	-0.7349556719867526	-0.1866264299918632	0.5933446784358016	2.016573695558822	-0.3113631474321951	0.07457675515976141	-0.4358782824210509	1.052644766859321	1.052644766859425	-0.1745101776582769	0.1745229073485164	-0.05125001240137999	-0.07218403868359945	-0.3438079290171259	-0.07315181610016087	-0.2595441701137095	1.01229503580827	0.02639416961340492	0.2298114798002941	-0.02174282096379317	0.6317961105528058	0.6317961105528549	1.337267177986881e-05	6.561995686608094e-05	-0.002099803393354956	0.01802494741554162	-0.4834184618395636	-0.002003279502070929	-0.01904447607120606	-0.214711325085089	0.2463953856733817	0.03351979752523331	0.3796044825095616	31.83709037699611	-20.05853287353948	2.711437576882624	-3.744432652350021	-731.1292097438214	-42.62515567578106	-6.099112997344724	2.151155574102135	0.583206303226937	1.58899790408059	-6.367005878933697	-0.07330205502535066	-1.415657612771201	0.6862939587132644	-3.994755612322496	-3.994755612286037	0.01519617377130116	-0.007546587468006427	0.01201262000341675	-0.02347811153977737	2.065933795232655e-08	8.472961731237252e-08	-1.679996993383546e-07	1.177317896112026e-08	5.072230171024175e-08	-1.967836502202921e-07	4.822926800442699e-08
0.86	-0.738285468485891	-0.1873290264599681	0.5908291627167094	2.026376799346328	-0.3111034516463919	0.07680394545174846	-0.4360635099924459	1.058762388876067	1.058762388876059	-0.1745099069759991	0.1745233964397442	-0.05127037613862186	-0.07200551295843664	-0.3221182744045045	-0.06739610827772287	-0.2435158142667762	0.9482219823396884	0.02551693809435678	0.2155978581801236	-0.01547248681144073	0.5916684488366636	0.591668448836955	3.729678616122537e-05	2.883346970148033e-05	-0.001967274541011557	0.01765482001498889	-0.4849559066751545	-0.00263597719945652	-0.01896710666665835	-0.2151203038922671	0.2467331660336028	0.03309013874101761	0.3801099766915643	31.86779715282024	-19.85574843435975	2.654481398502305	-3.350840889852822	-732.0329677014365	-42.35119305635178	-5.778959861856895	2.1946444053718	0.5688841777819962	1.61754274423528	-6.456796579579736	-0.1081694064060722	-1.424238491787221	0.5594503774006205	-4.030814754287445	-4.030814754287439	-0.02221434340511397	0.004976328504394895	0.014039267182419	-0.05648152967158328	2.049090460169393e-08	8.106153126599488e-08	-1.67194869970105e-07	1.048117443193277e-08	4.939641713896032e-08	-1.94828040859657e-07	4.731609098662701e-08
0.87	-0.7413975775581131	-0.1879749397068677	0.5884751335537856	2.0355363968176	-0.3108533337021923	0.07888803940775985	-0.436191010890226	1.064476987791906	1.064476987792051	-0.174509379688237	0.1745234759994238	-0.05128933222349315	-0.07183143276486816	-0.3002856354986726	-0.06181628477495476	-0.2272559632057153	0.883622613447666	0.02447640339381824	0.2011870011013628	-0.01019185454742586	0.5511968075721938	0.5511968075724557	6.393705805683879e-05	-7.60755900944235e-06	-0.001828508543569843	0.0171316508331575	-0.4859303295524441	-0.003242874602539386	-0.01890009588471524	-0.215527138261304	0.2469450130888709	0.03271773498297756	0.3802244852399626	31.88459946762665	-19.67679781912451	2.60292681840687	-2.918478248005762	-732.5061129885402	-42.1481015504185	-5.487698743425136	2.180264924365093	0.5480717584445454	1.635324203373702	-6.472735161788422	-0.1065221786399009	-1.45455943887679	0.4877453800188313	-4.063527131184664	-4.06352713118892	0.0144877932497881	-0.007113006985152894	0.01310693739068954	-0.05466240753675908	2.029379063089171e-08	7.746638296225959e-08	-1.656268457285446e-07	9.17743026454668e-09	4.799212692715665e-08	-1.923924632599532e-07	4.629856565643561e-08
0.88	-0.7442908219830462	-0.1885659466543551	0.5862847264847378	2.044047754976515	-0.3106145264403534	0.08082701476843042	-0.4362706303195136	1.069785232631379	1.069785232631537	-0.1745087090815879	0.1745233594111852	-0.05130703831411427	-0.07166346982213705	-0.2783453449457768	-0.05641484839529785	-0.2107913954914981	0.818574119844678	0.02325480162277471	0.1865741391043531	-0.005896193118748489	0.5103976335614034	0.510397633561635	6.596056045159263e-05	-1.039612477191273e-05	-0.001717275691500021	0.016431369847406	-0.4869047524291835	-0.00384977200551286	-0.01883308510263097	-0.2159339726305104	0.2471568601440374	0.03234533122502569	0.3803389937890338	31.89757388772763	-19.4990542467786	2.553709177304812	-2.501929033349551	-733.0446237491248	-41.9331154024666	-5.223846647019965	2.216174734784361	0.5332067531601391	1.65848607486674	-6.546621521773016	-0.1443828205073224	-1.464639475437029	0.3624562103331889	-4.096321303551595	-4.096321303551763	-0.02713769730568862	0.01170682109443375	0.008532638108682711	-0.09190389045572721	1.990694332665976e-08	7.435374587908152e-08	-1.590099938635432e-07	7.796023875231289e-09	4.606915324728277e-08	-1.867817111556405e-07	4.459073610580863e-08
0.89	-0.7469640090878737	-0.1891038103034551	0.5842599373514038	2.051906395781063	-0.3103887277624676	0.0826188898896054	-0.4363126388932766	1.074683956497939	1.074683956498169	-0.1745080068610683	0.1745232954205994	-0.0513237552912633	-0.07150328433989585	-0.2562582022605727	-0.05118516668779925	-0.1941372414931943	0.7530764118818123	0.02188091547692637	0.1717745067331095	-0.002717188643481016	0.4693036140723971	0.4693036140725118	7.308294696628534e-05	-1.624636582968264e-06	-0.001630740659048967	0.01558203758044704	-0.4871248620134854	-0.004411326173322204	-0.0187895362224672	-0.216517653342774	0.2475544589902957	0.0319339045194039	0.3799071027739385	31.99745717172744	-19.32437132402524	2.510451973249999	-2.139727388035201	-733.1168485210932	-41.75574814705957	-4.98609810098947	2.210070192963642	0.5137574047583632	1.673267387166791	-6.562983755599549	-0.1374846724587711	-1.491545219032446	0.2638725105079311	-4.122479738287534	-4.122479738304875	0.01444416064732716	-0.004380235458869113	0.008017812458335659	-0.08499447094488903	1.939266382562431e-08	7.089629869833407e-08	-1.521504769931033e-07	6.511333675021749e-09	4.397506861175567e-08	-1.805054482824381e-07	4.274162171713648e-08
0.9	-0.7494153075343269	-0.1895901954304372	0.5824025672230231	2.059107731841709	-0.3101773865782087	0.08426198466682754	-0.4363292074330073	1.079170432676287	1.079170432676407	-0.1745072720259174	0.1745233506352388	-0.05133974614275625	-0.07135230149554946	-0.2339676132723431	-0.04611914397171851	-0.177307594500809	0.687113171036733	0.02036330289767914	0.1568180703192864	-0.0008081863928467807	0.4279480959148941	0.427948095914892	7.248349414790446e-05	1.344492600862744e-05	-0.001572050560794614	0.01459084226832337	-0.4873449715971968	-0.004972880341124294	-0.0187459873420046	-0.2171013340552467	0.2479520578364054	0.03152247781376157	0.379475211759586	32.09362157874159	-19.15071414672404	2.469273960255503	-1.791750117345709	-733.2519023102058	-41.56361582551074	-4.773154279239677	2.256863995389222	0.5004749548769418	1.693584673683255	-6.639728098215943	-0.1731281071873163	-1.496000283952882	0.1084557654072849	-4.148621037250985	-4.148621037251095	-0.02868206517269433	0.01296643597525386	0.002963651269989643	-0.1202764994887629	1.785892675016093e-08	6.468037073703173e-08	-1.433496400791553e-07	6.000372987658971e-09	4.051209633100288e-08	-1.689050992581174e-07	3.976222862410312e-08
0.91	-0.7516428715565107	-0.190026653602831	0.5807143039170674	2.065647379547574	-0.3099818592411519	0.08575479310403541	-0.436332100646759	1.083242225729163	1.083242225729295	-0.1745065104172455	0.1745235579648134	-0.0513551617499045	-0.07121183857582303	-0.2115274845952537	-0.0411912486277821	-0.1603225580635921	0.6207642883210637	0.01872518281803626	0.1417307528936598	0.0001079701108544365	0.3863852528732685	0.3863852528732812	7.828234795957456e-05	2.387905296807194e-05	-0.001503467119594065	0.01348703234084551	-0.4879368632077968	-0.005396125671889828	-0.01869148581468088	-0.2173811475119897	0.2481418417013928	0.03122262098958726	0.3794798445018646	32.12376284976546	-19.01384018976485	2.433832693181463	-1.528730357026612	-733.5022389428671	-41.41106117880826	-4.583889087992118	2.240247602327092	0.4861342142629603	1.704346896124913	-6.640275504878007	-0.1616919735452693	-1.516995838417408	0.06495967424361472	-4.163912616618116	-4.163912616615799	0.01499158881093814	-0.005503667155507803	0.009943430341171984	-0.1076329612501171	1.623311669780223e-08	5.837113667338493e-08	-1.344107859671483e-07	5.664948808127253e-09	3.693977277727769e-08	-1.570418961782587e-07	3.673955902313672e-08
0.92	-0.7536455022322291	-0.1904143953437632	0.579196567728959	2.071521976996954	-0.3098032207079333	0.08709634869362587	-0.436329479485697	1.086897631015827	1.086897631015949	-0.1745057346744702	0.1745237525219809	-0.05136966397467922	-0.07108285369974554	-0.1889809439798548	-0.03637585767939042	-0.1432021709313019	0.5541031197399445	0.01698554213071665	0.1265675008060319	0.0002946898702133373	0.3446705426716494	0.3446705426716793	7.531032786010767e-05	1.089045145503636e-05	-0.001389374086544267	0.01229523353844947	-0.4885287548184291	-0.005819371002751667	-0.01863698428690913	-0.2176609609687963	0.2483316255663445	0.03092276416531178	0.3794844772441403	32.15041812710107	-18.87790423648885	2.40030984937845	-1.279064293379289	-733.8114385201102	-41.24204129603968	-4.417180830771229	2.278146383050704	0.4779740757683691	1.720654812698132	-6.702185271306202	-0.1934322287228372	-1.511187216353083	-0.03743158345633141	-4.178994469249717	-4.17899446924937	-0.03043623995529257	0.008281890280997342	0.01206556964049475	-0.1378742744724601	1.368657687649055e-08	5.112884158629377e-08	-1.240917598745515e-07	7.084889706906003e-09	3.22739364938284e-08	-1.42550152543021e-07	3.328412434283986e-08
0.9299999999999999	-0.7554225255411303	-0.190754471783739	0.5778506698850162	2.076728724698014	-0.3096424694171784	0.08828580726039352	-0.4363272270183409	1.090135106007807	1.090135106008006	-0.174504988574659	0.1745237661233399	-0.05138276419249531	-0.07096620336716279	-0.1664443952513755	-0.03165088545981943	-0.1259592566931292	0.487227090882353	0.01514911186380901	0.1113090692769813	0.0001746025269942039	0.3027970789252616	0.3027970789252628	7.16628160551175e-05	-8.020235508668009e-06	-0.00122004008201234	0.01102207680502979	-0.4898889966675373	-0.006056555944965681	-0.01856938593758183	-0.2175377699589301	0.2481803547851057	0.03076749578201309	0.3802598934597556	32.05178193795014	-18.78117955463025	2.371158128643701	-1.07242560482945	-734.5123951354776	-41.10169285265813	-4.272090981970793	2.238311017192844	0.4680422053536692	1.728836492163067	-6.683207008861157	-0.1810802310162779	-1.535417767083316	0.003522517241871372	-4.195634861809249	-4.195634861814043	0.01434447211604902	-0.00692544128574384	0.0209588472293671	-0.1239432136867784	1.125168325866581e-08	4.401057341659257e-08	-1.134765009334083e-07	8.249755398530495e-09	2.771094456205158e-08	-1.279574087659832e-07	2.980473912113056e-08
0.9399999999999999	-0.7569748029828359	-0.1910476418194593	0.5766777465360112	2.081266133047255	-0.3095005487901614	0.08932223218263982	-0.4363256114586571	1.092953023855421	1.092953023855765	-0.1745043442542462	0.1745236010391691	-0.05139385276398818	-0.07086266597009562	-0.1440317705451015	-0.02699457682828713	-0.1086072719437204	0.4202352493896898	0.01321940938326086	0.09596077191183866	0.000167308263552393	0.2607591137998503	0.260759113799823	5.495446059458731e-05	-2.484664649703668e-05	-0.0009870448226738156	0.009672646435205124	-0.4912492385170247	-0.006293740887313764	-0.01850178758782116	-0.2174145789490082	0.2480290840039128	0.03061222739859124	0.3810353096749321	31.94991028096861	-18.6853496453258	2.343818444946204	-0.8790673231920387	-735.268445979986	-40.94366353771014	-4.147726438182528	2.253361578609113	0.4642413581609925	1.742468914945541	-6.72534779832088	-0.2120866714511076	-1.529160383571462	-0.0148729675032057	-4.21189474505444	-4.211894745054055	-0.03304840868674667	0.008698745476309569	0.0247978206024574	-0.1531290017535149	1.028413974381211e-08	3.852237330401568e-08	-9.896789598279627e-08	6.062204081841828e-09	2.449962125225509e-08	-1.120372345538565e-07	2.601057535514291e-08
0.95	-0.7583034020624784	-0.1912945512350412	0.5756788292596272	2.085133048041254	-0.3093783226301554	0.09020475644692212	-0.4363237818796054	1.095349925480932	1.095349925481276	-0.1745038557811182	0.1745232801999693	-0.05140226560951735	-0.07077293387428772	-0.1216903204413624	-0.02239445621433007	-0.09116394405682561	0.3531278924102446	0.01121459610950932	0.08053400205510329	0.0001884150551356008	0.2186125315427635	0.2186125315427496	4.292331029125327e-05	-3.660470034879082e-05	-0.000682980416067258	0.008265431426376434	-0.4920771912061805	-0.006479955044565775	-0.01845501061360461	-0.2173626037399367	0.2479917964919233	0.03047060425466841	0.3814649249952919	31.90884044932695	-18.60907219307695	2.322999997009787	-0.7604041775220713	-735.6569382330759	-40.83828318033044	-4.043381526704009	2.224198030795627	0.4568257219673573	1.747104907573196	-6.706405167320066	-0.1963560982340491	-1.550928543220854	0.009073623391885506	-4.217346411554844	-4.217346411553663	0.01475495995336587	-0.005683501763591793	0.03509035135124644	-0.1357641126442764	9.27837252129289e-09	3.299999261471064e-08	-8.439933172288155e-08	3.94408101565802e-09	2.126027049711923e-08	-9.60210593014628e-08	2.219835024849327e-08
0.96	-0.7594086543801347	-0.191495673782694	0.5748547132985142	2.088328294361529	-0.3092764800914627	0.09093271436131566	-0.4363220470083744	1.097325099994761	1.097325099995135	-0.1745034805338809	0.1745229276960224	-0.05140726189084226	-0.07069752320100647	-0.09936241815611328	-0.01783720324246376	-0.07364700888950355	0.2859015146482078	0.009142685119889563	0.06504750193852568	0.0001483666827740108	0.176413691464943	0.1764136914649357	3.230928619550546e-05	-3.117959210044872e-05	-0.0003037319829826357	0.006808361929678719	-0.4929051438955225	-0.006666169201889091	-0.01840823363921602	-0.2173106285308052	0.2479545089799701	0.0303289811106822	0.3818945403154355	31.86465349742844	-18.53361373672252	2.303871295757909	-0.6552687060308758	-736.09903459578	-40.71376147449794	-3.958358567701784	2.250652014910721	0.4556678297431472	1.75719037103116	-6.74915195483952	-0.2255062146249103	-1.541106435539894	-0.0271040002936401	-4.222346309201218	-4.222346309202214	-0.03276498344552246	0.01213537789655066	0.03983462589861105	-0.1630998993273771	7.553999594661614e-09	2.683501708291626e-08	-6.870353244807588e-08	3.131209058965733e-09	1.749400376960322e-08	-7.820006449204879e-08	1.80465719373982e-08
0.97	-0.7602909685056521	-0.1916514474785707	0.5742060369530263	2.09085109098934	-0.3091956372451947	0.09150553100615631	-0.4363208304691682	1.098878037040674	1.098878037040945	-0.1745031765669273	0.1745226816133173	-0.05140821154607021	-0.07063690299369184	-0.07712961489251488	-0.01332554369837496	-0.05608581492987988	0.21867870070585	0.00701869461922677	0.04950931099764194	0.0001031547920907704	0.1341662568307175	0.1341662568307147	2.827755691218251e-05	-1.734125003438767e-05	0.000113612244503512	0.005308751284009918	-0.4931460307447933	-0.006810734888791437	-0.01838407564698094	-0.2173490820779757	0.247994970832636	0.03021545097310506	0.381949451159234	31.87040207549675	-18.48147319047968	2.291171248548421	-0.5870755319605154	-736.1464149154981	-40.65484362354733	-3.892157285243453	2.205214896889684	0.4477143212286891	1.755953468937783	-6.705710737338331	-0.206919754458449	-1.561141194286177	0.008002257650033311	-4.227063977738723	-4.227063977737941	0.0157517424722108	-0.003873704857444118	0.04265477024191426	-0.1444278418557647	5.837717185993458e-09	2.067519090019969e-08	-5.296516726045341e-08	2.296359663083918e-09	1.372407214535617e-08	-6.034066410556187e-08	1.388846901624377e-08
0.98	-0.7609518305155277	-0.1917623447181105	0.5737330464592365	2.092702286553083	-0.3091362491612643	0.09192277258740325	-0.4363198196405652	1.100008275352803	1.100008275352944	-0.1745029181152076	0.1745225975605877	-0.05140499366920328	-0.07059148613176662	-0.05507199503675664	-0.008861911975088026	-0.03850983854987464	0.151581301827287	0.004851732651702775	0.0339324892198322	0.0001072245455974428	0.09187394470829896	0.09187394470830375	2.320623330517432e-05	1.226403277163824e-06	0.0005297744347376065	0.003767692851577778	-0.4933869175940169	-0.006955300575704753	-0.01835991765500821	-0.2173875356251163	0.2480354326853019	0.03010192083551744	0.3820043620030957	31.8731233397612	-18.43010457229591	2.280081729237506	-0.5324362744906512	-736.246137732109	-40.57584264999416	-3.844303763791332	2.215615333342411	0.4460622655830268	1.760146855107616	-6.724068942080818	-0.234100507997295	-1.548832602925106	-0.01724767145662123	-4.231321806839867	-4.231321806840215	-0.03297290231048923	0.01308124014585549	0.03959821844864889	-0.1713894566800981	4.380331352145198e-09	1.468014388797273e-08	-3.586469286269394e-08	7.582322131370716e-10	9.836863825715798e-09	-4.125228525274128e-08	9.527978573190078e-09
0.99	-0.7613927820963522	-0.1918288050200561	0.5734358496803177	2.093883058733542	-0.3090986761552091	0.09218413262828803	-0.4363186961802189	1.10071548488114	1.100715484881371	-0.1745026939464419	0.1745226859201469	-0.05139761733938511	-0.07056162054306997	-0.03312705902878655	-0.004434122450809217	-0.02093115711420649	0.08458713200035055	0.002662332479964918	0.0183419524996577	0.0001088278298010663	0.04957226704558831	0.04957226704558995	2.242754424622441e-05	1.355018767530839e-05	0.0009452504400953182	0.00220480074803419	-0.4933383148261898	-0.00700252034862752	-0.0183488944267123	-0.2173862936155604	0.2480033921909403	0.03004911779990875	0.3819003865705524	31.86893133064884	-18.40497110361613	2.274398822877811	-0.4917776434521882	-736.113586802847	-40.55324021630774	-3.814527826840669	2.182622623213896	0.4405410379945417	1.756484003855595	-6.684990636950935	-0.2114388784462763	-1.563794721733413	0.007568371428619578	-4.228945875267142	-4.228945875267924	0.01649174273966957	-0.005121299992580487	0.04248584359845689	-0.1488318657765695	2.911645594840888e-09	8.679503227367028e-09	-1.877234802582115e-08	-7.517953452027538e-10	5.937551463607659e-09	-2.216085272690318e-08	5.16823977660191e-09
1	-0.7616145463393083	-0.1918511066783318	0.5733143907589674	2.094394309288964	-0.3090830129722034	0.09228966119897682	-0.436317815878342	1.100999806606986	1.100999806607301	-0.1745024531455091	0.1745228116680475	-0.05138609353910234	-0.07054740243112453	-0.01123452747329333	-3.01832411116796e-05	-0.0033622670361285	0.01767697681534723	0.0004697680408403111	0.002766195172713359	5.859283676958104e-05	0.007296384211693534	0.007296384211694791	2.653265292401e-05	8.704068904376413e-06	0.001359268526236961	0.0006381975010938408	-0.4932897120583475	-0.007049740121503506	-0.01833787119864992	-0.2173850516059424	0.2479713516966148	0.02999631476435275	0.3817964111380181	31.86177164894234	-18.38058131254351	2.270277746885546	-0.4643917722535009	-736.0323447578173	-40.51017815441608	-3.80257521600698	2.205134442846875	0.4412922026669586	1.7581885835897	-6.707266013694432	-0.234733361474742	-1.545876724279103	-0.0276153269042629	-4.22616284107672	-4.226162841076509	-0.03199614276328271	0.009647259512190927	0.0393066346057682	-0.1721316853594795	3.355673388432099e-10	2.130685025643948e-09	-2.476700155843888e-09	4.919664739470271e-10	8.520429396573981e-10	-2.770160245347265e-09	8.821623336350072e-10
1.01	-0.7616175529094373	-0.1918294132050819	0.5733685896892929	2.094236706798147	-0.3090892689035555	0.09223950776026403	-0.4363175159458348	1.100861445662387	1.100861445662646	-0.1745021718867301	0.1745228199968391	-0.05137041644518906	-0.070548842625255	0.01063374273261505	0.004372379915364643	0.01420219773225647	-0.049200395350098	-0.00171915509766935	-0.0127941670316998	1.10654925331315e-05	-0.03496956041729702	-0.03496956041729742	2.816132556109099e-05	-8.259914338715706e-06	0.001777935747623111	-0.0009241435070086916	-0.4933027787488638	-0.007016837339220369	-0.01834535864168391	-0.217392916296297	0.2480574482843765	0.03000987672934525	0.3818476396820873	31.89026081072151	-18.39252822309134	2.273402988362772	-0.5373832785164283	-736.058296052435	-40.53133148546282	-3.808395148461818	2.177752363479333	0.4402640255720627	1.755596261121427	-6.678411307220725	-0.2107029174186112	-1.56071156099697	0.008129333964055376	-4.226957677144501	-4.226957677145279	0.01600747527515642	-0.007555083529736952	0.04341481640907071	-0.1479723160478077	-2.240510917154469e-09	-4.418133176079132e-09	1.381894771413337e-08	1.735728293096808e-09	-4.233465584292863e-09	1.662053223620864e-08	-3.403915109331896e-09
1.02	-0.7614018609666503	-0.1917635889695821	0.5735984374348342	2.093410242887931	-0.309117360291764	0.09203383158105945	-0.436317401132235	1.100300395790835	1.100300395790916	-0.1745019213205544	0.1745226213145799	-0.05135049906895392	-0.07056584363096764	0.03250517509914853	0.008795969208879076	0.03176749600706161	-0.1160953070855891	-0.003897323331379931	-0.02833835293507458	2.156903417569608e-05	-0.07724140117962687	-0.07724140117962815	2.039411812457532e-05	-3.269814906707219e-05	0.002207324989183876	-0.002473964815590785	-0.4933158454389468	-0.006983934556832211	-0.01835284608485113	-0.2174007809867181	0.2481435448720898	0.03002343869443166	0.3818988682266802	31.9157992650167	-18.40521255630312	2.278078523089211	-0.6236845749684714	-736.1353559998176	-40.53204377849301	-3.831985441264685	2.205766874971672	0.4454974300746254	1.758355284873722	-6.71077392770342	-0.232582380514955	-1.542641464071451	-0.01600914972862573	-4.227342067744523	-4.227342067744154	-0.03387531877801895	0.008152409215204773	0.0414510386407784	-0.169627745455403	-3.726451289153687e-09	-1.116808607923473e-08	2.990974096259946e-08	2.456333514551475e-11	-8.238356596398924e-09	3.601149187975608e-08	-7.845600304115127e-09
1.03	-0.7609672515882415	-0.1916533892573814	0.5740038978979927	2.091914688290125	-0.3091671629706794	0.09167280493596754	-0.4363170708889208	1.099316703715898	1.09931670371587	-0.174501798694754	0.1745221960323259	-0.05132626738640719	-0.07059827176263637	0.05443615682696117	0.01325093928678796	0.04932036651369916	-0.1830242173079703	-0.006059297830931761	-0.04386384559851937	3.597426510545333e-05	-0.1194873921162121	-0.1194873921162069	3.464937373198389e-06	-4.818999135227407e-05	0.002637732810740923	-0.00400823055473405	-0.4930056493286246	-0.006875104895516255	-0.01837540215750336	-0.2173775737393129	0.2481491398075278	0.03011122358099335	0.381761740292196	31.93319884627237	-18.44933064139921	2.288477702969766	-0.7148905342554243	-735.9588881649745	-40.60156086942297	-3.873547729238775	2.189680851519279	0.4465413510324021	1.753115946171044	-6.685241968694401	-0.207421128253734	-1.557043985533306	0.008889554622603095	-4.221781867892022	-4.22178186789188	0.01429376561859254	-0.005786922593963819	0.04364491633896011	-0.1448139856507202	-5.20126780519373e-09	-1.79200913773029e-08	4.599844385778482e-08	-1.716753936857847e-09	-1.223222089920045e-08	5.540245424944627e-08	-1.228887333310057e-08
1.04	-0.760312748986548	-0.1914984309335267	0.5745847596687399	2.089749586110253	-0.3092384686233029	0.09115661520066815	-0.4363168517542017	1.09791084087933	1.09791084087921	-0.1745018662640566	0.1745217384433326	-0.05129776977315365	-0.07064594015119673	0.07648381974805428	0.0177476915397067	0.06684775752483155	-0.2500048234979347	-0.008197918073632246	-0.05937097098404395	-6.526992247700193e-07	-0.1616755535038263	-0.1616755535038203	-1.764490968439137e-05	-3.91594993839943e-05	0.003060511129344056	-0.005522016194146355	-0.4926954532184062	-0.006766275234171015	-0.01839795822986842	-0.2173543664918629	0.2481547347430193	0.03019900846759316	0.3816246123575779	31.94760756705691	-18.4942178130892	2.300476422921361	-0.8196352961827057	-735.8342125618921	-40.65098271956085	-3.93330656779138	2.229103113627682	0.4538538650765776	1.753259385772658	-6.721113121219865	-0.2279115291446593	-1.538968008487441	-0.02621558878035842	-4.215776157950256	-4.215776157951025	-0.03471145203917661	0.01305687606589602	0.03992513804997655	-0.1655317255091848	-6.829329134513445e-09	-2.392380168682717e-08	6.194830296163599e-08	-2.681166998988172e-09	-1.611322298752087e-08	7.334525708976099e-08	-1.643480085837691e-08
1.05	-0.7594371953402418	-0.1912982755944271	0.5753407085695967	2.086914543684519	-0.3093309972178286	0.09048552449732827	-0.4363171778994147	1.096083433909738	1.096083433909535	-0.1745021897265858	0.1745214620519385	-0.05126514229449458	-0.07070861122052563	0.09864550498728381	0.02229237768372168	0.08433195340739311	-0.3170000976143796	-0.01029813100203955	-0.07483777956222537	-6.553855785294168e-05	-0.2037913503147904	-0.2037913503147898	-4.714108120412374e-05	-1.561514955792337e-05	0.003458242187964935	-0.007004309669353884	-0.4920877500450618	-0.006564875971151469	-0.01843416449672045	-0.217298579041978	0.2480862225548637	0.03034603824682141	0.381332299035105	31.95431889876948	-18.56460400096392	2.3178156666897	-0.9314408103358069	-735.4763223055899	-40.75675235475082	-4.011686926737408	2.212488179273383	0.4561254656225575	1.74448526614873	-6.688202761284116	-0.199631550188944	-1.549146055171151	0.003230583652617965	-4.207303771653954	-4.207303771654594	0.01290980450524697	-0.002941728810167621	0.03868759231963986	-0.1383995143708462	-8.462179364248148e-09	-2.990412777795945e-08	7.789382319700797e-08	-3.621301804559968e-09	-1.999069813163876e-08	9.124280494478274e-08	-2.057143633666235e-08
1.06	-0.7583394674514711	-0.1910524034985768	0.5762711965446093	2.083409654876801	-0.3094442390167375	0.08966004395364627	-0.4363181817694812	1.093835304506249	1.093835304505878	-0.1745028124500067	0.1745214321153514	-0.05122873940473462	-0.07078586949577434	0.1209186682346085	0.02689104288984537	0.101755572355959	-0.3839740999079187	-0.01234055895043918	-0.09024893904790865	-0.0001361976942284222	-0.2458200402851133	-0.2458200402851149	-7.749708418648932e-05	1.013147022077578e-05	0.003815593348651912	-0.008439457378331267	-0.4914800468715079	-0.006363476708167833	-0.018470370763315	-0.2172427915921651	0.2480177103666534	0.03049306802600408	0.3810399857129054	31.95794207990002	-18.63580992648444	2.33683983311016	-1.056880130007664	-735.1716452433878	-40.84319491771586	-4.109136605849463	2.251398715246677	0.4646496774982398	1.741143998973474	-6.716858756638512	-0.2163545331430266	-1.527838189987822	-0.0273702443291061	-4.198354789821978	-4.198354789822138	-0.03488341833152406	0.01349733005631495	0.03184915846308457	-0.1561025722630771	-9.790724090681451e-09	-3.56462266015548e-08	9.209777757111147e-08	-5.023818282108904e-09	-2.343073601470969e-08	1.07263994219323e-07	-2.435058589455175e-08
1.07	-0.7570184680165788	-0.1907602566663344	0.5773755459952172	2.07923529672547	-0.3095775850178398	0.0886807885511401	-0.4363199155232833	1.091167409548343	1.091167409548295	-0.1745037640990395	0.1745216756577837	-0.05118902357747938	-0.07087722580168374	0.1432973005460955	0.03154901419498403	0.1190971218574599	-0.4508770488242222	-0.01431377390787228	-0.1055891823793755	-0.0002101652065441619	-0.2877359259848996	-0.2877359259848967	-0.0001100621310052726	3.824024699167716e-05	0.004115708876142043	-0.009819965345122304	-0.4904438962075472	-0.006092778157798252	-0.0185230992782538	-0.217198289472946	0.2479372453590025	0.03068329146224473	0.3804886814589062	31.97862509290729	-18.73056265202183	2.361674617686922	-1.206878385078948	-734.5505609231868	-40.98755714773578	-4.226303168382674	2.233504466930184	0.4679731417765423	1.728075621481028	-6.67394460694215	-0.1855828138773952	-1.535197160146547	0.002648176171917643	-4.18474598791853	-4.184745987918165	0.01296236346818059	-0.002610755246289509	0.02731586804062945	-0.1272552577393635	-1.110308235417319e-08	-4.137565376198329e-08	1.062090954632326e-07	-6.45092952944386e-09	-2.684750595836322e-08	1.231853771863908e-07	-2.811072024390945e-08
1.08	-0.7554732004629939	-0.1904212096640907	0.5786527939799878	2.074392522755346	-0.3097302187358861	0.08754851476418546	-0.4363223773158868	1.088081047627864	1.088081047628204	-0.1745049603163163	0.1745221846065541	-0.05114666197131705	-0.07098203325703044	0.1657722919707692	0.03627107689011932	0.1363352791885068	-0.5176572636531954	-0.01619810233863288	-0.1208526159276585	-0.0002818054846892271	-0.3295134327991345	-0.3295134327991305	-0.0001264107248275748	6.32127544112189e-05	0.004344749129583395	-0.0111296872660031	-0.4894077455439298	-0.005822079607571575	-0.01857582779304643	-0.2171537873536567	0.2478567803513889	0.03087351489835221	0.379937377204514	31.99608653125735	-18.82619917210168	2.3883043776412	-1.370374650432735	-733.984501913003	-41.11388846316109	-4.363851236178661	2.270670537884098	0.477467955497448	1.720465564882599	-6.692311939172206	-0.1985772278083645	-1.512476233351051	-0.02690479749347057	-4.170679012711675	-4.170679012712511	-0.03164012773196821	0.012870076185826	0.01763410365315822	-0.1419453630808913	-1.247395173246861e-08	-4.65551269438137e-08	1.187496529998047e-07	-7.21746927424685e-09	-3.02240291351109e-08	1.367399393310073e-07	-3.142147139775507e-08
1.09	-0.7537026841761048	-0.1900345924019586	0.5801018580861733	2.068882632229608	-0.3099012228212161	0.08626407912801999	-0.4363254997744792	1.08457764906159	1.084577649061827	-0.174506295105152	0.1745229091921996	-0.05110240216906532	-0.07109956422986839	0.1883476052750195	0.041065804527655	0.1534555602761646	-0.5842924439169724	-0.01798237002934346	-0.1360158635721569	-0.000336693029956458	-0.3711387753601521	-0.3711387753601529	-0.000136897803201643	7.789075452833697e-05	0.00449253794695864	-0.01235995291680935	-0.488074742288477	-0.005470976019070165	-0.01864290442941956	-0.2171054897269019	0.247766198006054	0.03110721967706807	0.3792344526892674	32.0250016065815	-18.94454479649274	2.42063288495114	-1.564134423010735	-733.2073071472257	-41.29235277647234	-4.522640009791019	2.253453615390712	0.4824879164159238	1.704505333772334	-6.644866258112243	-0.1653095581484942	-1.515481066002961	0.006118250775470148	-4.154329114182095	-4.154329114182528	0.01478189339474966	-0.004839758689365026	0.01115344710379361	-0.1110914596052242	-1.384927304341214e-08	-5.169275580118556e-08	1.311706961614981e-07	-7.933748143857196e-09	-3.359749005785487e-08	1.501144172826112e-07	-3.469803035194216e-08
1.1	-0.7517059163784293	-0.1895996253137449	0.5817214641938471	2.06270724086357	-0.3100894611871465	0.08482856460819345	-0.436328991311541	1.080658823622428	1.080658823622586	-0.1745076277865374	0.174523659273696	-0.0510571040433731	-0.0712289027179184	0.2110225941270583	0.0459410421064498	0.1704436794861613	-0.6507574317060576	-0.01964495845787988	-0.1510683926568054	-0.0003556212225020747	-0.4125988073765778	-0.4125988073765818	-0.0001259892301908449	6.831193007868737e-05	0.004552413817297867	-0.01349119030860382	-0.4867417390331985	-0.005119872430635868	-0.01870998106554007	-0.2170571921001351	0.247675615660736	0.03134092445572132	0.3785315281738245	32.05051752888402	-19.06384454610529	2.454883409959133	-1.771131408867417	-732.4875670631828	-41.45449345389358	-4.70355185284139	2.290605647441907	0.4935699437491324	1.694033189350292	-6.658273444233596	-0.1742413753733266	-1.490332521381025	-0.01971292694682383	-4.137616903793265	-4.13761690379377	-0.0273609974546826	0.008018711272187886	5.151424575867286e-05	-0.1221397112783562	-1.512056978101743e-08	-5.70648545773058e-08	1.407672663271809e-07	-8.714799495272484e-09	-3.671593983676155e-08	1.613587712591896e-07	-3.757174560896531e-08
1.11	-0.749481991788431	-0.1891154491583961	0.5835102288775811	2.055868235080192	-0.3102937106688652	0.08324316893469771	-0.4363320348333918	1.076326338615085	1.076326338615061	-0.1745088195591618	0.1745242173641166	-0.05101162111094085	-0.07136904871462145	0.2337683555078271	0.05091289244038667	0.1872811638746363	-0.7169960237767076	-0.02118138278288401	-0.1659879564188501	-0.0001996975375167389	-0.4538593597133047	-0.4538593597133115	-0.000108437177721263	4.131304121091264e-05	0.004533044526104924	-0.01451777409380932	-0.485394886559069	-0.00467340401571137	-0.01878179966805921	-0.2168859602044866	0.2475253203167969	0.03163532192247021	0.3779330304476923	32.06566114859825	-19.20912364639848	2.494916500213436	-2.048654577047288	-731.6962590948889	-41.65721811103705	-4.907654390704503	2.267461298345189	0.5017961814082069	1.674384024950862	-6.599502607315682	-0.1398202330505784	-1.489384682846732	0.04125290739517226	-4.114441097568661	-4.114441097568997	0.0168875661829856	-0.008397689915181767	-0.004596868320686312	-0.08989042079620867	-1.63814640612889e-08	-6.246040034530086e-08	1.500813891932627e-07	-9.502328094868264e-09	-3.98088885012845e-08	1.723901128382656e-07	-4.040517649627207e-08
1.12	-0.7470304296016218	-0.1885809937790701	0.5854665239974695	2.048368273272311	-0.3105126198482346	0.08150925434777137	-0.4363319175434218	1.071582414744574	1.071582414744404	-0.1745097209593274	0.1745244377655049	-0.05096666501492145	-0.07151885509090637	0.2565501134865925	0.0559968869018616	0.2039497667170611	-0.7829486366008096	-0.02257689798735947	-0.1807721753501107	0.000276541794347736	-0.4948865800082732	-0.4948865800082796	-6.791474184780682e-05	7.741143814139775e-07	0.004447046534161695	-0.01542326622519445	-0.4840480340850932	-0.004226935600769114	-0.01885361827039772	-0.2167147283088034	0.247375024972907	0.03192971938924535	0.3773345327213808	32.07720108206249	-19.35543740486152	2.537017327060708	-2.339393621630818	-730.965407368195	-41.84560277361365	-5.136033539422439	2.297804967041351	0.5159987692565982	1.660256880140175	-6.601077594923791	-0.146059551267386	-1.46326355522416	0.04435020242925332	-4.090950495441557	-4.090950495441422	-0.02276692077358073	0.005310703679560916	-0.01327422590449593	-0.09792138051410017	-1.827664978984336e-08	-7.019987706944238e-08	1.547405636234753e-07	-9.233562351844883e-09	-4.366186221912175e-08	1.823702859979636e-07	-4.308776118999723e-08
1.13	-0.7443512859840224	-0.1879950482865908	0.5875885912113639	2.040210642433561	-0.310744784789938	0.07962828717939652	-0.4363239174366799	1.06642948343559	1.066429483435277	-0.1745102147248764	0.1745242082093904	-0.05092280741443732	-0.07167709890965206	0.2792412189982119	0.06121996928029158	0.2204287541770895	-0.8484866276573625	-0.02383263609265758	-0.1953964109185162	0.001531085853951985	-0.5356512747887059	-0.5356512747887013	-3.039536313847278e-05	-4.246694570500944e-05	0.004323291705092444	-0.01620353661573616	-0.4834720398565774	-0.003603457904006013	-0.01890514614962592	-0.2161093097688484	0.2469154580023864	0.03235414547528893	0.3775250532677294	31.97692081541024	-19.53776309790502	2.583853366449151	-2.718495977069755	-730.592602869368	-42.05207042442603	-5.389947575652444	2.249149142281705	0.5296248686241531	1.636471770323906	-6.516530923201846	-0.1118218109497223	-1.458316019755047	0.1971473987753435	-4.061958698528422	-4.061958698527274	0.01705885811893917	-0.008551751731319465	-0.01210035501244597	-0.06479202659350375	-2.025112194943314e-08	-7.823234516310202e-08	1.588178694992041e-07	-8.832759815994119e-09	-4.760983906862319e-08	1.922190631052392e-07	-4.575149010952464e-08
1.14	-0.7414463541514813	-0.1873560395910308	0.5898743987181356	2.031400357471692	-0.3109888052868545	0.07760181516298412	-0.4362971437085022	1.060870359232934	1.060870359232644	-0.1745103237984073	0.174523664194534	-0.05088022221096143	-0.07184248786395578	0.3017077564721503	0.06660952751800532	0.236697825292545	-0.9134794612012113	-0.02494800902952571	-0.2098731449711583	0.004031265555446668	-0.576125158736488	-0.5761251587364731	9.02365259871904e-06	-6.211764093312296e-05	0.00419256713186034	-0.01685229333704756	-0.4828960456286029	-0.002979980207219222	-0.01895667402890554	-0.2155038912287036	0.2464558910320216	0.03277857156138467	0.3777155738133953	31.87274261801715	-19.72119494876123	2.632909072491604	-3.11146944605977	-730.2850924547781	-42.24593637327484	-5.670683133739874	2.252891359505476	0.5492939411131941	1.618273611225489	-6.49204609238263	-0.1179865175812061	-1.433763252071445	0.2934773308022506	-4.032788328911383	-4.032788328911391	-0.02238699336770538	0.01002877665097966	-0.01466817473729076	-0.07161864666788836	-2.044596552004251e-08	-8.126886151032321e-08	1.625591451940262e-07	-1.0237191233275e-08	-4.903902875640482e-08	1.953117619517021e-07	-4.694704366422982e-08
1.15	-0.7383177264539615	-0.1866622783501834	0.5923217844426055	2.021942881989036	-0.3112432852960963	0.0754314311789831	-0.4362395500777865	1.054908102329024	1.054908102328989	-0.1745101311872529	0.1745230614617173	-0.0508389880762351	-0.07201371803679349	0.3239904517495956	0.0721724742621818	0.252737787425331	-0.9779185192688145	-0.02591954857086098	-0.2241712084719753	0.007660442170614125	-0.6162628064142001	-0.6162628064141932	3.180944482629279e-05	-5.684199798476042e-05	0.004053791743042701	-0.01736698826098422	-0.4816127503109391	-0.002330437111188201	-0.01902570992609449	-0.2150156137566233	0.2461046674084143	0.03319274266992336	0.3774013846682358	31.83213371098543	-19.91524711254417	2.688162184315638	-3.546856722562735	-729.5019596884284	-42.48957338061015	-5.979697132019878	2.211853008205126	0.5642556484422859	1.590617638342668	-6.405275249439649	-0.082480361101439	-1.423002767039022	0.4235850609135597	-3.994731028846298	-3.994731028847673	0.0149384199885443	-0.004029856113974752	-0.01354907222525422	-0.03738844412211122	-2.037179546673623e-08	-8.355017584936177e-08	1.662496256289437e-07	-1.191450685277348e-08	-5.008747154764738e-08	1.973831931540886e-07	-4.792066373355488e-08
1.16	-0.7349670929243866	-0.1859119955204206	0.5949283218132104	2.011843928008656	-0.3115066292384925	0.07311903158641972	-0.4361404752339808	1.048546373340013	1.048546373340181	-0.1745096453072575	0.1745225501224673	-0.05079915506564868	-0.07218929386464251	0.3461089228806756	0.07791384530109072	0.2685281545195731	-1.041775160756042	-0.02672079565988115	-0.2382762666908658	0.01232750814734947	-0.6560195757577059	-0.6560195757577078	6.767741586947809e-05	-4.383892425785297e-05	0.003912342303376075	-0.01772142433954832	-0.4803294549930571	-0.001680894015100998	-0.01909474582371677	-0.21452733628455	0.2457534437847831	0.03360691377851296	0.3770871955233405	31.78748617112717	-20.11062385724551	2.745947380090213	-3.997423464019239	-728.7867925907376	-42.72366511960676	-6.318448473769655	2.220046530232541	0.5849788000594981	1.568354603516601	-6.375562776307324	-0.08392802711797247	-1.395162195686059	0.5010552031152595	-3.956612662070087	-3.95661266207024	-0.01977055760432208	0.01157426280639025	-0.01520298490735728	-0.03956687759323024	-2.055924525094043e-08	-8.545231112289819e-08	1.660678046502047e-07	-1.221491722510094e-08	-5.094382578581433e-08	1.962005621874817e-07	-4.815261001988764e-08
1.17	-0.7313962660381769	-0.1851034134169792	0.5976914343060297	2.001109591020279	-0.3117771700415725	0.07066663264694248	-0.4359894056646338	1.041788996967666	1.04178899696758	-0.1745088772809038	0.1745222233541124	-0.05076084580308414	-0.07236766681301558	0.3680059409967145	0.08383115889022819	0.2840444307626416	-1.104962381935338	-0.02735659735722669	-0.2521678298273821	0.01808001416918468	-0.6953913933243302	-0.6953913933243332	8.71334776843563e-05	-2.252850352615494e-05	0.003740772794122661	-0.0179257965199855	-0.4785762441393313	-0.0009753915874462344	-0.01917054528602352	-0.2140281247961197	0.2452919601895598	0.03404987498587272	0.3764638511587856	31.72890603220957	-20.31838459475821	2.808356675349488	-4.417532059644529	-727.7151427818341	-43.00284825779564	-6.688512183899453	2.166946434769097	0.5993927074757709	1.53576676075453	-6.270830669229805	-0.04879955614593275	-1.380841572912012	0.6413895681312718	-3.917810841637415	-3.917810841637756	0.01296446207216767	-0.002787263638341845	-0.01944138034784801	-0.00677273199430552	-2.07934128632715e-08	-8.728673584902349e-08	1.651945012761697e-07	-1.226945166043354e-08	-5.176587849664635e-08	1.944368486906972e-07	-4.825211455925748e-08
1.18	-0.7276079855743072	-0.1842348011638203	0.6006082100864895	1.989747276043921	-0.3120531475246509	0.06807638043607905	-0.4357750027817751	1.034639833512095	1.034639833511882	-0.1745078825391268	0.1745220703508815	-0.05072451372489304	-0.07254726355193711	0.3895996384118998	0.08991987524458153	0.2992608120476956	-1.167370758334238	-0.02780813165870955	-0.2658469209749919	0.02499417084755812	-0.7343769923980906	-0.7343769923980941	0.0001130204993976793	-9.085896582969467e-06	0.003516905428333312	-0.01796618244944215	-0.4768230332860148	-0.0002698891598049038	-0.01924634474847588	-0.2135289133075494	0.2448304765944405	0.03449283619323878	0.3758405067937251	31.6660137884785	-20.52765685954062	2.873596066078091	-4.853412906118579	-726.715851246737	-43.27576943964949	-7.091375018782459	2.159382390062259	0.6192593531024744	1.508375611913577	-6.219793820227636	-0.04707454794522786	-1.352667797904565	0.7333853344227889	-3.879368963497277	-3.879368963497337	-0.01848436562442688	0.01000070004830173	-0.0256625562148409	-0.00676962739696378	-2.005955810903806e-08	-8.682263668303305e-08	1.614320173655623e-07	-1.303231537474249e-08	-5.155833045494827e-08	1.883135399262598e-07	-4.724837233858724e-08
1.19	-0.7236049549750053	-0.1833044137445107	0.6036756143107325	1.977764579818648	-0.3123327522717998	0.06535050350441246	-0.4354861921174898	1.027102911730229	1.02710291173032	-0.174506714850297	0.1745220592778066	-0.0506906517893811	-0.07272647296051121	0.4109821373507229	0.09618860048517053	0.3141661970813382	-1.229051412600443	-0.02807808843956158	-0.2792873418708513	0.03291524354419052	-0.7729270911516651	-0.7729270911517007	0.0001249453637146123	4.777006282313657e-06	0.00325147207273305	-0.01784377856008691	-0.4745045015335193	0.000476919223192392	-0.01932956131546331	-0.2130499452512065	0.2443033186071577	0.0349438552388793	0.3747948418043475	31.60656140258545	-20.74419019342329	2.943601544245553	-5.272472523507383	-725.3037452225052	-43.58876360515335	-7.528725608023031	2.124026174573614	0.6353250657985589	1.473534379537946	-6.12464706262393	-0.011754391298893	-1.333600802576316	0.8435604667669596	-3.830780252013294	-3.830780252018042	0.01167596841762183	-0.003277323731537567	-0.02758204521515782	0.02652855762612073	-1.912501579100465e-08	-8.588201427111613e-08	1.570705570022509e-07	-1.394202784200996e-08	-5.113732859870125e-08	1.812864126307236e-07	-4.601590822864038e-08
1.2	-0.7193888308805485	-0.1823104098815433	0.6068904552714012	1.965168587884278	-0.3126140162163867	0.06249144805039722	-0.4351137522803111	1.019182898976694	1.019182898976945	-0.1745052989016277	0.1745221155520083	-0.0506595638514192	-0.07290350169808606	0.4322183374408143	0.1026431639761269	0.3287481593328952	-1.290029900178904	-0.028139971146186	-0.292482625452692	0.04172000542015683	-0.8109951867342629	-0.8109951867343286	0.0001626724663343353	4.383543669443234e-06	0.002962105917827492	-0.01753004824976742	-0.4721859697804534	0.001223727606299217	-0.01941277788260154	-0.2125709771949855	0.243776160619782	0.03539487428460983	0.3737491768156543	31.54254003962497	-20.96245199353399	3.016770832147515	-5.707939800040326	-723.9681851890822	-43.89920287220675	-8.002221169136316	2.130122620315883	0.6564270031757314	1.443691055496331	-6.079360482678506	-0.005459733099517972	-1.30364033510061	0.9101231702893324	-3.782968329301886	-3.782968329301547	-0.01332391796375277	0.00714942695230776	-0.03044911607622523	0.03149565679599318	-1.993256787712291e-08	-8.862576703754017e-08	1.493925750382839e-07	-1.174262934649533e-08	-5.226712236810467e-08	1.756934993741162e-07	-4.516371537875185e-08
1.21	-0.7149611629648438	-0.1812509335483425	0.6102494176516597	1.951966544258476	-0.3128948767268429	0.0595017437749347	-0.4346488696397156	1.010884718632598	1.01088471863257	-0.1745034554163554	0.1745221117013722	-0.05063151824595002	-0.07307646142640128	0.4532717886041419	0.1092816753453529	0.34298220812106	-1.350231923806047	-0.02799568598740424	-0.3054170658868864	0.05141226074487874	-0.8485551010935329	-0.848555101093513	0.0002129563502732473	-7.038568936347404e-06	0.002638432352922613	-0.01702929688416358	-0.4693062671837271	0.002000705085773305	-0.01950113713122142	-0.2120962472379044	0.2431570206439588	0.03584506797364397	0.3723011975548278	31.47385710764217	-21.18296834010986	3.094216405233395	-6.116609783536627	-722.2075951304988	-44.24082852120854	-8.512930869011981	2.086432196366449	0.6719974691048479	1.403934683894767	-5.968594897378709	0.02983544108716681	-1.282211135094176	1.022137419923403	-3.72962699260312	-3.729626992590446	0.01522343704155354	-0.005609953323833278	-0.03461205264227752	0.06425328944612403	-2.115386738422716e-08	-9.224455890882015e-08	1.409269191941613e-07	-8.804816997319966e-09	-5.376523009860006e-08	1.704412119517543e-07	-4.440183695312718e-08
1.22	-0.7103242653710939	-0.180124185248388	0.6137488550984834	1.938166886077581	-0.3131732018255683	0.05638392204764026	-0.4340823923045773	1.002213514344253	1.002213514343818	-0.1745009053131596	0.1745219292450945	-0.05060696649131718	-0.07324343595845909	0.474064273048494	0.1160975573268555	0.356843172645926	-1.40955281121903	-0.02763288879983254	-0.3181061158216875	0.06203894432398755	-0.8855999755873387	-0.8855999755872337	0.000303996052951654	-3.133759979576994e-05	0.002263335750226502	-0.0163330089984326	-0.4664265645865078	0.002777682565304984	-0.01958949638038183	-0.2116215172808964	0.2425378806680427	0.03629526166271759	0.3708532182945984	31.39960367990538	-21.4043475882925	3.173899401543037	-6.534532111231509	-720.538072498862	-44.58254243171082	-9.051308103554069	2.077929276520768	0.6919011256308578	1.369074202836479	-5.903133239846368	0.03824267265858105	-1.254562235221768	1.09700882116651	-3.679960356209011	-3.679960356208792	-0.005172754215850995	0.004574043301344505	-0.04073372363480073	0.07060296082143676	-2.096923001217522e-08	-9.306705954708954e-08	1.267908105039198e-07	-6.903612131946708e-09	-5.364732403696331e-08	1.594357777948336e-07	-4.203886215918644e-08
1.23	-0.7054806595930501	-0.1789283821303548	0.6173849776818646	1.923778459100163	-0.3134468700534964	0.05314056924115284	-0.4334052235908856	0.9931745666016415	0.9931745666013857	-0.1744974237348704	0.1745214705122182	-0.05058641839419012	-0.07340253293184514	0.494612249692358	0.1230924304841391	0.3703129961114301	-1.467973816289419	-0.02706411864648381	-0.3305187499002337	0.07353643649146877	-0.9220937564266043	-0.9220937564265125	0.0003972366146027952	-6.233217912078443e-05	0.001838046753115201	-0.01545369106926013	-0.4629864180299065	0.003574764456093839	-0.01967725488467981	-0.2111236769185874	0.2418155619533753	0.03674483301549478	0.3689844221646901	31.31825320595845	-21.62653780309552	3.25636600991635	-6.928826902931548	-718.4332742782412	-44.95354890572241	-9.613618552257318	2.036532011787991	0.7076840600054181	1.325673637092937	-5.787775007020024	0.07169034211955722	-1.227795557952239	1.197365125755236	-3.619706752441294	-3.61970675244343	0.01728892971910411	-0.007256974891279478	-0.04466142299941615	0.1015025553946764	-2.040607117265814e-08	-9.31367125457022e-08	1.11128041432031e-07	-5.281493896827876e-09	-5.309433733898328e-08	1.4688141951707e-07	-3.924482295839136e-08
1.24	-0.7004329140178718	-0.1776617495509034	0.6211537459436376	1.908810583898825	-0.3137137513488041	0.04977445378110228	-0.4326088308132613	0.9837735570897248	0.9837735570895618	-0.1744928664573235	0.1745206376803308	-0.05057037017408385	-0.07355185545665292	0.5148922324749793	0.1302634496104872	0.3833723083243084	-1.525442456015193	-0.02627550227527475	-0.3426586465300246	0.08588375710759925	-0.9580123294521011	-0.9580123294520251	0.0005191359107755175	-0.0001061574120934352	0.001363360345994214	-0.01437811928292521	-0.4595462714730203	0.004371846346857954	-0.01976501338976174	-0.2106258365562863	0.2410932432386337	0.03719440436823476	0.3671156260351399	31.23062985158353	-21.84917378819188	3.340667539200239	-7.328140938199591	-716.4299192781249	-45.32818615407047	-10.19956023198208	2.024330504272219	0.7271303194435735	1.286971952311197	-5.712660170923048	0.08221191623063334	-1.200014745470642	1.266974510896217	-3.564918793455167	-3.564918793455494	0.0005589926883541839	0.00200791257178964	-0.0506132056370569	0.1098537322538213	-1.852344386639977e-08	-8.9523378800464e-08	9.088762336630056e-08	-4.304973246286422e-09	-5.079592185883853e-08	1.29116381961612e-07	-3.488903675909706e-08
1.25	-0.6951835889919896	-0.1763225188736003	0.6250510060734401	1.893272767936193	-0.3139717130537079	0.04628845962890227	-0.4316850277357412	0.9740163584823294	0.9740163584822031	-0.1744871468300469	0.1745193072353323	-0.05055929769016112	-0.07368950341849308	0.5349308143228168	0.1376117147211913	0.3960060463014515	-1.581954581610402	-0.02527767615852457	-0.3544869718646936	0.09899741840421117	-0.9933208583949653	-0.9933208583949786	0.0006301072915010778	-0.0001666008540309658	0.0008459912929450579	-0.01311592256230599	-0.4555370759182981	0.005185428482390721	-0.01984908922730267	-0.2101045932877845	0.2402741483867394	0.03762409738816697	0.3648067298301311	31.13793302159241	-22.06503331166596	3.427024103658696	-7.705028126399879	-713.9848916178478	-45.71922160562944	-10.80883394028334	1.987324522686585	0.7430282718090344	1.240514568805815	-5.595570287142144	0.1144471543692663	-1.166287721257781	1.351645939952894	-3.497834131592085	-3.497834131605331	0.01714460962703232	-0.01109276460385666	-0.05307101794306208	0.139741043890613	-1.624150373468023e-08	-8.479545696169201e-08	6.926186415769706e-08	-3.523830812130222e-09	-4.79692845104071e-08	1.09774428308957e-07	-3.006061659973064e-08
1.26	-0.6897351376481039	-0.1749089348122053	0.6290723915526916	1.877174814410979	-0.3142185206584536	0.04268577296456484	-0.4306264712450636	0.9639092717481477	0.9639092717479927	-0.1744801618092281	0.1745171678975358	-0.05055355334933041	-0.0738134617327415	0.5547174960765425	0.1451341264288554	0.408197378214124	-1.637469968538499	-0.02404468224288625	-0.3659971489510718	0.1128344397371894	-1.027989954813426	-1.02798995481353	0.000772214626701816	-0.0002679359770332448	0.0002977317277222829	-0.01164018976472012	-0.4515278803633986	0.005999010617865752	-0.01993316506572259	-0.2095833500192597	0.2394550535347827	0.03805379040803201	0.3624978336253563	31.03850620870694	-22.28126760005439	3.515214544104749	-8.085002505279098	-711.6483355926846	-46.11817256592948	-11.44104346917374	1.973950485449921	0.7619596388354162	1.198490739416997	-5.5133124375006	0.1292454760081176	-1.136385095812556	1.411646518169367	-3.437032288574392	-3.437032288574916	0.006786183583184919	-0.006170423640949066	-0.05679130807208146	0.1525609476469232	-1.318122822003447e-08	-7.82589657251159e-08	4.270451075115745e-08	-2.791415049334457e-09	-4.404769070466463e-08	8.753221207798867e-08	-2.410455019476021e-08
1.27	-0.6840900599983939	-0.1734192630281584	0.6332134211197539	1.860526766902866	-0.3144519055529	0.03896972746139333	-0.4294261265429762	0.9534587878524732	0.953458787852356	-0.1744718187979377	0.1745138137530516	-0.05055344854326221	-0.07392167800050153	0.5742482230197977	0.1528274326513605	0.4199286029323712	-1.691955760579281	-0.02259128185592655	-0.3771520969517457	0.1273457268188999	-1.06199156403001	-1.06199156402977	0.0009024060048083011	-0.0004146813066652882	-0.0002806443974366993	-0.009965655625337607	-0.4469564452909501	0.006809314848558129	-0.02000900486230875	-0.2090166066353505	0.2385011811913031	0.03846457934865183	0.3597481883600928	30.9223030185063	-22.48881029851331	3.604824451486852	-8.428477682825854	-708.8598301687064	-46.53120868638261	-12.09577114886249	1.935160018195526	0.7770960781936002	1.148440780696587	-5.388649700429442	0.159549677368887	-1.096089034700471	1.487553723872833	-3.364432986153588	-3.364432986101636	0.01702149290872945	-0.02070322597084188	-0.05894362790731137	0.1805211551453855	-9.858001562508209e-09	-7.111147131360594e-08	1.448107822369345e-08	-2.075460999836137e-09	-3.975617917685761e-08	6.431017740840096e-08	-1.776752222032894e-08
1.28	-0.6782511698353756	-0.1718518421890394	0.6374693634225314	1.843339374051716	-0.3146695239720175	0.03514392460168937	-0.4280773321859328	0.9426717463150406	0.9426717463149776	-0.1744619966972965	0.1745086368276307	-0.05055924407108101	-0.07401202462525483	0.5934799987403467	0.1606839374432629	0.4311799253572306	-1.745339037142565	-0.02089138717579873	-0.3879486202526583	0.1425243707286475	-1.095301483164719	-1.095301483164131	0.001068032502263919	-0.0006324921701421027	-0.0008823350493788039	-0.008066261163511003	-0.4423850102185566	0.007619619079178172	-0.02008484465894913	-0.2084498632514462	0.2375473088478049	0.03887536828919792	0.3569985430947863	30.79893667890608	-22.69666554618675	3.696273845715368	-8.773061607187277	-706.1865341022587	-46.95675578454538	-12.77250173980406	1.914160240908796	0.7945993527147287	1.102510280739307	-5.292809342001044	0.1785443346414569	-1.064700155860512	1.545117883776774	-3.298694272199334	-3.298694272199084	0.01387320745275391	-0.02038353040950194	-0.06145421342898106	0.1975330121354293	-5.764726356882487e-09	-6.214450909984334e-08	-1.770058225015464e-08	-1.39241793252711e-09	-3.437655177811523e-08	3.932705688243739e-08	-1.046772324841897e-08
1.29	-0.6722214469025101	-0.1702050493945812	0.6418353664521143	1.825623727388572	-0.3148690400458063	0.0312120203022693	-0.426573616716004	0.9315551602422963	0.9315551602422176	-0.1744505677607007	0.1745010142184653	-0.0505711784194357	-0.07408238096356143	0.6124054239423805	0.1686997155607267	0.4419347950940147	-1.797588752124059	-0.01897246822334514	-0.3983733692234483	0.1583208783222027	-1.127891425830764	-1.127891425830136	0.001225003313475442	-0.0009010244774041958	-0.001507222189654285	-0.005969154798560657	-0.4372491105632189	0.008409927899224191	-0.02015161602122628	-0.2078452520947162	0.2364830523590514	0.03924195058781491	0.3537993464957779	30.66613700153007	-22.88669653237885	3.78833839646327	-9.088005102959269	-703.0615261370633	-47.37945769823039	-13.47067464659271	1.872858940107477	0.808831052765306	1.049087121379763	-5.160821790939702	0.2044856135521054	-1.022536359851588	1.612240456875389	-3.220498317317665	-3.220498317311765	0.01768230638377698	-0.03142957083537889	-0.06341224528844069	0.2211924301686727	-1.382682945719472e-09	-5.249524646023603e-08	-5.136657820389674e-08	-7.217164835390671e-10	-2.85888809277721e-08	1.368352916033285e-08	-2.806885152454497e-09
1.3	-0.6660042446615893	-0.1684773460166477	0.6463063405393105	1.80739162973264	-0.3150481829424774	0.02717763369473511	-0.4249088715181992	0.9201164039321611	0.9201164039321341	-0.1744373544582813	0.1744904379882961	-0.05058944289538615	-0.07413068764191907	0.6309758603546965	0.176866054138314	0.4521741368799381	-1.848629235694194	-0.01681675175070835	-0.4084450818807902	0.1747303163049778	-1.159735530637235	-1.159735530636569	0.001424905661804448	-0.001223216382701409	-0.002148360568395074	-0.003656329173863317	-0.4321132109079799	0.009200236719282426	-0.02021838738278932	-0.2072406409380428	0.2354187958703192	0.03960853288644744	0.3506001498966521	30.52578007088841	-23.07700964185287	3.882281651004758	-9.401924261610647	-700.0577531081436	-47.81953767056905	-14.18963441838791	1.843162482965367	0.8247114447393276	0.9994046905670925	-5.050963059728941	0.2259038386777412	-0.9940928931711137	1.667703961620745	-3.149526700284424	-3.149526700284588	0.02245951487597418	-0.03111545001604559	-0.06470446112228932	0.2406768640844885	3.649847466931386e-09	-4.066147171095559e-08	-8.811985509645359e-08	3.510419138690144e-11	-2.18317219269819e-08	-1.293197465077101e-08	5.707046790871022e-09
1.31	-0.6596030412300643	-0.1666672376893394	0.6508770878361976	1.788655168442859	-0.3152047371611988	0.02304437344317027	-0.4230772477768896	0.9083630383289238	0.9083630383289185	-0.1744221939649495	0.1744764691356653	-0.05061419652977151	-0.07415493639910149	0.649202086689011	0.1851782883046262	0.4618844631177149	-1.898449937767833	-0.01445793562447006	-0.4181479714519654	0.1916800203620499	-1.190803376465885	-1.190803376465841	0.001612796948858554	-0.001576218700902421	-0.002802868267868918	-0.001160446655977824	-0.4264373286220861	0.009952296815503981	-0.02027114109009635	-0.2065757841477111	0.234210722012302	0.03992827332384022	0.3469559023891069	30.36478170712762	-23.24620241624568	3.976098523438945	-9.674341803229456	-696.6074983486052	-48.25060396285424	-14.92865170496639	1.802944077353114	0.837881164652071	0.943215196915966	-4.915659122410275	0.246315955540993	-0.9495267624029057	1.721441888401766	-3.065284961651373	-3.065284961744372	0.01778413377331728	-0.03821628195568633	-0.06590373271055104	0.2590104955090384	8.951865351627214e-09	-2.792268480195339e-08	-1.26152148377948e-07	8.27602831344298e-10	-1.467291783529219e-08	-3.995015427017463e-08	1.457440332810327e-08
1.32	-0.6530214572614793	-0.1647733266679527	0.6555422121167683	1.769426893064093	-0.3153366141274769	0.01881585634127924	-0.4210735593428803	0.8963030199798627	0.8963030199799266	-0.1744049885190552	0.174458805528087	-0.05064551120282211	-0.0741532330211306	0.6670519677708966	0.1936265929539744	0.4710495336166791	-1.946992053490615	-0.0118813012604808	-0.4274964519556492	0.2091432548451751	-1.221066079794383	-1.221066079794959	0.001833896162024469	-0.001962167388462084	-0.003460568301369457	0.001534097856644876	-0.4207614463361319	0.01070435691179264	-0.02032389479625198	-0.2059109273575154	0.2330026481542871	0.04024801376129818	0.3433116548816229	30.19583007573033	-23.41568840508506	4.071887755655019	-9.943382271076516	-693.2842780025468	-48.70405421992468	-15.6868978770254	1.767893432479549	0.8519255413464328	0.8903535428044855	-4.795245789557764	0.2694674862275823	-0.9232110796730351	1.770410046831297	-2.988498200253833	-2.988498200253687	0.02910110009806255	-0.03770472388733303	-0.06534292792784513	0.2804092630316159	1.483749255140383e-08	-1.197622602745318e-08	-1.6619716679027e-07	1.788921115086948e-09	-6.231738505031521e-09	-6.746759537884075e-08	2.426455247099237e-08
1.33	-0.6462632059490282	-0.1627942718423337	0.6602962202735061	1.749719600406199	-0.3154417864717052	0.01449570674076313	-0.4188929530167521	0.8839444979292934	0.8839444979293256	-0.1743856704078036	0.1744371982872776	-0.05068341433347712	-0.07412373787342091	0.684529487015858	0.2022037148665678	0.4796563534870147	-1.994239080631856	-0.009119097755758228	-0.4364727011461966	0.2270471351068103	-1.250494175086801	-1.250494175087058	0.00203483283665806	-0.002364365002834531	-0.004117990526681211	0.004396179037181465	-0.4145390684364945	0.01139608695141494	-0.02036054482213779	-0.2051914992665722	0.2316637585315343	0.04050391933876483	0.3392078264800272	30.01035357300949	-23.55779883895576	4.167014873469439	-10.17181915973416	-689.5085417507444	-49.13820158413519	-16.46344085894118	1.727365018274983	0.8635075551634237	0.8314857328849555	-4.655316439786854	0.2847343828259488	-0.8756881117336976	1.810745724636888	-2.898349445039476	-2.898349444991449	0.01635054191283457	-0.04219379231276636	-0.06563751833482347	0.293819028713317	2.098917693893786e-08	5.432553744553448e-09	-2.071597510710574e-07	2.82720129526111e-09	2.794053066342364e-09	-9.521264098996477e-08	3.432979824293089e-08
1.34	-0.6393322426746035	-0.1607288653897989	0.6651334245336937	1.729546660424212	-0.3155183092608496	0.01008762339379799	-0.4165312341462476	0.871296018075518	0.8712960180755492	-0.1743641908115989	0.1744114257679401	-0.05072783081608628	-0.07406467961727538	0.7015943601716703	0.2108969183371285	0.4876887543066684	-2.040121518308266	-0.006151390241793406	-0.4450832012562781	0.2453657637207363	-1.279057640431375	-1.279057640431313	0.002266193141959813	-0.002795223101244677	-0.004763238692075982	0.007446719543664819	-0.4083166905367653	0.01208781699111722	-0.02039719484760374	-0.2044720711756964	0.2303248689087829	0.04075982491630937	0.3351039980785246	29.81656277429775	-23.70026307956423	4.264265434283951	-10.39433153436945	-685.8647964288618	-49.59992250920222	-17.25723832234366	1.685364214649617	0.8751418529398121	0.7754697326680237	-4.522327896591444	0.3105682880757663	-0.8500612635800004	1.853359717289323	-2.815572210684707	-2.815572210684748	0.03518582623142535	-0.04343682069451653	-0.06290811594462123	0.3181011282207006	2.703498574728416e-08	2.530523688301185e-08	-2.482200911754169e-07	4.895631062612773e-09	1.22783686923659e-08	-1.216012002950737e-07	4.474220939220909e-08
1.35	-0.6322326338092585	-0.1585759680004917	0.6700480484089842	1.708921706737659	-0.3155642879632074	0.005595325969615489	-0.4139845324401926	0.8583663261101936	0.8583663261102242	-0.174340510836796	0.174381292492075	-0.05077862442394016	-0.07397432796068454	0.7182528504985423	0.2196982441348976	0.4951362039522197	-2.084628981987492	-0.003013203085366139	-0.4533137083909283	0.2640281494527932	-1.306727004561874	-1.306727004561788	0.002473394891230587	-0.003235768084782373	-0.00539025540481469	0.01065244282142446	-0.4015974657401201	0.0127114149960235	-0.02041458955585326	-0.2036848625737095	0.2288563033642896	0.04093135434792027	0.3305729057635641	29.60437536126772	-23.80655931095913	4.35997337930126	-10.57778242240027	-681.7990584736893	-50.02351407134352	-18.06660427838308	1.644915077279928	0.8849823131191165	0.714415145642837	-4.378911536833633	0.3201470195677476	-0.8001111192892276	1.880713795424213	-2.7195681169995	-2.719568116995634	0.01402680511066031	-0.04494714259621513	-0.06182125837347827	0.3261600045925297	3.30278567660366e-08	4.640987170469605e-08	-2.893293091915625e-07	7.479135623553153e-09	2.199194634571424e-08	-1.47311516447175e-07	5.532820323015712e-08
1.36	-0.6249686753135713	-0.1563345864792214	0.675034153293758	1.687858887227634	-0.3155779441759847	0.001022610337924447	-0.4112495997179715	0.8451645505829982	0.8451645505830619	-0.1743146509533031	0.1743466370052894	-0.05083553276081149	-0.07385104865590766	0.7344642862484122	0.2285937447297205	0.5019849562033288	-2.127694682996518	0.0003131076767365535	-0.4611668427608585	0.2830119669552654	-1.333474352803071	-1.333474352802962	0.002702174873923015	-0.003699665284849908	-0.005986184494959241	0.01403224918074218	-0.3948782409434977	0.01333501300092051	-0.02043198426381765	-0.2028976539717833	0.2273877378197808	0.04110288377951943	0.3260418134485872	29.38334309034169	-23.91323246531035	4.457940982587271	-10.75116919703957	-677.8719306980444	-50.48000756444963	-18.88992138612555	1.595953299249031	0.8939768123505059	0.6557302537794774	-4.233975362551393	0.3481930092106328	-0.7745867106360595	1.917646071372255	-2.631169032824416	-2.631169032824391	0.0395014729155047	-0.04810726400022428	-0.056690591425905	0.3529177445321042	4.097139492615112e-08	6.852539988053276e-08	-3.374530905674281e-07	7.386268039691272e-09	3.415267806544671e-08	-1.7317155548285e-07	6.687607442411584e-08
1.37	-0.6175448185133419	-0.1540038168587422	0.6800857203224852	1.666372639167558	-0.3155575743861627	-0.003626646831860506	-0.4083234782366741	0.8316999771342893	0.831699977134299	-0.1742867198176208	0.1743072771647264	-0.05089826000268111	-0.07369327703408769	0.7502240340476681	0.237570783456857	0.5082243547602582	-2.169297928885678	0.003788266227777668	-0.4686182483352769	0.3022512789147134	-1.359277046809222	-1.359277046809287	0.002884174829025004	-0.004177479813486471	-0.006552250626854998	0.01754744850817775	-0.3876751172488469	0.01385303914985443	-0.02042606072017858	-0.2020268923409932	0.2257562252147528	0.041199097249489	0.321082287517362	29.13349160838175	-23.98539613758005	4.554114767836032	-10.87075611342274	-673.5184832253956	-50.90300064093573	-19.7258636561152	1.553540787477998	0.9011590660475223	0.5924409785927389	-4.08493683696557	0.3513265388325092	-0.7203955709786715	1.932916199718172	-2.530342756835485	-2.530342756861242	0.007573093168682711	-0.04830365815826368	-0.05552068477473851	0.354659491697249	4.9981704179198e-08	9.119376035942162e-08	-3.894129612806406e-07	5.829759439140677e-09	4.765169716523299e-08	-1.991134742204792e-07	7.894997229714292e-08
1.38	-0.609965853181729	-0.1515829585183603	0.6851965606011686	1.644478071121558	-0.3155016231586887	-0.008348413675437887	-0.4052037951474985	0.8179822721110351	0.8179822721110559	-0.1742569639150777	0.1742630021567077	-0.05096643911801581	-0.07349958572602329	0.7654859925355474	0.246611488710252	0.5138396061946344	-2.209358680169497	0.007429395210122939	-0.475668777515075	0.321724288533647	-1.384100667708398	-1.384100667708636	0.003067128238557026	-0.004682698776663436	-0.007076559186893337	0.02121618642953213	-0.380471993554364	0.01437106529869377	-0.02042013717590291	-0.2011561307103168	0.2241247126096929	0.04129531071936123	0.3161227615859815	28.87482064006393	-24.05807877615719	4.652728058563196	-10.97978944296704	-669.3036384965473	-51.36390858117863	-20.57314728807227	1.49639543697343	0.9067101176021737	0.5309008292688048	-3.925476441483302	0.3813870954712573	-0.6944114317120259	1.964385603269223	-2.435354411429214	-2.435354411428822	0.03969216380128538	-0.05358815090812328	-0.04833907705445732	0.3836254633157107	5.972709651605095e-08	1.157781367874261e-07	-4.423780876390299e-07	3.496465702303447e-09	6.264251816520253e-08	-2.231504812142059e-07	9.133504959180197e-08
1.39	-0.6022367313178477	-0.1490714112311962	0.6903604171363544	1.622190588830596	-0.3154085982097014	-0.01313865091974102	-0.4018884788436975	0.8040212767217781	0.8040212767217555	-0.1742256339954446	0.174213615543348	-0.0510396551120658	-0.07326860265766483	0.7802483458649682	0.2557037245028449	0.5188248205103857	-2.247867306557632	0.0112006086840125	-0.4823142234420755	0.3413616991105168	-1.407925317828069	-1.40792531782807	0.003201836045828038	-0.005197740129244842	-0.007555806830151635	0.0250040400298816	-0.3728240812187165	0.01478705388642895	-0.02039430146693354	-0.2002456331358435	0.2224193257516963	0.04126227651671062	0.3107640319464838	28.61135563126492	-24.07862359145248	4.748550443074173	-11.05875221237648	-664.719079993425	-51.75623312045361	-21.43047976188032	1.452664682434491	0.911343596820547	0.466316638808313	-3.772968635852168	0.3787823408767301	-0.6398496468127375	1.966827817342203	-2.330078235963221	-2.330078235927422	0.0008178984907185928	-0.05081249994553599	-0.04610150747903646	0.379944100526357	6.991116746743367e-08	1.415059420882908e-07	-4.959431246243814e-07	6.996066421983154e-10	7.852360804108838e-08	-2.460506860381853e-07	1.039058307348547e-07
1.4	-0.5943626840404309	-0.1464687689287587	0.6955709227959121	1.599526137696015	-0.3152771023524837	-0.01799339031803488	-0.3983761066276543	0.789827223246566	0.7898272232465621	-0.1741928654358418	0.1741590084419649	-0.05111734036245624	-0.07299902529487623	0.7944710752547777	0.2648304917649319	0.5231694310690259	-2.284752448880683	0.01512357685908663	-0.4885692083138389	0.3611354709852454	-1.430712284896853	-1.430712284896619	0.003354856225123673	-0.005726796382347469	-0.007970410454121292	0.02893504531550673	-0.365176168883227	0.01520304247412262	-0.02036846575764994	-0.1993351355614442	0.2207139388936853	0.04122924231401766	0.3054053023068272	28.33936801485552	-24.09989221680393	4.84701963286544	-11.12807301307547	-660.2694420507382	-52.19131847663741	-22.29666187307382	1.388470649050783	0.9136164115010389	0.4027800778465692	-3.600779628466614	0.411738035708019	-0.6163192206645659	1.9916578628408	-2.227817801251538	-2.227817801251648	0.04335463820599249	-0.05639113101222624	-0.03541027319664545	0.4122558003707297	8.082377898921322e-08	1.683438463190732e-07	-5.509424373598051e-07	-3.075227075845231e-09	9.613323722611407e-08	-2.664710142422301e-07	1.166480111085817e-07
1.41	-0.586349090832328	-0.1437747416725225	0.7008216585704532	1.576500946294972	-0.3151057879355698	-0.02290873456473798	-0.394665577698368	0.7754105224525446	0.7754105224525302	-0.1741587196775477	0.1740991325609033	-0.05119887999517145	-0.0726895929122415	0.8081500669851625	0.2739740255403531	0.5268681677189027	-2.319999634788898	0.01916171651249809	-0.494440190030294	0.3809765630298707	-1.452444710152637	-1.45244471015249	0.003481857508257046	-0.006246935900683311	-0.008324981830611236	0.03297270479268819	-0.3571378881793857	0.0154800291064656	-0.02031680484261655	-0.1983442814052755	0.2188353571786047	0.04110376424332675	0.299675822004502	28.02964884332629	-24.07783634911027	4.942499888078908	-11.12666969108404	-655.4704618082184	-52.57543826648304	-23.17051471087267	1.343006446642913	0.9145799072035395	0.3370115654832121	-3.443738002703879	0.4032596731042537	-0.5634507916924678	1.981272098696462	-2.118507289074191	-2.118507289086637	-0.001477147113276154	-0.04946526825818336	-0.03360976424885916	0.4027532773474628	9.220994188175075e-08	1.959033148543021e-07	-6.068740293327759e-07	-7.485744321548797e-09	1.148664169620808e-07	-2.852794226433173e-07	1.29501600982247e-07
1.42	-0.5782016291046607	-0.1409893074692032	0.7061060999328764	1.553131873048645	-0.3148934105735455	-0.02788098125748668	-0.3907564504039663	0.7607819869256954	0.76078198692571	-0.1741230739105012	0.174034127303448	-0.05128359118052862	-0.07233913748364373	0.8212447791800319	0.2831118811815737	0.5299105486454803	-2.353528817925293	0.02333616588378273	-0.4999496975290141	0.400855144011426	-1.473079231461741	-1.47307923146168	0.003654857972188324	-0.006752671659599187	-0.008604720982057976	0.03713965450810146	-0.3490996074756704	0.01575701573883271	-0.02026514392769525	-0.1973534272491151	0.2169567754635348	0.04097828617266156	0.293946341702032	27.71195732154636	-24.05677291411529	5.040866611342556	-11.11806622251578	-650.7995152577724	-53.00681587912039	-24.05100413886802	1.271614741947183	0.9124807846610872	0.2715089331867763	-3.257179074102652	0.4389999792825591	-0.5440243771175066	1.999155650226558	-2.008237011915176	-2.008237011915142	0.0525544743653524	-0.05351037912811303	-0.02044382818777001	0.4381138480170176	1.120043581987771e-07	2.151331222941393e-07	-7.062120804812591e-07	-2.047372509131312e-08	1.398014742815434e-07	-3.107578666722814e-07	1.473927801683366e-07
1.43	-0.5699261144324445	-0.1381125815927414	0.7114176804461264	1.529436046055564	-0.3146388614952515	-0.03290621797664291	-0.3866486098966654	0.7459525609772568	0.7459525609772154	-0.1740860523428516	0.1739640283875217	-0.05137079210179812	-0.0719466247597767	0.8337536590759906	0.2922253476094112	0.5322940306768513	-2.385335275392632	0.02759092339167112	-0.5050360587922239	0.4207036519306052	-1.492612784964803	-1.492612784964566	0.00375359452500328	-0.007265234885577341	-0.008821344747878507	0.04137936994760026	-0.3407326305256694	0.0158903906890586	-0.02018330663198463	-0.1962946629870607	0.2149213733663126	0.04072994922993505	0.2878917847160441	27.3574919335497	-23.98010692154227	5.135158924514899	-11.0364519004359	-645.8335629459383	-53.36138961767146	-24.93714484077697	1.224873994870202	0.9095780373236969	0.2050757101499178	-3.097155361115709	0.421377760347991	-0.4815460934897874	1.976302534690152	-1.896974162424833	-1.89697416239803	-0.01083960651979467	-0.0496509317265762	-0.02016578572440843	0.4194398319087569	1.377425398675975e-07	2.284747210286134e-07	-8.362340079434675e-07	-3.952508524877577e-08	1.691206174789946e-07	-3.409513358864689e-07	1.688450138683815e-07
1.44	-0.5615286410850361	-0.1351449613589048	0.7167497573540961	1.505431199232133	-0.3143412320171299	-0.03798043912693502	-0.382342563475803	0.7309335875651941	0.7309335875651515	-0.174047917980095	0.1738888995118575	-0.0514597380877175	-0.07151120699351614	0.8456365142300146	0.301290752656537	0.5340098275894627	-2.41533278398259	0.03195224585182298	-0.5097465837581259	0.4404963267268571	-1.510988724184817	-1.510988724184404	0.003877416987448869	-0.007758663607336412	-0.008953733911515676	0.04572066298680378	-0.3323656535758316	0.01602376563926133	-0.02010146933618507	-0.1952358987250452	0.2128859712690878	0.04048161228718763	0.2818372277298847	26.99591276132981	-23.90509827853269	5.233031644141404	-10.95333513087322	-640.9849591063665	-53.77178000511866	-25.82814465145054	1.14640979355961	0.9028685085189894	0.1379719094349006	-2.895389298626316	0.4603129697351514	-0.4688571176558884	1.987989025640857	-1.776714155305568	-1.776714155305583	0.05757165629126203	-0.04968347828420342	-0.003596907750714375	0.4584293679579341	1.567913639759598e-07	2.525461917976764e-07	-9.264416424347409e-07	-5.220228240092959e-08	1.957658726221731e-07	-3.589014657434881e-07	1.857407690544308e-07
1.45	-0.5530154636402573	-0.1320869777199254	0.7220956756049526	1.481135324667368	-0.3139996936192708	-0.04309964166093472	-0.377839082684827	0.7157365460766545	0.7157365460766132	-0.1740089484147275	0.173808813132274	-0.0515496502844144	-0.07103210894007111	0.8568878975934432	0.3102921616974132	0.5350628071826564	-2.443533103487911	0.03636349916288861	-0.5140105834924257	0.4601772873605105	-1.528224875017291	-1.528224875017099	0.003898278666677707	-0.008271901840351217	-0.009013952145304158	0.0501065868138636	-0.3237387885532652	0.01598920213358713	-0.01999124732550604	-0.1942099304194848	0.2108543892201148	0.04006177140469861	0.2755228095400852	26.64056604444558	-23.76263656005133	5.326934858140815	-10.83522661014965	-635.9630218420439	-54.08472994658918	-26.72329062293426	1.097868029585661	0.8966923819727192	0.07235498184905433	-2.73596720405626	0.4328171610389177	-0.3924852106766819	1.954767965572579	-1.667901816208188	-1.667901816240881	-0.02837858180465502	-0.05391290722914009	-0.005032972294410415	0.4298908598803381	1.70703717100399e-07	2.848566714504415e-07	-9.860775876804757e-07	-5.998503295972134e-08	2.203579637236778e-07	-3.674504600226816e-07	1.991377996672334e-07
1.46	-0.5443930992775272	-0.1289393969345164	0.7274488024512571	1.456566724121983	-0.3136137855584621	-0.04825894695417868	-0.3731394686108588	0.7003729758259687	0.7003729758259998	-0.1739703146335896	0.1737232405881154	-0.05163972440167345	-0.07050890825439547	0.8674738978310043	0.3192101819424671	0.5354515466791128	-2.469877980096046	0.04082617844386476	-0.5177671356011332	0.4797229833279776	-1.544294476609389	-1.544294476609417	0.003810260124166943	-0.008855896530156098	-0.008986118023161408	0.05454118943294085	-0.315111923530853	0.01595463862780539	-0.01988102531421015	-0.1931839621140694	0.2088228071710909	0.03964193052209716	0.2692083913501624	26.27930870769275	-23.62223343806183	5.424700153331107	-10.72187308257431	-631.0428629612734	-54.45768551736616	-27.62211595093528	1.013333168385302	0.8861907493548674	0.005123890087473836	-2.524300719189417	0.4705981637171301	-0.3673675925373811	1.960936092403259	-1.543404307230211	-1.543404307230043	0.03579561194313152	-0.06383476964215228	0.01401356343605063	0.4681651263614361	1.40799213641815e-07	3.763380018762236e-07	-8.459829335879323e-07	-2.068389269004704e-08	2.1672797032442e-07	-3.388786502114673e-07	1.904340958630277e-07
1.47	-0.5356681421317244	-0.1257031241180724	0.7328024955191389	1.431744046503468	-0.3131828813327875	-0.0534544887119835	-0.3682453106673871	0.6848549137239315	0.6848549137239998	-0.1739321372842451	0.1736323929653981	-0.05172894855188446	-0.06994098467285172	0.8774006032913695	0.3280212578066171	0.5351762392200436	-2.494334249285723	0.04536059944487001	-0.5212592075977787	0.4990715766975466	-1.559115539029737	-1.559115539029545	0.003809999014903631	-0.009325914051334004	-0.008844632498259853	0.05904894230633483	-0.3063173940313129	0.01577050228517668	-0.01973943403660275	-0.1920419343424026	0.2065448694639196	0.03911178564359823	0.2626839087132091	25.84505825012176	-23.42490336032143	5.517682841478774	-10.49938333130824	-625.9433868283148	-54.74956169137207	-28.52062996120823	0.9648167720805029	0.8751165030986698	-0.06044687697562279	-2.357775927021919	0.4457104831461834	-0.3276751154831021	1.916266658316332	-1.421126581807739	-1.421126581774442	-0.02012095421829692	-0.0403046389102639	0.01632446258395907	0.4428473526156657	7.438066303071059e-08	5.171283746128548e-07	-5.394461133801518e-07	5.785382327001691e-08	1.895795731745258e-07	-2.793728369915787e-07	1.633131133779811e-07
1.48	-0.5268474224239276	-0.1223794304433558	0.7381501177498145	1.406686509011378	-0.3127064636141377	-0.05868246081219942	-0.3631587776504153	0.6691947071232355	0.669194707123329	-0.1738943993424101	0.1735365012882959	-0.0518163361637332	-0.06932783016561682	0.8866264102405402	0.3366943535969982	0.5342373792379072	-2.516849954801975	0.0499288770400491	-0.5242532040846212	0.5181979980304376	-1.572723376344938	-1.572723376344527	0.003722378631366609	-0.009864707394714491	-0.008618810350695668	0.06358737457122776	-0.2975228645318571	0.01558636594254274	-0.01959784275946864	-0.1908999065707103	0.2042669317567387	0.03858164076508986	0.2561594260761709	25.40179176129651	-23.22828196070395	5.613391141461217	-10.25306805156126	-620.9777630328721	-55.09104351494688	-29.41078866689769	0.8731534661455225	0.8585947346015406	-0.1275866145259275	-2.136187984504486	0.4773694825518684	-0.2677524905767122	1.91650168506727	-1.300759286200912	-1.300759286200717	0.01832375708815151	-0.07758993408259479	0.03088088796924213	0.4743010046612621	3.005435288780633e-08	6.239620070825202e-07	-3.399596531222886e-07	1.091310123331438e-07	1.765505569176317e-07	-2.390116042415459e-07	1.466235152212446e-07
1.49	-0.5179379343222462	-0.1189697602557709	0.7434850603594673	1.381413544019777	-0.3121841802498537	-0.06393850935304306	-0.3578822761314494	0.6534046576384067	0.6534046576383997	-0.1738575617368463	0.1734353657717663	-0.05190097943111229	-0.06866911143706989	0.8951492624428062	0.34520904350875	0.5326422121490791	-2.537407797238144	0.05453316294854829	-0.5268892685385215	0.5370525773892858	-1.585072498902584	-1.585072498902595	0.003644403965233583	-0.01036281334617045	-0.008291847632019964	0.06816199667758174	-0.2886051971359663	0.01526147309742466	-0.01946867096615766	-0.1896822601427081	0.2019310380629581	0.03793410000441728	0.249475372459051	24.94315129745663	-22.98173878621171	5.705429889395486	-9.979475333478907	-615.9053554802481	-55.35008165138544	-30.28919314160776	0.8235711606255675	0.8433398499615921	-0.1917861069905776	-1.96528040909921	0.4526701454024321	-0.2513037677770872	1.862476804586192	-1.169912636175755	-1.169912636238891	-0.02083173344615001	-0.03588993955093273	0.03630233381500394	0.4497931869140703	5.69602932192894e-09	7.001039704647361e-07	-2.372302489730032e-07	1.357688790086547e-07	1.762832887755645e-07	-2.159541269161901e-07	1.39362283668942e-07
1.5	-0.5089468736859141	-0.1154758564229684	0.7488007904280449	1.355945060996586	-0.3116157116264091	-0.06921887260743878	-0.3524187206702484	0.6374975321488615	0.6374975321488009	-0.1738214986088901	0.1733292553929636	-0.05198181339730409	-0.06796449641280147	0.902940917179488	0.353541082640537	0.5303948710229252	-2.555953561111328	0.05916592887321621	-0.5291161467916484	0.5556087864798605	-1.59613857728543	-1.596138577285864	0.003567483099821333	-0.01085967985260327	-0.007856950113419013	0.07276663371560584	-0.2796875297402138	0.01493658025223928	-0.01933949917256692	-0.1884646137147936	0.1995951443691457	0.03728655924367469	0.2427913188418119	24.47499186609441	-22.73544490111025	5.79969677538806	-9.673994406687655	-610.9698625177249	-55.6548902947514	-31.15252481002564	0.7269139730276815	0.822064578609125	-0.2580214219909647	-1.733772271907909	0.4830654857855221	-0.1859152504219419	1.856827631412133	-1.04415045124098	-1.0441504512409	0.01853451723207077	-0.07734204507791116	0.05246784795510227	0.4803039909953553	-9.760839290387179e-09	7.620507645045273e-07	-1.818786124766951e-07	1.530161645348963e-07	1.808195700372788e-07	-1.988487918466725e-07	1.368763298731627e-07
1.51	-0.4998815426216267	-0.1118996092127178	0.7540908271296597	1.330301150107554	-0.3110008739165491	-0.0745195274640767	-0.3467712711388687	0.6214861890373877	0.6214861890373325	-0.1737863222700739	0.1732182628616479	-0.05205775729076193	-0.06721378067077448	0.90999784323991	0.3616703546236829	0.52750672215857	-2.572484657527397	0.0638003893582357	-0.5309386050568861	0.5738195254935533	-1.605911682196357	-1.605911682196527	0.003458332312465914	-0.01134557039397993	-0.007313229558418662	0.07737593527288451	-0.2706890979272555	0.01446606471472575	-0.01923076755224001	-0.1872090875679519	0.1972801547670718	0.03650619119349093	0.2359870076884917	24.01242084133677	-22.43654821118794	5.890267050468323	-9.36127895632977	-605.99395330671	-55.87128948430373	-31.9972954785581	0.6759748014821789	0.8026908331811384	-0.3200347243048481	-1.561170685181608	0.4533419595417413	-0.1688260913739507	1.793957890159064	-0.9111641293017556	-0.9111641292619754	-0.02690336303935154	-0.0351280133444079	0.05811264407316736	0.4510457393713667	-1.649428204821296e-08	8.100862925887419e-07	-1.729571882803064e-07	1.610606805348536e-07	1.900633297146992e-07	-1.875765561878764e-07	1.390701482787762e-07
1.52	-0.4907494637209736	-0.1082432028176335	0.7593488177215014	1.304502249782587	-0.310339750475904	-0.07983608989870485	-0.3409435620465979	0.6053836601531527	0.6053836601531144	-0.1737524901364287	0.1731022283339523	-0.05212770628170078	-0.06641701141291952	0.9162904844576769	0.3695729196072819	0.5239856490683373	-2.586951448292474	0.0684230750305086	-0.532297662394084	0.5916606986597217	-1.614375731838621	-1.614375731838526	0.003298642072334	-0.01186807912244475	-0.006657969611388696	0.081977336881263	-0.2616906661143596	0.01399554917726503	-0.01912203593221798	-0.1859535614210525	0.1949651651650314	0.03572582314336487	0.2291826965350775	23.53994240698858	-22.1376588661987	5.982828206964027	-9.011370349697941	-601.157543179822	-56.13423247242935	-32.82004874736852	0.5740570044958768	0.7767231787004607	-0.3846062671662511	-1.320911141709636	0.4807105232361445	-0.09323506481389346	1.782914461906875	-0.7823393975082195	-0.7823393975080906	0.008426626676517751	-0.0846656824954775	0.07477572636201014	0.478724001215424	-2.320598956252555e-08	8.543613261572894e-07	-1.646201363265151e-07	1.681034821186405e-07	1.989922364327333e-07	-1.748180799376632e-07	1.406084664825522e-07
1.53	-0.4815582737471107	-0.104508979540748	0.7645684802859043	1.2785689997416	-0.3096325090155728	-0.08516409078549693	-0.3349394516177292	0.5892030801199539	0.5892030801198934	-0.1737204850269059	0.1729809096684588	-0.05219054413635913	-0.06557431390578247	0.9218154086731408	0.3772253746606902	0.5198450603111198	-2.599344443043111	0.07302062589015369	-0.5332289637526773	0.6090878441411441	-1.621515154612662	-1.621515154612658	0.00309684175530608	-0.01240059815622497	-0.005890558030528083	0.08655850189554978	-0.2526838929089792	0.01338402508740935	-0.01903413474035347	-0.1846156107170444	0.1926057875680775	0.03484420144743009	0.2223118385859435	23.04961836622315	-21.79461063975172	6.071707793967052	-8.633839174570289	-596.3299811404366	-56.32264931202935	-33.61720622886743	0.5219037851412115	0.7525879610876001	-0.4440132670296099	-1.145363996939849	0.4484628136755859	-0.0818883958171715	1.711583144422171	-0.6460040696387405	-0.6460040696528239	-0.03514597161104685	-0.0381887980170102	0.08057831366402679	0.4471383983243032	-2.989460338060539e-08	8.946408343029407e-07	-1.569039798804834e-07	1.740819621352464e-07	2.075866118814192e-07	-1.604804730590693e-07	1.414503157218758e-07
1.54	-0.4723157958000812	-0.1006996154548444	0.7697436913453298	1.252522445682056	-0.3088794549573744	-0.09049916683072148	-0.3287632760234168	0.5729578537885622	0.5729578537884837	-0.1736906304427608	0.1728541370557509	-0.05224513698724595	-0.06468593961914483	0.9265480790913789	0.3846010814109031	0.5150953480728852	-2.609612252001739	0.07758559460363829	-0.5337126940886526	0.6260737317490892	-1.627304991478173	-1.627304991478263	0.00286853700956679	-0.01295886855792138	-0.005008968861017703	0.09111269278140889	-0.2436771197035945	0.01277250099767641	-0.018946233548929	-0.1832776600128957	0.1902464099712045	0.03396257975162937	0.2154409806367435	22.54896192144851	-21.45127425779905	6.162278633689398	-8.214221062901283	-591.6454142718377	-56.55776811871355	-34.38528067495594	0.4156062450501698	0.7213735180622154	-0.5064309633694588	-0.8958739833078738	0.4741940940039773	-0.003720860290213334	1.694662887211132	-0.512422215802555	-0.5124222158024914	0.003125740933983654	-0.08981595607864704	0.09761124409308974	0.4733291755300263	-3.69461923789916e-08	9.33773798849912e-07	-1.471124353696293e-07	1.793629059336086e-07	2.162414076540627e-07	-1.451823822554758e-07	1.416168177038643e-07
1.55	-0.4630299785826951	-0.09681794809299774	0.7748684140538056	1.226383865434497	-0.3080809615801435	-0.09583705413407613	-0.3224195906306784	0.5566615316165996	0.5566615316165222	-0.1736631508165467	0.1727218265057639	-0.05229033579682286	-0.06375220032313106	0.9304765154162232	0.3916783749983558	0.50975199998441	-2.617737299387121	0.08210380275722119	-0.5337979808205291	0.6425788447122694	-1.631725276240862	-1.631725276240885	0.002625176499658935	-0.01350063045613307	-0.004010352237481926	0.09562738912457558	-0.2346513597115411	0.01201133252896109	-0.01889629347261523	-0.1819530944252639	0.1880197758744884	0.03293875174261861	0.2085076073570896	22.08368520185797	-21.05635636951558	6.249176714906654	-7.817331299550495	-587.0190655026344	-56.70649474640155	-35.12072286470735	0.36064132521173	0.6928421531581573	-0.5628198140536597	-0.7158356351520927	0.4391011041537574	-0.0007566010781809017	1.615760186907166	-0.3717347390153523	-0.3717347390057619	-0.03821739105656487	-0.03586725495901028	0.1040503002008739	0.4392336757615524	-4.441599191120905e-08	9.715857457723174e-07	-1.349296828710453e-07	1.838401666979076e-07	2.249658181477876e-07	-1.287776469296002e-07	1.410052021937059e-07
1.56	-0.4537090412022353	-0.0928671208204641	0.7799367966649049	1.200175031609303	-0.3072375927357492	-0.1011737591090359	-0.3159133891710951	0.540328025970512	0.5403280259704315	-0.1736381348842921	0.1725841961470973	-0.05232493575437391	-0.06277357530127499	0.9335721117014441	0.3984330635482869	0.5038273285976251	-2.623662967532484	0.08656068803552174	-0.5334762284100563	0.6585769451169144	-1.634741686304071	-1.634741686304026	0.002375798225633664	-0.01402283028501127	-0.002889198465246388	0.1000898379498118	-0.2256255997194265	0.01125016406026337	-0.01884635339659157	-0.1806285288375295	0.1857931417778073	0.03191492373363208	0.2015742340774726	21.60778840015426	-20.66075660086543	6.337311131556485	-7.374346101260767	-582.537382713109	-56.90134311296156	-35.82014137602273	0.2490382371250028	0.6568525105588353	-0.6226956230311296	-0.4559981353039823	0.4619295189474132	0.07768696817971213	1.593260375503888	-0.2316472759064774	-0.2316472759064919	0.001922188110243273	-0.08590354221191297	0.1221186738342944	0.4628796719441043	-4.88581042100791e-08	1.002900774294572e-06	-1.319083694640028e-07	1.837528540744102e-07	2.372691847325985e-07	-1.128266854763497e-07	1.408472646786259e-07
1.57	-0.4443613576898202	-0.08885045479818676	0.7849430818606631	1.173917988602188	-0.306350037821389	-0.1065052267866258	-0.3092499300673743	0.5239713555559994	0.5239713555560561	-0.1736157593534141	0.1724414385173941	-0.05234777661388688	-0.06175067078950605	0.9358185485179786	0.4048362837496476	0.4973368193590703	-2.627362443868944	0.09093328397959667	-0.5327459021748561	0.6740139242213319	-1.636349285424501	-1.63634928542451	0.002090567186914643	-0.01452718173759679	-0.001661229183572435	0.104475407512672	-0.2165820888562818	0.01030655370005223	-0.0188339440051594	-0.1793024728438087	0.1836302677519026	0.03079875398102962	0.1945694393201714	21.14497352509047	-20.22943106503877	6.422134598816704	-6.916112551779936	-578.12160366188	-57.0434737199333	-36.48014862302509	0.1905441007182944	0.6225131297806716	-0.6761095114591192	-0.2694357435972347	0.4222249577674541	0.08157701343883431	1.503773965891403	-0.08887785284004199	-0.08887785284868588	-0.04487056817241754	-0.03237103730277833	0.1257944446669976	0.4239021868856045	-4.951560746726493e-08	1.026094654816638e-06	-1.403388549213873e-07	1.779598247161673e-07	2.540462464312667e-07	-9.744294136388045e-08	1.41256424657394e-07
1.58	-0.434995590269827	-0.08477166530292717	0.7898816857766003	1.147635448159607	-0.3054192968824561	-0.1118272168894592	-0.3024351297149946	0.5076058968257532	0.5076058968259065	-0.1735964610966079	0.172293703354979	-0.05235780610226979	-0.06068440926442194	0.937188893206476	0.4108577581447362	0.4902910726334676	-2.628762454636653	0.09519789294888735	-0.5315807134496856	0.6888451948450183	-1.636499349454057	-1.636499349454119	0.001760343415815248	-0.01501833681101446	-0.0003269243285482626	0.1087612406126772	-0.2075385779929921	0.009362943339706171	-0.0188215346140395	-0.1779764168500134	0.1814673937259649	0.02968258422829264	0.1875646445630651	20.67227496741203	-19.79719130864265	6.507744734304509	-6.414635492385222	-573.840259593487	-57.2300058138976	-37.09961140897337	0.07381981151711495	0.5805033493057105	-0.7337431204403361	0.003894978445835678	0.4403321239904666	0.1646594661739099	1.472118679357537	0.05985974226829315	0.05985974226830031	-0.00707635836607225	-0.08326426637833598	0.1433857885061445	0.4429323793734014	-4.579530032123047e-08	1.039912745419148e-06	-1.5984100715733e-07	1.661747113409446e-07	2.767871040215306e-07	-8.355818414045402e-08	1.42322790196073e-07
1.59	-0.4256205173799755	-0.08063465067390287	0.7947471345975832	1.121350404901854	-0.3044464786148242	-0.1171352669850827	-0.2954753171537717	0.4912461731875729	0.4912461731876333	-0.1735807635229848	0.1721409625434093	-0.05235399795408251	-0.05957582121420815	0.9376765208855715	0.4164733575654636	0.4827114699011772	-2.627846619142513	0.09934631245540268	-0.5299507952838026	0.7029917504632192	-1.635184321571268	-1.635184321571329	0.001376268618723032	-0.01553190968933329	0.001111888668576025	0.112939522082997	-0.19841785304277	0.008223525548769543	-0.01887455556756622	-0.1768669547724359	0.1796917905474794	0.0284065487491155	0.1804587463044308	20.31028202772846	-19.31840541025888	6.589931773486046	-5.980672701411535	-569.705207959888	-57.35219910803404	-37.67880751221669	0.01386207160610123	0.5413436001908528	-0.7830868996441309	0.1953724932218364	0.3990361574742353	0.1741001479258665	1.3670889614673	0.2064537102442546	0.2064537102432499	-0.05432860216830269	-0.0356011463260027	0.1476260080822107	0.4026116656627001	-3.613367905654019e-08	1.041006549702261e-06	-1.94368992878458e-07	1.462574839426783e-07	3.076216846075312e-07	-7.170776626644265e-08	1.442810775660594e-07
1.6	-0.4162450426481554	-0.07644362897832754	0.7995341837812427	1.095086508930786	-0.3034327882934215	-0.122424629467879	-0.2883778060446565	0.4749074257080473	0.4749074257079353	-0.1735689578097262	0.1719830465333793	-0.05233510228365806	-0.05842598322232963	0.9372692615845869	0.4216591714549364	0.4746111451688504	-2.624532997315474	0.1033723037016302	-0.5278431908726753	0.7163849044180984	-1.632304117730051	-1.632304117730113	0.0009819713501225276	-0.01605337647833627	0.002690579776374208	0.1170112289453653	-0.1892971280923354	0.007084107757650537	-0.01892757652161425	-0.1757574926947436	0.1779161873689475	0.02713051326975702	0.173352848046081	19.9410963218278	-18.83856162736675	6.672180318329029	-5.517298253314443	-565.6700428488889	-57.51534749720532	-38.21686468927206	-0.1051575844980162	0.4945462430542144	-0.8378875204477084	0.4834522450262362	0.4158464719327387	0.2601967152225478	1.321438346693269	0.3728949339528264	0.3728949339528251	-0.009120852668052383	-0.08484304851531856	0.17136141063966	0.4216174577827334	-2.707047835732895e-08	1.040030747611337e-06	-2.242541075991386e-07	1.266590778800862e-07	3.392136226202713e-07	-5.94299705496564e-08	1.453951589858137e-07
1.61	-0.4068781804432662	-0.07220302341153856	0.8042376987626901	1.068867832177452	-0.3023794717294998	-0.1276905335757178	-0.2811505108735408	0.458605231657388	0.4586052316573558	-0.1735611523945164	0.1718198087009833	-0.0522998440718407	-0.05723600366682852	0.9359449147299018	0.4263774728459899	0.4660095417851794	-2.618774941711459	0.1072679702790365	-0.525262319491008	0.7289136847701868	-1.627856589161212	-1.627856589161203	0.0005839502315663589	-0.01659014030578248	0.004381169690408112	0.1209638706998822	-0.1800182351219735	0.005721220109261382	-0.01905716481759259	-0.1749420250229764	0.1764921604757412	0.02572189988941933	0.1660647051234699	19.66811214169961	-18.31960998754604	6.750051888001591	-5.051059557936854	-561.7987030205289	-57.64040813166154	-38.71324962069992	-0.1698126508691888	0.4478208786998173	-0.883564732014982	0.6861013932308174	0.3728305947553527	0.2684951092743962	1.19453112328551	0.5223682661640905	0.5223682661737089	-0.05424392273494066	-0.03736300501273449	0.1709209696663574	0.3788350643773823	-1.88899479921993e-08	1.036002276118708e-06	-2.472909875941594e-07	1.075309332876138e-07	3.719226628374521e-07	-4.652179251477718e-08	1.452640366289757e-07
1.62	-0.397529309589831	-0.06791776507252846	0.8088527441133666	1.04271955981526	-0.3012879177309742	-0.1329283364178525	-0.2738027412501146	0.4423558501820166	0.4423558501819933	-0.1735571474267948	0.1716513492391644	-0.05224707732318715	-0.05600714818776289	0.9336709912784837	0.4305897258991601	0.456917219014719	-2.610452119101852	0.1110197906208836	-0.5222229377238818	0.7404797948750711	-1.621741602679745	-1.621741602679665	0.0002218818615938727	-0.01709770233935663	0.006192287119718059	0.1247864136580481	-0.1707393421513941	0.004358332460751335	-0.01918675311411359	-0.1741265573510488	0.1750681335825289	0.02431328650896761	0.1587765622011133	19.39035978172662	-17.79930233588189	6.82711204179474	-4.567314299736708	-557.9957303788076	-57.80202637720721	-39.16791691886299	-0.2950729038441006	0.3933365754779489	-0.9360313978055067	0.9964056461449107	0.3870772248207704	0.351898792314345	1.128904297252587	0.7063865164781257	0.7063865164781344	-0.001930302951523398	-0.0790026897410103	0.1954669136952338	0.3955976985125533	-1.009736710155385e-08	1.025736686155042e-06	-2.701446551564139e-07	8.759950815669822e-08	4.051246940731481e-07	-3.395068140381192e-08	1.445723933236592e-07
1.63	-0.3882080147579021	-0.06359306457427173	0.8133744912328853	1.016667458228997	-0.3001596052325853	-0.1381333599647147	-0.2663444988755724	0.4261758087132803	0.42617580871324	-0.1735566680758141	0.1714777924262215	-0.05217579431477601	-0.05474079392324887	0.9304183849691852	0.4342508627170537	0.4473553413487021	-2.599510024290112	0.1146120939292289	-0.5187038995239962	0.7509736300228336	-1.613976168680587	-1.613976168680569	-0.0001234968841019384	-0.01760794153997415	0.008074383714329156	0.1284544393320877	-0.1613736634854879	0.002799228748184556	-0.01938629177176279	-0.1735798601618788	0.1738553552745946	0.02282236046203465	0.1513584769699801	19.15658858792633	-17.25024728893059	6.898789692406341	-4.005020020128275	-554.4643228943997	-57.94531669589098	-39.5811710199974	-0.3657946814713993	0.3375861551344074	-0.9777033318675784	1.211844610874363	0.3405820800078489	0.3637502213288532	0.9803656213547816	0.8551718053377741	0.8551718053280127	-0.05030401560330543	-0.03604926764699164	0.1860890426673764	0.3477857472559692	-3.222840515280705e-10	1.005458879698392e-06	-2.927042185502796e-07	6.637860637196671e-08	4.391181056280387e-07	-2.192065140755089e-08	1.42980966390522e-07
1.64	-0.3789243340264317	-0.05923473592380053	0.817798332099571	0.9907385242333226	-0.2989963146618715	-0.143300824352075	-0.2587871696499788	0.4100821315772878	0.4100821315772104	-0.1735595349833818	0.1712993302747486	-0.05208538873832202	-0.05343868325291307	0.9261481711798851	0.4373153563420582	0.4373359684481988	-2.585818600991013	0.1180154050842047	-0.5147111058239592	0.7602971650833007	-1.604468736133285	-1.604468736133328	-0.0004473698387471698	-0.018078770037586	0.01001680072189625	0.1319376948223923	-0.1520079848194262	0.001240125035678292	-0.01958583042964328	-0.1730331629725828	0.172642576966716	0.02133143441517221	0.1439403917389639	18.9206182229721	-16.69958838258514	6.968819558345589	-3.438279101196513	-550.9680981547277	-58.11961241718252	-39.95377418397349	-0.498594399844297	0.2740079369003125	-1.027530444702733	1.546271343616775	0.3492787941467824	0.4466498923447184	0.89484427979335	1.054786226106717	1.054786226106751	0.002370855258497841	-0.07112054913996406	0.2075309962866254	0.3586436617655904	9.687174184541412e-09	9.789134782728173e-07	-3.139565622434699e-07	4.517469512039547e-08	4.718251525077699e-07	-1.071961365981485e-08	1.407996201598137e-07
1.65	-0.36968852508784	-0.05484887128190351	0.822119791998301	0.9649603089596387	-0.2977999890705186	-0.1484258115637109	-0.2511427538588331	0.3940920408788873	0.3940920408788924	-0.1735656672883661	0.1711161007701668	-0.05197544654655619	-0.05210275181625573	0.9208340832531093	0.439745734474867	0.4268869415699431	-2.569343517683911	0.1212079604756317	-0.5102011596800057	0.7683636465303253	-1.59325150634517	-1.59325150634521	-0.0007875292032760615	-0.01856390412957742	0.01197209807067467	0.1352060048829144	-0.1426412746163754	-0.000463067076125179	-0.01986313440525942	-0.1728444620946199	0.1717652975809037	0.01973467145567316	0.1364868966060859	18.75636001921898	-16.11453101106604	7.032234717782128	-2.818731589070756	-547.9301122400615	-58.26373218032413	-40.28681772376861	-0.5747492035029428	0.2107791366694203	-1.063844813140972	1.770274330437093	0.2978607421547028	0.4660994439088604	0.7291980845291827	1.199848839817814	1.19984883981821	-0.05333272116110564	-0.03659716087894754	0.1895964740691906	0.3044333225337085	2.010678899618702e-08	9.413997856516211e-07	-3.329212714604773e-07	2.400051730185554e-08	5.022810612059708e-07	-9.693123469981381e-10	1.375859151583562e-07
1.66	-0.360511243671424	-0.05044205758163992	0.826334710427495	0.9393612740202454	-0.2965730145591395	-0.1535031128201588	-0.2434243436517523	0.3782230539753276	0.3782230539753784	-0.1735754258648971	0.1709281424602949	-0.0518459379073061	-0.05073543555012668	0.9144426667500152	0.4415051680153726	0.4160276745410978	-2.54998253412966	0.124145189087544	-0.5051739147965048	0.7750960482722737	-1.580247977170909	-1.580247977170948	-0.001172624121822709	-0.01902453108757992	0.01393009021529064	0.1382146607169926	-0.1332745644132078	-0.002166259187622026	-0.02014043838134795	-0.1726557612164562	0.1708880181952404	0.01813790849650019	0.1290334014731689	18.59247247355564	-15.52757436513089	7.093103624924767	-2.208086889361769	-544.8937871936211	-58.43241011025069	-40.58179526356302	-0.714060115108582	0.1398190184396421	-1.109578474820693	2.123451393046824	0.2982134382438688	0.5501096402543685	0.6280283387775332	1.412046103335716	1.412046103335738	-0.006616255545041208	-0.06621912234222584	0.2080699554540884	0.3067128164768178	3.029927803154653e-08	8.949521624720062e-07	-3.489557818673168e-07	3.833782165595347e-09	5.278973719274918e-07	7.483540872702319e-09	1.334337612729167e-07
1.67	-0.3514032896910568	-0.04602108902465903	0.8304391153231937	0.9139702429435935	-0.2953179105686697	-0.1585274204670157	-0.2356453418639462	0.3624928410597004	0.3624928410597492	-0.1735891984401211	0.1707354500384265	-0.05169694653287638	-0.04933932019787425	0.9069670293824709	0.4425690519384699	0.4047960124932317	-2.5277376954665	0.1268281727712812	-0.4996059727215721	0.780475346021374	-1.565494475213252	-1.565494475213162	-0.001589129843918448	-0.01950653148790673	0.01586408270172168	0.140959587570071	-0.1242306666817232	-0.003893774309526736	-0.02046145518950182	-0.1726162832978812	0.1700683124399198	0.01654126237345363	0.1218268758737187	18.39921611941584	-14.9316299522925	7.148089076744595	-1.498631281293699	-542.5680539784955	-58.59995373461791	-40.84048674700384	-0.7914843162623914	0.07174401227601906	-1.138442818444777	2.347905413333185	0.2461242561417932	0.5725244993117903	0.4585360025720333	1.551997160869883	1.551997160889613	-0.06013719188327486	-0.03795405323441205	0.1854476127560341	0.2509783607665613	4.005755602400611e-08	8.31424966166001e-07	-3.593884416076585e-07	-1.440695960748292e-08	5.442615100465359e-07	1.345597862026867e-08	1.27487513932806e-07
1.68	-0.3423755258381611	-0.04159306744184124	0.8344295070486747	0.888816241315608	-0.2940374200568093	-0.1634935710914428	-0.2278194159967487	0.3469191621474243	0.3469191621474926	-0.1736073299649138	0.1705381849017106	-0.05152873849006929	-0.04791723642888423	0.8984046412676426	0.4429157731827503	0.3932250404975927	-2.502576644388057	0.1292224933630848	-0.4935425103186747	0.7844808641543475	-1.548941176500056	-1.548941176499837	-0.002044414019587443	-0.01993907406250332	0.01777342388888733	0.1434083440649082	-0.1151867689501987	-0.005621289431153007	-0.02078247199767659	-0.1725768053792368	0.1692486066847098	0.01494461625069624	0.1146203502741785	18.20850323507879	-14.3336307086974	7.199891254052048	-0.810672804965756	-540.216640728603	-58.78505893000737	-41.06499609639707	-0.9314102645664595	-0.003613517323836332	-1.177440464375295	2.706693876103443	0.2404808198572373	0.6492137058475049	0.3532724155512247	1.772005454443806	1.772005454443717	-0.01437194625961377	-0.05632755719622885	0.2031396956009232	0.2474787448285817	4.5982857837193e-08	7.695137027983643e-07	-3.587652228740904e-07	-2.796240144665508e-08	5.509992940509125e-07	1.897134272420036e-08	1.201812955025393e-07
1.69	-0.3334388230486394	-0.03716518033762141	0.8383026413508066	0.8639283681274335	-0.2927342910856622	-0.168396530328152	-0.2199600901809187	0.3315199299073629	0.3315199299073885	-0.1736299066416847	0.1703366516524263	-0.05134151034008485	-0.04647200161127884	0.8887596377606091	0.4425418221665264	0.381359979303132	-2.474525577445153	0.1313565008767928	-0.4869691638428484	0.7871715604653944	-1.530610451361449	-1.530610451361335	-0.002467699997243192	-0.02036097544560544	0.019671574266919	0.1455914091608408	-0.1066840926846058	-0.007260752087326982	-0.0211277839413773	-0.17259413340787	0.1684465515577303	0.01337306913806691	0.1078728950305582	17.96647179336686	-13.73310721556429	7.246220210792226	-0.06136215547173737	-538.7687836564696	-58.96586657848489	-41.25674690753134	-1.007492282951743	-0.07226658168198501	-1.197209394805909	2.925181100527076	0.1927520837925319	0.6735400155494156	0.1950574565455654	1.907808476766343	1.907808476751208	-0.05572608358918277	-0.03402575997709787	0.1830569470883053	0.1965708225501576	4.38828657750278e-08	7.109857990204365e-07	-3.349937585857736e-07	-3.170799654921139e-08	5.375818991277035e-07	2.352970888677198e-08	1.100276376022586e-07
1.7	-0.3246038596720911	-0.03274462888114603	0.842055890951425	0.8393351792080683	-0.2914112437660311	-0.1732313271206573	-0.2120802395584661	0.3163128454052959	0.3163128454053443	-0.1736566000102768	0.1701311185231651	-0.0511353198386784	-0.04500636605660115	0.8780567586865354	0.4414486436338595	0.369248100194968	-2.443639790616513	0.1332061630570572	-0.4799100214830622	0.7885858254830609	-1.510511628894985	-1.510511628894975	-0.002867752377652	-0.02073905007311581	0.02156589417230642	0.1474884914797829	-0.09818141641902198	-0.008900214743294369	-0.02147309588473954	-0.1726114614365367	0.1676444964308179	0.01180152202564668	0.1011254397868409	17.72724625724465	-13.13022957657511	7.288923761937504	0.6638331318906648	-537.2918171848552	-59.15785439532806	-41.41662670394745	-1.142985377975691	-0.1474590206124366	-1.226804047115986	3.273637853250878	0.183611753168601	0.7463728826396223	0.09798615687418769	2.125624920015171	2.1256249200153	-0.009725226810121926	-0.04756220607793969	0.2023736010721245	0.1902821894305431	4.122504952226894e-08	6.542673059101581e-07	-3.097415046430139e-07	-3.453274255788953e-08	5.22828345225946e-07	2.725187092533532e-08	9.994054468493303e-08
1.71	-0.315881212011055	-0.02833861830615464	0.8456869211599835	0.8150650065221504	-0.2900710021767031	-0.1779930009184871	-0.2041924687189081	0.3013155704351101	0.3013155704350987	-0.1736868983870306	0.1699218575793034	-0.05091014541604642	-0.04352306181367799	0.8663008338763517	0.4396334142649237	0.3569300896755245	-2.409931770814955	0.1347943859193928	-0.4723414243396294	0.7887673722117884	-1.48865065209044	-1.488650652090605	-0.00318171344900299	-0.02110918925982814	0.0234713268482833	0.149125095920199	-0.09013681276909979	-0.01046656242610966	-0.02184100383786156	-0.1726920236561846	0.1668495522415762	0.01027304255220454	0.09476604300993029	17.43825146533494	-12.53241604498198	7.326808004062975	1.45512559306568	-536.6433000761286	-59.36274779347996	-41.54570139661599	-1.217693201672511	-0.2165706087263934	-1.23837888714371	3.488834103506449	0.13918398322923	0.7746969634909295	-0.05190660219627828	2.260224442516448	2.26022444249064	-0.04061781843939305	-0.03106007379331626	0.1849775096670752	0.143202274722293	3.72842376311446e-08	6.017104573354737e-07	-2.810834344950354e-07	-3.523953565064777e-08	5.050016256735267e-07	2.905076347867953e-08	9.000655122840415e-08
1.72	-0.3072812830320141	-0.02395436316759141	0.8491939553967878	0.7911458040461757	-0.2887163270726454	-0.1826764699782054	-0.1963089115186978	0.2865456833093105	0.2865456833093064	-0.1737200136287483	0.1697090311838757	-0.05066584678489067	-0.04202482098567743	0.8535130223010177	0.4370975563482262	0.3444489058441932	-2.373445748617448	0.1360928660002214	-0.4642690738643714	0.7877430976178487	-1.465034060012229	-1.46503406001257	-0.00343112536596675	-0.02145214039956673	0.02539073587651926	0.1504758084956423	-0.08209220911921908	-0.01203291010876801	-0.02220891179066084	-0.1727725858758603	0.1660546080523923	0.008744563078922076	0.0884066462328979	17.15202507613754	-11.93201389284599	7.36076909474488	2.222443008430473	-535.9651011562459	-59.57278504805252	-41.64507014190986	-1.349362731006783	-0.2915847301645638	-1.259438709493539	3.829238332440729	0.1256631968672829	0.8471235490048077	-0.1431781076600577	2.476747974748409	2.476747974748396	0.003184604067431786	-0.04212459668326409	0.2051688715242097	0.1331038164360956	3.421844187767166e-08	5.504428700046509e-07	-2.543892959765521e-07	-3.674173235837302e-08	4.90376245915755e-07	2.991301705967498e-08	8.060644471599639e-08
1.73	-0.2988144340528699	-0.01959912497019799	0.8525754636384812	0.7676054575881121	-0.2873500714027433	-0.1872765848025887	-0.1884417267251943	0.2720207412687779	0.2720207412687488	-0.1737551556402031	0.1694927766159498	-0.05040231653739202	-0.04051446649514655	0.8396798375795358	0.433824942752796	0.3318346372025725	-2.334147877881905	0.137103954541609	-0.4556667378146936	0.7854834523766706	-1.43965477184225	-1.439654771842195	-0.003589071653048095	-0.02179361497771107	0.02731406387981946	0.1515409247751512	-0.07419658373678746	-0.01363282172498132	-0.02262821081783848	-0.1731232740198416	0.1654569671268348	0.007230584701500963	0.08216598264180978	16.88563253113169	-11.33620993461878	7.389555100815321	3.054585258872036	-535.9330465032554	-59.81654205974374	-41.71584643986943	-1.426843782029161	-0.3638793009535987	-1.265040921182492	4.051413830563876	0.08061635895373653	0.8799404262980123	-0.2989190390321105	2.613442350581258	2.613442350641129	-0.02398528911267524	-0.02931267678146942	0.1857265109615199	0.08504269134607235	3.337143704467189e-08	5.024444808279059e-07	-2.326751269471463e-07	-4.026084537547887e-08	4.838685492086968e-07	2.840022181792894e-08	7.256012295475288e-08
1.74	-0.2904912264088679	-0.01528036883410368	0.8558303051978203	0.7444723603146431	-0.2859753479121769	-0.1917880459078012	-0.1806034506454583	0.2577585767324262	0.2577585767324162	-0.1737916173233207	0.1692732765445901	-0.05011959066061487	-0.03899509541029461	0.8247847552858163	0.4298011440884057	0.3191155693733366	-2.2919959116882	0.1377864301301572	-0.4465383300310735	0.7819613548681511	-1.412478559173945	-1.412478559173495	-0.003695059700764402	-0.02210124109191735	0.02922986173225542	0.1522791273601832	-0.0663009583544367	-0.01523273334115872	-0.02304750984484772	-0.1734739621638773	0.1648593262012801	0.005716606324113326	0.07592531905062323	16.62246905256633	-10.73757978867005	7.414016582390256	3.862602845621605	-535.862634283265	-60.05920778657156	-41.75919021091106	-1.561742245455183	-0.4418217439562012	-1.280398547016548	4.400057424072964	0.05994060629951616	0.952337895793377	-0.3956685611289198	2.836132874413447	2.836132874413307	0.01357625194054224	-0.03535490389574664	0.2036628413518595	0.06772107754088241	3.341278059018728e-08	4.560554881655512e-07	-2.127912630166779e-07	-4.469099599918795e-08	4.820958375938518e-07	2.592907223070574e-08	6.503243056101779e-08
1.75	-0.2823223539786899	-0.01100576613544033	0.858957496130257	0.7217753364350916	-0.2845954585615051	-0.1962055244852361	-0.1728073204966606	0.2437771748184714	0.2437771748184507	-0.1738288378573389	0.1690507951903224	-0.04981795009833314	-0.03747003674470818	0.8087972907405123	0.4249777070408216	0.3063089021682141	-2.246886044813147	0.1381264428182332	-0.4368701592922504	0.7770003033689165	-1.3834808844127	-1.383480884412703	-0.003747641760506374	-0.02238041276391169	0.0310809545584758	0.1526646862822381	-0.05813455803829794	-0.01699475622129977	-0.02355756352228093	-0.1743633270693704	0.1646194967981423	0.004179685659642804	0.06941617073340539	16.43862237448665	-10.13721818114169	7.431742114140187	4.799497479964149	-536.2183381031028	-60.3557858897186	-41.7763057162223	-1.646122365039851	-0.5238693687254207	-1.282757579748459	4.644876618239272	0.011221816673888	0.9872059451812011	-0.5859791736363047	2.979714785249044	2.979714785181524	-0.01440873110874645	-0.02194427555586179	0.1732379308373381	0.01374685163856088	3.594833304461074e-08	4.141851857166775e-07	-1.980463326332266e-07	-5.167905990297547e-08	4.936175071994521e-07	2.076715851964268e-08	5.896088985297952e-08
1.76	-0.2743191309552234	-0.006783650743966724	0.8619562290361449	0.6995450962840439	-0.2832141310406165	-0.2005236914988315	-0.1650687320087353	0.2300953756537731	0.2300953756537763	-0.1738665308711554	0.1688259729240173	-0.04949831752227475	-0.03594316777948244	0.7916548739565124	0.419303682650458	0.2934239640636112	-2.198639165977312	0.1380740641708015	-0.4266760172632582	0.7704530226971416	-1.352558009320713	-1.35255800932117	-0.003789555667316244	-0.02256942350409132	0.03282826448789559	0.1526411872883292	-0.04996815772225439	-0.01875677910146516	-0.02406761719954814	-0.1752526919749396	0.1643796673949805	0.002642764995142328	0.06290702241610555	16.25896438076039	-9.533835289562704	7.44469727618203	5.711772504858781	-536.5185753670485	-60.64465327621555	-41.76847183067775	-1.792732693195157	-0.6119392125115608	-1.296052726912564	5.027459816229372	-0.01853766080195177	1.057532153827306	-0.7129143956374852	3.221172940561514	3.221172940561445	0.01570988252706882	-0.01732271753292147	0.1829062619924356	-0.01409050565165358	3.887819929796348e-08	3.703763088675057e-07	-1.841403079814163e-07	-5.8582231498996e-08	5.040785917526818e-07	1.489448983989483e-08	5.300822277638291e-08
1.77	-0.2664931558149182	-0.002622681492675541	0.8648257944801013	0.6778132600602704	-0.281835291271977	-0.2047370837196272	-0.157404196215353	0.21673242041485	0.2167324204148142	-0.1739045427814632	0.1685994982707412	-0.04916192994258441	-0.03441862724373463	0.7733332944572121	0.4127325666045496	0.2804805892251733	-2.147160139746944	0.1376197203654708	-0.4159053320561798	0.7621337304788861	-1.319693359785716	-1.319693359785722	-0.003817101512002573	-0.02271212815619233	0.03441626988968827	0.1521865331858214	-0.0415343579063302	-0.02065229436616741	-0.02467225627986114	-0.1767408635196418	0.1645828973195641	0.001074620935227419	0.05614095215842638	16.18043326617059	-8.928478776174922	7.450347348606205	6.738297833094942	-537.3275079096774	-60.98882805410436	-41.73704560217549	-1.882907120075545	-0.7033520257781578	-1.294656830704785	5.293317830285838	-0.07005670317871025	1.101453455871347	-0.9394974611056289	3.370054144580031	3.370054144648195	-0.01258752260638261	-0.01068667926087338	0.1418010486335068	-0.07323649076585964	4.304029617297023e-08	3.205093870174025e-07	-1.728558637409841e-07	-6.522011463324465e-08	5.112253480172529e-07	6.800711883007017e-09	4.742703579804147e-08
1.78	-0.2588566037780218	0.001467845753125988	0.867565690781995	0.6566132528595279	-0.2804632297339387	-0.2088398457380017	-0.1498324655094056	0.203708300308167	0.2037083003081775	-0.1739429502911376	0.16837200810297	-0.04881065163500474	-0.03290104997465613	0.7537702532869468	0.4052152815525276	0.2674901356510495	-2.092273361362711	0.1367184180489214	-0.4045499767801812	0.7518920052132763	-1.284790982866277	-1.28479098286583	-0.003868675542263863	-0.02277252641678314	0.03580641006590989	0.1512485339546997	-0.03310055809039936	-0.02254780963083089	-0.02527689535977932	-0.1782290350643853	0.1647861272441656	-0.0004935231246504397	0.04937488190071124	16.10732368520281	-8.319993646595155	7.450840757888066	7.740247081566773	-538.0588708455207	-61.31840104026072	-41.68347220357523	-2.041025027388923	-0.8011730137336167	-1.305468474049694	5.709010247002355	-0.107929363045597	1.174466167611456	-1.097401005108849	3.628718417449844	3.628718417449895	0.01090424541220073	-0.0008614392310000007	0.1433332168790643	-0.110759531374167	4.745442311354951e-08	2.692029735579556e-07	-1.624668425596964e-07	-7.143247403903038e-08	5.160141503713021e-07	-1.656516059062716e-09	4.203818294778303e-08
1.79	-0.2514218815668483	0.005478365800300529	0.8701755396287045	0.6359792362225007	-0.2791024316714609	-0.2128259366382508	-0.1423732354949487	0.191043306869373	0.1910433068693463	-0.1739819828873748	0.1681441085147214	-0.04844663409139782	-0.03139532666165502	0.7329582139859002	0.3967204151556834	0.2544784185441561	-2.033936590511184	0.1353576849362696	-0.3925672288963969	0.7395960431880167	-1.24786179981665	-1.247861799816608	-0.003950986111195596	-0.02279313144654485	0.0369490302190669	0.1498031810693894	-0.0246101928391846	-0.02449551314322911	-0.02594887954347815	-0.1801656162029261	0.1652918402385811	-0.002032965566441822	0.04254294808251843	16.08481667200549	-7.725829864144831	7.445617181330003	8.854771395508738	-539.4388957356601	-61.71670328978936	-41.60930136102005	-2.133695670430562	-0.8989063443834695	-1.29910364364312	5.985021243348527	-0.1627050526935118	1.225366068135225	-1.34938697609475	3.776897298289472	3.776897298228872	-0.01974772951179359	-0.0004802822837789312	0.09251759379541229	-0.175375041314888	5.27506552836326e-08	2.128583394658063e-07	-1.55211802085414e-07	-7.615550039519602e-08	5.125501140385248e-07	-1.138581894926909e-08	3.7322499545815e-08
1.8	-0.2442017602065278	0.0093988846051606	0.8726552552414188	0.615946389441787	-0.277757752893569	-0.2166891626657851	-0.1350477037357254	0.1787579810709564	0.1787579810709667	-0.1740222283935722	0.1679164388267555	-0.04807263211040825	-0.02990684725234877	0.7108500831262773	0.3872150330896338	0.2414634888520134	-1.972039390094797	0.1334945611308787	-0.3799770022376899	0.7251523541684404	-1.208857454784218	-1.208857454784586	-0.004111257538754791	-0.02272654637370827	0.03780329754268267	0.1477997532158669	-0.01611982758789586	-0.02644321665564067	-0.02662086372676736	-0.1821021973415096	0.165797553232994	-0.003572408008250385	0.03571101426438098	16.06947947980399	-7.128726505852892	7.435133355472667	9.945211897138048	-540.7109585425225	-62.09372874065123	-41.51619238310845	-2.300243339105091	-1.003276147573925	-1.306110991099455	6.421096159974378	-0.2084075015933184	1.295961922596103	-1.52694640397281	4.043750814010676	4.043750814009733	-0.00468792631314212	0.01657658128852276	0.08566265097176259	-0.2223745250163031	5.8212858466151e-08	1.547124453767004e-07	-1.48923059665071e-07	-8.023727323899158e-08	5.045857269890074e-07	-2.083308075550046e-08	3.276895283881876e-08
1.81	-0.2372090246021825	0.0132194576573182	0.8750049719657688	0.5965498462983474	-0.2764340990031489	-0.2204233013441241	-0.1278767932925976	0.1668728817604383	0.1668728817603794	-0.1740642213895599	0.1676896564950281	-0.04769135093856536	-0.02844104307761243	0.6874922020913171	0.3767482607060567	0.2284945399265566	-1.906721842641868	0.1311601147625603	-0.3667591921774048	0.7087354787817892	-1.167839780842796	-1.167839780842919	-0.004284728973669531	-0.02261286631462168	0.03841823752816281	0.1452783590057499	-0.008434648814969619	-0.02811481358202811	-0.02725876789716559	-0.183862080751432	0.1662128671867374	-0.004964090731633345	0.02961285542070811	15.96815324425749	-6.574512073193154	7.424374349641702	11.00338167645087	-543.0266225384154	-62.51563655157219	-41.40610959314941	-2.384288394536868	-1.091091887407808	-1.289992699921414	6.669200333191117	-0.2573906884880622	1.348451709819406	-1.74319645886045	4.179164525952876	4.179164525990354	-0.02328524360189587	0.01135280473217232	0.04420718626903074	-0.2794201621269816	6.433064714778894e-08	8.945157429961595e-08	-1.46451194557789e-07	-8.178609470892538e-08	4.788449546083664e-07	-2.916628028003058e-08	2.885584607696111e-08
1.82	-0.2304560133899874	0.01693082016490714	0.8772254580295343	0.5778229018884627	-0.2751360750732149	-0.2240225096894465	-0.1208788792739087	0.1554076369575802	0.1554076369576025	-0.1741078707980622	0.1674645287813588	-0.0473049608640842	-0.02700293250360102	0.6629052047027238	0.3653729241759012	0.2156173567351695	-1.838119643379316	0.1283685690328238	-0.3529909356341575	0.6905530692812699	-1.124886553231589	-1.124886553231464	-0.004442540069460817	-0.02239562279500715	0.0388250780709628	0.1422610330709238	-0.0007494700422138478	-0.02978641050864191	-0.02789667206660959	-0.185621964161747	0.1666281811403046	-0.006355773455281473	0.02351469657707455	15.87724148725783	-6.018205331389257	7.40880901642459	12.03585350424575	-545.1821267504317	-62.91041570535185	-41.28161337355534	-2.546066609832647	-1.184988976888763	-1.287757844285413	7.078026521898665	-0.2998273738768735	1.406051219188601	-1.880053226747038	4.430861547967417	4.430861547967317	-0.001555858488288552	0.03728927339393232	0.04404276243676374	-0.3215608699577846	7.029284115247409e-08	2.779974772383696e-08	-1.438994188772093e-07	-8.346093835075813e-08	4.569726464013669e-07	-3.751504470607146e-08	2.515863573349379e-08
1.83	-0.223954779321097	0.0205239646595876	0.8793177463916942	0.5597980699507104	-0.2738681012162142	-0.2274811467575844	-0.114071615419184	0.1443815362650926	0.1443815362650867	-0.1741526959736781	0.1672419264063911	-0.04691542298066349	-0.02559730583451901	0.6371419394839354	0.3531118508626174	0.2028635342588003	-1.76630542911804	0.12516269719925	-0.3386490136712335	0.6706254818851629	-1.080003571016266	-1.080003571016215	-0.004489510034853661	-0.02210108658652031	0.03906197431686893	0.1387969758875273	0.006499342372503979	-0.0313078226663372	-0.02852569185633496	-0.187412479292324	0.1670905923804355	-0.007641042655054375	0.01779267549828152	15.76064964561899	-5.497509045743203	7.391943504256015	13.06832196132621	-548.0516676688164	-63.3560771705869	-41.14483139949782	-2.621407260960923	-1.268302606857346	-1.265621911658876	7.314325092724592	-0.340491679847281	1.461405288646571	-2.090244464391883	4.566514666006618	4.566514665995234	-0.001335354064591895	0.02912468244405246	0.01043759741898521	-0.3689032807651381	7.555485911087178e-08	-1.761137859606864e-08	-1.409880456167902e-07	-8.570288176613603e-08	4.52508426975753e-07	-4.593385118891074e-08	2.243295927278285e-08
1.84	-0.2177171680610333	0.0239901712014715	0.8812832110366238	0.5425076213984299	-0.2726340909958999	-0.2307937360853254	-0.1074718540320954	0.1338141650162643	0.1338141650162776	-0.1741970044065514	0.1670229871711323	-0.04652413122643537	-0.02422833476491798	0.6101806429429152	0.3399853336165888	0.190252613289126	-1.691242966277422	0.1215758416957192	-0.3237813875562285	0.6490525757551885	-1.033140664493267	-1.033140664493302	-0.004339191540265348	-0.02166299486331106	0.03917585223283988	0.1349299131747402	0.01374815478697988	-0.03282923482418366	-0.02915471164577733	-0.1892029944231112	0.1675530036204662	-0.008926311854997624	0.01207065441938309	15.65854256178312	-4.975592501557958	7.370592732788584	14.07346296613436	-550.6954734536691	-63.767924439553	-40.99790967840506	-2.785672874279552	-1.358077763436749	-1.259177542946343	7.727676237766897	-0.3760241078681836	1.511192049604885	-2.209116973520814	4.826846409502283	4.826846409500162	0.03790183350809573	0.0660003763382343	0.01943909645092116	-0.4021619758355437	8.109068009369272e-08	-6.05258332731054e-08	-1.396277682603264e-07	-8.816606107344614e-08	4.514075266407535e-07	-5.429437700033905e-08	2.014765365127595e-08
1.85	-0.2117549496633537	0.02732071353325353	0.8831233287737162	0.525983797498457	-0.2714379717819597	-0.2339547317753528	-0.1010968296834057	0.1237250774011417	0.1237250774011274	-0.1742390783352872	0.1668088290882715	-0.0461325644733674	-0.02290022349390446	0.5820517005694777	0.3259694715962295	0.1777932566280235	-1.612945602957448	0.117572021086659	-0.3083150652356418	0.6256328728955735	-0.9843325509635771	-0.9843325509636048	-0.004061264259798885	-0.02115091025239994	0.03910355352416763	0.1306095870615225	0.02116013569013973	-0.03446629863711329	-0.02984076192310636	-0.1915163347107309	0.1684405699553146	-0.01018129687177391	0.006169059443198433	15.66394844023609	-4.477876128848594	7.344216887982884	15.14300469666503	-553.7183962629289	-64.25585626694442	-40.8430459059153	-2.858203957601921	-1.446408565154846	-1.235869994963369	7.967209304127753	-0.4239486107176836	1.579777191800722	-2.456310106836437	4.95943593040887	4.959435930411469	0.02486127619858711	0.04649206428709576	-0.02565219829423264	-0.4593466099343422	8.804685426570935e-08	-9.048880380276015e-08	-1.463138009056308e-07	-9.177690157015446e-08	4.677538440883157e-07	-6.235257182882287e-08	2.014677175813992e-08
1.86	-0.2060803604971733	0.03050648361606599	0.8848395418907474	0.5102602358166307	-0.2702841682887654	-0.2369579792684564	-0.09496558499624905	0.1141343993424189	0.1141343993424275	-0.1742779483708806	0.1666003277637265	-0.04574273827614196	-0.02161779122019708	0.552654796647124	0.3110308838226757	0.1654716892768964	-1.531190522636806	0.1131126975459406	-0.2922317481744598	0.6002966434498846	-0.9334587532056222	-0.9334587532056258	-0.003698412944076967	-0.0205316432087035	0.0388277410647813	0.1257941137135075	0.02857211659279357	-0.03610336245030869	-0.03052681220020399	-0.1938296749986811	0.1693281362899931	-0.01143628188884607	0.0002674644667478547	15.68879488733542	-3.979760683854928	7.3134335722604	16.1825809582733	-556.4359780026298	-64.70219484189212	-40.68250008738652	-3.039265184063179	-1.542622914074555	-1.231619680951184	8.419219637900369	-0.4671246941996931	1.634590997724016	-2.592422290735654	5.239983255154843	5.239983255156225	0.05488664055933995	0.08743686289509822	-0.02126365369058294	-0.5011914227945905	9.470992588494389e-08	-1.189056438385168e-07	-1.531573763310624e-07	-9.498109145843086e-08	4.835799704521288e-07	-7.024855531199047e-08	2.028996140370209e-08
1.87	-0.2007058508433937	0.03353815913556966	0.886433256710209	0.4953712245112301	-0.2691773768987023	-0.2397971569645335	-0.08909821447779237	0.1050624708964991	0.1050624708965121	-0.1743130904353747	0.1663983363219766	-0.04535701878925932	-0.0203862064897464	0.5220178578939035	0.2951379396413065	0.1532896508237865	-1.445989963164912	0.1081571937510175	-0.2754979340754684	0.5728059233469547	-0.8805667094874841	-0.880566709487471	-0.003335632100155141	-0.01984424073889859	0.03826390858030647	0.1204235139565895	0.03619429155420011	-0.03786672378090845	-0.03127652729226391	-0.1967398223544122	0.1706973325951718	-0.01267498875904815	-0.0058674639988693	15.83979814295896	-3.502810050145601	7.276893407279101	17.30164962956499	-559.4973293888136	-65.21955144354553	-40.51855443596221	-3.110296749702269	-1.637591504809397	-1.208638019995441	8.663753678755146	-0.5230069634251644	1.708678452149802	-2.88312740598493	5.367844461913116	5.367844461914712	0.02609543785800267	0.0627761198488422	-0.08177599891153292	-0.5698498812983072	9.959344629085881e-08	-1.379352630184642e-07	-1.609574614929806e-07	-9.571633122408519e-08	4.962477938074659e-07	-7.715968419859549e-08	2.130787110564608e-08
1.88	-0.1956445882829141	0.03640591294632862	0.8879057227266431	0.481352874715921	-0.2681227892948456	-0.2424658161523839	-0.08351689726754179	0.09653026879414553	0.0965302687941386	-0.1743447803650744	0.166203895741044	-0.04497850421783925	-0.01921129888269659	0.4900053779907134	0.2782465420737334	0.1412219286714722	-1.357058220616161	0.1026719403046229	-0.2581280465299524	0.5430859818076061	-0.8255134844985407	-0.8255134844985165	-0.00300798599428865	-0.01902147103605177	0.03738675797241695	0.1144586890333421	0.04381646651568064	-0.03963008511157478	-0.03202624238454171	-0.1996499697100784	0.1720665289003473	-0.01391369562931339	-0.01200239246440914	16.01599668030955	-3.026552436950857	7.236216468442254	18.38827471645041	-562.1605196379686	-65.68765203975587	-40.35355963186122	-3.314373414057478	-1.742313591314153	-1.208756420792004	9.165456253271278	-0.5730746244938777	1.761805687029022	-3.038266578019421	5.672219509315573	5.672219509315834	0.04785969294844166	0.1145103095032954	-0.0839272783721324	-0.6200364560600267	1.040442455613673e-07	-1.556411288086579e-07	-1.684734393453838e-07	-9.600998639947634e-08	5.072790067097132e-07	-8.357325575279441e-08	2.234077639104837e-08
1.89	-0.190909941806281	0.03909977649896723	0.889258133445995	0.4682418510246972	-0.2671257384510223	-0.2449575335557465	-0.07824455599044904	0.08855897950345397	0.0885589795034554	-0.1743735370212758	0.1660181714901926	-0.04461052474367231	-0.01809909538679378	0.4566873564680621	0.2603581780328807	0.129276456119234	-1.264509413255122	0.09665156247999236	-0.2401131063211194	0.5109939603321062	-0.7683812404092897	-0.768381240409291	-0.002747234611272877	-0.01809620277868053	0.03615138563822873	0.1078828120604813	0.05128256816671643	-0.04139100096369271	-0.03279773715327908	-0.202924303262357	0.1738027110646009	-0.01509290131695626	-0.01804415776724401	16.28053307848177	-2.584256692816453	7.192561946560764	19.48098383115543	-565.2779754793237	-66.2142549155046	-40.18985973565367	-3.375996494633966	-1.837314468015528	-1.184905395238258	9.395173023593246	-0.629502637358748	1.836712225547526	-3.35291692590983	5.788191940010615	5.788191940006176	0.01456244784597372	0.08563608320047075	-0.1520008008300185	-0.6911970490657008	1.053578166001796e-07	-1.637497825231392e-07	-1.739296392038046e-07	-9.31021532954588e-08	5.064447938270594e-07	-8.637953664704975e-08	2.348239965652363e-08
1.9	-0.1865155715395397	0.04160971307968528	0.890491596895268	0.4560754314163158	-0.2661914880406265	-0.247266026749478	-0.07330478432682047	0.08116990566996089	0.08116990566995225	-0.1743998102462675	0.1658425201217218	-0.04425663071082478	-0.01705561740685293	0.4219501360148437	0.2414611476896192	0.1174324746556924	-1.1681374040512	0.09011185361890431	-0.2214832046028001	0.4765720591129339	-0.7090703930687929	-0.7090703930688268	-0.002511299753565498	-0.01700689454743204	0.03456966970854183	0.1007135858409485	0.05874866981812586	-0.04315191681583824	-0.03356923192225104	-0.2061986368143666	0.1755388932289344	-0.01627210700460521	-0.02408592306983132	16.57711872518937	-2.144181842930285	7.145388764959662	20.53928069019139	-567.8866035067404	-66.68455319735979	-40.02983068841861	-3.598213200171576	-1.944046851794795	-1.188458203052629	9.930096621847646	-0.6769408317852662	1.88479798892639	-3.504242526754192	6.107940159564405	6.107940159563309	0.04289638788698785	0.1473183042785667	-0.1531959974705195	-0.738706305393988	1.063618351091998e-07	-1.711353818280992e-07	-1.790406586174996e-07	-8.995207312887413e-08	5.043365823534937e-07	-8.882867548060663e-08	2.457996290734324e-08
1.91	-0.1824751042064544	0.04392573314687033	0.8916071765704181	0.4448908910239727	-0.2653252220741173	-0.2493850186254799	-0.06872139391100757	0.07438435032554414	0.07438435032552282	-0.1744239670494978	0.1656783078860655	-0.0439203734346525	-0.01608681584871555	0.3859115481754177	0.221580847676903	0.1056967510673972	-1.068140086022688	0.08306339594002611	-0.2022071615290074	0.4397186614586124	-0.6476778462853616	-0.6476778462853747	-0.002311626247460425	-0.01581417149341588	0.03263051230979235	0.09295715364137647	0.06580014622900553	-0.04482532044025479	-0.03432931110669164	-0.2096692667836309	0.1775842669566779	-0.01738832421201791	-0.02981706264635661	16.9487472824488	-1.738482742909674	7.096705619399056	21.53519303463112	-570.9233965265495	-67.18016963124185	-39.87578978617913	-3.641443834669197	-2.034340237235799	-1.164040126673898	10.12915232981269	-0.7304721871037434	1.965234656145134	-3.833992775092971	6.209331179463118	6.209331179466575	0.009730124263143304	0.1084815077701303	-0.2219629467049421	-0.8075006310804173	1.046108361030701e-07	-1.720857968883191e-07	-1.810795720731339e-07	-8.464599410544174e-08	4.908897834208101e-07	-8.809924997394693e-08	2.528539202772753e-08
1.92	-0.1788019752035386	0.04603808648167971	0.8926058168716956	0.4347252443992122	-0.2645317754746328	-0.2513080046328429	-0.06451815834979796	0.06822360429731956	0.06822360429731003	-0.1744458816592362	0.1655266693213088	-0.04360504519959288	-0.01519825640334215	0.3484824699823779	0.2007278012144869	0.0940445998812085	-0.9643586505358588	0.07554798021453049	-0.1822820308736405	0.4005410881915293	-0.5841085298326918	-0.5841085298326774	-0.002062861049729578	-0.01449216036710095	0.03038386148595341	0.08466516328813824	0.07285162264011581	-0.04649872406461483	-0.03508939029110707	-0.2131398967527176	0.1796296406845148	-0.01850454141935586	-0.03554820222276787	17.36022457045755	-1.336782475471638	7.045258345843683	22.49474777860816	-573.3256650515489	-67.61251082948348	-39.73003712724369	-3.876311270895174	-2.138596141733711	-1.171743722631287	10.68692011351091	-0.7703324411086132	2.014615505241355	-3.969077649306984	6.543294093411856	6.543294093412132	0.05271472621243263	0.1731759187381536	-0.2146946824871163	-0.8458179361267666	1.025275133265232e-07	-1.723459646474986e-07	-1.827113987013032e-07	-7.911219167081012e-08	4.759022447454717e-07	-8.726113934927479e-08	2.594866377464806e-08
1.93	-0.1755095823638111	0.04793708293327239	0.8934883460827349	0.425615430664917	-0.2638158790982109	-0.2530284833162934	-0.06071898243078067	0.0627088403365773	0.06270884033660049	-0.1744653815075849	0.1653886999098242	-0.04331397981561313	-0.01439541842727072	0.309758446352833	0.1789089231783009	0.08246538461339811	-0.8569645466440219	0.06755653305545682	-0.1617088784682876	0.358897171302215	-0.5184867157675187	-0.518486715767505	-0.001832131971095116	-0.01307942480605005	0.02776980202101416	0.07581385737305069	0.07952481530770239	-0.04832011502663362	-0.03583074313878412	-0.2167945262899474	0.1818297344503695	-0.01934777512563044	-0.04104065998776063	17.81371448588163	-1.050440816854487	7.00014643132461	23.46420066544094	-575.9832969207722	-68.22917095790267	-39.59474716112189	-3.906090023965982	-2.227931191729713	-1.150306516522649	10.86160176638844	-0.8247490105105154	2.094414997215898	-4.321587356841547	6.625251782572264	6.625251782571252	0.008963390809822945	0.1286917227620527	-0.2936707850017672	-0.9180290947756823	9.666400766147979e-08	-1.64754569357345e-07	-1.797126126670581e-07	-7.098803543378726e-08	4.433887914974347e-07	-8.518673550721136e-08	2.613239539841828e-08
1.94	-0.1726115581833806	0.04961301109306589	0.8942552239235633	0.4175987472174167	-0.2631821368248204	-0.2545400804978886	-0.05734815341027302	0.05786101986046079	0.05786101986045231	-0.1744824317866742	0.165265531723445	-0.04305083686758304	-0.01368374194546523	0.2696087381240424	0.1561141428546543	0.07091432583902968	-0.7457325931775499	0.059117159608218	-0.1405057305015859	0.3148717084891026	-0.4507198329222445	-0.4507198329222423	-0.001572947207639474	-0.01153191532603106	0.02479937429592137	0.06643286443492444	0.08619800797548889	-0.05014150598864087	-0.03657209598694949	-0.2204491558269033	0.1840298282163221	-0.02019100883186569	-0.04653311775266509	18.3152998856919	-0.7700369151301261	6.953145087115288	24.39523200626596	-577.8747318044547	-68.77574456234311	-39.47206252915244	-4.16144819074527	-2.333776599224809	-1.166112423942843	11.45449002843772	-0.8599176987414451	2.140614617511249	-4.445386834067163	6.972307849431806	6.972307849429967	0.05840586317707078	0.2001307025316039	-0.2859683345165637	-0.9517553407339955	9.058620607153279e-08	-1.569185593598113e-07	-1.761785165525113e-07	-6.276663944761759e-08	4.09533527309121e-07	-8.276319837342483e-08	2.621082644641259e-08
1.95	-0.1701215476052212	0.05105636072619101	0.8949067177499551	0.4107123873491618	-0.2626350283588532	-0.2558364541582567	-0.05442968740295902	0.05370114016934396	0.05370114016931208	-0.1744969506847381	0.1651583284999492	-0.04281906309299738	-0.0130685021560174	0.2281605911479084	0.1324140478653477	0.05937904693557111	-0.6309230593870028	0.05024071604270342	-0.1186621930321099	0.2684615988091499	-0.3808966938157308	-0.3808966938157312	-0.001315749663125664	-0.009888449983197264	0.02152292669883104	0.05654323246814819	0.09231271949474677	-0.0512349928485571	-0.03733574490117117	-0.2245465473340826	0.1874103049769594	-0.02181673566014805	-0.05156039027851867	19.15808589420622	-0.2202114160345874	6.875381471338509	24.94566625228501	-580.011702544383	-68.6971252348453	-39.36394488719185	-4.171410101422314	-2.409395072209901	-1.147984011940279	11.58664494858229	-0.9110651040801608	2.222267033936523	-4.792807161190582	7.041224029996528	7.041224029996649	0.01160862123180042	0.149517691513014	-0.3533491577789566	-1.018308394688139	8.118681764557874e-08	-1.452910213978856e-07	-1.643471141932869e-07	-5.303802734967215e-08	3.548801935465166e-07	-7.492809521792895e-08	2.465709856988008e-08
1.96	-0.1680530009269108	0.05225845558473401	0.895442709109634	0.4049926147976606	-0.2621785958122735	-0.2569111836994969	-0.05198611931769415	0.05025027328705568	0.05025027328704616	-0.174508451223144	0.1650681725781633	-0.04262102703147783	-0.01255430694024499	0.1853159581568046	0.1078631879382282	0.04781383249640587	-0.5124151298278096	0.04098197573218647	-0.09617690667181	0.21989212408007	-0.3089172711597887	-0.3089172711597878	-0.0009692752728805017	-0.008122454986189439	0.01805183168281708	0.04622394969982676	0.09842743101432945	-0.05232847970831418	-0.03809939381530628	-0.2286439388409495	0.1907907817377839	-0.02344246248823494	-0.05658766280429	20.05742176280527	0.321947216007609	6.796288527678151	25.45609665125793	-581.2435345030199	-68.54176838738218	-39.27227459547867	-4.440745393740212	-2.503929586786402	-1.172099531084122	12.19416918216681	-0.9363770477416227	2.268964395676159	-4.877259843893239	7.40356455931726	7.403564559316202	0.07626123232396897	0.2246366333662453	-0.3248978183000493	-1.037685501042418	7.147106455084534e-08	-1.336714854960709e-07	-1.522425101181952e-07	-4.302478832810226e-08	2.981280107300378e-07	-6.755181472179643e-08	2.307036215659078e-08
1.97	-0.1664196835095994	0.05321036729203018	0.8958626954372758	0.4004764448964905	-0.2618169321295153	-0.2577579444656983	-0.05004089541597097	0.04752950293242875	0.04752950293260193	-0.1745168179038349	0.1649962088728108	-0.04245959222092337	-0.01214593209887657	0.1410801710744817	0.08233109204041353	0.03615010756875651	-0.390103742790011	0.0312733055299645	-0.07307804252457813	0.1686618902699451	-0.2348755977186112	-0.2348755977186091	-0.0007310593879440182	-0.006242954264222817	0.01412814021542335	0.03534835617405407	0.1046235341951141	-0.0568296502047753	-0.0387881002972089	-0.2328119325427915	0.1926776071554525	-0.02152559736823725	-0.06198384030970989	20.61844177030769	-0.5280302474313807	6.839564451597126	26.55189781966616	-582.1208257512134	-71.21269749059634	-39.19865870123552	-4.455091809386361	-2.606060774207263	-1.168490376492111	12.35689796697286	-0.9997178930556054	2.344945227138436	-5.319520050645849	7.458645363704182	7.458645363704421	-0.006471162467779045	0.1737228276754595	-0.4421535895001293	-1.127865095734609	5.424165057260178e-08	-1.222419985218897e-07	-1.336493652912522e-07	-2.625165987045157e-08	1.915281628840421e-07	-7.10725723855434e-08	2.069967299532799e-08
1.98	-0.165236743251894	0.05390131580375856	0.8961650482350638	0.3972048437662018	-0.2615546763260934	-0.2583707970298473	-0.04862269683254702	0.04555998463791208	0.04555998463789954	-0.1745236170109263	0.164943863381496	-0.04234060408075002	-0.01184938695624346	0.09524052623586543	0.05567054882466795	0.02428712652564107	-0.2635013756568757	0.02110039986403642	-0.04939526626165428	0.1144870604170013	-0.1586668591899744	-0.1586668591899657	-0.0006557606648948682	-0.004198812099659943	0.00956249760641139	0.02385800995267787	0.110819637376265	-0.06133082070134105	-0.03947680678115779	-0.2369799262441116	0.194564432573188	-0.01960873224829929	-0.06738001781481769	21.24440126606068	-1.388186386850331	6.88310297457201	27.6053650909861	-581.9659579777267	-73.80266876013695	-39.14467791829195	-4.761516944999843	-2.729619050371652	-1.211950754177257	13.05236520123409	-1.029224140482164	2.385746818814662	-5.466179052457631	7.836977576808909	7.836977576808959	0.04367779994781266	0.2575649218852984	-0.4532880466224333	-1.160636040162169	3.707712463373536e-08	-1.109057421191833e-07	-1.145667235583804e-07	-9.654326299661046e-09	8.544700409934439e-08	-7.414910601262111e-08	1.821150371068971e-08
1.99	-0.1645189238136825	0.05432089276505043	0.8963478403246179	0.3952182337969347	-0.2613960301309183	-0.2587436487736136	-0.04775899059845288	0.04436312910617707	0.04436312910589951	-0.1745298270871883	0.1649124353634863	-0.04226924306861943	-0.01167010602480896	0.04814755938955102	0.02814244468057684	0.01223943575471178	-0.1333031559007814	0.01060910231082159	-0.02505572549147067	0.05800152235845323	-0.08036154095236353	-0.08036154095235699	-0.0005215737744684067	-0.002089943872400982	0.004727592143907693	0.01198079049482601	0.1142576594123787	-0.05143227927517868	-0.04005319406506971	-0.2397101224659066	0.1993664607442034	-0.03141332885158722	-0.07038896699707589	22.27070045230661	3.282462408888094	6.45417691738505	27.92477016894308	-582.2363579805965	-64.65313475387275	-39.1116081285456	-4.709551368033892	-2.779764609825541	-1.205971863125095	13.08117376641473	-1.06202768168047	2.475962324154021	-5.777640790054448	7.878714515106333	7.878714515105794	0.007973805691224524	0.1870746642751016	-0.4959089630996409	-1.203854174521118	2.305966860466184e-08	-1.040911684330054e-07	-7.174348188794488e-08	-1.583044741592899e-09	4.522264787611889e-09	-5.568077386122705e-08	1.002554844233754e-08
2	-0.1642773070066881	0.05446211698221895	0.8964091967815437	0.3945491307058381	-0.2613428859350823	-0.2588695241860591	-0.04746771966648978	0.04395960787001975	0.04395960786998118	-0.1745327583590177	0.1649020014065103	-0.04224569454452275	-0.01161011514313759	0	0	0	0	0	0	0	0	0	0	0	0	0	0.1176956814475187	-0.04153373784885257	-0.04062958134643788	-0.2424403186885994	0.2041684889151021	-0.04321792545477204	-0.07339791618007813	23.3692473576916	7.941521144602909	6.025889248478498	28.2034133841916	-581.3439206454724	-55.41811485085	-39.10042715902239	-4.972435453647921	-2.852487157668119	-1.250299750933589	13.67335243017171	-1.052785092001658	2.52898376307216	-5.769375912439307	8.248222119759259	8.248222119758438	0.1211551767598835	0.2537800509134038	-0.4318253829019307	-1.181350247554867	9.042212575588308e-09	-9.727659474682757e-08	-2.892024021750936e-08	6.488236816475251e-09	-7.64024745241206e-08	-3.721244170983299e-08	1.839593173985371e-09
