inDegrees=no
num_controls=7
num_derivatives=13
num_iterations=116
num_multipliers=7
num_parameters=0
num_slacks=7
num_states=26
objective=0.431109
objective_accelerations=0.050520
objective_balance=0.006883
objective_effort=0.031409
objective_height=0.341134
objective_ligament=0.001162
solver_duration=1484.469379
status=Solve_Succeeded
success=true
DataType=double
version=3
OpenSimVersion=4.5
endheader
time	/jointset/ground_pelvis/pelvis_tilt/value	/jointset/ground_pelvis/pelvis_tx/value	/jointset/ground_pelvis/pelvis_ty/value	/jointset/hip_l/hip_flexion_l/value	/jointset/hip_l/hip_adduction_l/value	/jointset/hip_l/hip_rotation_l/value	/jointset/back/lumbar_extension/value	/jointset/patellofemoral_l/patellar_flexion_l/value	/jointset/knee_l/knee_flexion_l/value	/jointset/knee_l/knee_adduction_l/value	/jointset/knee_l/knee_rotation_l/value	/jointset/ankle_l/ankle_angle_l/value	/jointset/subtalar_l/subtalar_angle_l/value	/jointset/ground_pelvis/pelvis_tilt/speed	/jointset/ground_pelvis/pelvis_tx/speed	/jointset/ground_pelvis/pelvis_ty/speed	/jointset/hip_l/hip_flexion_l/speed	/jointset/hip_l/hip_adduction_l/speed	/jointset/hip_l/hip_rotation_l/speed	/jointset/back/lumbar_extension/speed	/jointset/patellofemoral_l/patellar_flexion_l/speed	/jointset/knee_l/knee_flexion_l/speed	/jointset/knee_l/knee_adduction_l/speed	/jointset/knee_l/knee_rotation_l/speed	/jointset/ankle_l/ankle_angle_l/speed	/jointset/subtalar_l/subtalar_angle_l/speed	/forceset/tau_hip_flexion_l	/forceset/tau_hip_adduction_l	/forceset/tau_hip_rotation_l	/forceset/tau_knee_flexion_l	/forceset/tau_ankle_angle_l	/forceset/tau_subtalar_angle_l	/forceset/tau_lumbar_extension	lambda_cid13_p0	lambda_cid13_p1	lambda_cid13_p2	lambda_cid13_p3	lambda_cid13_p4	lambda_cid13_p5	lambda_cid14_p0	/jointset/ground_pelvis/pelvis_tilt/accel	/jointset/ground_pelvis/pelvis_tx/accel	/jointset/ground_pelvis/pelvis_ty/accel	/jointset/hip_l/hip_flexion_l/accel	/jointset/hip_l/hip_adduction_l/accel	/jointset/hip_l/hip_rotation_l/accel	/jointset/back/lumbar_extension/accel	/jointset/patellofemoral_l/patellar_flexion_l/accel	/jointset/knee_l/knee_flexion_l/accel	/jointset/knee_l/knee_adduction_l/accel	/jointset/knee_l/knee_rotation_l/accel	/jointset/ankle_l/ankle_angle_l/accel	/jointset/subtalar_l/subtalar_angle_l/accel	gamma_cid13_p0	gamma_cid13_p1	gamma_cid13_p2	gamma_cid13_p3	gamma_cid13_p4	gamma_cid13_p5	gamma_cid14_p0
0	-0.1565836366267517	0.05724076551904372	0.8978801103178599	0.3774924667018715	-0.2608312522078569	-0.2437275103778885	-0.01265067647494873	0.03223648243721435	0.03223648243721463	-0.1745326874558382	0.1466257172381747	-0.04231377076293093	-0.01129713332749077	0	0	0	0	0	0	0	0	0	0	0	0	0	0.1402730076091188	-0.07157339259403739	-0.04713445997012965	-0.3107673513186834	0.337647626762842	-0.04780846226330609	-0.08274046074788322	66.83433603633294	4.481512006427009	4.113990315478668	-22.29839615410478	-589.1018902659645	-66.09690516309243	-38.23009725418222	-2.769806401952939	-1.48977886543576	-0.980388274613874	11.06436803786602	-1.364003613770189	3.458750156421739	-5.515262509120362	10.89423498433252	10.89423498432861	0.02613246533227076	0.3459979456638341	2.82717737932515	-0.7372003143245927	-5.176087516619087e-08	7.097724910401557e-08	1.676238648945769e-07	5.232688008883129e-09	6.504788291018633e-08	-1.187500402385536e-07	-2.555052965997299e-08
0.01	-0.1567165945820148	0.05716665439657106	0.8978322349312851	0.3780318237422651	-0.2608986070695394	-0.2435557543488933	-0.01292783485770484	0.03276797612026129	0.03276797612025818	-0.1745326537892822	0.1466397222898783	-0.0421775796458168	-0.0113343367565805	-0.02649087792156371	-0.01481721782292782	-0.009545346362683296	0.1074386239089411	-0.01335314027588336	0.03414394722697722	-0.05511217704940265	0.1057187657280466	0.1057187657280302	7.139876620330754e-05	0.002797761792087254	0.02699060221125596	-0.007382319869583033	0.1340600973448883	-0.08198453177133561	-0.04561648130149667	-0.3017630687924214	0.3212413121698313	-0.03196190851635613	-0.0780430966367664	62.08939146664351	-1.313257599481616	4.744752634664622	-19.14395656448634	-590.2782421976553	-77.36823701028	-38.24573176000123	-2.573632871563527	-1.47694119354679	-0.9371351646312942	10.51868166183323	-1.30333533836516	3.361105944321108	-5.461270377584287	10.32370684495056	10.32370684495066	0.007380155455239255	0.2461576777911431	2.597855070915836	-0.7300231267033844	-7.079266598636737e-08	1.104458687271539e-07	1.587465596669883e-07	3.241808163073052e-08	-9.07408097373961e-08	-5.245597437671208e-08	-2.49596742757696e-08
0.02	-0.1571114421933566	0.05694452150530406	0.8976898006115767	0.3796325814406308	-0.261095966554753	-0.2430487810599297	-0.013746530025902	0.03433925935617016	0.03433925935617067	-0.1745299588210342	0.1466816034358648	-0.04177891182081191	-0.01144361844505179	-0.05237793121534575	-0.02960435375886921	-0.01891178662673573	0.2122801315948922	-0.02600092470647343	0.06704345199337006	-0.1083073570881688	0.2079579105724867	0.2079579105724773	0.0005322604600428961	0.00557521885657243	0.05249534157810985	-0.0144156518762954	0.1278471870806552	-0.09239567094864722	-0.04409850263284488	-0.2927587862661535	0.3048349975768209	-0.01611535476941929	-0.07334573252565563	57.43194371637166	-7.125797977683711	5.381152706977995	-16.20861012921898	-590.1660760820936	-88.52556360780919	-38.29188548658526	-2.649041476396573	-1.483762488038512	-0.9446070548876837	10.54494479326808	-1.222932444711306	3.209861664304861	-5.131863106993066	10.19831080761119	10.19831080761199	0.1040250508599694	0.3419370001433948	2.530004810444752	-0.6674027417502363	-8.982445680654388e-08	1.499144883502922e-07	1.498692544393997e-07	5.960347525257792e-08	-2.465295023849786e-07	1.383809148512945e-08	-2.43688188915662e-08
0.03	-0.1577617965015801	0.0565759506746582	0.8974544093959065	0.3822680232414044	-0.2614167516385174	-0.242218178915231	-0.01508643295923928	0.0369176641032966	0.03691766410329594	-0.1745215194315631	0.1467511805639008	-0.04113002389689789	-0.01162140972496881	-0.07752461760630953	-0.04397451426837411	-0.02814918516082862	0.3142403187340597	-0.03809574198453652	0.09895633110136956	-0.1592718048021392	0.3073211634521931	0.3073211634521991	0.001115859713606585	0.00832781988513181	0.07728181638601309	-0.02108869591170833	0.1230956724283661	-0.08668859411027863	-0.04356600298812804	-0.2895664187086417	0.3028043521111193	-0.01952679229663369	-0.06918851802146868	56.67346523925613	-5.645261125562363	5.298006760466953	-16.62462128149825	-590.3482363843466	-84.80470235032179	-38.36686245895078	-2.422242275197746	-1.393336086545779	-0.9107654860548385	9.936357047949867	-1.193730872336031	3.16388482543372	-5.01852188703514	9.745056089432477	9.745056089434332	0.02960156996255223	0.240046376178948	2.452899050494581	-0.6592086554591889	-1.214674777784066e-07	1.447677613010794e-07	2.144502900954002e-07	8.420112346251242e-08	-3.696339627235364e-07	-1.535056322457306e-08	-3.626690788599932e-08
0.04	-0.1586585696846679	0.05606773958808951	0.8971271523482183	0.3859060271883091	-0.2618566797956582	-0.2410720712211754	-0.01692393762640452	0.04047764609147624	0.04047764609147587	-0.1745084292080795	0.146847908646617	-0.04023328517799879	-0.01186432212944456	-0.101661706187326	-0.05753240494343621	-0.03728495303030137	0.4127925608215873	-0.04982953938189183	0.1301445618648175	-0.2078277038535545	0.4042733587831826	0.4042733587832002	0.001462427261488053	0.01100540979236044	0.1020655005751725	-0.02743987678801758	0.1183441577760807	-0.08098151727190452	-0.04303350334340963	-0.2863740511511298	0.3007737066454186	-0.02293822982384252	-0.06503130351728174	55.9960212135089	-4.177704376276005	5.215553799637951	-17.24762039077673	-589.3565532999015	-80.97088720116611	-38.46879232036125	-2.447121914407131	-1.321308521149938	-0.9242809219636586	9.863355782940102	-1.150728468569781	3.064931995394557	-4.650153374482034	9.716099297867801	9.716099297867855	0.05661870972346788	0.326934775877246	2.529446686695995	-0.6030301099295267	-1.533705241142216e-07	1.387011301967665e-07	2.805459307180727e-07	1.087454160969436e-07	-4.920645213650009e-07	-4.650793382234866e-08	-4.84225008882394e-08
0.05	-0.1597920909676541	0.05542731855661474	0.8967087842017001	0.3905138807848857	-0.2624115791022838	-0.2396180726612982	-0.01923495259856897	0.04499488257258075	0.0449948825725801	-0.1744923604190179	0.1469712529491467	-0.03908973132175417	-0.01216885819068841	-0.1248795032607442	-0.0704831700641467	-0.0463904385002001	0.5082757641035541	-0.06103509880576044	0.1605047670838612	-0.2540102851672122	0.4987022256816476	0.4987022256816591	0.001773447064572915	0.01364901444200541	0.1265279504898407	-0.03339007389271584	0.1113802738979326	-0.07828981883604179	-0.04181823429052577	-0.2792817232273134	0.2905766158919938	-0.02077064766833289	-0.05955597896591464	52.85793081910072	-4.635677925655587	5.364010262315948	-15.59052238276452	-588.6136752356729	-80.80781780040007	-38.59533090253841	-2.234659569079688	-1.271643866968333	-0.9040460957782359	9.315425226291499	-1.088221465555293	2.998965634639144	-4.547559698013894	9.235533405145318	9.23553340514435	0.02171168723924956	0.2308677338722596	2.38703572465802	-0.5794775872581629	-1.691716198496409e-07	1.511727293830167e-07	3.01672687254304e-07	1.247674067289059e-07	-5.704421699502219e-07	-4.008570727054244e-08	-5.180392829344837e-08
0.06	-0.1611529004144292	0.05465945320204552	0.896199288453228	0.3960614909393739	-0.2630750843603995	-0.2378649918793335	-0.02199684322151098	0.05044225832653234	0.05044225832653349	-0.1744725078175913	0.1471205921830442	-0.03770507465020169	-0.01253058883828292	-0.1471193389449879	-0.08302126956232672	-0.05551047342103614	0.6007438724041859	-0.07155072968002561	0.1899610062821002	-0.2980028340091206	0.5903012133524921	0.5903012133524957	0.002219189733184213	0.01620439606621561	0.1502860636367395	-0.03887879405814395	0.1044163900197796	-0.07559812040018681	-0.04060296523764114	-0.2721893953034948	0.2803795251385685	-0.01860306551283091	-0.05408065441455288	49.79190178994663	-5.105138258114512	5.513009517884396	-14.12592813095845	-586.8223405938967	-80.54465945664465	-38.74393197065112	-2.251529636572253	-1.238775396643832	-0.9271908121511222	9.260336786673097	-1.012742758649114	2.884138791233645	-4.212146880132208	9.150123452343697	9.150123452343408	0.08356328282871543	0.3092901707902946	2.38857933314214	-0.5107347220755164	-1.842947387176751e-07	1.644248856341328e-07	3.209060170921589e-07	1.404305635923431e-07	-6.469649591646538e-07	-3.208118189138539e-08	-5.481591714720339e-08
0.07000000000000001	-0.1627318172932011	0.05376844252600769	0.8955983172039571	0.4025195777830406	-0.2638401952536499	-0.2358219011114432	-0.02518736473628245	0.05679212917996739	0.05679212917996821	-0.1744474490126359	0.1472953021861083	-0.03608590656494465	-0.01294472275658278	-0.16851519647173	-0.09509161972015744	-0.06469759148321311	0.6903652889239903	-0.08134988855884628	0.2185098031683168	-0.3397476544122986	0.6791983960269771	0.6791983960269882	0.002804926926910114	0.01872008732864852	0.1734508748580821	-0.04386209461680987	0.09804213723742354	-0.07231506245545995	-0.03965559132402344	-0.2672562434764004	0.2733449868474092	-0.01772902138762944	-0.04895329723209856	47.66732394530936	-5.17815264013243	5.599368899980302	-13.3396862382143	-585.5077021555792	-79.52806319753161	-38.91157092344508	-2.061295210523728	-1.177749660574714	-0.9166748813073049	8.736792193986066	-0.9453049368095382	2.818101016810832	-4.102577440498393	8.68834247856425	8.688342478565282	0.04798890010755022	0.2200346703064247	2.265917940341087	-0.479303962078852	-1.925133195135759e-07	1.588450327722072e-07	3.336663367378049e-07	1.511121506216664e-07	-6.958519648300929e-07	-3.23574866603036e-08	-5.690111237105647e-08
0.08	-0.164520229027199	0.05275941138134714	0.8949050342584534	0.409858628413776	-0.264699658232551	-0.2334977521987913	-0.02878472001910308	0.06401673722085885	0.06401673722085931	-0.1744161508432482	0.1474946343150655	-0.03423799318273199	-0.01340612492833261	-0.1890183099904164	-0.1066253632868691	-0.07397281266763868	0.7769366298178727	-0.09042114681010753	0.2461726352343401	-0.3793695876189885	0.7652486508439955	0.7652486508440055	0.003467062619156048	0.0211288212445467	0.1960351230278555	-0.04833244474814527	0.09166788445505973	-0.06903200451073285	-0.03870821741040096	-0.2623230916493126	0.266310448556248	-0.01685497726242821	-0.04382594004964827	45.60650750402397	-5.259781974389885	5.684191943243587	-12.72761585335887	-583.2719748217097	-78.42013923085975	-39.0950975299278	-2.072980834961138	-1.131454078420004	-0.9448114366008392	8.650321661488679	-0.8671626331372438	2.706945827194978	-3.787569440834591	8.580737880850398	8.580737880848401	0.09884298253269164	0.2878987014833477	2.272466722828308	-0.4081446366094234	-2.002864462403067e-07	1.520502115804079e-07	3.460090428226633e-07	1.614723460487888e-07	-7.429560167181776e-07	-3.316803853554925e-08	-5.892651445749652e-08
0.09	-0.1665096446896603	0.05163765221208558	0.8941183536416065	0.4180493031989777	-0.2656462995354352	-0.230901396728368	-0.03276751593534027	0.07208862162927777	0.0720886216292784	-0.1743780295957491	0.1477178629255838	-0.03216688028512693	-0.01390972657180845	-0.2087133357112239	-0.1176410342700873	-0.08338933374175658	0.8607103078222047	-0.09879551428800967	0.2729641185148212	-0.4168653678085087	0.8486795039912841	0.8486795039912906	0.004141260657916285	0.0234970358934896	0.2180906079618371	-0.05231339540968338	0.08508874338395335	-0.06595096847958876	-0.03775176902625901	-0.2577161914234227	0.2591988598854265	-0.01559931815727441	-0.0385796624365158	43.50715058563392	-5.488747327415195	5.779194212529688	-11.96730348727551	-581.3955221030558	-77.57663784091102	-39.29106136176	-1.895046355985597	-1.073775702022438	-0.9441252513025149	8.167666720502449	-0.8058677991606665	2.645046219666265	-3.681948135040646	8.156961822421618	8.156961822423055	0.04937484322017108	0.2082509077921071	2.157548719466258	-0.3819579622653276	-2.032189718725152e-07	1.193086096510303e-07	3.708050413741614e-07	1.635705647176835e-07	-7.582957633332717e-07	-5.632227916701296e-08	-6.352752215973642e-08
0.1	-0.1686914671923959	0.05040830591424189	0.8932366972523214	0.4270630699343431	-0.2666733433119076	-0.2280411670969013	-0.03711554281887809	0.08098135512731947	0.08098135512731902	-0.1743336330421246	0.1479641672948304	-0.02987812067002531	-0.01445091525816746	-0.2274996780458372	-0.1281427890032973	-0.09296796715530266	0.9415550198504123	-0.1065016415276697	0.2989474674429664	-0.4524157810792255	0.9294184687687136	0.9294184687687557	0.004722123843575423	0.02574397299012634	0.2395644665271464	-0.05584985332479446	0.07850960231283707	-0.06286993244844705	-0.03679532064211567	-0.2531092911975407	0.2520872712146018	-0.01434365905212359	-0.03333338482338656	41.46296253937993	-5.724208443903477	5.871619497492754	-11.36194681549921	-578.7237883379701	-76.65414770056829	-39.49598951027772	-1.891244157722299	-1.028670828418321	-0.9772339044864703	8.064528466263793	-0.7335145854888268	2.545318956727816	-3.398496057073926	8.042360206878591	8.042360206884386	0.08017601191244843	0.2636431910221153	2.156141449093857	-0.3192460873240278	-2.057259501557546e-07	8.428597205241511e-08	3.966958348677817e-07	1.649424557594813e-07	-7.708430435507404e-07	-8.14408001286937e-08	-6.835495672929941e-08
0.11	-0.1710573600114937	0.04907636247199578	0.8922582993841269	0.4368718256155149	-0.2677738542088073	-0.2249254777258491	-0.04180930388478438	0.09066823923124712	0.09066823923124941	-0.1742834976134285	0.1482326949697049	-0.02737769534722577	-0.01502503738869725	-0.2455610075409617	-0.1381722424190113	-0.102744234375849	1.019739408309164	-0.1134629131725726	0.324039011963592	-0.486049286257609	1.00746143411483	1.00746143411484	0.005321066833353224	0.02793707485809998	0.2603829424275441	-0.05888372692757399	0.07224265916849072	-0.05980459208983561	-0.03593924027380325	-0.2494517584027764	0.2456177731950946	-0.0131091845319157	-0.02835940341889395	39.57809015916039	-5.968522697838344	5.954213859937151	-10.62555523576962	-576.6234475872852	-75.78997122299546	-39.70619122879024	-1.745901019714859	-0.9790010278750024	-0.9828717367662408	7.626866593720834	-0.6568213105970938	2.468299551975734	-3.302705871568699	7.610740781674175	7.610740781665435	0.05221936066273637	0.1934056845134796	2.024038858026641	-0.2818871453196129	-1.99901805821221e-07	3.876715114702556e-08	3.98808079890251e-07	1.626381583962426e-07	-7.723243975697624e-07	-9.256895789396384e-08	-6.987119253779061e-08
0.12	-0.1736003308604024	0.04764634080964711	0.8911811291225413	0.4474487196928831	-0.2689398553934776	-0.2215634274391416	-0.04683078562714385	0.101120648205275	0.1011206482052781	-0.1742268795712033	0.1485224060632249	-0.02467321762591942	-0.01562678408496773	-0.262915284008382	-0.1477584330238094	-0.1127224458335255	1.095182699089513	-0.1195996990817177	0.3482196505740502	-0.5179599163699183	1.082523442788785	1.082523442788725	0.006018646549223175	0.02998065671921334	0.2803749462284992	-0.0613747664729411	0.06597571602414133	-0.05673925173122337	-0.03508315990549161	-0.2457942256080141	0.2391482751755871	-0.01187471001170702	-0.02338542201440238	37.74030967235665	-6.217252680460063	6.033138575208397	-10.02511045011774	-573.8474860960332	-74.85848649999791	-39.91793424493628	-1.749833552181471	-0.940018266235107	-1.017622751912497	7.516308930583391	-0.5686174383372535	2.363137774694375	-3.053921043859108	7.446168872446314	7.446168872444575	0.09990335713085921	0.2337391896500617	1.990847029205342	-0.2106792758415527	-1.931415802936792e-07	-7.931016197327388e-09	3.982485778934897e-07	1.599208061560335e-07	-7.725623890945771e-07	-1.02125164738289e-07	-7.101538354166701e-08
0.13	-0.1763134163785881	0.04612284719939971	0.8900030671135043	0.4587669193620816	-0.2701633992763007	-0.2179641008920766	-0.05216203276295749	0.1123100239129577	0.1123100239129609	-0.1741631734226552	0.1488322511297946	-0.02177225945279335	-0.01625085650862362	-0.2795535336549135	-0.1568464053579888	-0.1229253882831923	1.167976048311122	-0.1249984338427828	0.371517803095169	-0.5479714990624247	1.154915202204364	1.154915202204249	0.006695692249097582	0.03196674901664463	0.2997268322715991	-0.06336426397744858	0.0591224678625446	-0.05360897809693193	-0.03419820678237766	-0.2422212219214175	0.2328347377462091	-0.01050863867166617	-0.01788819236877857	35.93235409081115	-6.521249295023308	6.11275458524817	-9.565526092472798	-571.5597778053915	-73.97620317965816	-40.12739384937377	-1.59858032181805	-0.8790722485460987	-1.027099356135034	7.088651608456726	-0.508922925971106	2.293907810599294	-2.927075122398054	7.070219225391948	7.070219225384903	0.04760513466023001	0.1777324643488634	1.893868344425774	-0.1818082134142453	-1.847302537753026e-07	-8.468826705508267e-08	4.114926866352211e-07	1.519574116548164e-07	-7.614305519969346e-07	-1.330139670740417e-07	-7.568819769138413e-08
0.14	-0.1791884363234241	0.0445112967595032	0.888721881807042	0.4707986132615987	-0.2714376147929307	-0.2141356420558449	-0.05778385537378643	0.1242102251646522	0.1242102251646533	-0.1740934968254599	0.1491612947622502	-0.01868048062872358	-0.01689256855245636	-0.2953021693386087	-0.1653697989536373	-0.1333471053185386	1.237881545153011	-0.1297340258430467	0.394046108407435	-0.5760750113729972	1.224688551591074	1.224688551590913	0.007212736278752898	0.03382036989644408	0.3185390764172377	-0.06490269050831168	0.05226921970095085	-0.05047870446263764	-0.03331325365926756	-0.2386482182348198	0.2265212003168318	-0.009142567331622239	-0.01239096272315246	34.16335789426365	-6.827836088879675	6.187950883643567	-9.224126917261291	-568.7170439243102	-73.03943619430338	-40.33084002910213	-1.571910759614226	-0.827102518528898	-1.061377669048405	6.938738454639317	-0.435988886177026	2.209168332923822	-2.672306967472322	6.922486866672535	6.922486866672346	0.06790302308702514	0.2072449061236949	1.882918649713089	-0.1204650811126861	-1.760911891892247e-07	-1.655915983974452e-07	4.266407416857101e-07	1.432704251175983e-07	-7.48730462675505e-07	-1.668451963741292e-07	-8.084771848190687e-08
0.15	-0.1822168891650054	0.04281730262439952	0.8873353022321077	0.4835157656193755	-0.2727559549661983	-0.2100859647338765	-0.06367697926073917	0.1367957397041161	0.1367957397041102	-0.174019499607959	0.1495086738249112	-0.01540311686034231	-0.01754744471990305	-0.3102452461933047	-0.1733359652121723	-0.1440062008290149	1.305083337839059	-0.1338273193029759	0.4157643382360312	-0.6022470057999627	1.291989752067479	1.291989752067409	0.007555382044545267	0.03563671947057308	0.3368426081481651	-0.06600016669402374	0.0454149138215086	-0.04741056593419606	-0.03248253416658657	-0.2356107674413035	0.2205611435805423	-0.00769329707655044	-0.006885826916380554	32.47356369226622	-7.174906604517696	6.258729954018781	-8.842711163446694	-566.4074171425201	-72.1964825258777	-40.52453507954854	-1.4340333816205	-0.7673858428695194	-1.073933553046421	6.541046083302711	-0.3799980506879275	2.134316980636538	-2.544231647681941	6.570262318439341	6.57026231845278	0.01275709319832891	0.1659369959704115	1.790398476390508	-0.09355220400319519	-1.66395286633733e-07	-2.613523188956173e-07	4.491532440089484e-07	1.308120364127548e-07	-7.285022582669545e-07	-2.114891990986109e-07	-8.785853520515575e-08
0.16	-0.185390478221776	0.04104644439403973	0.8858409800898686	0.4968909651855568	-0.2741120277690228	-0.2058228717790602	-0.06982274028543578	0.1500415313844071	0.1500415313843929	-0.1739430135848237	0.1498736377858955	-0.01194545216633009	-0.01821112831254736	-0.324329412376933	-0.1807426180048606	-0.1548956187794829	1.369490986833709	-0.1372805517543864	0.4367292349769882	-0.6266024389218596	1.356743979756479	1.356743979756489	0.007710497405257624	0.03733734956121859	0.3545992615434111	-0.06666417554784454	0.03856060794205775	-0.04434242740575596	-0.03165181467391055	-0.2325733166477917	0.2146010868442511	-0.006244026821480336	-0.001380691109612402	30.81585521327576	-7.523286174232909	6.324796236465752	-8.565744447247875	-563.6458280420601	-71.31159664914861	-40.70482270049683	-1.400128625400669	-0.7151998253595654	-1.107442157046773	6.379909716359531	-0.3079766844732941	2.058501715395967	-2.308994706458605	6.413092309191627	6.413092309189159	0.03039694207100976	0.1841010094269947	1.773542982576798	-0.03377161473443883	-1.56525316647985e-07	-3.595601387841577e-07	4.728787141182864e-07	1.177324755861847e-07	-7.070341290205254e-07	-2.579141292106398e-07	-9.517427125850068e-08
0.17	-0.1887012739132979	0.03920413303264678	0.8842365751067414	0.5108971636080573	-0.2754992558634773	-0.2013543498784822	-0.07620318898654206	0.1639220080914472	0.1639220080914434	-0.1738655521789195	0.1502553942003902	-0.008313333759695512	-0.01887917137601857	-0.3377268601622838	-0.1876432057825295	-0.1660208660010887	1.431318434664466	-0.1400367568108044	0.4568279139580917	-0.6492322064029497	1.418868486920777	1.418868486920729	0.007788463435807908	0.03899047570665787	0.3716812088430528	-0.06685964727094583	0.03225832458534566	-0.04139568071771629	-0.03097113219209343	-0.230610629992843	0.2093993535809048	-0.004847495449432359	0.003669404598163699	29.34782866270385	-7.870579709473046	6.377675035348612	-8.143961757969819	-561.5284333244977	-70.50984406039088	-40.86807421987247	-1.294121350907063	-0.6659978565643681	-1.120529940893018	6.019610414452771	-0.2401813055819906	1.963367812644943	-2.201703534472653	6.039717981733602	6.039717981726339	-0.002517536698320933	0.1522974151520507	1.654028645665775	0.000288726250114035	-1.429761140154887e-07	-4.737166564920267e-07	4.817551947677456e-07	1.022467826993469e-07	-6.863246050223142e-07	-2.986726910656476e-07	-1.01538776243222e-07
0.18	-0.1921429577818327	0.03729511387295838	0.8825198248641628	0.5255087261284702	-0.2769101937863673	-0.1966892778234578	-0.08280228251556657	0.1784092474824673	0.1784092474824723	-0.1737871139067591	0.1506529576759492	-0.004514694271662876	-0.01954662442125114	-0.3505070477798285	-0.1940841776639532	-0.1773646706697471	1.490563806415977	-0.1420225174414592	0.4760392658662916	-0.6703314045055779	1.478096516552461	1.478096516552363	0.007905870656545026	0.04049876177408344	0.3879034778230117	-0.06654617190012296	0.025956041228634	-0.03844893402967513	-0.03029044971027759	-0.2286479433378946	0.2041976203175588	-0.003450964077382733	0.008719500305941074	27.90592811703112	-8.218099051211663	6.425622787867289	-7.813623840550875	-559.0489813750061	-69.67733560785399	-41.01068453477915	-1.276676591839468	-0.6232766461105456	-1.151153646457303	5.863494500510144	-0.1538877993206513	1.881036300815246	-2.002880830766248	5.833796802668792	5.833796802667708	0.03828518010836605	0.1551329938242498	1.601607318640228	0.06801780405038495	-1.287176617161494e-07	-5.909476219722967e-07	4.877692196177101e-07	8.629725712619246e-08	-6.657613181803861e-07	-3.383389409674947e-07	-1.077199113833894e-07
0.19	-0.1957093185086472	0.03532412526290287	0.8806885369021106	0.5407001714102134	-0.2783374401007205	-0.1918365737420974	-0.08960420135565879	0.1934753596709196	0.1934753596709345	-0.1737075782321546	0.1510653541435933	-0.00055754274168712	-0.02020854057522512	-0.362632274719911	-0.2000214291777533	-0.1889243176256638	1.547278541736279	-0.1433223143956749	0.4943773909513061	-0.6897733889455462	1.534708440708266	1.534708440708119	0.007983603950507611	0.04196210351613375	0.4034301268183548	-0.06576322768526191	0.01914965975435208	-0.03547782150139282	-0.02959992890302333	-0.2266807240492088	0.1990046417328221	-0.001932034911183609	0.01422704830051133	26.4421422753348	-8.608918484411618	6.473591207886818	-7.569051831878689	-557.1061480885483	-68.89903541221959	-41.12837862648293	-1.160517405753241	-0.5651154491420912	-1.163212007409391	5.508448739792925	-0.1023192662579396	1.791462350115056	-1.873011065515778	5.512289926315394	5.512289926308919	-0.01018518900448193	0.1390545969612552	1.513679158886664	0.09454772698925699	-1.224248576492747e-07	-7.108946173213657e-07	5.187611954259358e-07	7.3449487917625e-08	-6.590187848218224e-07	-3.908812667950555e-07	-1.182148570428851e-07
0.2	-0.1993929458369944	0.0332965309286839	0.8787406841130488	0.5564453611835606	-0.279774543109173	-0.186804236062333	-0.09659217080313133	0.2090950710417859	0.2090950710418103	-0.1736278057432206	0.1514918079951711	0.003551972372023149	-0.02086040428769343	-0.3739603680864189	-0.2054053224966474	-0.2006776360716125	1.601312704736689	-0.1439938562613278	0.511965985547141	-0.7075415259816615	1.588816353035236	1.588816353035049	0.007953233522683768	0.04331023856081748	0.4183761945699105	-0.06453568359898891	0.01234327828007525	-0.0325067089731074	-0.02890940809576993	-0.2247135047605197	0.1938116631480874	-0.0004131057449809143	0.01973459629508393	24.99838614867999	-8.998953077170148	6.516532330631045	-7.402367927502118	-554.8920916627466	-68.10218107747022	-41.21775050357785	-1.117249877124529	-0.5126050071293581	-1.189887944463726	5.327380036531914	-0.02823678160810186	1.731130202979326	-1.668111349995634	5.332994436902004	5.3329944369024	0.01666443575107231	0.1320916543509345	1.485491069882733	0.1569377783327694	-1.179021976340587e-07	-8.314451748635009e-07	5.553038270026639e-07	6.129099790118796e-08	-6.553475300151176e-07	-4.462849428283305e-07	-1.296684272622316e-07
0.21	-0.2031861641847603	0.03121780432173713	0.876674358765086	0.5727179026501037	-0.2812152941883239	-0.1816000047124237	-0.1037494598574282	0.2252434187851201	0.2252434187851343	-0.1735488685357879	0.151931458747334	0.007807919682249385	-0.021497839877935	-0.3845658429746343	-0.2102531431537727	-0.2126127442279596	1.652763879694537	-0.1440508154403446	0.5287507533635255	-0.7236526432254852	1.640421234729925	1.640421234729725	0.007829074152255824	0.04459984117769192	0.4326995821509692	-0.06287690914364392	0.00566814726504515	-0.02961026815919068	-0.02831249070409111	-0.2233390224331376	0.1889985315754377	0.001112168892392621	0.02515558514753429	23.63179597437944	-9.396830069599442	6.551100575342232	-7.156524205750029	-553.3105258589134	-67.36931573905615	-41.27589288315023	-1.014571509108366	-0.4578304672336379	-1.199249778448618	4.989223303154172	0.02146693084914949	1.632579220012504	-1.543065663744487	5.009467296956525	5.009467296954408	-0.02781210083793114	0.1242446166963127	1.38870035350179	0.1815955818462243	-1.168845436819395e-07	-9.49498033674362e-07	5.975349977767992e-07	5.066969484361228e-08	-6.55371668696357e-07	-5.022640369859877e-07	-1.423188764264421e-07
0.22	-0.2070819123242957	0.0290932075337732	0.8744878968301143	0.5894920032817742	-0.2826534363758852	-0.1762318398545417	-0.1110599508345967	0.2418948617976422	0.2418948617976463	-0.1734713441175392	0.1523833755359333	0.01220368841854308	-0.02211643806308096	-0.3944663264403848	-0.214579358700081	-0.2247049534734334	1.701624537762105	-0.1434720779434568	0.5447526871416897	-0.7381819105560598	1.689435406872781	1.689435406872567	0.007670675685900115	0.04576344584819107	0.4463404797834017	-0.06076820257986448	-0.00100698374998204	-0.02671382734527378	-0.02771557331241411	-0.2219645401057529	0.1841854000027889	0.002637443529766608	0.03057657399998638	22.28160965651898	-9.793464935737463	6.580771454916079	-6.983276004587267	-551.5149863636608	-66.62832428548353	-41.30003241165753	-0.9762515926315326	-0.4082839849659689	-1.221308162289065	4.809276658476017	0.09890255357281202	1.574563395335209	-1.35174136734585	4.814852526535471	4.814852526535589	0.009816616565513216	0.1068920650758775	1.348993080157479	0.2469242000196556	-1.167542330369334e-07	-1.066918563692495e-06	6.41206305056607e-07	4.043755304144454e-08	-6.563313500327722e-07	-5.583888066181718e-07	-1.552723329184662e-07
0.23	-0.2110732819835701	0.0269279470563545	0.872179774278082	0.6067420274024384	-0.2840828345106117	-0.1707076924148444	-0.1185077919007798	0.2590237643997955	0.259023764399795	-0.1733957804866882	0.1528465825238008	0.01673247782515556	-0.0227118821922714	-0.4036932359655555	-0.2183863633694638	-0.236937714695284	1.747955767364319	-0.1423139037482244	0.5599495463697712	-0.7511308084251913	1.735923086324514	1.735923086324267	0.007430804507155908	0.04686105308832156	0.4593035553905633	-0.05825449941732837	-0.007671676817753268	-0.02391281815224867	-0.02720030963428987	-0.2210723935848597	0.1797184660355502	0.004170640395761976	0.03602099489237041	21.00227253120341	-10.19827352130311	6.602981864610486	-6.78657172609982	-550.325562384822	-65.94167060925027	-41.28750337066345	-0.878749225865616	-0.3539450630658222	-1.227115075401754	4.481361807591461	0.1383978205016964	1.472987980187287	-1.228139858392621	4.502453199667143	4.502453199662138	-0.04269239047135138	0.1084960585767545	1.252877462004118	0.2636081261446823	-1.222375703532241e-07	-1.189206919743644e-06	7.005264713335901e-07	3.282784854509871e-08	-6.679909784560865e-07	-6.214385176270807e-07	-1.712218972778945e-07
0.24	-0.2151534884567771	0.0247272092612137	0.8697487531191778	0.6244426269584246	-0.285497826309785	-0.165035428224138	-0.1260774571179931	0.2766048893055013	0.2766048893054956	-0.1733229762486991	0.1533202257850882	0.02138748052004134	-0.02328018633948166	-0.4122336892269589	-0.2216748222445027	-0.2492846748478697	1.791739624826427	-0.1405908108328618	0.5743760373435592	-0.762546740762156	1.779879867583247	1.779879867582967	0.007118797113333183	0.04785070053225694	0.4715831374380695	-0.0553402061838287	-0.01433636988552264	-0.02111180895922604	-0.02668504595616621	-0.2201802470639668	0.1752515320683104	0.005703837261754713	0.04146541578475724	19.73647346490898	-10.60164136940648	6.620609554343169	-6.658600586820264	-548.9679948537508	-65.25718110400108	-41.23574265786829	-0.8389603398781004	-0.3045748260971869	-1.244147948436093	4.29980223045477	0.2118862975988496	1.420489744476513	-1.04514826091247	4.308672887935767	4.308672887935692	-0.004610626450194734	0.08530010583685806	1.212294368226398	0.3270422142123598	-1.293248070870282e-07	-1.312886083232797e-06	7.643177401811948e-07	2.596741185041625e-08	-6.827077346185148e-07	-6.864667833150539e-07	-1.880274924565813e-07
0.25	-0.2193157405909597	0.02249620060086163	0.8671937868968246	0.6425683656907464	-0.2868929389765528	-0.1592228566411601	-0.1337534774704197	0.2946129879516189	0.2946129879516179	-0.1732537810504206	0.1538034267455758	0.02616186073037563	-0.02381748602130014	-0.420103971477198	-0.2244384901511706	-0.2617157534459221	1.832979362065343	-0.1383432510140934	0.588010918875	-0.7723940492410519	1.821316650134555	1.821316650134386	0.006716220483365901	0.04877208300075272	0.4831804319123394	-0.05205456789663283	-0.02113598520909808	-0.01835194326263514	-0.02623971384921056	-0.2196632415816637	0.1710066814734112	0.007249245354420342	0.04706787857448181	18.49540212849447	-11.00805367538869	6.631196668783233	-6.497564671597898	-548.3347115660233	-64.61371818907344	-41.14223381591651	-0.7441426458019554	-0.2489949609148409	-1.243802644053082	3.971737255866389	0.2445482953731913	1.31567436530928	-0.9150300690589679	3.99773763320703	3.997737633223771	-0.05883049483508376	0.09275014982510339	1.116563615885461	0.3392192500014601	-1.396710675738019e-07	-1.420664334175274e-06	8.32327029838794e-07	2.11738600638579e-08	-6.942535429984352e-07	-7.474354997300368e-07	-2.049308930424901e-07
0.26	-0.2235533116432857	0.02024020882385022	0.8645142669227782	0.6610936373525091	-0.2882629045508612	-0.1532777988413016	-0.1415200724931712	0.3130227657621452	0.3130227657621514	-0.173188761481155	0.1542952800972423	0.03104883721122424	-0.02431995039744101	-0.4272974728556457	-0.2266714455763707	-0.2741954251864738	1.871646210714519	-0.1355613923410315	0.6008732807196981	-0.7806616748271809	1.860215700465014	1.860215700464958	0.006283671310795061	0.04958117876801527	0.4941023915409363	-0.04837314504830683	-0.02793560053266514	-0.01559207756604444	-0.02579438174225254	-0.2191462360993561	0.1667618308785135	0.008794653447086126	0.05267034136421185	17.26600785074935	-11.41302992963464	6.63757943655723	-6.404180676994396	-547.5648240378443	-63.98236920314793	-41.00449576226971	-0.7036041655198785	-0.1984323298036219	-1.253866576935948	3.785224512507026	0.3187460684575619	1.265985807127989	-0.7292116823590693	3.801126443766104	3.801126443766424	-0.0106051349709087	0.06284276559021253	1.077227399091776	0.4061991264383805	-1.51060215661526e-07	-1.523354293102814e-06	9.016860861555916e-07	1.704171144789926e-08	-7.047846480879532e-07	-8.071051603776627e-07	-2.218655913587098e-07
0.27	-0.2278595147117186	0.0179645115117864	0.8617098064020597	0.6799928386585145	-0.2896025685640157	-0.1472079987000483	-0.1493614849496076	0.3318089378221033	0.331808937822134	-0.1731283469101781	0.1547947946698728	0.03604161727615871	-0.02478378443913886	-0.4338338690346522	-0.2283825662251352	-0.2866926547339043	1.907769523138308	-0.1322893539222803	0.6129606978242282	-0.7873662376403621	1.896596252265684	1.896596252265416	0.005801751625427533	0.050302306170927	0.5043375801583225	-0.04433161481894986	-0.03476492352554304	-0.01291644310631835	-0.02543176072095397	-0.2190755585624491	0.1627505789281521	0.0103271221209523	0.05832932765120104	16.06426090324878	-11.81049498553304	6.635074278791117	-6.23742036164515	-547.4910976131491	-63.38512317722635	-40.82002842005902	-0.6122649515802033	-0.144631149459892	-1.247189020234402	3.462193887588052	0.3438292203989714	1.160965834987425	-0.6028917578327355	3.493195921726417	3.493195921694485	-0.06677750538847541	0.07360639167504708	0.9792434119510057	0.4125737835892018	-1.548373977198507e-07	-1.612250048329857e-06	9.427491396525871e-07	6.663230637025703e-09	-6.893309661532238e-07	-8.514620447588096e-07	-2.342233214987684e-07
0.28	-0.2322278032634396	0.01567426714982551	0.8587804660105496	0.6992405349448128	-0.2909070328946195	-0.1410211551531753	-0.1572623056695827	0.3509462506747699	0.3509462506748246	-0.1730727099600697	0.1553008922493385	0.04113326499104484	-0.02520531441606219	-0.4397145695132285	-0.2295808555557842	-0.2991713993448017	1.941345206773031	-0.1285214558309273	0.6242819618436354	-0.7925433275349468	1.930443859006718	1.930443859006237	0.005328147137307937	0.05089778013517472	0.5138759215312669	-0.03991233209339935	-0.04159424651841093	-0.01024080864659107	-0.02506913969965699	-0.2190048810255352	0.1587393269777932	0.01185959079482027	0.0639883139381958	14.87275659312914	-12.20660277340565	6.628754299269457	-6.137006373259542	-547.3055030025926	-62.80938866683407	-40.58630995415587	-0.5724650254338868	-0.09586606618052715	-1.250169589629348	3.275698754694142	0.4179180029779176	1.112755190103388	-0.4237170986397918	3.294537431839031	3.294537431839152	-0.008942095521322545	0.03771207785740998	0.9378579502034081	0.4817496256770881	-1.559034685896223e-07	-1.69623279949919e-06	9.73734164748009e-07	-5.939971229570995e-09	-6.646224285660228e-07	-8.903650636203884e-07	-2.449508985897833e-07
0.29	-0.2366517702152897	0.01337450692210071	0.8557264818257748	0.7188117336386139	-0.2921715864836361	-0.1347248984379764	-0.1652075055992389	0.3704098223131702	0.3704098223132025	-0.17302193340977	0.1558125361591358	0.0463168327533774	-0.02558097690468163	-0.444974725628615	-0.2302949752916012	-0.3116135688263472	1.972493664058591	-0.1243236148771598	0.6348520659901515	-0.7962773268887056	1.961867224420752	1.961867224420358	0.00481941007138366	0.05141273277779556	0.5227161648486534	-0.03517214564626838	-0.04824551563912564	-0.007761592744615471	-0.02480481175642146	-0.2194855164713793	0.1550518115330068	0.01334560497323693	0.06950466245230036	13.74704011418018	-12.5869296250647	6.611779835955321	-5.948239506967997	-547.6266048993598	-62.26573075120875	-40.30107562886268	-0.4871776286733633	-0.04775462357961956	-1.239591836682894	2.974275929428139	0.4306561666359883	1.011270382158203	-0.3153416276005157	3.005799055308617	3.005799055321501	-0.07319490223573842	0.05540444521244654	0.8388709282955422	0.4775118854942529	-1.440974556936358e-07	-1.782867251874472e-06	9.59400326212666e-07	-2.960907551274047e-08	-6.149474547521414e-07	-9.141422622437543e-07	-2.495600226915621e-07
0.3	-0.2411252160731101	0.01106989155775826	0.8525484057043315	0.7386823882480593	-0.2933921738581028	-0.1283265142102659	-0.1731834655772038	0.3901755401975358	0.390175540197547	-0.1729765153081516	0.1563287331129077	0.05158515563004164	-0.02590776578257713	-0.4496103507072969	-0.2305518828793135	-0.3239897866784835	2.001236389901803	-0.1197282129210004	0.6447074643459667	-0.7986953371967281	1.990873108199706	1.990873108199398	0.004256457401149038	0.05180838893033768	0.5308269443976104	-0.03013760994861166	-0.0548967847598342	-0.005282376842639928	-0.02454048381319183	-0.2199661519172185	0.1513642960882216	0.01483161915165388	0.07502101096640844	12.62843228688136	-12.96593249726627	6.591660727967136	-5.815923489182278	-547.8817694910076	-61.75341028936487	-39.96026984210208	-0.4475588180929952	-0.004423636559584244	-1.236979263747518	2.794552466224628	0.4974302034562899	0.9698140319631655	-0.1605192894925616	2.811041104822986	2.811041104822943	-0.01978521638339177	0.01385277984166929	0.7919651965175072	0.540619475782234	-1.272151280731251e-07	-1.870547445570409e-06	9.271942597665996e-07	-5.764219765033277e-08	-5.554265624263303e-07	-9.31954348660501e-07	-2.517562357553323e-07
0.31	-0.2456421227051625	0.008764888003760685	0.8492469288682494	0.7588291035347097	-0.2945649877514087	-0.1218332289509027	-0.1811772223087305	0.4102198170202047	0.4102198170201899	-0.1729369486085138	0.1568486300682891	0.05693102564749482	-0.02618286104501668	-0.4536760115318725	-0.2303826041504303	-0.3362863210772367	2.02773425122521	-0.1147834036230647	0.6538418997814015	-0.7998726720178151	2.017597010771931	2.017597010771492	0.003642023967803332	0.05215264156306485	0.5382194243985694	-0.02484594886128137	-0.06130502650108018	-0.003030757583145286	-0.02438086502668415	-0.2210068751598196	0.1480808200038163	0.01623169169708667	0.08034022302875501	11.60654640469105	-13.31798647125962	6.559751946630711	-5.623099871412998	-548.5484039857828	-61.25641247293056	-39.55928729047294	-0.3718266382284514	0.03752396563993183	-1.223209086822683	2.521529720336738	0.500792896888036	0.8688273871460832	-0.06884001479097968	2.545328483453106	2.545328483433677	-0.08473025627052493	0.04172326262544111	0.6937267311447426	0.5289541417488802	-1.138470034633895e-07	-1.976744728911528e-06	9.022699455023377e-07	-8.463622270323414e-08	-5.120156234508649e-07	-9.579741933186623e-07	-2.565096952591756e-07
0.32	-0.2501968373301782	0.006463561304657469	0.8458230429764031	0.7792296227855821	-0.2956867962309498	-0.1152518855196227	-0.1891772522757428	0.4305197855986027	0.4305197855985601	-0.1729040178131022	0.157371371901524	0.06234698793080952	-0.02640393675327483	-0.4571719492999937	-0.2298165119004415	-0.3484715978313084	2.051997182746141	-0.1095271301680966	0.6623190987293344	-0.7999499842938701	2.042011459345392	2.042011459344824	0.002929276556043421	0.05237736450128017	0.5448453975699143	-0.01933369911233284	-0.06771326824232157	-0.00077913832365003	-0.02422124624018379	-0.2220475984024172	0.1447973439194119	0.01763176424252037	0.0856594350911046	10.58605521184979	-13.66847178566869	6.525522822490349	-5.464943512782678	-549.2281814822576	-60.80080354624058	-39.09413274395246	-0.3336142068021342	0.074939067661521	-1.214727734811267	2.347566505729645	0.5597230348627708	0.8383667344627405	0.05948521951385397	2.349150305070181	2.34915030507028	-0.03944801206623397	-0.01005315906070023	0.63866383059469	0.5847372081058771	-1.020067932061648e-07	-2.09099292079403e-06	8.805116104475562e-07	-1.111784664149655e-07	-4.75609012019028e-07	-9.875626285165692e-07	-2.623750010413114e-07
0.33	-0.2547837394095171	0.004169852291764062	0.8422779458259574	0.7998618625853501	-0.2967546164598102	-0.1085892544279733	-0.1971724591103301	0.4510527248157633	0.4510527248157153	-0.1728785890023144	0.1578961446659865	0.06782549832752152	-0.02656886825908889	-0.460114251773006	-0.2288620240763589	-0.3605172395423409	2.074083133048419	-0.1039938069371608	0.6701006372840655	-0.7989082198341301	2.064200806807956	2.064200806807313	0.002147372315901021	0.05256147356925911	0.5507320107410906	-0.01362117472651791	-0.07428059258548998	0.001372367464580956	-0.02411385149746291	-0.2232234492239333	0.1415079603870391	0.01900012847826889	0.09112916818239178	9.530196552102005	-13.99503478610973	6.482957441931856	-5.238018424407755	-550.4106899413682	-60.3375227387726	-38.56146789152965	-0.2604083044436536	0.1151696784928567	-1.19498625016788	2.083953065852165	0.5567398209185082	0.7317807753289188	0.1539964776307931	2.097543229189812	2.097543229178471	-0.09920128177582639	0.03005467475955954	0.5449395093191195	0.5694558920535224	-9.529906288005944e-08	-2.188002442680988e-06	8.664672896831112e-07	-1.330193079785651e-07	-4.501261749692532e-07	-1.01319752077743e-06	-2.685832973310991e-07
0.34	-0.2593972385209646	0.001887581364853729	0.8386132914862174	0.8207039306428164	-0.2977657828856193	-0.1018520612789065	-0.2051517534166346	0.4717963007600187	0.4717963007599628	-0.1728613071642871	0.1584222408681328	0.07335913074573334	-0.02667568535339795	-0.4624913557217347	-0.2275288947038268	-0.3723830356901105	2.093962834285712	-0.0981963695578443	0.6772315102128214	-0.7967674786373208	2.084138804764132	2.084138804763414	0.001299882004256115	0.05264205203853296	0.5558698018698678	-0.007710816811333782	-0.08084791692865349	0.003523873252813974	-0.02400645675475789	-0.2243993000454449	0.1382185768546673	0.02036849271401991	0.0965989012736823	8.471031436637674	-14.32000256289875	6.43897737691082	-5.026832491089999	-551.6703522652662	-59.9254078760963	-37.95880299869149	-0.2205745019454406	0.1506673773514353	-1.178758622158699	1.906316692732963	0.6125458645389099	0.7082336092676473	0.279280566927702	1.898880403792815	1.898880403792802	-0.05256522636673626	-0.03075927880171374	0.4888994221148487	0.6243039139797114	-9.10426662523991e-08	-2.27677856994321e-06	8.561072742513644e-07	-1.52614703740072e-07	-4.298606629974782e-07	-1.036944153725074e-06	-2.749554099827503e-07
0.35	-0.2640317431389902	-0.0003794272539028357	0.8348310131175455	0.8417337626386394	-0.2987177605945877	-0.0950469713186385	-0.213103949247761	0.4927280981754087	0.4927280981755285	-0.1728527087597708	0.1589488712899639	0.07894051207029774	-0.0267224681366782	-0.4643182471606217	-0.2258063647512959	-0.3840265485794511	2.111622877236408	-0.09216113982935301	0.6836775387059325	-0.7934748890669178	2.101836905505306	2.101836905504498	0.0004198701769120317	0.05266681718344495	0.5602878361927067	-0.001614641352283517	-0.08754534128984731	0.005532111838417778	-0.02398841688330465	-0.2259389089571412	0.1353965304698231	0.02162484322518885	0.1022466061009244	7.522601990644517	-14.61159677224621	6.384975823705905	-4.915499025516103	-553.5385879873861	-59.49676409112121	-37.28449606824562	-0.1500526233278414	0.1929835797304879	-1.150318782754807	1.63873448030114	0.6048675484118871	0.5961343223351058	0.3837679302606394	1.647764416739751	1.64776441672635	-0.1060147477118741	0.0162828364355425	0.40043835008543	0.6072014342338495	-8.219859755574971e-08	-2.377209587922966e-06	8.221778104569796e-07	-1.769788639682158e-07	-4.048785712620302e-07	-1.058216435382218e-06	-2.790603463722634e-07
0.36	-0.2686817779030984	-0.002627223018028775	0.8309336653878934	0.8629287723407826	-0.2996082148019897	-0.08818075170283858	-0.2210173152275504	0.5138253744997037	0.5138253744999962	-0.172852969590889	0.1594751870483007	0.08456251032063403	-0.02670730375089471	-0.4655973849382099	-0.2236863237777016	-0.3953969078861067	2.126998375549636	-0.08589166924455673	0.6894574413191344	-0.7890015083699531	2.117234586544885	2.117234586543987	-0.0004719651221761628	0.05257911934027259	0.5639931870242262	0.004678617001413735	-0.09424276565103482	0.007540350424025091	-0.02397037701187375	-0.2274785178688315	0.1325744840849805	0.02288119373636202	0.1078943109281706	6.5671630431976	-14.9018638005405	6.330649097363345	-4.805392517889785	-555.5343152895554	-59.12770917100801	-36.53796443271094	-0.11102376968567	0.2301695815641241	-1.124127905621687	1.449407765239511	0.6593940357998986	0.5750084332858119	0.5154387922400148	1.438796463473867	1.438796463473878	-0.05492992071555889	-0.05325187641858455	0.3463627238509489	0.6637204929091058	-7.095482346916753e-08	-2.483737010278048e-06	7.759197121344455e-07	-2.038374548404469e-07	-3.774293454963532e-07	-1.078194440979716e-06	-2.819793751785044e-07
0.37	-0.2733418691996296	-0.004851851060122271	0.8269241075465207	0.8842661635470188	-0.3004348916131362	-0.08126041223572879	-0.2288798756832602	0.5350653254183636	0.5350653254183404	-0.1728619443938849	0.1600004783818465	0.09021809410971723	-0.02662826929055961	-0.466328416088403	-0.2211754902091028	-0.4064538892450352	2.140091703822894	-0.07941052109222001	0.6944899783885005	-0.7833011980967267	2.130370561585342	2.130370561585262	-0.001307150015698608	0.05246801129003358	0.5670074935264638	0.01115827880418755	-0.1013075451391564	0.009467566236107814	-0.0239822111418082	-0.2288872077068985	0.1294908280728839	0.02414547817225835	0.1138652244391431	5.495293754858757	-15.17374882748532	6.271744663353125	-4.604933525910939	-558.0594573855631	-58.75287745784893	-35.71882326338405	-0.040279081901163	0.2710666884343323	-1.087441069079587	1.181061412974867	0.6476302196934716	0.4489812142849021	0.6287348461657655	1.193299292223413	1.193299292345979	-0.09578693969843267	0.008074754397830463	0.2615257115435545	0.6448965179163236	-8.150130326149331e-08	-2.502405061245261e-06	7.999584110230083e-07	-2.054941736262701e-07	-3.737311193666112e-07	-1.084988785680156e-06	-2.892479706005881e-07
0.38	-0.2780064980665057	-0.007049465477744458	0.8228057883279484	0.9057228412469089	-0.3011957259398109	-0.07429342642382038	-0.2366791514959774	0.5564250963410075	0.5564250963406749	-0.1728788658790235	0.1605242816396324	0.09590033318344954	-0.02648347671340581	-0.4665048990071978	-0.2182835988834396	-0.4171491833260015	2.150855674280388	-0.07272317235016729	0.6987867102787831	-0.7763445797714269	2.141198587341469	2.141198587342206	-0.002061301550333944	0.05228150418877019	0.5693242439540369	0.01783024036515396	-0.1083723246272738	0.01139478204819316	-0.02399404527176146	-0.230295897544961	0.1264071720607886	0.02540976260815788	0.1198361379501181	4.412405529894576	-15.44439260454083	6.213428739751802	-4.387619499275246	-560.7650221775921	-58.44563660955507	-34.82569417343743	-0.0001141234060196158	0.3063811329770018	-1.051790450029259	0.9835362020866001	0.7006341537430937	0.4278473974691277	0.7667004026546961	0.9772066066077452	0.9772066066077663	-0.03872324893813687	-0.06833168662346135	0.2068515089180342	0.702180444547623	-1.044993566989094e-07	-2.470867757133691e-06	8.641667083179124e-07	-1.927498226484315e-07	-3.836048930288322e-07	-1.084249609867992e-06	-2.990020326602961e-07
0.39	-0.2826701805352237	-0.009216309884155113	0.8185824342879543	0.9272756514839309	-0.3018888246437369	-0.06728697123119178	-0.2444027521323056	0.5778817342254695	0.5778817342253327	-0.1729030072554606	0.1610458057197648	0.1016022847517526	-0.02627115766585292	-0.4661461694562861	-0.2150268192250777	-0.4274499026312441	2.159330446202932	-0.06587316919333246	0.7023789343917153	-0.7681814397757826	2.149756359620957	2.14975635962146	-0.002745205406440588	0.05201939260933762	0.5709543140673118	0.02465697028589606	-0.115348147845463	0.01311432410778436	-0.02409849719044205	-0.2320397308790338	0.123797239315125	0.02649501540601304	0.1257618474356867	3.456949542694495	-15.6556003013988	6.141073243853276	-4.240169953226618	-563.7859669386653	-58.07750434081521	-33.86334873649777	0.06666909676736066	0.3440582866858527	-1.008531843502748	0.723042098567211	0.6808372587155118	0.3057587316319431	0.8702369557948585	0.7392285983265631	0.7392285982914256	-0.08029393813472638	-0.005970686445055431	0.1242915286506905	0.6767117746226639	-1.273114717018336e-07	-2.411769525874955e-06	9.276846105689783e-07	-1.764224943043318e-07	-3.904110109258081e-07	-1.070606287756526e-06	-3.067242980932905e-07
0.4	-0.2873277151879472	-0.01134884011309812	0.8142582092203615	0.9489019283224239	-0.3025126925436823	-0.06024842403474835	-0.2520388981371223	0.5994127830446677	0.5994127830447247	-0.1729334016672959	0.1615645447255354	0.1073171783744121	-0.02598981281733558	-0.4652753358082705	-0.2114207633899105	-0.4373233888457199	2.165548994574631	-0.05887701155402414	0.7052051110417147	-0.7588536534691155	2.156080774288734	2.156080774289003	-0.00331190863005857	0.05172448931622869	0.5719126548253255	0.03163540055804492	-0.1223239710636506	0.01483386616737635	-0.02420294910911802	-0.2337835642131067	0.1211873065694616	0.02758026820386915	0.1316875569212562	2.49130922127376	-15.86632279795677	6.070123522805163	-4.07959693289748	-566.9764296918859	-57.78046178457571	-32.83782716405814	0.1023066960147403	0.3762363683380627	-0.9663438318759082	0.5322914919173949	0.7298650502377911	0.2746379048825683	0.9996296648592484	0.5305350842656815	0.5305350842658	-0.01528312244040399	-0.07489002935873577	0.07250563786580271	0.7325205148289718	-1.500077562045825e-07	-2.335502192458969e-06	9.907724306615874e-07	-1.578631472730531e-07	-3.953061301493527e-07	-1.048924317130741e-06	-3.131808541522666e-07
0.41	-0.2919740441878663	-0.01344368570472836	0.8098374586283474	0.9705793999356435	-0.3030660442056623	-0.05318500295266772	-0.2595762942406775	0.6209960979302294	0.6209960979302274	-0.1729690850738568	0.1620799338511004	0.113038277799203	-0.02563810891247793	-0.4639111619704859	-0.207501616466128	-0.4467477674783507	2.169594098627536	-0.05178295665674783	0.7073676197005482	-0.748464741939162	2.160227727694714	2.160227727694663	-0.003811471491032099	0.05134485969373077	0.5721936061397753	0.038716434175833	-0.129152649669716	0.01634664514540005	-0.02436677744548413	-0.2356963628948175	0.1187294680882103	0.02851406748034086	0.1374697744070309	1.559274738918123	-16.01317744086924	5.984449750453192	-3.86247085302959	-570.301397492237	-57.41120126262049	-31.755429809996	0.165351094984373	0.4067345520091118	-0.9187200239319628	0.2879124622728698	0.7008296416800377	0.1699843331562197	1.082645692486417	0.3036673573493776	0.3036673573013117	-0.0656041328913233	-0.02101815760091442	-0.01118462564500845	0.6977966244017618	-1.711014564332601e-07	-2.240669633478428e-06	1.05889754133552e-06	-1.372415770514913e-07	-3.968390011531323e-07	-1.017486246515541e-06	-3.185209845681134e-07
0.42	-0.2966043557759429	-0.0154979436875986	0.8053248172210118	0.9922867811094511	-0.3035481245322281	-0.0461033713866442	-0.2670049764698485	0.6426102607275671	0.6426102607275042	-0.1730094263620186	0.1625912229346617	0.1187587718363624	-0.02521521430361279	-0.4620718534397382	-0.2033032416379107	-0.4557015519099933	2.171530906692271	-0.04462274447117155	0.7088472078302798	-0.7371108785922867	2.162250356644103	2.162250356643732	-0.004243484950625005	0.05090448091500848	0.5717915772990416	0.04587354135954284	-0.1359813282757817	0.01785942412342354	-0.02453060578183285	-0.2376091615765313	0.1162716296069584	0.02944786675681228	0.1432519918928055	0.6183312311589828	-16.16019074439173	5.900764852377447	-3.637495047938572	-573.7786866356389	-57.1149034522194	-30.62276501081882	0.197333634607382	0.4320819492250383	-0.872224991678294	0.1106322942832347	0.7430965078977867	0.1380537990621369	1.192620028243647	0.1056701929476605	0.1056701929476762	-0.001773242164279131	-0.08703986060361123	-0.0640903931709409	0.7477352280133238	-1.911086588490079e-07	-2.1332504808948e-06	1.130437764267976e-06	-1.152218894127886e-07	-3.960923818384274e-07	-9.794338708227709e-07	-3.231042162428555e-07
0.43	-0.3012140218936958	-0.01750894067617565	0.8007250357664428	1.014003410097833	-0.3039583632555074	-0.03901010808988416	-0.2743156473058024	0.6642343416684335	0.664234341668392	-0.1730537345882535	0.163097725280804	0.1244718788264275	-0.02472045545063039	-0.4597920487258157	-0.1988605518093777	-0.4641710747978818	2.171477247967959	-0.03742171289616836	0.7096818612057688	-0.7248980606513808	2.16224044212217	2.162240442122094	-0.004589170105734436	0.05040344727369403	0.5707198117130307	0.05308380346658764	-0.1425187127274537	0.01893457275174171	-0.02476110128495041	-0.2398069371448586	0.1141340031845262	0.03036110274405339	0.148772754869754	-0.2242035995038015	-16.31602946137722	5.81908648197067	-3.413415595169811	-577.2816016218379	-56.90312897788263	-29.44649582135606	0.2536803786659099	0.4556819638445305	-0.821845461578725	-0.11103964706401	0.7091460193020785	0.03727969537388298	1.254396869088876	-0.103065676090058	-0.1030656760457196	-0.04688586386688202	-0.03078211293239658	-0.1452502166004968	0.7087009437703534	-2.853053898303121e-07	-1.855744071437235e-06	1.606668115185925e-06	-1.363934247812815e-08	-4.693002155610517e-07	-9.365206700254555e-07	-3.717412392387311e-07
0.44	-0.3057988146665332	-0.01947444687363191	0.7960430531781478	1.035709967560718	-0.3042964837556367	-0.03191227654165336	-0.2815004331239322	0.6858485747838143	0.685848574783799	-0.1731006836083721	0.1635993878911302	0.1301709620455755	-0.02415338812823347	-0.4570971844566421	-0.1942050834137546	-0.4721417786551629	2.169516601592627	-0.0301990998411439	0.7097608581245205	-0.7119338750274818	2.16028079154719	2.16028079154741	-0.004771643728148005	0.04993653375089732	0.5689868231156467	0.06033523524244475	-0.1490560971791287	0.02000972138005718	-0.02499159678802997	-0.242004712713193	0.1119963767620921	0.03127433873129119	0.1542935178467011	-1.07458981170522	-16.4732117972427	5.740727998538836	-3.1869514016035	-580.9218476731435	-56.76621136779767	-28.23340147218142	0.2803455456576384	0.4746376626430724	-0.7724611855568192	-0.2707652359205802	0.747412803902042	-0.01307749228531985	1.342893564842262	-0.2842770176612924	-0.284277017661319	0.03086906437489271	-0.08021583690005987	-0.1963349954455348	0.755969161775788	-4.341680892283425e-07	-1.452910209546242e-06	2.381091191987926e-06	1.465684692009228e-07	-5.970008041532877e-07	-8.900258086247906e-07	-4.528389505764948e-07
0.45	-0.3103546086647075	-0.02139242866111311	0.7912839329536562	1.057387426498015	-0.3045627378029582	-0.02481523766121071	-0.2885522446584037	0.7074331841075101	0.707433184107455	-0.1731504838411239	0.1640950980323033	0.1358492373504525	-0.02351416398143628	-0.4540005716075244	-0.1893650092118983	-0.4795935706920858	2.16568377792756	-0.02305405789278986	0.7095210865576249	-0.6983341921373787	2.156338127729049	2.156338127729073	-0.005152845346388827	0.04922266411938807	0.5665625890286592	0.06751033293763961	-0.1553106750083108	0.02104366094653966	-0.02526293433321379	-0.244519701755755	0.110272431603362	0.0317950517543421	0.1595633980661581	-1.808138615774993	-16.46868143604111	5.623225627087801	-2.964142211134634	-584.6076225075503	-56.3576450127119	-26.99165092214012	0.3334298769036264	0.4926755839363735	-0.7183646314195138	-0.4833128225364115	0.6974235542890453	-0.04877134073160914	1.382641610516273	-0.4946051068635045	-0.4946051068928055	-0.06734227207499768	-0.06493962200781846	-0.2813225469714454	0.6982739317340483	-5.310173227592895e-07	-1.112847398759019e-06	2.938406804987446e-06	2.624536373823251e-07	-6.691573222832054e-07	-8.087186713252829e-07	-5.071785485345266e-07
0.46	-0.3148776143899178	-0.02326121304957982	0.7864529295250634	1.079017802820514	-0.3047576666979989	-0.01772446536680489	-0.2954652321720897	0.7289692979844296	0.728969297984333	-0.1732030415894867	0.1645840760580166	0.1415000993281302	-0.02280319008601859	-0.4505395298638136	-0.1843656036108571	-0.4865184194754026	2.160100078633024	-0.01593406938495674	0.7085075409171315	-0.6841690708703974	2.150581702191986	2.150581702191816	-0.005323146850685995	0.04859011065861971	0.5635041576758282	0.07468518496654369	-0.161565252837493	0.02207760051302284	-0.02553427187838736	-0.2470346907983194	0.1085484864446314	0.03231576477739368	0.1648332782856155	-2.543094553926875	-16.46727586158682	5.510073963986318	-2.776200675076088	-588.3496350330142	-56.04286895979199	-25.7378404666999	0.3532313245762994	0.5065039424800752	-0.6670725348356072	-0.6209403618144302	0.7424021157978588	-0.1678323070048752	1.455981240217919	-0.6470293614457545	-0.6470293614456614	0.07304908716362377	-0.06395260275188255	-0.3231744486142353	0.7559200285176324	-5.862557835965702e-07	-8.230014288548113e-07	3.322036446944985e-06	3.428806907656091e-07	-6.968785840432694e-07	-6.995617133067012e-07	-5.401116557887733e-07
0.47	-0.3193642037345046	-0.02507931221895695	0.7815553421327508	1.100583815687646	-0.3048818095559563	-0.01064598383095116	-0.3022339819755895	0.7504388269174709	0.7504388269172869	-0.1732575657997585	0.1650660977504392	0.1471171742243666	-0.02202081880564354	-0.4467170228647722	-0.1792385934055416	-0.4929062601674326	2.152826474563315	-0.008912934328450485	0.707105296636599	-0.6695124937187925	2.143032464207317	2.143032464207189	-0.005585678113773691	0.04781221869047201	0.5598021936368286	0.08177086747798236	-0.1677756352104939	0.02274762042598495	-0.02571834056940963	-0.2495406947948704	0.1065515962335346	0.03281864678150799	0.1700110186847116	-3.372963699611141	-16.44103287758938	5.392418067178683	-2.408709757509973	-592.1329120988138	-55.75235255994556	-24.47489040410412	0.405903772813327	0.5182211385856001	-0.6108619652593302	-0.8220451414270368	0.67875259656875	-0.1394440600741513	1.48075536925437	-0.8525029655593399	-0.8525029655531274	-0.07644680845040014	-0.08569112915527805	-0.4099891933713738	0.6818616293367143	-5.7275044287313e-07	-6.455023312292325e-07	3.313492478917203e-06	3.583895738365228e-07	-6.664828638536967e-07	-5.830117918456182e-07	-5.252901102311427e-07
0.48	-0.3238107393320521	-0.02684565697047522	0.7765966319077431	1.122068797571706	-0.3049363843841504	-0.00358412945220258	-0.3088541141242487	0.7718241370809489	0.7718241370806781	-0.1733148238377402	0.1655401437961206	0.1526939731178471	-0.02116819684677815	-0.4425287804559188	-0.1740147200390869	-0.4987429860143863	2.143893882018493	-0.002020463432273411	0.705182109496197	-0.6544455399022834	2.133737948279371	2.133737948279284	-0.005869912393078197	0.04699498130996085	0.5554489571246867	0.08873532066461076	-0.1739860175834971	0.02341764033894563	-0.02590240926040948	-0.252046698791426	0.1045547060224365	0.0333215287856204	0.1751887590838065	-4.205418142100148	-16.41856744463371	5.280198801251061	-2.074056555934351	-595.9883685772662	-55.57015462861423	-23.20333695356711	0.426378406538736	0.5258765747079041	-0.5568495658203357	-0.9527380568367584	0.7166692837320259	-0.272020878978779	1.538056573198788	-0.9960849501012435	-0.996084950101219	0.06870848392026238	-0.0718216852245748	-0.4534289432427261	0.7316741635555766	-4.995806706064225e-07	-5.655118397322727e-07	2.964571415430464e-06	3.175543845608513e-07	-5.856459895191562e-07	-4.600453360759479e-07	-4.690211301575429e-07
0.49	-0.3282137458822659	-0.0285593135534473	0.7715823579225503	1.143456523215089	-0.3049223952171313	0.00345553820416311	-0.3153215204105878	0.7931081148406899	0.7931081148406842	-0.1733741731908365	0.1660059759738297	0.1582242363845799	-0.02024618761117198	-0.438019215945641	-0.1687032655020162	-0.5040123557283004	2.133381133861657	0.004792086275189325	0.7026801016660726	-0.6389783496313717	2.122770089466093	2.122770089465993	-0.006012392757289081	0.04616220963134868	0.5505026960464204	0.09564060021045939	-0.1799912474117212	0.02382559166427828	-0.02604796773368999	-0.254950522423058	0.1030650900270629	0.03358649136076292	0.1802108091855191	-4.890314858647963	-16.31135280198395	5.146176615081316	-1.814693430707243	-599.9776035609907	-55.29422857328861	-21.92423398286768	0.4712020605710437	0.5358391023120387	-0.4971716702566065	-1.141114197574265	0.6592510850312147	-0.2503866616961137	1.559655414168153	-1.190175129530117	-1.19017512953187	-0.05756001084312205	-0.09094058713551451	-0.5303606708029233	0.6658219639710897	-4.470415877663606e-07	-4.846913525181132e-07	2.731419024287614e-06	2.930740619342617e-07	-5.269545880508892e-07	-3.535071049619028e-07	-4.291513119548961e-07
0.5	-0.3325700654699174	-0.03021944374922756	0.766518352041002	1.16473100717641	-0.3048411398988821	0.01046796659689405	-0.3216325337621916	0.8142738062557803	0.8142738062560393	-0.1734353140904243	0.1664630932991622	0.163702009844393	-0.019255952157333	-0.4331913879434122	-0.1633094426007234	-0.5086893652854189	2.121245545606131	0.0114327668137656	0.6997342567692737	-0.6231669529552274	2.110080679349254	2.110080679349143	-0.006228221691553518	0.04525201083449673	0.5449509957407799	0.102380564311172	-0.1859964772399459	0.024233542989611	-0.02619352620696313	-0.2578543460546922	0.1015754740316886	0.03385145393590552	0.1852328592872316	-5.57991581975068	-16.20586842802157	5.015349514864307	-1.574215412739948	-604.0643709729758	-55.10870997549195	-20.63930704706021	0.4900311049289693	0.5423502475523274	-0.4383775344612096	-1.277306076574836	0.6822954499547345	-0.3607882923136986	1.606897854245334	-1.340395210813277	-1.340395210813376	0.05403876990955413	-0.0873071088725328	-0.5745167887176	0.6986110745283808	-4.139196243866711e-07	-4.030896928642366e-07	2.607225383586076e-06	2.839865549773966e-07	-4.891059845744089e-07	-2.624307323472698e-07	-4.047159990425581e-07
0.51	-0.336876594974135	-0.03182529325431361	0.7614105763633054	1.185876285340607	-0.3046941820184745	0.01744858367057634	-0.3277837433286129	0.8353042648153032	0.8353042648156047	-0.1734985113079223	0.1669108054653432	0.169121393916947	-0.01819896375339348	-0.4280641433577534	-0.1578534280995357	-0.5127615556308806	2.10754981191149	0.01793084656066174	0.6963086083570329	-0.6070259193724014	2.095735479657778	2.095735479657685	-0.006409193807487583	0.04428760010859468	0.5388310091882199	0.1089890972544215	-0.1920084851198491	0.02452194158005977	-0.02626107356433131	-0.2606932406500899	0.0999230657084539	0.03398419562642788	0.190225411487728	-6.32997985478968	-16.02595434608044	4.865321672581822	-1.232070455960504	-608.1952820997649	-54.82642705168152	-19.35074081665408	0.5315932943016352	0.5483374783337627	-0.3761015892348845	-1.454793527693228	0.6290253943909935	-0.345883858181971	1.625062253799997	-1.522836807984679	-1.52283680798181	-0.05382846467644195	-0.1019337285704507	-0.6449421338844321	0.6375303452185535	-3.834989627923297e-07	-3.167241469329126e-07	2.494160700089835e-06	2.782671421377825e-07	-4.566534723915443e-07	-1.742107190657564e-07	-3.812489247460719e-07
0.52	-0.3411303476007129	-0.03337636052900139	0.7562651864212249	1.206876788865501	-0.3044831511091311	0.02439245811163542	-0.3337720713305061	0.8561830204859777	0.8561830204863212	-0.1735634508990455	0.1673486883894409	0.1744767376149035	-0.01707677883182239	-0.4226360124154014	-0.1523529965210709	-0.5162122181622079	2.092290617745466	0.0242473726009162	0.692385730244683	-0.5905906400496248	2.079740101579505	2.079740101579431	-0.006576696416683041	0.04328616241783556	0.5321429208212904	0.1154198678374843	-0.1980204929997527	0.02481034017050851	-0.02632862092169984	-0.2635321352454889	0.09827065738521848	0.03411693731695019	0.1952179636882245	-7.085886227805117	-15.8468761865521	4.717552291715774	-0.9007659971680433	-612.4352002245969	-54.62766990860816	-18.06128501632424	0.5502083762676229	0.55123366300773	-0.3140719716343592	-1.58999817085164	0.6459847086263989	-0.4602342323355558	1.665747002235433	-1.670430888172668	-1.670430888172709	0.05673267125727902	-0.09471250184394978	-0.6881371515914739	0.6630586024910359	-3.558347315912006e-07	-2.254974925552137e-07	2.392452095374509e-06	2.759845600300571e-07	-4.2970717581441e-07	-8.890535816497744e-08	-3.587698490371897e-07
0.53	-0.3453284179035035	-0.03487222851510637	0.751088448873654	1.227717039591271	-0.304209749951604	0.031294643339889	-0.3395945540561358	0.8768937185237379	0.8768937185236367	-0.173629733542128	0.1677763201259744	0.1797625269003653	-0.01589104213853599	-0.4169318770165557	-0.1468153817460738	-0.5190254442035962	2.075500407820475	0.03039978154995106	0.6879717044808392	-0.573860409644978	2.062130171105255	2.062130171105215	-0.006677870095613951	0.04223827843615514	0.5249308178520671	0.1216938406166884	-0.2039478563804711	0.0249321643318223	-0.02633888864722567	-0.2665044730602485	0.09683230190445756	0.03409714336130247	0.2001399910233605	-7.781439390344769	-15.60554008147768	4.552340483920011	-0.6022157652483306	-616.7439514824695	-54.35931040400537	-16.77410325559481	0.5874152643881514	0.5558631849574664	-0.2485539588447907	-1.762437684015509	0.5945766317010883	-0.4442300212504744	1.683485374285416	-1.846604964628273	-1.84660496462304	-0.04320707317329123	-0.1105763822497028	-0.750340486342123	0.6042753944653995	-3.28067308733161e-07	-1.439031739784041e-07	2.283881504338396e-06	2.721249594536957e-07	-4.032238129117195e-07	-1.088784887409874e-08	-3.360515229599835e-07
0.54	-0.349468067023767	-0.03631255279341897	0.7458868578579785	1.248381607161652	-0.3038758831758545	0.03815023965593556	-0.345248369614778	0.8974202510892403	0.8974202510886944	-0.1736969608591402	0.1681933230155072	0.184973676432784	-0.01464362396169147	-0.4109517759099049	-0.1412442549625994	-0.5211829117831465	2.057153986667774	0.03634049624534881	0.6830679478033274	-0.5568572066520868	2.042907007127922	2.042907007127917	-0.006765631202744682	0.04116039301768954	0.517214970212669	0.1277561645491054	-0.2098752197611893	0.02505398849313642	-0.02634915637275239	-0.269476810875009	0.0953939464236961	0.03407734940565513	0.2050620183584969	-8.482761233972038	-15.36442187130171	4.388567846654048	-0.3133684099712619	-621.1573459804777	-54.16644710396142	-15.49408055926749	0.6054015178286238	0.5579360647031929	-0.1829202792667538	-1.901240416393816	0.6036458578989792	-0.5581804150691765	1.720341519884288	-1.993077588789144	-1.99307758878913	0.05941518561731968	-0.1007127892009836	-0.7888860856264412	0.6207288331336388	-3.001857163823695e-07	-7.296590777704651e-08	2.167718928436732e-06	2.665205724865031e-07	-3.772526319467115e-07	5.906650544412424e-08	-3.130684943476104e-07
0.55	-0.3535466085866054	-0.03769705336943113	0.7406670087386028	1.268855091264416	-0.3034835353748728	0.04495429634121498	-0.3507308112862058	0.9177466417091651	0.9177466417090465	-0.173764659058057	0.168599362704255	0.1901052844126336	-0.0133364943753068	-0.4047133179293655	-0.1356553507754563	-0.5226732019560471	2.037288732211528	0.04209312233451175	0.6776632830985251	-0.5395913194334212	2.022109606197898	2.022109606197898	-0.006767866054776713	0.04004488689293768	0.5090302696398136	0.133631892247877	-0.2157728538502716	0.02506135527639608	-0.02628377722462307	-0.2723951496699145	0.0938487183006475	0.03397082963598826	0.2099292718429668	-9.222444024582543	-15.0734460868077	4.210590080750952	0.04451867033345815	-625.5735603496014	-53.92040649009395	-14.22508825063169	0.6395308564998005	0.5594967081124247	-0.1150994832113406	-2.067312761890932	0.5553718386340718	-0.5438813117134386	1.735683552871119	-2.162237837540007	-2.162237837539378	-0.02907696102773549	-0.1177885358605719	-0.8446877497135576	0.5650734346929946	-2.711327541081199e-07	-6.933229205495325e-10	2.043332790896875e-06	2.590125770471449e-07	-3.493171095138395e-07	1.250597533090782e-07	-2.888004141542887e-07
0.5600000000000001	-0.357561472985972	-0.03902563908109331	0.7354356534981161	1.289122293862287	-0.3030348011421573	0.05170185201674028	-0.3560393998394444	0.9378572250213038	0.9378572250216121	-0.1738321864335768	0.1689940835294054	0.1951527602454348	-0.0119717917726456	-0.3982163432154967	-0.1300612820926048	-0.5234841360053418	2.015897685689244	0.04761778259204021	0.6717677458526152	-0.5220865830142187	1.999745545570634	1.999745545570638	-0.006731466523378973	0.03889662029825388	0.5003885408030192	0.1392707678044119	-0.2216704879393543	0.02506872205965501	-0.02621839807649329	-0.275313488464821	0.09230349017759809	0.03386430986632045	0.2147965253274369	-9.967460271871532	-14.782150157955	4.033263962072563	0.3922098343637114	-630.0853985947432	-53.74139196476572	-12.97000088559521	0.6571048644945059	0.558968963844873	-0.04704905454556605	-2.206398829601455	0.5580526915720879	-0.6563549232906609	1.768111359991648	-2.306409528237032	-2.30640952823702	0.06714206230328057	-0.1072648831873706	-0.8802917384142276	0.5733584046863055	-2.406741479257208e-07	7.318164432211462e-08	1.909078379391184e-06	2.492202514411883e-07	-3.190243773195308e-07	1.862996734301095e-07	-2.629902720638288e-07
0.5700000000000001	-0.3615101859024958	-0.04029829532857621	0.7301996141753729	1.30916812477968	-0.302531826281111	0.05838793826415791	-0.3611717698296871	0.9577364840553757	0.9577364840556571	-0.1738988253261048	0.16937710243753	0.2001116938087905	-0.01055173176026931	-0.3914883638148399	-0.1244722837373384	-0.5236066614833192	1.99301797929239	0.05293612348265071	0.665371790260204	-0.5043552621633727	1.975850802973702	1.975850802973691	-0.006593754979486144	0.03770430648370264	0.4913312909693248	0.144696332962724	-0.2274059397475654	0.02499544283807074	-0.02609526862946475	-0.2783395368760033	0.09094224074586409	0.03360054193914101	0.2195169615735945	-10.65693559309939	-14.42316820506822	3.834730326361697	0.7233253283845976	-634.5704721420487	-53.47401272099671	-11.73126674153327	0.6863125500480159	0.5585665576054221	0.02264538675916206	-2.366355935315845	0.5122858516553565	-0.6430778187377166	1.780465378279178	-2.469275687833237	-2.469275687835571	-0.01247986713691379	-0.1260116969208464	-0.9284426496232193	0.5201859030863165	-2.11334963673342e-07	1.269442214727535e-07	1.76842157294812e-06	2.362100209234042e-07	-2.890614425316277e-07	2.335478661019738e-07	-2.381302890965491e-07
0.58	-0.3653904854105741	-0.04151512133525884	0.7249658495340866	1.328977638754987	-0.3019769557983884	0.06500769256734604	-0.366125862025292	0.9773691418509964	0.9773691418512499	-0.1739640002167081	0.1697480387942419	0.204978054665054	-0.00907881002997336	-0.384533661526312	-0.1188952339325503	-0.523029199713983	1.968634297271997	0.05799690692725509	0.6585013570069379	-0.4864310240866033	1.950425297880291	1.950425297880265	-0.00643866613836089	0.03648011001587708	0.4818739993845834	0.1498431113883427	-0.2331413915557773	0.02492216361648411	-0.02597213918243221	-0.2813655852871871	0.08958099131412875	0.03333677401195855	0.2242373978197519	-11.35191184710624	-14.06291715058998	3.635646443221722	1.045681316993337	-639.1498873558585	-53.2643480913553	-10.51102411315443	0.7024494420687498	0.5565792537492021	0.09294839491716071	-2.507193954309331	0.5065412023708709	-0.7512504554616327	1.806694805176315	-2.612562027532968	-2.612562027532864	0.07061752174977402	-0.1136414138422361	-0.9603000886236251	0.5176010581476425	-1.834536312368041e-07	1.545139185035461e-07	1.619426763795922e-06	2.190090305204495e-07	-2.59528011342765e-07	2.625742741888767e-07	-2.145077226617832e-07
0.59	-0.3692001918211081	-0.04267628702927937	0.7197413653954561	1.348535993862541	-0.3013726032158541	0.07155621456286035	-0.3708997728172276	0.996740102244321	0.9967401022448837	-0.1740270874189871	0.1701065427580899	0.2097480101975002	-0.007555627398022895	-0.3773736287944244	-0.1133444822597539	-0.5217495604406577	1.942794871033068	0.06283347591644303	0.6511301028881075	-0.4683259763502136	1.923523460140995	1.923523460140958	-0.006171337725118645	0.03520989589618078	0.4720614270841444	0.154748667539372	-0.2387542768338862	0.02463778796244316	-0.02577985028626714	-0.2843259941163269	0.08813365902990868	0.03311490972228585	0.2288228272597916	-12.06830213141739	-13.71897445620094	3.44128463760815	1.415971840758514	-643.6210559794418	-53.1317599782738	-9.311020818928434	0.7278706929932496	0.5533783021631867	0.1631333841477451	-2.658609929472692	0.4659565155661376	-0.7411650269640769	1.81618345041821	-2.765452610042857	-2.765452610044431	0.005951489430638699	-0.1356405550533628	-1.000057177758453	0.4701126367464369	-1.728681996553054e-07	1.029609604816004e-07	1.538101704290762e-06	2.078519270236006e-07	-2.527841912783421e-07	2.61658381316e-07	-2.077083251023985e-07
0.6	-0.3729372798034746	-0.04378213417094824	0.7145332099876802	1.367828696113548	-0.3007211365897529	0.0780288035898109	-0.3754918783932898	1.01583475266767	1.015834752668541	-0.1740872691394706	0.1704519587519359	0.2144181757315411	-0.005984773255928961	-0.3700099758927557	-0.1078315234622183	-0.519763453543035	1.915503725962618	0.06741971564056731	0.6433147632944635	-0.4500699809119071	1.895163303885102	1.895163303885055	-0.005857569779108664	0.03386251601568262	0.4619159997035282	0.1593774134170361	-0.2443671621119962	0.02435341230839905	-0.02558756139009892	-0.2872864029454679	0.08668632674568723	0.03289304543260915	0.2334082566998306	-12.79041177000149	-13.37380499102635	3.24647112943159	1.779758113970337	-648.1861015122929	-53.05033470743655	-8.134170657460276	0.7431734760249578	0.5490206786970661	0.2342419197766393	-2.797537720613621	0.4564753493581388	-0.8400675504243337	1.836884345559668	-2.904225730852185	-2.904225730852228	0.07990542830333155	-0.1290745660026105	-1.026871104659065	0.4622390034746259	-1.867501400150824e-07	-6.05216071271479e-08	1.552504583310682e-06	2.052447123207554e-07	-2.782793332923958e-07	2.183850870853852e-07	-2.247075566837976e-07
0.61	-0.3765998026884684	-0.04483308851573582	0.7093484675265503	1.38684127878909	-0.3000253044957572	0.08442078964714091	-0.3799008316935646	1.034638509974688	1.034638509975229	-0.1741443222096294	0.1707840109914911	0.2189851869881068	-0.004369367834946766	-0.3624670273073257	-0.1023694405684282	-0.5170671230458862	1.886781188805304	0.07170286431844621	0.6350074327244055	-0.4317095493151039	1.865356862939593	1.865356862939577	-0.005544322455222348	0.03254135665649512	0.4514407032382545	0.1636524956104334	-0.2496772114396585	0.02414549711187544	-0.0253538490808007	-0.2903986262514814	0.08548369689760604	0.03239045452030283	0.2377202382938485	-13.43528323684344	-12.90577946279599	3.015552599904332	2.13425744625898	-652.5992057240901	-52.75829396580431	-7.030543442953785	0.7639817775308052	0.5433285666792594	0.304957214057212	-2.944372300643797	0.4074376326639935	-0.8375204260884118	1.837292040932105	-3.053500461245242	-3.053500461240397	0.008329510244278037	-0.1349434303935722	-1.064671957211467	0.4023075696455707	-1.862535935036465e-07	-1.328058698942159e-07	1.521034496348264e-06	2.005896687952376e-07	-2.832882408981378e-07	2.071314340613979e-07	-2.268991185212045e-07
0.62	-0.3801860708420625	-0.0458297167371936	0.7041942140902667	1.405559683975589	-0.2992880003138501	0.09072741147561054	-0.3841258467830332	1.053137273435284	1.053137273435493	-0.1741979837813876	0.1711025902755499	0.2234460826720698	-0.002712778643555937	-0.354759029612743	-0.09696629879626169	-0.5136656485738114	1.856668228153853	0.07571413322277523	0.6262419175226716	-0.4132823387506427	1.834164534600287	1.834164534600304	-0.005179270098816086	0.03116792491663714	0.4406928851829826	0.1676141674987625	-0.254987260767322	0.02393758191534874	-0.02512013677150059	-0.2935108495574961	0.0842810670495235	0.03188786360799251	0.2420322198878656	-14.08170896691837	-12.44356547734686	2.792510780481763	2.455440878626885	-657.0368593013663	-52.52543646793811	-6.022385958914787	0.7761832978554883	0.5372324543723375	0.375270714761803	-3.07562241944102	0.4020993946481675	-0.931704476759545	1.850240139091243	-3.181403209611492	-3.181403209611392	0.09026643480733355	-0.1395290421367091	-1.081375422658708	0.3995569424610108	-1.63636297959575e-07	-6.478504828946623e-08	1.418990615566863e-06	1.927841193886851e-07	-2.567798647987844e-07	2.451387675091458e-07	-2.063096499832384e-07
0.63	-0.3836945268268009	-0.04677266108355857	0.6990774831342537	1.423970200192749	-0.2985118618467104	0.09694410265370605	-0.3881663242267214	1.07131734618566	1.071317346185759	-0.1742475805418617	0.1714071093652057	0.2277982521914696	-0.001018064289257739	-0.3469086855158413	-0.09163730458194426	-0.5095636797343859	1.825211358055255	0.07946200895418493	0.6170267878775787	-0.3948142971463688	1.801626996746571	1.801626996746529	-0.004745589909340609	0.02973350073771172	0.429700625218344	0.1712652258568037	-0.2600705966516643	0.02351057119729951	-0.02483611869723143	-0.2966574044962341	0.08301477034598997	0.03140872069189444	0.2461164114445445	-14.74346647574492	-11.99532700147645	2.579093693282171	2.85686025125469	-661.3288660923401	-52.36210331989203	-5.107274445579838	0.7929768685330891	0.5285603683526134	0.4451413669702395	-3.214279729373073	0.3531988391260499	-0.9270073871092108	1.844914097190455	-3.323343199492901	-3.323343199501743	0.01909218906201666	-0.1460382555337216	-1.114188088049342	0.338201868767921	-1.408337625530462e-07	-1.844243787876143e-08	1.301430858633331e-06	1.784925868311607e-07	-2.274099785806701e-07	2.686096141773909e-07	-1.859197269452077e-07
0.64	-0.3871237759899855	-0.04766274999510211	0.6940052681463222	1.442059435624063	-0.2976998311869085	0.1030665244996044	-0.3920221556691482	1.089165360732252	1.089165360732238	-0.1742930058248331	0.1716971563831186	0.2320392917502863	0.0007112249658793232	-0.3389176653019151	-0.08639521183197492	-0.5047624549574691	1.792412070984499	0.08289257175514271	0.607388051083483	-0.376353138498295	1.767752893843206	1.767752893843105	-0.004344974598090701	0.02827351056825543	0.418466893066388	0.1745291476665349	-0.2651539325360078	0.02308356047924752	-0.0245521006229586	-0.2998039594349733	0.08174847364245529	0.03092957777579279	0.2502006030012225	-15.40752161124683	-11.55239764515138	2.373047873801613	3.229770908721219	-665.6538787052301	-52.25154537428119	-4.281556754189747	0.8043185212603871	0.5198521615027271	0.515121902260072	-3.344105813872811	0.3386368085577903	-1.016425906560128	1.848863547851221	-3.448716219541281	-3.448716219541251	0.08365345916223552	-0.1446422402428881	-1.129669860122222	0.3221296327990351	-1.177208252148324e-07	-8.425478658078367e-09	1.157871525444874e-06	1.533326500747101e-07	-1.932451294608484e-07	2.677220235394417e-07	-1.658641774476092e-07
0.65	-0.390472470183409	-0.04850088618286836	0.6889845127747356	1.459814188564572	-0.296854981850331	0.1090901739051016	-0.3956935109905236	1.106668261977024	1.106668261976636	-0.1743341576306727	0.1719725866491776	0.2361669724247049	0.002471330531367836	-0.3308017624876789	-0.08125023632636838	-0.499275127371694	1.758327330573371	0.08602293492663451	0.5972709650925707	-0.3579332585306815	1.732620727071793	1.732620727071815	-0.003890236111605465	0.02681426376174892	0.4070388526347936	0.1774229800016134	-0.2699147820852411	0.02262159974144739	-0.02422268511836232	-0.3029829705589076	0.08056748753944054	0.03032179087367091	0.2539831423120019	-16.03574825338916	-11.05565515474904	2.153605742454685	3.628911895627664	-669.720974522654	-52.06039146367147	-3.541426745239052	0.8181345793560661	0.5091160678684974	0.5825277532161219	-3.472343983431389	0.2919236752521902	-1.02010393862583	1.836250308130799	-3.576430532059668	-3.576430532041363	0.02565262836055217	-0.1465301144925933	-1.15390970766828	0.2625361935528461	-9.60227887826464e-08	3.673852419584564e-08	1.041974259344944e-06	1.398556468949024e-07	-1.654029498487669e-07	2.818724861036412e-07	-1.452039642844815e-07
0.66	-0.3937394236651204	-0.04928811345102275	0.6840220285923027	1.477221756935229	-0.295980491361277	0.1150105016520356	-0.3991811274948402	1.123813648828858	1.123813648828099	-0.1743709083346512	0.1722334316044433	0.2401794649802095	0.004258279652145253	-0.3225695229594083	-0.07621342790960231	-0.4931082171267244	1.722975157014303	0.08882080225041909	0.5867237193708965	-0.3396053750864923	1.696250015255644	1.696250015255788	-0.003464754226364658	0.0253564484097198	0.3954292692835896	0.1798978587243157	-0.2746756316344753	0.02215963900364695	-0.02389326961378176	-0.3061619816828409	0.07938650143642566	0.02971400397154874	0.2577656816227802	-16.66961447128718	-10.56413549741112	1.942090729920211	4.01581124164	-673.8593769418834	-51.92018151520729	-2.876477300187015	0.827585864067253	0.4982187437346401	0.6510384340989842	-3.597592443460692	0.2721376390163481	-1.102457852712494	1.830464243166366	-3.696425228488416	-3.696425228488437	0.07780213891336807	-0.1443559493474124	-1.165978444044126	0.238338910323815	-7.691199972148272e-08	1.461714068362684e-07	9.766590587783179e-07	1.477417222552422e-07	-1.491222230508396e-07	3.235211030946275e-07	-1.234380804186717e-07
0.67	-0.3969236201032484	-0.05002556165884175	0.6791245782714909	1.49426969847077	-0.2950794921993815	0.1208232338274035	-0.4024859881446585	1.140589259592272	1.140589259592008	-0.1744032515589762	0.1724794499434348	0.2440750724215898	0.006068103242619632	-0.3142550868991071	-0.07129764815419663	-0.4862719587167216	1.686413363630529	0.0913224351120288	0.5757418682642502	-0.3213962732790856	1.658679194818446	1.658679194818512	-0.003001812687038908	0.02385664566010224	0.3836700527112447	0.1819928784797508	-0.2790833928452654	0.02162330821936098	-0.02352247027003028	-0.3093756092000174	0.07830693478838535	0.02903301467475773	0.261224364204231	-17.25990956319964	-10.04859082370879	1.726902047746909	4.420680891405888	-677.7214761266052	-51.7589552201709	-2.29470865267914	0.835576934665063	0.4850730162806695	0.7163751386114657	-3.715442057712383	0.230534997734429	-1.108255094232557	1.811705389237569	-3.816330057167406	-3.816330057179144	0.03087892224619077	-0.1515751335584333	-1.184191333914255	0.1838405686156733	-5.793314589581959e-08	2.279953317248084e-07	8.896360665127643e-07	1.470219233952264e-07	-1.290164604006404e-07	3.460432383332306e-07	-1.018645143335268e-07
0.68	-0.4000242312892431	-0.05071448898413924	0.6742987816536112	1.510946028218098	-0.2941552049312697	0.1265237062207863	-0.405609643328461	1.156983378230148	1.156983378230378	-0.1744308976157475	0.1727107137157721	0.2478524280832298	0.007896628442740822	-0.3058524725326641	-0.06650925140530123	-0.4787774765402983	1.648652799371687	0.09347842349368471	0.5642717629739292	-0.303364281883289	1.619951590147972	1.619951590147959	-0.002525320715553004	0.02240553507890414	0.371778913335516	0.1836381806536787	-0.2834911540560566	0.0210869774350744	-0.02315167092626957	-0.3125892367171948	0.07722736814034468	0.02835202537796595	0.2646830467856806	-17.85336311637385	-9.536403816415568	1.516716437461423	4.803173157254022	-681.6236456488419	-51.6327729220837	-1.795534033583188	0.8452215252956026	0.47274214243259	0.7826831873831066	-3.837346618474454	0.2030087430255982	-1.200108689447458	1.795042160844332	-3.927782075143796	-3.927782075143767	0.08051222534542007	-0.1346175156635237	-1.192363004720866	0.1483953940223922	-3.921816254115756e-08	2.546013411095849e-07	7.591974908493566e-07	1.290903760945002e-07	-1.012606260458978e-07	3.303124100670684e-07	-8.067558380971143e-08
0.6899999999999999	-0.4030404585518764	-0.05135620715978381	0.6695511642527022	1.527238975198073	-0.293210936932301	0.1321070718944104	-0.4085539550915485	1.172984638668105	1.172984638668422	-0.1744534800800535	0.1729275174398022	0.2515103488347146	0.009739532990917411	-0.2973831023527207	-0.06185934026819331	-0.4706408803988103	1.609750033062256	0.09531715405826745	0.5523471605537797	-0.2855414081356119	1.580118518210551	1.580118518210631	-0.00201273277082487	0.02095243604657138	0.3597892810980211	0.1848643611118431	-0.2875386087576122	0.02049685463204934	-0.02273313378996283	-0.3157925780804107	0.07618403443072028	0.02763365399994016	0.2678072844777428	-18.42161212565455	-9.013704679551347	1.30635029000437	5.226604761750852	-685.2180041526447	-51.50809700937555	-1.372523546572943	0.8492811942765331	0.4573954724308533	0.8448998747424741	-3.944724032153306	0.1654866066062167	-1.196808168782292	1.769409371515546	-4.038353413648134	-4.038353413634102	0.0334327805952318	-0.151214774163253	-1.204631458073271	0.09785088032285184	-2.164942683397261e-08	2.742723882845599e-07	6.27810238220396e-07	1.104803788221992e-07	-7.411224513169749e-08	3.080353966667413e-07	-5.992827048781942e-08
0.7	-0.4059716948267241	-0.0519521702494411	0.6648880632226501	1.543137298035959	-0.2922500453490003	0.1375695571137378	-0.4113213382392022	1.188582111654565	1.188582111654974	-0.1744715765245934	0.1731296784380813	0.2550478996388626	0.01159232364539751	-0.2888542749754637	-0.05735823420784376	-0.4618742023688926	1.569727970953791	0.09680314036011339	0.5400956721142872	-0.2679785587964894	1.539194099848855	1.539194099849028	-0.001628116763747689	0.01947698992843456	0.3477049238681474	0.1856154019143827	-0.2915860634591682	0.01990673182902829	-0.02231459665368409	-0.3189959194436243	0.0751407007210972	0.02691528262192003	0.2709315221698038	-18.99457978374595	-8.493458881813217	1.100121865680599	5.637381613069979	-688.8704824936748	-51.41119607366313	-1.019515003483323	0.8571129647583057	0.4429811270809241	0.908699565069028	-4.061205778281233	0.1324598904782411	-1.265485893316099	1.743037279133411	-4.146051359998619	-4.14605135999898	0.05491783781525397	-0.1390869328243391	-1.211308003196613	0.05336746289743674	-6.595040805123789e-09	2.787312602896488e-07	4.943420167637657e-07	9.03821687090235e-08	-4.829634273223412e-08	2.713990094237292e-07	-4.014966586691981e-08
0.71	-0.4088173520928081	-0.05250386023333301	0.6603157054594821	1.558629961053681	-0.2912759361500571	0.1429077352101389	-0.4139143711120805	1.203765213620797	1.203765213621476	-0.1744861128689131	0.1733169686254771	0.2584643587498145	0.01345041552570597	-0.2802642333604883	-0.05300386332418316	-0.4524988691317328	1.528626314387836	0.09795790767889805	0.5275009633322812	-0.2506740465972598	1.497268989649612	1.497268989649726	-0.001315869221596357	0.0179808716726692	0.3355869010271734	0.1859209809238281	-0.2953817695065295	0.01933745986079862	-0.02185080584373465	-0.3220498907378907	0.07410311874830944	0.02613886909444853	0.2738270667866884	-19.54844043956206	-7.950942704711101	0.8898762358385313	6.036643996333591	-692.1856229494548	-51.27034256333645	-0.7305918902409437	0.8618971292031414	0.428065190240811	0.9667163644568012	-4.161388929808377	0.09779127587449776	-1.26231789926657	1.717253567595263	-4.239331179106754	-4.239331179115334	0.01390900893869134	-0.1549869334273952	-1.212027696662675	0.006761283629003463	9.082608773913126e-09	2.722278946433209e-07	3.301366222285037e-07	6.498884301221796e-08	-1.949273927896696e-08	2.1506724337965e-07	-1.686188398919936e-08
0.72	-0.4115767194688754	-0.05301272648414186	0.6558400542609693	1.573706258838933	-0.290292118053267	0.1481187953129972	-0.416335739787511	1.218524346419192	1.218524346420143	-0.1744986205784988	0.173489275098022	0.2617596419779338	0.01530908482884106	-0.2715962969720729	-0.04879348759123365	-0.4425328894378813	1.486454924459652	0.09874491992951831	0.5146720734053268	-0.2336457193069286	1.454400266281588	1.454400266281647	-0.001222389818500296	0.01648024695791345	0.3234697473016037	0.1857308864797101	-0.2991774755538917	0.01876818789257355	-0.02138701503381645	-0.3251038620321545	0.07306553677552341	0.02536245556698361	0.2767226114035716	-20.10832679753859	-7.409976440739516	0.6828535725657182	6.431903200906421	-695.5735547371173	-51.14931181715127	-0.5000749832024565	0.8726919194462884	0.4141820969387159	1.026828856407378	-4.275152450727033	0.05890887684536818	-1.31232212230581	1.687800297353742	-4.334773993754522	-4.334773993754169	0.01116421000422815	-0.1399882246224253	-1.211134180115747	-0.04576722781521627	2.626468761202479e-08	2.39263955355642e-07	9.173805129654276e-08	2.681420383768489e-08	1.65225563731371e-08	1.111949078157527e-07	1.489632574981293e-08
0.73	-0.4142491802901779	-0.05348028779339321	0.6514669718857764	1.588355740139358	-0.2893020100621413	0.1531993037846387	-0.4185884618261907	1.232850138921042	1.232850138920967	-0.1745099552418827	0.1736466671305183	0.2649337517770127	0.01716367757072769	-0.2628961102558323	-0.04475038113636735	-0.4319888476978437	1.443280875260808	0.09922056601598753	0.5013531882776785	-0.2169743367809984	1.410596614568972	1.41059661456899	-0.001043861462279771	0.01500263560474454	0.311343360586079	0.1851067122843446	-0.3023992575005886	0.01813812768274497	-0.02091282432689981	-0.3282447203696335	0.07219104697869268	0.02458689735034162	0.2790997265239276	-20.59911296209046	-6.885763100052164	0.4833932128705372	6.879246236081656	-698.589069038301	-51.08963836052379	-0.3225175060670299	0.8686499056158415	0.3946336983441386	1.082411061333439	-4.36259503053861	0.03347622854270257	-1.353096241864732	1.645459977409197	-4.427411286581337	-4.427411286587566	0.02133677088836329	-0.150959181548977	-1.214709297086953	-0.0829099147463052	4.044354921793736e-08	2.111240018760521e-07	-1.11539342609317e-07	-5.726047955383632e-09	4.78296184755272e-08	1.934374990604451e-08	4.206186050574352e-08
0.74	-0.4168346456727376	-0.05390836628237917	0.6472021737736903	1.602568668172579	-0.2883088288593521	0.158144338498231	-0.420676739490172	1.246733044800453	1.246733044799353	-0.1745194766972149	0.1737894207313068	0.2679863340329733	0.01900959509079082	-0.2541972092234754	-0.04089692353815764	-0.4208760368165491	1.399144271018943	0.09935956226225613	0.4875773217952161	-0.2007568443672063	1.36582294179371	1.365822941793686	-0.0008597482077639911	0.01355256061618167	0.299164238677909	0.1839958421150153	-0.3056210394472876	0.01750806747291894	-0.02043863362000348	-0.3313855787071111	0.07131655718186311	0.02381133913370347	0.2814768416442811	-21.0970764708167	-6.362091402845493	0.2860734552436883	7.332611333141707	-701.6903247777952	-51.03655028545245	-0.1927613131068056	0.8724347826695094	0.3762523256074072	1.140582684658802	-4.467663459331196	-0.008421091194750235	-1.403718393268599	1.597022274926136	-4.528778206283757	-4.528778206283706	0.01228118966329951	-0.1344809517012246	-1.221681218644801	-0.1431064226079785	4.661383153798551e-08	1.958480105513663e-07	-2.211602644455718e-07	-2.324126673121307e-08	6.658139111201309e-08	-4.045093425915888e-08	5.698026197345599e-08
0.75	-0.4193330958618304	-0.05429882257146933	0.6430512694303064	1.616335510848833	-0.2873158300802864	0.162948951995001	-0.4226050421561132	1.260163693133987	1.260163693133195	-0.1745265816284559	0.1739178489509082	0.2709170993355037	0.02084214504335326	-0.2454868446187255	-0.03722222904160531	-0.4092174108986709	1.35406834367408	0.09918344495841562	0.4732694249294515	-0.1849764666902669	1.320172036070832	1.320172036070781	-0.0005583902757629863	0.01214249053645066	0.2869985964242543	0.1824340768913346	-0.3086148716348388	0.01692822804888605	-0.01995561147549177	-0.3343106270992791	0.07049821674728365	0.02301128005661797	0.2836635768519546	-21.55523362083368	-5.837035696946417	0.09114521759416655	7.714964533211288	-704.4317645502967	-50.95872660502638	-0.105867144094171	0.8712380896302366	0.358886530751796	1.191631809164543	-4.550940327501578	-0.03068407980454392	-1.455655486164724	1.557628833685903	-4.603463707915207	-4.60346370791935	0.03953001365028698	-0.1427934889616672	-1.212536044317354	-0.1747159134802139	5.364064401015691e-08	1.912078702704497e-07	-3.245213055258671e-07	-3.933425382971706e-08	8.520665519465084e-08	-9.45983174137623e-08	7.224447364932283e-08
0.76	-0.4217442622468254	-0.05465337021177943	0.6390195771988639	1.62964691766055	-0.2863262878802246	0.167608220492527	-0.4243777243813636	1.273133789019766	1.273133789019285	-0.1745305795966424	0.1740324717791417	0.2737265021523793	0.02265667647543246	-0.2367404484038746	-0.03371519378214535	-0.3970336144283081	1.308057098111705	0.09866824646154099	0.4585083219463141	-0.1696327562290047	1.273712452242937	1.273712452242858	-0.0002383555964917332	0.01079148234261479	0.2748917415469372	0.1803921380183693	-0.3116087038223923	0.01634838862485372	-0.01947258933099671	-0.3372356754914463	0.0696798763127046	0.02221122097953347	0.2858503120596257	-22.02140592136635	-5.311780139003688	-0.1024401891033143	8.110573877683763	-707.2685031860606	-50.87931744330724	-0.0568745969004164	0.8796411046896805	0.3427204781889464	1.24561679515572	-4.654727102833709	-0.07623732980157638	-1.494359616743161	1.509688831790698	-4.690513827287134	-4.690513827287404	0.01601653911734761	-0.1226685745222038	-1.209923743377291	-0.2391411524648951	6.32027857326132e-08	2.180498490790907e-07	-4.093530995685221e-07	-5.121743516333764e-08	1.034574539578982e-07	-1.320296895769895e-07	8.853228354132656e-08
0.77	-0.4240678433073752	-0.0549737188035575	0.6351122668686255	1.642493748149268	-0.2853434316541863	0.1721176179101551	-0.4259992848921531	1.285635400289951	1.28563540028954	-0.1745310408404675	0.1741336182090956	0.2764151847176107	0.02444859412736523	-0.2279733386654198	-0.03038574432711212	-0.3843482795742166	1.261169079540918	0.09784284239254375	0.4433233721189102	-0.1547694694545221	1.226482886320822	1.22648288632064	0.0001168865754419093	0.009442806623895201	0.2628512247274747	0.1779037235400146	-0.3141604788033573	0.01578820179106351	-0.01898755134306698	-0.340009139260948	0.06890070874781501	0.02142584218390346	0.2876403406020789	-22.44988102348574	-4.804727079146113	-0.2871537902643888	8.522948439120137	-709.6510656430568	-50.82559732139313	-0.04092641956056456	0.8756131864197227	0.3233621481624216	1.292041130948449	-4.726820848295274	-0.09465636777068415	-1.537640324189137	1.461130071424656	-4.758235502859642	-4.758235502874897	0.04095054807357572	-0.1401137203117347	-1.200144820108424	-0.2668238115127683	7.160245929763502e-08	2.384168564136145e-07	-4.931880432506328e-07	-6.318158487137693e-08	1.207539786265735e-07	-1.726731340212979e-07	1.040292438242591e-07
0.78	-0.4263036798149411	-0.05526171190698485	0.6313342197470106	1.654867502129459	-0.2843706223533023	0.1764737502978178	-0.4274749162409683	1.297660904395276	1.297660904394935	-0.1745288151642123	0.174221448551907	0.2789836562808718	0.02621300119131602	-0.2191915378071101	-0.02724409611200157	-0.3711809727036255	1.21344179640637	0.09665886143067173	0.4278553159535016	-0.1404469238341344	1.178491019271268	1.178491019270985	0.0002990284210618145	0.008128264914580114	0.2508495411529043	0.1748900204219789	-0.3167122537843258	0.01522801495726926	-0.01850251335512731	-0.3427826030304509	0.06812154118292436	0.02064046338826777	0.2894303691445291	-22.88797022667238	-4.29487544733954	-0.4735875304865155	8.961282770828888	-712.1504715464583	-50.75897204348238	-0.04083511107555778	0.8825793286606314	0.3051602302044213	1.342011198455654	-4.822580015585803	-0.147952708376529	-1.550980884344079	1.401540600971706	-4.842974052775084	-4.842974052774869	-0.01860352614541321	-0.1158417726413072	-1.202157094398863	-0.3441988804011032	7.616093373374312e-08	2.37388305833665e-07	-5.73729046610946e-07	-7.541328225140845e-08	1.348972497653587e-07	-2.239303825248307e-07	1.169129619206955e-07
0.79	-0.4284516184942609	-0.05551920187155829	0.6276901868685657	1.666759875582037	-0.2834112554771142	0.1806732884449005	-0.4288099860788039	1.309202902009095	1.309202902009066	-0.1745248853434214	0.1742962303833409	0.2814324715166821	0.02794492537340764	-0.2103907263644337	-0.02428255767391796	-0.3575516310271207	1.164897734652617	0.09515769548079979	0.4119895178969534	-0.1266571315935799	1.129797900842938	1.129797900842642	0.0004767340567898185	0.006838416923587691	0.2389298740292151	0.1714123784026071	-0.318998051583306	0.01467387501327539	-0.0180314947030152	-0.345322551470648	0.06741671080603584	0.01992571688279142	0.2910040338754992	-23.27639042498696	-3.832248051829436	-0.6435234692888013	9.322213747126781	-714.2877800022088	-50.76160926456637	-0.04075585401517109	0.8796555164076292	0.2873345098740327	1.384520654083909	-4.890586808102362	-0.1596371441701986	-1.613688775523662	1.354185356502194	-4.899096548055781	-4.899096548057761	0.03449063816664884	-0.1338697328289236	-1.184416881534186	-0.3618746095915488	7.90535631325701e-08	2.323919428697188e-07	-6.405110208674426e-07	-8.568932759225415e-08	1.462001098107862e-07	-2.705210551223111e-07	1.272641769483355e-07
0.8	-0.4305113843662867	-0.05574793967989816	0.6241846724072527	1.67816275490651	-0.2824685879816003	0.1847123067095749	-0.4300098606300531	1.320254645276591	1.320254645276876	-0.1745194718603232	0.1743584510507635	0.2837625810092195	0.02963960758592827	-0.2015569763482976	-0.02149366486528738	-0.3434772892771792	1.115542970785571	0.09331898529582089	0.395751339471867	-0.1134078665168304	1.080440150006855	1.080440150006547	0.0005957608819064882	0.005616032112567523	0.2271083924983165	0.1674416265077813	-0.3212838493822898	0.01411973506928025	-0.01756047605093676	-0.3478624999108435	0.06671188042914761	0.01921097037731365	0.2925776986064657	-23.67541080358002	-3.364787774595243	-0.8176303730566602	9.718545006980559	-716.5562593594235	-50.74068810807894	-0.04065478600809488	0.8891670433525406	0.2706311043138266	1.431011213143017	-4.984720438244201	-0.2154615553979213	-1.625456958051717	1.293435168210683	-4.975900534325528	-4.975900534325508	-0.03033928826770067	-0.1023491366468607	-1.182519975840734	-0.4428208554919089	7.575876810721029e-08	2.126579910509281e-07	-6.56188029881194e-07	-8.870152250183852e-08	1.469528715094568e-07	-2.99778731497311e-07	1.282089520061609e-07
0.8100000000000001	-0.4324826882936553	-0.05594967029229193	0.6208220424217944	1.689068221397473	-0.2815459580444775	0.1885868207345185	-0.43108009706488	1.330809619539771	1.330809619539761	-0.1745128715548827	0.1744088313333587	0.285974953710236	0.03129215689573491	-0.1926995962445246	-0.018882773344786	-0.3289829577692855	1.065431993226329	0.0911496144521845	0.3790833681702743	-0.1007479020083886	1.030456464124126	1.030456464123934	0.0007180115803046823	0.004478004065051589	0.2153795102943799	0.1629829482748032	-0.323085941406313	0.01363292351358694	-0.01711222158192511	-0.3502153261470154	0.06614997546749041	0.01851144621694295	0.2937361245974275	-23.9979854160622	-2.920297829151697	-0.9846777879607219	10.0717843130669	-718.3180528543123	-50.73692136679152	-0.04056048408857695	0.8846568961113719	0.2517525891183847	1.46853613863719	-5.042031340338657	-0.2261921804288347	-1.697573176970369	1.236004858176611	-5.024364185501284	-5.024364185483831	0.03262510419231791	-0.1166852109948639	-1.166071393370104	-0.4601362238352192	7.209012356794643e-08	1.922678000352006e-07	-6.691904981306842e-07	-9.12544037986406e-08	1.471275272425572e-07	-3.276387630578808e-07	1.286326518286325e-07
0.82	-0.4343652917395415	-0.05612620510684068	0.6176063341552197	1.699469029127729	-0.2806467252821076	0.1922926338542945	-0.4320269883014193	1.340861804630073	1.340861804629769	-0.1745052251713982	0.1744484002210385	0.288070437779073	0.03289757043988486	-0.1838168800518837	-0.01645450529628312	-0.3140929455004103	1.014611218644111	0.08863955034525466	0.3620111584383895	-0.08873882685931973	0.9798823154312118	0.9798823154311361	0.0008049764906512967	0.003453753129900247	0.2037306660624446	0.1580144733764466	-0.3248880334303388	0.01314611195789211	-0.01666396711292051	-0.3525681523831872	0.06558807050583317	0.01781192205657026	0.2948945505883871	-24.33101979368044	-2.471235340191194	-1.155585379816522	10.46232705046256	-720.2087234345993	-50.7046091331483	-0.0404464335879245	0.8942342611260856	0.2341064099141358	1.510147365339344	-5.126679842839278	-0.2836002080566134	-1.706304644110114	1.163257296336078	-5.093993096362555	-5.093993096362585	-0.03739644587803946	-0.07959371417394999	-1.166512381440487	-0.5447801885675957	6.68473758122446e-08	1.691144966113184e-07	-6.70931742109602e-07	-9.187333304162259e-08	1.448680525943087e-07	-3.496139743471654e-07	1.268623506601414e-07
0.83	-0.4361589124462731	-0.05627934681571607	0.6145414350754936	1.709358150684064	-0.2797742758888579	0.195825526565555	-0.4328570241721272	1.350405436941853	1.350405436941848	-0.1744966900634927	0.1744783451098131	0.2900498807289033	0.03445078795932911	-0.1748977545917939	-0.01420169913626905	-0.2988279829938406	0.9631005623543916	0.0857934410368399	0.3445023378420619	-0.07737779093284837	0.928760077295261	0.9287600772951052	0.0008940426259649053	0.002557804738572216	0.1921752431382848	0.1525445776672648	-0.3264398190672654	0.0126919751818119	-0.0162413619867501	-0.3546434817486427	0.06505218755685237	0.01718987231577759	0.2958519747652428	-24.62830242135138	-2.071554975362761	-1.307797066838876	10.78875054912481	-721.7204390598159	-50.73236307133046	-0.04034012148330465	0.8921777881773595	0.2166698432462197	1.543532410286161	-5.180134322997582	-0.2935559729187991	-1.782824698327025	1.106110193206856	-5.133974695868305	-5.133974695880307	0.03091436370663747	-0.09105882189470647	-1.147465695203566	-0.5607059830481722	6.170621082574299e-08	1.470654143849038e-07	-6.705812914136961e-07	-9.221072776346308e-08	1.423597985209903e-07	-3.695853234668829e-07	1.248627519420633e-07
0.84	-0.437863056678458	-0.0564108000381511	0.6116309579642271	1.718728790517309	-0.2789319755248293	0.199181400284666	-0.4335767329930894	1.359435319767542	1.359435319767835	-0.1744874930501389	0.1745000378306157	0.2919142877600321	0.03594678417749059	-0.1659215851426264	-0.01211680800821111	-0.2832085518084599	0.9109148740262987	0.08260974450102887	0.3266073600084173	-0.06667341691020898	0.8771324182130313	0.877132418212796	0.0009373575801007915	0.00180331953594585	0.1807234823221317	0.1465702131198947	-0.327991604704193	0.01223783840573208	-0.01581875686058122	-0.3567188111140982	0.06451630460787192	0.01656782257498557	0.2968093989420975	-24.93568567524527	-1.667794644721674	-1.463299607513897	11.1536754502977	-723.3571362161103	-50.72753318359966	-0.04021652245362311	0.9056430589415945	0.2005234035229176	1.58104110110152	-5.261686250513947	-0.3511176535358697	-1.783536091573445	1.031924915569679	-5.195077285618387	-5.195077285618254	-0.0465466821136052	-0.0513010764336304	-1.145779959839138	-0.6456739562052447	5.70550333142074e-08	1.303425755815697e-07	-6.601414899333465e-07	-9.119013244215044e-08	1.386515495738052e-07	-3.798909844745696e-07	1.217571297495076e-07
0.85	-0.4394771521189532	-0.05652223587859712	0.6088783686022861	1.72757433459176	-0.2781231438868164	0.2023562701790691	-0.4341927439636736	1.367946527682354	1.367946527682406	-0.1744778963944389	0.1745148720071017	0.293664696639285	0.03738059300029857	-0.1568850973981206	-0.01019728534869042	-0.267258183258491	0.8580933437816738	0.07910356477646462	0.3083067623235853	-0.05664769167713666	0.8250381753604523	0.8250381753603943	0.0009746847426162951	0.00118551362738925	0.1693749227223423	0.1401118102592551	-0.329176793307903	0.01183732557298022	-0.01542995832979599	-0.358571394864467	0.06409107133660992	0.0159968332945918	0.2974676765783554	-25.1781465987409	-1.305045307593122	-1.603733406480284	11.45238220760997	-724.5579132807587	-50.76343513415272	-0.04010659582133266	0.9045115550298002	0.1836098421905737	1.609732431174566	-5.307473411855163	-0.3582291350331955	-1.862204068412459	0.970059156592439	-5.227270017831302	-5.227270017804792	0.02783165901576016	-0.06357472954484003	-1.126907521795699	-0.6578254273771077	5.23836602526558e-08	1.139548146978626e-07	-6.480519710706676e-07	-8.98564504486197e-08	1.346102730951661e-07	-3.887767538736075e-07	1.184296448539157e-07
0.86	-0.4410005106974376	-0.05661528786344317	0.6062868224656905	1.735888645963681	-0.2773509462466723	0.2053463576043297	-0.4347120651160434	1.375934658722089	1.375934658721902	-0.1744681346183959	0.1745242172482037	0.2953021172101908	0.03874743739922338	-0.1477742127406254	-0.008440036888217683	-0.2509999067393254	0.804668333520311	0.0752829449272399	0.2896508661797783	-0.04733545326740664	0.7725170431977277	0.7725170431978466	0.0009703816483965877	0.0007055324597069513	0.1581258206526793	0.1331773283432637	-0.3303619819116134	0.01143681274022943	-0.01504115979901018	-0.3604239786148357	0.06366583806534848	0.01542584401419965	0.2981259542146132	-25.43035561863046	-0.9385961812217807	-1.747033720848102	11.79058921830553	-725.8800752256406	-50.76255536822409	-0.03998167131296689	0.9205224415394471	0.1680685637133302	1.642622694940866	-5.382382253861554	-0.4140056784679527	-1.854595783368422	0.8892275509012203	-5.280455147647506	-5.280455147647446	-0.05487273346066442	-0.02373612825879284	-1.12588845381385	-0.7408897672755947	4.759919211101451e-08	9.944349016406769e-08	-6.267240348669436e-07	-8.676948309066742e-08	1.28704042440385e-07	-3.897111302642122e-07	1.138597288213206e-07
0.87	-0.4424324153101834	-0.05669158541160773	0.6038593377206696	1.743665817324245	-0.2766184616250356	0.2081479816465761	-0.4351419220654275	1.383395468262312	1.383395468262246	-0.1744584356467385	0.1745294001895064	0.2968274714801257	0.04004263433284841	-0.1385946265594019	-0.00684698649546974	-0.2344518768024187	0.7506767953332736	0.07116645096511033	0.2706159327365578	-0.03876682863396575	0.7195768040290185	0.7195768040290884	0.0009657853442844016	0.0003493144433706596	0.1469538452342038	0.125787954548628	-0.3311714688629289	0.01108362248163471	-0.01469412016894918	-0.3621117287687908	0.06335521871349739	0.01491856422729521	0.298477669699638	-25.61985648461199	-0.6195100956905826	-1.872829060812646	12.08588946187362	-726.8184986540638	-50.81929967464542	-0.03987696125170762	0.9184875812647774	0.1507793968756405	1.667692677117216	-5.420909524645734	-0.4175140297792177	-1.936556507965413	0.821046115877452	-5.311039402167968	-5.311039402175379	0.02625057480813382	-0.03868861005022031	-1.111539141363359	-0.7490179216984494	4.28369481555962e-08	8.519254659886363e-08	-6.041739615062644e-07	-8.35146953300741e-08	1.22605821653011e-07	-3.893985623156221e-07	1.090989724904934e-07
0.88	-0.443772161886146	-0.05675278123188082	0.6015986931818278	1.750900399318235	-0.2759285504979589	0.2107575334777584	-0.4354900195292142	1.390324829190711	1.390324829190765	-0.1744488819073821	0.1745315961563156	0.2982413685847761	0.04126172618129889	-0.1293426053841393	-0.005419691309923096	-0.2176318655034494	0.6961504602053984	0.06676824601522904	0.2512364239666749	-0.03098355614804723	0.6662273208328964	0.6662273208329156	0.0009413351879570876	0.0001081375578685604	0.135834387595771	0.1179563113083563	-0.331980955814243	0.01073043222304305	-0.01434708053887625	-0.3637994789227459	0.06304459936164718	0.01441128444039513	0.2988293851846645	-25.81870594983325	-0.2970952219647137	-2.00108790510747	12.42168777706812	-727.8743253206568	-50.83552062363285	-0.03975947735484914	0.9350094403472292	0.1349175222730744	1.697018967353356	-5.489341642029148	-0.4703478760182919	-1.923510848700871	0.7321571213967496	-5.362303953130077	-5.36230395313041	-0.05884350390370538	-0.0007279020919701488	-1.115384897805298	-0.8293436564027972	3.822172573980687e-08	7.266412328741444e-08	-5.735389807995726e-07	-7.914971105970162e-08	1.152375122961766e-07	-3.80836977969282e-07	1.030757341867467e-07
0.89	-0.4450190474708245	-0.0568005340681884	0.5995075495827553	1.75758716631544	-0.2752839738619419	0.2131715231151624	-0.4357642631847439	1.396718665447024	1.396718665447173	-0.1744395800364977	0.174531905010235	0.2995442489674262	0.04240035574666667	-0.1200225455837115	-0.004158494587122796	-0.2005574880166606	0.6411250166959463	0.06210469719769488	0.231512616258478	-0.02400392214246531	0.612473997575251	0.6124739975752482	0.0009111631782738902	-3.221247474053068e-05	0.1247415315975416	0.1097007541386775	-0.3324644686698668	0.01043271683670729	-0.01404513554538514	-0.3653071635839774	0.06282071449024622	0.01397069420880948	0.2989217498269274	-25.96507775134539	-0.02207058468712541	-2.111238622446507	12.71678206468993	-728.5770579670328	-50.90402298140466	-0.03966495800094171	0.9322970801870409	0.1175628980385996	1.718573821084107	-5.520833348048954	-0.4706377742679797	-2.004072544340069	0.6600544624526419	-5.391755984597326	-5.391755984600438	0.02375659277525901	-0.0184413446647895	-1.10626861713062	-0.8339333277115889	3.372004020855614e-08	6.057800360157934e-08	-5.421951404202151e-07	-7.476350042990937e-08	1.078431476813246e-07	-3.711651429321829e-07	9.695244751560742e-08
0.9	-0.446172373891439	-0.05683650650711699	0.5975883350948991	1.763721341349022	-0.2746872885920296	0.2153868233129935	-0.4359728729157542	1.402572986576258	1.402572986576501	-0.1744308077572546	0.1745312598057037	0.3007361942568343	0.04345437542424541	-0.1106307725714235	-0.003063611834124087	-0.1832460432601776	0.585632067480664	0.05718997279427908	0.2114985360518414	-0.0178567712443338	0.5583242954169839	0.55832429541696	0.0008354168596258339	-8.267414012448426e-05	0.1136473689473584	0.1010343337505513	-0.3329479815254915	0.01013500145037422	-0.01374319055187654	-0.3668148482452092	0.06259682961884631	0.01353010397722771	0.2990141144691896	-26.12042431084402	0.2559516985368022	-2.223496582561957	13.05373289318109	-729.3934296080804	-50.92860417817981	-0.03956109254629919	0.9493520827192425	0.1016547283127665	1.744432421292206	-5.582842783195198	-0.5205829931946494	-1.981565348388827	0.5656604999066728	-5.441579733254407	-5.441579733254555	-0.0679583656967033	0.01724977135311129	-1.115646228196058	-0.9115163000923137	3.012664975361425e-08	5.203031292065669e-08	-5.051804226595322e-07	-7.020747892475886e-08	1.002403410023314e-07	-3.526113023690122e-07	9.002877390532815e-08
0.91	-0.4472313778464926	-0.05686233440467071	0.5958433421915568	1.769298360758904	-0.2741408902075404	0.2174005311543598	-0.4361241701295006	1.407883977553242	1.40788397755334	-0.1744228587997462	0.1745304444855977	0.3018171977097952	0.04441985137166925	-0.1011513591557175	-0.002126859541988311	-0.1657208498204577	0.5297037315216465	0.05205889795900471	0.1912067575638487	-0.01254385156161547	0.5038231697144117	0.5038231697144249	0.0007505735505122959	-7.757277796707244e-05	0.1025533713430218	0.09200895496265796	-0.33317643633257	0.009891395176155055	-0.01348812035192144	-0.3680575809531516	0.06243485364776696	0.01316585309175935	0.2989174498678322	-26.22720264319967	0.481131898248377	-2.314555048291173	13.31334185662954	-729.8321214640855	-51.00184612537501	-0.03948343450618336	0.9500326319744256	0.08593848676295242	1.761334609225881	-5.608041263468322	-0.5139228208575958	-2.058360532779722	0.4929306939623269	-5.462005275444378	-5.462005275438815	0.0207185282249426	-0.007329530486699648	-1.106277469835709	-0.9057843704224013	2.660634194994704e-08	4.365990033135055e-08	-4.674537805981798e-07	-6.5628151471585e-08	9.25361871767543e-08	-3.332738308303768e-07	8.300148298031283e-08
0.92	-0.4481950283351933	-0.05687954417788332	0.5942745555833945	1.774314054356951	-0.2736467131898367	0.2192102459240913	-0.4362265735481166	1.412648432015863	1.412648432015818	-0.1744158651069806	0.1745297862092713	0.3027872609980562	0.04529352639075725	-0.09156007930088493	-0.001339986965899659	-0.1480047842241827	0.473366905114095	0.04674569943717916	0.1706999217248459	-0.008078012218580144	0.4490169925444096	0.4490169925444578	0.00064436391114352	-5.126538115877088e-05	0.09145933600735627	0.08267414808338185	-0.3334048911396553	0.009647788901935309	-0.01323305015195573	-0.369300313661094	0.0622728776766887	0.01280160220629044	0.298820785266468	-26.34262190831921	0.7090378827239399	-2.407433669486199	13.61624567985068	-730.3812933659409	-51.02816952175843	-0.03939917935296734	0.971725370544538	0.07167878510335324	1.782606852603242	-5.664540872902034	-0.5570077305049201	-2.024576818590875	0.3962444319700839	-5.502590026740378	-5.502590026740894	-0.07223163174777679	0.02149097828335672	-1.115653774461836	-0.9734019183689214	2.381686065902643e-08	3.706226865820944e-08	-4.226078955301311e-07	-6.081576453817738e-08	8.381856188533789e-08	-3.061000495370942e-07	7.493801890793708e-08
0.9299999999999999	-0.449062121036695	-0.05688962719487046	0.5928837984384803	1.778764460159407	-0.2732064809472749	0.2208138348614667	-0.4362887645285977	1.416863449513748	1.416863449513788	-0.1744099249014928	0.1745294261909876	0.3036463297318012	0.04607244384051758	-0.0818288751708397	-0.0007007534483356281	-0.1301232917739984	0.4166566868422623	0.0412795208403709	0.1499927909006972	-0.004525587744627416	0.3939510593733889	0.3939510593734282	0.0005421972514628675	-2.39937680460641e-05	0.08034871183245552	0.07307047287871572	-0.3332090699984344	0.00944168424769592	-0.01302988088882742	-0.3703366129722469	0.06226633173510365	0.01250491563846	0.2983846707199174	-26.37455045832769	0.8822392663982322	-2.479319765721372	13.84494132131457	-730.453414558703	-51.10662588776601	-0.03934264231072532	0.9782536785558462	0.05641381385052481	1.794438532395144	-5.682897734524977	-0.5445522962118021	-2.097490557894592	0.3099308750382703	-5.513925600090509	-5.513925600091556	0.02059801721198789	-0.007055788898643226	-1.109628498104776	-0.9596399795223933	2.108211238198422e-08	3.04522286174971e-08	-3.77345474149768e-07	-5.604722481386585e-08	7.504857543195066e-08	-2.785544361173022e-07	6.680135850684111e-08
0.9399999999999999	-0.4498310145480314	-0.05689404424092847	0.5916725598363016	1.782646036693104	-0.2728215363650697	0.2222096106218864	-0.4363203933803456	1.420526741552361	1.420526741552484	-0.1744050449225449	0.1745292586804773	0.3043941198719771	0.04675416660662986	-0.07192024126794067	-0.0002067927800748345	-0.1121010756770527	0.3596010513623865	0.03568816736584202	0.1291372863338395	-0.001965586473458275	0.3386719006900665	0.3386719006900985	0.000432318603390271	-1.276382388785293e-05	0.06920361729353285	0.06323521135377271	-0.3330132488572128	0.009235579593454959	-0.01282671162568928	-0.3713729122834001	0.0622597857935182	0.01220822907062721	0.2979485561733678	-26.41484764157069	1.058007890295825	-2.552874098582019	14.11842322443322	-730.633404491835	-51.13563218824947	-0.03927938047872516	1.007211325115289	0.04262421524271205	1.810751581955524	-5.733624314510668	-0.5820427060490592	-2.054251567132671	0.1977597914133987	-5.545235129200733	-5.545235129200929	-0.07377402942618042	0.01828264449248242	-1.122547847266217	-1.01971918242432	1.906671228734342e-08	2.367910717441902e-08	-3.266085755218358e-07	-5.185496269481676e-08	6.559041370694554e-08	-2.461218861776689e-07	5.770268921399233e-08
0.95	-0.4505001038463207	-0.05689427240076844	0.5906421125346085	1.785955807797843	-0.2724930548035256	0.2233961112202547	-0.4363314414123608	1.423636333127105	1.423636333127199	-0.1744012205258475	0.1745291088405121	0.3050301277385214	0.04733645985774263	-0.0618831332025544	0.0001345169182023126	-0.09397826244670583	0.3023420034064995	0.0299947098831552	0.1081467865432034	-0.0004178792758650835	0.2832267756515029	0.2832267756514934	0.0003329987103903876	-2.136956052501166e-05	0.05797603490222968	0.05319247192948959	-0.3322187264316755	0.009053820592738753	-0.01267928237212276	-0.3722494706935928	0.06250480334976485	0.01196505686561719	0.2970357851989607	-26.33503825831935	1.17978783901704	-2.60672108193497	14.31765844675913	-730.2203978244053	-51.21361793493607	-0.03924715438151301	1.004131431070032	0.02587818816333059	1.814575847796277	-5.723720334775307	-0.5649726433285689	-2.1238185170925	0.1071972820682296	-5.54710679499396	-5.547106794999813	0.0220760730150622	-0.01099279939633832	-1.126156492108041	-1.001165817275552	1.691174495329236e-08	1.716998265337532e-08	-2.757936038103799e-07	-4.728521094357936e-08	5.609376990578331e-08	-2.128888163819693e-07	4.856565016849211e-08
0.96	-0.4510683878871918	-0.05689188869541705	0.5897931992960631	1.788692653363295	-0.2722219028915979	0.2243722329543031	-0.4363322281527561	1.426190882330702	1.426190882330763	-0.1743983719196313	0.1745287608198469	0.3055532011697436	0.04781740281564351	-0.051759189784377	0.000315580258198494	-0.07579426304748112	0.2450159435047079	0.02422223744246582	0.08706151347003023	8.667184716655064e-05	0.2276634264605481	0.227663426460508	0.0002371605074689946	-5.239996334316041e-05	0.04661673022910023	0.04296515271139713	-0.3314242040061263	0.008872061592021372	-0.01253185311854508	-0.3731260291037869	0.06274982090600902	0.01172188466060475	0.2961230142245664	-26.2634190346185	1.304036903922082	-2.662144253493172	14.56373586511398	-729.9131507308338	-51.24031887435567	-0.03920820765906844	1.024578395673508	0.01057494358652281	1.822988815731102	-5.747026703691595	-0.597845697649574	-2.073206223640065	-0.01087142349879496	-5.56887995967897	-5.568879959676996	-0.07307769141049124	0.01379771125629073	-1.148892303631467	-1.056635141186195	1.213291351832806e-08	1.562400026657826e-08	-2.235108581286791e-07	-3.561865410720104e-08	4.587366307286786e-08	-1.646059732922239e-07	3.870725977314484e-08
0.97	-0.4515349145157844	-0.05688819376375648	0.5891264077593079	1.790855640906266	-0.2720088737959155	0.2251370583271387	-0.4363313647813718	1.42818955517269	1.428189555172759	-0.1743964495829757	0.1745281568313682	0.3059625612755473	0.04819532064615349	-0.04152261787827723	0.0004268091344803839	-0.05755636281343131	0.1875441091581626	0.01837300337852173	0.06589758081384815	9.316809566504842e-05	0.1720872589958412	0.172087258995824	0.0001472381664513744	-6.126094133887338e-05	0.03528827186263142	0.03260907187742398	-0.3321321709610713	0.008801680621833632	-0.01243156997071585	-0.3730908199767784	0.06226712901804709	0.01166321877334214	0.2966382639961505	-26.43403322577967	1.367990548943697	-2.682165353226166	14.57095543867772	-730.1741148382937	-51.26993253196758	-0.03916996623723382	1.026723089633303	0.01190245761838572	1.82535004341647	-5.752880475189969	-0.5800233033034111	-2.138861452621109	0.007484997401666907	-5.549573410558749	-5.549573410556515	0.0230527069358266	-0.007118235003070732	-1.119878967524145	-1.026477285083676	7.424415359504306e-09	1.394319241181207e-08	-1.71148948085772e-07	-2.406496338204984e-08	3.559306136887903e-08	-1.167951143939693e-07	2.887729543666074e-08
0.98	-0.4518983701250043	-0.05688328542373926	0.5886422271081281	1.792442786370763	-0.2718546492493795	0.2256900694402093	-0.4363302214777795	1.429632948685892	1.429632948685969	-0.1743954260272547	0.1745276861865762	0.3062596255248126	0.04846940112220757	-0.03114498590997249	0.0005582619295282308	-0.03927208593239642	0.1298475278094579	0.01246132761311445	0.04469866151711241	0.0001426582792607859	0.116607560703447	0.1166075607034443	5.740432076320939e-05	-2.573122635727092e-05	0.02415755892138143	0.02219768182021934	-0.3328401379160108	0.008731299651645116	-0.01233128682287492	-0.3730556108497703	0.06178443713008424	0.01160455288607809	0.2971535137677407	-26.61250342458934	1.434128451846045	-2.703458684896237	14.62465520254999	-730.5374387068706	-51.24810858656693	-0.03912540342244605	1.052790408114497	0.01461972733971782	1.832264145128121	-5.791976104123465	-0.610334037942215	-2.080203551750798	-0.002272636479633801	-5.54958612521645	-5.54958612521616	-0.07305999234460735	0.02267584985176166	-1.109343218587698	-1.067696985832499	4.96658203717821e-09	7.947969582032777e-09	-1.162537784842609e-07	-1.612298821616695e-08	2.337662379054192e-08	-8.408774962342413e-08	1.995696498379841e-08
0.99	-0.4521577371203977	-0.05687706650814044	0.5883410763121327	1.793452314118736	-0.271759767424096	0.2260309260742239	-0.436328616979909	1.430521695500994	1.430521695501035	-0.1743952997785715	0.1745276504595875	0.3064459311411507	0.04863911613144296	-0.02074357091566616	0.0006784630325630496	-0.0209547822096375	0.07206731247729015	0.006512727162982293	0.02346784220054055	0.0001599260931891029	0.06112501180251461	0.0611250118025153	-3.281142604810033e-05	1.346854567054641e-05	0.01309248502225935	0.01173772173204736	-0.3327323411580014	0.008717128377052507	-0.01230066723761846	-0.3732846139027424	0.06183065876245649	0.0115396979161681	0.2970093838233849	-26.60109271539052	1.468505816939537	-2.718315668663474	14.65514860679678	-730.5058872785467	-51.27371949524971	-0.0391242291526156	1.031543008997366	0.009659925893708272	1.831959401123059	-5.769650724175116	-0.5874607446726109	-2.145236277991582	0.0009792094362628557	-5.550110075061687	-5.550110075061378	0.02290382806088512	-0.006211146071844865	-1.106752710142073	-1.036278154439688	2.506891672379053e-09	1.999750514700742e-09	-6.13571116743984e-08	-8.174402091088077e-09	1.117705534883457e-08	-5.124702965108624e-08	1.102849812887687e-08
1	-0.4523135447730659	-0.05686985765668965	0.5882231977364196	1.793884318418104	-0.2717244391425386	0.2261593314837965	-0.4363273892600499	1.430855112666581	1.430855112666585	-0.174396094448575	0.1745278560929263	0.3065212533715841	0.0487040050129706	-0.01043311736501173	0.0007562490999218982	-0.002617641875940891	0.01434283808865472	0.0005506188678944444	0.002208416628720223	6.730267140685744e-05	0.005541630800380839	0.00554163080038327	-0.0001267794164476856	2.254083969292851e-05	0.001960881740434128	0.001232456278670476	-0.3326245443999946	0.008702957102458985	-0.01227004765235116	-0.373513616955714	0.06187688039482932	0.01147484294625693	0.2968652538790266	-26.5974303905875	1.505081383012268	-2.734484546042498	14.7316465460166	-730.5759043372378	-51.24715306286461	-0.03911653315615336	1.034598119384111	0.00613672020452596	1.836231467315662	-5.780827915417008	-0.6130356069333565	-2.08592480280049	-0.02425088362182742	-5.56975254545674	-5.569752545456771	-0.07381044106226706	0.01665035425068059	-1.122649095128322	-1.076758058873484	-1.347888547800159e-10	6.579001672030113e-10	-6.313718446092558e-09	4.220580351967475e-10	6.306622968442223e-10	-5.337499903058651e-09	1.30266387215055e-09
1.01	-0.452366514160205	-0.05686196894256204	0.5882887490292393	1.793739213628616	-0.2717487474778267	0.2260750666999908	-0.4363273232180841	1.430632379608655	1.430632379608668	-0.1743978290645103	0.1745280445339892	0.3064850691448379	0.04866375124874367	-0.0001573893330345897	0.0008257736861566734	0.01572712948652111	-0.04336845819334415	-0.005409312482499364	-0.01905876675444385	-4.071107029896514e-05	-0.050086418590474	-0.05008641859048774	-0.0002195377500385603	1.456268287360609e-05	-0.009194776489337369	-0.009277175102166805	-0.3327192764199249	0.008730250738817193	-0.01229682064652201	-0.3733762798166189	0.0618793410373714	0.01151164591706467	0.2969669220381744	-26.5902808586781	1.48248171275039	-2.724754096355344	14.64977998468781	-730.5602870048832	-51.26249399398034	-0.03912668458749061	1.024566165564497	0.008004142991065444	1.833482323259948	-5.76697967865085	-0.5870329185847598	-2.146730581288944	-0.002069138382132441	-5.55905586233728	-5.559055862339577	0.02307876715660231	-0.009621078235316251	-1.111580629347374	-1.037166357851164	-2.776469381939085e-09	-6.839501802947189e-10	4.872967478221328e-08	9.018518161481572e-09	-9.915730755146122e-09	4.057202984496895e-08	-8.423170384575767e-09
1.02	-0.4523166250629327	-0.05685325621954049	0.5885377245061932	1.793016856037495	-0.2718325673305173	0.2257782069873103	-0.4363279358173097	1.429853421111532	1.429853421111556	-0.1744004738044496	0.1745281333579619	0.3063374170473049	0.04851858103467591	0.01013857951734403	0.0009210508787089655	0.03406719495092438	-0.1011077222377239	-0.01135168461258748	-0.04031056914619158	-6.84255694888844e-05	-0.1057034570388253	-0.1057034570388506	-0.0003088042170648265	2.617422570942219e-06	-0.02033269241694034	-0.01975083368949592	-0.3328140084398604	0.008757544375173955	-0.01232359364068359	-0.3732389426775238	0.06188180167991399	0.01154844888787049	0.2970685901973169	-26.59089404729475	1.462089839321363	-2.716345162528034	14.61426416706816	-730.6463138655015	-51.22556845116306	-0.03913036206785368	1.038646283064403	0.01128724146803083	1.835290287703916	-5.786421467893185	-0.6095237628722158	-2.082848604517218	-0.008191035118623681	-5.567550356956047	-5.567550356955143	-0.07311206774934614	0.01585693355400811	-1.119100634694613	-1.069563500171848	-3.94305475588224e-09	-3.612109943023001e-09	1.043349143816189e-07	1.380881031263783e-08	-1.972511871377513e-08	8.320016969039663e-08	-1.826040465277362e-08
1.03	-0.4521636579187518	-0.05684345223801603	0.5889699482782729	1.791717273722289	-0.2719756552050663	0.225269031350564	-0.4363285490873395	1.428518606811904	1.428518606811924	-0.1744039958308582	0.1745281177343319	0.3060784041722759	0.04826894898000494	0.02045985309384876	0.001044971634166793	0.05236395158267138	-0.1587827128699612	-0.01725559795227263	-0.06151179747051725	-5.324661367500691e-05	-0.1612316046630431	-0.1612316046630373	-0.0003921939632285169	-3.251241631889537e-06	-0.03147368619614636	-0.03015927401909912	-0.3324296781648726	0.008807964260745441	-0.01240768460462888	-0.3728611545980762	0.06208719136016208	0.01164409360057996	0.2968014782000736	-26.48616854874732	1.386895945104374	-2.686859420790797	14.47463710246091	-730.1636953504531	-51.22641275212008	-0.03916025327437554	1.029619419217186	0.01373216463403663	1.824821203760774	-5.75413346610779	-0.579304759559673	-2.136867064666591	0.006519634396096665	-5.541271552215517	-5.541271552211515	0.02454677460542949	-0.008472440254265655	-1.112165556691368	-1.024057194326572	-5.094588138466039e-09	-6.55645653651895e-09	1.599458871072602e-07	1.856026401506826e-08	-2.95269862122678e-08	1.257948259653896e-07	-2.809877565578239e-08
1.04	-0.4519073277339511	-0.05683225151452714	0.5895847301872401	1.789841722379716	-0.2721774781410208	0.2245482220069188	-0.4363289811131049	1.426629346118621	1.426629346118636	-0.1744082519141986	0.1745281106892893	0.3057078679980235	0.04791571794304354	0.03081118764130231	0.001200399271591066	0.07057882232844748	-0.2163015277109509	-0.02309869689367768	-0.08263731052589747	-3.217671927016716e-05	-0.2165927357696952	-0.2165927357696665	-0.0004556156031792378	4.333140291666712e-06	-0.04263735226166199	-0.04047063014758225	-0.3320453478898859	0.008858384146315278	-0.01249177556856253	-0.3724833665186288	0.06229258104041012	0.01173973831328705	0.2965343662028294	-26.38925547816524	1.313918912732984	-2.658697059267389	14.38104496901975	-729.7829754849458	-51.17581198667856	-0.03918369471922905	1.044658477254163	0.0175886178613206	1.818913110509736	-5.755186309643681	-0.597360883216188	-2.067705550728124	-0.007012847400344488	-5.534147053442911	-5.534147053443666	-0.06911844650674955	0.01854754277927289	-1.123635091956531	-1.050146659947828	-6.73053022516705e-09	-1.040076834506946e-08	2.12987244857904e-07	2.409744039975611e-08	-3.958630999166437e-08	1.624262178002013e-07	-3.718158611103275e-08
1.05	-0.4515474012105951	-0.05681937122244272	0.5903811549401814	1.787392078058168	-0.2724373656380574	0.2236166668008663	-0.4363293606729347	1.424187374587121	1.424187374587132	-0.1744131018198523	0.1745282398195574	0.305225385807464	0.0474599108389098	0.04117152407907759	0.001377515379343208	0.08868287405030868	-0.2735693237806096	-0.02886091233642106	-0.1036521206001274	-6.075275420288171e-05	-0.2717673374107026	-0.2717673374106829	-0.00051094982152891	2.108635570646084e-05	-0.05388200307004784	-0.0506671691485174	-0.3311386181242523	0.00895050295972382	-0.01263448241782641	-0.3719663793561654	0.06268295722294437	0.01188899737203102	0.2958481287956902	-26.20026919897783	1.192394539674089	-2.612353144755053	14.25125645078788	-728.9039846853403	-51.16816558724409	-0.03923892303687366	1.03133381523209	0.01805753035591467	1.802653039176907	-5.703874058004748	-0.5630077004403853	-2.115162315118374	-0.003332607750728413	-5.503972411809143	-5.503972411810032	0.02675205150208738	-0.006883387435731762	-1.128311494844987	-1.000894297695881	-8.38161008387172e-09	-1.427320406659043e-08	2.659483021405793e-07	2.96591706182645e-08	-4.965367927983919e-08	1.988712576212574e-07	-4.624078529916566e-08
1.06	-0.4510839488052221	-0.05680466288465608	0.5913579205775716	1.784371496215449	-0.2727543464546487	0.2224756047782008	-0.4363305365183061	1.421194685900734	1.421194685900741	-0.1744184064754909	0.1745285119623088	0.3046297708249078	0.04690284098926079	0.05151636404456891	0.001566008412036164	0.1066469992182714	-0.3304890319453812	-0.03451736080464262	-0.1245386738482761	-0.0001914338375726875	-0.3267361667468891	-0.3267361667468746	-0.0005465655998316143	3.293563678877476e-05	-0.06526391066104748	-0.06072317925063294	-0.3302318883586217	0.009042621773128829	-0.01277718926708012	-0.3714493921937022	0.06307333340547835	0.01203825643076997	0.2951618913885481	-26.01923103178331	1.073099022274805	-2.567321099638277	14.16774985648487	-728.127449543103	-51.11083980203278	-0.03928792776628104	1.041559182797367	0.01986400284948447	1.790927799730033	-5.685568728666233	-0.576207488311822	-2.04205418551189	-0.02743385708752688	-5.492992592478741	-5.492992592478703	-0.06517475849735264	0.0175667559127707	-1.151086448479283	-1.022040880183905	-1.449295299174948e-08	-2.219926473002089e-08	3.135298775859052e-07	4.249337462311875e-08	-6.165710567454198e-08	2.307776379734201e-07	-5.482519381931689e-08
1.07	-0.4505172249847009	-0.05678785932362434	0.5925136973895211	1.78078319503078	-0.2731273370200066	0.2211263476002821	-0.4363323129985824	1.417653119260297	1.417653119260297	-0.1744240388289009	0.1745288652463571	0.3039197830832195	0.04624601318758621	0.0618156149790052	0.001811880879272248	0.1244922529161761	-0.3871401187514515	-0.04006260302727967	-0.1452958934819053	-5.958761001543526e-05	-0.3815660995199719	-0.3815660995199682	-0.0005798125861719283	4.054348932527196e-05	-0.07674431726891612	-0.07061216748771194	-0.3303242831538342	0.009267759895075674	-0.01297728036840886	-0.3705275627725337	0.06303023441064767	0.0123157902459895	0.2954348906073134	-26.00054039174045	0.9127302183809873	-2.499989745095574	13.98869336929455	-727.964143901527	-51.07807250136346	-0.03935556762479858	1.022192449282782	0.02953676124445454	1.778892692603189	-5.650215517203177	-0.5410127754684153	-2.090075120772624	0.04919889552158518	-5.476321548747281	-5.476321548748786	0.02758630963459598	-0.007302170092811644	-1.148113278454788	-0.9678344196233234	-2.084154393415775e-08	-3.03409437414253e-08	3.608253103803083e-07	5.571441234001272e-08	-7.376351383023031e-08	2.624426002687268e-07	-6.338434751670314e-08
1.08	-0.4498478917747313	-0.05676807945940351	0.5938474404460059	1.776629315605929	-0.2735552460448363	0.2195700143723298	-0.4363296342661173	1.413563587706324	1.413563587706314	-0.1744300064565082	0.1745293626149099	0.3030946721731499	0.04549119417871014	0.07203824193408349	0.00216126904985309	0.14224024812537	-0.4436046799825539	-0.04550105269906694	-0.1659538838549026	0.0007004599313091826	-0.4363291494540243	-0.4363291494540257	-0.0006136204390331053	6.175254118546099e-05	-0.08828854433734928	-0.08032142069092743	-0.3304166779490367	0.009492898017021426	-0.01317737146972598	-0.3696057333513665	0.06298713541581491	0.01259332406120686	0.29570788982609	-25.9902293109927	0.7548675120173064	-2.434244859892222	13.85689684765786	-727.9075008721275	-50.99642611139222	-0.03941671949835725	1.026234386925769	0.04056714351843348	1.771476101987871	-5.648263613672618	-0.5548489781418509	-2.022208333385484	0.09820640566599731	-5.479616024672658	-5.479616024671505	-0.06528693180151529	0.02028699577748134	-1.163850540592189	-0.9860938734111848	-2.444709293596107e-08	-3.79562781684986e-08	4.050939291834865e-07	6.112948055059676e-08	-8.17979186878453e-08	2.933935276026616e-07	-7.207999998966018e-08
1.09	-0.449076733847189	-0.05674415644076362	0.5953580438926216	1.771911966210109	-0.2740368797677677	0.2178079230412383	-0.4363154134641127	1.408927205423196	1.408927205423195	-0.1744363863940293	0.1745300646255359	0.3021540525289704	0.04464043740407428	0.08217737664521618	0.002653746681491934	0.1598510047650404	-0.499809178261222	-0.05079698292794801	-0.1864277882630497	0.00233028662602739	-0.4908921982991726	-0.4908921982991763	-0.0006600821037959453	7.873875646868465e-05	-0.09982110466217425	-0.08977691497558138	-0.3308296383774938	0.009776118293906361	-0.01341912989014451	-0.368058751826669	0.0627122884892615	0.01299313640362105	0.2963381719245766	-26.02650267351338	0.5348363335541949	-2.338919552886362	13.55797879414345	-727.6374060066361	-50.94161867027802	-0.03949268667174528	1.005360051458817	0.05816315124104722	1.751441935108768	-5.598140073011858	-0.5127234357133535	-2.054555677950989	0.2233587243156981	-5.436366668133207	-5.436366668134269	0.02598120395944916	-0.007685752819186608	-1.145809275006523	-0.9173711654814041	-2.784393222489229e-08	-4.553156463806844e-08	4.491322469221151e-07	6.595061629874422e-08	-8.952249720756343e-08	3.242901261895355e-07	-8.078603823901936e-08
1.1	-0.4482046631648846	-0.05671439363015648	0.5970438682036643	1.766634252403894	-0.2745706244710785	0.2158421778293818	-0.4362792968105523	1.403746849180878	1.403746849180884	-0.1744431695506438	0.1745309184608304	0.301098537182227	0.04369670689469408	0.09222079288642189	0.003329227443302176	0.1772844210107833	-0.5556775620618111	-0.05592324877491382	-0.2066846600080642	0.00507963023838217	-0.545123941292213	-0.5451239412922246	-0.0006942642576335504	9.211748283416321e-05	-0.1112676848501534	-0.09891616763979072	-0.3312425988059505	0.01005933857079233	-0.01366088831054707	-0.3665117703019723	0.06243744156270824	0.0133929487460366	0.2969684540230642	-26.07152191075205	0.3176461444175682	-2.245543355631388	13.30522788477593	-727.4775875485723	-50.83960682533319	-0.03956178155900768	1.007090692940374	0.07716776955270185	1.736008023202384	-5.581040718056824	-0.5209161017587486	-1.978801800758918	0.3221097891932342	-5.413354854251077	-5.413354854251073	-0.0628310296164404	0.01956549799382635	-1.146654513223041	-0.9228455493221924	-3.115362235247475e-08	-5.446537118907294e-08	4.886792748946003e-07	7.060502298967518e-08	-9.80248361720181e-08	3.419352933351926e-07	-8.779572581062906e-08
1.11	-0.447232652747324	-0.05667702028064867	0.5989030783532402	1.760799726686518	-0.2751546967689349	0.2136751174637172	-0.4362105601681065	1.398025777924565	1.398025777924574	-0.1744503219892228	0.1745317869797909	0.2999287496086019	0.04266322931177899	0.1021615764149945	0.004169882466374689	0.1945218766429323	-0.6111509748900776	-0.06085264071833541	-0.2266832613872607	0.008810157654900275	-0.5990409562916541	-0.5990409562915822	-0.0007322747807553803	6.934572616402662e-05	-0.1226985444306954	-0.1077178062333348	-0.3309689221487628	0.01038726899429636	-0.01395549544611354	-0.3649664687272203	0.06247418468589405	0.0138287488275111	0.2970234155872588	-25.98608323491622	0.05551155554246584	-2.13760817840143	13.02823942016241	-726.805740590366	-50.79533709686654	-0.03966636001817735	0.9846170936279079	0.09119552149554214	1.71223298234902	-5.519001326288454	-0.4732414057286037	-2.003841305050066	0.4198931283789558	-5.373452691847358	-5.373452691834812	0.02626465763479989	-0.01515533477032604	-1.142600446919	-0.8496449638926729	-3.445459756392234e-08	-6.353502974822087e-08	5.277771738904713e-07	7.524275677488449e-08	-1.066049511809464e-07	3.582553173367284e-07	-9.463577831446384e-08
1.12	-0.446161825512315	-0.05663050415034795	0.6009335867889628	1.754412764888645	-0.2757869211192447	0.2113093806845548	-0.4361002444693927	1.391767020944446	1.391767020944459	-0.1744577443887712	0.1745320364169285	0.2986443936858814	0.04154357095302399	0.1119841563760563	0.00515778360188198	0.211544078240182	-0.6661647781614224	-0.06555365926554926	-0.2464199427084602	0.01339544149133165	-0.6526610860533644	-0.6526610860532085	-0.000748256452082492	-3.169892142089556e-05	-0.1341813546692055	-0.1161523228077653	-0.3306952454915759	0.01071519941780913	-0.01425010258165931	-0.3634211671524684	0.06251092780908267	0.01426454890899826	0.2970783771514529	-25.90967016222169	-0.2036117297845249	-2.031787861356225	12.79561373759781	-726.2470906163579	-50.7069479415895	-0.03976252214739888	0.9834499794382131	0.1066169920396508	1.692957216222522	-5.489118806672415	-0.4752414225171728	-1.92641778915949	0.4930610731758606	-5.353977806704908	-5.353977806704846	-0.0584252592574756	0.003910919810813193	-1.157044644816672	-0.8494211454994528	-3.876406207526563e-08	-7.689723318370972e-08	5.577243905419336e-07	7.832576935491479e-08	-1.13034473862409e-07	3.680348167650596e-07	-1.009594732891687e-07
1.13	-0.4449932282472724	-0.05657332266728524	0.6031331520818075	1.747478024774241	-0.2764649152576357	0.2087478915654551	-0.4359397566987196	1.384973801068916	1.384973801068909	-0.1744653447165254	0.1745307945710597	0.2972450302808245	0.04034156301505055	0.1217269724412302	0.006307937573422837	0.2283243012212005	-0.7206992196519241	-0.06999722108419308	-0.2658192443828339	0.01885195124455348	-0.7059085438150953	-0.705908543814953	-0.000766092318180945	-0.0002357128744975037	-0.1456917464647446	-0.1241720857543247	-0.3302840995758294	0.01109096218803163	-0.01458301223187592	-0.3614981552584809	0.06251276050178059	0.01479489026414547	0.2970483372442957	-25.81393531623255	-0.5202159130845972	-1.901910163106375	12.47501804147508	-725.3115691065341	-50.66957347924011	-0.0398757454626215	0.9684501673433236	0.1236446028758079	1.663828972078472	-5.423004767755159	-0.4218051350740447	-1.937976638011627	0.5944217165250606	-5.298956367142855	-5.298956367144891	0.02734684572246021	-0.03554712214140186	-1.148091446408662	-0.7667327710404404	-4.319958774909577e-08	-9.079600472874085e-08	5.865277719003443e-07	8.121444178429766e-08	-1.191951725029381e-07	3.769967506217401e-07	-1.072186235727321e-07
1.14	-0.4437274522721201	-0.05650375364387425	0.6054991744310696	1.740000460655429	-0.2771859233289206	0.2059941513733272	-0.4357202086724872	1.37765034129452	1.377650341294494	-0.1744729614837368	0.1745269146718262	0.2957305519579151	0.03906166166725025	0.1314198983978579	0.007635291671537607	0.2448354895236844	-0.7747295790430695	-0.07415644584428104	-0.2848701573146205	0.02520749260296292	-0.7587090658262495	-0.7587090658261193	-0.0007515443439395956	-0.0005593095985525465	-0.1572043382397277	-0.1317310047731346	-0.329872953660084	0.01146672495825917	-0.01491592188207884	-0.3595751433644936	0.06251459319448026	0.01532523161929994	0.297018297337138	-25.72763098763987	-0.8333744411405249	-1.774631688973358	12.19750085185301	-724.4931028708156	-50.59112577485263	-0.03997616255860269	0.9734719577289697	0.1420570173544333	1.639150280515608	-5.388302386801152	-0.4183740108060001	-1.856740040642074	0.6728673942133684	-5.264590656589565	-5.264590656589198	-0.05194849118950275	-0.02000563438487184	-1.157484640705492	-0.7572523599495631	-4.794114261420093e-08	-1.043814655800174e-07	6.110640351211086e-07	8.504929526931898e-08	-1.258071145189672e-07	3.780792867799766e-07	-1.121033209828784e-07
1.15	-0.4423650332061907	-0.05642005079369114	0.6080289222244093	1.73198522647992	-0.2779470527207414	0.2030518161541153	-0.435432856253342	1.369801038270696	1.369801038270653	-0.174480410207358	0.1745191338841646	0.2941007874778577	0.03770850156668368	0.1410497567670401	0.00913205199686867	0.2610651773441884	-0.8282207249539414	-0.07801513689441633	-0.3035336935939111	0.03239101324977424	-0.8110850122425414	-0.811085012242413	-0.0007323944241855443	-0.001024839751546645	-0.1687632644728363	-0.1388186810887942	-0.3289632597828574	0.01188603196743234	-0.01529347709976577	-0.3576308586403307	0.06278697431017627	0.01589690925259556	0.2965843689624946	-25.53119859468556	-1.190022068069023	-1.633275942607093	11.86555453954212	-723.3041508666629	-50.57417340078526	-0.04010051728270194	0.9556199075048424	0.1575195108684387	1.607517562921811	-5.315043617331469	-0.361562251549832	-1.861776289541094	0.7602977034332423	-5.214094131918665	-5.214094131919212	0.02966512319771434	-0.06416846678354686	-1.157295279779262	-0.6722321842468151	-5.272895770589417e-08	-1.179195655124704e-07	6.349552688559495e-07	8.902717612321585e-08	-1.324872677429207e-07	3.779707511930994e-07	-1.167802522609965e-07
1.16	-0.4409067401303703	-0.05632057354610556	0.6107194948019747	1.723437976260483	-0.2787451581429502	0.1999247223985175	-0.4350698279670245	1.361429976283153	1.361429976283093	-0.1744875037538518	0.1745058294427672	0.2923549940024363	0.03628692331958597	0.1505947003759031	0.01079017115203305	0.2770004463688425	-0.8811327878288666	-0.08155165192185417	-0.3218218645919448	0.04034266603731427	-0.8630608585696202	-0.8630608585694964	-0.0006805089188373915	-0.001664040345613376	-0.1804101373125731	-0.1454146340793611	-0.3280535659056317	0.0123053389766061	-0.01567103231745164	-0.3556865739161678	0.06305935542587272	0.01646858688589211	0.296150440587851	-25.34455391975812	-1.542904544732242	-1.494863840868133	11.57549551997699	-722.2358813764582	-50.51990097531375	-0.04020993033673897	0.956489005665155	0.1743287833210962	1.58026652134559	-5.272485779611821	-0.3539388062665158	-1.781666984390749	0.826493822359099	-5.184570638746997	-5.184570638747136	-0.04540137407067194	-0.05473972259937126	-1.175073962031128	-0.6589076949310293	-5.788083507838385e-08	-1.381498187563471e-07	6.475340981562481e-07	8.995486073250031e-08	-1.368812568200898e-07	3.678534922461082e-07	-1.206420928144886e-07
1.17	-0.4393533516927524	-0.05620369400762797	0.6135678646484882	1.714364609240264	-0.2795770211163923	0.1966168562196028	-0.4346235040503197	1.352541320122659	1.352541320122665	-0.1744941285573882	0.1744853206047788	0.2904922830628884	0.03480182898987108	0.1600733932383159	0.01261384809372603	0.292616229428298	-0.9334318623362549	-0.08476615359900617	-0.3396836897206173	0.04904701924423752	-0.9145877617664123	-0.9145877617662679	-0.0006413315465117099	-0.002459547441690775	-0.1921470557075168	-0.151521651060016	-0.3268675689704705	0.01279204436635847	-0.01607918377317672	-0.3534355884486605	0.06333118180729912	0.01710222391378688	0.295494443581915	-25.12881003361954	-1.936074638646165	-1.340566749460566	11.24028953425062	-720.7433414246445	-50.49835933425422	-0.04033223622212977	0.942119938455077	0.1906219628528498	1.54361186212299	-5.1923092037233	-0.2970788562419741	-1.778391151052134	0.911141360917332	-5.124333396389147	-5.124333396385985	0.02898725833515872	-0.09537580481227102	-1.175246281991616	-0.5742641443071969	-6.309772357244434e-08	-1.595750993772639e-07	6.580928552360926e-07	9.033786744096104e-08	-1.408670022996187e-07	3.55948961270525e-07	-1.243583814528689e-07
1.18	-0.4377054642241248	-0.05606773073708159	0.6165706678583717	1.704771513291488	-0.2804394037081665	0.1931323816146118	-0.4340863895433335	1.343139878282948	1.343139878283021	-0.1745002795941085	0.1744561727754868	0.288511753838638	0.03325813140141471	0.1694945065777594	0.01460691756579219	0.3078871190428411	-0.9850785735404847	-0.08765557558825557	-0.3571435498071566	0.05850078409349621	-0.9656179944129574	-0.9656179944127923	-0.0005857555561474517	-0.003391838605780149	-0.203973794253085	-0.1571352858276507	-0.3256815720353104	0.01327874975610873	-0.01648733522891527	-0.351184602981153	0.06360300818872504	0.01773586094167876	0.2948384465759784	-24.92323420990466	-2.325007067719254	-1.189752280277327	10.9457914538045	-719.3756334654751	-50.44332666799575	-0.0404371244219047	0.9449731010713143	0.208207289395729	1.511287832363102	-5.142013118980125	-0.2889228686860019	-1.701273975964146	0.9763761508261773	-5.085236528697552	-5.085236528697723	-0.04212165046294097	-0.08209653620174585	-1.193037992156001	-0.5602312523270003	-6.795652505318966e-08	-1.808040891953071e-07	6.609085102171365e-07	9.00526196565521e-08	-1.435819851203669e-07	3.377535418086215e-07	-1.266208593313096e-07
1.19	-0.4359636171106183	-0.05591097842737434	0.6197243825478267	1.694665312149727	-0.2813290828399259	0.1894754913314959	-0.4334511183064074	1.333230740591705	1.333230740591741	-0.1745059929906426	0.1744171052473257	0.2864124971311061	0.03166071126261918	0.1788662496571821	0.01677266681464462	0.3227910921731905	-1.036041126630028	-0.09022606484166298	-0.3741678820831864	0.06866886481641403	-1.01611457435374	-1.016114574353566	-0.0005537535054333787	-0.004436184396140779	-0.215892684666563	-0.1622677329995908	-0.3241022479364115	0.01377825601093795	-0.01692431104856759	-0.3487503023634758	0.06404525619634924	0.01843177406693391	0.2938668669915218	-24.63326198814358	-2.764103359537002	-1.021413672567567	10.56569307744696	-717.5750658145184	-50.45505450064657	-0.04055169616720969	0.9319733182041824	0.2251450179697767	1.470213751319197	-5.055302494892468	-0.2330739448376117	-1.693127985036647	1.054334261705497	-5.017597512834932	-5.017597512833461	0.02627440101856884	-0.117927072058356	-1.193582348026404	-0.4776459979938171	-7.274108898239404e-08	-2.019923845786081e-07	6.621188879337948e-07	8.96288313065482e-08	-1.460335171460021e-07	3.182539137580908e-07	-1.285819374180556e-07
1.2	-0.4341283128849519	-0.05573169137011064	0.6230251893081746	1.684053100258881	-0.2822428592624535	0.1856503346992967	-0.4327107042165158	1.322819491343842	1.322819491343841	-0.17451130371303	0.1743671295669381	0.284193597963023	0.03001438774243096	0.1881859290096635	0.01911386707708403	0.337305533221463	-1.086280723357616	-0.09247503374185061	-0.3907968196237868	0.07952935468656816	-1.066040305737175	-1.066040305736991	-0.0005052207275200713	-0.005573469050705116	-0.2279022863633489	-0.1669159621061838	-0.3225229238375146	0.01427776226576559	-0.01736128686824346	-0.346316001745798	0.06448750420397331	0.01912768719218706	0.2928952874070636	-24.35377291348733	-3.198561352907403	-0.857016163085412	10.22514797530821	-715.9024751483998	-50.43744657154993	-0.04064653414159736	0.9345603556830651	0.2432974921131238	1.433381415947727	-4.997421846589089	-0.2246187980420487	-1.62219502887831	1.114857980273428	-4.971066817228166	-4.971066817227958	-0.03881550502307365	-0.1006843090424719	-1.21118024881758	-0.4633876392575733	-7.700635212007093e-08	-2.253345497011227e-07	6.507683537346397e-07	8.731191696278128e-08	-1.464518247742956e-07	2.900948453026874e-07	-1.28739433669181e-07
1.21	-0.4322000149679149	-0.05552810175726913	0.6264691221300244	1.672942178486736	-0.2831775238092461	0.1816610360178466	-0.4318583333947371	1.311911984447886	1.311911984447926	-0.1745162069012023	0.1743053574162433	0.2818541786151222	0.02832398456349538	0.1974680917967039	0.02163439471067223	0.3514091029143536	-1.135774174838893	-0.09440142557184812	-0.40700073427221	0.09105235184638515	-1.115351015733265	-1.115351015733323	-0.0004643797643048651	-0.006792099274594463	-0.2399924778760151	-0.1710807992693091	-0.3206007949760121	0.01483741940619569	-0.01781925414939828	-0.3436547114821749	0.06504078034499187	0.01986074178833718	0.2916434378287674	-24.01066092012903	-3.66539250217942	-0.681628803311998	9.812276785881989	-713.8059096336476	-50.45183654356619	-0.04074701071756437	0.9242068328994366	0.2609980736001485	1.388026236127636	-4.905895032393787	-0.1682651842667158	-1.610273793604022	1.187151910403965	-4.894538750447901	-4.894538750484501	0.02712365316338194	-0.1342612668608557	-1.209573282569112	-0.3804851897637148	-8.114828131976007e-08	-2.491882588867005e-07	6.364346029554789e-07	8.454538519549567e-08	-1.463872416082205e-07	2.598791597511267e-07	-1.284685792343465e-07
1.22	-0.4301790629044703	-0.05529839333316806	0.6300519269468365	1.661340204553079	-0.2841297754360966	0.1775115413677575	-0.4308875063360467	1.30051467732004	1.300514677320119	-0.1745203837285114	0.1742310371857498	0.2793935304160793	0.02659444232594377	0.2067167582911418	0.02433762932899611	0.3650799322139503	-1.184491155660044	-0.09599244975337089	-0.4228360133518215	0.1032206020689273	-1.164000352115298	-1.1640003521156	-0.0003599485543074219	-0.008083085010430025	-0.2521480565918004	-0.1747437738293829	-0.3186786661145132	0.01539707654662697	-0.0182772214305799	-0.3409934212185505	0.06559405648601141	0.02059379638448929	0.290391588250468	-23.6782482978861	-4.127242336487614	-0.5105857643735323	9.437273246970216	-711.8402491112389	-50.44137423786891	-0.04082552111307308	0.9278610971625614	0.2798388890602563	1.346833337288935	-4.842127714563965	-0.1575452683471006	-1.548467915116028	1.243908592818447	-4.838792094417038	-4.838792094416871	-0.02609745566661458	-0.1151554114317011	-1.224257689441403	-0.3630151186472611	-8.085513313650699e-08	-2.62482606485242e-07	5.878699739926417e-07	7.653416319336433e-08	-1.389837720506479e-07	2.178459790489676e-07	-1.218262050446739e-07
1.23	-0.428065741947832	-0.05504073352583075	0.6337692054434737	1.64925501829239	-0.2850963314147523	0.173205816071974	-0.429791894420706	1.288634318954396	1.288634318954412	-0.1745235564266875	0.1741435378380061	0.276811014475802	0.02483066469672148	0.2159443162289117	0.02722523469536278	0.3782962076053663	-1.232405812067657	-0.09725884492112474	-0.4382494682988171	0.1160006024263929	-1.211943573032481	-1.211943573032853	-0.0002551314052400672	-0.009427260075867075	-0.2643597197371402	-0.1779235693591727	-0.3164038613926166	0.01599647385095443	-0.0187466910412149	-0.3380912318275074	0.06622458909512241	0.02137399077735222	0.2888426044804665	-23.29205605987723	-4.624558832711804	-0.3275174809305519	9.005625019775767	-709.4309137861865	-50.4747595799538	-0.04090536294723212	0.9197315028647972	0.2978697282856692	1.297065228764136	-4.745099176476113	-0.1022659116978077	-1.528947781093871	1.309868971272009	-4.752902587875062	-4.752902587885556	0.03162792283769505	-0.1457315196970053	-1.220312825832862	-0.2822515987590715	-7.936792565784636e-08	-2.729340490411199e-07	5.300893393649681e-07	6.711090920492832e-08	-1.296044484645952e-07	1.726311650370318e-07	-1.134684216902373e-07
1.24	-0.4258602397396595	-0.05475326799125762	0.6376162548117641	1.636694892553102	-0.2860737671992274	0.1687477235273992	-0.4285655178589784	1.27627836528008	1.276278365280032	-0.1745251096288731	0.1740422601464865	0.2741062434643209	0.02303773114647841	0.2251530085979067	0.03029877477615864	0.3910341065446217	-1.279479051379916	-0.09816841091720921	-0.4533094631099152	0.129373531346314	-1.25911941384991	-1.25911941385035	-3.604935040263271e-05	-0.01083875376519484	-0.2765990708325839	-0.1805749580335324	-0.314129056670725	0.01659587115527797	-0.01921616065185145	-0.3351890424364646	0.06685512170423287	0.02215418517020989	0.2872936207104603	-22.91600523996659	-5.117938617879618	-0.1475453180702206	8.605111278633981	-707.1449933512291	-50.49152363251391	-0.05002472233109863	0.9240879834075549	0.3170258319460935	1.251158046856823	-4.673844295493109	-0.08617943401322783	-1.477775887936529	1.362494305309515	-4.685316074466359	-4.685316074465738	-0.003244474512608425	-0.1286191362098307	-1.229795279462186	-0.2573337475612478	-7.013055959019001e-08	-2.506967721357606e-07	4.402668477922053e-07	5.403680821165343e-08	-1.110138635323891e-07	1.303573099520384e-07	-9.687769035104192e-08
1.25	-0.4235627465123912	-0.05443415288810399	0.6415882394969191	1.623668300191741	-0.2870587928873402	0.164141292043062	-0.4272026226382871	1.263454480924286	1.263454480923996	-0.1745247956500257	0.1739268185090163	0.2712788355143275	0.02122050269455718	0.2343401029934294	0.0335538343040669	0.4032767738504556	-1.32568738396431	-0.09878198377413419	-0.4678996103701452	0.143291392013192	-1.305521133008683	-1.305521133009012	9.355193478084993e-05	-0.01225783523212111	-0.2888872237738178	-0.1827915633167008	-0.3114427118509724	0.01716171918966068	-0.01968682813941513	-0.332165518340357	0.06759591482234788	0.02298224392239801	0.285391218843582	-22.47943912121146	-5.651299279742018	0.04862147504395912	8.175510677676577	-704.4457979837073	-50.57895533004594	-0.09023215585231385	0.9151864124440007	0.3341915360924628	1.197895729630858	-4.571527884296263	-0.04077112480695774	-1.438118100423829	1.419313830551017	-4.597136596239316	-4.597136596223055	0.02022439514661649	-0.1498597830909423	-1.229035548340966	-0.1919522588504609	-5.854775079165344e-08	-2.185668564460798e-07	3.407474784597447e-07	3.98578456248089e-08	-8.963566003489983e-08	8.897348191072492e-08	-7.779540896382755e-08
1.26	-0.4211735490922033	-0.05408159808509543	0.6456800657865691	1.610184184475659	-0.2880483192866772	0.1593912622950487	-0.4256979724342923	1.250170672024974	1.25017067202444	-0.1745233532653021	0.1737969246306423	0.2683284039855443	0.01938348252177307	0.2434938471817288	0.03698671474714404	0.4150024274436495	-1.370983722324058	-0.09906855316205068	-0.4820291158446797	0.1577245280070328	-1.351104322553718	-1.351104322553938	0.0001896318244742123	-0.01372920194532311	-0.3012037865905312	-0.1845333022061031	-0.3087563670312246	0.01772756722403631	-0.02015749562696173	-0.3291419942442513	0.06833670794046107	0.02381030267457632	0.2834888169766998	-22.05106243624296	-6.184143062706862	0.2457533013016718	7.761873322790286	-701.8425661256217	-50.66298112740536	-0.1669323696593312	0.9174179419629053	0.3525900149798701	1.147755304328808	-4.491445450564088	-0.0207787402115437	-1.385647530797401	1.46554937070206	-4.52161015171861	-4.521610151718503	-0.009948753610666383	-0.1390761854649615	-1.235477254558121	-0.1623604688080621	-5.037019593474839e-08	-2.190386840191428e-07	2.410144118984083e-07	2.429511743195215e-08	-7.100114081944492e-08	4.123318933549515e-08	-6.247468277985682e-08
1.27	-0.4186929467712527	-0.05369382274568589	0.6498865025308935	1.596251731798403	-0.2890390366466156	0.1545017889743948	-0.4240465211387157	1.236435313203819	1.236435313203808	-0.17452063042206	0.1736522237916878	0.2652547606063643	0.01753146648735066	0.2526216234904231	0.04059819720328629	0.426192085331675	-1.415343149930137	-0.09900492381173948	-0.4958635385331057	0.1726449540210387	-1.395805746135327	-1.395805746135467	0.0004421291752114683	-0.01520406832816173	-0.3135146233201055	-0.1857700488377946	-0.3057374825109696	0.01840375782636491	-0.0206352663451687	-0.3259668585323501	0.0691722123334385	0.02458051857749332	0.2812998003799857	-21.57203910348634	-6.699544653964743	0.4387463730624963	7.308238043084431	-698.8576558988993	-50.69753906732845	-0.2850242038271497	0.9097042521933194	0.3699047498060358	1.090635924764834	-4.383647149330716	0.03042882720033283	-1.382085562778863	1.517172653652395	-4.420145211483561	-4.420145211471841	0.05588604292786346	-0.1506814131406037	-1.22735622745946	-0.08932938313054296	-4.334306470677295e-08	-2.305246140458359e-07	1.412091503273164e-07	8.264900858685847e-09	-5.329354196954219e-08	-8.654557474165882e-09	-4.842475227265763e-08
1.28	-0.4161212173318408	-0.05326903710394001	0.6542020488328431	1.581880593698346	-0.2900270187021415	0.1494740222418733	-0.4222434888956187	1.222257792796827	1.222257792797343	-0.1745127751925963	0.173492976379214	0.2620583149908282	0.01567008346205514	0.261719270873944	0.04438877521441138	0.4368243389687104	-1.458720806884251	-0.0985214922795123	-0.5096877982180779	0.1880407175111467	-1.439536639720995	-1.439536639721065	0.001216109066426099	-0.01663851664889085	-0.3257642338617754	-0.1864067003807204	-0.3027185979907189	0.01907994842869013	-0.0211130370634219	-0.3227917228204468	0.07000771672641552	0.02535073448040619	0.2791107837832678	-21.10032264595098	-7.215281364048781	0.6336370089432367	6.863105738356544	-695.9592503485322	-50.736632121928	-0.4494002908824831	0.9113921569282349	0.3884091259764326	1.036274454130817	-4.295091320170846	0.06318169617164011	-1.383614930106601	1.560616865922498	-4.327504152530318	-4.327504152532415	0.09434775448478949	-0.1309925730430491	-1.223232016977246	-0.04234145105494069	-3.069601448614323e-08	-2.592237195490868e-07	-6.188477889689275e-08	-2.433322174904087e-08	-2.247815732022977e-08	-1.067010724216781e-07	-2.152660939340953e-08
1.29	-0.413458679219302	-0.05280547356005945	0.6586210875254235	1.567080621010827	-0.2910084857836897	0.1443100466794149	-0.4202843301659228	1.207647694267788	1.207647694267976	-0.1744970354667362	0.1733193912501719	0.2587395467621253	0.01380471409434966	0.2707782931418745	0.04835144117430652	0.4468852926746144	-1.501100244152637	-0.0977246074909181	-0.5229920328035629	0.2038540598074743	-1.482323429236499	-1.482323429236549	0.001881558600066599	-0.01808985929671224	-0.3379841313404909	-0.1866014093843526	-0.2992565549739345	0.0196240854978364	-0.02155159852468291	-0.3196153409706486	0.07098806425032683	0.02616092041498768	0.2765350266795112	-20.56206333493147	-7.768188806761962	0.8437747804676934	6.413881745061354	-692.6986312916475	-50.86443939923696	-0.6650602810255702	0.9016419190453507	0.4043065702321942	0.9762945417547574	-4.18335243623097	0.09511092632645353	-1.286533646681701	1.601147618389753	-4.230324719537655	-4.230324719533346	0.04506062057537305	-0.1538261651364033	-1.220598923787204	0.001922490961173915	-1.59414946432682e-08	-2.943777658560469e-07	-3.037119584910201e-07	-6.314430911969012e-08	1.325264700386118e-08	-2.228071254208841e-07	1.018961312535682e-08
1.3	-0.4107058539526197	-0.05230146110873273	0.6631377934976496	1.551862057449413	-0.2919805502061275	0.1390164875863194	-0.4181651470718832	1.192614516169898	1.192614516169763	-0.1744761578319724	0.1731309684837541	0.2552987334965417	0.01193938925980353	0.2797767017026018	0.05247855670364408	0.4563577948978963	-1.542438981663365	-0.0966409604573978	-0.5356045043455376	0.2200455903798767	-1.52415255349109	-1.524152553491112	0.002243690844575022	-0.01960604412392138	-0.3501732412379467	-0.1863977937488439	-0.2957945119571537	0.02016822256698136	-0.02199015998599805	-0.3164389591208469	0.07196841177423843	0.02697110634956787	0.2739592695757512	-20.02999771854628	-8.322337057747731	1.056766882595658	5.963077641813953	-689.5114185717594	-51.01064708270432	-0.9373479973786705	0.899269415487593	0.4212990398649148	0.9185841576064216	-4.086951368639424	0.1205341451568562	-1.245262321404539	1.636254521137448	-4.135971100347738	-4.13597110034838	0.03368429665837708	-0.1439610089205882	-1.217074500725307	0.03732347677322337	-1.184929102191386e-09	-3.028924800076349e-07	-4.635349459790714e-07	-8.803459373490148e-08	4.091684830068363e-08	-2.793986571579288e-07	3.262175771814724e-08
1.31	-0.4078633216079448	-0.05175537582048928	0.6677462339435249	1.536235362427602	-0.2929403658869281	0.1335999700425969	-0.415882307445865	1.177167967684549	1.177167967684515	-0.1744529127980141	0.1729271611322577	0.2517362448715587	0.01007804915272976	0.28871904789319	0.05676389249395606	0.4652264683837843	-1.582714411435074	-0.09526351635155809	-0.5476387790636583	0.2365747719720304	-1.564975753732828	-1.564975753732759	0.002424399139785354	-0.02115860178153352	-0.3623065228632575	-0.1857902228741882	-0.292018609930816	0.02078983853508421	-0.02239674084127171	-0.3131484817360851	0.07294523263754724	0.02770340486157869	0.2710928814203323	-19.48385211792953	-8.842348691143604	1.261145948436896	5.539707119888365	-685.9833650775215	-51.09519406641711	-1.271830272750719	0.890103810520929	0.4359369517882103	0.8554496311138037	-3.970000184287184	0.1552588439457713	-1.173444070899331	1.669115550485806	-4.028297414688901	-4.028297414674722	0.01308747643493395	-0.1612452199950745	-1.20878678156848	0.0845973884385037	1.357248394242617e-08	-3.003708994091399e-07	-5.893847681660328e-07	-1.071576886371455e-07	6.523917120049473e-08	-3.113341729435057e-07	5.120764145589036e-08
1.32	-0.4049316884834283	-0.05116567995370794	0.672440249261666	1.520211480827504	-0.2938846252665408	0.1280649229469159	-0.4134326028894791	1.161318626611063	1.161318626611129	-0.1744272960050035	0.1727077597890213	0.2480529570726957	0.00822520945352787	0.2975968576708395	0.06120067241122069	0.4734727693510211	-1.621876297320808	-0.09352970021978778	-0.5593104147371193	0.2534185764534432	-1.604711071118649	-1.604711071118484	0.002718042654298064	-0.022724842471687	-0.3743330760139494	-0.1846977121744618	-0.2882427079044814	0.02141145450318409	-0.022803321696547	-0.3098580043513235	0.07392205350085544	0.02843570337358566	0.2682264932649107	-18.94263679540297	-9.364509119613055	1.469308666773257	5.105855127460519	-682.5154234886819	-51.20543228204118	-1.674282406739253	0.8863621328998601	0.4515878652554428	0.7941096538761632	-3.864242591444561	0.1918085503429737	-1.172734512472616	1.699179098989244	-3.91839452916431	-3.918394529164392	0.05627134051887143	-0.1466976154288479	-1.195728805801548	0.1343114417873809	3.070715164330621e-08	-2.819220516685616e-07	-7.145265757258645e-07	-1.250097838714456e-07	9.09988203553941e-08	-3.310981288313657e-07	7.10336244397742e-08
1.33	-0.4019116215590928	-0.05053088290083715	0.6772135839312954	1.503801583006552	-0.2948099726697649	0.1224153071917928	-0.410813073117307	1.145077382922676	1.145077382922777	-0.1743987906951129	0.1724727277131364	0.2442499231421445	0.00638541205269491	0.3063999265224311	0.0657816337372428	0.4810860046179664	-1.659905813698088	-0.09148627239595317	-0.5705414801616875	0.2705262583519727	-1.643345996725084	-1.643345996725079	0.002985458921724815	-0.0242833994086222	-0.3862499034718002	-0.1831909029022937	-0.2840687588452506	0.02195947392834916	-0.0231697475237033	-0.306625153466619	0.07505242605335331	0.02912528630854316	0.2650074622159184	-18.33892987662552	-9.880323793818215	1.677902579854952	4.67407949660453	-678.7518632872336	-51.32731289772335	-2.150721123144882	0.8747856594299658	0.4647549944038341	0.7287317133029669	-3.742687885937136	0.2187819645903919	-1.087535139599302	1.722394790922617	-3.80731074574221	-3.807310745766165	0.01231095929728074	-0.1605229146426772	-1.186116021797095	0.1696396414661271	4.892556779042355e-08	-2.56212243907328e-07	-8.393456119115636e-07	-1.42282452786536e-07	1.174137211854072e-07	-3.4531328535409e-07	9.142494678586923e-08
1.34	-0.3988040226666129	-0.04984959528908049	0.682059811203634	1.487017313676815	-0.2957132513815136	0.1166555322659948	-0.408021300115022	1.128455536144353	1.128455536144487	-0.1743675443846848	0.1722220924315192	0.2403284296758108	0.004562837538890534	0.3151032512996704	0.07049878418839231	0.4880512898928791	-1.696750599078068	-0.08911596192465117	-0.5813422488722709	0.2878672224760149	-1.680831689105884	-1.680831689106039	0.003266242766859278	-0.02584548361822985	-0.3980249831704616	-0.1812531347687413	-0.2798948097860212	0.02250749335351528	-0.02353617335087353	-0.3033923025819134	0.07618279860585168	0.02981486924350229	0.2617884311669247	-17.73861556393605	-10.39922690740992	1.891195893712164	4.222408018108573	-675.030421902037	-51.4822158018196	-2.707420859264817	0.8664133180293998	0.4788256902809215	0.6645196554696249	-3.62729639198463	0.257185079836447	-1.086675169675677	1.745835544091762	-3.688547884037201	-3.688547884037221	0.05894485606041902	-0.1474030699633315	-1.167379253963697	0.2205032140642555	6.792603688367633e-08	-1.691754080198573e-07	-9.259301891773476e-07	-1.415934022801497e-07	1.366258251223828e-07	-3.216074170468955e-07	1.136425807787973e-07
1.35	-0.3956098147360723	-0.04912047519519594	0.6869724119355024	1.469870510442224	-0.2965914329086731	0.110789697879695	-0.4050551626003565	1.111464733287332	1.111464733287548	-0.1743336031947947	0.171956243426049	0.2362899309230486	0.002761463606415627	0.3237181642923252	0.07534430526155304	0.4943571171343889	-1.732401692388166	-0.08646784911885562	-0.5917611265432154	0.3053863884565398	-1.717124290938958	-1.717124290939084	0.00353055077781967	-0.02732106594212655	-0.4096440188847277	-0.1789544063668456	-0.2754207788170703	0.02299125523041796	-0.02385584363127	-0.3001305375673147	0.07728813496523661	0.03046523587375501	0.2582831516186955	-17.13477174357811	-10.90295532924268	2.103484368483789	3.826081869798973	-671.0346285001818	-51.63075969518444	-3.349656927190955	0.8560075413460149	0.490250215809844	0.5968849076215714	-3.502755373280207	0.2766508271737214	-1.009852055135312	1.758873324937999	-3.56895661921486	-3.568956619210591	0.01145941727410904	-0.146935533654141	-1.154573270990187	0.2447667678035392	8.73175324499968e-08	-5.147505806927004e-08	-9.933975369831753e-07	-1.319234920630257e-07	1.522365306128399e-07	-2.78941036324743e-07	1.367733705951417e-07
1.36	-0.3923300622253125	-0.04834233291058456	0.6919447250696116	1.452373448359981	-0.2974415280185305	0.1048216031188216	-0.4019130501859046	1.094117136354726	1.094117136355025	-0.1742967617960592	0.1716757786533313	0.2321361603049774	0.0009851187808699283	0.3322121673434811	0.08030322233375958	0.4999937703410924	-1.766802368608577	-0.08349867846415664	-0.6017943237874188	0.3230622024332708	-1.752190504222926	-1.752190504223024	0.003846284535190179	-0.0287686370680752	-0.421079356232279	-0.1762473133828968	-0.2709467478481178	0.02347501710732566	-0.02417551391167495	-0.296868772552714	0.07839347132462333	0.03111560250401447	0.254777872070467	-16.53743697528103	-11.41203166166415	2.324036612890273	3.42188324806724	-667.1196859151211	-51.83029671534108	-4.063981574550694	0.8422313297296256	0.5015048900900815	0.5306848485083524	-3.377212974047239	0.3213966496171221	-1.009539084327443	1.777165143332976	-3.443270174216087	-3.443270174216003	0.06923000534242199	-0.1418008303737114	-1.130639580620757	0.3021761304748728	1.081388282088344e-07	-1.497605757255224e-08	-1.110816902397519e-06	-1.469139634709269e-07	1.797774685177908e-07	-2.703390502671808e-07	1.566699522941505e-07
1.37	-0.3889660056022154	-0.0475140645987871	0.6969700436464314	1.434538663487174	-0.2982604390311082	0.09875545412569406	-0.3985935713385661	1.07642502543207	1.076425025432252	-0.1742569586393465	0.1713808648954999	0.2278689902874907	-0.000762281856686569	0.3405750811705651	0.08536708260000143	0.5049547035429099	-1.799934141632572	-0.08023271780252955	-0.6113674431779016	0.3408458549779424	-1.786009418335044	-1.786009418335131	0.004120573456108407	-0.03021084843107305	-0.4323116624934157	-0.1731691727212391	-0.2661238731130396	0.02394153636988874	-0.02445122083445174	-0.2936696094167437	0.07966556388744284	0.03161388016965901	0.2509576320743301	-15.87759432064819	-11.86032786686003	2.528418510303865	3.012354817012689	-662.9357365165966	-51.93366167215687	-4.862198426871003	0.8297141233092125	0.5112857743458535	0.4615566488587529	-3.248079516191655	0.337013566942832	-0.920844824830059	1.780808501550021	-3.317899048303917	-3.317899048302422	0.00745581786440677	-0.1446702988338788	-1.113102125669057	0.3203383805237552	1.297420459479549e-07	-2.288404505841856e-08	-1.25555377744152e-06	-1.753905810800136e-07	2.138427522744178e-07	-2.803660300418163e-07	1.747978264289914e-07
1.38	-0.385519041298025	-0.04663466584843629	0.7020415233738376	1.416379176874204	-0.2990451268785683	0.09259564464697881	-0.3950958873274777	1.058401385964575	1.05840138596464	-0.1742142270969431	0.171071681222126	0.2234907820120309	-0.002476960018323991	0.3487937035621074	0.09052931004442634	0.5092260004583372	-1.831742716641203	-0.07665404544060998	-0.6205264209052381	0.3587032351832442	-1.81849621319093	-1.818496213191008	0.004431961672941613	-0.03162262017691325	-0.4432870078269093	-0.16970281819908	-0.26130099837796	0.02440805563245521	-0.02472692775721999	-0.2904704462807736	0.08093765645026325	0.03211215783530807	0.2471373920781941	-15.22028414944783	-12.31366829288603	2.739873821589458	2.575994764369535	-658.7872478811139	-52.08767971627957	-5.747990320216743	0.8133730426212926	0.521178325726689	0.392757591230329	-3.112573370974174	0.3839389896756109	-0.9267107516981797	1.791910675459004	-3.176846322969705	-3.176846322969726	0.07664986452540032	-0.1357129069421735	-1.07924739509214	0.3798189025751423	1.518395912036316e-07	1.405843387741156e-08	-1.374583005365662e-06	-1.9139786802969e-07	2.427816663127739e-07	-2.62336568009737e-07	1.943972982239212e-07
1.39	-0.3819906130947117	-0.04570319677967385	0.7071522723867583	1.397908187916959	-0.2997926702346292	0.08634641986097313	-0.3914194372985793	1.040059508020556	1.040059508020722	-0.1741685987766396	0.1707486469016073	0.2190040807308572	-0.004155326767218403	0.3568626587129908	0.09577624942735316	0.512808052462988	-1.862227047418072	-0.07280914351684008	-0.6292461641691415	0.3765868328646707	-1.849652199476827	-1.849652199476884	0.004689852671076502	-0.03298006489325812	-0.4540064979102602	-0.165916561405987	-0.2562477296058025	0.02468170597788832	-0.02495288026717023	-0.2873147970959214	0.08214370127496678	0.03262748215658904	0.243086874196636	-14.58035975429702	-12.77709841623113	2.959482178606444	2.227956679864449	-654.5058896540479	-52.30425007805831	-6.725111177676586	0.7992734622821129	0.528172934807421	0.323622326912622	-2.982142968176773	0.3918075344879418	-0.8335605568721892	1.786593654707637	-3.050942949370192	-3.05094294936709	-0.0002136540002086341	-0.1348214236715609	-1.061308275785229	0.3862877076558852	1.742321383643507e-07	7.776651374231918e-08	-1.478270572911829e-06	-1.999637802310094e-07	2.686612951966792e-07	-2.275637455446179e-07	2.148749815256788e-07
1.4	-0.3783823719976974	-0.04471891407903578	0.7122953805840916	1.379139199644518	-0.3005003562233005	0.08001220675370206	-0.3875641494248219	1.021412876580084	1.021412876580351	-0.1741205060206449	0.1704122258999881	0.2144115828566842	-0.005794179220185985	0.3647562823022856	0.1010920364195487	0.5156978373408434	-1.891342579680282	-0.06868257196265982	-0.6375240851584761	0.3944708041550244	-1.879446912481544	-1.879446912481581	0.004924848810901496	-0.03429995639723987	-0.464446326426758	-0.161799959013713	-0.2511944608336436	0.0249553563233235	-0.0251788327771128	-0.2841591479110697	0.0833497460996707	0.03314280647787272	0.2390363563150792	-13.9421632528183	-13.24611765610013	3.18671244139591	1.847561868154261	-650.2511374692892	-52.57785652365526	-7.796205114679909	0.778306730303579	0.5349478475804239	0.2543041658712599	-2.838813668042325	0.4402729157576739	-0.8383462967844332	1.791985397244442	-2.904591666733777	-2.904591666733839	0.07207089286340708	-0.1282022644695392	-1.023315081721548	0.4458880224113454	1.767510940798262e-07	2.07054552683372e-08	-1.514900388083209e-06	-2.046827648567002e-07	2.667062704231846e-07	-2.341382871266441e-07	2.148223771868691e-07
1.41	-0.3746960896395415	-0.04368115035889479	0.717463897762618	1.360086036914102	-0.3011652382452331	0.07359758266923712	-0.3835301439715882	1.002475351799043	1.002475351799162	-0.1740699839732854	0.1700624639864016	0.2097163065204294	-0.007390039774422482	0.3724659132839606	0.1064691821120821	0.5178890398500029	-1.919051302311899	-0.06425267431321795	-0.6453292274377276	0.4123169901179604	-1.90781621524814	-1.907816215248167	0.005175254577928611	-0.03564270154376715	-0.474551355435156	-0.1573252825219422	-0.2458519421959397	0.02525824634037448	-0.02536043659120602	-0.2811233478270266	0.08473722342779384	0.0334285965888067	0.2347208531565572	-13.24466587080014	-13.61586802227987	3.38673252319928	1.47048250948146	-645.8252057788466	-52.68768573467529	-8.954004392680034	0.7621574035359854	0.5403275415848603	0.1840921875076966	-2.701087790808024	0.4507565769855781	-0.7407153831776305	1.778940739747172	-2.766864485177793	-2.766864485176344	0.0008348431545900387	-0.135546059784173	-0.9954895643699458	0.4554928968419771	1.663522153558923e-07	-1.148555431259292e-07	-1.507942664210974e-06	-2.069012465582323e-07	2.466587207723787e-07	-2.675886153393169e-07	2.014250858816896e-07
1.42	-0.3709337377472815	-0.04258936925952945	0.7226508397450497	1.340762949711353	-0.3017845396131816	0.06710708372404373	-0.3793180755499395	0.983261381009625	0.9832613810095953	-0.1740170959833484	0.1696996275373427	0.2049217013432964	-0.008939706476884865	0.3799701891230988	0.1118955122644178	0.5193827981219351	-1.945327474146982	-0.05956644116585046	-0.6526990573042645	0.4300833978380566	-1.934736114156947	-1.934736114156965	0.005398037326244642	-0.03691486349188878	-0.4843120946023952	-0.1525611886588898	-0.2405094235582342	0.02556113635742666	-0.02554204040528836	-0.2780875477429842	0.08612470075591709	0.03371438669974225	0.2304053499980367	-12.5525240257983	-13.98497493643678	3.586987412511007	1.084270924635049	-641.486518906748	-52.84800131000905	-10.14275794377803	0.7372357017962662	0.5447847395408735	0.1148153184258167	-2.552303508735628	0.4915400153427925	-0.7512838142414895	1.776029748676484	-2.614710895175856	-2.614710895176022	0.06654628912117967	-0.1140856247883999	-0.9544571134898038	0.5037714966676535	1.757440487504179e-07	-1.690228977168133e-07	-1.583669362965891e-06	-2.174540965229295e-07	2.519111892998946e-07	-2.708569130148457e-07	2.072193605133128e-07
1.43	-0.367097370127803	-0.0414431156112958	0.7278492455919106	1.321184264075963	-0.3023557909184806	0.06054533222805203	-0.3749288622995038	0.9637854969583508	0.9637854969583992	-0.1739624071554794	0.1693242554258826	0.2000312770626567	-0.01044041297694755	0.3872643741199062	0.1173593458608731	0.5201828582450936	-1.9701619694148	-0.05464134017989285	-0.6595754404021851	0.4477376693390021	-1.960188221933962	-1.960188221933971	0.005540998186605361	-0.03815778980577238	-0.4937049986867762	-0.1475329662226591	-0.2350154423930224	0.0257129458798721	-0.0256567662465889	-0.2750081491564746	0.08745827307420144	0.03399428375937955	0.2259310901346226	-11.87275058361782	-14.34805503965697	3.784793057629037	0.746631995796324	-637.0338477707305	-53.03950461482078	-11.35190410305665	0.7196776345824102	0.5477537332641215	0.04533142799237105	-2.411850297411931	0.4996418197503698	-0.6442537985881929	1.756888414281296	-2.472636592223327	-2.472636592221893	-0.01169525312486989	-0.1287733536891695	-0.9215751555147514	0.5096549948585379	1.991258682976479e-07	-1.656533661708219e-07	-1.717845394957244e-06	-2.338984826736574e-07	2.750481534362246e-07	-2.527896373796342e-07	2.265800869278487e-07
1.44	-0.3631892271111645	-0.04024210941438434	0.7330521980537492	1.301364667935574	-0.3028764618780145	0.05391712925287698	-0.3703637538213631	0.9440626566546552	0.9440626566547803	-0.1739062619665303	0.1689365786074842	0.1950489501212527	-0.01188937577709636	0.394325268555093	0.1228460219999792	0.5202921211175079	-1.993509575146903	-0.04945037201280963	-0.66598935314094	0.4652624433790569	-1.984127364641334	-1.984127364641334	0.005689309542230461	-0.03937580487968963	-0.5026926267552577	-0.1422124486761171	-0.2295214612278094	0.02586475540231765	-0.02577149208787534	-0.2719287505699667	0.08879184539248537	0.03427418081901696	0.22145683027121	-11.19857773094258	-14.70975104195571	3.981918678814188	0.4004546537672365	-632.6766218015856	-53.28668142223322	-12.57980307852489	0.6905775894721609	0.5493532480710364	-0.02334413172299078	-2.254925601592692	0.5447134515679078	-0.6587897424083554	1.75013025649834	-2.312117881247095	-2.312117881247239	0.0676163881740475	-0.1091033767951252	-0.8734019103099168	0.562230518729937	2.264274168137434e-07	-1.256837900321924e-07	-1.853477864809643e-06	-2.473425840763766e-07	3.023567684834074e-07	-2.129610564860564e-07	2.494780818911753e-07
1.45	-0.3592116298128158	-0.03898614567108508	0.7382528219154201	1.281318957638244	-0.3033441222068583	0.04722726420867512	-0.3656241909583208	0.9241079838142656	0.9241079838143862	-0.1738490339218449	0.1685368898803172	0.1899788055364885	-0.01328396304691959	0.4011504178354971	0.1283477339601225	0.5197196313016517	-2.015379015247679	-0.04404434244598156	-0.6719026168152207	0.4826195253075825	-2.006546005604543	-2.006546005604504	0.005752488860568612	-0.04056115871786795	-0.5112587888126584	-0.1366649850234857	-0.2238529358393543	0.02591894009651463	-0.02582433657755922	-0.2689213787052692	0.09025959650136285	0.03442697590011748	0.2168196539622689	-10.48189512930863	-15.01616526803818	4.161634445667586	0.05151290768470389	-628.2541952347152	-53.46936936725142	-13.82444250661494	0.6719357585789958	0.5506785556680236	-0.09108504625087183	-2.114905374627554	0.5444560403238526	-0.5451970368288955	1.723906572744415	-2.167614876036772	-2.167614876030819	-0.02495464749435527	-0.1227241613433878	-0.8366277707587192	0.557253218304718	2.567387572166461e-07	-5.761060822421635e-08	-1.990228670876774e-06	-2.584828954047319e-07	3.328686154799949e-07	-1.564229019119477e-07	2.750921937758949e-07
1.46	-0.3551670905894121	-0.03767514513104796	0.7434443441509856	1.261062162507845	-0.3037565405738173	0.04048074605635229	-0.3607119753936502	0.9039369490298087	0.9039369490299236	-0.1737912987542073	0.168125453059966	0.1848253184476895	-0.0146218258942615	0.4077136535660811	0.1338533813475481	0.5184717958964308	-2.035726541760753	-0.03840197963580896	-0.6773199747651409	0.4997929837046985	-2.027399753454913	-2.027399753454834	0.005790734132584695	-0.04172542351661482	-0.5193611275622021	-0.1308675641798545	-0.2181844104508979	0.02597312479071175	-0.0258771810672363	-0.2659140068405729	0.0917273476102399	0.03457977098121815	0.2121824776533292	-9.770573733166643	-15.32203200975199	4.341711485980126	-0.3079388397001004	-623.9276900993194	-53.71671373037029	-15.08350031531247	0.6381948795081326	0.5501403335274709	-0.158413249595919	-1.950542884052059	0.5919801002368078	-0.5596085975362757	1.713405550216411	-1.999139258679427	-1.999139258679368	0.06262957890962778	-0.1048855689088275	-0.7806372487385281	0.612221956929889	2.859112386297922e-07	1.329567601971393e-08	-2.116060635876975e-06	-2.668954071986139e-07	3.612258409290644e-07	-9.303751234158004e-08	2.99407261146843e-07
1.47	-0.3510582174560207	-0.03630910149108921	0.7486200552200689	1.240609429165278	-0.304111556135955	0.03368259308329948	-0.3556290479939448	0.8835651839512594	0.883565183951169	-0.1737335971497487	0.1677025256989838	0.179593144346838	-0.01590071749495876	0.4140132520618439	0.1393522836793324	0.5165613392153943	-2.054562188186884	-0.03256784710278954	-0.6822293573695811	0.51675563140375	-2.046685649684109	-2.046685649684107	0.005747136385088027	-0.04285931826752189	-0.5269886016064027	-0.1248764583763702	-0.2124428348228205	0.02590529944269461	-0.02585925656860455	-0.2629076370997178	0.09317344601046333	0.03463796993247785	0.2074600840772142	-9.070069688428799	-15.57926220245508	4.50756837190885	-0.6215508572805957	-619.5994714736811	-53.91513468022683	-16.35424101233392	0.6187089107196236	0.5492505483731284	-0.2236436035590064	-1.811349484006365	0.5844514016997482	-0.4441254193957083	1.68216465484363	-1.853239653274144	-1.853239653285765	-0.03826915132173329	-0.1170778477519443	-0.7410647170538218	0.5979492603159563	3.141346708848078e-07	8.656287896027279e-08	-2.232793566654734e-06	-2.73034752713768e-07	3.877875484218691e-07	-2.39460936076632e-08	3.226397914229816e-07
1.48	-0.3468877750224497	-0.03488817175473877	0.7537734053771014	1.219976084566027	-0.3044071660583897	0.02683784181870275	-0.35037760006223	0.8630085749407718	0.863008574940474	-0.1736764144627131	0.1672683721065786	0.1742872430585859	-0.01711861916396952	0.4200275136019787	0.1448306006258867	0.5139996134862881	-2.071848793097526	-0.02652085169515974	-0.6866396330739339	0.5334970901065663	-2.064368539842684	-2.06436853984276	0.005686950647894863	-0.04397066980124133	-0.5341065650423231	-0.1186695778425549	-0.2067012591947421	0.02583747409467759	-0.025841332069972	-0.2599012673588633	0.09461954441068629	0.0346961688837377	0.2027376905011007	-8.375159951005871	-15.83655887192304	4.67463245517583	-0.9459997637663091	-615.3736037838025	-54.18667026227445	-17.63338516461676	0.581127488382528	0.5460232564814769	-0.2886670592098426	-1.640734580954415	0.6345526751588803	-0.4597872175187574	1.669167750969337	-1.678538044555211	-1.678538044555199	0.05931198097032483	-0.1003769254712954	-0.6787351270824914	0.6553769029960829	3.415300810003632e-07	1.649142038105286e-07	-2.340896318402731e-06	-2.771211484492045e-07	4.134713075844265e-07	5.09856696191871e-08	3.450667231298947e-07
1.49	-0.3426585948378559	-0.0334125889349219	0.7588979344317345	1.199177533625602	-0.3046414376094179	0.01995148449077512	-0.3449599486081709	0.8422831530168149	0.8422831530166724	-0.1736201423592739	0.1668232846614762	0.1689127415239771	-0.01827360488604359	0.4257571472850639	0.1502792867244338	0.5108018925653031	-2.087598987692532	-0.02030427940904916	-0.6905510525628713	0.549990709813307	-2.080440371343212	-2.080440371343242	0.005568157201272543	-0.04504493516928417	-0.5407000420939357	-0.1122982282283938	-0.200900834562735	0.02564284575198778	-0.02575447448509199	-0.2569203057286574	0.09609592717269555	0.03462037891317566	0.1979481840379514	-7.676899631552458	-16.02966343608065	4.823936326225264	-1.240674969881946	-611.1769861729551	-54.38090454039497	-18.91593334414725	0.5612062945552464	0.5432337033292002	-0.3508802036165548	-1.502757847671685	0.6199303294885103	-0.3443694516229486	1.633085446721276	-1.530260163028273	-1.530260163021258	-0.04741275835171167	-0.1101771783273734	-0.6356202215626173	0.6326612975448982	3.68177086489868e-07	2.478607926945488e-07	-2.441198716027676e-06	-2.793519934222037e-07	4.383615365254142e-07	1.311962057531118e-07	3.667655176684693e-07
1.5	-0.3383736533191744	-0.03188273077076197	0.7639873751581429	1.178229361549447	-0.3048125992727548	0.01302850294054955	-0.3393786356838053	0.821405261885808	0.8214052618858196	-0.1735650457404752	0.1663676093955222	0.1634751119733798	-0.01936394765059229	0.4311797804194999	0.1556856694944976	0.5069819478413565	-2.101773020243457	-0.01389887415688281	-0.6939644775334783	0.5662293841678424	-2.094862381252806	-2.094862381252788	0.005451853719722391	-0.04608823397159145	-0.5467321682400269	-0.1057409863374807	-0.1951004099307278	0.02544821740929709	-0.02566761690020599	-0.2539393440984531	0.09757230993470392	0.03454458894261252	0.1931586775748033	-6.984612698207679	-16.2233830367866	4.975237346447887	-1.546304274040319	-607.0914095031038	-54.65636435126461	-20.19836933515927	0.5197273786526967	0.5375625907848066	-0.4131118198021344	-1.325502172138023	0.6723192683700324	-0.3601883138527274	1.618178680528295	-1.34857372636809	-1.348573726368075	0.05980997398475642	-0.09418361232417916	-0.5664649459782046	0.6925553583464876	3.972687732042831e-07	3.332374842699885e-07	-2.548817455448049e-06	-2.840776979647794e-07	4.684600926429818e-07	2.164264034557448e-07	3.894790418296349e-07
1.51	-0.3340360030272116	-0.03029905602992682	0.7690355708432455	1.157147230493571	-0.3049189678388616	0.006073867417570999	-0.333636333009804	0.800391353877959	0.8003913538778796	-0.1735113346501833	0.1659017121297462	0.1579799611755637	-0.02038802804805712	0.4362952126340956	0.1610384552728497	0.5025582204156831	-2.114384562684441	-0.007349357695361918	-0.6968853151645356	0.5821820877810369	-2.10763443948921	-2.107634439489198	0.005298073152332063	-0.04708576595987379	-0.5521963123709679	-0.09904972100939612	-0.1892565111768513	0.02508229858412333	-0.02551271563112931	-0.2509986240305928	0.09906666411036577	0.03434362251648659	0.1883142693549658	-6.294532518178082	-16.35693288884206	5.110753643676685	-1.812882359508365	-603.0635173376498	-54.86714079347718	-21.47781821259896	0.499229670106666	0.5324540729137157	-0.4717441589739115	-1.188634604011026	0.6504511978844436	-0.2460529364409264	1.576456773995962	-1.198889828133231	-1.198889828134202	-0.05185215627631349	-0.10118517940853	-0.5211532533022871	0.6614630945992319	4.287562475191103e-07	4.209956764830193e-07	-2.663606209827943e-06	-2.9124836488554e-07	5.036628093935976e-07	3.065758694957123e-07	4.131870010209397e-07
1.52	-0.3296488427076541	-0.02866218993099747	0.7740365810630866	1.135947053148498	-0.304959004567785	-0.0009075807714601131	-0.3277359751852145	0.7792582516965756	0.7792582516964028	-0.1734589373824	0.1654261101066218	0.152433216115108	-0.02134438559732913	0.4410817859384391	0.166323941113336	0.4975448547890367	-2.125382278082727	-0.0006325067201866008	-0.6993270107439419	0.5978404142854696	-2.118701215959881	-2.118701215959875	0.005189089217926551	-0.04802918544128749	-0.5570510207679187	-0.09219641669891919	-0.183412612422975	0.02471637975894841	-0.02535781436204866	-0.2480579039627342	0.1005610182860266	0.03414265609035926	0.183469861135129	-5.609347883479935	-16.49188520384659	5.24907658754031	-2.097404888555033	-599.1357134387628	-55.16590694380034	-22.75194751629947	0.4539555966022621	0.5241026032116215	-0.5310394599967042	-1.002736763598716	0.705786171100915	-0.2643599035225863	1.559303258775929	-1.007517373221434	-1.007517373221431	0.06876930058171876	-0.08336111095044825	-0.4445777991801899	0.7249631548249539	4.79749025767198e-07	4.94478481434327e-07	-2.890699829485057e-06	-3.15557934153682e-07	5.596176411740443e-07	4.070197713496998e-07	4.516482979390465e-07
1.53	-0.325215420220364	-0.02697283977828567	0.7789845870034875	1.114644783556099	-0.3049314102798994	-0.007910548430164295	-0.3216807053106914	0.7580228247476734	0.7580228247476409	-0.173408266511595	0.1649411287053353	0.1468408801160657	-0.02223183799702583	0.4455420415501459	0.1715310315663347	0.4919628914115052	-2.13479324078645	0.006172249215817379	-0.7011920561249966	0.6131549618415899	-2.128088262976864	-2.128088262976918	0.004960189253907486	-0.0489584638426077	-0.5613066655573307	-0.0852728655050332	-0.1774699009984649	0.0242136150380536	-0.02514193089789194	-0.2452840953795531	0.1022254732858583	0.03370083728779311	0.1785317563637285	-4.882818525381013	-16.52066600266291	5.360409254156175	-2.36248041493141	-595.2955297868471	-55.31447412684185	-24.01885937817495	0.4330117223366729	0.5166774187880629	-0.5856551823285358	-0.8684473620221558	0.671405096393128	-0.1359256771332163	1.50874068738622	-0.8600186928316188	-0.8600186928403374	-0.06651984411509254	-0.09575003545245669	-0.399646274011243	0.679538507114557	5.514661894443747e-07	5.52793687420054e-07	-3.237117368499219e-06	-3.580775871659166e-07	6.376215951736857e-07	5.184015112560834e-07	5.057850161918804e-07
1.54	-0.3207392049411803	-0.02523188569055506	0.7838739972289736	1.093256770069009	-0.3048350514743453	-0.01492983630702644	-0.315474047923936	0.7367023832632236	0.7367023832633286	-0.1733594446802746	0.1644472467538889	0.1412092699780912	-0.02304935740369484	0.4496403443171254	0.1766447281170979	0.485825711806073	-2.142531057020696	0.01312039681354225	-0.7025910543755041	0.6281179167319573	-2.135704123069641	-2.135704123069752	0.004819281321033858	-0.0498092954731145	-0.5649058485543237	-0.07820981809338089	-0.1715271895739552	0.02371085031715791	-0.0249260474337376	-0.2425102867963728	0.1038899282856891	0.03325901848522583	0.1735936515923284	-4.159302423722542	-16.55299867870517	5.476970361520564	-2.659413111652734	-591.5338882810515	-55.56870940319424	-25.27729208777831	0.3815650276568007	0.5054238227645148	-0.6420827055768242	-0.6681074697030321	0.7344645034450931	-0.1711504774131642	1.488984725625361	-0.6532799883800642	-0.6532799883800416	0.0863677068108062	-0.06767175678776551	-0.3132854406963651	0.7528623983782159	5.865863447453178e-07	6.863533340433894e-07	-3.364666705878318e-06	-3.639589545090619e-07	6.86222206107637e-07	6.348750703190797e-07	5.343653732072512e-07
1.55	-0.3162238051841315	-0.02344031384567868	0.7886993422165438	1.071799629898365	-0.3046687407104245	-0.02196098406673958	-0.3091198008737859	0.7153145471952441	0.7153145471952419	-0.1733117929449011	0.1639454511359551	0.1355448683709963	-0.0237958270673638	0.4533747845797014	0.1816488397659864	0.479156113774246	-2.148612202470443	0.02014492704563589	-0.7035164630059554	0.6426512823013193	-2.14156739817314	-2.141567398173216	0.004679140063982564	-0.05056682092133215	-0.5678659380266099	-0.07108306038255999	-0.1653974370167122	0.02271278013317488	-0.02465393944034768	-0.2400548587513099	0.1057965958128461	0.03278773913873992	0.1684887694384235	-3.368457580756077	-16.58494981102756	5.594181522000033	-2.932430692477982	-587.8867524095753	-55.90948952387969	-26.52648487515736	0.3597117280480889	0.4947231836905306	-0.6923323171705363	-0.5353334227226145	0.6872896626803328	-0.03443148375974023	1.423480823069836	-0.5086040222985322	-0.5086040222933365	-0.06899370074359336	-0.08171906339185744	-0.2710913679313189	0.6929481819941744	5.79540381699733e-07	9.066076622709209e-07	-3.240041810938774e-06	-3.276266448856502e-07	7.009450522050339e-07	7.572152905842598e-07	5.335003574925029e-07
1.56	-0.3116729953839589	-0.0215993372147655	0.7934554044307587	1.0502902352052	-0.3044320161682655	-0.02899762499833763	-0.3026226264978466	0.6938769278260369	0.6938769278259272	-0.1732665003538514	0.163435695038631	0.1298541217356911	-0.02447095600901251	0.4567223529418827	0.1865256853244586	0.4719691571350114	-2.152981961524672	0.02720315246128508	-0.7036896887523527	0.6567033818898111	-2.14566078331519	-2.145660783315232	0.004347452455711196	-0.05140139135167446	-0.5701748541963586	-0.0639416736893324	-0.1592676844594723	0.02171470994918791	-0.02438183144692949	-0.2375994307062531	0.107703263340001	0.03231645979224931	0.1633838872845174	-2.578227788397921	-16.62041752484934	5.716095338679803	-3.246559318386375	-584.2870666068138	-56.35137123449087	-27.76602640417735	0.3041906475778632	0.479970604681236	-0.7455544270583346	-0.325830190599362	0.7412035401562029	-0.02071390060237772	1.392731529451342	-0.299301996090363	-0.2993019960903833	0.04805843656679278	-0.08308075321269648	-0.1830507801888793	0.755788194859553	4.930300450896222e-07	1.230401931933244e-06	-2.729259925730945e-06	-2.199587154187569e-07	6.36468674825403e-07	8.417532143675295e-07	4.851851454223671e-07
1.57	-0.3070907565564614	-0.01971033366520539	0.7981370077682691	1.028746249389478	-0.3041241399190154	-0.03603490790281753	-0.2959874631044747	0.6724081025192441	0.6724081025191341	-0.1732230011457616	0.1629190494434238	0.124143836415421	-0.02507406518820982	0.459658492474356	0.1912424568808389	0.4642684380426158	-2.15550563918026	0.03436753163440451	-0.7036350562340865	0.6702216312139915	-2.147785232825926	-2.147785232825955	0.004315606050076685	-0.05194103650750202	-0.5717726483248641	-0.05668722025976071	-0.1530594768181349	0.02078854380966053	-0.02409368198358609	-0.2351053066044001	0.1094480002769584	0.03150338593429785	0.1581578419815937	-1.853523061855208	-16.48432859968418	5.797358512215958	-3.404533288621427	-580.6952899148515	-56.48516730525616	-28.9828306269067	0.2783094766794652	0.4626633169641086	-0.7947157247935416	-0.1691739130411338	0.7033410198362798	0.03866792142062307	1.315221798301657	-0.1212227638426881	-0.1212227638407401	-0.03407762582046273	-0.04113906282259749	-0.1316829993506897	0.7090449718704344	3.07189241523855e-07	1.683621128389055e-06	-1.735781802687767e-06	-2.312126114751267e-08	4.729932680994883e-07	8.790382675484115e-07	3.775571879079973e-07
1.58	-0.3024811595595196	-0.01777513582291194	0.802739126899963	1.0071863193252	-0.3037447626952453	-0.04306762126343913	-0.2892203471849808	0.6509275914502887	0.6509275914501776	-0.1731808746910644	0.1623966608634489	0.1184208652998319	-0.02560487562213853	0.4621939868307269	0.1957645438711286	0.4560723159716799	-2.156170811235956	0.0415033473653843	-0.7027757799806407	0.6830938871141843	-2.147997935747759	-2.147997935747775	0.004072901776766526	-0.05254998830552277	-0.5727120132601418	-0.04948192463560998	-0.1468512691767998	0.01986237767013063	-0.0238055325202269	-0.2326111825025506	0.1111927372139145	0.03069031207634338	0.1529317966786689	-1.136399154382493	-16.34956537791457	5.881864222998089	-3.562528532367371	-577.2382515001206	-56.69198567245132	-30.16546477467219	0.2240616123573741	0.4410336914631264	-0.8446350227664235	0.04587092937873383	0.7354908517282734	0.1402148464335649	1.263532844653828	0.08304732169029386	0.08304732169029536	0.005886863031664706	-0.09694208165133135	-0.05136494154332424	0.7459566337753608	1.920778626465267e-07	1.998312554988152e-06	-1.131868794466225e-06	1.005046105604526e-07	3.796712664602036e-07	9.198634251227429e-07	3.142352438462997e-07
1.59	-0.2978483182818564	-0.01579577161832562	0.8072568632371075	0.9856292564314705	-0.303294214792115	-0.05008838801401096	-0.2823281057388315	0.6294547542947257	0.6294547542946274	-0.1731417971431	0.1618683449944892	0.1126918297585186	-0.02606389010929833	0.4642932753023817	0.2000666124049875	0.4473969713927497	-2.154899138326398	0.04859817012063875	-0.7012710069796945	0.695211847023632	-2.146223991765001	-2.146223991765001	0.003733938284846467	-0.0531035789354781	-0.5729802391882149	-0.04232916102219582	-0.1402311507212854	0.01847769550290237	-0.02360597198164863	-0.2305906111765204	0.1135578740288506	0.02979923014176214	0.1473624757193711	-0.2250423754328117	-16.21457882816751	5.965930213257175	-3.804544183740439	-573.8018019626188	-56.9726503752653	-31.30730180877181	0.1907309750570118	0.4185685850030376	-0.8906046488235114	0.2192332672259025	0.695181986630387	0.1719345462490021	1.164544300272871	0.2763316484827992	0.2763316484852064	-0.05479770896326693	-0.03288227460874086	0.002706482752524415	0.6984800242679435	1.729564172749316e-07	2.125002008210292e-06	-1.056651299216876e-06	1.247719059325449e-07	3.81557457438483e-07	9.654930100881841e-07	3.110428894703682e-07
1.6	-0.2931969104173791	-0.01377463169826954	0.8116855220337893	0.9640951938259328	-0.3027729778615912	-0.05709084183070873	-0.2753189613463513	0.6080100093213734	0.6080100093212873	-0.1731063111807848	0.1613348302750432	0.1069635635381629	-0.02645166820049528	0.465907304193537	0.2041196869650785	0.4382568078791344	-2.151570753597579	0.0556411528441489	-0.6991131932057941	0.7064744763803859	-2.142379499305677	-2.142379499305661	0.003354584646549268	-0.05358975840307838	-0.5725581490686146	-0.03523464544304104	-0.1336110322657729	0.0170930133356718	-0.02340641144305748	-0.2285700398504928	0.1159230108437856	0.02890814820717821	0.1417931547600722	0.6778622690646153	-16.07991321152845	6.052104978828009	-4.040970802088164	-570.5119485248907	-57.32523810857155	-32.40181635829387	0.1270096962575052	0.3912348967095232	-0.9375988097034686	0.4572132932307983	0.7251228453794137	0.2708230010244004	1.092466734115031	0.4971570170031416	0.4971570170032099	-0.002191166243761942	-0.08345984918032152	0.08669826799136614	0.7343070269234829	1.532171874069506e-07	2.233733790288945e-06	-9.885010884323369e-07	1.464914837673703e-07	3.822499138179682e-07	1.002944674535715e-06	3.070726701562369e-07
1.61	-0.2885318249783098	-0.01171432390072834	0.8160205104364223	0.942604922142256	-0.3021816915760023	-0.06406859820882593	-0.2682018306311449	0.5866142908429499	0.5866142908428716	-0.1730748316545281	0.1607969624367764	0.1012429531807945	-0.02676889510188593	0.4670239905271851	0.2078876180702619	0.4286683475766926	-2.146112064453625	0.06259336552046749	-0.696315592490247	0.7167720165567907	-2.136393794081664	-2.136393794081543	0.002920494288919798	-0.05397667820325826	-0.571449966629225	-0.02823298922030926	-0.1268218863202168	0.01547875430824119	-0.02325543820754828	-0.2266581494562699	0.1183515026247815	0.02789267245248932	0.1360468566426475	1.591635805088767	-15.88986345652954	6.125722311421534	-4.196975549381053	-567.2712058894791	-57.61986021929541	-33.44250826151313	0.0911412989659964	0.3614691505712261	-0.9802722964616312	0.6459420951690591	0.676729013682015	0.3029388778476454	0.9714501437774892	0.7047778593397137	0.7047778593554846	-0.06682125754647907	-0.0150074116240374	0.1400005991974785	0.6794895414566852	1.325667254068003e-07	2.315978007430956e-06	-9.307751222333915e-07	1.644531782347271e-07	3.811816116642319e-07	1.02833390621933e-06	3.019551000582609e-07
1.62	-0.2838581440364947	-0.009617957405505615	0.8202574537048416	0.9211803864240568	-0.3015215914566656	-0.071014636525582	-0.2609871140172997	0.5652895295336148	0.5652895295335444	-0.1730482536892516	0.1602554855272706	0.09553684912127688	-0.02701682651674751	0.4676264047427356	0.2113314265013848	0.4186477810363781	-2.138423560502018	0.06940391959374427	-0.6927695809335885	0.7259916561081683	-2.12818806548808	-2.128188065487853	0.002374272450332755	-0.05431157265092727	-0.5696568894984464	-0.0213755481372306	-0.1200327403746611	0.01386449528080963	-0.0231044649720364	-0.2247462590620473	0.1207799944057771	0.02687719669779942	0.1303005585252223	2.495904120781649	-15.69951139886425	6.200847742625333	-4.342869108412241	-564.1912981465587	-57.98461193574852	-34.42314122766688	0.02415527263799265	0.3264103618974062	-1.024020057278036	0.9031762547612288	0.6967911247710555	0.420505169246678	0.876886609109619	0.9411616909174317	0.9411616909174307	-0.02461746243527557	-0.07305477867814419	0.2236772062691431	0.7054639989928575	1.110357616179194e-07	2.388163334611274e-06	-8.702419079857264e-07	1.813727989553069e-07	3.783444763740234e-07	1.047743362078354e-06	2.956818942951275e-07
1.63	-0.279181110695226	-0.007488862844168724	0.8243921192717585	0.8998440793229052	-0.3007941467797879	-0.07792179254703685	-0.2536858700059109	0.5440580823688244	0.5440580823686961	-0.1730275104200631	0.159711151835656	0.08985210303546497	-0.02719691864794917	0.4676842877787389	0.214423787083774	0.4082215367056956	-2.12844223965438	0.07605229381056078	-0.6885428699500803	0.7340482933808923	-2.117713876038356	-2.117713876038359	0.001758744450107775	-0.05454062800851735	-0.5671781738133239	-0.01467289632885478	-0.1130315478709234	0.01201596326231619	-0.02304694487779727	-0.2231917562340455	0.1236581388760221	0.02567719791831526	0.124383903105784	3.525099975433086	-15.44675467952264	6.261294495336882	-4.518552007096782	-561.3141022636851	-58.28737098173612	-35.33770123968431	-0.01778555464356931	0.2911353684934786	-1.061422156055883	1.104963781635771	0.6437806912094675	0.4418906651110671	0.7387243680357567	1.158614810544836	1.158614810510419	-0.08202162422509128	0.00456429475437996	0.2771191670803653	0.6478632234356908	8.809136074712909e-08	2.444201496326771e-06	-8.052023218703812e-07	1.966196170823759e-07	3.726678984173731e-07	1.057553704113697e-06	2.87553589174768e-07
1.64	-0.2745063765983424	-0.005330747384591187	0.8284206232883501	0.8786194561866039	-0.3000012343365277	-0.08478305413821466	-0.2463103252054585	0.5229429905462409	0.5229429905460514	-0.1730133226619592	0.1591650066322752	0.08419557418999353	-0.02731094477073191	0.4671665558657397	0.2171356061495144	0.3974154709713297	-2.116086767531915	0.08249747287027795	-0.6835906948782449	0.7408518139208961	-2.10491699704683	-2.104916997047062	0.001063170233523731	-0.05467387500395489	-0.564013441430339	-0.00816234645344906	-0.1060303553671843	0.01016743124382317	-0.02298942478356631	-0.221637253406041	0.1265362833462678	0.02447719913883179	0.1184672476863461	4.543940071600958	-15.19301857391034	6.322538059409354	-4.679747294861258	-558.6084155792805	-58.65735046555211	-36.18066260148981	-0.09096771716248174	0.2503020585676494	-1.09998433801471	1.378006509726457	0.6561520933511904	0.5655979869121184	0.6262632625656002	1.40569959927799	1.405699599277988	-0.04062670570708779	-0.0538931062476331	0.3608805458415897	0.6670436123988378	7.652389319064939e-08	2.455620074889992e-06	-7.788019531452372e-07	1.983905030094221e-07	3.798743167694253e-07	1.060910398620931e-06	2.819447998676774e-07
1.65	-0.2698396873864303	-0.003147466509446658	0.8323393193891463	0.8575301237107192	-0.2991449389042823	-0.09159107629816411	-0.2388730729415545	0.5019673177897064	0.5019673177895695	-0.1730065299163732	0.1586177939888133	0.07857406908212848	-0.02736084623348457	0.4660735649002602	0.2194523749039715	0.3862728151728655	-2.101382344928609	0.08872075111676324	-0.6779003774203977	0.7463886451524389	-2.089824772885968	-2.089824772886121	0.0002877694255408896	-0.05474985978428126	-0.5601710597091211	-0.001852637119470481	-0.09921404568053936	0.008194825198900572	-0.02298634851349696	-0.2201313546234276	0.1294156805429064	0.0232124424878706	0.112721809358525	5.533360938108554	-14.90357635111469	6.375312128464961	-4.797894516682305	-556.3485324969158	-58.99678304059439	-36.95086521979827	-0.1331186272579718	0.2121676390618256	-1.128960471041819	1.576278278225736	0.5991318780340378	0.5880693575443665	0.4858939973176033	1.619845039096976	1.619845039108809	-0.0968246841644414	0.01859794218891246	0.4134188631735891	0.6074619929711311	8.486605893421585e-08	2.388954382936723e-06	-8.200202148529534e-07	1.765785075864258e-07	4.096259786617091e-07	1.052973209953976e-06	2.807451632338077e-07
1.66	-0.2651868588523765	-0.000943057275722143	0.8361450780779021	0.8365997590893862	-0.2982276674520251	-0.09833873113707005	-0.2313867521765613	0.4811543395177026	0.4811543395176179	-0.1730076567620318	0.1580704313187699	0.07299448816705795	-0.02734874512308267	0.4643944202940894	0.2213612778655117	0.3748279885632357	-2.084293196621579	0.09469267687272218	-0.6715172306696162	0.7506655141387424	-2.072378100140842	-2.072378100140917	-0.0005207480152639893	-0.05470388032004587	-0.5556286028714355	0.004238168177459128	-0.09239773599389153	0.006222219153979235	-0.02298327224343619	-0.2186254558408109	0.132295077739546	0.02194768583691107	0.1069763710307054	6.516100396124806	-14.61317781271714	6.428178229671137	-4.917736193712651	-554.2109782721814	-59.39660979276915	-37.64986125630811	-0.2081984453006843	0.1687288999842763	-1.160418500247836	1.854951650471385	0.6058815952459256	0.7041638454989587	0.3742708135177683	1.876589316130515	1.876589316130381	-0.04725003227149372	-0.02950025733527697	0.5008955691351107	0.623262804989046	9.143758017598355e-08	2.311798176377098e-06	-8.495680064359567e-07	1.556006345621809e-07	4.34910238750265e-07	1.038307857296333e-06	2.77386226385381e-07
1.67	-0.2605537393970781	0.001278408753785038	0.8398350525362769	0.8158519718470505	-0.2972519211097465	-0.1050189918739664	-0.2238638726398948	0.4605273661844153	0.4605273661843807	-0.1730169590457573	0.1575238619831454	0.06746383325327535	-0.02727676729795035	0.4621309682470374	0.2228651959814248	0.3631315188863447	-2.064879787093265	0.1004101880049745	-0.6644258738537525	0.7537140267619414	-2.052630444964395	-2.052630444964411	-0.001337861145296649	-0.05459135307852551	-0.5503809878600642	0.01012171357370249	-0.08580998449935967	0.004122850190352859	-0.02304983035553387	-0.2173292678001593	0.1353945659975415	0.02062663236324241	0.1014758095309989	7.530933644518194	-14.30087397515677	6.47403909485202	-5.072047731519311	-552.6878576072363	-59.79507355170866	-38.2778270840892	-0.2501915774579706	0.1312380791014974	-1.179476238135745	2.042215037782998	0.5475865608089526	0.7282748004041546	0.2406865218175704	2.081718884785247	2.081718884794169	-0.09838718692028343	0.03465436740550733	0.5549235057238944	0.5653114989666915	9.462404575254764e-08	2.214586574246495e-06	-8.568046051334783e-07	1.362174073002547e-07	4.516538777434584e-07	1.010779838185907e-06	2.698992155973598e-07
1.68	-0.2559462090608602	0.003512916926792683	0.8434070192905379	0.7953098545867525	-0.2962204195184267	-0.1116250084025491	-0.216316398969977	0.4401094424561699	0.4401094424561849	-0.1730343215074937	0.1569790229504371	0.06198930029732361	-0.02714707180045064	0.4592765964779648	0.2239697065656044	0.3512264477404269	-2.043159200214086	0.1058437266809895	-0.6566683890069254	0.755584340789005	-2.030568179132613	-2.030568179132568	-0.002132783617374184	-0.0543578197366129	-0.5444042113052621	0.01578170265093472	-0.07922223300482509	0.002023481226727544	-0.02311638846763798	-0.2160330797595051	0.1384940542555378	0.01930557888957513	0.09597524803129386	8.542512733982115	-13.98727179358576	6.518861336023503	-5.241671026666928	-551.2406998822828	-60.24528909299983	-38.83600897494739	-0.3263823897047726	0.08884739363757102	-1.202138794053192	2.316387120644545	0.5490871039984634	0.8373894516916227	0.1386310942906517	2.339511447197316	2.339511447197621	-0.04281190068046634	-0.005299037256827972	0.6467278778213167	0.5785515411868212	9.947514623573582e-08	2.109531438594222e-06	-8.652908648406386e-07	1.152869065246492e-07	4.707425791432092e-07	9.808708462971266e-07	2.622871020302866e-07
1.69	-0.251370121273185	0.005756484611845984	0.8468590613761996	0.7749962105655599	-0.2951359825894341	-0.1181499385560543	-0.2087560205809078	0.4199234701054889	0.4199234701055199	-0.1730594519962246	0.1564367790745727	0.05657817187630214	-0.02696182635129375	0.4558434491913982	0.2246789788752143	0.3391609773802833	-2.019196459343582	0.1109923059519965	-0.6482107887852953	0.7563118753948339	-2.006243016594218	-2.00624301659419	-0.00288139340749653	-0.05407236417812133	-0.5376945190998004	0.02123159120025766	-0.07291711218633691	-0.0001378702172203879	-0.0232359789688413	-0.2148710973813479	0.1416550315176546	0.01794576068634543	0.0907554932019516	9.534276419297296	-13.64977285351729	6.555770641584774	-5.397567210007713	-550.4221157288748	-60.68199398354363	-39.32651719974746	-0.3664062277493967	0.05225426833034597	-1.211797665221407	2.492199452417077	0.4899250967731476	0.8662487725031527	0.01289539921689568	2.536460033552334	2.536460033549522	-0.08886403867550545	0.04848534188151868	0.7021502758535267	0.522642639818712	1.078115760546681e-07	1.988053904630952e-06	-8.7639360228673e-07	9.111680182977759e-08	4.947412549566898e-07	9.459766926536656e-07	2.544130545195732e-07
1.7	-0.2468312900242987	0.00800520244373691	0.8501898394566146	0.754933390329505	-0.2940016235161072	-0.124587032014322	-0.2011937506946826	0.3999922376554705	0.399992237655517	-0.173091664286956	0.1558979932521891	0.05123795245412425	-0.02672319499104087	0.4518252887201592	0.2249997359331298	0.326973646691098	-1.992994443186527	0.1158281555478568	-0.6391010499594868	0.7559626402201796	-1.979620199000154	-1.979620199000146	-0.003549144017514085	-0.05366620904045537	-0.5302224115365408	0.02645888487012824	-0.06661199136784653	-0.002299221661167801	-0.02335556947004468	-0.213709115003189	0.144816008779772	0.01658594248311646	0.08553573837261046	10.52703789452349	-13.31092578150336	6.59072610709122	-5.58556352696508	-549.6213645578792	-61.16080747023486	-39.75233887955913	-0.4433850266392423	0.01114434329869292	-1.226510859861534	2.764242177954617	0.4865411689691345	0.9678171725272694	-0.07672286180595296	2.799042458331062	2.799042458330871	-0.02664006465950519	0.01884087857805337	0.7992109493809123	0.534032565296353	1.179313932243437e-07	1.872031524675451e-06	-8.910873676866633e-07	6.614899251319794e-08	5.252044319628973e-07	9.138682137133444e-07	2.475550192834322e-07
1.71	-0.2423355085843769	0.01025513499530956	0.8533982729424547	0.7351436103000316	-0.2928205241569792	-0.1309295081470396	-0.1936406265854557	0.3803384706586624	0.3803384706586166	-0.1731302349325942	0.1553635031166157	0.0459761310062258	-0.02643344216761972	0.4472285506584665	0.2249169993419392	0.3147019064516297	-1.964576350548425	0.1203306130661793	-0.6292806240423424	0.7544694731238624	-1.950741479481276	-1.95074147948129	-0.004152694799574467	-0.05321542626875937	-0.5220167828343619	0.03144918923237958	-0.0602875590942789	-0.00460269721088344	-0.02355410859312841	-0.2129186243436989	0.1482060926089205	0.01516419994874209	0.08031860847933284	11.55787646960323	-12.94654857599992	6.615553067572274	-5.721151647105802	-549.3170014484715	-61.64029534053197	-40.11713658004741	-0.4831844610810296	-0.02844489136186743	-1.229056600492153	2.93838665041923	0.4228397883475103	1.006450730860349	-0.214519908756609	2.990996872427131	2.990996872424004	-0.07517584075531906	0.06088784583028301	0.8500190679679743	0.4749981335663117	1.321530013007288e-07	1.768555998937818e-06	-9.140404973804332e-07	3.934646256668971e-08	5.705359617123775e-07	8.881667865902451e-07	2.430338122788079e-07
1.72	-0.2378887677781015	0.01250214773476351	0.8564836788269998	0.7156495699656754	-0.2915962518736514	-0.1371703209346752	-0.1861082154022342	0.3609852328917953	0.3609852328916576	-0.1731744337372079	0.1548340589826326	0.04080012189281542	-0.0260950925482007	0.4420171619909031	0.2244157735093904	0.3023681264320844	-1.933846504163074	0.1244627403878497	-0.618768380943104	0.751820055019066	-1.919514353011958	-1.919514353011993	-0.004674775812675456	-0.05265700872246736	-0.5130599446389195	0.0361782440697025	-0.05396312682070861	-0.006906172760599095	-0.02375264771620911	-0.2121281336842067	0.1515961764380697	0.01374245741436792	0.07510147858605619	12.59501953929218	-12.58104425367845	6.637652516712273	-5.90909342659955	-548.9570859706952	-62.1518740966862	-40.42520813364417	-0.5663151478133407	-0.072553504972939	-1.238918815876938	3.226592927404159	0.4124751296387137	1.106180608946095	-0.3079730635017556	3.268723848418937	3.268723848418875	-0.01034611086762386	0.04036783349725321	0.9494528480335853	0.4817826603106745	1.443186408015454e-07	1.670264023186466e-06	-9.290541423724553e-07	1.476082373348338e-08	6.144487417900927e-07	8.612637126132694e-07	2.377975614960317e-07
1.73	-0.2334971539187444	0.01474195836884374	0.8594455426632713	0.6964743433537671	-0.2903326039285328	-0.1433023558781057	-0.1786086163773938	0.3419558858739593	0.3419558858739361	-0.1732235501016438	0.1543104796293852	0.03571726663929346	-0.02571084622673584	0.4361962755726561	0.2234663353523633	0.2900001810686393	-1.900785200092393	0.1281905398192158	-0.6075158406247607	0.7478680413587739	-1.885942376699132	-1.885942376699167	-0.005144474790254852	-0.05204132492851426	-0.5033920668184447	0.04061541075416364	-0.04740878535495015	-0.009429716456630896	-0.02405219823678546	-0.21190567727934	0.1553377708539229	0.01226802111457045	0.06969179090713609	13.71102726617531	-12.19959367799341	6.649362038486181	-6.01245927854232	-549.0313601151596	-62.69626816889338	-40.68117333498701	-0.6063760548431858	-0.11814530163617	-1.236264461337948	3.407954230954438	0.3414041421457402	1.153451627695847	-0.4735718058390618	3.46329049109424	3.463290491094194	-0.06451426496724677	0.07502518337254363	0.9933260233021435	0.4162100923735795	1.512709314143131e-07	1.585116049186044e-06	-9.239355225850458e-07	-4.203412633850359e-09	6.547639780572614e-07	8.313136055425358e-07	2.307481639900848e-07
1.74	-0.2291670290567726	0.01696987335523998	0.8622836206329566	0.6776421407993768	-0.2890339836306486	-0.1493181332414692	-0.1711554887468655	0.3232746298129274	0.3232746298130201	-0.1732772099506085	0.1537936284202831	0.03073466431882574	-0.02528392295445442	0.4297193625138954	0.2220366439725915	0.2776109531148536	-1.865241692659534	0.1314572109409882	-0.5955168649297204	0.7425257761566372	-1.849896161651115	-1.84989616165115	-0.005583472718400476	-0.05131137989343323	-0.4930093580280612	0.04471363423301438	-0.04085444388918623	-0.01195326015266247	-0.0243517487573592	-0.2116832208744689	0.1590793652697777	0.01079358481477359	0.06428210322821822	14.83770737059159	-11.81711715679756	6.657602134218024	-6.183545676123828	-548.9882357970644	-63.26261923973371	-40.88797166721518	-0.697520475916041	-0.1686041495218508	-1.243175333945051	3.723033599839946	0.3202494677199801	1.255467684285492	-0.5860233718706928	3.76357159545703	3.763571595457164	-0.004205900980866904	0.06322008172283997	1.092419042015318	0.4139940191886001	1.539000420805566e-07	1.501902006064825e-06	-9.049794361209553e-07	-1.937659190425873e-08	6.853435583190545e-07	7.96841773577791e-07	2.218801536424135e-07
1.75	-0.2249049438703264	0.01918100498600882	0.864997797821106	0.6591778360437806	-0.287705027542261	-0.1552101435964009	-0.1637631304923442	0.3049661824692153	0.3049661824692494	-0.1733350168668606	0.1532845213111387	0.02585935302916311	-0.02481771523764831	0.4225821947672198	0.2201008305976157	0.2652278641109639	-1.827184113788065	0.134244653809001	-0.5827567454043094	0.7356818461562777	-1.811367258611196	-1.811367258611208	-0.005979169555314239	-0.05049204183043966	-0.4819415402734286	0.04846129186367058	-0.03414678900429258	-0.01462623895503429	-0.0247484111956559	-0.2120075291569473	0.1631209828929127	0.009276423768677005	0.05875134001889289	16.01975814941919	-11.41868848764727	6.65519804614286	-6.253042553800126	-549.4919856816319	-63.85558667997097	-41.04799818961059	-0.7391407693248111	-0.219403136365914	-1.23523053488718	3.912400935262355	0.2445039763258773	1.30576856170697	-0.7731821028296155	3.96141746634795	3.961417466351199	-0.05729271528359264	0.0941918633995753	1.130679910240453	0.3450379648859979	1.443909936661736e-07	1.424117845796754e-06	-8.471720009107968e-07	-2.390564932560689e-08	6.885884121042153e-07	7.496743294106292e-07	2.079060380083621e-07
1.76	-0.2207176955304034	0.0213701118420518	0.8675882731489613	0.6411071632577917	-0.2863508945691964	-0.1609706558610709	-0.1564471323955685	0.28705579771752	0.2870557977174975	-0.1733967889795297	0.152784187821587	0.02109806327065742	-0.02431605367855928	0.4147519932092822	0.2176316890274193	0.2528705810560688	-1.786515298738113	0.1364925878763708	-0.5692172468773745	0.7272537446074768	-1.770283643247731	-1.770283643247724	-0.006376512001706623	-0.04955665597496795	-0.4702050517966672	0.05180440268960122	-0.02743913411939091	-0.01729921775740546	-0.02514507363394828	-0.2123318374394201	0.1671626005160499	0.00775926272258155	0.05322057680957151	17.21433079680333	-11.01924014175739	6.648962740539508	-6.393430869039875	-549.8480360774082	-64.46143703610429	-41.16379501305683	-0.8361272381683967	-0.2752697885659745	-1.238014144146136	4.245280835536644	0.212347707591405	1.411343484590311	-0.9028576815589446	4.274514060166169	4.274514060165784	-0.004535022876587008	0.08642964021847079	1.226153186441096	0.3330846582434941	1.354442078109408e-07	1.337157395119847e-06	-7.885561171657764e-07	-2.889001565887219e-08	6.881328691720091e-07	6.992125880977706e-07	1.93430410454353e-07
1.77	-0.2166121720053793	0.02353186017366335	0.8700554254260405	0.6234561208329591	-0.2849769214647531	-0.1665917966532406	-0.1492233980841473	0.2695689263781697	0.2695689263782092	-0.1734623114662694	0.1522935802651528	0.01645747457659934	-0.02378288098502657	0.4062351632512096	0.2146290989057372	0.2405738505205552	-1.743259450686575	0.1382063586755851	-0.554882597691116	0.7172296347624253	-1.726665446908799	-1.726665446908804	-0.006724326804778679	-0.04854750958535294	-0.4578026100941052	0.05476080088948678	-0.02083004740342837	-0.02002927043405974	-0.0256170275584736	-0.2130656754059014	0.1714339236499041	0.006250285274510775	0.04781166614113173	18.43586379285972	-10.62149245927977	6.635489061364792	-6.48434930857274	-550.9176878758354	-65.10849859778102	-41.23787213494663	-0.8770985892100698	-0.3260934384683246	-1.223272731086131	4.43080438267864	0.1364645302095359	1.463951822380236	-1.0917100731397	4.469216095829183	4.469216095827462	-0.04923576580664564	0.110930122437094	1.263812015462967	0.2664182414415468	1.282544924530521e-07	1.22152103691533e-06	-7.274138317493123e-07	-3.529722234187851e-08	6.761135864980311e-07	6.384561682046095e-07	1.773875581504761e-07
1.78	-0.2125953443228526	0.02566091464115828	0.8724000563531983	0.6062506504071857	-0.283588696099493	-0.1720657057162004	-0.1421078093586085	0.2525309857372233	0.2525309857373255	-0.1735311783123975	0.1518136187694357	0.01194421477022673	-0.0232222441413789	0.3970128247097992	0.2110929162040945	0.2283663110717803	-1.697400898926383	0.1393430400397225	-0.539770901035392	0.7056246274309159	-1.68049750356697	-1.680497503566988	-0.007045383879215591	-0.0474274438315752	-0.4447392742595744	0.05729723271259068	-0.01422096068745776	-0.02275932311071251	-0.02608898148299702	-0.2137995133723776	0.1757052467837603	0.004741307826441984	0.0424027554726966	19.67182146014093	-10.22273840920279	6.617820861252875	-6.647647119311753	-551.8076232640124	-65.75866122218885	-41.2727626773698	-0.9772289548359566	-0.3819883045580867	-1.220175926798396	4.765821577267487	0.09692982057603541	1.566752978483397	-1.219037178850505	4.784463460745226	4.784463460745044	0.000816522850447912	0.1086135130510149	1.358332012834846	0.2490913828871657	1.221647145209428e-07	1.103830567589605e-06	-6.682678735906453e-07	-4.22867808962001e-08	6.64561749542939e-07	5.776677704817886e-07	1.616356366479495e-07
1.79	-0.208674187783016	0.02775196773562896	0.8746231716943001	0.5895166012444086	-0.2821919073767512	-0.1773844914212196	-0.1351161902259706	0.2359673649635304	0.235967364963565	-0.1736028630229695	0.1513451723691793	0.007564916894345469	-0.02263821449892132	0.3870998719525454	0.2070315704771232	0.2162801462838431	-1.648978841667521	0.1399158736781422	-0.523859753071807	0.692443933695413	-1.631800737255988	-1.631800737255955	-0.007278522903508716	-0.04624315230124505	-0.4310075585625713	0.05944040168937318	-0.007756495324525913	-0.02551327044207624	-0.02662710322148795	-0.2149062508476469	0.1802107263421276	0.003254722739270261	0.03715826462252583	20.93822338678273	-9.83239463154464	6.59390264443364	-6.787608044378649	-553.4007187070458	-66.45303254822805	-41.27103485686285	-1.016125747512779	-0.4311392424308911	-1.199199037825107	4.944918471924741	0.02257471838330115	1.622414049935752	-1.405875281095226	4.976143274658251	4.976143274666027	-0.03333521655727197	0.1262821235554742	1.397512257533927	0.1866137345540295	1.199247175790607e-07	9.78950709339651e-07	-6.161090608342673e-07	-5.131457100012499e-08	6.546459726039469e-07	5.167674503551585e-07	1.46901972950149e-07
1.8	-0.2048557202330201	0.02979982106569708	0.8767261529309158	0.5732796767885665	-0.2807923674010436	-0.1825403419776751	-0.1282640359927265	0.2199034838646247	0.2199034838645916	-0.1736764703440827	0.1508891579143317	0.003326320357314421	-0.02203481635079987	0.3764750267415819	0.2024529633235825	0.2043394901745673	-1.597975957539491	0.1398932906328958	-0.5071838713226335	0.6777316475521085	-1.580549568609666	-1.580549568609579	-0.007429905987324304	-0.04494105474965682	-0.4165990064895326	0.0611709338453653	-0.001292029961588845	-0.02826721777343852	-0.0271652249599834	-0.2160129883229123	0.1847162059004963	0.00176813765210041	0.03191377377235812	22.22166385129892	-9.441229430338556	6.565507819258412	-7.002623650500233	-554.7715485897425	-67.14028866197437	-41.23533727034204	-1.119607445577864	-0.4854405898719812	-1.191074191066094	5.281986951101003	-0.02215351615717942	1.719699735601062	-1.525355660410806	5.295343927812917	5.295343927813578	0.01716771094596368	0.132174717302631	1.493699288041967	0.166564018729099	1.189551198943755e-07	8.561186139024651e-07	-5.676494519743519e-07	-6.087378538013186e-08	6.47778076194751e-07	4.577262760000976e-07	1.329295453067236e-07
1.81	-0.2011469672798377	0.03179927762395267	0.8787105382260862	0.5575655500716766	-0.2793960077797736	-0.1875254144640885	-0.1215669814864323	0.2043647397415324	0.2043647397414784	-0.1737510701909735	0.1504464672180074	-0.0007648970262742687	-0.02141613950674352	0.3651509451351005	0.1973490563381107	0.1925659301403756	-1.544404095475802	0.1392729692020931	-0.4897017490070347	0.6614080170480704	-1.52676376694387	-1.526763766943895	-0.007476059252703601	-0.04357684604652557	-0.401535393112743	0.06249159178408996	0.005228816235693259	-0.03110406877591377	-0.02778387104258178	-0.2176264232205139	0.1895480934399509	0.0002987192302381623	0.02664031341858299	23.5708809021421	-9.061219995090182	6.529962674598244	-7.164035990213921	-556.7126962758806	-67.88554033760072	-41.16840824051094	-1.157506054496317	-0.5362759654662382	-1.1661112814017	5.461587586599586	-0.09786387971262218	1.781919665798295	-1.726552244203275	5.485499047267265	5.485499047249819	-0.01334879878636439	0.1417003494666338	1.529063204190466	0.103846423245718	1.230035992756178e-07	7.413751815757126e-07	-5.338016985054645e-07	-7.253212565066257e-08	6.529493078782497e-07	4.06028727442735e-07	1.2196400007808e-07
1.82	-0.1975551946499823	0.03374501306983724	0.8805780650465536	0.5424005023259434	-0.2780090298574459	-0.1923317754900942	-0.1150413003849389	0.1893769137873594	0.1893769137872829	-0.1738256999612194	0.1500180498892433	-0.004702204107756476	-0.02078645013493959	0.353078962076095	0.1917087408493812	0.1809677952339577	-1.488160163308243	0.1380169508444581	-0.471441579241075	0.6434569665919133	-1.470365934825903	-1.470365934826047	-0.007435890658342004	-0.04208638123746416	-0.3858169460682332	0.0633734393948773	0.0117496624329782	-0.03394091977838912	-0.02840251712518329	-0.2192398581181129	0.1943799809794061	-0.001170699191623954	0.02136685306480939	24.94085593958023	-8.680816752689937	6.489753639013193	-7.406636906175202	-558.3735682591165	-68.61302317888672	-41.07311572052057	-1.26918773608269	-0.5927222905235132	-1.155989165511314	5.816400971874971	-0.1492929015236204	1.87530922567324	-1.850839650834589	5.817750018246962	5.817750018246503	0.0344320828941525	0.1574259384886621	1.624666021585985	0.07880195314164459	1.281177556088506e-07	6.274223563501086e-07	-5.028536713636175e-07	-8.457318746411713e-08	6.59846742127802e-07	3.557833348766691e-07	1.115817707535813e-07
1.83	-0.1940877053356247	0.03563165924979558	0.8823305669489906	0.5278109490973847	-0.2766377965026667	-0.1969513819525946	-0.1087036433517634	0.1749658671036627	0.1749658671036391	-0.1738994803620832	0.1496048007081873	-0.008479174013977082	-0.02015014112775975	0.3402899033503571	0.1855296313205297	0.16956426936374	-1.429292949175944	0.1361167065656531	-0.4523472713615298	0.6237884576781934	-1.411398093051965	-1.411398093051915	-0.007309003953552618	-0.0405424515425864	-0.3694701491629111	0.0638103392242267	0.018305827881562	-0.0368480734316953	-0.02909566741258132	-0.2213735442244669	0.1995737769487601	-0.002610927152896962	0.01608246410493907	26.38896069312849	-8.318436807598687	6.442898218183685	-7.613306913599727	-560.602040853501	-69.40451650944937	-40.95245548781165	-1.303117084579177	-0.6441568324316157	-1.127644319776768	5.990522844566857	-0.2273631742390702	1.946458391317241	-2.067753866395293	6.003078122020383	6.003078122049655	0.00351952743448221	0.156130867915121	1.655729346632202	0.01441704800282339	1.380274582260404e-07	5.170272630796726e-07	-4.849544126934517e-07	-9.833649622072904e-08	6.745120879245954e-07	3.120726442714373e-07	1.038244629977344e-07
1.84	-0.1907519770372762	0.03745378402479227	0.8839700115883256	0.5138237962522813	-0.2752889601873116	-0.2013760519718551	-0.1025712508786757	0.1611578542107164	0.1611578542107476	-0.1739716513832661	0.1492076417006649	-0.01208946738681911	-0.01951180651225217	0.326726758874223	0.1788044598570536	0.1583563426135439	-1.367680086617263	0.1335375429596425	-0.4324542905931004	0.6024040545742894	-1.349759176675901	-1.349759176675658	-0.007114014722236918	-0.0388683465305975	-0.3524816393925141	0.06377856106042534	0.02486199333014955	-0.03975522708500219	-0.0297888176999809	-0.2235072303308181	0.2047675729181148	-0.004051155114170466	0.01079807514507116	27.86295935134797	-7.956440773263627	6.391364085551304	-7.911386540926399	-562.4721576336954	-70.16702984945134	-40.81016902996715	-1.424004886161891	-0.7019346774484216	-1.116869341507008	6.365530657151316	-0.2850767669647456	2.035043803450112	-2.194018488871365	6.351964938672278	6.351964938671517	0.04805258819942698	0.183461001910887	1.753008594600941	-0.0149336454884975	1.482109996241114e-07	4.080939293669075e-07	-4.679593251135283e-07	-1.11967003055495e-07	6.89347241613547e-07	2.692822429479408e-07	9.635012832895611e-08
1.85	-0.1875554980760539	0.03920596806364324	0.8854984362537676	0.5004659796141322	-0.273969288274817	-0.2055975396202979	-0.09666156840108173	0.1479791735346368	0.14797917353466	-0.1740415098140013	0.1488274604179065	-0.01552679388099881	-0.0188761172140955	0.3124375628931025	0.1715440825605615	0.1473628434351109	-1.303423760577785	0.1302810937858664	-0.4117108831661762	0.5792467549065826	-1.285529024157376	-1.285529024157087	-0.006845184598460853	-0.03714578212027524	-0.3348763241311357	0.06328079880731335	0.03131858695160652	-0.04267540937371875	-0.03053466249697369	-0.2260831211040946	0.2102579305015013	-0.005430479504570806	0.005621709288407224	29.39350493927888	-7.622641588853195	6.335010535099277	-8.187451958121949	-564.9556788373311	-70.99706511991454	-40.65029802721914	-1.451097252720398	-0.7513562626773734	-1.085308550605661	6.52462052394245	-0.3632900773413904	2.113927806070651	-2.419438611409867	6.525713528508165	6.525713528515648	0.01816521583411943	0.1700625965366759	1.78040436578051	-0.07895734591816209	1.598150796980032e-07	3.06743473359559e-07	-4.556546250642369e-07	-1.249085999206855e-07	7.050632737430691e-07	2.31265842273446e-07	9.034371654934634e-08
1.86	-0.1845058551343688	0.04088289492814375	0.8869179822585064	0.4877645136256978	-0.2726856530710116	-0.2096076054757201	-0.09099202950130247	0.1354562290077565	0.1354562290077704	-0.1741083065452251	0.1484651864664384	-0.01878484494778986	-0.01824775750460906	0.2973595549666488	0.1637530249869599	0.1365806104729012	-1.236409956674455	0.1263302012217964	-0.3901699319889679	0.5543753390112938	-1.218611946836226	-1.218611946835889	-0.006501674819987022	-0.03528688027220202	-0.3166265539147887	0.06231264332637692	0.03777518057306741	-0.04559559166243473	-0.03128050729397412	-0.2286590118773682	0.2157482880848885	-0.006809803894970269	0.0004453434317465606	30.9562798324669	-7.290356097971221	6.274181886725605	-8.568291627132179	-566.9856934105322	-71.78638898858591	-40.47639067638727	-1.581767275228503	-0.8080707328703499	-1.074616098262351	6.917026229921533	-0.42396544502351	2.194552553506936	-2.536841734387782	6.889349899197406	6.889349899196732	0.0629885191389952	0.210728489461082	1.88189958559463	-0.1090122910533777	1.7096289594226e-07	2.087621717424576e-07	-4.432592972501676e-07	-1.372064801583389e-07	7.200638877881906e-07	1.942760184990489e-07	8.451344230742624e-08
1.87	-0.1816106764936376	0.04247926960228587	0.8882308142200447	0.4757464463344734	-0.2714449783629987	-0.2133980394398861	-0.08558024467001717	0.1236154012976297	0.123615401297639	-0.1741713191933704	0.1481217735450472	-0.02185738941098998	-0.01763144385495514	0.2815380171174764	0.1554327270074611	0.1260189198594668	-1.166731638002217	0.1216872584814678	-0.3677840907129452	0.5276825028389208	-1.149102395735728	-1.149102395735399	-0.006089449016860437	-0.03337285539548154	-0.2977798245243376	0.06087017175986548	0.04423490685916547	-0.04854687199707151	-0.03208552750125096	-0.2317858872769012	0.2216075307336381	-0.008138005897751335	-0.004725637713663091	32.60058134592411	-6.985713023298548	6.207668319169609	-8.905052070077348	-569.568396786647	-72.64429448785359	-40.29203756876357	-1.603067812608579	-0.8574173493789086	-1.04182682195076	7.064032026066122	-0.5020642972206237	2.2805884807576	-2.780373219689816	7.049422519753081	7.049422519752165	0.03202175393008344	0.1852432428988289	1.901448811433705	-0.1738155975834409	1.793405389351621e-07	1.312364503518541e-07	-4.303137294356607e-07	-1.455960808716614e-07	7.307208920351665e-07	1.635189830466736e-07	7.975257454433626e-08
1.88	-0.1788778573859666	0.04398975969285517	0.8894390530196353	0.4644393216980099	-0.2702542542041257	-0.2169606172780703	-0.08044436193266095	0.112483202059364	0.1124832020593662	-0.174229873154877	0.1477982016236461	-0.0247383887411529	-0.01703194512259298	0.2648876483544245	0.1465761082723951	0.115661978083342	-1.094221425722335	0.1163400913938163	-0.3445987067926167	0.4991949202254387	-1.076886252464152	-1.07688625246383	-0.005609937492509176	-0.03131868027390952	-0.2783175273073533	0.05894965986801776	0.05069463314526081	-0.05149815233170792	-0.03289054770853686	-0.2349127626764355	0.2274667733823868	-0.009466207900532079	-0.00989661885907321	34.28393039535631	-6.683946514711821	6.137090199039904	-9.361001998985371	-571.5953993250999	-73.44966068763867	-40.10090099263915	-1.74753345800437	-0.9153348839837944	-1.033666330800407	7.483404951450502	-0.5648103144880794	2.354461082368101	-2.895791022609638	7.430668333413096	7.430668333412893	0.07644566338394901	0.238758538431394	2.005013150901265	-0.204620356120622	1.872902982148387e-07	5.676104969164756e-08	-4.177475524618876e-07	-1.533662545229098e-07	7.40178030302121e-07	1.340542805316495e-07	7.519793449395954e-08
1.89	-0.1763153440455092	0.04540901917455094	0.890544772039745	0.4538708284364277	-0.2691205488525577	-0.2202871078234007	-0.07560292406369409	0.1020861961608012	0.1020861961607975	-0.1742834520995152	0.1474954725521422	-0.02742191238605646	-0.01645411212440273	0.2474725572665348	0.1371856528516797	0.1055104296456916	-1.01899046989338	0.1102786451627026	-0.3205633997094821	0.4687731386706229	-1.002052119410688	-1.002052119410487	-0.005104776855952307	-0.02920290805023905	-0.2582866603703388	0.05653233218889377	0.05716444779211936	-0.05450818405652508	-0.03375124580468842	-0.2386380133446832	0.2337470957901585	-0.01072474379141761	-0.01507797658957325	36.06965452363131	-6.420780286641538	6.061721700072372	-9.784801538568251	-574.1199326336094	-74.33818811694167	-39.90662776541057	-1.759861571571963	-0.9644530721440541	-1.001460220649281	7.615974381803207	-0.6451340809374757	2.448530760691772	-3.163298956510254	7.579193089391774	7.579193089373799	0.03766837675675259	0.2016875237458188	2.017217340585641	-0.272929874269859	1.92137900573631e-07	4.400474326808888e-09	-4.07931959083432e-07	-1.566455819741218e-07	7.409361402139209e-07	1.139589918124187e-07	7.213844536075334e-08
1.9	-0.1739312545434084	0.04673166366183384	0.891549863351398	0.444069251429772	-0.2680511224240036	-0.2233691522500184	-0.07107528945719385	0.09245141305238881	0.09245141305237727	-0.1743319560151927	0.1472146413947567	-0.02990210858649306	-0.01590298058309602	0.2292028806830156	0.127253109389822	0.09553643639196353	-0.9408381747370155	0.1034843067910103	-0.2957094830501217	0.4364342677320981	-0.9244416944340719	-0.92444169443399	-0.004594931700787372	-0.02693909745013121	-0.2376520384139606	0.05360936849130655	0.06363426243897323	-0.05751821578134352	-0.03461194390084207	-0.2423632640129336	0.2400274181979288	-0.01198327968230462	-0.0202593343200757	37.90197752875442	-6.162133846468442	5.982917612148453	-10.34432368881911	-575.9763701977953	-75.16223552701177	-39.71291068079172	-1.918450557130228	-1.023752492212277	-0.9981552940159417	8.067672816932363	-0.7113887426038038	2.51818299761323	-3.279208899351465	7.98592671804374	7.985926718043757	0.07738256710558378	0.2683662137188661	2.12576415477399	-0.3057475598132539	1.963712575785956e-07	-4.602989665743323e-08	-3.974884535561027e-07	-1.593624908621586e-07	7.396815043626974e-07	9.440950588098747e-08	6.904439735603003e-08
1.91	-0.1717337511092809	0.04795235576077171	0.8924561244902143	0.4350629714643115	-0.2670532364790805	-0.226198387256358	-0.06688103684389234	0.08360595347643081	0.08360595347642513	-0.1743753898919752	0.1469567797060283	-0.03217313244471368	-0.01538358570312439	0.2101525501953787	0.1168006738269349	0.08573925463655795	-0.8599319749880944	0.0959767769959957	-0.2700010178700018	0.4020978206056267	-0.8441907364396023	-0.8441907364394582	-0.004087989562650164	-0.024611187189316	-0.2164501356872721	0.05019132731820822	0.06995774780377019	-0.06047048857658865	-0.03551384525546978	-0.2466535682993035	0.2467814427071075	-0.01321853445447097	-0.02530361501866862	39.85033157216527	-5.925929862644028	5.898569949285299	-10.92636969815145	-578.3871076550986	-76.01816360111606	-39.52335375307764	-1.920106520594286	-1.068715568022354	-0.9668395476512908	8.174990692573262	-0.7878169364855256	2.617709909304417	-3.558627767676303	8.113590484651422	8.1135904846606	0.03787600888142055	0.2183687812510829	2.132805603952628	-0.3715174683253928	1.951378309344937e-07	-7.928144865436399e-08	-3.814565299037967e-07	-1.570738745379362e-07	7.205134312205645e-07	7.971766476097368e-08	6.564277539480439e-08
1.92	-0.1697311074252324	0.04906597820814165	0.8932651458252068	0.4268803329240803	-0.2661339021998146	-0.2287664312846777	-0.0630397017315317	0.07557678550931787	0.07557678550931915	-0.1744136491530317	0.146722870189706	-0.03422905682120016	-0.0149007082493372	0.1902309306671851	0.1058391790762343	0.0760884756272238	-0.7761098896911208	0.08777397365957114	-0.2434712874461597	0.3658507675439017	-0.7611833726650183	-0.7611833726648186	-0.003560008555967862	-0.02214866296897192	-0.1946321420671302	0.04630588325441828	0.07628123316856499	-0.06342276137183518	-0.0364157466100949	-0.2509438725856741	0.2535354672162858	-0.01445378922663876	-0.03034789571726332	41.85334050263818	-5.696244857434798	5.81177820282563	-11.66140820114591	-580.0094345550586	-76.79815119627534	-39.34154079834986	-2.092708365241535	-1.125564329774982	-0.968874744801653	8.650849926542818	-0.8504434508857854	2.682436046357647	-3.661330086402166	8.537207874066617	8.537207874065281	0.08159034081462867	0.2952890056246406	2.248982333464665	-0.399228137951566	1.933094111329293e-07	-1.113071598852677e-07	-3.647982490607157e-07	-1.542552907566969e-07	6.992166883917498e-07	6.529389933186017e-08	6.216033980749866e-08
1.93	-0.1679316361417309	0.05006746652485203	0.8939783730842481	0.4195497242042437	-0.2652999664796248	-0.231064907572495	-0.05957089180722823	0.06839079665309118	0.06839079665309263	-0.1744465568151191	0.1465138580242999	-0.03606399309251243	-0.01445899234291776	0.1695154190365906	0.09437340001959982	0.06657118870893063	-0.6895172583570696	0.07890780222916259	-0.216085085456929	0.3275858144423855	-0.675557575606014	-0.675557575605911	-0.00301175075321153	-0.01963566756546906	-0.1722573542335257	0.04196710254383716	0.08231147314351957	-0.06649526980954627	-0.0373037176073085	-0.2555019461299478	0.2601671849577449	-0.01531423890975965	-0.03518458314278239	43.79654007033943	-5.60820886949435	5.735395212849114	-12.25056188464853	-582.1030190172006	-77.82886141664171	-39.17086625695828	-2.083151497078185	-1.169874750094231	-0.9409015953186166	8.737678824402284	-0.9204730172975325	2.787592054244616	-3.957888353178566	8.643778343253961	8.643778343240214	0.0428556067267967	0.2320668242597259	2.246402281330723	-0.4616750451649139	1.847129441652284e-07	-1.293889324026144e-07	-3.410151551725702e-07	-1.45408327151889e-07	6.537063278769293e-07	5.391949488673713e-08	5.775864922353168e-08
1.94	-0.1663437557615572	0.0509517390396988	0.8945968782881112	0.4130998836152607	-0.2645578462793749	-0.233085345884612	-0.05649449350017043	0.06207476831174109	0.06207476831174127	-0.1744736994778331	0.146330528216239	-0.0376722464308842	-0.01406275864511483	0.1479127500016044	0.08239601870351014	0.05714406459160182	-0.5999562635203768	0.06941086967158792	-0.1878636923061447	0.2873684440947802	-0.5871912696895457	-0.5871912696895353	-0.002407008681628335	-0.01701219150010206	-0.1492955554790266	0.03720944153111441	0.08834171311846878	-0.06956777824725666	-0.03819168860451973	-0.2600600196742271	0.2667989026992019	-0.01617468859288032	-0.04002127056830338	45.80278798343529	-5.528718081620489	5.657527483464222	-13.01076107707094	-583.2846088559696	-78.77192988428102	-39.01465008729071	-2.270139846119865	-1.22788478166603	-0.9508421846087792	9.244522627071115	-0.9765956763189907	2.849474278668347	-4.051813535619956	9.085309645559398	9.085309645558935	0.09288719458003408	0.3173851379974677	2.366384517643581	-0.4830041983798772	1.758061720579758e-07	-1.457941598898619e-07	-3.17722506650719e-07	-1.361506132718643e-07	6.063879001941306e-07	4.376999119989623e-08	5.347379380117016e-08
1.95	-0.1649759935865004	0.05171389083788475	0.8951215009313372	0.4075596314461196	-0.2639139344067631	-0.234819196777336	-0.05383072066861574	0.0566556209934911	0.05665562099349086	-0.1744949433780955	0.1461736609244369	-0.03904793999709381	-0.01371630083067466	0.1254822331506905	0.06996715694804705	0.04778110816029162	-0.5075975657180911	0.05926110372170994	-0.1587567568553792	0.2450362498681505	-0.4961650537069517	-0.4961650537069318	-0.001859120537849945	-0.01434561107950012	-0.1257215411470989	0.0320100430935203	0.09498960050342828	-0.07209631155435291	-0.03934016693951941	-0.2667167135090682	0.2764711596935435	-0.01829513541311381	-0.04525374186231163	48.71747406337177	-5.062001250879277	5.518985157280806	-14.41211910251548	-584.8588508260327	-78.97452221156036	-38.87592628325308	-2.253117134862775	-1.26048557701324	-0.9288340073565479	9.306051765151407	-1.050690434459948	2.963804692100067	-4.376403218376533	9.182238887480992	9.182238887482669	0.03308732230426154	0.243683991749094	2.371162186421059	-0.5491683016066842	1.620896702876711e-07	-1.362129394105663e-07	-3.020317613064322e-07	-1.205262701259753e-07	5.310444314076648e-07	5.260644926643216e-08	5.099988338369366e-08
1.96	-0.16383725848601	0.05234973427761074	0.8955525316832573	0.4029578679366691	-0.2633748248696776	-0.2362574780127877	-0.05160076594976592	0.05216092809764059	0.05216092809764068	-0.1745112388573125	0.1460439373363726	-0.0401842429608934	-0.01342398912764194	0.1021073350883506	0.05713434701151926	0.03842568633040726	-0.412258531582038	0.04845040256632193	-0.1287497608518368	0.2006048215538383	-0.4023003852094946	-0.4023003852094647	-0.001417324472971474	-0.01158345075259736	-0.1014174349970242	0.0263802192496248	0.101637487888377	-0.07462484486145221	-0.04048864527451616	-0.2733734073439155	0.2861434166878822	-0.0204155822333509	-0.05048621315632652	51.7032483169018	-4.606488410260424	5.380811812911118	-16.00252793524279	-585.3979550575847	-79.08075780431226	-38.75761324934373	-2.45901608840505	-1.308674417878978	-0.949335264323609	9.840589893824619	-1.108782717420978	3.029486389223706	-4.471660353156419	9.653000148532024	9.65300014853166	0.07166877880008775	0.3365011192576298	2.512402881272966	-0.5690892796401338	1.477330679148949e-07	-1.271419736587468e-07	-2.846379679595232e-07	-1.045411906418075e-07	4.540241996070646e-07	6.00789226084796e-08	4.820462100864902e-08
1.97	-0.1629366440327265	0.05285464337165838	0.8958899095794605	0.3993243024750046	-0.262946747340596	-0.2373913437913224	-0.04982632615056883	0.04861804652499393	0.04861804652499447	-0.1745233569118991	0.1459420454613324	-0.04107507608198977	-0.01319006618350867	0.07785773586337087	0.04371919792519009	0.02903098532269725	-0.3139005435975762	0.03709472034905509	-0.09789746654334215	0.153898596816816	-0.3058606161835319	-0.305860616183498	-0.0009865816336014598	-0.008781873297923095	-0.07673465740835266	0.02034355624557335	0.1061827000587374	-0.08017057067301155	-0.0409902876460863	-0.276363394419517	0.2881026383729952	-0.0171270538924238	-0.05447176816489719	52.37113254260279	-6.025529684959332	5.462998088943259	-15.45515552518896	-586.1420611788916	-82.76745214335632	-38.66219384987341	-2.431597075156914	-1.377187421386989	-0.9373291175223069	9.9165181986651	-1.159488793962796	3.13201290140809	-4.827784754271627	9.701756738003734	9.701756738003809	0.03169432065884516	0.253964876368899	2.448400464714631	-0.6300374253994334	1.181740762334231e-07	-1.301895576844806e-07	-2.2679678455034e-07	-7.998862312351606e-08	3.371808462207769e-07	3.515675874392575e-08	3.777724964136098e-08
1.98	-0.1622832586188179	0.05322155052136737	0.8961327821458808	0.3966909398827649	-0.2626343321977035	-0.2382129042368231	-0.04853048484280209	0.04605202093428118	0.04605202093428185	-0.1745305840812539	0.1458685651243996	-0.04171864437378951	-0.01301832639233836	0.05266152721389696	0.02953395814379262	0.01952462037384868	-0.2122179576967838	0.02531792532845577	-0.06628869424501804	0.1048851232679335	-0.2069291888225566	-0.2069291888225481	-0.0004391474280951012	-0.00590114313138647	-0.05196446913766774	0.01394358865704997	0.1107279122290972	-0.08571629648456457	-0.0414919300176551	-0.2793533814951232	0.2900618600581072	-0.01383852555149077	-0.05845732317346783	53.11883628955503	-7.457152522690166	5.545601114526201	-15.11153414826907	-585.7290576012081	-86.34552552230706	-38.59194535876198	-2.648337973303867	-1.462692556892653	-0.9716680525513179	10.50550947709073	-1.193005278087446	3.180781987189586	-4.933110115528451	10.15133181553458	10.15133181552833	0.09500705202740876	0.3523316616301015	2.529885017675628	-0.6417501965344927	8.876515803976601e-08	-1.325425619841927e-07	-1.699866583413992e-07	-5.537565412764564e-08	2.19682973509156e-07	1.166125815696059e-08	2.752210165080232e-08
1.99	-0.1618858822445304	0.05344372315495097	0.8962799190709114	0.3950897191254586	-0.262442276261976	-0.238713916695865	-0.04773647955590106	0.04448889442659843	0.04448889442659697	-0.1745327437190136	0.1458241373639373	-0.04211234714377714	-0.01291253016302918	0.02669294725866844	0.01486717148814783	0.009867729822234172	-0.1075469374842203	0.0129844954421619	-0.03372153744207911	0.05354759099269834	-0.1051382094209347	-0.1051382094209414	-4.930700068560951e-05	-0.002976044881033604	-0.02657763515989925	0.00715454729712993	0.1169965615527742	-0.0754336065301897	-0.04293058399484237	-0.2878092875781695	0.3051021541624202	-0.02927977641418836	-0.06334264909951197	57.3619883423515	-1.752736719244721	4.931741307837462	-17.51404229662686	-585.5760958324086	-75.38504762134495	-38.548677848107	-2.589227189218322	-1.473681340713255	-0.9679705382329616	10.51979622513042	-1.269788482797021	3.323542042824541	-5.289326251457608	10.2766617529588	10.27666175296022	0.002459202429755159	0.2638725725049164	2.572852617380809	-0.7066187541509027	6.663480400512815e-08	-1.012084495718338e-07	-1.63182806344238e-07	-2.783321346919388e-08	7.044091351885979e-08	5.735892653308402e-08	2.561978743162219e-08
2	-0.161751813506314	0.05351822599781561	0.8963294328940726	0.3945495881566351	-0.2623768099528896	-0.2388834856836808	-0.04746689988534012	0.0439604138630284	0.04396041386302975	-0.1745327076200577	0.1458092153191315	-0.04224622756807631	-0.01287645187700537	0	0	0	0	0	0	0	0	0	0	0	0	0	0.1232652108764524	-0.0651509165758242	-0.04436923797201627	-0.2962651936612092	0.3201424482667338	-0.04472102727689498	-0.06822797502555998	61.69107016467084	3.93444369617867	4.323135156764208	-20.13080377745887	-584.1564948113394	-64.31542540490075	-38.53400917666139	-2.793211433991867	-1.502769523393241	-1.013835906675262	11.08069293142207	-1.323218389261199	3.411658115017623	-5.375121859021091	10.82077781939716	10.82077781939528	0.02690036668233364	0.3625209877662665	2.768045254101768	-0.7148513839766205	4.450444997049032e-08	-6.987433715947494e-08	-1.563789543470769e-07	-2.907728107421193e-10	-7.880114647143639e-08	1.030565949092074e-07	2.371747321244207e-08
