inDegrees=no
num_controls=7
num_derivatives=13
num_iterations=162
num_multipliers=7
num_parameters=0
num_slacks=7
num_states=26
objective=5.885991
objective_accelerations=0.780420
objective_balance=0.011887
objective_effort=0.524104
objective_height=4.545754
objective_ligament=0.023825
solver_duration=1351.900665
status=Solve_Succeeded
success=true
DataType=double
version=3
OpenSimVersion=4.4-2022-07-23-0e9fedc
endheader
time	/jointset/ground_pelvis/pelvis_tilt/value	/jointset/ground_pelvis/pelvis_tx/value	/jointset/ground_pelvis/pelvis_ty/value	/jointset/hip_r/hip_flexion_r/value	/jointset/hip_r/hip_adduction_r/value	/jointset/hip_r/hip_rotation_r/value	/jointset/back/lumbar_extension/value	/jointset/patellofemoral_r/patellar_flexion_r/value	/jointset/knee_r/knee_flexion_r/value	/jointset/knee_r/knee_adduction_r/value	/jointset/knee_r/knee_rotation_r/value	/jointset/ankle_r/ankle_angle_r/value	/jointset/subtalar_r/subtalar_angle_r/value	/jointset/ground_pelvis/pelvis_tilt/speed	/jointset/ground_pelvis/pelvis_tx/speed	/jointset/ground_pelvis/pelvis_ty/speed	/jointset/hip_r/hip_flexion_r/speed	/jointset/hip_r/hip_adduction_r/speed	/jointset/hip_r/hip_rotation_r/speed	/jointset/back/lumbar_extension/speed	/jointset/patellofemoral_r/patellar_flexion_r/speed	/jointset/knee_r/knee_flexion_r/speed	/jointset/knee_r/knee_adduction_r/speed	/jointset/knee_r/knee_rotation_r/speed	/jointset/ankle_r/ankle_angle_r/speed	/jointset/subtalar_r/subtalar_angle_r/speed	/forceset/tau_hip_flexion_r	/forceset/tau_hip_adduction_r	/forceset/tau_hip_rotation_r	/forceset/tau_knee_flexion_r	/forceset/tau_ankle_angle_r	/forceset/tau_subtalar_angle_r	/forceset/tau_lumbar_extension	lambda_cid13_p0	lambda_cid14_p0	lambda_cid14_p1	lambda_cid14_p2	lambda_cid14_p3	lambda_cid14_p4	lambda_cid14_p5	/jointset/ground_pelvis/pelvis_tilt/accel	/jointset/ground_pelvis/pelvis_tx/accel	/jointset/ground_pelvis/pelvis_ty/accel	/jointset/hip_r/hip_flexion_r/accel	/jointset/hip_r/hip_adduction_r/accel	/jointset/hip_r/hip_rotation_r/accel	/jointset/back/lumbar_extension/accel	/jointset/patellofemoral_r/patellar_flexion_r/accel	/jointset/knee_r/knee_flexion_r/accel	/jointset/knee_r/knee_adduction_r/accel	/jointset/knee_r/knee_rotation_r/accel	/jointset/ankle_r/ankle_angle_r/accel	/jointset/subtalar_r/subtalar_angle_r/accel	gamma_cid13_p0	gamma_cid14_p0	gamma_cid14_p1	gamma_cid14_p2	gamma_cid14_p3	gamma_cid14_p4	gamma_cid14_p5
0	0.0006884556155569108	0.1276075414659875	0.9343786694403916	0.1934208783645156	-0.2158473072460617	-0.230174694701468	-0.2903791543005566	0.231179331402159	0.2311793314021609	0.106941123542165	0.1546482618778619	0.08934340440958972	0.0789969723907388	0	0	0	0	0	0	0	0	0	0	0	0	0	0.1164788500377926	-0.06067899850596271	0.003240792965043469	-0.2401506892642171	0.1095338895883686	-0.06134615187671517	-0.03779000376816066	-29.29570387392046	-9.617305958865437	-24.37601727141382	-0.2043261507825869	8.633570851774346	-602.9093331772343	56.23795184671971	-2.403670165872104	-2.186944451883388	-1.011305347790012	11.69091076085642	-0.05390187485563214	2.055446263343855	-6.732789478583844	11.59098034056655	11.59098034056656	-2.834573545517019	0.7949916532751407	2.977374305656196	0.8085963116715346	3.429272334317868e-08	2.354388032089227e-08	-2.740327231707137e-07	2.346046714653327e-07	6.237700178119991e-09	1.969468357840242e-07	-2.628611913109651e-07
0.01	0.0005753459487170416	0.1274998207936344	0.9343295118008124	0.1939899141011647	-0.2158482061223586	-0.2300724040558857	-0.2907177766598256	0.2317476027672547	0.2317476027672598	0.106798540049452	0.1546846590442605	0.08948979337704835	0.07903888558243351	-0.02255060292091458	-0.02140884555433838	-0.009804440956182693	0.11326399264944	-0.0001860045033906779	0.02037087716154406	-0.06725110814656991	0.1131083993326217	0.1131083993326209	-0.02835773527062278	0.007219614474837064	0.0291692492190527	0.008344533702471568	0.1127342792324305	-0.06519052439620034	0.003440666955264887	-0.2379526473352017	0.1065117866822824	-0.05620079994348466	-0.03412974607178944	-29.30285388166839	-10.35422209702228	-22.15618996142726	-0.688705396999619	7.951903199144816	-604.6856518221264	60.6590645780793	-2.170059509961942	-2.09756002226547	-0.9609110362170626	11.06266956474679	-0.001886487728296172	2.014868308421985	-6.650266926683949	11.08888181813171	11.08888181813161	-2.812551687447226	0.6765197247826801	2.870423591352175	0.8416508672167015	4.502812570222771e-08	3.472820141066025e-09	-3.343026120219646e-07	2.749595936751399e-07	3.062311082045959e-08	3.780046783679749e-08	-3.138919250435727e-07
0.02	0.0002388694217176947	0.1271820705827265	0.9341831302383349	0.1956752949738527	-0.2158511523936161	-0.2297690126655071	-0.2917147091893579	0.2334305805433754	0.233430580543374	0.1063771435700236	0.1547914670314725	0.08992461950896552	0.07916309790468917	-0.04467337203225234	-0.04200590771094266	-0.01944478457968199	0.2232690272092491	-0.0004094789926640641	0.04022014895758281	-0.1316620340527547	0.2229412822061107	0.2229412822061103	-0.0557625973257326	0.01408216415745652	0.05768743289099789	0.01645982611220762	0.1089897084269773	-0.0697020502864904	0.003640540945545378	-0.2357546054062388	0.1034896837761619	-0.05105544801033009	-0.03046948837546566	-29.32367175585107	-11.00078100768551	-19.93593803858688	-1.155565420957546	7.311800306604041	-605.0126663430125	64.7915329961012	-2.318103403956744	-2.024587772336581	-0.9784858812533327	11.03911914293023	-0.06139587203217416	1.951125190242791	-6.164753030506843	10.93587704873998	10.93587704874024	-2.643998902414449	0.723578694831618	2.847161196234671	0.7627480531244245	5.576352806127674e-08	-1.659824003876022e-08	-3.945725008732156e-07	3.153145158849472e-07	5.500852146279918e-08	-1.213459001104292e-07	-3.649226587761802e-07
0.03	-0.0003169036511954085	0.1266621805877285	0.9339407777824045	0.1984452433446575	-0.2158566732460296	-0.2292704051343525	-0.293341409876272	0.2361960582485528	0.236196058248559	0.1056866890633249	0.1549657072797471	0.09064122117565045	0.07936711756317298	-0.066378114328105	-0.06185828600671338	-0.02902790682201329	0.33019100958414	-0.0007000446081783118	0.05940159083578325	-0.1932476620640098	0.3296392306401249	0.3296392306401283	-0.08217036093584169	0.02069941874609275	0.08551037093953749	0.02430535066198027	0.103790010973344	-0.06591827618291854	0.003857469097936658	-0.2317332297338645	0.09929585954641898	-0.05115607996889757	-0.02602334428363534	-29.35713917993279	-12.32992098734659	-20.16889724435132	-1.16807638169388	7.419950731136266	-605.1454370885305	63.37719911701817	-2.081186875707203	-1.948480965733708	-0.9485803402642664	10.43929286274192	-0.01368710096834473	1.886752662467049	-6.090901496593986	10.45948831600939	10.45948831600974	-2.615505063427034	0.6208908500139114	2.73148379256076	0.789617752912904	5.754015948142537e-08	-3.002809578700287e-08	-3.83621871783516e-07	3.185527590046015e-07	6.637669020387352e-08	-2.374804697430393e-07	-3.608791672866933e-07
0.04	-0.001086629593725317	0.1259471831882652	0.9336025231151432	0.202268522554805	-0.2158652597935333	-0.2285829633892443	-0.2955710536053289	0.2400130623531408	0.2400130623531409	0.1047368889259379	0.1552041384756958	0.09163237695949973	0.07964842508655628	-0.08746394595628132	-0.08102738860398047	-0.03862522684588424	0.4339351950779555	-0.001022618009987901	0.07798699174832688	-0.2522506424816297	0.4332465620852306	0.4332465620852362	-0.1076317234706698	0.02692035370009879	0.1125982563239647	0.0319173990921207	0.0985903135197046	-0.06213450207934061	0.004074397250165115	-0.2277118540614721	0.095102035316686	-0.05125671192745196	-0.02157720019181715	-29.40169115598643	-13.57713804797101	-20.40284520795327	-1.162915723233854	7.557738090830197	-603.9670408792265	61.6980523273842	-2.194321270421491	-1.887932632635878	-0.9813254375612641	10.40355976671513	-0.06779742929124577	1.831916997111426	-5.648223511779836	10.31775365095827	10.31775365095822	-2.454718687358268	0.6443147679055761	2.700150663412164	0.7160528291979716	5.913207397499874e-08	-4.332101948510977e-08	-3.712027784063741e-07	3.210257097718814e-07	7.747646220471561e-08	-3.527281981732862e-07	-3.557001247616992e-07
0.05	-0.002064835010805312	0.1250439734725972	0.9331678841154728	0.2071142003269001	-0.2158774752459978	-0.2277131222249313	-0.2983771906178626	0.2448509724074222	0.2448509724074414	0.1035376946435325	0.1555032428826157	0.09289075206091943	0.08000441762578031	-0.1080830845726263	-0.09949240094580718	-0.04832759438516254	0.5346699859163552	-0.001421039323060981	0.09586699203132529	-0.3085506567514721	0.5338090490876257	0.5338090490876309	-0.1320501633581523	0.0328220818583054	0.1389539546660837	0.03925031125890367	0.09323851895136519	-0.06054131785368103	0.004292705586533226	-0.2246791401948131	0.09153684509557593	-0.0494288144311144	-0.01709047405235257	-29.45556335720979	-14.51457738873821	-19.73617304912564	-1.311413069732143	7.351963336458941	-602.9439975641259	61.91222305313828	-1.981593641174457	-1.807446912451615	-0.968517083587266	9.828884451487763	-0.02593768194180633	1.748967554040405	-5.556974893560247	9.84652443281429	9.846524432814229	-2.411886699664349	0.5513969691284363	2.5848580634059	0.737272325507639	5.348927255286089e-08	-5.381611572251864e-08	-3.068830319286131e-07	2.828807365755056e-07	8.135922355209161e-08	-4.43106667983406e-07	-3.01915106409359e-07
0.06	-0.003246408510833276	0.1239597813580116	0.9326354565061147	0.2129513151491854	-0.2158936895515168	-0.2266678958557527	-0.30173354467489	0.2506787129733301	0.2506787129733321	0.1020990199501876	0.155859023596957	0.09440899987452099	0.08043281166968991	-0.1281375625463082	-0.1172238683874763	-0.05818294878343217	0.6322226051181704	-0.001822388621182077	0.1130640327201846	-0.3622940513802655	0.6312126644073857	0.6312126644073895	-0.1555278056544771	0.03825561519051947	0.1645727987599673	0.04639770002925085	0.08788672438291059	-0.05894813362805292	0.004511013922729101	-0.2216464263282015	0.08797165487443943	-0.04760091693482078	-0.01260374791296097	-29.5165206707807	-15.37893565417233	-19.06921834252033	-1.445662243208109	7.161640812101415	-600.7640212318453	61.89976985145658	-2.081389141888883	-1.741223652604387	-1.011922809359527	9.767125439398241	-0.06838302630085748	1.695325078283614	-5.136899583570071	9.685979314431211	9.685979314430957	-2.266559169126762	0.5506758027070685	2.552779813765067	0.6789481499107974	4.754185151321941e-08	-6.419340869842443e-08	-2.403779947939839e-07	2.430255350017128e-07	8.493811076669009e-08	-5.324380111147835e-07	-2.460835206537622e-07
0.07000000000000001	-0.004626354110909942	0.1227019370120075	0.9320034137911323	0.2197490887422661	-0.2159142003954833	-0.2254545264126699	-0.3056140407876953	0.2574653348869241	0.257465334886932	0.1004306940083681	0.1562673491894308	0.09617986688417017	0.08093147820848115	-0.1477561397048516	-0.1342207364578151	-0.06826845004080531	0.7268103581434588	-0.002273642052661575	0.1294755503999848	-0.4133982477054111	0.725597537615674	0.7255975376156871	-0.1779957259937483	0.04333493092461248	0.1894833750576812	0.05331675913454954	0.08228186409872192	-0.05675458948627108	0.00470094288168436	-0.2192053918672383	0.0850549703735881	-0.04599559867770622	-0.008010556997465512	-29.58220594632121	-16.0617362031776	-18.48601769030535	-1.544996043973797	6.82290887986552	-598.8069654259085	61.67693415062718	-1.887767075933129	-1.660261699977942	-1.013399728493399	9.226339372357069	-0.03255627730440295	1.593964732205653	-5.036141135696125	9.23760478325144	9.237604783252955	-2.215670985403052	0.4754189408805927	2.44260839053578	0.695550961720184	3.401604106699389e-08	-7.852018506266776e-08	-1.802945654527512e-07	1.24150455635613e-08	8.864783812478625e-08	-6.472601269967849e-07	-5.404867168796247e-08
0.08	-0.006199620497188925	0.121277855322154	0.9312692088746629	0.2274770876932483	-0.2159390357289119	-0.2240810618689118	-0.3099933711594938	0.265180378224452	0.2651803782244538	0.09854193635934018	0.1567242398356568	0.09819632202734928	0.08149876857250146	-0.1668017197872423	-0.1504713371573565	-0.07861538908083252	0.8182676766992576	-0.002687286513455229	0.145083052854888	-0.4620609031789282	0.816896949192913	0.8168969491929364	-0.1996141470960508	0.04796862594350911	0.2136904254658443	0.06012246507507808	0.07667700381448959	-0.05456104534449664	0.004890871840573887	-0.216764357406287	0.08213828587273178	-0.04439028042060201	-0.003417366082001931	-29.64991651775942	-16.68088783900879	-17.9027429659199	-1.63169695450579	6.486642005001015	-595.8505907945707	61.26735815609406	-1.96678972665835	-1.591970178444913	-1.064210365890339	9.141038545500271	-0.06086123216369505	1.53452203330423	-4.648591413244424	9.068886988221303	9.06888698822126	-2.09665932173304	0.461551659667792	2.412074635854882	0.6562775169567499	2.000130227195651e-08	-9.310176680680381e-08	-1.206254333885119e-07	-2.305022366400324e-07	9.23660067824629e-08	-7.637268088626974e-07	1.46773484581721e-07
0.09	-0.007961035380365303	0.1196949842030288	0.9304299966483729	0.2361047074617844	-0.2159685915141879	-0.2225548357054067	-0.3148465563205959	0.2737933352589075	0.273793335258918	0.09644296253000323	0.1572250400441851	0.1004511515976886	0.08213253321239594	-0.1853843714001888	-0.1659786303933201	-0.08928171448848439	0.906740086976232	-0.003213184547461393	0.1600134317211518	-0.5081746281761778	0.9051829388988888	0.9051829388988988	-0.2200478773762782	0.05212137019936468	0.2371552855720017	0.06661771614515408	0.07062934018177246	-0.0523090163332609	0.005087471495569538	-0.2144964776026465	0.07905089060500735	-0.04253679098362406	0.001453450701487981	-29.71687439368823	-17.36514072292813	-17.22005641663683	-1.737707487307445	6.195800094336668	-593.2729130238814	61.04518056591389	-1.789455337587587	-1.511451921790241	-1.076197002542877	8.622914816685949	-0.04689630148538535	1.449947976984999	-4.532537913173731	8.631723367964018	8.631723367961971	-1.996857140655134	0.3815875632907704	2.29566210099969	0.6441906838014594	1.000763005028233e-08	-1.06890213317244e-07	-1.194825287307087e-07	-4.922186453433966e-07	1.003937731715918e-07	-8.567216099990586e-07	3.309717241655666e-07
0.1	-0.009905367271464642	0.1179607715464203	0.9294824504931382	0.2456015658426654	-0.2160030947222982	-0.2208837753204985	-0.3201488337057124	0.2832738058716663	0.2832738058716716	0.09414362594597737	0.1577652580462041	0.1029370238496904	0.08283085871934481	-0.2033851213721294	-0.1807396446540383	-0.100282174869738	0.9921153991687971	-0.003676771080119513	0.1740498971353233	-0.5518793479817663	0.9903996648519947	0.9903996648519909	-0.2396866980360094	0.05585218464507	0.2598989617982999	0.07303463848596682	0.06458167654902393	-0.05005698732202636	0.005284071150487711	-0.2122285977990141	0.07596349533728061	-0.04068330154664729	0.006324267484954385	-29.78004325241274	-17.99471789811061	-16.53582685062486	-1.834791422689501	5.880477587788196	-589.8548656468257	60.71266924017161	-1.850409398457158	-1.442714383395852	-1.131037360610698	8.521618928618398	-0.04839893189409373	1.355739342885794	-4.166790374912245	8.455034237647277	8.455034237647238	-1.937677397633807	0.3771656976377393	2.267837859883016	0.6406117711040852	3.674581867060128e-10	-1.206089336532934e-07	-1.23484786921823e-07	-7.555877245082794e-07	1.088004052953538e-07	-9.476529490932613e-07	5.137085205242839e-07
0.11	-0.01202739590451926	0.1160826985010023	0.9284230459449985	0.2559375117754236	-0.2160425299697722	-0.2190759639461217	-0.3258756593066667	0.2935915807416551	0.2935915807416583	0.09165322189501474	0.1583403289185439	0.1056467058921845	0.08359218912032307	-0.2209272860421509	-0.194746970726062	-0.1116610943897684	1.074566417851142	-0.004197727208067261	0.1873542994545541	-0.5930987545664566	1.072651432853779	1.07265143285378	-0.2582682108371286	0.05909850339912677	0.2819204140749979	0.07922313960004547	0.0585259338923165	-0.04807989965728324	0.005493767840518516	-0.2108729952865069	0.07372550088395129	-0.0388251722725567	0.01119164360609549	-29.83636481535441	-18.38028384305067	-15.82282306954415	-1.918226558503995	5.395445167744743	-586.8861432793948	60.53319405096104	-1.692106723258737	-1.360520733730439	-1.150864560011403	8.030736412980712	-0.0521953680428319	1.293962154200722	-4.04146315384351	8.034666758856542	8.03466675885727	-1.79959144221952	0.2887084481036866	2.151754057382724	0.6066128059501799	-1.359765024484058e-08	-1.377417801646758e-07	-1.176324945413008e-07	-1.08366878771889e-06	1.182992826314087e-07	-1.041281475340843e-06	7.333601596524935e-07
0.12	-0.0143220435286699	0.1140683963919389	0.9272479431391959	0.267082746509988	-0.2160868250614855	-0.2171398742529994	-0.3320030684441879	0.3047167570271438	0.3047167570271384	0.08898076207185725	0.1589459316751909	0.10857309348661	0.08441513323732015	-0.2379089195915348	-0.2079854573831014	-0.1234218264022916	1.153973159531011	-0.004648739927921489	0.1997055608841486	-0.6319960552949886	1.151879947952063	1.15187994795207	-0.2760978524729904	0.06195856150574014	0.3032400721844766	0.08535738168974037	0.05247019123555781	-0.04610281199254535	0.005703464530568014	-0.2095173927740222	0.07148750643061404	-0.03696704299847545	0.01605901972720046	-29.88260309625618	-18.71930896194647	-15.10755479077407	-1.995300894516055	4.865519749442477	-583.2179853711274	60.30401125962121	-1.738303174329611	-1.288946500399013	-1.207399859109246	7.91276352812316	-0.03441025027539341	1.165111164958557	-3.702369203680619	7.850383656947389	7.850383656947383	-1.787303164582317	0.2999135681490546	2.127479026439115	0.6297599662273219	-2.804870660537259e-08	-1.5525823635868e-07	-1.106729492875611e-07	-1.41902086037284e-06	1.279208841486202e-07	-1.13521305632476e-06	9.571595339233428e-07
0.13	-0.01678405084395143	0.1119254796138544	0.9259532143178629	0.2790073702778299	-0.2161360531195524	-0.2150837178744291	-0.3385074364369411	0.316619436818888	0.3166194368188789	0.08613560580368253	0.1595775897838632	0.1117089247435997	0.08529808138103022	-0.2543876232966474	-0.2204759669636031	-0.1355884381372247	1.230441989532454	-0.005197200087230297	0.2114031236568469	-0.6684993629599295	1.228152801548327	1.228152801548348	-0.2927729640017536	0.06428848855496846	0.323793186768368	0.09120261891663671	0.04578749722593127	-0.04375265418518069	0.005997080391354666	-0.2077910450476144	0.06822491018293826	-0.03522867067107668	0.02136109381404828	-29.91551571387787	-19.43551422326443	-14.49784174334963	-2.069821560616995	4.698732064024878	-580.1060855130289	59.86189339208463	-1.586900970838162	-1.210787678987853	-1.231196191359885	7.437496747932969	-0.06535719126882196	1.153470768873823	-3.567584503539471	7.440260843859861	7.440260843862031	-1.583694559564369	0.1865943164760303	1.999298917601048	0.5572713502075747	-3.579582167283075e-08	-1.394319215536694e-07	8.290559886489778e-08	-1.161783726726361e-06	1.036292650033038e-07	-1.022347024879205e-06	8.450807328901134e-07
0.14	-0.01940769459673034	0.1096613208415423	0.9245348385070459	0.2916813931480393	-0.2161908244377148	-0.2129143074810415	-0.3453654920974717	0.3292697500731641	0.3292697500731602	0.08312848253769341	0.1602299595716827	0.1150463013950762	0.08623855504686653	-0.2702362070912022	-0.2322338562286119	-0.1481512242991396	1.303852980005018	-0.005757391946944791	0.2223563638474816	-0.7027335888504144	1.301406640460351	1.301406640460386	-0.308491252032159	0.0661008973308426	0.3435491510817345	0.09686248611500388	0.03910480321627541	-0.04140249637782156	0.006290696252269086	-0.2060646973212189	0.06496231393525814	-0.03349029834368842	0.02666316790087428	-29.93169063360662	-20.11222345487214	-13.88567810324972	-2.13963238464939	4.468160779126276	-576.4158179931788	59.42896267878574	-1.612279192218043	-1.142422437300468	-1.286634744505593	7.301195622347426	-0.03675659035652666	1.016246648545852	-3.248552848789415	7.24658072009938	7.246580720099382	-1.595938464910754	0.1964099134782089	1.968048972334072	0.5926859605214709	-4.261825518262354e-08	-1.19006603852243e-07	3.02224699141318e-07	-8.228101508315462e-07	7.465996024936287e-08	-8.809571848226885e-07	6.86673907677011e-07
0.15	-0.0221874641061591	0.1072833077376516	0.9229887546933981	0.3050756495770199	-0.2162506923888175	-0.2106407306001654	-0.3525539126843928	0.3426383562396801	0.3426383562396871	0.07996716493292447	0.1608992772610604	0.1185777950149253	0.08723561150831184	-0.2856201706987589	-0.2432362530345206	-0.1611294507005624	1.374488764900375	-0.006225117327693753	0.2322568494682105	-0.7345825751386242	1.371813944869884	1.371813944869893	-0.3235966528048174	0.06766728457278678	0.3626233292405829	0.102511047278812	0.03279357808561456	-0.03977410396493286	0.006639531573006935	-0.2059442408568172	0.06348389080106706	-0.03191480967127826	0.03176976975921719	-29.92775391655949	-20.2659346278663	-13.28519471941533	-2.17044341220346	3.838920391063909	-573.3720860972309	59.21215582585799	-1.486812872736209	-1.059257462416923	-1.313175621014769	6.868337370281776	-0.05319377895651634	0.9614910284160356	-3.097878509561545	6.862716821885964	6.862716821882016	-1.441509107474382	0.1223094024630138	1.858160800989861	0.5452389121003873	-6.332850884881342e-08	-1.188706274451918e-07	5.087762722260079e-07	-8.437164131408474e-07	5.660569621581175e-08	-8.581107843882821e-07	7.680700764805669e-07
0.16	-0.02511814483720512	0.1047992488336654	0.9213109368091257	0.3191609773443855	-0.2163155202471343	-0.2082712405611666	-0.3600497845323407	0.356696017754401	0.3566960177544103	0.07666005967564586	0.1615813700774258	0.1222962421290284	0.0882880131249532	-0.3004184514147907	-0.2534430162476933	-0.1744980384241269	1.442067247681799	-0.006749373389348136	0.2415389954721304	-0.7642238410558228	1.439217710099641	1.439217710099624	-0.3376487825387204	0.0686559227311469	0.3809398499326168	0.1079315171542177	0.0264823529549692	-0.03814571155202265	0.006988366893674351	-0.2058237843924028	0.06200546766688796	-0.03033932099883647	0.03687637161756373	-29.9006301904157	-20.38853083427	-12.6830698633545	-2.197168560172025	3.164655765318265	-569.8734496984645	58.97112339944569	-1.495142613913069	-0.9832957187533182	-1.364707008933938	6.689735199560655	-0.04806272653761377	0.8925787251840606	-2.807008774587133	6.645872884143947	6.645872884143849	-1.385284257159689	0.08086009676138535	1.816517478971102	0.5470677028409973	-8.632616818782155e-08	-1.220764248983906e-07	7.13224958479118e-07	-9.2389700174259e-07	4.034920359503073e-08	-8.547891857739876e-07	8.889632090045127e-07
0.17	-0.02819421777197041	0.1022169965764427	0.9194974625729337	0.3339076158055481	-0.2163858734066886	-0.2058127127727717	-0.367830750343846	0.371413198291209	0.3714131982912131	0.0732173817609075	0.162271358682484	0.1261940970124355	0.08939349536900586	-0.3146953351216448	-0.2628836487687189	-0.1882564283366747	1.506773679623918	-0.007316819748353799	0.2500350126633619	-0.7916117226626065	1.503731943409408	1.503731943409413	-0.3507566613773124	0.06927634307992431	0.398500250203925	0.1131434262091891	0.0197347546328456	-0.03629268444751292	0.007342719392926056	-0.2054601305909354	0.05959095833848892	-0.02872156988258691	0.04231005228785866	-29.84872000292765	-20.85819398281148	-12.10716296352274	-2.2382133254445	2.82502340488684	-567.0609613560166	58.70879953760212	-1.378829075444389	-0.905871510273635	-1.390518761246339	6.288080239742482	-0.06047146873929134	0.808202426552786	-2.651038066319571	6.281248485191135	6.281248485194428	-1.253975198348432	0.04264068570466653	1.706153706322479	0.5050338324039667	-9.359789717014242e-08	-1.290984025856546e-07	7.00153649529059e-07	-1.09043416159404e-06	4.447778472362081e-08	-8.577709378493732e-07	9.716012945060359e-07
0.18	-0.03141003310907769	0.09954405309571025	0.9175445816818504	0.3492867151957708	-0.2164617782054645	-0.203273206970372	-0.3758748670139385	0.3867609311472664	0.3867609311472728	0.06964753795753652	0.1629655530274049	0.1302636263795786	0.09055045296872398	-0.3283669318834127	-0.2715812609496249	-0.2023793694024384	1.568559433494234	-0.007859701233647853	0.2577345982729989	-0.8168540127732113	1.565328173951096	1.565328173951122	-0.3630819602614834	0.06949707069944529	0.4152747466797047	0.1182265882873107	0.01298715631069692	-0.03443965734300805	0.007697071892311422	-0.2050964767894752	0.05717644901008757	-0.02710381876634652	0.04774373295813335	-29.76767562982534	-21.30169067236884	-11.5292728495004	-2.276607285075498	2.437111845916105	-563.8748206702312	58.44015952401042	-1.374085224895851	-0.8346916507294345	-1.437617239577129	6.105599585200193	-0.04314975179528138	0.7332924088651641	-2.377890475351372	6.062272330527963	6.06227233052795	-1.228768266275501	0.0009215509100936195	1.659336719865312	0.5213183074710079	-9.783812150539102e-08	-1.368560294746661e-07	6.451507752386295e-07	-1.273618371324952e-06	5.253601862317405e-08	-8.61967793672167e-07	1.046864913111671e-06
0.19	-0.03475991032460747	0.09678785668369672	0.9154486553798027	0.3652696922905492	-0.2165432749904605	-0.2006600278879306	-0.3841603569040822	0.4027104715403086	0.4027104715403143	0.06595896081032682	0.1636597806896354	0.1344970328897661	0.0917572340594882	-0.3415050272172884	-0.2795322638546116	-0.2168574579539924	1.627551067531996	-0.008438139589871906	0.2647717459782204	-0.8398976812621562	1.624099891935585	1.624099891935598	-0.3745046526390219	0.06929535372525122	0.431276512380652	0.1231045439527316	0.006247116090625447	-0.0327585265483703	0.008063591271094054	-0.2054556327117964	0.05527644271617956	-0.02562882930646681	0.05325114964587229	-29.6526491267101	-21.6390685628146	-11.00561952640932	-2.293998927176836	1.9902173319874	-561.454167349713	58.20266518640338	-1.268140183446568	-0.7564301704825026	-1.460812251146716	5.723201724885619	-0.06509096178593234	0.6692773671995669	-2.215662436644651	5.712639345919155	5.712639345917112	-1.079697578062663	-0.03892249717186791	1.55108195382733	0.4672165774551165	-1.015113831612818e-07	-1.472927252287599e-07	5.619500312674471e-07	-1.478710481899652e-06	6.467558545554121e-08	-8.652851214224709e-07	1.11024586033385e-06
0.2	-0.03823806219263765	0.09395592513061335	0.9132063666745992	0.3818280370080676	-0.2166305361758696	-0.1979804070452668	-0.3926658949593114	0.4192333326758985	0.4192333326759004	0.06216002116842623	0.1643503503470116	0.1388865541486869	0.09301203118318213	-0.3540218623836929	-0.2867282891635914	-0.2316518500336089	1.683632958042612	-0.009012581316096667	0.2710229503174024	-0.8608636457902431	1.679992322460467	1.679992322460466	-0.385154459199347	0.06876546972754356	0.4464976964263149	0.1278297948732527	-0.0004929241294640363	-0.03107739575372657	0.008430110649917217	-0.2058147886341196	0.05337643642227431	-0.02415383984657944	0.05875856633359315	-29.4986672415765	-21.95653818776501	-10.48005049889903	-2.30990356651853	1.49204293725708	-558.7586166762039	57.98861225379389	-1.249833191401578	-0.6836961315280955	-1.500877945189646	5.523650879771044	-0.04235042579541656	0.5761037356572786	-1.96234968317976	5.486414838606679	5.486414838606633	-1.074191102832807	-0.0647118537926477	1.503220388808366	0.4907773584910315	-1.050586531106486e-07	-1.583247696195387e-07	4.724830940338752e-07	-1.688671014884084e-06	7.772211516186702e-08	-8.684069984899993e-07	1.170986213915261e-06
0.21	-0.04183859761379049	0.09105576352403587	0.910814590683539	0.3989332799832975	-0.2167237787596987	-0.1952414157039634	-0.4013704698505318	0.4363011481655006	0.4363011481655156	0.05825905574304425	0.1650337158867297	0.1434243894464635	0.09431296038985121	-0.3659805840003449	-0.2931819703080346	-0.2467446599728595	1.736941838929026	-0.009635480967701624	0.2766539355928627	-0.879718449223459	1.733098463844024	1.733098463844025	-0.3949145543432021	0.06786250367575264	0.4609346559747166	0.1323275000374238	-0.00733382507043895	-0.02949923183821328	0.008835422289311468	-0.2065810320657167	0.05148716947958108	-0.02280354812437356	0.06440922068003491	-29.30083085558407	-22.33193293974086	-10.02122599806621	-2.312372301023335	1.094904780863389	-556.8441151051076	57.76974678594194	-1.153191163059784	-0.6078787578735867	-1.519853094987638	5.163426381952433	-0.07241009491297945	0.5381092348932122	-1.797113188822471	5.151888200690676	5.15188820069084	-0.9083635958707782	-0.1101714459005296	1.393729398746459	0.4248511819036153	-1.02702017258988e-07	-1.733828652286698e-07	2.867327399246104e-07	-1.929451911796801e-06	1.021706154824984e-07	-8.725350196684483e-07	1.190477547016047e-06
0.22	-0.04555558015436093	0.08809473017561963	0.9082706124777474	0.4165573957051665	-0.216823280412059	-0.1924498118476243	-0.4102536062791702	0.4538858599514421	0.4538858599514523	0.05426420039109379	0.1657066352729104	0.1481025534719023	0.09565798346546669	-0.3773112862675136	-0.2989026375313512	-0.2620922929798817	1.787407507370466	-0.01026439502210709	0.2815454533244405	-0.8965759532738711	1.783371581726	1.783371581726002	-0.4039324445154159	0.06667623902282988	0.4745634419587346	0.1366485686625354	-0.01417472601141781	-0.02792106792269208	0.009240733928625771	-0.2073472754973111	0.04959790253689316	-0.02145325640215454	0.07005987502647019	-29.05434217257058	-22.69318368391615	-9.560549891106014	-2.314423533596234	0.6467100006090971	-554.7430451271636	57.60257566211639	-1.124229321504919	-0.5370933473028122	-1.551842558743952	4.955008390776262	-0.0435533063555175	0.4282102268807981	-1.562889806618996	4.919810138290372	4.919810138290384	-0.9257501085045754	-0.1213715740190411	1.341585675931599	0.4554500506791402	-9.885072171086469e-08	-1.894602143108013e-07	7.660683723922165e-08	-2.178035432488832e-06	1.295056906421944e-07	-8.769177608749784e-07	1.199526090121738e-06
0.23	-0.04938301678218637	0.08508014129655149	0.9055719472265389	0.434672522408252	-0.2169292920745568	-0.1896120470056281	-0.419295101294654	0.471959593479286	0.4719595934792981	0.050183429715513	0.1663658577058604	0.152913050985096	0.09704507690353137	-0.3880710379720235	-0.303894015745684	-0.2776699251881207	1.835154658366061	-0.01093472630002179	0.2858820075161674	-0.9113999925309882	1.830914414160564	1.830914414160564	-0.4121162409041892	0.06514010303396564	0.4874046568718126	0.1407456137691933	-0.02103342542591672	-0.02661206063676661	0.009717286852377384	-0.2087256134544427	0.04806409607580137	-0.02024733695063013	0.07582392713660811	-28.7547112319021	-23.00220099654035	-9.16188598138063	-2.296927185996102	0.1887969862723121	-553.4334822857737	57.47579753818327	-1.036098378613848	-0.4619645620836619	-1.565274319144857	4.615075238337295	-0.07863833140058334	0.4172263054516672	-1.393702391453113	4.602432942598724	4.602432942598413	-0.7490264221326978	-0.1743573276695922	1.235697703883728	0.3828952285970312	-9.961951633562367e-08	-2.067271425134086e-07	-8.382266501590489e-08	-2.415008195935005e-06	1.535650967570549e-07	-8.80804364493331e-07	1.206539416282587e-06
0.24	-0.05331490098379364	0.08201927773462288	0.902716595499792	0.4532512219781705	-0.2170419801084136	-0.1867347469636871	-0.4284751449839478	0.4904949379607906	0.4904949379607973	0.04602395467243309	0.1670087942356532	0.1578480223083981	0.0984723534902502	-0.3982008010241295	-0.3081575741034453	-0.293429588087592	1.880122080737097	-0.01159966929358486	0.2894524933132187	-0.9242856880359043	1.875693772457498	1.875693772457496	-0.4196733180157233	0.06341905839111747	0.4994582039804044	0.1446851983933695	-0.02789212484042111	-0.02530305335083031	0.0101938397761481	-0.2101039514115746	0.04653028961471355	-0.01904141749909053	0.08158797924673875	-28.39783981778006	-23.3023827026437	-8.761421152086864	-2.280009225840667	-0.3181185289888275	-552.0166710871799	57.42701797096205	-0.9982315910241153	-0.3915293759885249	-1.588248696990411	4.399062665864388	-0.0424756494851824	0.2749965479456666	-1.175221056178766	4.36711531076428	4.367115310764191	-0.8004062530567334	-0.1583533048158614	1.184052115034318	0.4239579541827894	-1.017083367240633e-07	-2.243339504647233e-07	-2.300531957195284e-07	-2.648663600168078e-06	1.766885974305339e-07	-8.845492145150612e-07	1.212971251887766e-06
0.25	-0.05734504969772326	0.07891930476413171	0.8997028360153985	0.4722661045025799	-0.2171616164483849	-0.1838243197657928	-0.4377743211267768	0.5094646107466457	0.5094646107466539	0.04179307289160515	0.1676330583433249	0.1628994693159091	0.09993772185429876	-0.4077159071513654	-0.3117271451772644	-0.3093371998179809	1.922399133020022	-0.01233739236819624	0.2925588672644037	-0.9352459539993038	1.917786928093546	1.917786928093544	-0.4263590514953686	0.06138962516067038	0.5106830255123248	0.1483389395927255	-0.0351026040682876	-0.023898454409306	0.01076644205054087	-0.2113173277299329	0.04419583904838632	-0.01800437077867977	0.08766678369072685	-27.98022030871951	-23.92749653227883	-8.48364595057417	-2.252148139101441	-0.4768341534503069	-551.3812380747538	57.22805664619118	-0.9112007899994845	-0.3231532916986928	-1.594428156496728	4.073709547895918	-0.09134191640075719	0.3169749838130826	-1.010891386813608	4.062357639964116	4.062357639964274	-0.5812744436238165	-0.2323470359263173	1.069501704614057	0.3282885039105402	-8.104770970697977e-08	-1.5497093566769e-07	3.1569385889046e-08	-1.795594617515891e-06	1.073508731851757e-07	-6.623532595205786e-07	9.010315415824273e-07
0.26	-0.06146695960620846	0.07578693961917822	0.8965295182646142	0.4916900941574954	-0.2172890142750935	-0.1808851253953647	-0.4471739923333181	0.5288416034788472	0.5288416034788564	0.03749961026633477	0.1682356063779473	0.1680587254452084	0.1014380688905606	-0.4165530399356518	-0.3146360089959098	-0.3253412413657085	1.961943506838516	-0.0131519666408703	0.2952059278199162	-0.9443847007784236	1.95715776172716	1.95715776172716	-0.4321894869032276	0.05907584377953069	0.5210200283379723	0.1516809328360247	-0.04231308329617389	-0.02249385546778681	0.01133904432502984	-0.2125307040482919	0.04186138848205787	-0.01696732405827787	0.09374558813469962	-27.49876655070569	-24.54852232049328	-8.204411884898009	-2.225369750588834	-0.6783077864426543	-550.7047881122476	57.1297237608358	-0.8626369224342197	-0.2593879249538403	-1.607534660458148	3.852526972978271	-0.05784588909769993	0.183133868811178	-0.8109172193228351	3.822650910277654	3.822650910277642	-0.6293466386995028	-0.2152229349544107	1.006488373779693	0.361608362971448	-5.310725952012881e-08	-5.777757759118522e-08	4.237049634375247e-07	-5.947738310604191e-07	8.425556965789325e-09	-3.678562469209072e-07	4.872129365857218e-07
0.27	-0.06567430911708505	0.07262880994800254	0.8931957489725504	0.5114968660275234	-0.2174239465113333	-0.1779242983422435	-0.4566554522868949	0.5485991908901861	0.5485991908902049	0.03314876553340872	0.1688151569273977	0.1733174954373586	0.1029718133795607	-0.4247999134205693	-0.3168752250162516	-0.3414126722902132	1.998949224927787	-0.01386932403780831	0.296958003971502	-0.9516096482036851	1.993922208685741	1.993922208685741	-0.437770717695243	0.05676156745167029	0.5305927969857472	0.1549853619291484	-0.0494486315050648	-0.02105254113461337	0.01203041555609317	-0.2146247677245574	0.04056674468174411	-0.01646989769917618	0.09992655640429431	-26.94779716119236	-24.92020559023413	-8.152828346678946	-2.120089258232831	-1.09458496730737	-550.8068441029311	56.7678067186831	-0.7881666671002769	-0.1889869182243805	-1.607013697634337	3.555346892914026	-0.08389208932328059	0.1709482139876675	-0.6336372441134362	3.537723964043392	3.537723964043391	-0.4911344381538822	-0.2504868030831188	0.9114806234983363	0.3025196332942075	-2.948057415913978e-08	6.328422804196459e-08	1.100905513919012e-06	8.600863438447516e-07	-1.302770504633752e-07	-8.809918769524027e-08	1.845068029266642e-07
0.28	-0.06996061818392588	0.0694517284210933	0.8897012520934039	0.5316598456116478	-0.2175670946064129	-0.1749460097824718	-0.4662002324627211	0.5687112992462049	0.5687112992462094	0.02874838386482839	0.1693693733492828	0.1786677550186304	0.1045361340496543	-0.4323449511286844	-0.3184263801426206	-0.3574867587822162	2.033185049657553	-0.01479513840801402	0.2986982291493094	-0.9570487452283698	2.028061950660126	2.028061950660127	-0.4420968740353157	0.05400901826855646	0.5393179461624007	0.1577961690547311	-0.05658417971394288	-0.01961122680140527	0.01272178678703447	-0.216718831400823	0.03927210088144292	-0.01597247134002155	0.1061075246738924	-26.32715312340586	-25.29718134406933	-8.106391712456858	-2.009168177603043	-1.513609869971921	-550.985748393125	56.4247089996384	-0.7222697670737112	-0.1217757461593209	-1.608065773957821	3.298548301077476	-0.09953728375123756	0.1807636740555586	-0.4537471392074681	3.29770991343854	3.297709913438586	-0.3783317483110008	-0.3028775060051433	0.8369644795553185	0.2628839694632684	-7.390298188183792e-09	1.928471245857003e-07	1.879636054760201e-06	2.405426300937487e-06	-2.831469122960224e-07	1.864080251232471e-07	-7.862502587240891e-08
0.29	-0.07431926223795551	0.06626247020023636	0.886046123656713	0.5521522895102939	-0.217719032941243	-0.1719551610247339	-0.4757904327591397	0.5891516886734282	0.5891516886734453	0.02430557180323593	0.1698966663719442	0.184101440903274	0.1061283282042757	-0.4392832614679836	-0.3193183781821187	-0.3735244608761541	2.064875530401346	-0.01561342553957387	0.2994410020732751	-0.9607124996252933	2.059582683690894	2.059582683690895	-0.4463164353668126	0.05139625955277385	0.5472758721911215	0.1605776779401049	-0.06355530587529737	-0.01919719657695744	0.0133267064799137	-0.219410147677107	0.03817731561900364	-0.01464377265089243	0.1122593811535677	-25.63957651178289	-25.59898589937275	-7.655898234866922	-1.996787351678187	-1.983155732075153	-551.8398819063392	57.03045787022148	-0.6644984032212765	-0.05694423254591369	-1.599399465853512	3.040100903330912	-0.07544989318795077	0.0167089499398901	-0.2808674253982913	3.014267562327495	3.01426756232752	-0.4209248166016842	-0.2479513845706626	0.7536188601918856	0.2767056023669635	-1.597142531995018e-08	2.420203613212724e-07	2.381749308942683e-06	2.924124943875479e-06	-3.620174814154611e-07	2.519951182710043e-07	1.022067268968384e-08
0.3	-0.07874426674254927	0.06306748551904416	0.8822310627913346	0.5729487988048393	-0.2178796492404567	-0.1689577495680802	-0.4854089061666199	0.6098942879438466	0.6098942879438719	0.01982513283011928	0.1703963365414133	0.1896103884873373	0.1077465216986093	-0.445617041241817	-0.3195716722096716	-0.3894732445197459	2.093998128837166	-0.01653073128431943	0.3000107689321548	-0.9627033674407542	2.088503919298927	2.088503919298928	-0.4496222563396145	0.04848444762875327	0.5543702860462998	0.1629960369971825	-0.07052643203664775	-0.01878316635249976	0.0139316261728551	-0.2221014639533869	0.03708253035656842	-0.01331507396174986	0.1184112376332441	-24.88851020628787	-25.90834846762588	-7.214857066154456	-1.973613853121702	-2.426263684478276	-552.8069091155973	57.55540244379496	-0.6013636539805185	0.005965056229674885	-1.59028208388859	2.784971839483143	-0.1193410063883569	0.146162461038376	-0.1191698229149318	2.777810428891535	2.777810428891522	-0.195583676571985	-0.3626881476527842	0.6642620448467421	0.1902540038040384	-3.664831705560674e-08	2.594906336254566e-07	2.774774055710462e-06	3.037950955879215e-06	-4.117052308733532e-07	2.351911783091798e-07	2.378744102111056e-07
0.31	-0.08322942361467793	0.05987311828186048	0.8782571251319314	0.5940236735028435	-0.2180498966230642	-0.1659567552175168	-0.4950390832839572	0.6309132302465411	0.6309132302465567	0.01531526112353807	0.170866509566759	0.1951860753110718	0.1093871835082843	-0.4513057085394316	-0.3191996472056338	-0.4052846505274985	2.120560607516611	-0.01752395964782331	0.3001129345610148	-0.9630597858962259	2.114873785546158	2.114873785546158	-0.4522736492930987	0.04553492955933594	0.5606392326386105	0.1650962239327204	-0.07779180906841382	-0.01730883378841126	0.01433704657157803	-0.2247459501648604	0.03589919965688038	-0.01239412181952318	0.1248894476077749	-24.07803164188731	-26.31516440530746	-6.9937021590358	-1.885985356687516	-2.833487362032679	-554.4253798065058	57.61430352931038	-0.5362963548010343	0.06805507313536791	-1.572078314400285	2.529493884395234	-0.08933672432810209	-0.06881375541760473	0.04696266275043066	2.504969951396286	2.504969951396164	-0.2875604237785784	-0.2627905262660562	0.588926760223389	0.2147066926636719	-5.68059313461542e-08	2.419743980267434e-07	2.885735017288741e-06	2.763506623583758e-06	-4.130214676084353e-07	1.614764717338508e-07	4.639748333727926e-07
0.32	-0.08776820277721188	0.05668551806484598	0.8741259717214147	0.6153516945880863	-0.2182300808839097	-0.1629569506845058	-0.5046646564819265	0.6521835502574574	0.6521835502574636	0.01078134682361057	0.1713068460334874	0.2008205947594892	0.1110478083181616	-0.4563414993230146	-0.3182182681758336	-0.4209163947425048	2.144627406284855	-0.0185181069312046	0.2997728054207792	-0.961782583567147	2.138779460943686	2.138779460943686	-0.4544307750082617	0.04251713590271965	0.5661368109829281	0.166988637037662	-0.08505718610017625	-0.01583450122429022	0.01474246697038945	-0.227390436376331	0.03471586895720174	-0.01147316967725046	0.1313676575823028	-23.21272990351775	-26.72879486398129	-6.782826291141599	-1.786339329898402	-3.215322264886616	-556.137015424322	57.59348791402975	-0.4707883511741799	0.1278358613821241	-1.554349725339341	2.285835857243002	-0.1195247903638138	0.05770350721926479	0.2075543339951937	2.284972258951063	2.284972258950923	-0.09673022890779095	-0.3763432650926358	0.5099883952480759	0.1486992376847718	-7.673777283448025e-08	2.092466372528573e-07	2.874059550523758e-06	2.320249098114738e-06	-3.933066118553388e-07	6.301795358743284e-08	6.893999024650291e-07
0.33	-0.09235406526207794	0.0535107111539735	0.8698395807068089	0.636907851050162	-0.2184206874500916	-0.1599619116473537	-0.5142696555956708	0.6736805991694352	0.6736805991694306	0.006229505889005752	0.1717165070980655	0.2065060332903561	0.1127255700601276	-0.4607348411441174	-0.3166486011541717	-0.436315542209277	2.166208608298567	-0.0196031041175164	0.299145230387465	-0.9589665251653299	2.160219260364127	2.160219260364113	-0.4558844369003712	0.03942109387933979	0.5708185125699514	0.168526641549312	-0.09216275409895759	-0.01496181931847994	0.01500220948545416	-0.230716799817568	0.03394092088501795	-0.01007991617559006	0.1378240478444389	-22.29765298975961	-27.02288643255837	-6.328980000238872	-1.74475599597367	-3.688021050455953	-558.5335876004503	58.19054587670478	-0.4091597372424615	0.1856316622722154	-1.525751123345068	2.035000840367446	-0.1023682111058768	-0.1363698659259451	0.3562386957716243	2.011841256704912	2.011841256702903	-0.1612102614555778	-0.2749099057217222	0.4273037426402522	0.1515009713448744	-9.851743221365625e-08	1.449457522094613e-07	2.685688276849113e-06	1.635189262790171e-06	-3.317401031894874e-07	-8.105068605543045e-08	8.624025980401238e-07
0.34	-0.09698097169308731	0.05035442082126038	0.8654005874443358	0.6586679672257616	-0.2186220201938059	-0.1569758247319987	-0.5238389727048975	0.6953797175702267	0.6953797175702322	0.001664823117028725	0.1720954726954814	0.2122342973775359	0.1144177418298981	-0.4645502885517847	-0.3145149525439597	-0.4514368443159928	2.185419348989563	-0.0206633424374639	0.2979823810613804	-0.9546461826636442	2.179193358709142	2.179193358709114	-0.4569991424761976	0.03637804246551228	0.5747019222454068	0.1698706425985539	-0.09926832209773957	-0.01408913741267764	0.01526195200076229	-0.2340431632587898	0.03316597281283198	-0.008686662673945305	0.1442804381065748	-21.33815260997872	-27.32066564754667	-5.880264078832665	-1.697231939172609	-4.149570424043369	-560.9913121109291	58.74704274865423	-0.3552094684870373	0.2406321790920833	-1.498780653328063	1.811743592699845	-0.1145730170909071	-0.04935135133475436	0.5084111539689274	1.791832043865739	1.791832043865737	-0.02893896565120264	-0.365745143182224	0.350330012934446	0.1098985452031404	-1.211796314809994e-07	6.556516602241878e-08	2.412924975993735e-06	8.346417570868359e-07	-2.501847453712753e-07	-2.469032643234618e-07	1.010367742084643e-06
0.35	-0.1016427300504963	0.04722220022464089	0.8608119776356017	0.6806078789411901	-0.2188345380512868	-0.1540019110733168	-0.5333580751423396	0.7172564354589238	0.717256435458931	-0.002906934671447164	0.1724434393699514	0.2179972125077127	0.1161212714522911	-0.4676933775970876	-0.3118446302901484	-0.4662240213815099	2.202175343191833	-0.02184141882905801	0.2967225603980195	-0.9489383011919021	2.195762688042504	2.195762688042493	-0.4573009026976477	0.03323254308582422	0.5777535899958057	0.1707942289742234	-0.1067664434512523	-0.01259343517572051	0.01540069296636709	-0.2372044905632523	0.03186239225439418	-0.007562615379505019	0.1510934526193873	-20.3448469627973	-27.85251364063764	-5.599944064768544	-1.610871989186516	-4.413832067186126	-564.1113209918109	58.98639124017267	-0.2776446890815967	0.2928682866664223	-1.459582598321497	1.549390861194704	-0.11930663438013	-0.1760706371827621	0.6373771887464056	1.531379522481427	1.531379522483876	-0.02269868038270874	-0.28624027767095	0.2633792931501468	0.07786265075207344	-1.290348286913106e-07	2.632840826380616e-08	2.201768499750773e-06	4.025038415245203e-07	-2.061151655059184e-07	-3.114678742870212e-07	1.053949514237215e-06
0.36	-0.1063326765116636	0.04411921005818757	0.856077316783181	0.7027037233040835	-0.2190588130095239	-0.1510429502639334	-0.5428130186560699	0.7392872258698341	0.7392872258698462	-0.007480090888143269	0.1727604934621727	0.2237868031428049	0.1178328917318414	-0.4701879093035813	-0.3086688665107222	-0.4806470530533155	2.216605878482271	-0.02301476258811738	0.2949918112008189	-0.9418143979213762	2.210007863152266	2.210007863152271	-0.4572788281187286	0.03019552601377888	0.5800370232285071	0.171488774030025	-0.1142645648047522	-0.01109773293873999	0.01553943393205685	-0.2403658178677065	0.03055881169596369	-0.006438568085030832	0.1579064671322068	-19.32716133673663	-28.38099021933569	-5.322458017310158	-1.520149351562215	-4.691314299462038	-567.1879936635088	59.22346865221093	-0.2254980007251451	0.3417204842149741	-1.425951574585781	1.346651810333725	-0.1136264905839302	-0.1435370581026467	0.7916155137256676	1.32700119914567	1.327001199145652	0.03582799442264682	-0.3440486816537547	0.1966831093948984	0.06409028122959251	-1.29144824825636e-07	8.08996076006406e-09	2.022837131766612e-06	1.630724808051945e-07	-1.816535310312852e-07	-3.230510854451655e-07	1.042930753400153e-06
0.37	-0.1110444148910653	0.04105044665810183	0.8512003932846585	0.7249324039730223	-0.2192950368604235	-0.148102574900583	-0.5521898470165849	0.761449040305106	0.7614490403051002	-0.01205050852485885	0.173047243015034	0.2295953690657961	0.1195499160960626	-0.4720562740688869	-0.3050051574540452	-0.4946599279051043	2.228748254518888	-0.02423510282397549	0.2930315708820809	-0.9333413894963708	2.221969904711126	2.221969904711116	-0.4567352477430769	0.02716819475312876	0.5815472805612751	0.1718652236089678	-0.121615530709042	-0.01011193836136349	0.01567247503262454	-0.2443957652623072	0.02987018727377616	-0.005205443116418513	0.1647015223374614	-18.28404950115604	-28.75179876930943	-4.97096992588598	-1.440108304227819	-5.071967393975768	-570.9923320931033	59.78749905480063	-0.1519741223836109	0.3904599724246897	-1.377363081201024	1.090734929126761	-0.1268203688755852	-0.2301689876400136	0.9066262097173223	1.073063592804175	1.073063592801949	0.07433426006079361	-0.2799679895585909	0.1087996385855974	0.01710839682671454	-1.333140870951337e-07	-9.964846767666149e-09	1.888956855259062e-06	-5.99111016296242e-08	-1.618466074260193e-07	-3.295574714397701e-07	1.032986578065498e-06
0.38	-0.1157717305997103	0.03802067311978896	0.846185659509473	0.7472710492880879	-0.2195435806294403	-0.1451833822341968	-0.5614756487522836	0.7837189267476619	0.783718926747664	-0.01661334811766528	0.1733041407270484	0.2354151580807889	0.1212692421761932	-0.4733033751522039	-0.3008708941561476	-0.5082091083858878	2.238598807707552	-0.02547874621138238	0.2907552718081132	-0.9236090729581893	2.231622264611911	2.231622264611886	-0.4557632193304445	0.0242251578409573	0.5822816416287566	0.1719491172119159	-0.1289664966133255	-0.009126143783995545	0.01580551613343121	-0.2484257126568874	0.02918156285158633	-0.003972318147823177	0.1714965775427215	-17.21513675314469	-29.12050748241039	-4.620279364869394	-1.35860966777212	-5.466754222271781	-574.7760498688892	60.37025717988394	-0.1012452643273665	0.4358313324590291	-1.333212700384746	0.888287240743347	-0.1182871208936333	-0.2067488091485261	1.04347713636091	0.86506486753076	0.8650648675307525	0.1215176018187589	-0.327189811958105	0.04150385633750794	0.005579086030674607	-1.398029300133013e-07	-2.79147171662467e-08	1.780820059595291e-06	-2.734959536161529e-07	-1.44699518603249e-07	-3.331628144837806e-07	1.02365645158936e-06
0.39	-0.1205084387828012	0.03503449923477499	0.8410378671055531	0.7696969762788229	-0.2198048428269953	-0.1422878712737456	-0.5706579693568651	0.8060741278428954	0.8060741278428907	-0.02116379507566175	0.173531879361575	0.2412384645177105	0.1229876716337249	-0.4739352957957673	-0.2962948239160895	-0.521258987132732	2.246220375890669	-0.0267772503938399	0.2882999362091183	-0.9126615306914102	2.239050770030679	2.239050770030655	-0.4542662867970744	0.02134455522624662	0.5822559018294337	0.1716861681792703	-0.136463234445337	-0.008088010186605335	0.01590447024114461	-0.2526767965619902	0.02839182234315422	-0.002850575856210298	0.178447458035393	-16.12099237071413	-29.56946512436302	-4.337906954444279	-1.259486703667064	-5.764131048916036	-579.1326300849345	60.90057686541331	-0.02871848402377839	0.4788260856444919	-1.277384581375943	0.6441576895847735	-0.1360740837874811	-0.2721668201982828	1.14942036187754	0.6266941772344358	0.6266941772345247	0.1730114288732877	-0.265241924932862	-0.04323255305694939	-0.04959113759172936	-1.462091332280174e-07	-4.85216090421495e-08	1.649973034159466e-06	-4.955482119662434e-07	-1.236010394878198e-07	-3.367796100201794e-07	9.859943124960842e-07
0.4	-0.1252483767762576	0.03209615229533463	0.8357622740902565	0.792188132167887	-0.2200791784697467	-0.1394183618462753	-0.5797250090207698	0.8284926041519501	0.8284926041519488	-0.02569742663838883	0.1737314626822107	0.2470577896256415	0.1247019997529941	-0.4739493372254491	-0.2913055050414246	-0.5337692306612064	2.251644587373346	-0.02809343525091115	0.2855549652131874	-0.9005528848229843	2.244277307376834	2.244277307376811	-0.4524001402726104	0.01859409506332406	0.5814853758305208	0.1711288495594428	-0.1439599722773517	-0.007049876589252098	0.01600342434897655	-0.2569278804670767	0.02760208183471447	-0.001728833564655462	0.1853983385280652	-15.00307733938149	-30.01752130639017	-4.055467831929547	-1.1602709569749	-6.074649122642742	-583.4834185241799	61.46552879717198	0.02233057844897946	0.5184810593803227	-1.225285656710818	0.4488159006553902	-0.1218232558163229	-0.2646758885356575	1.275697856690238	0.4246712530080296	0.4246712530080292	0.1953604000375239	-0.301161321600571	-0.1074533835805171	-0.05329483140568628	-1.525638559717309e-07	-7.078369462523661e-08	1.504978652472199e-06	-7.228752480510116e-07	-1.000410385507341e-07	-3.404035398960989e-07	9.306827229200012e-07
0.41	-0.1299854049355474	0.02920967229076028	0.8303643928530193	0.8147227331594666	-0.220366909414266	-0.1365770436952113	-0.5886653343418288	0.8509526030830701	0.8509526030830759	-0.03020995929811411	0.1739040072224624	0.2528657168166451	0.1264090227799464	-0.4733560073012608	-0.2859305622426905	-0.5457042128352197	2.254922284735259	-0.02945561757729262	0.2826648827119453	-0.8873372597235855	2.247367399308752	2.247367399308754	-0.4500524740140356	0.01594565851937381	0.5799799024245584	0.1702235913578663	-0.1515150645810774	-0.006094221704580782	0.01610102140485461	-0.2615042686713859	0.02686813273940755	-0.0007038060500238293	0.1924314270573677	-13.86384510869716	-30.49076252474037	-3.826027265885757	-1.045082638085264	-6.326390521977453	-588.350134971058	62.02565911982587	0.09287280277161072	0.5559728302040781	-1.162252278656654	0.2142384913709705	-0.1438497556690715	-0.3079760850493892	1.370732786394329	0.1979472587184863	0.1979472587223456	0.2627539986149433	-0.2421916881424402	-0.1901680632049604	-0.1168348814167732	-1.590780126567538e-07	-9.426551070537644e-08	1.36038162266509e-06	-9.412423675585115e-07	-7.481793826112201e-08	-3.453925599530796e-07	8.583221835862941e-07
0.42	-0.1347134920749213	0.02637873610219007	0.82485023223786	0.8372795094921494	-0.2206683489889726	-0.1337659866999874	-0.5974682558219275	0.8734328567526038	0.8734328567526034	-0.0346973584432791	0.1740509660237922	0.258654974524769	0.1281054545115063	-0.4721611332423589	-0.2801967418405945	-0.5570251062456036	2.256079655593643	-0.03083516128847311	0.2795027340454673	-0.8730721166309997	2.248328255058066	2.248328255058094	-0.4473734373615589	0.01347694728141863	0.5777514792545619	0.1690105904809651	-0.1590701568847928	-0.005138566819914963	0.01619861846068288	-0.2660806568756953	0.02613418364409996	0.0003212214646002426	0.1994645155866793	-12.70668787433548	-30.96359389227175	-3.595303269046607	-0.9314838806348051	-6.592846274949832	-593.2175140086721	62.6343480803849	0.1426394053917304	0.5902565800526699	-1.102467903984926	0.02475059994961543	-0.1252955327760902	-0.3190891215827465	1.485601455327631	-0.001175983512634735	-0.001175983512634732	0.2616344788178684	-0.265216260401677	-0.2520433363874042	-0.1148433664706116	-1.657002601494439e-07	-1.185742627157214e-07	1.216053983963175e-06	-1.153534967352608e-06	-4.846731298674647e-08	-3.513070648785765e-07	7.744030342474187e-07
0.43	-0.1394266601718915	0.02360684355461003	0.8192260461514524	0.8598374107119583	-0.2209837786126899	-0.1309871803354524	-0.6061234764705015	0.895912303198702	0.8959123031986961	-0.03915571602748887	0.1741739135411085	0.2644183689396185	0.1297880056274171	-0.4703769874534771	-0.2741303611625637	-0.5676982530273856	2.255160740806434	-0.0322525301203115	0.276225315592447	-0.8578138030180862	2.247218951839363	2.247218951839362	-0.4442448027474763	0.01114524307624617	0.5748127112879853	0.1674470612237497	-0.1666402748128856	-0.004404925542141318	0.0163235789511629	-0.271006138766663	0.02548824203185947	0.001304116381049558	0.2065359643868389	-11.53685548912659	-31.44269437279749	-3.385703779336876	-0.8125417511958496	-6.814318871954626	-598.5322001029358	63.31073033874205	0.2106158200496089	0.622532330782178	-1.032730127260141	-0.2012065542441323	-0.1503143342517085	-0.3373210172264913	1.569677824173354	-0.2170861372672457	-0.2170861372716622	0.3466225569388625	-0.2124645336763619	-0.3320403611824655	-0.1849589107554792	-1.737593267717909e-07	-1.315085305253304e-07	1.196770426332815e-06	-1.266350438331837e-06	-4.035402803609385e-08	-3.549226744511701e-07	7.507146934362643e-07
0.44	-0.1441191240800896	0.02089715551763106	0.8134985301848302	0.8823759239766604	-0.2213134532798993	-0.1282421987174543	-0.6146213676809658	0.9183704008833601	0.918370400883364	-0.04358115834471855	0.1742744806097561	0.2701489263079239	0.1314533512096742	-0.4680202954880694	-0.2677558397203821	-0.5776910822885464	2.252202064571709	-0.03368416998672153	0.2727377847368325	-0.8416062290091648	2.244058502771937	2.244058502771907	-0.440790383963977	0.009000857547020655	0.5711840699458218	0.1655694837501976	-0.174210392740957	-0.003671284264333914	0.01644853944176489	-0.2759316206576182	0.02484230041962693	0.002287011297549425	0.2136074131870136	-10.35962017111163	-31.92014119009496	-3.17308103761233	-0.6972052743996726	-7.057404595207701	-603.8324388639878	64.04534714924029	0.2571486406969125	0.6518847328827797	-0.966404399860666	-0.3832016895534424	-0.1281497396903682	-0.3611116021014918	1.675453534529212	-0.4114051532570969	-0.4114051532570966	0.3267913127011973	-0.2277525252124386	-0.390018011504839	-0.1776530097379002	-1.828771022265167e-07	-1.360615994501865e-07	1.269624612649919e-06	-1.305866972289582e-06	-4.567878332397416e-08	-3.568443611321507e-07	7.714069483823789e-07
0.45	-0.1487851242638479	0.01825264902336982	0.8076745922626434	0.9048747360070559	-0.2216576250886652	-0.1255329790985398	-0.6229527055908879	0.940786818084118	0.9407868180841102	-0.04797019632445491	0.1743547519252374	0.2758397766330081	0.1330981393702043	-0.4650849995185036	-0.2611037820801685	-0.586973802296716	2.247232953759056	-0.03515325587214479	0.2690928767103496	-0.8245217132997089	2.238901295870749	2.238901295870714	-0.4369541229101397	0.00708432608827116	0.5668775918140857	0.163331748188679	-0.1818460370511926	-0.002731788233772742	0.0165967281708132	-0.2810190896427678	0.02412903682686518	0.002976103854475761	0.2207206713637409	-9.179028889004686	-32.46969189849573	-3.123140322429067	-0.5302784724268872	-7.177744000570025	-609.4935511425805	64.51681165041197	0.3259188268752012	0.6781082281077919	-0.890872363179261	-0.6028921739251777	-0.156844959243447	-0.3684651085344258	1.745896540531507	-0.616387298818451	-0.6163872988191876	0.4216867729772772	-0.1691967572276584	-0.4672731651349437	-0.2552455997529566	-1.928692415699836e-07	-1.429086428031494e-07	1.313575259909139e-06	-1.368030074388802e-06	-4.872450520147101e-08	-3.548000477094646e-07	7.661814817423115e-07
0.46	-0.153418931737552	0.01567591149521416	0.8017614938279981	0.9273140316499664	-0.2220165991455391	-0.1228606655010125	-0.6311090091534395	0.9631419614477994	0.9631419614478014	-0.05231894303941221	0.174416739265916	0.2814843000865496	0.1347188678210405	-0.4615817534773862	-0.2542020464992676	-0.5955231847802273	2.240298787074245	-0.03664461960857752	0.2653565804593532	-0.8065993595351419	2.231803735358813	2.231803735358773	-0.4327321310062076	0.005344062588665901	0.5619186956372717	0.1607575418113965	-0.1894816813614144	-0.001792292203203543	0.01674491690001171	-0.2861065586279009	0.0234157732341046	0.003665196411411656	0.2278339295404792	-8.035330918084913	-33.01482351721251	-3.067505527793573	-0.369880583728972	-7.330526701770468	-615.1007318255171	65.04905093957737	0.3707386550072941	0.7018203210201978	-0.8197368949289696	-0.7762128639851436	-0.1326053098921881	-0.3793892470040817	1.843021145551421	-0.7994758754067037	-0.7994758754066927	0.4039374827201319	-0.1924989333837839	-0.5205016205204699	-0.2449471728905873	-2.035608720244436e-07	-1.515908656985975e-07	1.334403075922052e-06	-1.448310431001202e-06	-4.994700035066112e-08	-3.495829342038449e-07	7.402218378332988e-07
0.47	-0.1580149828903828	0.0131693754865688	0.7957666658616682	0.9496743089740766	-0.2223906106681494	-0.1202263995312513	-0.6390821193308908	0.9854164908842381	0.9854164908842485	-0.05662374378824245	0.1744625311700738	0.2870760447131624	0.1363121260937842	-0.4575440617742064	-0.2470688993116336	-0.6033104329805073	2.231440131865119	-0.03815291993907523	0.2614477016705864	-0.7879032658357941	2.222781914015407	2.222781914015371	-0.42821114261798	0.00386127326990319	0.5563329108555241	0.1578510873244568	-0.1968735248055405	-0.001630274501248428	0.01696695909652798	-0.2919341254940918	0.02317589539363851	0.004530118177991706	0.2347778569655167	-6.964644344021435	-33.41790035150987	-2.890121284573133	-0.2523238276529085	-7.561931329521541	-621.0707036444726	65.99692991440826	0.4329306349924692	0.7244902021687138	-0.73849188856419	-0.9881953765489414	-0.1593479558887921	-0.4042987341791566	1.900815000069824	-1.00152924515345	-1.001529245152855	0.4789051022358567	-0.1193872476074771	-0.5922686843252746	-0.3199127109740836	-2.26855609229214e-07	-1.99627068342219e-07	1.131402809794459e-06	-1.832156869994381e-06	-8.681295746990483e-09	-3.509414643542608e-07	5.312454821873648e-07
0.48	-0.1625681278847768	0.01073525660670652	0.7896979107921385	0.9719364990406645	-0.222779586306316	-0.1176327546572464	-0.6468646862677593	1.007591203310977	1.007591203310986	-0.06088278953611272	0.1744948515176989	0.2926090011364926	0.1378750361967831	-0.4530005217902637	-0.239718620742651	-0.6103086054202342	2.22068133556909	-0.03963744271999319	0.2572323613071726	-0.7684907114187099	2.211840333418165	2.211840333418133	-0.4235811308152819	0.002649751291747809	0.5501610549808421	0.1546879078623808	-0.2042653682496474	-0.001468256799267134	0.01718900129297928	-0.2977616923602882	0.02293601755317824	0.00539503994461476	0.2417217843905694	-5.969484453467335	-33.81346890402992	-2.701906039519538	-0.1473649735281554	-7.840935464353755	-626.9593038142799	67.01436234834281	0.4719083111599123	0.7452465972898643	-0.6619217428183386	-1.156241081365547	-0.1278497999761515	-0.4406815619332947	1.986313289098691	-1.183427726174096	-1.183427726174096	0.4257421656142067	-0.1382454652626069	-0.6377158391073964	-0.2962921679177097	-2.61088891915386e-07	-2.818195552955763e-07	7.3413666105435e-07	-2.479475757846351e-06	6.946095958557852e-08	-3.580071569231226e-07	1.634244333357991e-07
0.49	-0.1670732525051115	0.008375563098852656	0.7835631613361008	0.9940817787263784	-0.2231836754404566	-0.1150803479980005	-0.6544497994241217	1.029647423731313	1.029647423731338	-0.06509245027686625	0.174515710441824	0.2980772228871826	0.1394042985094003	-0.4479346728036144	-0.2322001637965763	-0.6165049192321584	2.208073344328604	-0.04118512528022048	0.2532681556884002	-0.7484358846215912	2.199109840950323	2.199109840950324	-0.4182639683586127	0.001559775900599346	0.5433819976146795	0.1510999521931471	-0.2118798743849934	-0.0001749113619940279	0.01740121485006905	-0.3032168056730068	0.02197418596114872	0.005480642756731482	0.2487280795532234	-5.051437230650051	-34.52724884411803	-2.97065339830239	0.1021665506178124	-7.69505561770235	-633.032664360704	67.05738907263854	0.5373428306881306	0.7581542673740016	-0.578103503687739	-1.358314507301706	-0.1692880611635763	-0.3718395360158292	2.029472659891264	-1.361890924828513	-1.361890924823481	0.5978635234268888	-0.0892548192254667	-0.7132348588847802	-0.3999824507024183	-2.209361256527391e-07	-1.98121525666453e-07	9.995830174149219e-07	-1.863738969576736e-06	-4.116056255250745e-09	-3.168060085628744e-07	4.299969679657769e-07
0.5	-0.1715250347079249	0.006091655965281107	0.7773705252812825	1.016091931227308	-0.2236034535156222	-0.1125670932897742	-0.6618314832555378	1.051567533043436	1.051567533043446	-0.06924630734549655	0.1745266933631257	0.3034746072295078	0.1408956942284702	-0.4423320382861399	-0.2245613458861873	-0.6218859251764023	2.193655898611656	-0.04277523092515716	0.2494019711029654	-0.7278048464295587	2.18461811177291	2.184618111772946	-0.4124203963926012	0.0006745507820799638	0.5359935733079527	0.1471145891528634	-0.2194943805203248	0.001118434075291396	0.01761342840689363	-0.3086719189857522	0.02101235436912189	0.005566245568873935	0.255734374715891	-4.211258058062941	-35.23451678388705	-3.229239631596298	0.3397722706825056	-7.599017188245258	-639.0236130989266	67.19092824790418	0.5792654173250381	0.7693187901526349	-0.4988601692822598	-1.518131976657666	-0.1363344169178015	-0.4210773552653044	2.101555568081433	-1.535675068088149	-1.535675068088155	0.5310240674825873	-0.09729541073751519	-0.7595892272203433	-0.3757736421273485	-1.107729603794384e-07	4.170875486383014e-08	1.888758790340848e-06	-5.924389789855637e-08	-2.2048768025928e-07	-2.301772452105221e-07	1.293645816460743e-06
0.51	-0.1759184143283994	0.003884705858795866	0.7711281956564151	1.03794923391275	-0.2240386280824523	-0.1100962831652832	-0.6690039968926026	1.073333564571584	1.07333356457159	-0.07334394379034126	0.174531218119682	0.3087953972897033	0.1423465265432907	-0.4362691002520344	-0.2168096137112037	-0.6264367341118157	2.177509539891901	-0.0442694338924374	0.24480363530009	-0.7066217162259466	2.168302770082633	2.168302770082656	-0.4069984157370874	0.0002547890766476967	0.5280773986829949	0.1429827915990493	-0.2266434126680096	0.0009059689434225788	0.01791323802664749	-0.315054190859769	0.02074221854050279	0.00623777123081675	0.2623979439586613	-3.449477783526416	-35.68273165377011	-3.122282121366279	0.4440334085297295	-7.706555576588108	-645.2342347981731	68.26274561861014	0.6310490324114805	0.7808937325594262	-0.4117386878954985	-1.70712840974324	-0.1571928537901402	-0.4727820469907339	2.138116460167898	-1.722266259058695	-1.722266259060415	0.5643614194344788	-0.0104182231353047	-0.8207523211827832	-0.4417779578109948	-4.70411895735575e-08	1.710750936405457e-07	2.303443947207066e-06	9.025200171124211e-07	-3.315992439089353e-07	-1.77057766618792e-07	1.739018033003531e-06
0.52	-0.1802489163613409	0.001755831734338245	0.7648446484557486	1.059636224892974	-0.2244889906023802	-0.1076701704696894	-0.6759623942848976	1.094927882174931	1.094927882174908	-0.07738404515764348	0.1745323249247721	0.3140344014554414	0.1437540618534126	-0.4297565207795975	-0.2089461494806632	-0.6301294403362263	2.159593557567798	-0.0458128215459715	0.240462485329526	-0.6849815974756602	2.15027532680991	2.150275326809922	-0.4009133808876184	-9.03953633376003e-06	0.5196363944160635	0.1384551882131224	-0.2337924448156958	0.0006935038114570686	0.01821304764610798	-0.3214364627338103	0.02047208271185947	0.006909296892604964	0.2690615132014376	-2.765373221856403	-36.12581399180725	-3.003973520355464	0.5345471792872969	-7.855233618895595	-651.4038339636044	69.36659084799119	0.6691937049914191	0.7916652012639348	-0.3272396270816746	-1.872056697527103	-0.1461713541680749	-0.3696401888021294	2.192953277416352	-1.878095384577459	-1.878095384577442	0.663634906273455	-0.06610879224873038	-0.8645551556151441	-0.4549348085491494	-3.068839271402374e-08	1.877231245054565e-07	2.233955006053169e-06	1.004354180422162e-06	-3.353025827071874e-07	-1.581314357419828e-07	1.757577359799195e-06
0.53	-0.1845121224556431	-0.0002939843923475658	0.7585284589267969	1.081135535151465	-0.2249547117022576	-0.1052867533461317	-0.6827022444428003	1.116333550204277	1.116333550204277	-0.08136114806344173	0.1745313906142359	0.3191865191851979	0.1451148741924412	-0.4228121470605706	-0.2010109237025482	-0.6329644306538759	2.139993345805857	-0.0473177043425029	0.2362127570640444	-0.6629317362912811	2.130585722623264	2.130585722623271	-0.3944858569755679	-0.0001595915420258674	0.5107104517839676	0.1336783452433482	-0.2409361559989588	0.001327224548448278	0.01837116667519535	-0.3275211762681066	0.01972873069554877	0.007088197427433082	0.2756012518331207	-2.158177495858399	-36.76785304202757	-3.177029110772534	0.7201488469818852	-7.708987944881607	-657.5360517819233	69.81032911677367	0.7179690481373361	0.7953066396064502	-0.2400531521688631	-2.045246752629013	-0.1503496374958957	-0.4539370142019747	2.219507211035615	-2.055271981342505	-2.05527198134319	0.6357846126676157	0.01349022029733984	-0.9181750729028355	-0.4929300428387811	-1.579103649786773e-08	2.025914167856621e-07	2.169194589818665e-06	1.083044625934682e-06	-3.387322206200068e-07	-1.437323270884839e-07	1.783039757513026e-06
0.54	-0.1887037028442	-0.002264277186547852	0.7521882346110562	1.102430594624918	-0.2254350222091173	-0.1029460930789935	-0.6892198950544417	1.137534146382639	1.137534146382638	-0.08527328103430656	0.1745295545089759	0.3242470652374544	0.1464271439014428	-0.4154313796303804	-0.1930414829835584	-0.634936397694029	2.118743400559862	-0.04873070294305171	0.2319111140473153	-0.6405416882234232	2.109260956611243	2.109260956611246	-0.3879193939036452	-0.0001893985466063302	0.501322058916029	0.1287466622076634	-0.2480798671822106	0.001960945285421529	0.01852928570399017	-0.3336058898024337	0.01898537867923191	0.00726709796223594	0.2821409904648157	-1.627467443591961	-37.40704224821027	-3.342396748652956	0.8963148693715377	-7.598009038165667	-663.6479249447705	70.27490229302281	0.7564724472241862	0.7985081894389189	-0.1546349715823903	-2.202003394338	-0.12779451497179	-0.3800231390519211	2.260990654112118	-2.205127749652278	-2.205127749652271	0.6914227382479909	-0.0419597920258676	-0.9570452027836894	-0.485902821731571	-2.503955036087133e-09	2.154906365891725e-07	2.109665733069446e-06	1.136129256011978e-06	-3.41859040531922e-07	-1.343420600437541e-07	1.816139595391637e-06
0.55	-0.1928194533099412	-0.00415477289659278	0.7458326121620306	1.123505138498155	-0.225928933132248	-0.1006484978943358	-0.6955120577667463	1.158513494185252	1.158513494185255	-0.08911909044399277	0.1745277255082593	0.3292115366778459	0.1476894609124746	-0.4076549138222992	-0.185057623937904	-0.6360417431639315	2.095899915457238	-0.05003393905862993	0.2276222210611288	-0.6178533942799964	2.086348635943208	2.086348635943214	-0.3812070005786122	-0.000175208540529463	0.491506321926042	0.1236974024637742	-0.2549217579435815	0.002245918673209683	0.01862740935033132	-0.3399148774755282	0.01832924376207963	0.007541598405106463	0.2883815363697804	-1.173136957484707	-38.0100368234777	-3.44171494909446	1.041168321362021	-7.448838253055606	-669.7273001666414	70.91400027794688	0.7978338034846805	0.798261312343688	-0.06655783667400943	-2.365307574837821	-0.128717400400198	-0.4512231923339575	2.278367758122681	-2.373280369220726	-2.373280369220172	0.6667111224728243	0.02359633575060832	-1.003772346372157	-0.516875623163539	1.122931683727225e-08	2.278263156771331e-07	2.046045832627832e-06	1.192040974145128e-06	-3.433664379032624e-07	-1.25642592044686e-07	1.848381289623349e-06
0.5600000000000001	-0.1968555190864263	-0.005965442706138013	0.73947032155791	1.144343290219045	-0.2264353022646418	-0.09839337180232885	-0.7015762137408835	1.179255919552417	1.179255919552421	-0.09289666322185559	0.1745261359952587	0.3340758638684841	0.1489007977115785	-0.3994944417788293	-0.1770763028836193	-0.6362700287130316	2.071464970090088	-0.05122234479619497	0.2234172955176503	-0.5949403405899788	2.061876469521511	2.061876469521521	-0.3742720675399042	-0.000141500981377391	0.4812932089654147	0.1185506198220296	-0.2617636487049296	0.002530892061001742	0.01872553299663033	-0.3462238651486273	0.01767310884492467	0.007816098847983321	0.2946220822747658	-0.7952231996315567	-38.61102758361592	-3.533018224364631	1.175991659373824	-7.335836499003616	-675.8054373999159	71.57335805209202	0.8332736943020399	0.798000591164996	0.02077701257805202	-2.520295447243268	-0.1048284393693948	-0.3632296505106183	2.305942603430307	-2.517096900384455	-2.517096900384457	0.7359306809830592	-0.03805628141024069	-1.036520396911784	-0.5054074013030155	2.549801720452615e-08	2.394857459064342e-07	1.977516679755344e-06	1.251345197945304e-06	-3.429305282259131e-07	-1.17772082900412e-07	1.879593211478782e-06
0.5700000000000001	-0.2008082026758096	-0.007696388110825116	0.7331101171437363	1.164929377222811	-0.2269528883669181	-0.09617988980208036	-0.7074102234262981	1.19974600440182	1.19974600440182	-0.09660402130555069	0.1745247643967133	0.3388362021760692	0.1500603736145865	-0.3909863516240896	-0.1691196952032921	-0.6356247848811944	2.045499405158258	-0.05227373078635141	0.2192944687303942	-0.5718416958796396	2.035894651498974	2.035894651498968	-0.3671677583998421	-0.0001369127766247206	0.4707195837000224	0.113355983741712	-0.2683205427914958	0.002916429640195676	0.01873037093112571	-0.3525462609429548	0.01699582117051996	0.007958808081586364	0.3005497250463486	-0.4938945685548995	-39.22438615812838	-3.693302432872289	1.33275143064239	-7.122390244626404	-681.7356870858214	72.07391581732193	0.8679988772575405	0.7933847472470784	0.1082857905278328	-2.672605005817015	-0.1018831456114394	-0.4345212496225601	2.314810496865206	-2.675608295973999	-2.675608295976379	0.7026549067423195	0.01943769041642559	-1.076053951117202	-0.5273235840642853	3.797567008408563e-08	2.490505177411571e-07	1.913300607693926e-06	1.297330004808991e-06	-3.415802495362943e-07	-1.114924038442e-07	1.908847374647802e-06
0.58	-0.2046741209234075	-0.009347988660552652	0.7267607427122892	1.185248224979328	-0.2274803062224454	-0.09400717848108324	-0.7130126496462033	1.21996889426244	1.219968894262441	-0.1002393415225925	0.1745233829439605	0.343489150159049	0.1511678367822579	-0.3821413734214388	-0.1612073318917062	-0.6341040321677113	2.018017120639869	-0.05318869544740687	0.2152631596715458	-0.5486236474881208	2.008437471765011	2.008437471764988	-0.3598644942107949	-0.0001434718119122421	0.4598151440440585	0.1081280727546519	-0.274877436878042	0.003301967219339383	0.0187352088656548	-0.3588686567372752	0.01631853349609884	0.008101517315100219	0.3064773678179512	-0.2692952853476746	-39.83680122036695	-3.846785431920031	1.480849011069466	-6.944448235726563	-687.6798617873951	72.5893322904612	0.9006513038843134	0.7891517174167498	0.1958787889072612	-2.823639364555208	-0.07754417354934021	-0.3449261048292805	2.32982333966623	-2.812169242669582	-2.812169242669573	0.7757216907801501	-0.04028572941789296	-1.102683275026092	-0.5120623826517648	4.812079600292676e-08	2.558873623643365e-07	1.854701571107389e-06	1.325968594267019e-06	-3.390391646911617e-07	-1.072845035073246e-07	1.935551898597308e-06
0.59	-0.2084500283194406	-0.01092075769423536	0.7204309353583197	1.205284852044881	-0.2280161563391131	-0.09187449610150072	-0.7183824171610455	1.239909960815355	1.23990996081536	-0.1038009021231466	0.1745218289060167	0.3480315026074741	0.1522229584239638	-0.3729909575348082	-0.1533599058345244	-0.6317120725708414	1.989064046222778	-0.0539601139736484	0.2112710766471174	-0.5253276714344745	1.979539150098419	1.97953915009841	-0.3524300221991262	-0.0001633068477924337	0.4486098514129476	0.102893043354463	-0.2811345365366914	0.003577520977987952	0.01863963812120597	-0.3651495046923346	0.01552140928830666	0.008256586231398411	0.3120748496171882	-0.1215613174334042	-40.47790242924092	-3.990752449015182	1.616952136116407	-6.65316114439363	-693.4355109551168	73.10813768853208	0.9296447968147932	0.7804558913225803	0.2826384895124912	-2.967740249916243	-0.07352558346313218	-0.4266835132152064	2.329812345115516	-2.964177749449524	-2.964177749447255	0.7301254465302656	0.01812116709209795	-1.136309824742362	-0.5292623444628428	4.821010866436628e-08	2.383969805093843e-07	1.64756589280847e-06	1.20307294425996e-06	-3.133790383206492e-07	-9.19334838079903e-08	1.773225874764694e-06
0.6	-0.2121329499434572	-0.01241546889905532	0.7141294043892058	1.22502462861234	-0.2285590376192998	-0.08978180137457034	-0.7235191593939707	1.259554941327447	1.259554941327451	-0.1072875549055357	0.1745202672292453	0.3524604306160711	0.153225721946516	-0.3635442190176779	-0.1455957661191561	-0.6284487551965534	1.958647021020484	-0.05459492815195024	0.2072656291440581	-0.5020185911047592	1.949220263600009	1.949220263600016	-0.3448829305806573	-0.0001449995730460597	0.4371302560782839	0.09765644892384487	-0.2873916361953223	0.003853074736606311	0.0185440673766268	-0.3714303526474072	0.01472428508050326	0.008411655147644892	0.317672331416443	-0.05061996596505458	-41.11863033220848	-4.128286267446299	1.744757938632665	-6.39727910565883	-699.2160917420294	73.63874133000925	0.9599158299842876	0.7724944490540763	0.3701503443908209	-3.116429521595699	-0.0502233039615429	-0.3475990005556021	2.332444194880036	-3.096282209032873	-3.096282209032867	0.7982456121402265	-0.03265726729225573	-1.15754381573665	-0.5123753887378242	3.407412452265194e-08	1.864924733926844e-07	1.230305209160323e-06	8.658117847657013e-07	-2.550139263776478e-07	-6.081902696176287e-08	1.343490783337858e-06
0.61	-0.2157201042440031	-0.01383300291584915	0.7078648000770662	1.244453210695092	-0.2291074885411042	-0.08772798839116111	-0.7284227609048625	1.278890013768239	1.278890013768244	-0.1106972799673369	0.1745182962437164	0.3567733740962178	0.1541763278875348	-0.3538460115673428	-0.137929657520992	-0.6243289560498516	1.926834981605219	-0.05507317951878468	0.2034887037342023	-0.478716440631114	1.91756868726499	1.91756868726499	-0.3370489670062815	-0.0002424269443498413	0.4254243021431635	0.0924694914259898	-0.29325871550198	0.004202083012638378	0.01836207793811893	-0.3776637026765894	0.01399280376472989	0.00845953537289504	0.3228714133873153	-0.04350007741291424	-41.73143186734112	-4.318129130879475	1.893062791384041	-6.082295013479857	-704.7020931420807	74.02269837438519	0.9808849265777142	0.7608320947779516	0.4543589846686906	-3.24873396693669	-0.04320311927540481	-0.3939859279697129	2.326891039992345	-3.233431041095607	-3.233431041096579	0.7780285258472983	0.002908395473901675	-1.182256484716379	-0.520912980846215	2.512181950810373e-08	1.515137536160317e-07	9.4075087033356e-07	6.368934542984796e-07	-2.150105718882768e-07	-3.888577006308656e-08	1.05257863962283e-06
0.62	-0.2192090541252443	-0.01517444324074506	0.7016456866133653	1.263556643820607	-0.2296600373898194	-0.08571219398522016	-0.7330937827977403	1.29790180330661	1.29790180330661	-0.1140282540342253	0.1745155897579649	0.360968230976551	0.1550752528434679	-0.3439033351562175	-0.1303770277395712	-0.6193505855088015	1.89361722957217	-0.05541451353485496	0.1996619136535751	-0.4555026675020444	1.884563683115604	1.884563683115597	-0.3291327316014662	-0.0002920996147045004	0.4135129361153747	0.08732025190664823	-0.299125794808609	0.004551091288638747	0.01818008849946764	-0.383897052705786	0.01326132244894317	0.008507415598089672	0.3280704953582148	-0.04344463467268887	-42.35026637220741	-4.506991241200637	2.038885613675804	-5.783875690827245	-710.2923123034612	74.42462458996684	1.008809622142421	0.7497986857054019	0.5418646232605023	-3.397572045152529	-0.02283983380884888	-0.3575719347100395	2.314768725964904	-3.36696777190611	-3.366967771906106	0.8146999782281623	-0.02310632710211815	-1.198626234270353	-0.5048317930353314	2.414440545842659e-08	1.425747066702213e-07	8.476678312320034e-07	5.746563992574704e-07	-2.03256075019876e-07	-3.107743616064292e-08	9.752402616182771e-07
0.63	-0.2225974869112953	-0.01644097562976563	0.6954805980203956	1.282321069353134	-0.2302152926831384	-0.08373454307593726	-0.7375331857611273	1.316576992216676	1.316576992216676	-0.1172793917921892	0.1745123728643888	0.3650430752947492	0.1559229701874289	-0.3337509309383433	-0.1229529554470335	-0.6135278090931683	1.859044556971795	-0.05561374813833883	0.1958728912598673	-0.43240657852209	1.850263272644357	1.850263272644347	-0.3210710742936002	-0.0003523874995313295	0.4014334244110078	0.08223576752633376	-0.3046096096515698	0.004814538216681294	0.01792970234871422	-0.38988394137115	0.01245706171454702	0.008576983120706774	0.3328689558317393	-0.04336388266636452	-42.96738901144874	-4.680999404992964	2.176473281855238	-5.414034142271728	-715.488083815355	74.80924866575045	1.023313675302379	0.7351465147479832	0.6233775120259316	-3.520596728288895	-0.01495977756849438	-0.3888791653288704	2.302730981999731	-3.493206329140832	-3.493206329141241	0.8055271322813722	0.002490565714876768	-1.215998785341613	-0.5081884124778736	2.331195358838411e-08	1.342697417562832e-07	7.638286754155754e-07	5.204315949666792e-07	-1.920664473897696e-07	-2.422466002163015e-08	9.050354275571179e-07
0.64	-0.2258834240844318	-0.01763398029311662	0.6893779158638444	1.300733071787502	-0.2307718392232793	-0.08179464474532588	-0.7417424874351163	1.334902851293148	1.334902851293146	-0.1204491872720241	0.1745085492089352	0.3689964474665398	0.1567202563571975	-0.3234042125727638	-0.1156714826056543	-0.6068692982250862	1.823132609939072	-0.05567276289983597	0.1921113979210461	-0.4094824096225733	1.814697716396835	1.814697716396822	-0.3128642759771148	-0.0004134519888346954	0.3892185068337688	0.07723401706807576	-0.3100934244944915	0.005077985144711762	0.01767931619793666	-0.3958708300365156	0.01165280098014084	0.008646550643299505	0.3376674163052997	-0.0432524072406773	-43.5919033165487	-4.854311127143714	2.311677221651257	-5.056730710613584	-720.8078747140075	75.21395420300669	1.047672451683568	0.7212787954737064	0.7090115137502855	-3.665426931622131	0.005204134588362657	-0.3520661237328644	2.280384709877356	-3.619996927161208	-3.619996927161208	0.8437281799520965	-0.0232616479971133	-1.225707408844773	-0.4882850086242521	2.272241131664836e-08	1.270272926795366e-07	6.954792699688223e-07	4.796327243654427e-07	-1.818233574022108e-07	-1.897308878350157e-08	8.467840995632665e-07
0.65	-0.2290650389763359	-0.01875493042981372	0.6833459454215274	1.318779418574536	-0.2313282663420705	-0.07989212373502765	-0.7457235205519309	1.352866880105084	1.352866880105086	-0.1235361356762344	0.1745040121459489	0.3728271022582335	0.1574680144227263	-0.3128941452824727	-0.1085465231806201	-0.5993898105669858	1.785922903315394	-0.05559104070475623	0.1883905863931474	-0.3867689688999842	1.777907968230217	1.777907968230208	-0.304506279330151	-0.0004920560698697389	0.3769000984857416	0.07233487645531865	-0.3151479546661761	0.005374270785288681	0.01735949359586127	-0.4015902413296759	0.01083667092178333	0.008665909310731884	0.3420268189962738	-0.04311680773740353	-44.19872005459609	-5.052309422775116	2.457645958649206	-4.635194276797338	-725.6857209215841	75.50586153311956	1.056379070198646	0.7038727087121817	0.7876612269058361	-3.780805160512592	0.01296879560739025	-0.382424244100732	2.260110479500255	-3.738479893633843	-3.738479893633195	0.8347543550334076	0.000251363225908437	-1.236766887966968	-0.4879821266864869	2.12775072255581e-08	1.185652314444221e-07	6.258071824126381e-07	4.33116715292893e-07	-1.707482987645931e-07	-1.362825537800228e-08	7.805826559324053e-07
0.66	-0.2321408121548407	-0.01980547733372152	0.6773928186228043	1.336447255768785	-0.2318832137321821	-0.07802687795535672	-0.7494787619163091	1.370457008208908	1.370457008208911	-0.1265389203243844	0.1744987712724342	0.3765342010984085	0.158167330374311	-0.3022358698923065	-0.101590836047796	-0.5911005695062415	1.747430691380845	-0.05537681716410343	0.1846563517939522	-0.3643240591353714	1.739917574774727	1.739917574774722	-0.2960315247645974	-0.0005542140955967225	0.364507316530302	0.06754559427915544	-0.3202024848378237	0.005670556425896014	0.01703967099380527	-0.4073096526228349	0.01002054086342714	0.008685267978216255	0.3463862216872811	-0.04295235996648275	-44.81365248546845	-5.249787971574105	2.601315989937795	-4.223807163061744	-730.69784535777	75.81791477362236	1.077314071658634	0.6874243370316752	0.8709621942790952	-3.921927993796517	0.03170440370283455	-0.3547507379923265	2.226678518282092	-3.860125984935719	-3.860125984935723	0.8670797636701034	-0.01997243693519668	-1.240582130327235	-0.4663133213056793	1.826851295050525e-08	1.078730222625776e-07	5.537164761420656e-07	3.761465101585136e-07	-1.581519260240105e-07	-8.112885437882266e-09	6.998438579938686e-07
0.67	-0.2351093772678528	-0.02078734828431949	0.671526572848582	1.353723909064497	-0.2324353493057571	-0.07619885348233393	-0.7530109936375551	1.387661388450427	1.38766138845043	-0.1294562364852378	0.1744928614986132	0.3801171175753867	0.1588193812044689	-0.2914603332452988	-0.09481459135319679	-0.5820188962039441	1.707695439584557	-0.05502949456014229	0.1809436764704962	-0.3421812312034309	1.70077006971679	1.700770069716782	-0.2874148435785266	-0.0006262247537388914	0.3520748452284797	0.0628878022158066	-0.3247961196934267	0.005927429488392338	0.01665826184871715	-0.4127544785920084	0.009233895415398896	0.008692599789535599	0.3502892448636653	-0.04276473612428931	-45.39079458502525	-5.446338078872729	2.745368391485993	-3.775894578037718	-735.23242304467	76.06917962168512	1.080205432638164	0.668008992637914	0.9462223811472991	-4.029992201661901	0.03941671454936302	-0.3802602298905121	2.199243017187858	-3.970326590524128	-3.970326590524471	0.8615286136988439	-0.0004921225885162043	-1.244753525421633	-0.4619095073839198	1.455783620741125e-08	9.613213844381513e-08	4.802223776429962e-07	3.151915951376036e-07	-1.44748883951332e-07	-2.3830198279876e-09	6.113266092358554e-07
0.68	-0.2379696806201149	-0.02170239989657852	0.6657550343039709	1.370597076156429	-0.232983377548131	-0.07440810262260555	-0.7563235654621731	1.404468640876506	1.404468640876503	-0.1322868725707104	0.1744862962697465	0.3835756745602824	0.1594255746422868	-0.2805835177416336	-0.08822696838001107	-0.5721591235839458	1.666733450623595	-0.05455535092392985	0.1772016291323095	-0.3203920798099753	1.660492011686794	1.660492011686784	-0.278695509687531	-0.0006853051052731123	0.3396354181141801	0.0583741158110792	-0.3293897545489813	0.006184302550930641	0.01627685270364839	-0.4181993045611805	0.008447249967373291	0.008699931600928138	0.3541922680400935	-0.04254502202481763	-45.97652733595395	-5.642263754602995	2.886890674581599	-3.336155465704063	-739.9086644599998	76.34146247522017	1.097569842990162	0.649699992748985	1.026582057819294	-4.167275426731643	0.05706861015296287	-0.3606251409385863	2.155943210585154	-4.08623657934737	-4.08623657934737	0.8876103046551025	-0.01738637561332788	-1.241973292822689	-0.4374921895815887	9.443794528234961e-09	8.22939053512165e-08	4.039214946869331e-07	2.462672603436329e-07	-1.297325032144616e-07	3.775837121456348e-09	5.072524588388903e-07
0.6899999999999999	-0.2407208074223942	-0.02255255284862661	0.6600859178213048	1.387054628796342	-0.2335260274947897	-0.07265469855738789	-0.7594201200147355	1.420867611565636	1.420867611565635	-0.1350296215841503	0.1744790847984714	0.3869099011004621	0.1599874160330853	-0.2696315532133038	-0.08183816039822615	-0.5615405916936294	1.624581956685383	-0.05395519192073206	0.1734701118386786	-0.2989921912149944	1.619124841359046	1.619124841359047	-0.2698407995891924	-0.0007546461964024686	0.3272180255604158	0.05402167632325632	-0.3335221068593108	0.006447828120005863	0.01583557567219891	-0.4233089538387949	0.007649894031528465	0.008680196364283001	0.3576351031684954	-0.0423222557275851	-46.53705156571994	-5.847954114519293	3.032736997718986	-2.843103666722148	-744.0748899788439	76.52025982182849	1.095558256496826	0.6282665620104204	1.098027544215285	-4.268347805802359	0.06443531713902932	-0.3807842854310678	2.12100760705097	-4.188551162703593	-4.18855116270195	0.8864518792070679	-0.001296876267859342	-1.240403919997287	-0.4299150927208005	3.716805797717562e-09	6.772754228414614e-08	3.273994797183156e-07	1.74609355525772e-07	-1.14301868360882e-07	1.018987259225866e-08	3.969248457554998e-07
0.7	-0.2433621048796449	-0.02333985864863324	0.6545266944154573	1.403084814211194	-0.2340620866970683	-0.07093888351747288	-0.7623048764967276	1.436847591770846	1.436847591770843	-0.1376834133932557	0.1744712621361927	0.3901201973784346	0.1605065739761383	-0.2586176487352718	-0.07565753797171958	-0.5501805082202038	1.581260005609723	-0.05323720204810401	0.1696838240708183	-0.2780324656961562	1.576693914902696	1.576693914902706	-0.2609040688195052	-0.0008075433037395619	0.3148493656728912	0.04983742626190725	-0.3376544591695839	0.006711353689098007	0.01539429864080055	-0.428418603116404	0.006852538095678014	0.008660461127663759	0.3610779382969491	-0.04210640442161862	-47.10648853537504	-6.052990108729025	3.175949632148816	-2.356333382976251	-748.3873235795634	76.72070103269709	1.109957832930638	0.6080628816933321	1.174892374441115	-4.401366854221565	0.08063478403890811	-0.3715792357845572	2.067910595356631	-4.29898780506791	-4.298987805067918	0.9040144389248456	-0.01409757885463641	-1.232226759574718	-0.4038543042869898	-3.354711948645056e-09	5.156399088597594e-08	2.503924009802213e-07	9.695523259098839e-08	-9.796254705774591e-08	1.716365449700858e-08	2.728799596825274e-07
0.71	-0.2458930353104861	-0.02406643161350079	0.6490847068817152	1.418676061632978	-0.2345903823045523	-0.0692609361895672	-0.7649823397132357	1.452398095067421	1.452398095067422	-0.1402471848771998	0.1744628895832577	0.3932071309491223	0.160984771626196	-0.247563485131909	-0.06969474797401895	-0.5381003642209464	1.536804343359752	-0.05240454117208983	0.1658928418465933	-0.2575471148864618	1.533240697809886	1.533240697809886	-0.2518391600560223	-0.0008626982213246522	0.3025528176032697	0.04583170635957804	-0.3413331290321071	0.006975029116150604	0.01489908258391023	-0.433144013543251	0.006001259035793867	0.008626774997784994	0.3640665982690088	-0.04190151593145454	-47.66204257414268	-6.261516424129152	3.319560865980874	-1.804801527340045	-752.1676615785741	76.83522747182838	1.103888803824098	0.5847158311374546	1.242074977687094	-4.495434423425699	0.0871949817407771	-0.3847927861131268	2.0258067315965	-4.39339398079167	-4.393393980793308	0.90940941880764	-0.0005656019779614499	-1.226049427717011	-0.3944554787519776	-1.055762932347717e-08	3.540985550709253e-08	1.74856304639659e-07	2.042208464466833e-08	-8.174268105235091e-08	2.422508827056429e-08	1.475306913576086e-07
0.72	-0.24831327546934	-0.02473451092392536	0.6437670207009691	1.43381719872966	-0.2351098286548041	-0.06762128569797925	-0.7674575575400819	1.467509085129188	1.467509085129188	-0.14271997120876	0.1744540972503748	0.3961715629197016	0.1614238071481214	-0.2364795943371416	-0.0639588070831227	-0.5253202376209206	1.491237940588155	-0.05146735060174821	0.1620244568075023	-0.2375833877639397	1.488791267940907	1.488791267940895	-0.2427070383426378	-0.0008914992896150986	0.2903490456512018	0.04200500063540674	-0.3450117988945892	0.007238704543202055	0.01440386652702869	-0.4378694239700973	0.005149979975901509	0.008593088867900289	0.367055258241106	-0.04170350579571987	-48.22664149187375	-6.46927897946729	3.460369387908244	-1.257426225371058	-756.095638893868	76.97224111752101	1.115903271211592	0.5626930603324773	1.314888894594749	-4.623514958546601	0.1015407229043157	-0.3870597987578107	1.963585857922168	-4.498230360301861	-4.498230360301868	0.9174570289051663	-0.008826808995516052	-1.213671536063966	-0.3680514686555386	-1.807771821530465e-08	1.927844845062555e-08	1.028708554655529e-07	-5.340526160536037e-08	-6.581115542081366e-08	3.149809552054777e-08	1.903291414868135e-08
0.73	-0.2506226158516753	-0.02534637767897716	0.6385805603009999	1.44849724275746	-0.2356193845889821	-0.06602042863792093	-0.7697358375668772	1.482170747581614	1.482170747581617	-0.1451008514644472	0.1744450480004897	0.3990145147766044	0.161825519886831	-0.2253892465521156	-0.05845339861471647	-0.5118624420681439	1.444594863092536	-0.05042876693140083	0.1581300080319084	-0.21817222727799	1.443386473342533	1.443386473342521	-0.233461208291496	-0.0009126361077423802	0.2782654878427583	0.0383693327557672	-0.3481806032027233	0.007459544298097856	0.01387496893456106	-0.4422940412514814	0.004411640863922804	0.008546922510083661	0.3695662107168241	-0.04151484703078163	-48.72148138833227	-6.67071926000326	3.60070863049557	-0.7129864097899214	-759.4865553342419	77.05192827425073	1.105481415179469	0.538625692121531	1.377642288853615	-4.711107528929273	0.1072638801058475	-0.3932013788009462	1.914939691458409	-4.584811680486803	-4.584811680486781	0.9293334579232498	0.00207859112242311	-1.202074006894319	-0.3565617831604272	-2.58623596068962e-08	2.954723286083472e-09	3.169714115230487e-08	-1.275202893095491e-07	-4.98589330459236e-08	3.890376079876068e-08	-1.120902769978755e-07
0.74	-0.2528210765795579	-0.02590435815893935	0.6335319613372052	1.462705575333541	-0.2361181053482553	-0.06445902885798377	-0.7718229942793063	1.49637372055388	1.496373720553877	-0.1473890359266762	0.1744359545242783	0.4017373558346904	0.1621918284796359	-0.2143036634458306	-0.05318155206520318	-0.4977479503859795	1.396895650242538	-0.04930031562081529	0.1541330007826858	-0.1993587248909569	1.397053371908894	1.397053371908881	-0.2241678796521765	-0.0009003445521263802	0.2663268858879228	0.03492417145444068	-0.3513494075108008	0.007680384053000272	0.01334607134204276	-0.4467186585328706	0.003673301751935294	0.008500756152275772	0.3720771631925945	-0.04133299676745418	-49.22537760456434	-6.871183944426422	3.737966946697266	-0.1714687995651208	-763.0253350950176	77.15511557751941	1.114950335463408	0.5159806765539138	1.446228120472273	-4.834742029422354	0.1195142509518782	-0.4075714934836346	1.844054238138859	-4.683891727354865	-4.683891727354879	0.9269567465406876	-0.002141134246714656	-1.184680365342338	-0.3299501529930316	-3.435247433119197e-08	-1.388185016665889e-08	-3.731194686532192e-08	-2.024024675581644e-07	-3.385151935542607e-08	4.666318081891877e-08	-2.502145719781113e-07
0.75	-0.254908756667045	-0.02641081197280219	0.6286277091768514	1.476431760025133	-0.2366050902214593	-0.06293779152348283	-0.7737251064397055	1.510108865921733	1.510108865921734	-0.1495837635771416	0.1744270492506828	0.4043415863482895	0.1625246759218015	-0.2032358902883032	-0.04815041942808022	-0.4830011710347626	1.348175900242722	-0.04808329622801088	0.1500940401315248	-0.1811761318261603	1.349832253648772	1.349832253648773	-0.2147735596196942	-0.0008745463536688465	0.2545474627160236	0.03167797120618117	-0.3540683265291133	0.007920807087852148	0.01278457491943426	-0.4507261247933921	0.002881547923920818	0.008437893004666623	0.3741460332855601	-0.04116119397112628	-49.71389198044263	-7.076175220094019	3.875910717952965	0.4310087511784409	-766.0113101135818	77.16607351354315	1.102150839482412	0.4904938719826731	1.504109932590383	-4.915407923731506	0.1247668895332465	-0.4051520236445066	1.788498144998184	-4.762730937537751	-4.762730937535825	0.9462999233950162	0.005802372160483429	-1.17033683628038	-0.3171014320849603	-4.264303370964203e-08	-3.019644092722141e-08	-1.035658474971568e-07	-2.741667658699278e-07	-1.835788947782232e-08	5.42711566851913e-08	-3.852674864437972e-07
0.76	-0.256885867016244	-0.0268681915973554	0.6238739662280385	1.489665783929045	-0.2370795106795176	-0.06145756253002743	-0.7754487654085849	1.523367498294545	1.523367498294538	-0.151684421968924	0.1744185743741178	0.4068288699215353	0.162826032067216	-0.19218971578737	-0.04336671420327725	-0.4676461080777751	1.298463492704101	-0.04678743259166515	0.1459313325718788	-0.1636680865874374	1.30175077290077	1.301750772900783	-0.2053540279154957	-0.0008142651444809593	0.2429374978174569	0.02862591210422544	-0.3567872455473506	0.008161230122721519	0.01222307849680825	-0.4547335910539154	0.002089794095897005	0.008375029857084706	0.3762149033785955	-0.04099627181910506	-50.21132981669791	-7.28006374501456	4.010634458100553	1.032457074065441	-769.1422048667323	77.20124070708383	1.110630604144598	0.4664951940899453	1.567884841626385	-5.033273537183622	0.1352830996600867	-0.4323208751806905	1.709144672924093	-4.855964224931048	-4.855964224931055	0.9319990808839153	0.004755467899459402	-1.150788710675801	-0.2911219237323407	-5.034290926438875e-08	-4.496596291893161e-08	-1.616643934670476e-07	-3.367021395686092e-07	-4.385059686384237e-09	6.143085785596255e-08	-5.112291145864151e-07
0.77	-0.258752680173794	-0.02727897737689022	0.6192767315425556	1.50239784537979	-0.2375405737539394	-0.06001926489483018	-0.7770008013711914	1.536141157377885	1.536141157377887	-0.1536904825955103	0.17441077814244	0.4092009581685532	0.1630978823411319	-0.181179549287444	-0.03883219819693987	-0.4517078230509348	1.247794030239072	-0.0454135289652131	0.1417045139749557	-0.1468628501842888	1.252849238343861	1.25284923834387	-0.1958580110297784	-0.0007392077674581428	0.2315130904102475	0.02577772336555281	-0.3590179483478294	0.008363962235747703	0.01165036457210161	-0.4584042910498319	0.001384877758457716	0.008308686140453107	0.377832974274031	-0.04084000440765254	-50.64580862988383	-7.472620910876324	4.14147359754884	1.633409961744571	-771.7279884142074	77.1877545021034	1.095200629287259	0.4406675983114694	1.620764613846658	-5.107010476155216	0.1401429240638025	-0.4214508871597044	1.647651486409839	-4.927007633779564	-4.927007633780038	0.9584344985673745	0.009649315419363164	-1.133326661020603	-0.2767078879981705	-5.785111281951852e-08	-5.927967225132575e-08	-2.175194736245362e-07	-3.967662714109225e-07	9.150984033805871e-09	6.841331795324478e-08	-6.342473682183711e-07
0.78	-0.2605095934750759	-0.02764567043748037	0.6148416725634677	1.514618566630889	-0.2379875580061134	-0.05862395315263059	-0.7783884972972859	1.548421849203114	1.54842184920312	-0.155601576752011	0.1744038861730928	0.4114597903604419	0.1633422426198484	-0.1702097445326887	-0.03454817041434218	-0.4352109667987357	1.196195452774343	-0.04397166814172065	0.1373341539695724	-0.1308000792851549	1.203157321278601	1.203157321278607	-0.1863607338979956	-0.0006334126778194838	0.2202862867919543	0.02312791306434979	-0.3612486511482758	0.008566694348796771	0.01107765064736523	-0.4620749910457519	0.0006799614210180027	0.008242342423863175	0.3794510451694962	-0.04069066841978664	-51.08899515800638	-7.663840162480816	4.26882961709614	2.234516815137899	-774.4550598603685	77.19936050820372	1.102558255110432	0.4163975493420384	1.679599086698146	-5.219096537123373	0.148874539068125	-0.4610291568727478	1.56065157212113	-5.014040726601299	-5.014040726601304	0.9322511300969986	0.01090301042269286	-1.111267952892496	-0.2514462362384517	-6.472596541939228e-08	-7.208721801380609e-08	-2.65961362401913e-07	-4.48664560597411e-07	2.124373464900271e-08	7.481011189465019e-08	-7.475396886846623e-07
0.79	-0.2621570361628995	-0.02797078300842145	0.6105742892364615	1.526318774541064	-0.2384197744524412	-0.05727273962771733	-0.7796193703777257	1.560201808404109	1.560201808404114	-0.1574174103396018	0.1743981147254055	0.4136073703611401	0.1635611336775102	-0.1592857583805714	-0.0305167942166303	-0.4181813056453612	1.143702059569964	-0.0424613756920062	0.1328822613886846	-0.1155099573433501	1.152714301939763	1.152714301939757	-0.1768097254139664	-0.0005159776032434378	0.2092641986582197	0.02068358105560869	-0.3630275275316062	0.008765565241248059	0.01050321754214044	-0.4653706176551716	3.92587780451791e-06	0.008167303609504432	0.3806479677577046	-0.04055007006106499	-51.48916619477916	-7.849880469582387	4.393734090114445	2.856263983347575	-776.641964310396	77.14660213776942	1.08625608357893	0.390146242938344	1.727324543242778	-5.286087893708713	0.1535817197093909	-0.4412548561074042	1.492879424076198	-5.077451056120642	-5.077451056122388	0.9659862543675138	0.01277130230299847	-1.092507669175475	-0.2360393991523242	-7.123036110318096e-08	-8.419285149858108e-08	-3.115304934728009e-07	-4.970995269751247e-07	3.272584028925807e-08	8.088399034438283e-08	-8.55396182288443e-07
0.8	-0.2636954515315446	-0.02825685409979476	0.6064797375037064	1.53748972308288	-0.2388365929499164	-0.05596684213807927	-0.7807014048549724	1.571473733707997	1.57147373370799	-0.1591378417329872	0.1743936391377282	0.4156457637953869	0.1637565588718924	-0.1484042806957878	-0.02673987450078834	-0.4006446479485514	1.090343579101053	-0.04089207837084079	0.1282709469113759	-0.1010323586469017	1.101550541857099	1.101550541857081	-0.1672802950574759	-0.0003742406755614757	0.1984489735020235	0.01843474040846045	-0.3648064039148831	0.008964436133723639	0.009928784436853732	-0.4686662442645974	-0.0006721096654128615	0.008092264795189309	0.3818448903459631	-0.04041662785111212	-51.89775492391907	-8.034415586845258	4.514995605261475	3.479554948937891	-778.9648799502888	77.11951005454983	1.094056561643658	0.3655062529680884	1.780998395385207	-5.392113990029686	0.1606755133582926	-0.4929135361569425	1.398146923049863	-5.158188875366561	-5.158188875366573	0.9279355045892309	0.01576338104390485	-1.069895357384762	-0.2123479639198849	-7.635877395579649e-08	-9.369138223759339e-08	-3.464293816338731e-07	-5.326707229202471e-07	4.193983602258805e-08	8.575846839647384e-08	-9.430624618314721e-07
0.8100000000000001	-0.2651252882940303	-0.02850642525559065	0.60256299924669	1.548122888696252	-0.2392374128854909	-0.05470755999381658	-0.7816428040546521	1.582230554166401	1.582230554166405	-0.1607628346264089	0.1743906243170014	0.4175770568655971	0.1639305059724459	-0.137570130442546	-0.02321645394202757	-0.382627455413138	1.036157218261767	-0.03926310595666357	0.1235559571388997	-0.08739320494709159	1.049705215490635	1.049705215490635	-0.1577266730985664	-0.0002247199049343441	0.1878445772381664	0.01638682375134713	-0.3661251795841913	0.00912994649113741	0.009369345032746652	-0.4716295863621178	-0.001251324718703833	0.008017854636680312	0.3826293322685189	-0.0402912469798536	-52.24039150963166	-8.204077293193331	4.630399257556937	4.090837580133621	-780.7597088864674	77.05528861755178	1.077014694188843	0.3394552419928997	1.823429828370865	-5.451765534740785	0.1652585777208171	-0.4652661862318392	1.324941044692439	-5.213938566656324	-5.21393856665355	0.9678425247143267	0.01499841039697651	-1.050473005102611	-0.1963163403077088	-8.111503066753589e-08	-1.025364943525918e-07	-3.788564610979442e-07	-5.65216685156245e-07	5.060164974932888e-08	9.028056521462946e-08	-1.025325957507623e-06
0.82	-0.2664469994665852	-0.02872202314886624	0.5988287029441779	1.558210217020463	-0.2396216930024708	-0.0534963226449566	-0.7824521834270827	1.592465674551267	1.592465674551275	-0.162292537903613	0.1743891951010371	0.4194033537243249	0.1640849133416878	-0.1267791627083238	-0.01994522199672659	-0.364156257047662	0.9811761212679815	-0.03758411465154544	0.1186619878288697	-0.07462839319744576	0.9972105271493703	0.9972105271493885	-0.1482223718127573	-5.71197213242735e-05	0.1774497312056523	0.01452679414621593	-0.3674439552534491	0.009295456848557138	0.008809905628635399	-0.4745929284596394	-0.00183053977200363	0.007943444478178151	0.3834137741911212	-0.04017053480756078	-52.5911188927194	-8.372040318446716	4.741973389394707	4.704776437038806	-782.6848398590744	77.01724555475896	1.085420057839706	0.3150685302761704	1.871799561397713	-5.551061220929469	0.1706792915464711	-0.5287094436677084	1.223278533017011	-5.288061270326686	-5.288061270326695	0.9180713699691391	0.01937926364048783	-1.027985311116078	-0.1747705535234356	-8.430431415453366e-08	-1.086303701559527e-07	-4.008759249956948e-07	-5.850248212485613e-07	5.693848660622066e-08	9.33189515741098e-08	-1.084840889533763e-06
0.83	-0.2676610128690673	-0.02890616296315564	0.595281300513526	1.56774388021732	-0.2399889191485745	-0.05233463733784412	-0.7831383717718209	1.602172735268162	1.602172735268159	-0.1637272084532159	0.1743894603197657	0.4211267463380122	0.1642216869340692	-0.1160280844753121	-0.01692412306064251	-0.3452575618863246	0.925435516575363	-0.03585350448110775	0.1136433879140864	-0.06276585131645643	0.9441053520009717	0.9441053520009789	-0.138724076940749	0.0001128543011917607	0.167261955775725	0.01285801847000186	-0.3683263879633118	0.009437779858192353	0.008277452040595844	-0.4772234993977203	-0.002319751247266027	0.007869462749508968	0.3838115138785201	-0.04005511393062635	-52.87892281705648	-8.52554410108195	4.847523776040389	5.305713404050208	-784.0959419356072	76.94315960175209	1.069244167360128	0.2894356829113771	1.908923740102358	-5.603731722729381	0.1753192122850997	-0.493235504689865	1.144255680702035	-5.336167882206154	-5.336167882207777	0.9638862579461193	0.01604884618990583	-1.009201208518419	-0.1585529301792864	-8.710498820945107e-08	-1.140804062454082e-07	-4.205449974499901e-07	-6.019484664368627e-07	6.274645557812057e-08	9.598103753933575e-08	-1.138630874343122e-06
0.84	-0.2687676569969618	-0.02906133076655672	0.5919248888838077	1.576716503041375	-0.2403386257264803	-0.05122409807773231	-0.7837106319647369	1.611345859784551	1.611345859784548	-0.165067260511688	0.1743914737536339	0.4227492556874829	0.1643426483985862	-0.1053053077891704	-0.0141508198190647	-0.3259580968609684	0.8689680467106934	-0.03408020101095374	0.1084327784270539	-0.05184276283297953	0.8904232870481832	0.8904232870481794	-0.1292986735835622	0.0002925233090066475	0.1572730783623038	0.01136436857344018	-0.3692088206732161	0.009580102867818774	0.007744998452584962	-0.4798540703358004	-0.002808962722524247	0.007795481020825195	0.3842092535658785	-0.03994478463305362	-53.17447168438238	-8.677203575951525	4.949124202037406	5.910472909348489	-785.6311110792951	76.89549158642139	1.079759748465632	0.2655093913749614	1.951953534201434	-5.696434255339742	0.1792179514897506	-0.5671113581175234	1.035387853514529	-5.403439231204659	-5.403439231204629	0.9034930670047984	0.02131826070022052	-0.988205707814764	-0.1397453975929066	-8.803119323903953e-08	-1.164248625383786e-07	-4.28876887647617e-07	-6.049586849116788e-07	6.600341475182399e-08	9.682802748521685e-08	-1.164806407871535e-06
0.85	-0.269767206730631	-0.02918999070644753	0.5887633874452051	1.585120946582099	-0.2406703709780787	-0.05016637648845583	-0.7841784288699487	1.619979407730935	1.619979407730928	-0.1663132206714637	0.1743952720923042	0.4242728496589058	0.1644495678897019	-0.09460636949172191	-0.01162112458500552	-0.3062844065094151	0.8118121014973494	-0.03226235160648596	0.1030777663828315	-0.04188252307403285	0.8362019669693955	0.8362019669694017	-0.1199096351486908	0.0004686520896211702	0.1474753362863601	0.01004660192435903	-0.3696652741809483	0.009688469043604707	0.007253065345164319	-0.4821835666597142	-0.003170107627782283	0.007725802083777439	0.3842420418083486	-0.03983975681066985	-53.39530042085029	-8.809896553283872	5.043115262564686	6.482100297230712	-786.6743110908908	76.82720464685632	1.064678219652858	0.2407198790564986	1.983763947522413	-5.741480616129472	0.1839688067780536	-0.5248088470006056	0.9514563073715412	-5.444110921668277	-5.444110921666749	0.954198207612755	0.01582169311871125	-0.9711178600722047	-0.1238707047114834	-8.861283320172671e-08	-1.182121190935723e-07	-4.353018248346186e-07	-6.05600241818489e-07	6.87924504130274e-08	9.733407451861382e-08	-1.18589199428926e-06
0.86	-0.2706598236114804	-0.02929454963607064	0.5858003603424959	1.592950569478323	-0.2409837576612659	-0.04916322756349403	-0.7845516005235101	1.62806821597144	1.628068215971433	-0.1674657726517347	0.1744008440200464	0.4256993543290514	0.1645440940330971	-0.08391873722353339	-0.00933061776552252	-0.2862632296822574	0.7540039178121011	-0.03040848732789995	0.09751824556156795	-0.03291771250361209	0.7814753458725074	0.7814753458725237	-0.1106170376784394	0.0006472411252905643	0.1378552181068954	0.008885699029455683	-0.3701217276886752	0.009796835219389963	0.006761132237796432	-0.4845130629836252	-0.003531252533042634	0.00765612314672639	0.3842748300508224	-0.0397405168653547	-53.62353438855227	-8.940624567744601	5.133067217900735	7.058664822107496	-787.8353885567929	76.78537154415714	1.077498542613578	0.2176717084597771	2.021450829322355	-5.826881949720604	0.1864209263134213	-0.6080131135257406	0.836302015809362	-5.504499434824738	-5.504499434824728	0.8842048740807802	0.02181031171112337	-0.9526809285188659	-0.1083726467572635	-8.726490878976675e-08	-1.16879057117217e-07	-4.310478251621175e-07	-5.929772939444661e-07	6.896111440423068e-08	9.593084124209965e-08	-1.178473876887127e-06
0.87	-0.2714455860413725	-0.02937738052715426	0.5830391919187875	1.600198977929786	-0.2412784062853595	-0.04821648412867838	-0.7848401897191527	1.635607368651635	1.635607368651622	-0.1685257247167914	0.1744081531567826	0.4270305118848945	0.164627815309684	-0.0732300692119211	-0.007273582961363587	-0.2659217481144791	0.6955815641645219	-0.02851533536442801	0.09179471094277264	-0.02497716506137182	0.7262839600853833	0.7262839600853891	-0.1013945344367468	0.0008139783598236811	0.1284010860511101	0.007882705351515463	-0.3701540490446262	0.009866494208664062	0.006320092963598326	-0.486552350879017	-0.003741704110347474	0.00759426341529379	0.3839507046851039	-0.03964666208167716	-53.76908038116601	-9.048716162149161	5.213970770188708	7.58906551533888	-788.5054494551487	76.73263626793798	1.065080450607087	0.1940298115572175	2.047821804659713	-5.8643646884325	0.1915770003145624	-0.5599271701634717	0.7463753429507723	-5.53712544401861	-5.537125444020141	0.9381299525382271	0.01385505164061448	-0.9380628701489154	-0.09277524385764228	-8.563307621220899e-08	-1.151262136174794e-07	-4.252882053577336e-07	-5.785371333653515e-07	6.881551463849503e-08	9.42182663242074e-08	-1.166816428308111e-06
0.88	-0.2721243558871229	-0.02944077898116355	0.5804829033075877	1.60686027232154	-0.241553960456032	-0.04732805674685885	-0.78505468459346	1.642592474015286	1.642592474015273	-0.169494080368805	0.1744170795903165	0.4282678714149715	0.1647022041463818	-0.06252022039342189	-0.005444130350654856	-0.2452872671805361	0.636581105870712	-0.02658959664292774	0.08585503495969232	-0.01809884823835319	0.6706658825637624	0.6706658825637577	-0.09229775506206098	0.000970700486994863	0.1190956129537026	0.007019211051773703	-0.3701863704005509	0.009936153197935801	0.005879053689540233	-0.4885916387743995	-0.003952155687659365	0.007532403683850584	0.3836265793194081	-0.03955947142279081	-53.92172001657967	-9.15476416124036	5.290795166030454	8.12560185179386	-789.2874984596306	76.70616361609684	1.081734703990886	0.1721552697697946	2.080050702555333	-5.942502878966748	0.1929382779191305	-0.6512413863827188	0.6238558919650805	-5.589837781724098	-5.589837781724095	0.8590601006793878	0.01980729023863185	-0.9229491368431977	-0.08047277111745649	-8.212308192377339e-08	-1.105963538861356e-07	-4.095683292962779e-07	-5.520754118140927e-07	6.659093924993262e-08	9.045927747104466e-08	-1.12711417348202e-06
0.89	-0.2726958900178698	-0.0294869926442475	0.5781343405441983	1.61292879848783	-0.2418100737854884	-0.04649992790696014	-0.7852057350740074	1.649019383041622	1.649019383041601	-0.1703719706890985	0.1744274678303586	0.4294128726224079	0.1647686704438211	-0.05177802323671683	-0.003833780874475365	-0.224384977462057	0.5770401555377538	-0.02462745814645774	0.07973407369399774	-0.01229322326149897	0.6146561828375918	0.6146561828375831	-0.08330520263472847	0.001103991320905688	0.1099234366054355	0.006295055015042021	-0.3698618000168481	0.009968351390117425	0.005499331746671661	-0.4903689135322994	-0.004008340874132734	0.007479742817115546	0.3830211870889765	-0.03947799753812632	-53.99410336924009	-9.237684539909141	5.358129869487712	8.600572792551226	-789.6453529343916	76.67759448899972	1.071728982855741	0.1502109181796434	2.101381735420811	-5.972506554400881	0.198629525698794	-0.59806166961169	0.5316194920213543	-5.61548124732889	-5.615481247329495	0.9156479626632227	0.009500815885116764	-0.9115329650725877	-0.0653596640055457	-7.839777261812491e-08	-1.056971818942766e-07	-3.927693527908563e-07	-5.242721189430877e-07	6.399415424792292e-08	8.649807372528702e-08	-1.084129087061786e-06
0.9	-0.2731597488247923	-0.02951815558624209	0.5759960134037789	1.618399392061976	-0.2420464101519503	-0.04573411631428724	-0.7853041885664691	1.654884406034844	1.65488440603484	-0.1711606764553893	0.1744390711459193	0.4304667158501096	0.1648285006520815	-0.04098515562619228	-0.002433986132781704	-0.2032401425865276	0.5169945874471764	-0.02263420404246794	0.07339158551034493	-0.007579450625612601	0.5582886759408036	0.5582886759407906	-0.07446084425126921	0.001213715591519312	0.1008640170070034	0.005691993216137573	-0.3695372296332244	0.01000054958230227	0.005119609803970243	-0.4921461882901882	-0.004064526060590938	0.007427081950390544	0.3824157948584691	-0.03940411802938972	-54.07329992944984	-9.318545777728199	5.421421263638634	9.082938756054583	-790.1096500546216	76.6748028781365	1.091868794754673	0.1300443228726931	2.128559733965397	-6.043426430490625	0.1991613994231434	-0.695546769974327	0.405485423771637	-5.661399215847661	-5.661399215847662	0.8294212919047131	0.01509397757905568	-0.9003977868760774	-0.05625392355186347	-7.294994317477348e-08	-9.784351181829533e-08	-3.673375727337066e-07	-4.857362555141146e-07	5.841969233833517e-08	8.091915083877029e-08	-1.01488134788842e-06
0.91	-0.2735153811903495	-0.02953635812326449	0.5740702469440415	1.623267195652774	-0.2422626298986626	-0.04503269873276577	-0.7853611480500596	1.660184111218109	1.6601841112181	-0.1718616129289439	0.1744515933375504	0.4314304387586704	0.1648829138606375	-0.03012659151538661	-0.001240157610847678	-0.1818828194927076	0.4565004483004499	-0.02060357312885461	0.06685487436735751	-0.004015101243146628	0.5016070453467766	0.5016070453467724	-0.06575638233041355	0.00128473103717812	0.09188906702985893	0.005207796341189032	-0.3686805219282175	0.009978269367102676	0.004809336813776807	-0.493692081466157	-0.003855442438201178	0.007383781101534495	0.381364900033005	-0.03933753105052115	-54.02894692673352	-9.368836147515861	5.474272845687436	9.49481356413059	-790.0270191160655	76.68247325921664	1.085041213434896	0.1090173365923832	2.143883246862119	-6.062277057892964	0.2058855891780746	-0.638324548246922	0.3015114228409836	-5.678328686506102	-5.678328686504706	0.8864944367540007	0.002081381278397232	-0.8947699750372489	-0.04203690257518869	-6.737795346748726e-08	-8.990467171024072e-08	-3.411680439726433e-07	-4.464649415837841e-07	5.294049034064387e-08	7.514999489099083e-08	-9.436318569117639e-07
0.92	-0.2737619897159745	-0.02954362933111974	0.5723589666451965	1.627528083971862	-0.2424583690058765	-0.04439776651500049	-0.785388543694281	1.664915643354368	1.664915643354369	-0.1724763976244171	0.1744646208942917	0.4323046668930755	0.1649329782338214	-0.01918038763691891	-0.0002477202993537099	-0.1603429104080384	0.3956115331085557	-0.01853807614133653	0.06009451275292878	-0.001666682766402897	0.444654066539709	0.4446540665397137	-0.05723048862643351	0.001314788611592118	0.08296506217656878	0.004822226141894657	-0.3678238142232426	0.009955989151931004	0.004499063823699901	-0.4952379746421193	-0.003646358815798677	0.007340480252734504	0.3803140052075104	-0.03927951298655472	-53.99121118726892	-9.417090594748553	5.52315053091784	9.91570300140711	-790.0463678405986	76.71531270680583	1.109396748286962	0.0897660807847564	2.165076932135235	-6.122381639524196	0.2061346142041463	-0.7402768642625354	0.162299242627564	-5.715668858455781	-5.715668858455793	0.7937076485295647	0.006902403329932151	-0.8902087621050336	-0.03652858842085605	-6.056436112085339e-08	-8.111413128145275e-08	-3.076210281724436e-07	-3.998391226398824e-07	4.84138874619169e-08	6.747850833058427e-08	-8.523648479022147e-07
0.9299999999999999	-0.2738987427661866	-0.02954187993254919	0.5708639240383798	1.631178229140164	-0.2426332784091083	-0.0438314758172229	-0.785397887742595	1.669076423805165	1.669076423805144	-0.1730067804535973	0.1744777125215423	0.4330899731193962	0.1649797115280082	-0.008158816616971012	0.0005742662048949225	-0.1386426975297533	0.3343635139695429	-0.01643903671910187	0.05312408610421663	-0.0003416766372722515	0.3874703211719207	0.3874703211719192	-0.048881589927555	0.001295473110203487	0.07411030357252676	0.00454183522961114	-0.3672169582226488	0.009935748793538099	0.004256972818760829	-0.4964455148812239	-0.00350123964065941	0.00730972885307402	0.3796022999986841	-0.03922270661909088	-53.96392843910654	-9.455544687813212	5.563406666019119	10.20110966032443	-790.0344717389808	76.72593703122023	1.100233879815117	0.07492370566971651	2.175942549456981	-6.134123638727696	0.2124611884501149	-0.681382360852514	0.09666882856416054	-5.724471896573741	-5.724471896574711	0.8501749264577293	-0.00765773082758887	-0.8809927834453933	-0.02126883969710978	-5.366833942659082e-08	-7.23267159884049e-08	-2.737420557913113e-07	-3.528277758653014e-07	4.407402158560828e-08	5.967422016776374e-08	-7.599762929604264e-07
0.9399999999999999	-0.2739249407860147	-0.02953260891485127	0.5695865733771019	1.634214271799492	-0.2427870629016872	-0.0433360807450397	-0.7853981633974483	1.672664417898156	1.672664417898157	-0.1734547355066471	0.1744903491530015	0.4337871550848957	0.1650241460136582	0.002930618441623691	0.001256603526119181	-0.1168045213002619	0.2727910313250016	-0.01431309400818756	0.04591538762842311	0.0001460307122067505	0.330096794978792	0.3300967949787836	-0.04074493339304262	0.001223789450636141	0.06534021001282093	0.004362464434733044	-0.36661010222228	0.009915508435150194	0.004014881813888921	-0.497653055120325	-0.003356120465475114	0.007278977453443795	0.3788905947896469	-0.03917515595694645	-53.94304737360031	-9.492130978000874	5.599950850275026	10.49657249707372	-790.1198821164651	76.76053379236372	1.122969556016165	0.06183624417996697	2.192669602376499	-6.187274340629964	0.2115152719401339	-0.7879312296787381	-0.005160513299392856	-5.753625023523868	-5.753625023524028	0.7512592156563306	-0.003571228305982451	-0.8732757532376032	-0.01632456493958271	-4.568896059206422e-08	-6.35803739079399e-08	-2.355002254893441e-07	-3.007494918875013e-07	4.218841345536875e-08	5.012453951607249e-08	-6.528474200520525e-07
0.95	-0.2738401648262545	-0.02951706174069853	0.5685282730347874	1.636633099093714	-0.2429194630570964	-0.04291390695783485	-0.7853964362681056	1.675677696183934	1.675677696183919	-0.173822313202701	0.174501999100244	0.4343971544422564	0.1650673198938375	0.01401061026069326	0.001844651631554583	-0.09483478765965256	0.210933674300594	-0.01216459925194249	0.03847984077100636	0.0001923360086690886	0.272524433975126	0.2725244339751189	-0.03280314638547094	0.001098934907965894	0.05668284757809645	0.004289591683792193	-0.3667996476185483	0.009957899299993328	0.003853568893501712	-0.4986361769137174	-0.003405576307086222	0.007237562949134196	0.3790899260357625	-0.03912810432075963	-54.00711830283125	-9.546987945375623	5.637997826116536	10.60763770970348	-790.6823894098129	76.7535822295666	1.098409633235033	0.0560702226362764	2.2022473818493	-6.191088904897892	0.2168375980514138	-0.7273136423628273	0.008322421977271333	-5.764198246499937	-5.764198246499716	0.810772286497095	-0.01810303117758565	-0.8584901019665511	-0.0002370345756842057	-3.766213075365417e-08	-5.459384410753089e-08	-1.969785040316161e-07	-2.482920561447315e-07	3.984497420965155e-08	4.060201185714016e-08	-5.447928580828382e-07
0.96	-0.273645009820628	-0.02949587785970951	0.5676902944562676	1.63843212831334	-0.2430303140608366	-0.04256727808489748	-0.7853944819868025	1.678114219538133	1.67811421953813	-0.1741114462600587	0.1745121684092993	0.4349212754525923	0.1651102713656253	0.02500642761505329	0.002383944893376262	-0.07274016854123258	0.1488314164140978	-0.010003263672309	0.03080640476999899	0.0001904961393997507	0.2147458086629798	0.2147458086629756	-0.0250560056503155	0.0009276618080926167	0.04816454060830885	0.004317982756681056	-0.3669891930149942	0.01000029016483433	0.003692255973120933	-0.4996192987071066	-0.003455032148660106	0.007196148444838965	0.3792892572817159	-0.03909080471462079	-54.07739591592719	-9.60023355735693	5.672705654285792	10.72847892106237	-791.3385232956628	76.76899567501292	1.106134663074118	0.05208527545730526	2.217646697938657	-6.236254513047752	0.2140834366178643	-0.8355090583967784	-0.01478954644980728	-5.794877885219896	-5.794877885219725	0.7123299611730993	-0.01285493974674238	-0.845464660250039	0.003928199826533456	-2.874322204223525e-08	-4.109178517217391e-08	-1.531948288455843e-07	-1.887065672205321e-07	2.889430999295335e-08	3.158996046207547e-08	-4.193353417698219e-07
0.97	-0.2733401962404906	-0.02946948865864215	0.5670737460291819	1.639609122180203	-0.2431194664753598	-0.04229864470234094	-0.7853927578767078	1.679972238207947	1.67997223820795	-0.1743242858924417	0.1745203224574681	0.4353609118419016	0.165154055407206	0.03595480261806295	0.002891458802396841	-0.05056281066551943	0.08654795654434237	-0.007824736448407709	0.02287231907044156	0.0001489562904225198	0.156855020319972	0.1568550203199706	-0.01756376892176408	0.0006921927884519586	0.03978535358482978	0.004456170953045845	-0.3668770432483667	0.009978622324859401	0.003596007020243653	-0.5001789627898211	-0.003393784719198036	0.007192521470083826	0.3792669155995372	-0.03905700376908208	-54.06897998830987	-9.612542736587475	5.688612222273282	10.74089124165037	-791.4585039304272	76.78997882863861	1.088960631389825	0.04972262631306399	2.218790834208757	-6.227306970293766	0.2200944794515456	-0.7795599589713088	0.0003583435134491048	-5.786611036879322	-5.786611036878988	0.7599006522804971	-0.03057352111192502	-0.8307536950815342	0.02133334653909484	-1.986561127729028e-08	-2.768389107922123e-08	-1.095445883754495e-07	-1.294263802358863e-07	1.806630903615509e-08	2.256438661261698e-08	-2.944176486779061e-07
0.98	-0.272925944567837	-0.02943809668294698	0.5666791732812176	1.640162698399107	-0.2431867621948121	-0.04211079250339825	-0.7853916102551545	1.681251262648723	1.681251262648709	-0.1744637571327696	0.1745257856878923	0.4357174347666327	0.165199735174149	0.0468940461200978	0.003384499818939229	-0.02834503271692308	0.02414788682042443	-0.005631924657501185	0.01465016804144162	7.519834684341106e-05	0.09894696285544147	0.09894696285544197	-0.0103823272498405	0.0003894982472440435	0.03154184769396513	0.00469712782931774	-0.3667648934816626	0.009956954484915438	0.003499758067157547	-0.5007386268725488	-0.003332537289740914	0.007188894495389359	0.379244573917431	-0.03903352430334324	-54.0667156117153	-9.623452650036413	5.701466737690334	10.76278531643425	-791.6708101321175	76.83195065168387	1.104308362879033	0.04919069696175477	2.225730712515322	-6.259576483880295	0.2169403500189203	-0.8931221242851746	-0.02123316537291706	-5.798331709524437	-5.798331709524442	0.6501709498476168	-0.02630004406026796	-0.8183284337269668	0.02448193580806499	-1.230953479951234e-08	-1.728927194320657e-08	-7.016425881402262e-08	-7.991585531695501e-08	1.116353239615597e-08	1.310609422255693e-08	-1.867742986612085e-07
0.99	-0.2724023486645424	-0.02940179372018026	0.5665069273277478	1.640091815747495	-0.2432320656819729	-0.04200629268168078	-0.7853912920109202	1.681951165557371	1.681951165557376	-0.1745326522161983	0.1745279258282487	0.4359920990135928	0.1652482648386264	0.05782372253442791	0.003879040096579042	-0.006102732251773353	-0.03833145125834058	-0.003428372213406375	0.006235162725231253	-1.023507936481297e-05	0.0410356237139644	0.0410356237139641	-0.003412916375982216	3.429228349089953e-05	0.02340304691484411	0.005015925387344812	-0.3663838425833023	0.00989878861596968	0.003499819410938102	-0.5012352166078011	-0.002947949360996362	0.007179271532266355	0.3790751113882028	-0.03901799376879758	-53.94156396843893	-9.614736435276836	5.710377680465132	10.64100899901421	-791.6492435048582	76.89562315214106	1.087084027097547	0.05002866384984166	2.223694320984216	-6.243169017449896	0.2221194652772229	-0.8178867591615013	-0.002001276157133568	-5.787233324414124	-5.787233324414156	0.7178937825734291	-0.04077579392952239	-0.8098490890357756	0.03663823647347815	-4.764808624654959e-09	-6.909593768709585e-09	-3.081324330021208e-08	-3.047674515261789e-08	4.270455057037941e-09	3.651970451859013e-09	-7.926386555574929e-08
1	-0.2717694986478457	-0.02936045676050015	0.5665571473004234	1.63939592840559	-0.2432553222899601	-0.04198638231789563	-0.7853917886694602	1.682072015413013	1.682072015413022	-0.174532339666371	0.1745263849247383	0.4361857366149464	0.1653001943928181	0.06874486880428386	0.004391299201617593	0.01614815251219586	-0.1008530512400929	-0.001222548822403126	-0.002267723545888527	-8.778230203308968e-05	-0.01686364774570485	-0.01686364774570629	0.003459199554614897	-0.0003467105361270061	0.01533651857447785	0.005377105772308098	-0.366002791684835	0.00984062274700697	0.003499880754601933	-0.501731806343065	-0.002563361432279948	0.007169648569100384	0.3789056488590699	-0.03901301123416454	-53.82252610461652	-9.60483735129179	5.716525799803794	10.52817195265791	-791.719205596279	76.97901725047052	1.102602333984087	0.05273446244159585	2.227447572279223	-6.268028864477771	0.217394539400602	-0.9106983152673634	-0.01965592466527349	-5.795918173162832	-5.795918173162906	0.6307119611950477	-0.0314594152332664	-0.8038739459758024	0.03295850119540962	1.667587863986319e-09	2.005870177054253e-09	5.664995547192495e-09	1.196371906148682e-08	-1.672090795732519e-09	-5.393628621349308e-09	1.522071024834012e-08
1.01	-0.2710274740086056	-0.02931385961118468	0.5668298844361486	1.638074701272549	-0.2432565674600115	-0.04205127628607439	-0.7853929964506637	1.681613945634347	1.681613945634371	-0.1744630318128731	0.1745210845309565	0.4362989273991252	0.1653557480759368	0.07965924739389796	0.004936016127895473	0.03839727664805036	-0.1633908690071662	0.0009688171250221176	-0.01066376236829182	-0.0001499537236388142	-0.07474725288806891	-0.07474725288807268	0.01045673182511402	-0.0007020428624485064	0.007299701988279526	0.005722359424448327	-0.3653489031394573	0.009734199151361899	0.003605366891936707	-0.5022229073156019	-0.001839437215926265	0.007155756675063922	0.3785863998515969	-0.03901732226147379	-53.57860019181538	-9.574030955557623	5.718319573301311	10.27925815892926	-791.5992710994058	77.09780301123489	1.085735902331304	0.05652159315911654	2.223342230454035	-6.246430443901496	0.2193099332865012	-0.7969574415562717	0.001075279486283136	-5.784125052719146	-5.784125052719413	0.7424254241798388	-0.03585623349843713	-0.8038757296677902	0.03363114163782533	8.099984352627596e-09	1.092133412281809e-08	4.214323439459708e-08	5.440418327559153e-08	-7.614636648502978e-09	-1.443922769455763e-08	1.097052860524295e-07
1.02	-0.2701763295273022	-0.02926157903551892	0.5673250522924754	1.636128141519635	-0.2432360385084147	-0.04219871079764408	-0.7853947113394459	1.680577131130667	1.680577131130692	-0.1743221183237579	0.1745125735955043	0.4363316919745752	0.1654144187644589	0.09056883721877405	0.005527984471677344	0.06063429663257087	-0.2259195752174001	0.003132275507380562	-0.01877583222387846	-0.0001892039294142495	-0.1326125927482691	-0.1326125927482743	0.01778032666372005	-0.0009888188754378598	-0.0007487231869541944	0.006000506853164798	-0.364695014593974	0.009627775555682908	0.003710853029234849	-0.5027140082881415	-0.001115512999602892	0.007141864780949976	0.3782671508442188	-0.03903206752965264	-53.34073356151694	-9.541957424822382	5.717251739034065	10.03856517905134	-791.5706600543065	77.2368387007661	1.101644581036308	0.06218474594253869	2.225026742012442	-6.266206553109938	0.2118130263871484	-0.8539045219042252	-0.01507168149690626	-5.792265116730014	-5.792265116729914	0.6959244748163174	-0.01774815256670011	-0.8061956637825918	0.01953725651063399	1.736107574720921e-08	2.556310664683851e-08	8.783038335537704e-08	1.148451185171309e-07	-2.078736670230225e-08	-2.388434712578389e-08	2.413019834884106e-07
1.03	-0.2692159956629213	-0.02920317934669235	0.5680423901890314	1.63355667534348	-0.2431940021290204	-0.04242588326055246	-0.7853966225135184	1.678961956163836	1.678961956163846	-0.1741064460514659	0.1745015538742036	0.4362836625931056	0.1654754316697332	0.1015083845542326	0.006156140891667677	0.08281743031520605	-0.2883389343827545	0.005273481952644576	-0.02661841814020829	-0.000180771886962482	-0.1903996510967006	-0.1903996510967038	0.02539188167792247	-0.001207356667531611	-0.008883378026070313	0.006184620308273491	-0.3640617690533976	0.009588099420301878	0.003856610611042279	-0.5024014364125972	-0.00112559397356168	0.007216321908491074	0.3779026649576354	-0.0390600297512244	-53.30469011384121	-9.483909836002304	5.685838188270926	10.06156620186955	-791.0616149367986	77.33108882325598	1.091683657877424	0.06375234295549589	2.212572102945867	-6.224585492998366	0.2150679465590346	-0.7433867580612118	0.01063950069224259	-5.76851915218722	-5.768519152187115	0.799423449377082	-0.02269192186039475	-0.8210324983173972	0.01527201977154192	2.665103137552492e-08	4.026331089104526e-08	1.336115007867017e-07	1.754697320344605e-07	-3.403387414590798e-08	-3.333354329535727e-08	3.732773760430846e-07
1.04	-0.2681459515555668	-0.02913837384308065	0.5689810825067249	1.630362058596702	-0.2431305949865872	-0.0427302718089265	-0.7853980815955723	1.676769592021863	1.676769592021873	-0.1738135277421147	0.1744885917091251	0.4361535002422957	0.1655377704355095	0.1125108858127486	0.006809147428702447	0.1049051808600913	-0.3505496893381333	0.007406428116435662	-0.03421904931909565	-9.878570142804675e-05	-0.2480504277766324	-0.2480504277766351	0.03322953407832974	-0.001377307632807756	-0.0171753170388338	0.006265678953802723	-0.3634285235129028	0.009548423284891279	0.004002368192891938	-0.502088864537047	-0.001135674947509343	0.007290779035981508	0.3775381790709789	-0.03909795424742549	-53.27474099152262	-9.424317636293386	5.651194838199459	10.09220846991566	-790.6455974582882	77.44720468087552	1.114235365647662	0.0671547693515249	2.205950114462468	-6.224485711114832	0.2101609700924446	-0.8055135744158493	-0.0003608528743158044	-5.765008783030066	-5.765008783030257	0.7411439520572964	-0.008030787202957636	-0.8376524985118881	-0.00107370540538261	3.56046848762397e-08	4.979772837310356e-08	1.763307610890718e-07	2.323654034070344e-07	-3.571823191994366e-08	-4.384903244628248e-08	4.947177905405626e-07
1.05	-0.2669659988235642	-0.02906674138717023	0.5701401547462399	1.626546642595682	-0.2430459377788045	-0.04310947635974498	-0.7853966472982837	1.674001333814338	1.67400133381433	-0.1734410640244987	0.1744742156455688	0.4359397238873368	0.1656003764088994	0.1234465270699181	0.007538907314986354	0.1268915152143255	-0.4124728442039764	0.009521000991827617	-0.04158321666607311	0.0005691191103021079	-0.3055858582272637	-0.3055858582272657	0.0413036841688458	-0.001488814428968843	-0.02559627333005798	0.006238127403865775	-0.3637960494063087	0.009599503491472088	0.004234570405004122	-0.5015880853021555	-0.001383464714717982	0.007341464542538678	0.3783080971585476	-0.03913642970329223	-53.35552486269044	-9.396046327833837	5.623382371353652	9.912163082524724	-790.8904377839617	77.50671127962832	1.078269925836969	0.0791137109903137	2.192301335514544	-6.167119559327296	0.2115388102029504	-0.6960505136230075	0.1278871985430601	-5.745515850831278	-5.745515850831175	0.8466041149018174	-0.01126573113476574	-0.8467636594528303	-0.006135442146016279	4.454782893546695e-08	5.917071501884476e-08	2.189543383561621e-07	2.891445453375847e-07	-3.704127251680534e-08	-5.439784325287493e-08	6.158289869737533e-07
1.06	-0.2656776813949703	-0.02898716590985268	0.5715185555772192	1.622113817208971	-0.2429402481694879	-0.04356115902377636	-0.7853830297407827	1.670658180167355	1.67065818016736	-0.1729866480905533	0.1744590134929845	0.4356412486764509	0.1656621989543172	0.1341838251304895	0.008397751710128947	0.1487708991529354	-0.4740315664701701	0.01161290842484197	-0.04871467196442697	0.002337865935820289	-0.3630295156679635	-0.3630295156679642	0.04961997735349604	-0.001542525437611828	-0.03411508822228747	0.00610899335960259	-0.3641635752998489	0.009650583698026578	0.004466772617264476	-0.5010873060672527	-0.00163125448190613	0.007392150049053622	0.379078015245992	-0.03918434698341736	-53.44256811185116	-9.365948752356436	5.591940473693521	9.73946663716819	-791.2318807642245	77.58981901582024	1.074566726327997	0.09297167112329729	2.1845600313376	-6.151599191184945	0.2056278816168132	-0.7589711646912186	0.2198075498790455	-5.74665418104381	-5.746654181043833	0.789572570884176	0.003528370300892396	-0.8572242187129114	-0.02139020427079953	5.281676655551808e-08	7.026829368790019e-08	2.585646406325047e-07	3.435533799739319e-07	-4.395378359445022e-08	-6.293060412195483e-08	7.282346779270757e-07
1.07	-0.264282827832347	-0.02889827948853742	0.5731151245851094	1.617067270114037	-0.2428137836663187	-0.04408305398084204	-0.7853461295214115	1.66674126102139	1.666741261021386	-0.1724479529541236	0.1744435807242655	0.4352571124321292	0.1657221721696692	0.1447668999714599	0.0094088097374691	0.1705159698009731	-0.5352114185035989	0.0136748701880019	-0.05562633856108089	0.005237655529716031	-0.4203180657651735	-0.4203180657651734	0.05815329674324177	-0.001536987391590439	-0.04272604637385013	0.005867294960637719	-0.364389487153615	0.009667722853904123	0.004771938031844774	-0.5002507467714346	-0.001776833151529451	0.007457786113256597	0.379788130913887	-0.03923486566734079	-53.46805546639294	-9.312147174306949	5.549371868265884	9.443512826329705	-791.2348987827189	77.66327928523243	1.04719540044922	0.1095541116069308	2.165426297557322	-6.091198244308741	0.2057604140900207	-0.6515373448560329	0.3543863000841598	-5.714530586530391	-5.714530586530342	0.8903244128093875	0.0002341424801569589	-0.8651123740410916	-0.02821892057852067	6.104984213093217e-08	8.145760597521703e-08	2.98014662324233e-07	3.978361344350555e-07	-5.116360693171127e-08	-7.135612829223085e-08	8.401773100782776e-07
1.08	-0.2627827400138252	-0.0287984062383356	0.5749283334426841	1.611410920491759	-0.2426668435274413	-0.0446729201914022	-0.7852743670788165	1.662252541341959	1.662252541341979	-0.1718229020659006	0.1744284368601399	0.434786450454157	0.1657791965484567	0.1552306763111343	0.01059511748744171	0.1920988690898109	-0.595992071932512	0.01570803556814854	-0.06230892266588093	0.009310310561174651	-0.4773896223612176	-0.4773896223612168	0.0668911277245846	-0.001484744516475015	-0.05142023495193825	0.005519226046907699	-0.3646153990075015	0.009684862009755421	0.005077103446642365	-0.4994141874756004	-0.001922411821135353	0.007523422177414536	0.3804982465816691	-0.0392941754992506	-53.49997108102536	-9.256315053006249	5.502874157210078	9.153791195542215	-791.3386574248564	77.76173602947834	1.050707026068774	0.1280216156498108	2.152125759497637	-6.071759470281803	0.1998686050140499	-0.7131546663205105	0.4543806373911584	-5.703255480810651	-5.703255480810662	0.8304748892036479	0.0128693361199141	-0.8738703040179921	-0.04266430722399336	6.839801202542341e-08	9.122089994298702e-08	3.315338166521305e-07	4.463054303454374e-07	-5.718646667574001e-08	-7.862706672407728e-08	9.359838015246892e-07
1.09	-0.2611785314083249	-0.02868576488126111	0.5769564783295138	1.605148888891966	-0.2424997374285635	-0.04532856679759623	-0.7851561658894211	1.657194299055672	1.657194299055655	-0.1711095542017949	0.1744140703136533	0.4342283241152731	0.1658321164492705	0.1655966748087477	0.0119652794620683	0.2134948972630568	-0.6563337523270066	0.01770845534834709	-0.06878286496545991	0.01451304223065239	-0.5342119810736591	-0.5342119810736582	0.07580886694230111	-0.001384085855394863	-0.06022843307900869	0.005042424854274495	-0.3644108396462832	0.009657544395901276	0.005460115071132241	-0.4983669715889803	-0.001832551842643554	0.007593638639435685	0.3808615735726532	-0.03936090532010307	-53.42413776125332	-9.17549065330989	5.44766697374545	8.78790321968196	-790.991062967328	77.86679095156975	1.027410050094709	0.1463195869486219	2.128042401665481	-6.003279605020621	0.1994794054502161	-0.6088456549289849	0.5806866678684502	-5.664713261279799	-5.664713261279888	0.9269568047744718	0.009473741707888181	-0.8878018861287204	-0.05342168426761192	7.567885213984443e-08	1.008756925168785e-07	3.6460170933278e-07	4.943323978878281e-07	-6.311901397245761e-08	-8.581015624104323e-08	1.030562543134867e-06
1.1	-0.2594710900601567	-0.02855846068472485	0.5791975237091612	1.598285859031985	-0.2423127569837094	-0.04604781915539507	-0.7849804439360856	1.651569235743297	1.651569235743284	-0.1703061222722184	0.1744008722758927	0.4335814143313014	0.1658796216063601	0.1758772248458401	0.01352768537979717	0.2346789676533814	-0.7161917239610057	0.01968290476564786	-0.07503007299113534	0.0208144633458212	-0.5907538275788586	-0.5907538275788582	0.08490794082877985	-0.001251042770086596	-0.06917692396916372	0.004436277302261323	-0.3642062802852538	0.009630226782036599	0.005843126695760819	-0.4973197557023492	-0.001742691864116459	0.007663855101451788	0.381224900563461	-0.03943557448180152	-53.35494283335158	-9.092512529010317	5.388328310656705	8.426991518292688	-790.7489817570249	77.99795782057882	1.033617333964574	0.166470404270283	2.109734202913394	-5.975017718182685	0.1946745324344053	-0.6678078115398527	0.6741185265291941	-5.647153039362331	-5.647153039362403	0.8667418229561523	0.01934622096572342	-0.9019288566349035	-0.06853357910012949	8.149900318568097e-08	1.082985872556433e-07	3.899212370853906e-07	5.336691114722977e-07	-6.713822217088715e-08	-9.124897849449055e-08	1.102006698172983e-06
1.11	-0.2576611975453362	-0.0284145392311185	0.5816492623931451	1.590826794578257	-0.2421061906395411	-0.04682857363485791	-0.7847363095583121	1.645380280874178	1.645380280874175	-0.1694109593636415	0.17438918757854	0.4328442408698395	0.1659203307091474	0.1860916927651617	0.01529186422813191	0.2556247566587754	-0.7755268233050442	0.02162554547153972	-0.08108492097463772	0.02818894669391557	-0.6469779035087218	-0.6469779035087257	0.09414997873979229	-0.001084116922714552	-0.07828766463809669	0.00367999788812937	-0.3636135064777005	0.009560394276467772	0.006295529833343194	-0.496010603537158	-0.001474448234242806	0.007740297569320566	0.38127315158806	-0.03951638174260613	-53.19610502003471	-8.986395452199902	5.319887766841178	7.998842243599575	-790.0554107525536	78.12500025452992	1.013945820300186	0.1866661798736768	2.080379957017196	-5.898583445965371	0.193405633509608	-0.5688924910672025	0.7955934112592495	-5.601166020152172	-5.601166020152834	0.9567015255344075	0.01579100378730507	-0.9201279775903116	-0.08287434335417383	8.71730853246591e-08	1.154982922108956e-07	4.144659283451973e-07	5.721367996609754e-07	-7.096609645948793e-08	-9.651337402158604e-08	1.171137394553893e-06
1.12	-0.2557494434914485	-0.02825192107807744	0.5843091347087158	1.582777213650399	-0.2418803285295495	-0.04766879043399597	-0.7844131343125859	1.63863085901569	1.638630859015697	-0.1684226227259151	0.1743792571870896	0.4320150637405731	0.1659527371736357	0.1962495326598552	0.01726702526674193	0.276305693970766	-0.8342950187871229	0.023542057931155	-0.08692253693060922	0.03662263693439625	-0.7028472254527404	-0.7028472254527484	0.1035426866652364	-0.000900181588775621	-0.08757765752974173	0.002775749642626417	-0.3630207326701209	0.009490561770909348	0.006747932971015191	-0.4947014513719585	-0.00120620460436939	0.007816740037206943	0.3813214026126848	-0.039604224782959	-53.04418134913571	-8.878063049468564	5.247180403997208	7.574679171723284	-789.4729263924823	78.27903276993391	1.022291729038904	0.2086668423253505	2.056763864232715	-5.861636945790729	0.1894488831790188	-0.6243614060337063	0.8859599050063356	-5.576202242193455	-5.576202242193455	0.8968758258425381	0.0227481182792511	-0.9377793011773177	-0.09812734537444463	9.102366767140243e-08	1.199067106634929e-07	4.292108424483541e-07	5.992157879670853e-07	-7.251618242569954e-08	-9.981391706813254e-08	1.212099126505001e-06
1.13	-0.2537363049566626	-0.02806847035314691	0.5871744048346241	1.574142884471889	-0.241635466751488	-0.048566510352282	-0.7840004664452701	1.631324641576839	1.631324641576836	-0.1673398149529947	0.1743712786904213	0.4310920263091828	0.1659752715655893	0.206374928905587	0.01946088410955496	0.2966955689740707	-0.8924654019593362	0.02542500314888741	-0.09258701544000243	0.0460763961061335	-0.7583244352949469	-0.7583244352949564	0.1130397084884309	-0.000696156655134257	-0.09706480189769931	0.001702513895477571	-0.3620158794934394	0.009380608864467838	0.007260950171301302	-0.4931019692415705	-0.000784425069097566	0.007897475792878948	0.3810186703593325	-0.03969768349242137	-52.8092671107718	-8.748866211790325	5.166042605268093	7.100338329576319	-788.4073229919701	78.41861937882533	1.007200615619963	0.2303952742809927	2.022164328846171	-5.778904013567998	0.1869992856659776	-0.5322753578335824	0.999902859590717	-5.522725326327829	-5.522725326328096	0.9792054227260661	0.01930503725243881	-0.9594246382025977	-0.1160709625447855	9.464631254411634e-08	1.239662183032583e-07	4.427307844069293e-07	6.248711887878737e-07	-7.37815448516125e-08	-1.028689785546104e-07	1.249539737902383e-06
1.14	-0.2516220050507663	-0.02786195106598426	0.5902419867126587	1.564930018459527	-0.2413719191323348	-0.04951983191252914	-0.7834882971989656	1.623465803045348	1.623465803045335	-0.1661614189494311	0.1743653555143539	0.4300730689073921	0.1659862437454387	0.2164818068825064	0.02188073771316453	0.3167680443960516	-0.9500023855568037	0.02727922615044664	-0.09804286532705013	0.05652291273120223	-0.8133714439808931	-0.8133714439809041	0.1226603327983562	-0.0004891174676678216	-0.1067616516095599	0.0004633072219495642	-0.3610110263167548	0.009270655958036493	0.007773967371627949	-0.4915024871111779	-0.0003626455338215001	0.007978211548571293	0.3807159381059848	-0.03979729324784631	-52.58159052381231	-8.617456518128419	5.080576502432176	6.629109349106145	-787.4589555953083	78.58578484131814	1.018588075276388	0.2538657944846693	1.993283947967974	-5.734957030841546	0.1837044399443285	-0.5826356815646122	1.084511395672548	-5.490162010941419	-5.490162010941427	0.9215963231887552	0.02335096904437597	-0.9797203699579192	-0.1313215306503613	9.626568661487474e-08	1.249216758415783e-07	4.451802842208125e-07	6.375142694090157e-07	-7.253471918689264e-08	-1.038227777981297e-07	1.256587589509524e-06
1.15	-0.2494066799579157	-0.02763008354951924	0.59350861561615	1.555145075972005	-0.2410900132027243	-0.05052693246275176	-0.7828668086844742	1.615058761008102	1.615058761008092	-0.164886449981785	0.1743615566174995	0.428956038183202	0.1659839012985008	0.2265822122519126	0.0245323746199045	0.3364958884339297	-1.006866857886961	0.02909578650570873	-0.103344634155474	0.06793226283616649	-0.867953059220528	-0.8679530592205293	0.1323501371457924	-0.0002730634911854803	-0.1166837110616496	-0.0009636023939967722	-0.35958326483574	0.009123523234926538	0.008337565325004509	-0.4895936813747641	0.0001919639215238438	0.008059633815510661	0.3800446652522427	-0.03990241386959616	-52.27739692953531	-8.468556528625825	4.987988033156768	6.120829623248363	-786.0130159441999	78.727507958144	1.005641245480639	0.2767398624673709	1.953236540411977	-5.644280990251179	0.1797849795036114	-0.4990013975523097	1.192767718095998	-5.429595199691855	-5.429595199690472	0.9951377340714865	0.02054778153665385	-1.00432809993449	-0.1530007582239233	9.758224068068632e-08	1.254079165040985e-07	4.459563451058469e-07	6.481903713953272e-07	-7.090814415963524e-08	-1.044589443770157e-07	1.259041186729767e-06
1.16	-0.2470903759158325	-0.02737051421924747	0.5969706633417627	1.544795071029938	-0.2407901110403303	-0.05158606148404712	-0.7821265024888939	1.606108416034615	1.606108416034613	-0.1635140899219671	0.1743598812943286	0.4277386109910692	0.1659663647391713	0.236677596729635	0.02742110047451512	0.3558518088203789	-1.063014876463059	0.03087847270842706	-0.1084485595467337	0.08028644894863739	-0.9220320312288565	-0.9220320312288482	0.1421385512352484	-6.44027312546759e-05	-0.1268409451977377	-0.002575515256219844	-0.3581555033547699	0.008976390511837929	0.008901163278359436	-0.4876848756383506	0.0007465733768857169	0.008141056082498399	0.3793733923984611	-0.04001291477724291	-51.98079705618615	-8.317498767081291	4.89107176216706	5.614899213257543	-784.6907931438758	78.89712565471515	1.017583896939583	0.3012835840588071	1.918899217682186	-5.591666280029584	0.1769296094355439	-0.5430669941317614	1.273478597173813	-5.389633364680162	-5.389633364680156	0.941318271592787	0.0218723257341378	-1.026755306757601	-0.1683221799057602	9.683419818284786e-08	1.226024124495478e-07	4.346428082883498e-07	6.446112259223159e-07	-6.660918370630928e-08	-1.030859730556519e-07	1.230437931586998e-06
1.17	-0.2446730905837339	-0.02708085762300101	0.6006243213325847	1.53388727088257	-0.2404725940014238	-0.05269555901675143	-0.781258062848089	1.59661990545026	1.596619905450272	-0.1620436565648319	0.1743603000150566	0.4264184006369718	0.1659317016854032	0.246780993666819	0.03055112664130087	0.3748089891298462	-1.118414271917697	0.03261771426873442	-0.113421198582946	0.09354872729342065	-0.9755741844569177	-0.9755741844569212	0.1519597206651774	0.0001439779117979682	-0.1372424870922949	-0.004391093650458569	-0.3562925300749161	0.008796119956141017	0.009502935646006419	-0.4854408281830336	0.001409821635129924	0.008219822829166919	0.3783105540971777	-0.04012856464669398	-51.61482631697465	-8.152302401138339	4.788308776944466	5.085419021272071	-782.8500767348464	79.02881890457191	1.006969819733342	0.3249861104104887	1.873487194104928	-5.49442157888864	0.1714164076041705	-0.4698444057166451	1.374689665100421	-5.32214022929584	-5.322140229297644	1.004221571552447	0.01986562834703614	-1.05305476742722	-0.1931352211769379	9.571747772721468e-08	1.192090968383773e-07	4.211704147382576e-07	6.384865005458535e-07	-6.183301156975672e-08	-1.013542271092434e-07	1.196288809950832e-06
1.18	-0.2421547208367398	-0.02675867596960264	0.6044654230778064	1.52242940770053	-0.2401378855512612	-0.05385387934926266	-0.7802525829814372	1.586598846548139	1.586598846548146	-0.1604746704548263	0.1743627114811696	0.4249929346366021	0.1658778909372934	0.2568944797090296	0.03392611190489832	0.3933405597003647	-1.173027483400642	0.03431675496007134	-0.1182131195131781	0.1076944941169994	-1.028541694782048	-1.028541694782064	0.1618491018094861	0.0003341463450864261	-0.1478920744517487	-0.006405054124447777	-0.3544295567949756	0.008615849400478843	0.01010470801359211	-0.4831967807277189	0.00207306989337027	0.008298589575899238	0.3772477157959778	-0.0402490555462675	-51.25682088711257	-7.985049260138541	4.68127517113684	4.557582009918071	-781.1396361195485	79.18844232536983	1.019601717944842	0.350275403421152	1.833777269892467	-5.434429485690774	0.1688894356414468	-0.506923372935685	1.450176292932839	-5.27470478409412	-5.274704784094117	0.9549606144688	0.01822988378132752	-1.076364399736905	-0.2079985958558772	9.259191451471428e-08	1.125123909003276e-07	3.950905485075744e-07	6.174596036905972e-07	-5.437086066569307e-08	-9.774954426922683e-08	1.13237786170836e-06
1.19	-0.2395351252422008	-0.02640151141906102	0.6084896239523027	1.510429438505726	-0.2397864341139641	-0.05505956207704719	-0.7791013671629773	1.57605109049237	1.57605109049238	-0.158806775206955	0.1743669922192681	0.4234597150946386	0.1658028717491094	0.2670274393017493	0.03754834629951079	0.4114199221201212	-1.226824394614646	0.03596486887935319	-0.1228956012639721	0.1226850711682658	-1.080901769088504	-1.080901769088509	0.1717380061012261	0.0005166851926954692	-0.1587936677006045	-0.008634626264105928	-0.3521209357331049	0.008406091409623461	0.01073121648343411	-0.4805945634627547	0.002820256136401007	0.008371329753891276	0.3757729791492052	-0.04037479918197037	-50.83703358832806	-7.807133396699206	4.569729171483409	4.020186444468094	-778.8936152474024	79.29785211134902	1.010584633776018	0.3744207093287128	1.783043168173392	-5.331007485506679	0.1615454126681787	-0.4446824033255457	1.543958650070132	-5.200514335527016	-5.200514335525519	1.007031873371957	0.01762311130477499	-1.103329118653406	-0.2356874227343003	8.904988390139992e-08	1.051308357481688e-07	3.663969379406711e-07	5.933432322604687e-07	-4.635186050495027e-08	-9.37565696341939e-08	1.062296778681653e-06
1.2	-0.236814111740968	-0.02600687987420415	0.6126922239390278	1.497895763089542	-0.2394187469289576	-0.05631122398775001	-0.7777961535262317	1.564982962577216	1.564982962577214	-0.1570397556087982	0.1743729697910568	0.4218162251539457	0.1657045066595858	0.277178061048093	0.04141951076794879	0.4290203821461362	-1.27976872767871	0.03756390450249519	-0.1274089561017299	0.1384940577733988	-1.132616066659189	-1.132616066659184	0.1816739718667795	0.0006735130824545702	-0.1699461541971983	-0.01107423439229466	-0.3498123146711759	0.00819633341880322	0.01135772495321349	-0.4779923461977937	0.003567442379433314	0.008444069931950252	0.37429824250249	-0.04050632490615685	-50.42557757659061	-7.627296841643151	4.45401655021236	3.483698476007622	-776.7842131281704	79.43497090930818	1.023134148669606	0.4000614181862626	1.737996791144154	-5.263913855702711	0.1590737764134836	-0.4730979903283937	1.613858203706107	-5.145549436939977	-5.145549436939983	0.9643729092315459	0.01308769221132221	-1.126543049284475	-0.2500057935619821	8.38324826255473e-08	9.484404001755392e-08	3.257803576406247e-07	5.554832356078878e-07	-3.590233563414754e-08	-8.825549441840782e-08	9.672972898540147e-07
1.21	-0.2339914821006936	-0.02557228939833771	0.617068346323757	1.484837000786717	-0.2390353622125343	-0.05760756061847003	-0.7763288976138998	1.553401018456708	1.553401018456705	-0.1551735035708956	0.1743804581662969	0.4200599585237368	0.1655806309379463	0.2873500003608705	0.04554019057024235	0.4461155490921832	-1.331830544498328	0.03910274904085621	-0.1318336639031637	0.1550827026504176	-1.183653333063619	-1.183653333063619	0.1915800346780246	0.000818067148442207	-0.1813475782192916	-0.01373766833076463	-0.3470445864030477	0.007959984739921374	0.01199464431278082	-0.475018020234777	0.004387344296795014	0.008506129825624393	0.37239073161912	-0.04064637422359609	-49.95572034667403	-7.440412482025244	4.33551216819935	2.945972520039048	-774.1242591005213	79.51005489491907	1.014562090484795	0.4243076786744964	1.681978559553307	-5.154320335693423	0.1498090065967946	-0.4234002320220725	1.700204323206553	-5.064916990647305	-5.064916990647986	1.004233454144153	0.01435500003290439	-1.153000656904005	-0.2799237709063379	7.821718081734187e-08	8.386724964955576e-08	2.823320720289569e-07	5.143591279649745e-07	-2.48755611447056e-08	-8.239624531469288e-08	8.663796796486548e-07
1.22	-0.2310670654137124	-0.02509524484096399	0.6216127607605902	1.47126221936758	-0.238636885207921	-0.05894739293857368	-0.7746919879140938	1.541312281322465	1.541312281322453	-0.1532080888074729	0.1743892352294493	0.4181884659376582	0.1654290385615385	0.2975354703897709	0.04991032706940629	0.4626787925669737	-1.382972550942028	0.04058236214118594	-0.1361080939834381	0.172424815267711	-1.233974669406158	-1.233974669406162	0.2015065169721943	0.0009312506640328504	-0.1929913453706736	-0.01661756534589787	-0.3442768581348885	0.00772363606107796	0.01263156367231904	-0.4720436942717607	0.00520724621416413	0.00856818971937319	0.370483220735781	-0.04079345502933393	-49.49452221870051	-7.251764836334677	4.212980580805931	2.408426872792703	-771.6065065070266	79.61240531556568	1.025840291894151	0.449952757560336	1.631612096892859	-5.079951780518918	0.1472274888072518	-0.4430424460964522	1.764551751760967	-5.002363424561687	-5.002363424561682	0.9684568058165122	0.00681358213186177	-1.175011675142208	-0.2932984088945924	7.126350533095721e-08	7.04008262223993e-08	2.276330349068337e-07	4.60541594069155e-07	-1.17093191926458e-08	-7.539012385537484e-08	7.454399237294554e-07
1.23	-0.2280407201600212	-0.02457325619647243	0.6263200622919892	1.457180707184164	-0.2382239541855932	-0.06032962197716959	-0.7728780330536162	1.528724001628877	1.528724001628886	-0.1511436847021692	0.1743990690735797	0.4161993439701641	0.1652475159513982	0.3077334127300444	0.05452832156666952	0.4786842519924533	-1.433165368035062	0.04199190241798487	-0.1403158473967694	0.1904806647683914	-1.283550295243298	-1.283550295243293	0.2113738996329271	0.001028721596716384	-0.2048704527443313	-0.01972360315627039	-0.341044864132658	0.007462452485179295	0.01326352820277788	-0.4686786122112895	0.006072455484048338	0.00861806190207207	0.3681276302905415	-0.04094904527926224	-48.98359689047994	-7.058584256099945	4.088448071560289	1.883819304696209	-768.5271524356857	79.64347007298079	1.016760026234698	0.4738618015745205	1.570410332179348	-4.964256372903479	0.1360746649977476	-0.406316202793747	1.843277740190924	-4.915528503205672	-4.915528503204358	0.9957912213450748	0.01029111521494884	-1.199968797788854	-0.3246829104433227	6.394949846967815e-08	5.626411697162327e-08	1.699049493011263e-07	4.033065992590914e-07	2.032933230118832e-09	-6.807522906954825e-08	6.191095901180682e-07
1.24	-0.2249123977186997	-0.02400385980585555	0.6311844979110037	1.442602204889992	-0.2377972762869227	-0.061753263432644	-0.7708800844599336	1.515643892408935	1.515643892408945	-0.1489806243252255	0.1744096930803168	0.4140903092230689	0.1650338476744871	0.3179309079159543	0.0593918762944725	0.494105610090103	-1.482370573096413	0.04333173741003761	-0.1443905773637836	0.2092235619078493	-1.332340574677057	-1.332340574677043	0.2212377712993921	0.001089283184520673	-0.21697390129044	-0.02304669870002336	-0.3378128701303351	0.0072012689093235	0.01389549273315204	-0.4653135301508226	0.006937664753930889	0.008667934084850093	0.3657720398453904	-0.04111163094410486	-48.48160315518268	-6.863812815896337	3.960058418488367	1.358562276916264	-765.5946043542921	79.70116039543285	1.025750861021372	0.4990648036682798	1.514791831326896	-4.882429374182556	0.1332864318580621	-0.4164377568329319	1.901961279516385	-4.845294143885439	-4.845294143885443	0.9677546069629697	-0.0005682868440936836	-1.2198799096324	-0.3367099555706067	5.589086089021811e-08	4.040514425464501e-08	1.027906774702023e-07	3.364259377342369e-07	1.743835508714e-08	-6.018369791396821e-08	4.805603792426131e-07
1.25	-0.2216820954029661	-0.02338460928112867	0.6362001468005108	1.427536652898532	-0.2373575960613891	-0.06321740070740482	-0.7686914383302683	1.502079891264738	1.502079891264739	-0.1467193223612852	0.1744208391272986	0.4118591607253659	0.1647858263551205	0.3281270620774567	0.06449797037419795	0.5089186964110725	-1.530566031130518	0.0445904159568773	-0.1484182558742283	0.2286069392863181	-1.380317312978967	-1.380317312978962	0.2310184508739724	0.001133178555441494	-0.2292881373854795	-0.02659333895973526	-0.3341095011803615	0.006923128064385391	0.01450787648373493	-0.4615550753897056	0.007843410787105459	0.00869783226106258	0.3629533974128848	-0.04128298242233901	-47.93213398320601	-6.66990362406069	3.832377510004779	0.8517944315812673	-762.0959983383582	79.6736441778005	1.016182694549973	0.522350441483899	1.448736306309444	-4.762027342992567	0.1201050604847666	-0.3931006322173457	1.971717256104485	-4.752521598882323	-4.752521598883792	0.9825724854298483	0.005913438546596039	-1.242044069234511	-0.3689751051400624	4.760687454078227e-08	2.402496022552662e-08	3.283584928164714e-08	2.666261928614852e-07	3.33471045361072e-08	-5.211765838333119e-08	3.38313350247769e-07
1.26	-0.218349904545451	-0.02271310406933303	0.6413607604079931	1.411994361661743	-0.2369057397515117	-0.06472124831406982	-0.7663059201689976	1.488040391152413	1.488040391152399	-0.144360344031056	0.1744322331258815	0.4095039001447526	0.164501271824363	0.3383086162723762	0.0698428137082238	0.5230985536851493	-1.57771842216335	0.04576695427922862	-0.152332643747351	0.2485979682284855	-1.427440368302419	-1.427440368302424	0.2407730445575214	0.001138873505807697	-0.2417963178723096	-0.03035334097818308	-0.3304061322303509	0.006644987219467089	0.01512026023428031	-0.4577966206285902	0.008749156820281302	0.008727730437312391	0.3601347549804154	-0.04146134356199263	-47.39177685365042	-6.474560533109182	3.701007830375457	0.3434718198380676	-758.7472772179409	79.67202321148561	1.02283086770478	0.5468146545283509	1.388146021948356	-4.673815973927966	0.1168583869604496	-0.3937796293684187	2.023491592256072	-4.674557548193845	-4.674557548193861	0.9625374287567369	-0.008208370955170975	-1.258668787990546	-0.3793823073176834	3.908889053322698e-08	6.759276681586574e-09	-4.412445893331618e-08	1.90290279503418e-07	5.022714985897511e-08	-4.382026781681415e-08	1.912664772141436e-07
1.27	-0.2149159885063736	-0.02198697197465184	0.64665992990455	1.395985833269383	-0.2364425750052377	-0.0662640823284974	-0.7637176124689795	1.473534007314455	1.473534007314445	-0.1419043186171147	0.174443609712355	0.407022645347393	0.1641780266972678	0.348467122440546	0.07542153641006945	0.5366218785087631	-1.623802776720603	0.04685000249194209	-0.1562189762668337	0.2691526462892289	-1.473682746997747	-1.473682746997755	0.250424474660962	0.001130391531403074	-0.2544806128702128	-0.03432994956792618	-0.3262289704571276	0.006335182247969492	0.01569931731371718	-0.4536476814460911	0.009683803267189744	0.008742636620063457	0.3568444119782986	-0.04164899736214386	-46.80751426605123	-6.277760010200913	3.569084739999312	-0.1402895414905598	-754.8342648828577	79.5901272326911	1.011243758217662	0.5691051809723688	1.31739901286899	-4.548071156379041	0.1016382535523637	-0.3837508999152159	2.084817090036057	-4.576035816005651	-4.5760358160061	0.965282769481007	0.001937449884597844	-1.277202729156511	-0.4119514432274128	3.049185326279351e-08	-1.080556210384728e-08	-1.234514833734175e-07	1.117462011165279e-07	6.743533567978245e-08	-3.544471811655386e-08	4.259803524849728e-08
1.28	-0.2113807107522459	-0.02120391183236057	0.6520909273094033	1.379521996139505	-0.2359690577338125	-0.06784531783545024	-0.760921085752941	1.458569808132384	1.458569808132375	-0.1393520115084811	0.1744547225911844	0.4044137690253612	0.1638139852225902	0.3585809592825059	0.08122842323023896	0.5494641353444294	-1.668780169668061	0.04783745930968095	-0.1600129422533944	0.2902417714320804	-1.519003437125208	-1.519003437125218	0.2600293834981332	0.001086131979696582	-0.2673206228067677	-0.0385126104946556	-0.3220518086838622	0.006025377276473784	0.01627837439321121	-0.4494987422635837	0.01061844971409356	0.008757542802814572	0.353554068976222	-0.04184372405062139	-46.23243349435219	-6.079697648603874	3.433683069429534	-0.6265799468412897	-751.0722796274473	79.53322397050393	1.013897002462786	0.5924474781931018	1.251932424358899	-4.452423651968901	0.09774010796559472	-0.3753063227839049	2.13038100867763	-4.490219834620278	-4.490219834620279	0.9532331755028858	-0.01536388641574514	-1.289811775720908	-0.4205927747148073	2.233707054354316e-08	-2.834657859440629e-08	-2.079024839403133e-07	3.086537111489127e-08	8.505654389676575e-08	-2.723213263497265e-08	-1.035986764915674e-07
1.29	-0.2077445362957219	-0.02036166287674621	0.657646872578729	1.362613973243836	-0.2354861906781883	-0.0694644246503253	-0.7579111721323705	1.44315708425796	1.443157084257967	-0.1367042293836877	0.1744653499226637	0.4016757869568024	0.163407072587381	0.3686411402940898	0.08725690094381558	0.5616040421394254	-1.712630256800445	0.04871774618874686	-0.1637970246108374	0.311816390855327	-1.563376395013369	-1.563376395013385	0.2695163757962863	0.001034601123063108	-0.2802939508640048	-0.04290194307799347	-0.3174053878748415	0.005710081215225342	0.01681072212358655	-0.4449658576961928	0.01157775293318831	0.008740526469491203	0.3497884384585551	-0.04204819267766934	-45.61734789851315	-5.891397648529662	3.303153312112211	-1.081621328719023	-746.7545496241306	79.37141995815027	1.000158238459239	0.6133994835166666	1.176885011324245	-4.322181684197794	0.08042809494223961	-0.3782247165012398	2.182318135077363	-4.386094755653036	-4.386094755653838	0.9447983977314754	-0.0007891959329858526	-1.303813259322551	-0.4529656100062622	1.434813328098649e-08	-4.587866172438723e-08	-2.94274975554757e-07	-5.089174074227522e-08	1.02832635512315e-07	-1.908065873539611e-08	-2.488684893970392e-07
1.3	-0.2040081441114916	-0.01945805883088105	0.6633205899568555	1.345273273388789	-0.234995069730361	-0.07112102539362493	-0.7546832491723784	1.427305578606707	1.427305578606719	-0.1339619041077584	0.1744753136434373	0.3988075276199518	0.1629552942043657	0.3786245048238027	0.09349944128039955	0.5730185571046018	-1.755315561545812	0.04948823775041925	-0.167511727939346	0.3338436393157456	-1.606759792491087	-1.606759792491107	0.2789380137248337	0.0009534098405885139	-0.2933760764651391	-0.04748576005584739	-0.3127589670657581	0.005394785153983396	0.01734306985391748	-0.4404329731288028	0.01253705615227694	0.008723510136177635	0.3460228079409478	-0.04225983116312561	-45.01135673020201	-5.701915354929887	3.169266196721141	-1.540318093103793	-742.5866788702631	79.23388180006444	0.9985337060885425	0.635260002794555	1.106854058394967	-4.219467174565358	0.07578104448699004	-0.3614305169968731	2.220906816111949	-4.292307752531422	-4.292307752531427	0.9401623015816941	-0.02129597158421031	-1.311571284500359	-0.4594896536178545	7.207946386833673e-09	-6.252230404325605e-08	-3.823716858054142e-07	-1.312544284132068e-07	1.201695500434028e-07	-1.136338237394817e-08	-3.851921985417958e-07
1.31	-0.2001723257186371	-0.01849098466739355	0.6691047649046947	1.3275115831948	-0.2344968322810365	-0.07281478575373281	-0.7512329799353662	1.411025255356119	1.411025255356133	-0.1311259945845889	0.1744844512322982	0.3958079909457494	0.1624567132796379	0.388520236442327	0.09994802375644579	0.5836888638976281	-1.79681917087578	0.05013926617478319	-0.1712325260382663	0.3562711364657469	-1.649128778850695	-1.649128778850708	0.2882302902695206	0.0008700780770727368	-0.3065402826084785	-0.05225867348048251	-0.3076490858129434	0.005042600143145639	0.01781906979215077	-0.4355414991415885	0.01351839727322009	0.008687738003368042	0.3417827026382433	-0.04248168841876497	-44.36625212587919	-5.514443929671973	3.036514324757236	-1.966905770534512	-737.8827026995016	79.01295883324531	0.9822457679686247	0.6545807601005704	1.02798341176935	-4.085320246492183	0.05672789731589263	-0.3762122290629236	2.262810421268636	-4.182781920111609	-4.182781920110415	0.921677087960361	-0.00253102410473114	-1.320192907704008	-0.490534551757631	4.193846453053328e-10	-7.879787802609269e-08	-4.711827152053598e-07	-2.110394260641268e-07	1.373245197823565e-07	-3.825987849724939e-09	-5.178096646999704e-07
1.32	-0.1962381194339508	-0.01745844000112771	0.6749918158048669	1.309340954420658	-0.2339926917162882	-0.07454551564937474	-0.7475566078754874	1.394326524673448	1.39432652467346	-0.1281975789445613	0.1744926196544387	0.3926765426844234	0.1619095347476896	0.3983020831902278	0.1065935418360678	0.5935937475711721	-1.837103277576938	0.05066886083534221	-0.1749056350461171	0.3790642038887302	-1.690441278907744	-1.690441278907749	0.2974392370961316	0.0007595764987735915	-0.3197583938899483	-0.05720528149996836	-0.3025392045601055	0.004690415132299944	0.01829506973035247	-0.4306500251543752	0.01449973839415927	0.00865196587054339	0.3375425973355615	-0.04270835535436263	-43.73000410738007	-5.325902147776666	2.900598571997017	-2.398255382678469	-733.3246957874607	78.81540467241076	0.9757567319638226	0.6746471235096866	0.9537694344985433	-3.975566648803418	0.05149429172611272	-0.3518926987828059	2.294020870708323	-4.081010492019604	-4.0810104920196	0.923496357966499	-0.02672993454115982	-1.32235231212642	-0.4942285725878158	-5.076799691697161e-09	-9.347581360411425e-08	-5.600804282905133e-07	-2.8554482152851e-07	1.535446748104442e-07	3.310713415718465e-09	-6.374616740411538e-07
1.33	-0.1922066969549447	-0.01635848872941279	0.6809740344736886	1.29077362320476	-0.2334839020961132	-0.07631306838042587	-0.7436506676097204	1.377220019505296	1.377220019505301	-0.1251777521276831	0.1744996990813963	0.3894127361701311	0.1613120323305897	0.4079560437036894	0.1134256493444443	0.6027162366240293	-1.876149336710467	0.05106726194558692	-0.1786017089594957	0.4021705517516059	-1.730672272930292	-1.730672272930285	0.3065092606563498	0.0006540452659791398	-0.3330023390879933	-0.06231944989632253	-0.2969872084852619	0.004327646252627209	0.01870415317943063	-0.4254109249911496	0.01548408083894648	0.008582577652314771	0.3328402587721863	-0.04290802525488979	-43.064139446929	-5.15001141917108	2.770396684254131	-2.785794326577824	-728.2537091048408	78.51376932934922	0.9562497045912217	0.6918680107181642	0.8714287218715077	-3.837093924178264	0.03068148912506414	-0.37796811919256	2.325947117097506	-3.966019264670199	-3.96601926466861	0.8961692228623919	-0.002917789340720042	-1.325321344940188	-0.52379846758236	-9.983811976636411e-09	-1.074254140269995e-07	-6.490176589380411e-07	-3.576433395255017e-07	1.693386643085783e-07	1.026474569554166e-08	-7.512029604216501e-07
1.34	-0.1880795280720933	-0.01518934129337107	0.6870434660492774	1.271822237721821	-0.2329717947711451	-0.07811748252693691	-0.7395122627907191	1.359716829315458	1.359716829315456	-0.1220677423016377	0.1745056325816738	0.3860165090596007	0.1606626307306415	0.4174513639593142	0.120432774701427	0.6110363289245725	-1.913914130986025	0.05133240179389844	-0.1822779181359625	0.4255571145353003	-1.769778283244753	-1.769778283244736	0.3154758389290843	0.0005303911654988723	-0.3462425131379042	-0.067585118069605	-0.2914352124103944	0.003964877372919719	0.01911323662849987	-0.4201718248279216	0.01646842328372237	0.008513189434020546	0.3281379202088344	-0.04308079358023372	-42.40670517752959	-4.973046246781846	2.637111044786776	-3.179399327291585	-723.3221112162036	78.23492387071347	0.9440286803964478	0.7096506932309062	0.7932900840357422	-3.719313677209349	0.02484203933957493	-0.3479197514002829	2.350063854872064	-3.856013750402301	-3.8560137504023	0.9028073004697557	-0.03035450807861589	-1.32159808249963	-0.5245285279732885	-1.332325171165025e-08	-1.190682153904833e-07	-7.35285199028896e-07	-4.205932219186172e-07	1.834424945330671e-07	1.68747568403881e-08	-8.486096043380696e-07
1.35	-0.1838582263374644	-0.01394928265059483	0.6931920463964254	1.252499623358513	-0.2324577444033683	-0.07995886206649117	-0.7351388029263002	1.341828263649071	1.341828263649073	-0.1188687957785025	0.1745104111484551	0.382488001964053	0.1599598267703957	0.4267752119733815	0.1276039679752825	0.6185409738412249	-1.95038636376012	0.05145386780721437	-0.186001699014981	0.4491658485692816	-1.807736579260965	-1.807736579260955	0.3242924817345307	0.0004267356598320003	-0.3594477089028467	-0.0729957543309976	-0.2854523098765105	0.003573912781158508	0.01945221813486434	-0.4146469207370888	0.01748929461513083	0.008409796417884885	0.3229848725673314	-0.0432293399013244	-41.71163245515448	-4.807799879248226	2.509737094750163	-3.539482687260628	-717.9216565424576	77.86433899346464	0.9214833966115864	0.724646040345057	0.7082418136836515	-3.577837391311391	0.002145685875368304	-0.3851475173886124	2.37092671075812	-3.735993555055	-3.735993555056043	0.8678722232555814	-0.0003039161549352863	-1.318288356874317	-0.5525342900434279	-1.587890517170143e-08	-1.295576172242664e-07	-8.202178938414146e-07	-4.78968786509795e-07	1.967012451207333e-07	2.331275741774617e-08	-9.378489270224513e-07
1.36	-0.1795447020157554	-0.01263675359590386	0.6994115112163807	1.23281895480471	-0.2319432100147488	-0.08183758746708739	-0.73052832601492	1.323566063816957	1.323566063816956	-0.1155823269367704	0.174514166591319	0.3788277813041802	0.1592022758245717	0.4358958813754452	0.1349268570843713	0.6252132234860225	-1.98552496908629	0.05142920596244465	-0.1897470903434392	0.4729605239271474	-1.844505116390148	-1.844505116390144	0.3329803026469144	0.000325766380399396	-0.3725852260030993	-0.07853451518524167	-0.2794694073425901	0.003182948189380217	0.01979119964113697	-0.409122016646262	0.01851016594653131	0.008306403401718393	0.317831824925864	-0.04334857555185072	-41.02436068115784	-4.641435044229373	2.379348192345946	-3.906852448474154	-712.6506540275794	77.51604920829992	0.9033929579956932	0.739989860277543	0.6268110296647825	-3.452588187624181	-0.004383532277448669	-0.3522418412880749	2.387252119648941	-3.618061972996252	-3.618061972996252	0.8770429218572109	-0.02981726283203543	-1.308062349561668	-0.5501534465434101	-1.666602668329432e-08	-1.373896211711699e-07	-9.024231144664926e-07	-5.26566872219046e-07	2.079966303594361e-07	2.982762605393071e-08	-1.010735084155698e-06
1.37	-0.1751410182262867	-0.01125027780314788	0.705693503000599	1.212793586879844	-0.231429678796126	-0.08375402484600132	-0.7256791842461565	1.304942210561753	1.304942210561751	-0.1122097004401591	0.1745170362044134	0.3750366366651408	0.1583887375384768	0.4447986315493964	0.1423888026125498	0.6310417886261133	-2.019315477390096	0.05125280627528957	-0.1935408851990054	0.4968838240722737	-1.880053795892944	-1.880053795892952	0.3415271789582291	0.0002468857381683738	-0.3856207750580514	-0.08418625345772401	-0.2730815689201416	0.002750019795512723	0.02005806143877851	-0.4033443072271864	0.01956081308926303	0.008174211300730773	0.312248637068106	-0.04344180849532402	-40.30351752308162	-4.484355175001377	2.253471788220525	-4.238664154818729	-706.946056596908	77.08867256243113	0.8773634367250114	0.7524164785966119	0.5393853134827356	-3.307329496133137	-0.02800421090230591	-0.3930032155931703	2.397268098949707	-3.491506841565127	-3.491506841566856	0.8407441419079748	0.002718425178042526	-1.297845196998068	-0.5748773429846475	-1.648598228557408e-08	-1.437683606486862e-07	-9.831367476453139e-07	-5.682710241647433e-07	2.182183001729245e-07	3.638453190978599e-08	-1.074678103878168e-06
1.38	-0.1706495774571536	-0.009788558639208685	0.7120294816476783	1.192437304403067	-0.2309186587791699	-0.08570841115504287	-0.7205903296485399	1.285969223330992	1.28596922333099	-0.1087521583492165	0.1745190453891488	0.371115827732844	0.1575182432045804	0.4534472773085615	0.1499755313210146	0.6360105960582628	-2.051707879468875	0.05092696562941485	-0.1973368763706656	0.5209030896976141	-1.914331911501489	-1.914331911501508	0.3499634215151156	0.0001536806998074825	-0.3985180846544463	-0.0899257247455701	-0.2666937304976787	0.002317091401665292	0.02032492323651571	-0.3975665978080997	0.02061146023199931	0.008042019199777565	0.3066654492103615	-0.04350419281937212	-39.58963973311993	-4.32608737294218	2.124657228326646	-4.579024687880679	-701.3575944265606	76.68316846462012	0.8525720750384622	0.7649464963347973	0.454859488076551	-3.17296694261884	-0.03427172402130371	-0.3526811045067303	2.406445215691736	-3.363949194145877	-3.363949194145887	0.8549161709715418	-0.03268214205821308	-1.280414457850276	-0.5677000496160313	-2.219288094438503e-08	-1.667311198062366e-07	-1.192353730367516e-06	-7.204716831289652e-07	2.461080763455872e-07	5.258374979734305e-08	-1.284260228429976e-06
1.39	-0.1660729101754609	-0.008250402215541188	0.718410849060789	1.171764021112971	-0.23041170168706	-0.08770158881780195	-0.7152610869770376	1.26665975149673	1.266659751496737	-0.1052114129963034	0.1745205132249011	0.3670668081902899	0.1565898969244922	0.4618358851959804	0.1576706127275669	0.6401161367969844	-2.082704877768247	0.05044145473425287	-0.2012949439997717	0.5449460703147505	-1.947337700088435	-1.947337700088431	0.3581708521280844	0.0001344921286653272	-0.4112518655922409	-0.09574752906056361	-0.2599591692393708	0.001897710165354667	0.02051147987431457	-0.3915730838523104	0.02164642694699267	0.007851627481042409	0.3006983394833385	-0.04360414129565043	-38.86591172660155	-4.197970010210911	2.008185759990536	-4.856113651201816	-695.4200007581118	76.16528341679457	0.8244332937883262	0.7740777964923803	0.3664055388640909	-3.026511473879422	-0.05932152383190114	-0.4167974391245587	2.403318341519777	-3.235173392600951	-3.235173392597519	0.8012871323681865	0.01237241693318142	-1.264735655664167	-0.5903895309261955	-3.141295529822274e-08	-1.995907939341305e-07	-1.478258195881742e-06	-9.386138059590845e-07	2.84541722442274e-07	7.453725067156127e-08	-1.580756012315427e-06
1.4	-0.1614138711852561	-0.006634837211073043	0.7248288727157055	1.150788078799825	-0.2299103258542162	-0.08973423272625268	-0.7096913957280043	1.247026965836272	1.247026965836296	-0.1015890672120916	0.1745215711013089	0.362891475689574	0.155603138819557	0.469921619011197	0.1654572474811433	0.6433418444194663	-2.112239684078945	0.04981071377635662	-0.2052301255093658	0.5689928052037012	-1.978994676740657	-1.97899467674063	0.366283507777399	7.168882054480366e-05	-0.4237806762868406	-0.1016080897149711	-0.2532246079810532	0.00147832892904512	0.02069803651231664	-0.3855795698964975	0.02268139366198584	0.007661235762304483	0.2947312297563245	-0.0849372693937107	-38.14483520017503	-4.065504418479088	1.885525676432498	-5.153372693599887	-689.5434177902806	75.66460874724096	0.7919972605980213	0.7832571657395982	0.2788928648285838	-2.880528544884221	-0.06331773656815276	-0.3481038806042907	2.407196070054577	-3.094186807201004	-3.094186807200976	0.8359611782406867	-0.04140508945396887	-1.239420409211333	-0.5754513174987852	-3.534322924743355e-08	-2.260300088905382e-07	-1.755839490428741e-06	-1.121396798886629e-06	3.20194501770989e-07	9.467502204518503e-08	-1.8325475691592e-06
1.41	-0.1566754644336488	-0.004941001393449698	0.7312747686488776	1.129524004245221	-0.2294160492705903	-0.09180690930855138	-0.7038815305080154	1.227084298294053	1.227084298294056	-0.09788660178016334	0.1745223020270324	0.3585919567440742	0.1545575482162665	0.477701993357989	0.1733189772542949	0.6456888590504462	-2.140322416452288	0.0490231647051526	-0.2093107548581393	0.5929627083276653	-2.009303349669124	-2.00930334966909	0.3741856074382064	7.038970936780985e-05	-0.4360778343813363	-0.1075045305601469	-0.2461526788166023	0.0009723524819722928	0.02078676933514446	-0.3795724698625315	0.02375776638299098	0.007438376380169312	0.2883975720585272	-0.2035859453258908	-37.39964959377811	-3.941230617574103	1.762242116753733	-5.399152556868599	-683.4265343441933	75.12084137315296	0.7623609782052446	0.7890636759868273	0.1903575842888106	-2.734262724728223	-0.08993948642225148	-0.438853650023991	2.389257863610194	-2.963878022767356	-2.963878022766378	0.7635222700244338	0.01952621434616175	-1.218025653939441	-0.5964091734904672	-3.583513293363659e-08	-2.482959253854795e-07	-2.028010723847041e-06	-1.281196357377497e-06	3.540397177005221e-07	1.136325692434223e-07	-2.055281378425881e-06
1.42	-0.1518609932472772	-0.003168261719518303	0.7377396850927707	1.107986678938651	-0.2289303413764808	-0.09392055442195051	-0.6978324921707774	1.206845609925128	1.206845609925118	-0.09410587776962412	0.1745228236689334	0.3541708337887567	0.1534530594634315	0.4851345059642089	0.1812380187427534	0.6471459465636612	-2.166889834472389	0.04809697587292738	-0.2134238317273263	0.6168274286533509	-2.038198842081504	-2.038198842081463	0.3819352234999626	2.983205002989132e-05	-0.448101478250662	-0.1133877196238716	-0.2390807496521412	0.0004663760348608495	0.02087550215805973	-0.3735653698285523	0.02483413910398571	0.007215516997963277	0.2820639143607414	-0.3998807864031422	-36.65351465456925	-3.809547878195571	1.629506494592071	-5.673394644015497	-677.322978916491	74.59315388100397	0.7224249124836014	0.7947195088009853	0.1009074412755725	-2.577465674235988	-0.09104568877244093	-0.3545933846870039	2.386159510398855	-2.811550703983565	-2.811550703983575	0.8054644584304668	-0.0492567990860993	-1.184717564177328	-0.572800961208613	-2.840675815111978e-08	-2.522348398320686e-07	-2.190081876111313e-06	-1.323847703735223e-06	3.701204700211428e-07	1.262271798391834e-07	-2.139213397323199e-06
1.43	-0.1469739401165773	-0.001316114126049749	0.7442147266693058	1.086191253727568	-0.2284546343092602	-0.09607563955229581	-0.6915455925617968	1.186325104797695	1.186325104797691	-0.09024838469706872	0.1745229858302591	0.3496309186291138	0.1522897874765244	0.4922110784610662	0.1891929338319383	0.6477128154215933	-2.191930374806855	0.04702365928292293	-0.2176116919151505	0.6405159077172429	-2.06565482469747	-2.06565482469748	0.3895282798227572	4.250392417178418e-06	-0.4598271339491756	-0.1192547875157834	-0.2317404245325109	-3.938121684496786e-06	0.02085561328975657	-0.3675263684411228	0.02586097446999727	0.006894636575560017	0.2754126227189193	-0.6738479862958565	-35.9242144362414	-3.729129829746881	1.511505683378382	-5.847313005816987	-671.0476950963184	73.93486130998512	0.6904839791953999	0.7961676258905883	0.01217117790103935	-2.427659190153199	-0.1188483820117199	-0.4536079375767915	2.354704290572763	-2.67551628998787	-2.675516289995568	0.7307046894519296	0.02069000808698827	-1.158271481453433	-0.5923873510468752	-1.537956583036979e-08	-2.432184597272359e-07	-2.274323660663253e-06	-1.283687382895381e-06	3.736435842733939e-07	1.343238524918147e-07	-2.125026909235273e-06
1.44	-0.142018079148727	0.000615640641693065	0.7506909558483897	1.064153360917718	-0.227990335155518	-0.09827314840488353	-0.6850229057249392	1.165537460994186	1.165537460994193	-0.08631606536723346	0.1745228719464464	0.3449753905307346	0.1510680992811253	0.4988960733942746	0.1971594535976053	0.6473834670734748	-2.215383354225377	0.04581539317704093	-0.2219085761728501	0.6639848742286781	-2.091626577296823	-2.091626577296884	0.3969004749554739	-2.537697775033555e-05	-0.4712240659982906	-0.125070961322281	-0.224400099412891	-0.0004742522782866115	0.02083572442146639	-0.3614873670536881	0.02688780983599649	0.006573756153057718	0.2687613310770913	-1.025401363573576	-35.19300632159041	-3.640230825792181	1.382849182122169	-6.049326571579281	-664.7708276784933	73.29781373865059	0.6441093997537822	0.7970404440974075	-0.0783359999345417	-2.259953491047094	-0.1180355919480371	-0.3763981986621647	2.342256999907529	-2.514704700660861	-2.514704700660872	0.7612922204149484	-0.05006594159691199	-1.118972834297588	-0.562622144125863	-1.805316831509092e-09	-2.325842489919868e-07	-2.356313862357151e-06	-1.239637848385728e-06	3.752520032715387e-07	1.435244836470854e-07	-2.107574475040958e-06
1.45	-0.1369973097662625	0.002627074805636056	0.7571594372248995	1.041888806112089	-0.2275388584062397	-0.1005140538990815	-0.6782668723885406	1.144497625499924	1.144497625499933	-0.08231080351599888	0.1745226086704779	0.3402076551814426	0.1497884633262475	0.50518616132497	0.2051236945324253	0.6461641144326598	-2.237255182315279	0.04445666100726018	-0.226278441731868	0.6871692450518759	-2.11607721373319	-2.116077213733209	0.4041338596408368	-2.600555289885838e-05	-0.4822554648203306	-0.130842562171979	-0.2168023369070592	-0.001222048817265162	0.02073699321501638	-0.3556184424496278	0.02803826071763806	0.00628837666734987	0.2618400423268815	-1.454472606721158	-34.41586752646231	-3.516119104154213	1.235152526281467	-6.243162667091014	-658.4355264232639	72.75288430513116	0.6106819805153091	0.7956383099943496	-0.1660073374929458	-2.109966489534708	-0.1485505927856157	-0.4680931492153637	2.298644923667711	-2.370750651738751	-2.370750651732255	0.7013635491033394	0.0248016664417984	-1.085027971045454	-0.5829047321425117	1.21889935451866e-08	-2.207077754512394e-07	-2.436575170070768e-06	-1.192601953379614e-06	3.753902098424232e-07	1.535727972240256e-07	-2.087614260800665e-06
1.46	-0.1319157948063328	0.004718055857290981	0.7636112705867336	1.019413699221243	-0.227101720691317	-0.1027988205318198	-0.6712805717838809	1.123221182133975	1.123221182133993	-0.07823380742660799	0.1745223117050956	0.335331644930954	0.1484514162275226	0.5110451888871866	0.2130688311399919	0.6440538641383179	-2.257493771268102	0.0429475863057901	-0.2306808038786442	0.7100383278807536	-2.138948151634115	-2.138948151634089	0.4112473225864568	-3.21148514133435e-05	-0.4928790462378995	-0.1365531900917138	-0.209204574401241	-0.001969845356292076	0.02063826200858912	-0.3497495178455619	0.0291887115992698	0.006002997181559153	0.2549187535766631	-1.961032379133816	-33.63596199965065	-3.38338996455995	1.076794206716494	-6.463406167123546	-652.0803311484565	72.23145095555356	0.5578973260580246	0.793219578646717	-0.2565155306399056	-1.933305663631167	-0.1481040982859888	-0.3828975162139053	2.279199401043491	-2.198764993571952	-2.198764993571928	0.7373078724664087	-0.05116208626996513	-1.037409353403383	-0.5504275581333051	2.817182072097685e-08	-2.066432414199191e-07	-2.523890133666034e-06	-1.118217863707354e-06	3.752854950816546e-07	1.683492508193278e-07	-2.075607844828066e-06
1.47	-0.1267778371852762	0.006888266858831127	0.7700375673023981	0.9967444425222398	-0.2266803778903224	-0.1051283768559076	-0.6640674364779496	1.101723956073297	1.101723956073321	-0.0740867614562446	0.1745222538488768	0.3303514539040561	0.1470576796218259	0.5164693962246991	0.2209564124000281	0.6410572463929755	-2.276065009829833	0.04131175346708103	-0.2352998255613824	0.7325138961761942	-2.160224749534482	-2.160224749534454	0.4180679844641534	3.639809383860633e-05	-0.5030857710210372	-0.1421542418562842	-0.2015471574751135	-0.001982662786832763	0.02039473187770257	-0.3436637632722135	0.03000410323522816	0.005257899972290073	0.2478243858250188	-2.545256333760294	-33.00773266897617	-3.52275773442189	1.014224144865395	-6.429410094225652	-645.6760530177849	71.09300437800418	0.5231153108852145	0.7840588509818768	-0.3434305964226148	-1.775177293059959	-0.1729641531093106	-0.5116945641586301	2.220509974424121	-2.051271380445986	-2.051271380445814	0.6400288799495154	0.03794843106239099	-1.001220952913184	-0.5594930785049719	4.581174522934594e-08	-1.907553236464547e-07	-2.61708314382934e-06	-1.021043611813304e-06	3.749783458778418e-07	1.870658210965984e-07	-2.070229594078545e-06
1.48	-0.1215879509161858	0.009136859963231245	0.7764294587006211	0.9738982445694958	-0.2262757216730079	-0.1075061814107803	-0.6566317906029373	1.080022131195177	1.080022131195209	-0.06987439216020186	0.1745232992112166	0.325271412246897	0.1456090226799062	0.5214309184937058	0.2287452517119861	0.6371728006499896	-2.292882022016208	0.03961026957051708	-0.2403304500383162	0.7545404416968333	-2.179867915121923	-2.179867915121895	0.4243119877229726	0.0001885288846783617	-0.5128491722899412	-0.1475372573362985	-0.1938897405489851	-0.001995480217328772	0.02015120174682676	-0.3375780086988659	0.03081949487119956	0.004512802763098048	0.240730018073374	-3.207568790781151	-32.37459004386237	-3.649923495590271	0.936755976962596	-6.426253919717111	-639.2321112551645	69.98972614859396	0.4653603123568978	0.773471189031103	-0.4340811301686067	-1.582460388559705	-0.1612343098569628	-0.4652180750529953	2.189394846083184	-1.872078530987011	-1.872078530986999	0.6219761486909586	-0.03443851715241293	-0.9487446505566199	-0.5068203012221077	1.172397250253728e-07	-5.191529553754551e-08	-2.155126399864325e-06	1.899619168900878e-08	2.538307461173288e-07	2.47466427086853e-07	-1.544095242405351e-06
1.49	-0.1163507004375428	0.01146284292908595	0.7827781586068169	0.9508923812895901	-0.2258891044565459	-0.1099313953905676	-0.6489784985512733	1.058132594118782	1.058132594118804	-0.06559692851999645	0.1745248783600651	0.3200959109105847	0.1441064003865458	0.5259293970348656	0.2364333140540682	0.6324240733394856	-2.307992014026114	0.03770153766681314	-0.2447701107010758	0.7760254921172812	-2.197754966684116	-2.197754966684101	0.4310971834766745	0.0001313392739439895	-0.5221602522092829	-0.1529441020410758	-0.1858262736600467	-0.00347949703326499	0.01996629940746333	-0.3323124041588333	0.03224113379834231	0.004331410169208692	0.2333247413452455	-3.948750395551575	-31.5070029816894	-3.418120208995415	0.7185570476389628	-6.619449289531332	-632.9766629748802	69.79330386338532	0.4286637867229252	0.7637515341981707	-0.5166558017312808	-1.430428264512232	-0.2070914089919387	-0.4415533436323878	2.114188662260954	-1.704397787996474	-1.704397787998582	0.6941153190571372	0.009793243974314978	-0.9086160013881122	-0.5509274760850309	2.372838317160129e-07	1.980545246053222e-07	-1.191399685821793e-06	1.911241397606472e-06	2.34619698921074e-08	3.455429884330733e-07	-5.472774918203828e-07
1.5	-0.1110711507411417	0.01386516207384138	0.7890750937858597	0.9277443861581239	-0.2255218543147995	-0.1124026486333113	-0.6411131302909573	1.036072710662938	1.036072710662928	-0.06125414811618242	0.1745261160980629	0.3148300335073241	0.1425510474619419	0.5298907620451188	0.2440124874921318	0.6268198552193808	-2.321308392328277	0.03573685462848954	-0.249538302633627	0.7969556834271518	-2.213937191012754	-2.213937191012752	0.437375340444256	0.0001202467435434108	-0.5309243856792288	-0.1580833835850311	-0.1777628067711063	-0.004963513849125016	0.01978139706783869	-0.3270467996188322	0.03366277272550758	0.00415001757545645	0.2259194646171154	-4.769829056188088	-30.6326807152636	-3.174690139660371	0.4865697536549277	-6.854007272442973	-626.6340602176009	69.69387910147783	0.3579376061756072	0.7516934082273963	-0.6051792920887727	-1.223737647010975	-0.1724245367806974	-0.5309243290109815	2.078423023967767	-1.531113084276261	-1.531113084276231	0.5205683914668203	-0.02521910108610102	-0.8393553606775137	-0.453307669057466	2.833270792904459e-07	2.868596085328005e-07	-9.283099719309565e-07	2.567238098006327e-06	-5.325198380762728e-08	3.952444826494995e-07	-2.574333623756029e-07
1.51	-0.1057546112459406	0.01634259016631902	0.7953117468409271	0.9044722744121506	-0.2251743926030828	-0.1149241032580789	-0.6330414738521227	1.013859595968544	1.013859595968557	-0.05685202566842015	0.1745277810642648	0.3094793036325237	0.1409459048451207	0.5333319345999465	0.2514405863924761	0.6203706786295823	-2.332799982145546	0.03373952327178463	-0.2547322048620428	0.8172597675261707	-2.228369279323928	-2.228369279323926	0.4430393909883136	0.0001936592194015311	-0.5391281983299968	-0.1629121072545466	-0.1698632427009226	-0.005347561500808247	0.01960496911783926	-0.3215438051340083	0.03464729922398044	0.003158228103260349	0.2185381105187842	-5.670843840076022	-29.98613444767902	-3.40173146838935	0.4194085136392445	-6.762656931608701	-620.4489955541544	68.5976035152441	0.3244452769878916	0.7334981728510986	-0.6857186730358632	-1.064748862434686	-0.2156396763698005	-0.5101854682597289	1.98902558088343	-1.351835065611853	-1.351835065611802	0.5876274412620807	0.02105465261416424	-0.7968203116416571	-0.4927427179115546	2.568494849309936e-07	2.17723250969192e-07	-1.351844518188803e-06	2.011711262998885e-06	2.061578856761992e-08	3.975384110787256e-07	-6.604233816482308e-07
1.52	-0.1004062123858234	0.01889332525618251	0.8014797217639743	0.8810946709253313	-0.2248473546531816	-0.1174968093648382	-0.6247702516766955	0.9915116447188443	0.991511644718838	-0.05239360190411992	0.1745296668011555	0.3040493504123428	0.1392934573912019	0.5362626350288452	0.258673886969304	0.6130842288153218	-2.342406740496812	0.03165210226490871	-0.2597885990305709	0.8368688307457768	-2.240904502078057	-2.240904502078055	0.4486356037478399	0.0001644009229662856	-0.5467690547553753	-0.167544351004585	-0.1619636786307544	-0.005731609152517249	0.01942854116745665	-0.3160408106492246	0.03563182572244788	0.002166438631029253	0.211156756420443	-6.651241752650162	-29.3312595599302	-3.615933396063118	0.337199564804431	-6.711292488117802	-614.1703049885406	67.58205330210954	0.2558431809897694	0.7127337435240555	-0.7726339369811421	-0.8467713538103854	-0.1904424668144991	-0.5034227170327567	1.9394188480852	-1.151739972867351	-1.15173997286734	0.5070008345604277	-0.04575325554583906	-0.7267641155996651	-0.4140116851614902	2.407439507411838e-07	1.702937274665247e-07	-1.682898910809069e-06	1.624221661069749e-06	7.430419798375319e-08	4.047593134073704e-07	-9.649671423027934e-07
1.53	-0.09503111641694326	0.02151533431346963	0.8075707538123023	0.8576304154165409	-0.2245415106245356	-0.1201205001874451	-0.6163066525301734	0.9690476517865341	0.9690476517865135	-0.04788058265372058	0.1745311707416403	0.2985458312294469	0.1375959141219469	0.5386620228473163	0.2656860218179279	0.6049919502177894	-2.350120827910267	0.02950966786885004	-0.2649640446544947	0.8557137886578283	-2.251580972547005	-2.251580972546999	0.4539203266456926	0.0001319907978960033	-0.5538389992111644	-0.1719183542639118	-0.1539563648840848	-0.006829899184490985	0.01930282196182749	-0.31109300465357	0.03671825861361649	0.001348144939600558	0.203688052970519	-7.709848679742944	-28.65985215236934	-3.722608539173768	0.2044003820615296	-6.609070550706486	-608.3242432964103	66.94480644963063	0.2178165196863219	0.689192717973409	-0.846974639278977	-0.6851816920713626	-0.2271483968157171	-0.5264230679908641	1.836452777693701	-0.9786803959838555	-0.9786803959832244	0.5317339623839853	0.01755693020835759	-0.6826651380637397	-0.4423691447889737	2.35658730481619e-07	1.459277151536071e-07	-1.915693140189407e-06	1.415271619286311e-06	1.065520342558281e-07	4.172151255041474e-07	-1.164911753175663e-06
1.54	-0.08963486058239811	0.02420621259173115	0.8135769731110267	0.8340987281822201	-0.2242572918340087	-0.1227963089828856	-0.6076587201015458	0.946486278187128	0.9464862781870804	-0.04331621098533844	0.1745322589452966	0.2929745014964949	0.1358559759204047	0.5404946081622199	0.272447731164186	0.5961216788946261	-2.355893085602061	0.02732705464023174	-0.2702121935951765	0.8737354871670312	-2.260380635498969	-2.260380635498958	0.4589060873429984	8.125352068551966e-05	-0.5603311647667629	-0.1760233374620765	-0.1459490511374408	-0.007928189216507075	0.01917710275608165	-0.3061451986579278	0.0378046915047758	0.0005298512481054262	0.1962193495205773	-8.844594936359185	-27.98076850548664	-3.818635045323492	0.05927517248448391	-6.540312002398593	-602.3826353438095	66.37875467551198	0.1424826802762777	0.6626486430508051	-0.9282324821073323	-0.4584054094782523	-0.1984782333259834	-0.5179633803835235	1.77476696751546	-0.7763784694707516	-0.7763784694707826	0.4472083944508638	-0.04941868597516267	-0.6112083355615643	-0.3602076729284158	2.282608243324411e-07	1.362706277175705e-07	-1.939434281083524e-06	1.325257946054629e-06	1.122562594835987e-07	4.203557182343037e-07	-1.217576175226096e-06
1.55	-0.08422319546736008	0.02696339742357419	0.8194906540982929	0.8105192213539094	-0.2239948668524007	-0.1255242129882397	-0.5988346706919304	0.9238465931154022	0.9238465931154103	-0.0387033554432129	0.1745318801589623	0.2873413538496479	0.1340767570004714	0.5417457091890656	0.2789408913112139	0.5864930482963565	-2.359678515382489	0.02516088764446024	-0.2753483596423874	0.8909227380714423	-2.267221763006332	-2.267221763006328	0.4636183181230924	-0.0001940355014918749	-0.5661865400858245	-0.179757448520194	-0.1380108173298531	-0.008944473969653512	0.01907072876806551	-0.3015305088000575	0.03903044845731909	-0.0005651565193364792	0.1888197584749522	-10.03557947307239	-27.30732021326365	-4.056805815775729	-0.03922282812012121	-6.441341258266954	-596.8534293726071	65.6083906955328	0.1025306226636936	0.6354128278694677	-0.9983171789690135	-0.28912858528357	-0.2251587355719887	-0.508080364079622	1.667955649258481	-0.5878300371608424	-0.5878300371618131	0.4760062220677517	-0.02190392352208416	-0.5558672163876897	-0.3706497210408978	2.181983018321872e-07	1.435607798135916e-07	-1.722309906982661e-06	1.372279653980395e-06	8.737762850815071e-08	4.127635582159632e-07	-1.100548205807208e-06
1.56	-0.0788017979802989	0.02978406648235544	0.8253044210135196	0.7869117568631997	-0.2237539981013169	-0.1283028060835213	-0.5898432984738003	0.9011485267394761	0.9011485267394854	-0.03404482243280555	0.1745276845004051	0.2816530194323501	0.1322620695901995	0.5424410825669198	0.285144576551829	0.576138864486759	-2.361484618081258	0.02301580853392801	-0.2803500115772151	0.907200048870044	-2.272056896345365	-2.272056896345367	0.4680415809943564	-0.0006821210509392447	-0.5713685188572563	-0.1831170355298342	-0.1300725835222949	-0.009960758722879142	0.01896435477968529	-0.2969158189422179	0.04025620540984485	-0.001660164286898138	0.1814201674293112	-11.22842052853151	-26.63121813743708	-4.289539951354206	-0.1442676951448101	-6.359379480075149	-591.2953539814971	64.90782693746043	0.03133715047796123	0.6047536617682698	-1.073343124372943	-0.06253999314632147	-0.194260656278567	-0.4910605579077944	1.592778946353585	-0.3751796358047522	-0.3751796358047519	0.3894148126850541	-0.09197799142777324	-0.4765290260356271	-0.2853028632336311	2.112496622347883e-07	1.37265154575632e-07	-1.687312109059785e-06	1.302715012587924e-06	8.772167803881888e-08	4.057988016582876e-07	-1.088048500433282e-06
1.57	-0.07337634964830993	0.03266520920725729	0.8310111161500153	0.7632963402180913	-0.223534314000027	-0.1311312151571156	-0.580693876323542	0.8784121384771864	0.8784121384772148	-0.02934413092168343	0.1745176554503418	0.2759162439095136	0.1304158950297513	0.542547863380598	0.2910235217421715	0.5650891324804185	-2.361248808724713	0.02093058843187628	-0.2852875769518426	0.9225085076156597	-2.274875372502274	-2.27487537250229	0.4720509779255624	-0.001376524893408515	-0.5758745578681908	-0.1860499959478442	-0.1221100993478815	-0.01112477708063779	0.01887802197332302	-0.2926532155670279	0.04152682625296873	-0.00286646273530301	0.1740050100269915	-12.41574892562609	-25.98173944237743	-4.581472855495759	-0.2327876814399271	-6.181850799010831	-586.1782472067001	64.19842160410727	-0.01475291811426275	0.5704255337254909	-1.137363576633963	0.1191378903733687	-0.2142272762495898	-0.4881744360498727	1.473498303817175	-0.1834153510110209	-0.1834153510129921	0.3995677313666873	-0.06595360628358517	-0.420765597017372	-0.2873098827828545	2.081933762659581e-07	1.139873076701967e-07	-1.879972531359388e-06	1.087417434547657e-06	1.195940782021319e-07	3.996182994264433e-07	-1.206209125115558e-06
1.58	-0.06795285380117176	0.03560333350127398	0.8366039988988735	0.7396937809646089	-0.2233351970175698	-0.134007613866221	-0.5713966457927979	0.8556579187042757	0.8556579187042794	-0.02460477232161088	0.1744991259558609	0.2701377831448885	0.1285423874147837	0.542050585597204	0.2965408903747972	0.5533763869592804	-2.358913139755436	0.01890238476656919	-0.2899479386788666	0.9367617249673487	-2.275623198474263	-2.275623198474291	0.4757749987778995	-0.002382209760933901	-0.5797055672149262	-0.1885836464337891	-0.1141476151734841	-0.01228879543839186	0.01879168916666583	-0.2883906121918676	0.042797447096095	-0.004072761183694037	0.1665898526246594	-13.59254263157625	-25.33091771831219	-4.869501867635205	-0.3261215114240095	-6.014669046668964	-581.0499390826159	63.55050227360607	-0.08947456893651211	0.5324383502249174	-1.205945827332497	0.3574319293998142	-0.1828573689298567	-0.435619828387608	1.381730667568212	0.03895040117950935	0.03895040117950921	0.3323395969114	-0.1542341964382047	-0.3415230931958114	-0.2054408768209784	2.048356636810967e-07	9.019851287968684e-08	-2.069977569480826e-06	8.592730872200412e-07	1.515062751939973e-07	3.895554813196221e-07	-1.308200905650805e-06
1.59	-0.06253737904094289	0.03859476168684758	0.8420765613251114	0.7161251413763173	-0.2231559410277692	-0.1369299611255287	-0.5619622432241907	0.8329065939405684	0.8329065939405845	-0.01983038428720553	0.1744693597930129	0.2643244947059061	0.12664577017196	0.5409433983365818	0.3016777431483876	0.5410377494713784	-2.354458348356245	0.01695874255127956	-0.2944736873045907	0.9499303091260525	-2.27428353735577	-2.274283537355801	0.4790514436953298	-0.003615467486390311	-0.5828316941420824	-0.1906732843388595	-0.1062818499795144	-0.01359753881709306	0.01869758310304372	-0.2845062810761312	0.04421477053789463	-0.005381485440441111	0.1593124726969354	-14.75304127736886	-24.67830823680567	-5.208696566201692	-0.403307225898014	-5.839959285116607	-576.4900836239881	62.91128019822384	-0.1364853299860657	0.494298706801289	-1.262502014731691	0.5429708315270022	-0.198748356095172	-0.4536237004342158	1.256150345853839	0.2351667389402209	0.2351667389398497	0.3172890140958887	-0.1144934236701067	-0.2800111449161687	-0.2010650158551151	2.010688721173362e-07	6.571628881657594e-08	-2.256378871931898e-06	6.136938387167376e-07	1.834724821674692e-07	3.742238059539041e-07	-1.388249254843658e-06
1.6	-0.05713600505839338	0.04163555639333191	0.8474228015154279	0.6926117433192857	-0.222995847601769	-0.1398960801352538	-0.5524018092028306	0.8101794043424124	0.810179404342416	-0.01502483338861977	0.1744259366802562	0.2584835742671643	0.1247301885963849	0.5392304300615285	0.306414194556938	0.5281119397749547	-2.34786483350313	0.01506987200532171	-0.2987022887610983	0.9619680155180605	-2.270796165367034	-2.270796165367067	0.4820075716102421	-0.005113599734659151	-0.5852319671668648	-0.1923765129841357	-0.09841608478555737	-0.01490628219580827	0.01860347703925758	-0.2806219499604076	0.04563209397969232	-0.006690209697206907	0.1520350927692023	-15.89345388103588	-24.02534375088864	-5.545569888729879	-0.483444176979471	-5.671387460502959	-571.9334985242403	62.32178032983378	-0.2106307718227359	0.4523580772169267	-1.323380269036818	0.7851766201846173	-0.1719030350635935	-0.3761903945445259	1.155555114229063	0.4684925752281908	0.4684925752281905	0.2682761964078456	-0.207209101000336	-0.1963523127210691	-0.1281590248623264	1.962093950903864e-07	4.353563726681496e-08	-2.415488335133275e-06	3.746174864724328e-07	2.106268383499871e-07	3.614108355401355e-07	-1.441226909731965e-06
1.61	-0.05175483476622929	0.04472156521486725	0.8526369685766948	0.6691751976838479	-0.2228541511235828	-0.1429036283453625	-0.542726886872179	0.7874978515270022	0.7874978515270238	-0.01019216445568915	0.1743664728917225	0.2526222670288847	0.1227998026585682	0.5369001281567368	0.3107056102568221	0.5146347983098878	-2.339062730884513	0.01328310277759962	-0.3027563310380081	0.9728017733681509	-2.265138589709394	-2.265138589709426	0.4844598760987559	-0.006816360445072804	-0.5869105629818799	-0.1936343261549389	-0.09069630862546835	-0.01615307008703971	0.01844929908443165	-0.2768049984321908	0.04667925738149172	-0.008092417338925312	0.1448795902302104	-17.0110861649776	-23.53715820748887	-5.95255698108398	-0.5516460574024329	-5.294441578150317	-567.9047288963087	61.66501301000272	-0.2597593501245782	0.4052880007690255	-1.372812869096734	0.9849590066298073	-0.1802306641218832	-0.4121532015737046	1.015084533821697	0.6707241114405964	0.6707241114408438	0.223375915455587	-0.1574315417390563	-0.1356854146276859	-0.1150505933170515	1.897382070052325e-07	2.474980517424508e-08	-2.534342335441351e-06	1.451329062101512e-07	2.306837146158477e-07	3.523129549304926e-07	-1.454275290521066e-06
1.62	-0.04640007338317792	0.04784803913028018	0.8577137778665399	0.6458381194593792	-0.2227299556971662	-0.1459501453897092	-0.5329500672803428	0.76488414127827	0.7648841412782772	-0.005337038809778511	0.174288857098897	0.2467477593927084	0.1208587469630183	0.5339486482392665	0.3145072133324547	0.5006403854906106	-2.327971351308714	0.01156966165006664	-0.3064960556073031	0.9823474677551579	-2.257227652035405	-2.257227652035435	0.486498914202569	-0.008744000582559801	-0.5878720467463332	-0.1945104645308536	-0.08297653246540423	-0.01739985797829775	0.01829512112942218	-0.2729880469039898	0.0477264207832857	-0.009494624980679664	0.1377240876912023	-18.10420377672765	-23.04809620334022	-6.358494100474358	-0.621039727256784	-4.924545061001913	-563.8747087709858	61.04200626945047	-0.3348663743584823	0.3543955523666363	-1.42683453987886	1.243032011621062	-0.1572374150258354	-0.3133268530217547	0.8979424216124057	0.9191649784978426	0.9191649784978664	0.1856229194677627	-0.2521849864147439	-0.05292990260870999	-0.05182406588474704	1.901656905161739e-07	4.320215458546859e-09	-2.745137562991528e-06	-1.135434678400941e-07	2.612089754529495e-07	3.362969542919318e-07	-1.495042050338646e-06
1.63	-0.04107790436934269	0.05101015464262016	0.8626482529072085	0.6226231569210364	-0.2226224739759827	-0.1490332654002398	-0.5230843662519886	0.7423607171553969	0.7423607171554125	-0.0004641226135479179	0.1741914936056465	0.2408674221124577	0.1189109700326313	0.5303784606383193	0.3178413565774542	0.4861858720827997	-2.314652551447979	0.009929692791327391	-0.3100319930901576	0.990572536214018	-2.247074030892752	-2.247074030892783	0.4880595612574335	-0.01077604831128464	-0.5880586906517291	-0.1949929116848482	-0.07496059241957066	-0.01944364298695571	0.01815858796697917	-0.2706369407457468	0.05037104337595791	-0.0108495374776845	0.1305418659014258	-19.17210710133714	-22.08961720360501	-6.675854982533838	-0.688385503612398	-5.017176346074593	-560.677574470636	60.83835042551897	-0.3841087996209732	0.3118115584027849	-1.465013941991098	1.431584395794923	-0.1673134813141904	-0.3591654737107971	0.7517588028016833	1.120890131738723	1.12089013173865	0.1370588065996471	-0.185977698436783	0.01909284411426893	-0.03925146813466453	2.016673573787414e-07	-1.874803781006726e-08	-3.10352265532506e-06	-4.190803529710084e-07	3.085387483649363e-07	3.091755504490569e-07	-1.5803041028072e-06
1.64	-0.03579464000085027	0.05420338915697707	0.8674361319736471	0.5995524384658018	-0.2225313793153893	-0.1521488324411507	-0.5131430205900908	0.7199503151338742	0.7199503151338851	0.004423554694893744	0.1740723570286337	0.2349893432888746	0.1169598093451092	0.5261677191710503	0.320731013735841	0.4713211906446345	-2.299122534687445	0.008292249531899063	-0.3129854616847508	0.9974763944640417	-2.234623231766512	-2.234623231766544	0.4894511366364392	-0.01309861733342089	-0.5874203554123526	-0.1951872159579507	-0.0669446523737062	-0.02148742799550822	0.018022054804432	-0.2682858345875132	0.0530156659686578	-0.01220444997453105	0.123359644111661	-20.21500762776085	-21.1296122726128	-6.994362382795155	-0.7539339786204341	-5.112104792571621	-557.4627836309285	60.64735489713356	-0.4629771476227935	0.2654983350441217	-1.508868145949715	1.6852753915808	-0.1567322951636652	-0.1968330753696295	0.6337003798450812	1.378600575215133	1.378600575215128	0.1518085842960518	-0.3102892450968043	0.1120659263457426	0.005804510293597998	1.920283710324649e-07	-8.168221310780118e-08	-3.519931258852528e-06	-1.142645452093693e-06	3.873524813465322e-07	2.031692632266301e-07	-1.550299127668829e-06
1.65	-0.03055687515812549	0.05742300167307118	0.8720733941912392	0.5766489398489844	-0.2224554681337476	-0.155294631459212	-0.5031392422706966	0.6976759269519353	0.6976759269519206	0.00931979445551488	0.1739301080409095	0.2291218926078729	0.1150099025978341	0.5212915995213691	0.3230884931168456	0.4560764721796758	-2.281179629475271	0.006899789733895617	-0.3160738693385706	1.003023424363742	-2.219853544264926	-2.219853544264925	0.4897544287050947	-0.01538372129287932	-0.5859537835500668	-0.1947459194092267	-0.05964931146061673	-0.0222548377475471	0.01762677179465464	-0.2647881759999703	0.05355440887905195	-0.01384789049171095	0.1166674787375433	-21.23410017948748	-20.91695492336031	-7.564262135352112	-0.7848532419283375	-4.46460714223612	-554.8473379543257	59.84418739099569	-0.5140078126368309	0.2055451215537183	-1.540531025613482	1.908388127473491	-0.1299777310908221	-0.3499408479704388	0.4768275373980461	1.586258936584978	1.586258936589656	-0.0375597896285695	-0.1932128855325032	0.1815111335310028	0.06941263668334864	1.453932415707078e-07	-2.143817519564999e-07	-4.037881006969377e-06	-2.597759925702028e-06	5.212631444499471e-07	-4.088556991002368e-08	-1.318576854218315e-06
1.66	-0.02537068719969795	0.06066312345936013	0.8765565577584129	0.5539367882925741	-0.2223933765318775	-0.15846833380133	-0.4930876690038329	0.6755612568647822	0.6755612568647773	0.01421763727523164	0.173763889630784	0.2232726193089668	0.1130656328979508	0.5158523423118561	0.3248328677748069	0.4405014605609307	-2.260853122605585	0.005528333577006851	-0.318566126495691	1.007035383958073	-2.202679612805156	-2.202679612805125	0.4897717484625997	-0.01789250181882267	-0.5837848789933409	-0.194059806479639	-0.05235397054753883	-0.02302224749959101	0.01723148878519992	-0.2612905174124103	0.05409315178944513	-0.01549133100890309	0.1099753133634151	-22.22141899176082	-20.70614367574429	-8.138099420101916	-0.8110150314061955	-3.803441490637752	-552.273113001313	58.97177290863244	-0.5756046595891786	0.142877390435484	-1.574926776707019	2.161995723083204	-0.1525315669408063	-0.07760297602984702	0.3266863187710839	1.859449366851746	1.859449366851736	0.09461412206597475	-0.355024558393628	0.2525324652337233	0.05476778646627342	1.157506384317828e-07	-3.038968595832481e-07	-4.374278233172958e-06	-3.598354299620746e-06	6.112388728475663e-07	-2.324465875182717e-07	-1.104767374457536e-06
1.67	-0.02024198375047694	0.06391778197296641	0.8808824716130212	0.5314400192397671	-0.2223446613086127	-0.1616647438212303	-0.4830034639746354	0.6536305503671126	0.6536305503671143	0.01911337127561177	0.1735720865186314	0.2174489838133652	0.1111298987131422	0.5097850002020914	0.3260123251015561	0.4246459906493577	-2.238115966891374	0.004225771944090078	-0.3206530319730939	1.009548034217468	-2.18305884046881	-2.183058840468815	0.4892978831648366	-0.0204613414162448	-0.5807957773672521	-0.1930293233978536	-0.0443920713686693	-0.02529678181295101	0.01670567973863339	-0.2598882230264659	0.0571499949560112	-0.01653919720518353	0.1030449837241585	-23.16462098872694	-19.68735039398705	-8.306236348999084	-0.9082209052137312	-3.959124940561628	-550.5496456070945	59.20772516870723	-0.6378288949898525	0.09262768106727068	-1.596232130398798	2.387239770853289	-0.1184693531850291	-0.2650301073469324	0.1749162299467093	2.073794002622726	2.073794002617209	-0.1307895273595589	-0.2075395832357067	0.3442283344207758	0.1347044976661226	1.185937473806265e-07	-3.10853495756264e-07	-4.363589755718804e-06	-3.730013188838693e-06	6.172213437193963e-07	-3.236517813222107e-07	-9.252029414565459e-07
1.68	-0.01517705970401922	0.06718166461529444	0.8850487557621106	0.5091821545991539	-0.2223088418800205	-0.1648801820506546	-0.4729018600727596	0.631908132159916	0.631908132159938	0.02400188608866955	0.1733546498259586	0.2116596651986496	0.109205972544878	0.5030964617595467	0.3266776935191621	0.4085755194571291	-2.213072240166634	0.002949174642452526	-0.3223717684005598	1.010515158493792	-2.161021954708595	-2.161021954708637	0.48832791100059	-0.02301921792643523	-0.57692150281619	-0.1916982031708069	-0.03643017218979726	-0.02757131612629932	0.01617987069226262	-0.2584859286405129	0.06020683812258017	-0.01758706340145041	0.096114654084902	-24.05792538717882	-18.67698242314716	-8.484412395588333	-0.994042853044642	-4.079276014879945	-548.9383016447505	59.3597775674326	-0.6998439261451446	0.04005960860685417	-1.617927032838144	2.623309925189021	-0.147338700685016	-0.003969166042554036	0.01758112215675534	2.342672051625535	2.342672051625546	-0.004607251230709041	-0.3528319409471503	0.4295670502283676	0.1148952155184789	1.001519432845115e-07	-3.091728464325378e-07	-4.045558370044686e-06	-3.75087500463686e-06	5.860525972769949e-07	-3.902451586967439e-07	-6.409103594153373e-07
1.69	-0.01018231317477489	0.07044924090103033	0.8890533347052175	0.4871872839578693	-0.2222850280829344	-0.1681097751381035	-0.4627982639443921	0.6104186239205286	0.6104186239205256	0.02887753511038609	0.1731103148641276	0.2059133765823676	0.1072976140057894	0.4957595181219843	0.3267136901216691	0.39231729973575	-2.18545735145107	0.001861339473652837	-0.3235610960180674	1.009918292018829	-2.13644969159839	-2.136449691598441	0.4865897003202808	-0.02579296752186894	-0.5722080830943067	-0.189874350976867	-0.02957894518304457	-0.02725422258830561	0.01530188449094813	-0.2548553800793311	0.05994240235295119	-0.01923502931676057	0.08992802663092142	-24.89586736599901	-18.82197640995478	-9.125616820227723	-1.00592155931949	-3.109487243817146	-547.8325644494938	58.30479680892788	-0.7646413188949468	-0.03313110774005489	-1.633298017188235	2.897222960887365	-0.08311546579386399	-0.1788616860516039	-0.1411868064452617	2.579005030522281	2.579005030520782	-0.2907973471544067	-0.2320615539427376	0.5115479831163026	0.2302195746735255	3.714485250051428e-08	-2.894078806000077e-07	-3.084027770285021e-06	-3.539755447962366e-06	4.770984895829224e-07	-4.053075454222096e-07	-1.373432153211723e-07
1.7	-0.005263740429173456	0.07371347699402847	0.8928946257360305	0.4654818911269682	-0.2222708145457032	-0.1713517509270148	-0.4527092097355989	0.5891877386301814	0.5891877386301853	0.03372932815114139	0.172839759389361	0.2002180858732943	0.1054103118593085	0.4878617050311018	0.3260096549716157	0.3759179369983307	-2.155176678089624	0.001029122672194097	-0.3248483086934522	1.007606774578975	-2.109297364896012	-2.109297364896074	0.4835567148110391	-0.0282633205213573	-0.5667219213745023	-0.187486924649252	-0.02272771817629636	-0.02693712905029709	0.01442389828998528	-0.2512248315181375	0.0596779665833277	-0.02088299523205033	0.08374139917693328	-25.67335277339184	-18.97682623254291	-9.774937479321217	-1.009205558862193	-2.112886850394118	-546.8855483505293	57.16786142392153	-0.812017816809161	-0.107946741905234	-1.646155636046199	3.156466854365239	-0.09621502721689561	-0.02354617761804943	-0.3253490708216008	2.858684770060133	2.858684770060143	-0.263562217017172	-0.2921526217579636	0.5841154498126132	0.227610042253472	2.433031553843414e-08	-1.958181402625316e-07	-2.120281022266405e-06	-2.41792891384171e-06	3.242709884666088e-07	-2.268371455480715e-07	-6.799866722870642e-08
1.71	-0.0004266449174837772	0.07696737187804766	0.8965715061914561	0.4440910325821731	-0.2222664637918902	-0.174598975171579	-0.4426523550038307	0.5682412449869702	0.5682412449870032	0.03855421157008165	0.1725424301262965	0.1945810399423777	0.1035454590094171	0.4794364746855737	0.3246818623377277	0.3594539182178337	-2.122569885664851	-0.0001183579772855494	-0.324602689686979	1.003486243441976	-2.079573889470903	-2.079573889470919	0.4812000068313319	-0.03115469983895185	-0.5605118568728401	-0.1853782397829246	-0.01436827655948218	-0.03007315447363402	0.01362575056000195	-0.2514509805627062	0.06427933487785407	-0.02140023018635819	0.0768024522337117	-26.38579636855263	-17.53319474388199	-9.653511478686569	-1.135124915934439	-2.62387203123329	-546.8566687306229	58.12442533148732	-0.8759010290175016	-0.1583367359260056	-1.646991582619955	3.376585224942331	-0.1174826420893325	0.0481563212004326	-0.4970943850388976	3.093259957265057	3.093259957271825	-0.2546111146797833	-0.279891953207383	0.6657563321640693	0.218606031069072	1.269586523667682e-07	6.756858143632801e-08	-1.151437133252204e-06	7.985236684052137e-07	7.053468247913581e-08	3.967586635051755e-07	-9.973660899401927e-07
1.72	0.004322573213632051	0.08020536059336857	0.9000836531423626	0.4230390019193102	-0.2222722814562262	-0.1778438351497948	-0.432645043433412	0.5476048023037631	0.5476048023037526	0.04334895070399778	0.1722177347967126	0.1890113555328414	0.1017049146726384	0.4702862289163323	0.3228284212319646	0.3429712360945247	-2.087411101703732	-0.001004560957811523	-0.3243754554236798	0.9976981423089929	-2.047287172904646	-2.047287172904617	0.477527857802324	-0.03373653381442886	-0.5532496170983349	-0.1826252220267229	-0.006008834942641652	-0.03320917989693418	0.01282760282956209	-0.2516771296072853	0.06888070317239101	-0.02191746514061124	0.06986350529050962	-27.02924853133827	-16.09599684163948	-9.532662142639623	-1.261582071361225	-3.158258892105758	-546.9231854913062	59.2105788935596	-0.9570209015518764	-0.2130764362802602	-1.649888304608594	3.666865161634297	-0.04395949342614035	-0.0272231262528991	-0.6588630700186425	3.371332998289708	3.371332998289818	-0.5266504268772784	-0.2302435533343339	0.794550504381221	0.3564766202283254	1.960283751416325e-07	2.563473052404592e-07	-3.963605609358179e-07	3.130873101871287e-06	-1.166433529416499e-07	8.522385534300658e-07	-1.665586785809136e-06
1.73	0.00897684368443287	0.08342189730945666	0.9034310345381844	0.4023514152206957	-0.2222860967874142	-0.1810845625003728	-0.4227041592202874	0.527304088978011	0.5273040889780048	0.04810209431220237	0.1718676953310249	0.1835190364323566	0.09989428487546129	0.4604677563702729	0.3203630792982299	0.3265162887557019	-2.049668081728844	-0.001756596288525914	-0.3236483798741341	0.9901766525224907	-2.012414575605135	-2.012414575605121	0.4730057339040207	-0.0362698818779571	-0.5450819149810334	-0.1794683572126853	0.00130256180148927	-0.03428814808113911	0.01208925429209294	-0.2500984182219771	0.07068303609983087	-0.02351630208396018	0.06368117428871935	-27.60058963111787	-15.68869626140065	-10.07881867471085	-1.262350521707605	-2.666530443588272	-547.6701398704869	58.8319077231131	-1.009265204289133	-0.2806691991510788	-1.641430506561563	3.89377182685044	-0.0900207679640961	0.1413850851644861	-0.8440991019669268	3.611326954903886	3.611326954901412	-0.4290612819286173	-0.2640647156895592	0.8476958650815857	0.3005358213461933	1.800030408523418e-07	2.559414629543877e-07	-1.833368273888866e-07	3.22138955092879e-06	-1.350486308540516e-07	8.814245055651987e-07	-1.671613995755921e-06
1.74	0.01352992847514052	0.08661029938076099	0.9066142399490089	0.3820544090041141	-0.2223072715149205	-0.184314276657535	-0.4128475513388289	0.5073653223970669	0.5073653223970734	0.05280720309928712	0.171492485528165	0.1781123575129809	0.09811627260829567	0.4500490928979813	0.3172014922752137	0.3101360390950926	-2.009295005296584	-0.002476440222039766	-0.3221728167403453	0.980842875975963	-1.974897823940746	-1.974897823940749	0.4679208935808475	-0.03877060125459098	-0.5361215808766536	-0.1761017160244552	0.008613958545595003	-0.03536711626534333	0.01135090575487512	-0.2485197068366791	0.07248536902726523	-0.02511513902731346	0.05749884328691265	-28.1001552518989	-15.28454360991233	-10.62038685889975	-1.269722956390677	-2.216957729712196	-548.4983772476677	58.59389385888388	-1.077059086798388	-0.3523254541365696	-1.634948768965924	4.192876453108922	-0.03752121398606816	0.1224743905956306	-1.021320422023821	3.900163871265302	3.900163871265265	-0.6391937118512836	-0.2237178159553666	0.9530769017968456	0.3984318950668124	1.722299187884845e-07	2.509651412501679e-07	-1.312987456048212e-07	3.207775286522302e-06	-1.36658686826134e-07	9.053702401177011e-07	-1.697382153924701e-06
1.75	0.01797614458846025	0.08976368543365253	0.9096342408531254	0.3621737474982623	-0.2223352599008363	-0.1875268630748693	-0.4030936404117559	0.4878146620251569	0.4878146620251678	0.05745747129656897	0.1710933808094705	0.1727993477896358	0.09637334706128668	0.4390923641689035	0.3133676367799446	0.2938910479998758	-1.966397668906886	-0.003113341918532092	-0.3202186925908764	0.9696467320180129	-1.934782001605222	-1.934782001605229	0.4620123796458407	-0.04104132230663589	-0.5263309009166537	-0.172439377955482	0.01602494634284076	-0.03739591411842079	0.01072111830893949	-0.2478669335865712	0.07513721289769787	-0.02661043799883242	0.05142176543132244	-28.53363235946238	-14.64997954780038	-11.07794442787622	-1.289003097869802	-1.989584901975926	-550.1284013310009	58.76366081612026	-1.120239769922517	-0.4151391474095884	-1.61505401953205	4.404126168591749	-0.0752584852823298	0.2511767818665924	-1.212647995767498	4.13508888190943	4.135088881908936	-0.5846835537026174	-0.2269161039774268	1.014485644246605	0.3569233538497981	1.876264695114222e-07	2.331563196411463e-07	-5.312588399242098e-07	2.901794018928437e-06	-9.111292735039482e-08	9.146030560728174e-07	-1.778576820562931e-06
1.76	0.02230974141369619	0.09287548822155356	0.9124926358983433	0.3427352521436471	-0.2223693140712786	-0.1907160491797618	-0.3934604682468804	0.4686787193700534	0.4686787193700581	0.06204505369065823	0.1706719355094248	0.167588729286118	0.09466840261317511	0.4275252352814239	0.308884839277114	0.2778148673153625	-1.92086177504954	-0.003689597127113499	-0.3174927542516393	0.9566951235365989	-1.891954280581157	-1.891954280581167	0.455383732935732	-0.04323871752461917	-0.5156433369108507	-0.1685054962450122	0.0234359341401193	-0.03942471197142051	0.01009133086296063	-0.2472141603364544	0.07778905676815792	-0.02810573697023884	0.04534468757573991	-28.90395706404263	-14.01270649387429	-11.53217380489024	-1.312075299410293	-1.810253510878668	-551.7492568041855	59.0443886138867	-1.199139118478692	-0.4821138556488588	-1.601186686825217	4.7205879466385	-0.02539191640388524	0.2768372285492142	-1.372413326716635	4.442543608973644	4.442543608973669	-0.7832202668716642	-0.2090526491429448	1.132453710957446	0.4527406233661446	2.003329621745482e-07	2.161980949060983e-07	-8.860049899975069e-07	2.611121249674983e-06	-5.009625797132369e-08	9.22390915372936e-07	-1.839966651472572e-06
1.77	0.02652490111073561	0.09593913161751069	0.9151913001721779	0.323765051928185	-0.222408649394857	-0.1938750175836686	-0.3839662226400922	0.4499843892909732	0.4499843892909721	0.06656192455456114	0.1702295555219255	0.1624893260240438	0.09300436593165082	0.4154072256146883	0.3037265228900053	0.2619581496790453	-1.87271917203376	-0.0041709341844536	-0.314167456368685	0.9418274616013559	-1.846446505165506	-1.846446505165518	0.4478608243807228	-0.04521357935731173	-0.5040957620093875	-0.1642641647429647	0.03089817146374943	-0.0414742467872354	0.00950878568389951	-0.2469573659103652	0.08044759390471404	-0.02992265397881732	0.0392825177016791	-29.21472462207133	-13.44506134790466	-12.14822762814353	-1.297976390836553	-1.458223115656499	-554.0803514863347	59.14609870399405	-1.233053936301019	-0.5502885517637383	-1.571704326223214	4.929974737160407	-0.05832217315652935	0.3807794597906535	-1.592923059877677	4.674637423009414	4.6746374230091	-0.756307426303327	-0.1877549760668816	1.187162005906448	0.4155404640898369	2.046330234007627e-07	2.01897985402218e-07	-1.09945756430177e-06	2.368287537735312e-06	-2.323299514434012e-08	9.256632851261876e-07	-1.839466370730376e-06
1.78	0.0306158963020006	0.09894767224529213	0.9177326392648116	0.3052900533945027	-0.2224525616035569	-0.1969966523304233	-0.374630449739247	0.431759085549066	0.4317590855490763	0.07099967007759975	0.1697682165109892	0.1575096490362179	0.0913838847752403	0.4026923341267596	0.2978642856419732	0.2463498310752063	-1.821821438693477	-0.004604974152097712	-0.3100260228208463	0.9250005823481435	-1.79814901314391	-1.798149013143925	0.4395586647661996	-0.04703052221939039	-0.4916980820612954	-0.1597943912222818	0.03836040878738645	-0.0435237816030393	0.008926240505093743	-0.2467005714842675	0.08310613104127661	-0.03173957098738443	0.0332203478276162	-29.47012746103317	-12.86962829530114	-12.76040904081455	-1.287361974287762	-1.159143833578431	-556.3316181209412	59.33431084253068	-1.318515482717288	-0.6228980278335579	-1.551506880329554	5.271614011539012	-0.01593249846471161	0.4400643615260522	-1.764256790310502	5.000486930162657	5.000486930162579	-0.9390704787744518	-0.1774688550200935	1.302474720283245	0.4984290270932371	2.088876634062512e-07	1.882798015656185e-07	-1.306488846219237e-06	2.125437233061566e-06	2.430681163581551e-09	9.269181318931527e-07	-1.829708309588857e-06
1.79	0.03457718556749272	0.1018941694603714	0.920119331083449	0.2873371560589744	-0.2225004151315799	-0.2000737030206983	-0.3654730982742992	0.4140304786875202	0.414030478687534	0.07534977329440712	0.1692902120425561	0.1526582900992523	0.08980951119646839	0.3894731092665941	0.2913271043114072	0.2310416177259006	-1.768309955182694	-0.004966866279966703	-0.3052397893328543	0.9061472335172364	-1.747096318608696	-1.747096318608695	0.4303384234563202	-0.04853267701832189	-0.4784193340042069	-0.1550500137220515	0.04587067610300084	-0.04595637206935988	0.00835823780353508	-0.2472921582383699	0.08657649981805449	-0.03374287773883279	0.02727089594308143	-29.67484420649875	-12.09414061327195	-13.4329475914155	-1.250633939048957	-1.045792185429145	-559.3782211933144	59.57803893076365	-1.337492059453591	-0.6853279401311961	-1.512332505550625	5.458134983181295	-0.04641342604740673	0.5198813157875145	-1.994245498095363	5.229023548577955	5.229023548580368	-0.9321612939283797	-0.1306259678117246	1.363766908370579	0.466930983272836	2.129833291391992e-07	1.770483575645015e-07	-1.49104560478292e-06	1.882528853818556e-06	2.389580465478687e-08	9.211116482081164e-07	-1.787548017049711e-06
1.8	0.03840350937002211	0.1047720549112521	0.9223545699799295	0.2699328174510134	-0.2225519067520956	-0.2030984956814228	-0.3565139546113851	0.3968266713379906	0.3968266713380103	0.07960394203071175	0.1687983785910765	0.1479443570548488	0.08828347916705587	0.3756992415349523	0.2841419328022865	0.2160592466438373	-1.712109693178574	-0.005332592651809733	-0.2995744169107937	0.8853590219417599	-1.693189110738397	-1.69318911073838	0.4203717686730932	-0.04979631883654346	-0.4642129035491619	-0.1501260813504232	0.05338094341855904	-0.04838896253569433	0.007790235102238475	-0.2478837449925015	0.09004686859481831	-0.03574618449030854	0.02132144405850846	-29.83385096421006	-11.30540711388329	-14.10178369496786	-1.216077536984328	-0.9849056537456092	-562.2611038266232	59.87874719253227	-1.429444057012499	-0.7524960635445119	-1.486338426881054	5.809369710206271	-0.01669934725953287	0.6158921483397102	-2.151229339224372	5.571389597179408	5.571389597179529	-1.088353173443972	-0.1297662588780552	1.488011199874535	0.5343400013728296	2.084263495644261e-07	1.659779731704167e-07	-1.579824854192841e-06	1.654017518254234e-06	3.620289597241741e-08	9.211706446475431e-07	-1.712143583957154e-06
1.81	0.04208965835157033	0.1075746657306901	0.9244417774939708	0.253103761978024	-0.2226065751626151	-0.206062445626512	-0.3477728629122043	0.3801758818195782	0.3801758818195782	0.08375354186037114	0.1682948697456532	0.1433768756802279	0.08680817105355873	0.3614377448037345	0.2762530982786666	0.2014452500229908	-1.65321373037279	-0.005578859465526565	-0.2931188491241873	0.8625237122116355	-1.636482916741517	-1.63648291674151	0.4093480843852967	-0.05082308985160746	-0.4491459408924923	-0.1448803706452268	0.06028402755670855	-0.05020077865581112	0.007223415107692341	-0.2475961149173551	0.09158608791339154	-0.03783628127351894	0.01581515880587991	-29.95231038569093	-11.1997483804349	-14.90154683026157	-1.190764445336953	-0.248985870940167	-565.8913837666362	59.91482503640304	-1.438433856909476	-0.8261485060725033	-1.439288520358653	6.00286483266133	-0.02517117457342353	0.6751467321589524	-2.400022642318894	5.793088131817131	5.793088131815433	-1.13945113745671	-0.07653403101431541	1.53667306388644	0.5279551207576634	1.696914210241545e-07	1.555437742241088e-07	-1.290282942445404e-06	1.482374505220726e-06	1.233576020442781e-08	9.443982875785989e-07	-1.505424795678625e-06
1.82	0.04563040609065451	0.1102945739330312	0.9263847733936696	0.2368782971864674	-0.222663022406499	-0.2089588883660692	-0.339270192480809	0.3641067250072865	0.3641067250072973	0.08778688983092713	0.1677836128884996	0.1389641907852384	0.08538697375024654	0.3466189930432078	0.2676014093829387	0.1872169237753439	-1.591391556891122	-0.005688359325080186	-0.286072975804067	0.8376747683850266	-1.576862569509644	-1.57686256950965	0.3971213968571277	-0.05134592119443118	-0.4332536076228916	-0.1393039193134433	0.06718711169485732	-0.0520125947759078	0.006656595113489029	-0.247308484842209	0.09312530723197397	-0.03992637805670501	0.01030887355323727	-30.0354177736495	-11.0752506819599	-15.69793860435079	-1.166072900959154	0.4308391755406753	-569.2734404341958	59.9805721373173	-1.540895062874226	-0.9050669379660843	-1.409204352241128	6.394611845383255	0.01065404357309521	0.733953255042455	-2.553956158521193	6.154220244177808	6.154220244177746	-1.328953821518454	-0.0289783244299526	1.653085322460785	0.6004881266902621	1.390209227412242e-07	1.570964267902784e-07	-9.934311492738931e-07	1.510281949421966e-06	-1.791151045495018e-08	1.030882021843774e-06	-1.433039561037737e-06
1.83	0.04902097315170503	0.112924413083965	0.9281876107221326	0.2212836819256266	-0.2227212956253915	-0.2117783239091266	-0.3310271114568386	0.3486472910085658	0.3486472910085705	0.09169609542314826	0.1672672278259812	0.1347139728795912	0.08402112875321904	0.3313962391035908	0.2582601428040494	0.1734194426383515	-1.527052284878399	-0.005953594445747784	-0.2776946452113383	0.8105874918029801	-1.514524765881635	-1.514524765881638	0.3845254155771647	-0.05185521532993142	-0.4166256191982126	-0.1338132709338296	0.07500597100303706	-0.05539151303914115	0.006140816054913644	-0.249646431356394	0.09785491538586595	-0.04217112085500003	0.004273701852131263	-30.08829284404374	-9.975281034012667	-16.43687362427477	-1.097794076651634	0.3286118355850256	-573.356275816535	60.5564156228409	-1.52770689086165	-0.9646234774970375	-1.354342251722804	6.525479619101958	-0.04273073427204164	0.908195788426499	-2.839205098980572	6.348450204732422	6.348450204732818	-1.253852643413322	-0.04995993681326511	1.692277041117446	0.5314458749806632	1.446403606163266e-07	2.125899111625924e-07	-6.636848896940504e-07	2.436166451179504e-06	-7.686938812557355e-08	1.402018167112464e-06	-1.965155317766181e-06
1.84	0.0522563644070853	0.1154576461771803	0.929854608787767	0.2063468383328867	-0.222781744884363	-0.2145102915808493	-0.3230655215368761	0.3338262130026491	0.3338262130026431	0.09547355473011937	0.1667481388263804	0.1306349591459212	0.08271180877626447	0.3155838319097362	0.2482801978392519	0.160049071209628	-1.459837223270268	-0.006123567341830763	-0.2685794015370691	0.7813765475835779	-1.449191370948825	-1.449191370948826	0.370772139810075	-0.05188670861356662	-0.3990127732276935	-0.1279989152988651	0.08282483031120462	-0.05877043130238069	0.005625036996441593	-0.2519843778705825	0.1025845235397561	-0.04441586365330631	-0.001761469848985098	-30.11360596365637	-8.848124394911716	-17.17120523054458	-1.030070002541835	0.126111776015537	-577.0798990772994	61.24916640893157	-1.658825713721731	-1.032802615147692	-1.323782410587347	6.96976976446471	0.0297064884900265	0.8813358713505097	-2.978689685992298	6.753338505138075	6.75333850513813	-1.560412718943793	0.0665818459430883	1.850056831628826	0.6652295777604318	1.461962664615665e-07	2.540662622612792e-07	-3.926515079457611e-07	3.128158898682433e-06	-1.229264461028851e-07	1.691116321282521e-06	-2.359163608379406e-06
1.85	0.05533115246421445	0.1178878154315358	0.9313901432724367	0.1920960788679933	-0.2228430660393138	-0.2171479584827709	-0.3154070080588975	0.3196731700553779	0.3196731700553821	0.09910675445264944	0.1662313234699078	0.1267368717588521	0.08146269034898466	0.2992946186932147	0.2376399226017336	0.1471326778336099	-1.389855124992303	-0.006163227643221836	-0.2587467677617176	0.7499667438180416	-1.380930073269162	-1.38093007326916	0.3557675104666905	-0.05144619049836192	-0.3804704443294943	-0.1218295416548754	0.08990352992692294	-0.06159130147558803	0.005245639096777668	-0.2536352990093835	0.1058108808269461	-0.0470705803173855	-0.007241920471549086	-30.11339782123764	-8.278309412720715	-18.17116548588652	-0.9314306892721882	0.4749727537897102	-581.4660184534491	61.42046766822826	-1.625859713100811	-1.096716371588448	-1.264052491154337	7.081367659292965	-0.02389377666684199	1.065656346789309	-3.276036350972866	6.935575202843052	6.9355752028434	-1.48541340555193	0.03769231529532325	1.876444370878312	0.592260318707115	1.26672599901894e-07	2.228287345030247e-07	-4.261911799486534e-07	2.606836314739582e-06	-1.020605019211423e-07	1.554642396628425e-06	-2.036739418519935e-06
1.86	0.05824067027167458	0.1202081666548089	0.9327988168853371	0.1785589279458437	-0.2229054020947189	-0.2196810132037083	-0.3080733747444033	0.3062173500455999	0.3062173500456088	0.1025869228090499	0.1657198943987864	0.1230282323511579	0.08027515947034251	0.2825297819773752	0.2263165916228015	0.134676896855757	-1.317115514721109	-0.006326547433144543	-0.2476569653398876	0.7164005148869738	-1.309746783450996	-1.309746783450993	0.3401658665826546	-0.05080945154371759	-0.3611231773527832	-0.115681405571329	0.0969822295426674	-0.06441217164878509	0.004866241197151103	-0.2552862201481776	0.1090372381141408	-0.04972529698145026	-0.01272237109409583	-30.09114414690625	-7.677087329993792	-19.16657229662127	-0.8324371263547371	0.7444028553761691	-585.418951688237	61.64848249332282	-1.753950413585381	-1.169413763430467	-1.231659930954306	7.521272163110469	0.004974590783721703	1.132769600646168	-3.409974719098637	7.337736932838716	7.337736932838547	-1.679815627074115	0.105826013831044	2.011044447331237	0.6609820656718114	1.060804009072966e-07	1.901210313886405e-07	-4.680800740993529e-07	2.036943741937875e-06	-8.04135805607708e-08	1.402783975490271e-06	-1.67638182322727e-06
1.87	0.06098044058272318	0.1224118592880987	0.9340853128465987	0.165763081616364	-0.2229683817732524	-0.2221001033641973	-0.3010866116660406	0.2934880533642534	0.2934880533642567	0.1059038291282745	0.165217700254617	0.1195175657382094	0.07915128259061957	0.2653386011579291	0.214307792387528	0.1226981015547107	-1.24157563130499	-0.006278539195797586	-0.2359776095608398	0.6805890417628333	-1.235619869357351	-1.235619869357346	0.3230783791047321	-0.049575225839704	-0.3408766106567706	-0.1090815749673881	0.103917860260834	-0.06731880739373575	0.004488129909785658	-0.2573833672727931	0.112387756307664	-0.0524326875730065	-0.01807540522169368	-30.05033402322375	-7.07874395665899	-20.18875057607785	-0.7253014698220964	1.06497633686403	-589.9577114059122	61.90517790819479	-1.714571104675252	-1.233740567670184	-1.169430009084243	7.642061359789333	0.003312432190479351	1.213127194559472	-3.721192462519689	7.524060126298018	7.524060126298432	-1.743837117917626	0.1404242841860475	2.051512806229442	0.661288940618593	7.900068355779928e-08	1.484872636120405e-07	-5.606606741474477e-07	1.172161951064569e-06	-5.402501204444027e-08	1.157519682841786e-06	-1.085714266375943e-06
1.88	0.06354572524785934	0.1244920384162167	0.9352543327189687	0.1537369771068276	-0.2230311616710147	-0.2243968782412925	-0.294468855089611	0.2815148041195691	0.2815148041195771	0.1090457362107533	0.164729489054618	0.1162133747973199	0.07809376509350865	0.2476326527964664	0.2016138905884491	0.1111816790774331	-1.163167150731801	-0.006286591279243282	-0.2231939086607741	0.6425992145007891	-1.158537296116889	-1.158537296116881	0.3051660192361538	-0.04801286271571836	-0.3198280429410352	-0.1024095290489116	0.1108534909790191	-0.07022544313867551	0.004110018622572393	-0.2594805143974092	0.1157382745011912	-0.05514007816455092	-0.02342843934928189	-29.99436214941924	-6.443172268828134	-21.20995364025796	-0.6119905755466117	1.352529471435924	-593.9452003861592	62.09310632291814	-1.856903921988767	-1.306434276191511	-1.139185366200548	8.094991594524592	-0.006237473374786697	1.353638624849725	-3.845645546679474	7.928868762202337	7.928868762202383	-1.844790105205312	0.1714534978254739	2.171444651275833	0.6754251285790071	5.174587075928259e-08	1.106448514192816e-07	-6.183910262394169e-07	3.864369910480544e-07	-3.239175821000823e-08	9.371954753197727e-07	-5.383399786930808e-07
1.89	0.06593198663343475	0.1264419313514497	0.9363105659071906	0.1425085126272011	-0.2230936679138162	-0.2265607816924883	-0.2882426224740025	0.2703267671162491	0.2703267671162611	0.1120029994573565	0.1642584686375666	0.1131237805587247	0.0771041870864668	0.2295337446253831	0.1882562010318398	0.1001369438039902	-1.082038574899147	-0.006212447216909059	-0.2094360874581736	0.6022741005906891	-1.078561787044222	-1.078561787044226	0.2861118403837596	-0.04610810441107663	-0.2979444828430331	-0.09547401912352094	0.1177596863431434	-0.07339044210473519	0.003674000625313985	-0.2623846235755621	0.1198505069419684	-0.05771050935253097	-0.02874320332854488	-29.92661479244526	-5.583467548357284	-22.14206166106858	-0.5018826068842385	1.441106644208116	-598.4065661216613	62.5381270614383	-1.799284863797821	-1.366721965249796	-1.076147388551203	8.19486096529053	0.01451956371190796	1.409466886881805	-4.181925517773001	8.108140089533501	8.108140089531645	-1.96199748593038	0.2124564097558445	2.218774659370396	0.7073785490639142	2.322161595537081e-08	1.002897672093685e-07	-4.234570806494409e-07	1.738740547432345e-07	-4.523453581934242e-08	8.976868849646767e-07	-3.048418924815423e-07
1.9	0.06813467881746627	0.1282549902571455	0.937258545786551	0.1321059479834284	-0.2231553768724584	-0.228582584327874	-0.2824308372384159	0.2599537348256047	0.2599537348256166	0.1147644677732867	0.1638089896861624	0.1102574145151722	0.07618491710358771	0.2109188124891325	0.1742470846810314	0.08953101730511523	-0.9979871835602969	-0.006127134447597918	-0.1947737454989041	0.5597097384966915	-0.9955363535821721	-0.9955363535821913	0.2660070331044072	-0.0437045695875495	-0.2751824039327126	-0.08834792421633743	0.1246658817072765	-0.07655544107080105	0.003237982628096259	-0.2652887327537145	0.1239627393827436	-0.0602809405405204	-0.03405796730779961	-29.85035903059062	-4.679216529131004	-23.07447969766699	-0.3824628203263638	1.512224586517804	-602.1878236499858	62.86291886237204	-1.960108715022306	-1.436719635031278	-1.051423611286971	8.67955469576386	-0.004003731979372398	1.534542776183504	-4.293495183459066	8.538853640078974	8.538853640078374	-2.054915790596985	0.2712088016025615	2.347148413739578	0.7135421249376465	-5.452436901402235e-09	9.002231443364983e-08	-2.238944074888424e-07	-3.192422320651352e-08	-5.842447677982299e-08	8.579322070817112e-07	-7.442134027822681e-08
1.91	0.07014928418248412	0.1299247443132947	0.9381026989731318	0.1225575793331497	-0.2232156444231901	-0.2304529833945263	-0.2770566457430192	0.2504255498836577	0.2504255498836698	0.1173187081584262	0.1633852653831591	0.1076229622724103	0.07533850708728518	0.1919122768143768	0.1595970966395244	0.07936385761063888	-0.9111935422977772	-0.005922987464338489	-0.1791578239044906	0.514750512715076	-0.9095953384587996	-0.9095953384588307	0.2446645705776749	-0.04095860383797245	-0.2515665447962928	-0.08090097938153597	0.1313106629966938	-0.07954996845297142	0.002766031745208927	-0.2686277324127146	0.1283343424649492	-0.0627563632184106	-0.03919599375864085	-29.76890267547078	-3.71353275345821	-23.96033343355295	-0.264235724888003	1.526930658848474	-606.3994299224378	63.28507011107207	-1.88444240397065	-1.495150808603132	-0.9895710222030162	8.753213393050244	0.03309377774963043	1.597299605539914	-4.653843455734027	8.697532509146258	8.69753250914491	-2.200381179981982	0.2884878127829086	2.390033963280045	0.7652337142694468	-3.545969242864069e-08	8.053478142226128e-08	1.686394105030138e-08	-1.775170417961151e-07	-7.470417156550687e-08	8.159873502007073e-07	1.286091592519e-07
1.92	0.07197112090869359	0.1314447960050501	0.9388471387880332	0.1138919360058	-0.2232737765312348	-0.232162786694337	-0.2721433879414842	0.241771936505082	0.2417719365050869	0.1196542299790133	0.16299144020789	0.1052289144809516	0.07456755912963418	0.1723650847289035	0.144306611802277	0.06958834296919872	-0.8214421189730803	-0.005700045910233657	-0.162654592131286	0.4675229997246234	-0.8206220409082345	-0.8206220409082732	0.2222633202001187	-0.03772474404249737	-0.2271015136723995	-0.0732555124860141	0.1379554442860893	-0.08254449583515726	0.002294080862353196	-0.2719667320717299	0.1327059455471447	-0.06523178589632375	-0.04433402020949278	-29.68533745935633	-2.694869136798153	-24.84758525498125	-0.1335935909000195	1.539076618016008	-609.7850567830914	63.53486366920679	-2.068239997165847	-1.564818994179288	-0.9730946006797352	9.271111108199293	-0.0002448178102588734	1.712004811941667	-4.747152625226551	9.145310125517454	9.145310125517764	-2.26667336076178	0.3687876107821681	2.516982811234339	0.7532465370817977	-6.484011290455579e-08	7.1018028197075e-08	2.538051944662467e-07	-3.18464312702832e-07	-9.051227087676234e-08	7.725842240710294e-07	3.266841073371112e-07
1.93	0.07359556477288054	0.1328088023160345	0.9394957759552555	0.1061375171506626	-0.2233290624709915	-0.2337026819725828	-0.2677146572607618	0.2340226107298907	0.2340226107299017	0.1217595596844705	0.162631418334458	0.1030837356344078	0.07387470999494687	0.1524371007087323	0.1283913246547047	0.06019027155350478	-0.7289453812404423	-0.005351256188867515	-0.1451838177535546	0.4178309991441742	-0.728726441599865	-0.7287264415998689	0.1986199543794248	-0.03419841197948573	-0.2017866815111835	-0.06527470262293658	0.1442896906880463	-0.08564135817288315	0.001801200651952438	-0.2758042823337407	0.1374566938666826	-0.06730478858309247	-0.04928943486998374	-29.60277028067315	-1.547607981328537	-25.54113932614369	-0.02973131495951264	1.400837567287869	-613.4553254100661	64.15911678302916	-1.96808310964941	-1.620404589140142	-0.9153550026553955	9.313389693160262	0.05330902440494231	1.78561616916608	-5.139044365909156	9.289207311140961	9.289207311146004	-2.440522099092927	0.3566459403257706	2.560864193366684	0.8264785911535862	-8.709028467166776e-08	6.116889503993988e-08	4.473269908558107e-07	-4.065684787167359e-07	-1.009559716663947e-07	7.125932852376841e-07	4.683896577364076e-07
1.94	0.07501812769581846	0.1340105515527241	0.9400519940901932	0.09932295259031716	-0.223380686882078	-0.2350636690233532	-0.2637946107041352	0.2272077454433281	0.2272077454433302	0.1236229849504499	0.1623090777688788	0.1011961312644374	0.07326286503493686	0.1319888964803003	0.1118551969433288	0.05110453651230275	-0.6334712600132342	-0.004967740175704869	-0.1268729466367255	0.3657861749055365	-0.6337299431857231	-0.6337299431856933	0.1738824323039426	-0.03018848246587427	-0.1755866183579074	-0.05705467755054684	0.1506239370899919	-0.08873822051061915	0.001308320441429355	-0.2796418325957369	0.1422074421862232	-0.06937779126987111	-0.0542448495304886	-29.52401887505268	-0.3383359310803932	-26.23761125715588	0.09033076222228792	1.273885951429044	-616.1430379019104	64.55908116052188	-2.172284038818002	-1.688987106939942	-0.9106273257813557	9.866587807113298	0.006700440549075769	1.880024159761178	-5.217717356864222	9.765489946671948	9.765489946672043	-2.485504611719497	0.4655071009021222	2.694029009646487	0.801089578944316	-1.085545196415657e-07	5.126281014003866e-08	6.35269340003636e-07	-4.908962905267979e-07	-1.107940771525802e-07	6.507777095377466e-07	6.050383951493139e-07
1.95	0.07623434892752759	0.1350438775434906	0.9405188626025514	0.0934769422144473	-0.2234278119306956	-0.2362367748819973	-0.2604076955460574	0.2213576318165048	0.2213576318165363	0.125232809567768	0.1620280970334326	0.09957483855313046	0.07273499906411834	0.1111671224540002	0.09470795349496794	0.0423025458165742	-0.5352288017353427	-0.004445558874149742	-0.1076213322977079	0.3111908071616334	-0.5357752119600521	-0.5357752119600372	0.147892424069944	-0.025932170968738	-0.148525639955331	-0.04846989397563835	0.1565580997479873	-0.09099795211224251	0.0008099149975076673	-0.2839125698344156	0.1474418606909585	-0.07163768896877426	-0.05898286684701669	-29.45187692087487	1.003067168134028	-27.00984340977762	0.2427195993344191	1.017212322699355	-619.0415177106037	64.72194241756807	-2.05037198456397	-1.742922456482062	-0.8598831182713227	9.878371805914339	0.07674185771574356	1.966654841594031	-5.64135391551823	9.888125591500501	9.888125591498266	-2.684184503886394	0.4169112550221725	2.73406287190135	0.8945312428282964	-1.178367342546445e-07	4.047397322726271e-08	7.367302569044977e-07	-5.166906121772981e-07	-1.11245455435336e-07	5.606802624056266e-07	6.633065312731597e-07
1.96	0.07723970283896324	0.1359026652012337	0.9408987315725926	0.08862841581490062	-0.223469362189746	-0.2372135796431152	-0.2575789155518913	0.2165025976781748	0.2165025976781772	0.1265770469877869	0.1617919230290573	0.09822854174912049	0.07229445262826173	0.08981543242659185	0.07694753033865075	0.03370462804890101	-0.4339744647459526	-0.003852782262300932	-0.08761272713379842	0.2541591421231486	-0.4347140454949467	-0.434714045494946	0.1207649928500975	-0.02122713623549099	-0.1205874368992276	-0.03959077055816702	0.1624922624058987	-0.09325768371391051	0.0003115095532272823	-0.2881833070731122	0.152676279195668	-0.07389758666773459	-0.06372088416359099	-29.38873758833927	2.415945070909028	-27.78561720236828	0.4140134027854442	0.7839325438034573	-620.7978208574538	64.61398849557908	-2.27826723903965	-1.811623048531118	-0.8698127401702862	10.46896354941301	0.02081950260784804	2.03142232473953	-5.704976815780534	10.38677699455881	10.38677699455904	-2.712989208889116	0.5552517481242576	2.869473940351983	0.859957547456949	-1.264735794353861e-07	2.963945325339954e-08	8.333319471460852e-07	-5.404508161971009e-07	-1.112009043388303e-07	4.689636478251031e-07	7.182254971675068e-07
1.97	0.0780296089360501	0.1365809061540836	0.9411935234405359	0.08480638464429144	-0.2235041965876388	-0.2379859027877542	-0.2553334266851645	0.2126730915648289	0.2126730915648392	0.1276436820190294	0.1616038355109122	0.09716604307473921	0.07194472852483705	0.06807662737851246	0.05860834983847731	0.02526364389323375	-0.3299361234125844	-0.003098059858656617	-0.06674033314928599	0.1945288303162062	-0.3306688896193605	-0.3306688896193595	0.09237132079489822	-0.01632643498256094	-0.09175663976915965	-0.03029451382531304	0.1680535420834946	-0.09775119858526091	-0.0001496265709167007	-0.2932489624005443	0.1583735242039069	-0.07395987004896003	-0.06825589666667828	-29.33691093848067	4.103948533467638	-27.53918810116835	0.3999444191749821	0.1676800600638069	-622.6270487520494	66.59907104532266	-2.135068763538992	-1.858929668166975	-0.8297142503200886	10.44561318987747	0.1052220966684313	2.131782577442206	-6.153528499155045	10.49115066211915	10.491150662119	-2.931084922185401	0.4669715537935734	2.913218050566384	0.97345588198882	-1.197829005981185e-07	1.77199605787149e-08	8.145270042299131e-07	-5.159007264878412e-07	-9.937803048486275e-08	3.387918063449973e-07	6.936016701112595e-07
1.98	0.07859945065748061	0.1370729824784501	0.9414042108675128	0.08203960563992621	-0.2235309990640207	-0.2385461750641254	-0.2536965349637069	0.2098995901658901	0.2098995901658899	0.1284206745861314	0.1614666534531836	0.09639651946190261	0.07168976621789878	0.04580255729653814	0.03971460464197283	0.01688373985563106	-0.222924031496077	-0.002246397957993708	-0.04520255347935402	0.1324397130691187	-0.2235131026213429	-0.223513102621344	0.06283650000569582	-0.01104604413298354	-0.0619924245898	-0.02063841126089325	0.1736148217611368	-0.1022447134565952	-0.0006107626954085752	-0.298314617727889	0.1640707692121828	-0.07402215343014884	-0.07279090916976365	-29.29819288654935	5.87229159632449	-27.29870660881735	0.4096855884201702	-0.4116712984972625	-623.156320903821	68.26744022953834	-2.38532024581867	-1.922535987797213	-0.8575967165573739	11.06371366604081	0.04020740201158978	2.164499461823427	-6.196737903809547	11.00890321904505	11.00890321904483	-2.941218955689749	0.6311896674537187	3.056157550210444	0.931926713770172	-1.12740047228224e-07	5.739568479866668e-09	7.929856418725952e-07	-4.903282739435829e-07	-8.723857182741395e-08	2.07636179827595e-07	6.671332010863924e-07
1.99	0.07894458292469336	0.1373731417591656	0.9415312146164897	0.08035722878331719	-0.2235484270546438	-0.2388870392569773	-0.2526940011428606	0.2082127955459073	0.208212795545928	0.1288960862078882	0.1613829080004007	0.09592900469181165	0.07153355257196478	0.02314323493899503	0.02020229645529666	0.008498375039049535	-0.1130290077434607	-0.001210254687209042	-0.02287768933714661	0.0676052524593428	-0.1133235683530266	-0.1133235683530255	0.03203871069889477	-0.00565770499105635	-0.03138190538799737	-0.01053321851372995	0.1780924316057893	-0.09819868398383318	-0.001015109030853303	-0.3023618369823271	0.1697139334883763	-0.07960407292353246	-0.07678866736125917	-29.27422633619059	7.306913734688003	-29.61249417961432	0.9393385052613412	-0.4861821574123445	-623.5757269561946	64.22913957730448	-2.218336045259485	-1.982827940818172	-0.8318316197740756	11.03074632964223	0.1396705750211903	2.280300520292823	-6.696069935801103	11.10232938284271	11.10232938284313	-3.180081952978282	0.4993901837906667	3.082783759820047	1.060516199353877	-8.861672902591533e-08	-9.194445690916974e-09	6.38727936619625e-07	-4.151712239018653e-07	-5.974475020111818e-08	2.876697900128904e-08	5.511995965834123e-07
2	0.07906070240542136	0.1374747280166712	0.9415737996661884	0.07978947208417277	-0.22355462305547	-0.2390018906823933	-0.2523536658873561	0.2076435664390206	0.2076435664390174	0.1290573153293304	0.1613543927683525	0.09577145204468486	0.07148053098233538	0	0	0	0	0	0	0	0	0	0	0	0	0	0.1825700414502593	-0.09415265451122504	-0.001419455366158402	-0.3064090562369215	0.1753570977644609	-0.08518599241714003	-0.08078642555280194	-29.26601580090519	8.830553822204426	-31.93146233757664	1.493539453021396	-0.5125736110894474	-622.5528129468796	59.84392228311348	-2.482102762109135	-2.060533641521189	-0.8801987610509806	11.69051046420964	0.07502968529647634	2.275064500811261	-6.750896273722944	11.63571003598709	11.63571003598622	-3.189403234108485	0.6850628372795373	3.210434787449529	1.017531867083557	-6.449341082360661e-08	-2.412845986170062e-08	4.844702313666548e-07	-3.400141738601478e-07	-3.225092857482242e-08	-1.501022218250169e-07	4.352659920804322e-07
