inDegrees=no
num_controls=7
num_derivatives=13
num_iterations=157
num_multipliers=7
num_parameters=0
num_slacks=7
num_states=26
objective=5.785056
objective_accelerations=0.683144
objective_balance=0.015712
objective_effort=0.488409
objective_height=4.527411
objective_ligament=0.070380
solver_duration=1353.415977
status=Solve_Succeeded
success=true
DataType=double
version=3
OpenSimVersion=4.4-2022-07-23-0e9fedc
endheader
time	/jointset/ground_pelvis/pelvis_tilt/value	/jointset/ground_pelvis/pelvis_tx/value	/jointset/ground_pelvis/pelvis_ty/value	/jointset/hip_r/hip_flexion_r/value	/jointset/hip_r/hip_adduction_r/value	/jointset/hip_r/hip_rotation_r/value	/jointset/back/lumbar_extension/value	/jointset/patellofemoral_r/patellar_flexion_r/value	/jointset/knee_r/knee_flexion_r/value	/jointset/knee_r/knee_adduction_r/value	/jointset/knee_r/knee_rotation_r/value	/jointset/ankle_r/ankle_angle_r/value	/jointset/subtalar_r/subtalar_angle_r/value	/jointset/ground_pelvis/pelvis_tilt/speed	/jointset/ground_pelvis/pelvis_tx/speed	/jointset/ground_pelvis/pelvis_ty/speed	/jointset/hip_r/hip_flexion_r/speed	/jointset/hip_r/hip_adduction_r/speed	/jointset/hip_r/hip_rotation_r/speed	/jointset/back/lumbar_extension/speed	/jointset/patellofemoral_r/patellar_flexion_r/speed	/jointset/knee_r/knee_flexion_r/speed	/jointset/knee_r/knee_adduction_r/speed	/jointset/knee_r/knee_rotation_r/speed	/jointset/ankle_r/ankle_angle_r/speed	/jointset/subtalar_r/subtalar_angle_r/speed	/forceset/tau_hip_flexion_r	/forceset/tau_hip_adduction_r	/forceset/tau_hip_rotation_r	/forceset/tau_knee_flexion_r	/forceset/tau_ankle_angle_r	/forceset/tau_subtalar_angle_r	/forceset/tau_lumbar_extension	lambda_cid13_p0	lambda_cid14_p0	lambda_cid14_p1	lambda_cid14_p2	lambda_cid14_p3	lambda_cid14_p4	lambda_cid14_p5	/jointset/ground_pelvis/pelvis_tilt/accel	/jointset/ground_pelvis/pelvis_tx/accel	/jointset/ground_pelvis/pelvis_ty/accel	/jointset/hip_r/hip_flexion_r/accel	/jointset/hip_r/hip_adduction_r/accel	/jointset/hip_r/hip_rotation_r/accel	/jointset/back/lumbar_extension/accel	/jointset/patellofemoral_r/patellar_flexion_r/accel	/jointset/knee_r/knee_flexion_r/accel	/jointset/knee_r/knee_adduction_r/accel	/jointset/knee_r/knee_rotation_r/accel	/jointset/ankle_r/ankle_angle_r/accel	/jointset/subtalar_r/subtalar_angle_r/accel	gamma_cid13_p0	gamma_cid14_p0	gamma_cid14_p1	gamma_cid14_p2	gamma_cid14_p3	gamma_cid14_p4	gamma_cid14_p5
0	5.122397143315255e-05	0.1279081604978929	0.9343377585557144	0.1934208783645156	-0.2164147548954201	-0.2374238857354564	-0.2903791543005566	0.2311793314021698	0.2311793314021609	0.1073915556272313	0.1620924924143435	0.08934340440958972	0.07840443784203929	0	0	0	0	0	0	0	0	0	0	0	0	0	0.1167591290046475	-0.06351808823369266	0.001210870172484323	-0.2496065446902892	0.1266820368149949	-0.06302772512034058	-0.03578748385575272	-29.52033626882262	-4.322296431371578	-24.09096306535445	-0.3505670754765013	2.038708290063069	-606.76654333182	57.41093212188944	-2.17852516668063	-1.964118639638243	-0.9311419001812619	10.76137649758965	0.04352529468072929	1.999445607411872	-6.485308551859474	10.78116464082581	10.78116464082587	-2.915119894559285	0.5921708535792013	2.907930515367279	0.9079353417315368	4.013548607275439e-08	2.202086863660577e-08	-3.092570783536464e-07	2.4325762909878e-07	1.306377425192129e-08	1.618105393332189e-07	-2.867968453330853e-07
0.01	-5.104483669519266e-05	0.1278112777894019	0.9342925088160299	0.1939447112893167	-0.216410894285584	-0.2373243906853143	-0.290705136953955	0.2317079654405976	0.2317079654404231	0.1072450305979219	0.162119032786165	0.08948629874775985	0.07845117326705656	-0.02037134407310474	-0.01926954358056672	-0.009024066980031423	0.1042688530297126	0.0007510423142636613	0.01979824612115379	-0.06475337157985335	0.1052324774847308	0.1052324774847316	-0.02912510579522522	0.005284617746760635	0.02845666600266502	0.009286846818999248	0.112277148328486	-0.06848830152641117	0.001507238298190791	-0.2454744002520815	0.1203816161112003	-0.05663729155969709	-0.03172927902295163	-29.52670201933008	-6.040880337902257	-21.43733918856154	-0.9782830172865615	2.221095648256414	-608.4156921302878	62.55942587576373	-1.954078863176834	-1.892319887292847	-0.8841245912484713	10.18497975988641	0.08772769434850972	1.954949348770584	-6.403877595784761	10.32013174834357	10.32013174834367	-2.884247469409595	0.4931368318071757	2.796210389905977	0.9300038251517204	4.875039110322744e-08	7.660175153809282e-09	-3.497061308227816e-07	2.753609508988429e-07	3.084094619237088e-08	3.059833083651563e-08	-3.250834059893857e-07
0.02	-0.0003545550526779085	0.1275249101110995	0.9341578013076778	0.1954963007553038	-0.2164001564537151	-0.2370299261271283	-0.2916653585500972	0.2332740927428731	0.2332740927428731	0.106812646201097	0.1621977252552141	0.08991009489538719	0.07858896605489735	-0.04024828156823256	-0.03789699396229009	-0.01789155373351559	0.2055513082283949	0.00137544441045464	0.03899390161441202	-0.1268477885491446	0.2074986528113379	0.2074986528113412	-0.05717187348667527	0.01043041935679996	0.05618036189292405	0.01821147256470381	0.1077951676528217	-0.0734585148190021	0.001803606425980883	-0.2413422558137459	0.1140811954075078	-0.05024685799889754	-0.0276710741898327	-29.54527432768188	-7.675423144795669	-18.78510020610165	-1.587387665561995	2.439067231702947	-608.718577179401	67.42616947420515	-2.079643851085046	-1.835699999869726	-0.8998258548718017	10.16409693138358	0.01819725106619283	1.878927481832762	-5.953517629746919	10.18790420920114	10.18790420920151	-2.699452273804243	0.5644076262349609	2.761336492885927	0.8354911270725419	5.73652961337005e-08	-6.700518328987203e-09	-3.901551832919168e-07	3.074642726989059e-07	4.861811813282048e-08	-1.006138776601876e-07	-3.633699666456862e-07
0.03	-0.0008547657192491047	0.1270554189772719	0.9339348627076546	0.1980464993218238	-0.21638386620375	-0.236546895323358	-0.2932330556018732	0.2358483791535035	0.2358483791536018	0.1061052933664864	0.1623273734723979	0.09060743786074303	0.07881414862360346	-0.05970614201684699	-0.05589910318014067	-0.02669589057995841	0.304005089397725	0.001873425367809114	0.05752637705810822	-0.1862805147687386	0.3068765612907073	0.306876561290707	-0.08413615876153421	0.01543063342185064	0.08316586539618734	0.0267819035473874	0.1028011113856111	-0.06935915668862937	0.002026934367112947	-0.2372787674928775	0.1097188304420581	-0.05052912079865604	-0.02340252947469895	-29.57522143033267	-9.081804664132873	-19.11584216155985	-1.578168665730113	2.685276443590124	-608.9859586532983	65.81262206865796	-1.865696826818821	-1.767137144199068	-0.870716898759522	9.613522801596126	0.06422380166861116	1.827587326513609	-5.876484062122443	9.740412454125565	9.7404124541249	-2.670567318898572	0.4575999393602068	2.648807167764864	0.861324321398615	5.9494524298204e-08	-1.79283042105472e-08	-3.844117804544895e-07	3.078425125061725e-07	5.868198567529649e-08	-2.058636795859178e-07	-3.599762208403504e-07
0.04	-0.001546922927331974	0.1264089725989743	0.9336238848793209	0.2015667365183838	-0.2163628710874768	-0.2358811038149572	-0.2953827467046609	0.2394019803064139	0.2394019803064144	0.105133167546236	0.162504978158526	0.09157096583887983	0.07912373654964282	-0.07863758986817605	-0.07328804285628428	-0.03549939939561986	0.3995590342426055	0.002316417669139202	0.07554604253684191	-0.2432465987505842	0.4033616012429048	0.4033616012428991	-0.1101264706192551	0.02002171319572538	0.1094173644481804	0.03509254403135877	0.09780705511815829	-0.06525979855835903	0.002250262307040637	-0.2332152791720827	0.1053564654765372	-0.05081138359854302	-0.01913398475969754	-29.61516607297334	-10.41177372504201	-19.44917648602434	-1.550292725582585	2.956555442581807	-608.0305885893191	63.94099611261856	-1.974361331627795	-1.713066091528463	-0.8996602487155176	9.584129666493652	0.007199519861283941	1.776365488840262	-5.460189182197157	9.609330503766795	9.609330503766822	-2.504657590376617	0.4825807679998025	2.614535602631743	0.7835330273300422	6.149002716650195e-08	-2.909149405909201e-08	-3.77715955858164e-07	3.075666269115258e-07	6.858681601369057e-08	-3.105781741596691e-07	-3.55723087272919e-07
0.05	-0.002426335326003881	0.1255917525731573	0.9332245776981881	0.2060287201046103	-0.2163379987268303	-0.2350383651942309	-0.2980892492519827	0.2439063078972701	0.2439063078972632	0.1039065331659284	0.1627271389994326	0.09279337237631285	0.07951483198086635	-0.0971609753212108	-0.0900471161857849	-0.04438189010621282	0.4923539202054257	0.002651403930957903	0.09288492520590035	-0.297648295899205	0.497021685882874	0.4970216858828642	-0.1350388848227541	0.02435035855368494	0.1349453691180479	0.04309025917877693	0.09256292891942534	-0.06350217055144441	0.002487989649191958	-0.229887264511339	0.1012130794659975	-0.04894585190081027	-0.01474287711125075	-29.66357189990671	-11.5527961520902	-18.79838315204286	-1.700167956157011	2.965215147080052	-607.2569299036676	64.12501584492564	-1.778731361992966	-1.640987238379007	-0.885584435317101	9.054606199315277	0.04565921175426929	1.695197173756181	-5.369317758728643	9.172000473451387	9.172000473450803	-2.460332567173453	0.3990513931944309	2.504149541881261	0.8024267929111307	5.46981789442395e-08	-4.075299434367233e-08	-3.232999024176073e-07	2.181801260977364e-07	7.294836932610447e-08	-4.1190677056296e-07	-2.665242278941337e-07
0.06	-0.00348846242118723	0.1246102099571014	0.932735837419332	0.2114041401780873	-0.216309974297081	-0.2340257282432487	-0.3013276003262998	0.2493327669403821	0.2493327669403828	0.1024356147971782	0.1629907952886488	0.09426750228898852	0.07998481177045676	-0.1151805291682683	-0.1061525609040611	-0.0533860189403178	0.5822463316938155	0.002946831489265601	0.1095257085876561	-0.3496163041491707	0.5877878916964185	0.5877878916964048	-0.1589832682997248	0.02832080285166085	0.1597620394965934	0.05086941570472939	0.08731880272069613	-0.0617445425445452	0.002725716991465581	-0.2265592498506078	0.09706969345544814	-0.04708032020310136	-0.0103517694627929	-29.7185082053375	-12.62509962308132	-18.14850368117366	-1.835110077649621	2.985542810844863	-605.3972700834845	64.08849674175192	-1.873595010432178	-1.582340369283689	-0.9239878734179141	9.003634771607597	-0.0007122208409287224	1.63674563137972	-4.973451402466038	9.030554738481872	9.03055473848196	-2.311051445070949	0.4109405560030999	2.47226874436721	0.739821303036849	4.753633699184819e-08	-5.243547612029625e-08	-2.668745761836094e-07	1.250415993799831e-07	7.707652150058236e-08	-5.130928028327578e-07	-1.73748706375923e-07
0.07000000000000001	-0.004728815737705509	0.1234708796771356	0.932156192998565	0.2176647140831592	-0.2162796730903549	-0.2328502194983123	-0.3050730217147847	0.2556528195366733	0.2556528195366957	0.1007310849301339	0.1632926453270415	0.09598619394254862	0.08053089857484449	-0.1328080952194976	-0.1216031629203038	-0.06257808759089108	0.669392811274564	0.003112038292018255	0.1254405786780831	-0.3990750615315079	0.675746137074114	0.6757461370741003	-0.1817711174970493	0.03199205299256404	0.1838592072198079	0.0583205756465077	0.08179013095044525	-0.05929402539990652	0.002943515834695489	-0.2237270759799082	0.09343427850723732	-0.04548599884131182	-0.005811179627512985	-29.77794874969857	-13.56805782102725	-17.61111327058294	-1.932300611077543	2.903205784785924	-603.8185724859976	63.78070292562904	-1.695019391947644	-1.5098548274101	-0.9222035625936236	8.498811615003259	0.02492636359228999	1.548565574484764	-4.87315110338183	8.606976443576539	8.60697644357648	-2.239940426248427	0.3366692549882171	2.36087984792254	0.7436321599061262	3.430815948994399e-08	-6.567404616810522e-08	-1.921730926030369e-07	-6.389693460073279e-08	7.904217025628318e-08	-6.142934736459817e-07	-4.501502697057416e-09
0.08	-0.006142981112642441	0.122180356435084	0.9314835504509488	0.2247824841967581	-0.2162477619690475	-0.2315196204771476	-0.3093012433165511	0.2628381579879959	0.2628381579880002	0.09880321881733325	0.163629498269159	0.09794234508566443	0.08115067074268162	-0.1499429408498651	-0.1363911533212228	-0.07198564431021275	0.7536855734031052	0.003268814405119435	0.140543763832935	-0.4461763468043979	0.760845062698335	0.7608450626983181	-0.2036505174617854	0.03532138360764413	0.2072539374079798	0.06560648839459812	0.0762614591800795	-0.05684350825524528	0.003161314677667298	-0.2208949021092581	0.08979886355901512	-0.04389167747949328	-0.001270589792320724	-29.83955296348309	-14.45060154102638	-17.07400966320553	-2.01703510027037	2.81413531571766	-601.2964015375628	63.30563309783122	-1.775050926259685	-1.449818046219052	-0.9670854871675872	8.432891281166141	-0.00239835877124497	1.474408644264703	-4.501956980576504	8.458690787787024	8.458690787786477	-2.129361598553256	0.3425566508385013	2.331781237358582	0.706771864299228	2.068860550097446e-08	-7.901300900760354e-08	-1.162925020968792e-07	-2.59016114211317e-07	8.086830266238549e-08	-7.154950888813619e-07	1.696793578953986e-07
0.09	-0.007726488515441053	0.1207452517603427	0.9307155545150878	0.2327295391982198	-0.2162149345668745	-0.2300415548954703	-0.3139883164270067	0.2708605684482433	0.2708605684482328	0.09666242918788866	0.1639978441916392	0.1001288316480402	0.08184169104901934	-0.166671956995538	-0.1505194439682704	-0.08165899748004594	0.8352527459753044	0.003300860399036705	0.1549295611468048	-0.4908618110477326	0.8431654864321663	0.8431654864321514	-0.2243666210681035	0.03828490992110314	0.229926383694223	0.07257845867154547	0.07041551890877015	-0.05446476075836762	0.003391480024437693	-0.2184193029166596	0.08623602220211307	-0.04206207096750838	0.0034604385044162	-29.9009302302434	-15.32054987496626	-16.43360765052171	-2.11699170719926	2.718220856793572	-599.1474984718426	63.05405544167225	-1.608825120061191	-1.37776772219383	-0.9744231591871921	7.947729837827036	0.006585278812784266	1.399656756976021	-4.39537151014345	8.047982811273211	8.047982811273886	-2.021656895998855	0.263771184699327	2.217430969912959	0.6894938382854664	9.766213770010633e-09	-9.299194143505022e-08	-9.234930653953112e-08	-5.077261356539944e-07	8.711402026631979e-08	-8.097966824964879e-07	3.580648905898317e-07
0.1	-0.009474685711972863	0.1191721775494815	0.929849432462069	0.2414780858439123	-0.2161816708646916	-0.228423833044247	-0.3191109502526845	0.2796920360748169	0.2796920360748247	0.09431869409144469	0.1643939294899441	0.1025385336024105	0.08260184790390514	-0.1828808995947734	-0.1639850605452091	-0.09161086774180693	0.9139839022507201	0.003356074406541893	0.1684750177417833	-0.5332884898483103	0.9226564959696775	0.9226564959696671	-0.2442396108475275	0.04086925875854792	0.2518970158066952	0.07943379810420963	0.0645695786374305	-0.05208601326150509	0.00362164537153153	-0.2159437037240994	0.08267318084519346	-0.04023246445555277	0.008191466801141495	-29.95944516896053	-16.13786929148001	-15.79205325164327	-2.20792250427158	2.594294734520574	-596.1926418424219	62.69844767473096	-1.671036216972037	-1.317283232197363	-1.022788905553138	7.865688021809431	0.002235243946335981	1.30634050048643	-4.050199892025014	7.892807948523014	7.89280794852301	-1.960738833174406	0.2667211556356785	2.191418402604283	0.6834456954425501	-9.190647954142437e-10	-1.070271349251737e-07	-7.297203581284767e-08	-7.611474398950981e-07	9.374827283270087e-08	-9.034916808043391e-07	5.476991856668565e-07
0.11	-0.01138291942670839	0.117467773401917	0.9288822390240857	0.2510004671967124	-0.2161483337211107	-0.2266741506292169	-0.3246461062147404	0.2893046546158067	0.2893046546158064	0.09178176786888115	0.164813730450916	0.1051643673672	0.08342920760057303	-0.1986867744913536	-0.1767826710434589	-0.101880175506263	0.9900313326396705	0.003318410596032921	0.1813069675414742	-0.5733714687631715	0.9993999142298563	0.9993999142298597	-0.2630135391074681	0.04303855794007989	0.2731537554182938	0.0860241235038094	0.0586259341808849	-0.0498920495036245	0.003871868442150061	-0.2142074196856223	0.07971644262204497	-0.03840889327579947	0.01299491567615624	-30.012445276584	-16.79198258784077	-15.13631664432757	-2.287667160794603	2.363505259676393	-593.7125063392687	62.45629078670416	-1.523487367482878	-1.244016386522951	-1.037037650755186	7.405114679923217	-0.005839347046321347	1.24832793688437	-3.931661821060745	7.495014464769349	7.495014464771488	-1.815987296864447	0.1840430762840377	2.075415049168094	0.6446195898273136	-1.281947339395894e-08	-1.239783114116896e-07	-6.942290714954688e-08	-1.071291398196113e-06	1.034806165095102e-07	-9.982697056510833e-07	7.618093534099336e-07
0.12	-0.0134468367387146	0.1156387898637928	0.9278107453206846	0.2612694916798929	-0.2161151876463352	-0.2248008075727566	-0.3305709549519168	0.2996706884793986	0.2996706884793944	0.08906104886885961	0.1652536261590742	0.10799929118985	0.08432202927675871	-0.2140176190471809	-0.1889009386571324	-0.1124709208253487	1.063312528328032	0.003317860645638391	0.1932071460281218	-0.61122704487178	1.073339560490195	1.073339560490214	-0.2809981663458357	0.04488820819649623	0.2937150273791093	0.09252619400775527	0.05268228972433955	-0.04769808574570651	0.00412209151276431	-0.2124711356471475	0.07675970439890745	-0.03658532209599642	0.01779836455116025	-30.05712003092107	-17.40054034461437	-14.47847776729718	-2.361036888428587	2.085453868360401	-590.5499632128349	62.16878219875932	-1.576030148821284	-1.181414655282149	-1.087076416479074	7.312441081691574	0.009658015969214544	1.119986237877734	-3.6047193307744	7.33205354855512	7.33205354855527	-1.802878628859794	0.2027913706125715	2.052324872447573	0.665794716311735	-2.485641345689912e-08	-1.41257126437126e-07	-6.765222141471604e-08	-1.387808688413972e-06	1.135610603110868e-07	-1.093169418872984e-06	9.786696192053759e-07
0.13	-0.0156619528662442	0.1136919827645993	0.9266316393483367	0.2722578886021102	-0.2160826437567622	-0.2228118241725307	-0.3368629154135654	0.3107624371732229	0.3107624371732156	0.08616628235018252	0.1657098236185278	0.1110361653099218	0.08527836958440722	-0.2289125736713589	-0.2003500154654803	-0.1234045065332584	1.133896652537047	0.003183114908953538	0.2044655947096541	-0.646806252972167	1.144546463986259	1.144546463986268	-0.2977861940646683	0.04628393318673742	0.3135344521821946	0.09870611449516282	0.04624714780249668	-0.04520897873789048	0.004450472524962725	-0.2106575605719931	0.07325913388911764	-0.03496457728394377	0.02295302205733956	-30.09066113659896	-18.23388864293999	-13.94504392748252	-2.418047816579321	2.035115454193672	-587.9202760363569	61.65449857728254	-1.432257846152145	-1.11006137977803	-1.1048555157727	6.860863536797647	-0.02644841465784852	1.109967375482078	-3.480702376642642	6.945456870318573	6.945456870317116	-1.59156117606984	0.09761428695956613	1.927969837038497	0.5885481163748657	-4.087338246412683e-08	-1.260838883335705e-07	2.003337480992813e-07	-1.083230590878951e-06	8.186598160848341e-08	-9.648015482158979e-07	8.565180778703257e-07
0.14	-0.01802322448540981	0.1116340034600886	0.9253415263453441	0.2839380198556667	-0.2160517288337874	-0.2207140176470491	-0.3434999041216145	0.3225523445260264	0.3225523445260277	0.08310867628773677	0.1661779085726712	0.1142674773885852	0.0862954005772137	-0.2432487173729427	-0.2111353797205432	-0.1346723269542816	1.201659394597717	0.002992067325455442	0.2149717710788241	-0.6802326941514115	1.212971292289785	1.212971292289784	-0.3135660750904902	0.04726570712616332	0.3326026190972582	0.1046643310393524	0.03981200588059453	-0.04271987173009453	0.004778853537386645	-0.2088439854968859	0.0697585633793044	-0.0333438324719269	0.02810767956348976	-30.11011616879355	-19.02800351404354	-13.4091435853173	-2.470422128197298	1.919502626986257	-584.7166531612457	61.1520174456473	-1.464267964302285	-1.048672144625211	-1.153923359101793	6.748164652022475	-0.001602353393435502	0.9695317754052495	-3.174165946545807	6.775638510047536	6.77563851004757	-1.601249290257621	0.1200011604495361	1.902073294843207	0.621453927668111	-5.743932098091144e-08	-1.064345049708437e-07	5.050390671000604e-07	-6.929841639987035e-07	4.440876187082065e-08	-8.056381487479169e-07	6.876062872758968e-07
0.15	-0.02052584313531014	0.1094714852446793	0.92393696726765	0.2962831748886028	-0.2160222901031624	-0.2185170640656539	-0.3504598184040172	0.3350134293623279	0.3350134293623123	0.07989607904360567	0.1666555373439111	0.1176862314350156	0.08737200766301081	-0.2571904407735414	-0.2212535265803611	-0.1462934206089589	1.266907658892546	0.002882695211822633	0.2243226321842438	-0.7114044143282415	1.278779195419672	1.278779195419676	-0.3287748335059764	0.04817091967724361	0.3510208741061269	0.1106147005413424	0.03358337332027532	-0.04092053726500964	0.00514963799706836	-0.2082027213332699	0.06733984363362959	-0.03168758196223773	0.03315798383653969	-30.11260171487119	-19.51328230132614	-12.81989466049422	-2.512858476468052	1.60126657774696	-582.1353038345575	60.94915417245429	-1.346426071843641	-0.9761676172994298	-1.174448798345929	6.343563922149599	-0.01757910951913968	0.9032935554762901	-3.036812852973996	6.413406238730317	6.413406238731102	-1.453873946712922	0.06229307519380711	1.792590899073991	0.5754822858843384	-7.44042473812e-08	-1.126044635124053e-07	6.366220532652543e-07	-7.798056234568775e-07	3.634470789192702e-08	-8.116803190032205e-07	7.857081087173069e-07
0.16	-0.02316533932800353	0.1072112292285438	0.9224145479674697	0.3092668938852667	-0.2159943399875053	-0.2162295158177298	-0.3577210774481351	0.3481186012347537	0.3481186012347539	0.07653675724936032	0.1671395205952719	0.1212853458905687	0.0885068492087118	-0.2706242259303061	-0.2306829398657937	-0.1582443714515277	1.329372187344838	0.002694344331362767	0.2330907043842944	-0.7405016464939539	1.341788699520399	1.341788699520408	-0.3429109851022094	0.04853660313858136	0.368674700921606	0.1163112230201262	0.02735474075990997	-0.03912120279995193	0.005520422457095211	-0.2075614571696813	0.06492112388793803	-0.03003133145259311	0.03820828810956172	-30.09509215242474	-19.96735608464409	-12.22866709073345	-2.551629993497638	1.243107031600527	-579.0960649020478	60.7153678623006	-1.362680315535346	-0.9109254297482055	-1.219894796680073	6.191417483515224	-0.01739810675883635	0.8529739943314271	-2.759268344322153	6.215958704215646	6.215958704215683	-1.386727926406993	0.01209534250104959	1.749187656165218	0.5706845230268361	-9.143488943288915e-08	-1.230270195440849e-07	7.396907728457638e-07	-9.45202970076672e-07	3.312188121447765e-08	-8.449328183894175e-07	9.277886427293247e-07
0.17	-0.02593690130221898	0.1048600877651859	0.9207709537584603	0.3228619225764817	-0.2159688083070252	-0.2138574292726725	-0.3652626618072466	0.3618403226197088	0.3618403226196965	0.07304154347951194	0.1676250015334953	0.1250572458863108	0.08969722823473766	-0.2836015996406364	-0.239432999639739	-0.1705250897167182	1.389187151340276	0.002411864812814512	0.241191535127016	-0.7674716687479488	1.402107729950365	1.402107729950362	-0.3559995747292257	0.04851045487944297	0.3855846595986018	0.1217413105183562	0.02081311573616497	-0.03707225762130518	0.005885985419887198	-0.2070204073464769	0.06221108423183321	-0.02851657131019251	0.04352408809478499	-30.05570742527067	-20.56773248947316	-11.72272401761006	-2.578838760578285	1.021602129014066	-576.7101079972673	60.36298295794904	-1.252269239495453	-0.8401867562413983	-1.239923307780362	5.809573042165412	-0.03374936256660992	0.7681940855823789	-2.614335678751586	5.872716922198354	5.872716922196646	-1.250055082562621	-0.01751915096720404	1.643787958311866	0.5256846514844253	-9.986028035358419e-08	-1.315973322482796e-07	7.452218334488006e-07	-1.114976335146932e-06	3.683720870999463e-08	-8.574613153159008e-07	1.026123575120516e-06
0.18	-0.02883563768168618	0.1024248176030835	0.9190029997735303	0.3370417083445659	-0.2159461167193638	-0.21140842312592	-0.3730636396914633	0.376151802650906	0.3761518026509082	0.06941941769304812	0.1681087111409936	0.1289946230657909	0.09094121089339859	-0.2960591069794888	-0.2475086796146843	-0.1831163266356346	1.446323602720006	0.002126325767701338	0.248474624723328	-0.7923803515144681	1.459740428772784	1.45974042877277	-0.3682933884247926	0.04818233698646518	0.4017701376694015	0.1270319495471213	0.01427149071239789	-0.03502331244262152	0.006251548382885744	-0.206479357523289	0.05950104457573447	-0.02700181116774675	0.04883988807998295	-29.99232396352955	-21.1407066677315	-11.21454145777489	-2.603483114409584	0.751647990751949	-573.9305106803004	60.00540410228038	-1.258707041239668	-0.7760494699482507	-1.281998527425243	5.655714960373575	-0.01801001207181665	0.6894257650495073	-2.347000446826937	5.678692382706336	5.678692382706297	-1.227772740117109	-0.0482985842668178	1.604291534925954	0.5427948291338329	-1.066268276827623e-07	-1.398105859977783e-07	7.319504537670231e-07	-1.285593270038968e-06	4.189001170873407e-08	-8.659948238164154e-07	1.116025620452271e-06
0.19	-0.03185668477031767	0.09991213328858582	0.9171075850787499	0.3517800503782481	-0.2159265715536506	-0.2088901765169608	-0.3811031779788847	0.391026546768001	0.3910265467679906	0.06567887831803174	0.1685875803999764	0.1330902287331072	0.09223703269081539	-0.308062106449167	-0.2549176074667627	-0.1960102824107463	1.500902890574441	0.001780812585100473	0.2550368936312779	-0.8151995646513597	1.514761903612985	1.514761903612994	-0.3796869560326022	0.04755688528527191	0.4172250874141915	0.1321051129144584	0.007682432225461439	-0.03320806558951639	0.006630917661812267	-0.206480555638804	0.05698076069636274	-0.02552028902174651	0.05424283826960447	-29.9008443106009	-21.70383380825849	-10.72131904257616	-2.623172507589317	0.5222141056098287	-571.8737655121359	59.74761537981961	-1.157857222314986	-0.7067195085045084	-1.29981812537247	5.292742548417588	-0.04322573140626974	0.6187238974240661	-2.200220549260898	5.34692295150226	5.346922951505698	-1.076008506153729	-0.07510266131501026	1.497198868055893	0.4854415669786121	-1.084652704364179e-07	-1.490940234480926e-07	6.567532781384827e-07	-1.467546323259569e-06	5.330235321527813e-08	-8.714612891095628e-07	1.177806573122981e-06
0.2	-0.034995114018147	0.09732867868243378	0.9150818860216546	0.3670509266605587	-0.2159105622717703	-0.2063104879301716	-0.3893610761581043	0.4064381152168434	0.406438115216848	0.06182823131990004	0.1690591083023293	0.1373366043326318	0.09358275901719464	-0.3195355388181459	-0.2616627379455609	-0.2091731990986287	1.552830452446442	0.00141914900042166	0.2607630202894766	-0.8360523298738654	1.567105295126197	1.567105295126228	-0.3903149130420434	0.04671406565329929	0.4319241241109961	0.1370128553395932	0.001093373738512423	-0.0313928187364253	0.007010286940978014	-0.2064817537543245	0.05446047681698424	-0.0240387668757706	0.05964578845921947	-29.77700983104183	-22.2449776058366	-10.22545615942319	-2.641903324769337	0.2413159144338372	-569.5100732414356	59.51348031444929	-1.152793621099726	-0.6432899952922726	-1.335790709979372	5.125369763886646	-0.02124009248739623	0.5221973150992443	-1.953710863949707	5.143075717308433	5.14307571730841	-1.074650620443425	-0.0917721704226702	1.453108925328843	0.5097106406933501	-1.092085788399574e-07	-1.586152794985882e-07	5.677948145217727e-07	-1.652018513886518e-06	6.612792550133436e-08	-8.762461892455174e-07	1.233338394091237e-06
0.21	-0.03824590708462618	0.09468107460991915	0.912923242191183	0.3828283541633344	-0.2158985151763359	-0.2036768432261005	-0.3978174356087765	0.4223601500920946	0.4223601500921083	0.05787575918884304	0.1695207589786874	0.141726242624063	0.09497638153165552	-0.3305308272829242	-0.2677483623186788	-0.2225903170452737	1.602216646388408	0.0009849118391088677	0.2658451615177618	-0.8549031351633801	1.616863303316698	1.616863303316706	-0.400049909115891	0.04558185849725176	0.4458774142766261	0.1416789688212505	-0.005583840064629242	-0.02961988320529537	0.007427944106940837	-0.2069707655814524	0.05214865591769649	-0.02278484224934998	0.06518607999056077	-29.61657650276955	-22.78315869321484	-9.836106316063626	-2.634301405270843	-0.004200456153512902	-567.8850009334434	59.19268318095317	-1.059054177342207	-0.5747277788451157	-1.350060287013677	4.779473841311154	-0.05552299866601444	0.4828311196490419	-1.803301596808904	4.826428750434228	4.826428750430686	-0.9035255659695638	-0.129380855942141	1.347518774165799	0.4400460193954104	-1.05052521132637e-07	-1.711070320300469e-07	4.000176990999521e-07	-1.867266017904919e-06	8.814288230524041e-08	-8.805867164275083e-07	1.258732016252473e-06
0.22	-0.04160388457939222	0.09197590846956839	0.9106293495912435	0.3990864895319211	-0.2158910119466538	-0.2009960553911565	-0.4064528103594154	0.4387666181253693	0.4387666181253723	0.05382981680403812	0.1699700004099108	0.1462516297595476	0.09641566204443186	-0.3409724244746999	-0.2731751515127895	-0.2362229529922038	1.648972025608753	0.0005103758492837184	0.2701916464642843	-0.8718553898671459	1.663991926727727	1.663991926727711	-0.4090089637943056	0.04423221663135388	0.4590738929216845	0.1461444550026477	-0.01226105386774968	-0.02784694767416912	0.007845601272744931	-0.2074597774085723	0.04983683501841114	-0.02153091762293122	0.07072637152191992	-29.41530981173169	-23.30469218184411	-9.444430898566445	-2.626398189101113	-0.3014729719978004	-566.0335432048093	58.92137268297217	-1.042055366499117	-0.5115229594908581	-1.378894310036391	4.599206819562207	-0.0292998581898804	0.3750660587466595	-1.574000746799858	4.617198761413862	4.617198761413773	-0.9194623413568218	-0.1352591123927288	1.301746621214485	0.469585180641328	-9.965611757446609e-08	-1.84350808987066e-07	2.122864946135471e-07	-2.090304740503434e-06	1.124842655693615e-07	-8.84814744127483e-07	1.276495714665096e-06
0.23	-0.04506382801886345	0.08921973832948994	0.9081980973640379	0.4157996431097847	-0.215888626283698	-0.19827454861694	-0.4152480198056134	0.4556316721164883	0.4556316721164957	0.04969865318730786	0.1704042178557127	0.1509052698001551	0.09789835771701948	-0.3509278012642747	-0.2779515468490607	-0.2500522833512562	1.693236347170317	-3.400585429152571e-05	0.2739868121126153	-0.8868816320995412	1.708590404290013	1.708590404289989	-0.4171155733718103	0.04258991889191735	0.4715294188744302	0.1503676657646003	-0.01891430627341347	-0.02655264797219148	0.008335398353733361	-0.2085766527014751	0.04783540921180932	-0.02028052223337461	0.07632704673427056	-29.16916462974536	-23.77619228688193	-9.047911082165069	-2.616543818937417	-0.5936116074557515	-564.9135407371264	58.83395020677789	-0.9590085914725988	-0.444574794024912	-1.388848185048934	4.276678021408903	-0.06744288736948222	0.3629874285174553	-1.421205870459825	4.316921864110253	4.3169218641092	-0.7401598879467611	-0.1823010652184784	1.198764477928797	0.3944095296458293	-1.011688549568152e-07	-1.975812074380864e-07	1.082937756327875e-07	-2.27861134325805e-06	1.294144700555878e-07	-8.850146354003051e-07	1.296846750953994e-06
0.24	-0.04862067117749037	0.08641902884138265	0.9056277726759996	0.4329427665426511	-0.2158917715499587	-0.1955188410641138	-0.4241843456559363	0.4729298608053314	0.4729298608053317	0.04548964355039833	0.1708212951320107	0.1556797268794155	0.09942242959836146	-0.3603523683052692	-0.2820830211185634	-0.2640374451587061	1.734965996610097	-0.0005958099949829074	0.2770318021865912	-0.9000786706919451	1.750618866271273	1.750618866271243	-0.4245781678292911	0.04080418273250844	0.4832373006521428	0.1544196967534958	-0.02556755867910264	-0.0252583482702446	0.008825195434682657	-0.2096935279943864	0.04583398340519692	-0.01903012684386122	0.08192772194660922	-28.87433226387978	-24.23578928816025	-8.648585649018601	-2.607962047732575	-0.9364128539353004	-563.6402471994835	58.82202089732829	-0.9358934167829674	-0.3825387461371965	-1.410060599715932	4.092272395205627	-0.03278434561311035	0.2250309438756282	-1.208160018801566	4.10319564520891	4.103195645208917	-0.7906593173520521	-0.1639467963871842	1.152217786207828	0.4353492260298963	-1.046556326078844e-07	-2.108077834588215e-07	2.822633822506916e-08	-2.456994483200125e-06	1.442271948909871e-07	-8.840636305510834e-07	1.317937026636113e-06
0.25	-0.05226915545730833	0.08358012255265819	0.9029169021636065	0.4504908377740766	-0.2159009448029577	-0.1927354324870257	-0.433243399060285	0.4906358404747578	0.4906358404747443	0.04121013483507079	0.1712194650226114	0.1605674310518735	0.1009856662586643	-0.3692415938290434	-0.2856014087217709	-0.2781489552390783	1.774225878381227	-0.001255133528289825	0.2795748096279281	-0.9114392928249145	1.790156976685059	1.790156976685046	-0.431174795207061	0.03879693205708103	0.4941643230581547	0.1581729729450774	-0.03276222627630758	-0.02332680602483114	0.009392494918535816	-0.2103362335054484	0.04274698918967774	-0.01823872804140483	0.08797445115935845	-28.52741736233038	-25.12837657169411	-8.523327305444736	-2.556928664579247	-0.8562913824262105	-563.1109006004373	58.29496469147643	-0.850006345340197	-0.3219350181903849	-1.413717666695899	3.779470253531326	-0.08534617930057189	0.2573114341062755	-1.056105707566449	3.816126200656086	3.81612620065881	-0.5720155478913107	-0.2244928006425112	1.042082520640721	0.3368216237904237	-8.675279499797108e-08	-1.373232626628868e-07	3.099759474868324e-07	-1.527110470799144e-06	6.999524026092427e-08	-6.356826276310638e-07	9.499419598284955e-07
0.26	-0.0560034458373991	0.08070894313774586	0.9000645122595101	0.468418832660305	-0.2159172792557081	-0.1899289186775578	-0.4424072771653681	0.5087246027405438	0.508724602740543	0.03686908962597306	0.1715964866869746	0.1655602330589608	0.1025847366424967	-0.3775135883594244	-0.2885376463561393	-0.2923413234993908	1.810950727570944	-0.002028049946033057	0.2816528486630038	-0.9210436108387473	1.827175385546554	1.82717538554656	-0.4368854665809022	0.03657453748077261	0.5042568675778805	0.1615864414593832	-0.03995689387351784	-0.0213952637794413	0.009959794402589723	-0.2109789390165047	0.03965999497415142	-0.0174473292389873	0.09402118037210777	-28.1254582342931	-26.01382588449168	-8.396812724519624	-2.506104194244362	-0.8202090062551199	-562.4893315677136	57.86116309575484	-0.8124472181042668	-0.2661087523694162	-1.426232235703996	3.585265878922885	-0.05550292250035752	0.1320372626234038	-0.8568991949741687	3.599255334750757	3.599255334750799	-0.6134681165663423	-0.2069755765633692	0.9853222089505729	0.3673876905747233	-6.200528050454329e-08	-3.609119088561742e-08	7.075070116828306e-07	-2.425809696483829e-07	-3.273101179808664e-08	-3.081240253283881e-07	4.574395834241606e-07
0.27	-0.05981798438356042	0.07781134017584905	0.8970698339450836	0.4867026004300589	-0.2159407308253151	-0.1871070011942011	-0.4516579736563838	0.5271714099143735	0.5271714099143672	0.03247143789170753	0.1719520685129285	0.1706504253173086	0.1042180484876751	-0.3852957741950654	-0.2908797447454009	-0.3065939726090429	1.845377500787692	-0.002703176742701185	0.2827203262383381	-0.9288205456070737	1.861774885619338	1.861774885619348	-0.4424363467263582	0.03448319350671555	0.5136474446587954	0.1649883867434309	-0.0467127363447269	-0.02033307245943206	0.01064937091239175	-0.2130882140491091	0.03821514849300443	-0.01673336278416486	0.09988608594471353	-27.66607727134213	-26.42041465756546	-8.246067325220768	-2.429460374395271	-1.172145627797136	-562.5705387643759	57.75379906739875	-0.7463471950041524	-0.2027921325426773	-1.42477065177659	3.307586511736575	-0.0795475334947225	0.0925162507302932	-0.6968193541319584	3.328633904882595	3.328633904883255	-0.4944851495343945	-0.2189939846161282	0.8957766063556911	0.3136063384192498	-4.640135305563264e-08	6.581255222110763e-08	1.244664440375393e-06	1.013097523387489e-06	-1.483859542314043e-07	-3.612064047867137e-08	1.222106969705221e-07
0.28	-0.06370739337382308	0.07489340987999175	0.8939326312589242	0.5053178766257158	-0.2159721396579369	-0.1842747262859447	-0.4609781852423566	0.5459518794011952	0.5459518794011918	0.02802455991878303	0.1722849808637852	0.1758304935762049	0.1058827814639138	-0.3924876771790973	-0.2926031131482328	-0.3208461978459398	1.877252412751869	-0.003619502549142708	0.283724333643344	-0.9349466298301948	1.893907848145737	1.893907848145753	-0.4467307143117761	0.0320406424610893	0.5222320676874601	0.1678706676714557	-0.05346857881593343	-0.01927088113945839	0.0113389474222511	-0.2151974890817055	0.03677030201185078	-0.01601939632938791	0.1057509915173281	-27.14433115304842	-26.8292143407289	-8.098842608477268	-2.348676513708656	-1.527168997770553	-562.6856979257814	57.64837762747968	-0.6943906477823636	-0.1423627550835057	-1.426147461152989	3.07489362840845	-0.103742724455024	0.119343228557735	-0.5267290859330622	3.105947825473945	3.10594782547395	-0.3621656045587514	-0.277216990877184	0.8241313985005332	0.2634548193701272	-3.405404564997468e-08	1.679555207328443e-07	1.831551807107829e-06	2.258500314902991e-06	-2.686456357021462e-07	2.160959545932791e-07	-1.570029738842379e-07
0.29	-0.06766609971796959	0.07196120050703203	0.8906529795847715	0.5242401765392015	-0.2160125688717713	-0.1814367849002709	-0.4703512659785367	0.5650415883991273	0.5650415883991041	0.0235362161435223	0.1725941278533995	0.1810928174333225	0.1075757461967271	-0.3991590531490671	-0.2937469198914113	-0.3350728112237633	1.906814930691967	-0.004491212881151745	0.2838258898495757	-0.9394110093788919	1.92364033779879	1.923640337798813	-0.4507952700202291	0.02975034901827039	0.5301000691385264	0.1706559178104475	-0.06040338927222894	-0.01829442108502264	0.0119047633560352	-0.217167859527175	0.0347253837945909	-0.01490032439210333	0.1117917650816596	-26.55972447512923	-27.44103405742958	-7.789616773071257	-2.318404985591358	-1.700933442435567	-563.3387652686175	57.89055989128645	-0.639311973255662	-0.08667393286924073	-1.419161925992011	2.838062710881926	-0.08199066473976424	-0.04991375743589331	-0.3675161852743355	2.847863601707377	2.847863601708637	-0.4067239032744043	-0.2102213779193174	0.7481566960519216	0.2767314391536566	-3.637968699825677e-08	2.03616094978028e-07	2.115716320652447e-06	2.638753617895201e-06	-3.197064585150484e-07	2.780087379960162e-07	-1.440036957213267e-07
0.3	-0.07168868000214677	0.06902029620685346	0.8872314130468616	0.5434463279989032	-0.2160623362843542	-0.1785989230673578	-0.4797612352693906	0.5844168151068675	0.5844168151068587	0.0190116021413047	0.172879314737218	0.18642982574048	0.1092946976965285	-0.4052624651850789	-0.2943420985920043	-0.3492291705973969	1.934022721994923	-0.005487142299785598	0.2837084230921322	-0.9423243407650325	1.951011390111303	1.951011390111335	-0.4539847597001107	0.02724862129804751	0.5371689576952823	0.1730680210690359	-0.06733819972851779	-0.01731796103062344	0.0124705792900437	-0.2191382299726274	0.03268046557732247	-0.01378125245487494	0.1178325386460026	-25.91467645839274	-28.05974051650695	-7.490586806911867	-2.276239019724333	-1.845730573910681	-564.0882692222378	58.04805441247677	-0.5807978609906795	-0.03263714656645826	-1.412096660315038	2.603948300979968	-0.1285865417799625	0.07553863582270966	-0.216519453421683	2.633660357366193	2.633660357366198	-0.1871523988444751	-0.3195038463579569	0.6643088196384506	0.1888254432894423	-4.449184334809253e-08	2.130582602166843e-07	2.280497173784969e-06	2.677821207103584e-06	-3.43477590589648e-07	2.648721308813185e-07	-1.576550808666079e-08
0.31	-0.07576954128671087	0.06607621713635548	0.8836687699228415	0.5629129021266946	-0.2161225822262028	-0.1757642445061648	-0.4891926454038178	0.6040539881897524	0.6040539881897347	0.01445859901147266	0.1731391661080806	0.1918336836109086	0.1110361012936033	-0.4108247652069745	-0.2943786574148305	-0.3632744523584185	1.958914129391398	-0.00656726481489868	0.2831240766957291	-0.9437047696395294	1.976037529917627	1.976037529917638	-0.4565574939593108	0.02473191039812907	0.5434887426072933	0.1751781787829052	-0.07401076821672901	-0.01624589621705067	0.01289664702793265	-0.2220642109069756	0.03187636163005449	-0.01276301376569107	0.1238209897337988	-25.21219848066105	-28.32060631300982	-7.201761939317421	-2.199242871760546	-2.342303208390324	-565.4313366903006	58.29140446508507	-0.5311714796976926	0.02502332749481706	-1.396941478506037	2.375071119426097	-0.09784815978999838	-0.1406922822526281	-0.06086713231136786	2.379245700323281	2.379245700319968	-0.2830779094109296	-0.2157173601840326	0.5986414540819742	0.2176199844954244	-6.92028208828928e-08	1.653404208026386e-07	2.218591706312313e-06	2.069857661928157e-06	-3.100080750139011e-07	1.443596513433848e-07	2.443454095114175e-07
0.32	-0.07990347065287566	0.0631346101931561	0.8799664344723092	0.5826170571605404	-0.2161936540038785	-0.1729384636099181	-0.4986302723325592	0.623929853652302	0.6239298536522949	0.009881719745045923	0.1733742578402747	0.197297304955878	0.1127977082776292	-0.4158760815052079	-0.293847673132283	-0.3771676358998653	1.981538903205662	-0.007652309466522638	0.2819288901040917	-0.9435676996279251	1.99874986604626	1.998749866046249	-0.458759987016634	0.02229669356320151	0.549121652603286	0.1771086984591635	-0.08068333670493939	-0.01517383140351205	0.01332271476592423	-0.2249901918413124	0.03107225768277959	-0.01174477507655536	0.1298094408216018	-24.45584527714049	-28.58806909313673	-6.922471478722993	-2.11115553763291	-2.814333991261085	-566.8673374261438	58.45575245783992	-0.4786011162581882	0.08087147450825136	-1.38167701640007	2.150621584537766	-0.1295709690821233	-0.04662940322417761	0.08698032379863674	2.170899621827866	2.170899621827866	-0.1131041584691105	-0.3032050333597631	0.5269338364347758	0.1528978357672112	-1.011306771937646e-07	9.277040545263531e-08	2.058126969011317e-06	1.180576232238028e-06	-2.516513213293078e-07	-2.283799011769531e-08	5.617922966588058e-07
0.33	-0.08408507718739404	0.06020101862726134	0.8761260821190476	0.6025358554273461	-0.2162765240957131	-0.1701253794572456	-0.5080593520680695	0.6440214784127958	0.6440214784128001	0.005287455763245113	0.1735845362055725	0.202813475385609	0.1145762824629222	-0.4203520718765805	-0.2927905947663587	-0.39086456864381	2.001858580829535	-0.00892364054839119	0.2805932682159173	-0.9420146695609327	2.019202751473177	2.019202751473184	-0.4600461401767539	0.01977814829641247	0.5539905949812736	0.1785695853316711	-0.08778818481827606	-0.01365219228728776	0.01356208984956536	-0.2273419371519297	0.02912973955366656	-0.01059003131525221	0.1361414635303309	-23.64963115813328	-29.2502684961067	-6.633797773755261	-2.046511502034044	-2.936963795209927	-568.8316101348888	58.59557754508135	-0.4181152857155799	0.1300862518783194	-1.357976863444792	1.918327311687836	-0.1258672889188681	-0.1912516192188116	0.2245010351407702	1.926655106317205	1.926655106319947	-0.1290233857783794	-0.2231292177860522	0.4485278391352556	0.1376233274106448	-1.114636351736787e-07	5.647164236814102e-08	1.934693421674043e-06	7.411368340640172e-07	-2.170494626492996e-07	-1.12925656547174e-07	7.027570080091166e-07
0.34	-0.08830864708325113	0.05728038989187435	0.8721499053463361	0.6226469877624699	-0.2163720981205875	-0.1673284961309891	-0.5174658941655108	0.6643064664482087	0.6643064664482103	0.0006817997516559168	0.1737702391292863	0.2083746659192519	0.1163684533598246	-0.4242687537734978	-0.2912551070307305	-0.404332519789888	2.020005716868436	-0.01019309607743453	0.2786887248235561	-0.9390601720142836	2.037422521027839	2.037422521027865	-0.4610383929766715	0.0173816052517251	0.5581256733854417	0.1798280407809014	-0.09489303293160763	-0.01213055317111679	0.01380146493307178	-0.2296936824625452	0.02718722142454076	-0.009435287554030624	0.1424734862390742	-22.79788314613684	-29.9163745216278	-6.350470218200306	-1.975690527059574	-3.051945556381607	-570.8542670109781	58.72405134011151	-0.3667394213670844	0.1765533484489878	-1.335880696826742	1.716113267543175	-0.1291958585170909	-0.160413704061557	0.3672738197300409	1.724276447377074	1.724276447377082	-0.05432408642866006	-0.2788045889394141	0.3801610416708682	0.1124115511117663	-1.114826118611949e-07	3.749646245523323e-08	1.828946412826905e-06	5.165473613902431e-07	-1.937932254640186e-07	-1.661846781854397e-07	7.594317249488824e-07
0.35	-0.09256854823511405	0.05437751077050665	0.868040354696047	0.6429285991988377	-0.2164807068623106	-0.1645524128144997	-0.5268360493013121	0.6847625546291887	0.6847625546292053	-0.003931220914040408	0.1739321331539978	0.2139735005108933	0.1181716550440495	-0.4276222695316869	-0.2892408634038036	-0.4175245762811359	2.035955405328951	-0.01154214987401988	0.2764710784053407	-0.9347443798502775	2.053429625757189	2.053429625757207	-0.4614838671146911	0.01501122769787896	0.5615230901548707	0.1807570923596645	-0.1019163732791938	-0.01085765019081586	0.01401105660544601	-0.2327780021893571	0.02596965673415407	-0.008304056930356466	0.1488703175615001	-21.90526735240134	-30.39136968826037	-6.057520232096111	-1.890836642840646	-3.350213314847934	-573.5264238941941	59.0077987497284	-0.3062690659896641	0.2258007843024462	-1.302949922400888	1.480229003287061	-0.1395479575404825	-0.2610434204010604	0.4977032090995319	1.484126371642158	1.48412637164117	-0.02708999496680421	-0.2139550420988929	0.3017469852288471	0.07520602765315551	-1.151902192766184e-07	2.061747639086128e-08	1.801979442072195e-06	3.508136254618967e-07	-1.773576397149899e-07	-2.175147973081563e-07	8.248122855359465e-07
0.36	-0.09685930682714508	0.05149716226830553	0.8638004671214201	0.6633588739934106	-0.2166031637054489	-0.1618002266241454	-0.5361562522565997	0.7053677536346714	0.7053677536346664	-0.008546182504582321	0.1740707632624308	0.21960275226836	0.1199825580573417	-0.4304402418076653	-0.2867489831974103	-0.4303999046574678	2.049738388508713	-0.01296271636304421	0.2739092995991502	-0.9290697359117192	2.067244685923671	2.067244685923683	-0.4614265779518401	0.0127288220043725	0.5642091065502969	0.1813683065942089	-0.1089397136267761	-0.009584747210563139	0.0142206482775258	-0.2358623219161795	0.02475209204375832	-0.007172826306746758	0.1552671488839382	-20.97738395284243	-30.86807912771788	-5.76798498678917	-1.801881301079679	-3.650417609970078	-576.2278867317208	59.29580921234534	-0.2596307249248891	0.2720806643421896	-1.272535073843555	1.282772211392509	-0.1434983970049057	-0.2292401816565854	0.6390441746405052	1.28586753480368	1.285867534803705	0.04622857374543626	-0.2612102168714658	0.2378809668702812	0.04884408226799573	-1.208272643035626e-07	4.83496095495409e-09	1.816220491242754e-06	2.158659672157725e-07	-1.644897793326159e-07	-2.678359520381246e-07	8.947466720308286e-07
0.37	-0.1011754075221217	0.04864405408210957	0.8594335876173204	0.6839159657029632	-0.2167403357734243	-0.1590751584843833	-0.5454132391034672	0.7261001155194347	0.7261001155194509	-0.01315775690153095	0.1741871225030402	0.2252552399236204	0.1217977042174243	-0.4326902666274657	-0.2837995735189106	-0.442908934891653	2.06132562532619	-0.01448469604429081	0.2710430853689978	-0.9221129447962968	2.078868194426994	2.078868194427026	-0.4608188229316154	0.01057351658709211	0.5661715702134881	0.1816031627756769	-0.1161027869534834	-0.008382798982813074	0.01438070867630922	-0.2392408346584848	0.02349499377065793	-0.00603002683232233	0.1618448334467318	-20.02677133152828	-31.39930396869876	-5.482073496357456	-1.713372377509676	-3.898717906663317	-579.5671312125132	59.67184526531809	-0.1942367843225833	0.3173012357967564	-1.230085034511477	1.043554622149047	-0.1583071520010669	-0.3246172235551184	0.7561998798231709	1.046692592898142	1.046692592901102	0.07874867216196545	-0.1880676881563376	0.1578374696730922	0.002448938400604801	-1.238996668651026e-07	-9.847592202933714e-09	1.746154821769347e-06	4.918750025789469e-08	-1.490561123353707e-07	-2.889633260084614e-07	9.161046679922067e-07
0.38	-0.1055113181500556	0.04582262601593696	0.8549436182036178	0.704578300821738	-0.2168930795178584	-0.1563806135229188	-0.5545942173792135	0.7469379325062195	0.7469379325062153	-0.01776111380705228	0.1742828532926226	0.2309238338962406	0.1236135274497852	-0.4344022283998584	-0.2804129591927376	-0.4550178865780524	2.070787070352619	-0.01607705165816952	0.2678046639444276	-0.9138680216876653	2.088335706322378	2.088335706322431	-0.4597830796713481	0.008603131809820239	0.5674303700218608	0.1815037210497162	-0.1232658602802063	-0.007180850755170613	0.01454076907477977	-0.2426193474008012	0.02223789549753372	-0.004887227358053444	0.1684225180095282	-19.05545364646493	-31.9273235664443	-5.197584447354565	-1.62237153885967	-4.161976488839169	-582.8669633324206	60.05622524021913	-0.1520181154432805	0.3595215938767593	-1.192519364286432	0.8576138531830954	-0.1575735835313339	-0.3036816205401302	0.896670573282356	0.854668213215899	0.8546682132159027	0.1318262217539148	-0.2242260888697458	0.09714819590657064	-0.01801549921773233	-1.255065594464117e-07	-2.390159548766758e-08	1.627913884499388e-06	-1.356228573924139e-07	-1.321562701296276e-07	-2.93408539544723e-07	9.097047265058679e-07
0.39	-0.1098616787445763	0.04303718172193693	0.8503346782896124	0.7253247616835429	-0.2170622485714711	-0.1537197057957954	-0.5636864257369641	0.7678598671764304	0.7678598671764045	-0.02235150420824982	0.1743596364450592	0.2366015289239888	0.1254264275182508	-0.435578632292357	-0.2766096957249282	-0.4666897103318655	2.078155770759328	-0.01776863428952544	0.2643143349366239	-0.9043753705352346	2.095698520051715	2.095698520051725	-0.4582368494749783	0.006795913145836393	0.5679945983847379	0.1810171329253724	-0.1305187512221908	-0.005981787939205411	0.01467420512582186	-0.2463590338477123	0.02106154704386308	-0.003841759228457055	0.1751311357057349	-18.0628645884589	-32.47759359733648	-4.966866999366857	-1.514110861764071	-4.386792751493643	-586.7725001389331	60.43309103227367	-0.08676010412785953	0.4006341715236024	-1.142515020236685	0.6240978511632234	-0.17662584223223	-0.381245310379469	1.00530428531286	0.6242070276772622	0.6242070276708349	0.1749719381696195	-0.1526269107976654	0.01889968911883757	-0.07262955448141255	-1.274819423674718e-07	-3.91387660951432e-08	1.500564036550968e-06	-3.257693257606033e-07	-1.139633809299547e-07	-2.953165066501614e-07	8.879779194019225e-07
0.4	-0.1142210650936126	0.04029175115227287	0.8456114199102075	0.7461344294927706	-0.2172486684992447	-0.1510956087126561	-0.5726777592033716	0.7888448537988905	0.788844853798884	-0.02692464220357545	0.1744196159797318	0.2422814341418945	0.1272327318883862	-0.4362073793038412	-0.272410214325546	-0.4778815796579713	2.083428459835972	-0.01952722649266367	0.2604425351496612	-0.8936930434192205	2.100946096776442	2.100946096776409	-0.4563325984949664	0.005242408256453729	0.5678724080532374	0.1801845813834797	-0.1377716421641567	-0.004782725123253772	0.0148076411770455	-0.2500987202945998	0.01988519859019081	-0.00279629109888513	0.181839753401958	-17.04911189955228	-33.02609939356249	-4.736884740033236	-1.404541233062921	-4.625738118218819	-590.6575927586738	60.83333125314262	-0.04248673924035584	0.4387651801912331	-1.096528478744999	0.4384115871702232	-0.1709754978877752	-0.3799757763719486	1.134605765999038	0.4316208122940766	0.4316208122940773	0.2034303784822942	-0.1734833339495157	-0.04013554296900913	-0.08720818272751948	-1.29686876647721e-07	-5.511299175613008e-08	1.36753978522908e-06	-5.192399286743579e-07	-9.496498704553867e-08	-2.956438940118083e-07	8.567032287984844e-07
0.41	-0.1185840555883435	0.03759020764041074	0.840778736543018	0.7669865851718464	-0.2174530867331295	-0.1485112463910451	-0.5815564780031686	0.809872046316928	0.8098720463168957	-0.03147642768942144	0.174464869263542	0.2479567415978757	0.129028824440029	-0.4363014458562158	-0.2678409985565886	-0.4885639867676445	2.086668036178058	-0.02136109478892538	0.2563914797659746	-0.8818718016165172	2.104154431513703	2.104154431513647	-0.4539736610576077	0.003833471530817238	0.5670802905610837	0.1789827008229242	-0.1450492622261285	-0.003748200795281461	0.01493997456494554	-0.2541497320896307	0.01874228792052606	-0.001762882124435979	0.1885973200116007	-16.01506091012316	-33.59716302127319	-4.516425689643591	-1.293068508552308	-4.810342594027437	-595.0061504521013	61.31471137641935	0.02052205835593403	0.4746057407955203	-1.040489930504072	0.216528386781089	-0.1902745509755039	-0.4236260979685488	1.232720625970897	0.2147696230457052	0.2147696230422464	0.259928514653772	-0.1209093698543657	-0.1151148315260816	-0.1442261398821893	-1.313739115854074e-07	-7.205685975984458e-08	1.217750071040001e-06	-7.034147452691848e-07	-7.365896067018519e-08	-2.930901050044281e-07	7.968657964809267e-07
0.42	-0.1229453090142769	0.03493607747934736	0.835841950484047	0.7878610961601625	-0.2176759800610711	-0.145968585758972	-0.5903116169372251	0.830921188146023	0.8309211881460202	-0.036003063183238	0.1744967710745313	0.2536208548830959	0.1308113885566347	-0.435859965544917	-0.2629275441657946	-0.4987021180143001	2.087899521682267	-0.0232222453044466	0.2521021972382316	-0.8689770702712112	2.105335958995109	2.105335958995031	-0.4513026000886212	0.00257211368582762	0.5656335739014291	0.1774788943758709	-0.152326882288041	-0.002713676467165364	0.01507230795310245	-0.2582007438846435	0.01759937725089577	-0.0007294731497707324	0.1953548866212781	-14.96225906578945	-34.16743463341214	-4.295378814381264	-1.182203289440935	-5.00961823093589	-599.3493531179229	61.83434379369582	0.06462263349434662	0.5076129045584522	-0.9876733061414901	0.03679341959465093	-0.1764319417396729	-0.4276212051832335	1.349303674519616	0.02625936112317279	0.02625936112317276	0.2658550848078415	-0.1439675578201992	-0.1710553764692589	-0.1475933600270565	-1.327098283247462e-07	-8.965811240269634e-08	1.056593941347744e-06	-8.812873338511786e-07	-5.078843769080646e-08	-2.88582976085843e-07	7.176637935097296e-07
0.43	-0.1272995352941606	0.03233271140296819	0.8308065803703987	0.8087381287587991	-0.2179177931676029	-0.1434694541702053	-0.5989326282235993	0.8519723250822077	0.8519723250821909	-0.04050086079555257	0.1745167766626503	0.2592672682379604	0.1325771095216222	-0.4348992065611608	-0.2576970100543245	-0.5082720938232735	2.087187885800442	-0.0251527118594913	0.2476771732799576	-0.8550679913629771	2.104569584306194	2.104569584306196	-0.4482042293461981	0.001483762785056836	0.5635434145150345	0.175600091878075	-0.1595563450695073	-0.001634770300447758	0.01521782725622572	-0.2625573140993008	0.01661296373601318	9.432271077799486e-05	0.202083790287326	-13.89302666473642	-34.72892571766357	-4.181626650976748	-1.03390277036833	-5.161870411831676	-604.0372715608931	62.21687387457509	0.1247071168388827	0.5380646054161904	-0.9267454186611238	-0.1730213737080917	-0.2032664561574187	-0.4571970617405245	1.435289345087731	-0.176335818573558	-0.1763358185614997	0.339858062652712	-0.08322151929246366	-0.243885315089825	-0.217762492694546	-1.355720339462105e-07	-1.082004916685798e-07	9.136846891756424e-07	-1.055758400346115e-06	-2.854811624225776e-08	-2.871201420446515e-07	6.378064604485818e-07
0.44	-0.1316415730669994	0.02978310885589844	0.8256784933585836	0.8295984691422961	-0.2181792934284339	-0.1410160236351368	-0.6074098328516681	0.8730061482845504	0.8730061482845501	-0.04496606870170236	0.1745275082091161	0.2648896021798874	0.134322094702025	-0.4334222641364997	-0.2521748383039096	-0.5172454976476483	2.084561078653133	-0.02715967616537927	0.2429619864980454	-0.8402157386102408	2.101873212230292	2.101873212230375	-0.4447846588560557	0.0007173053608063191	0.5608176913140296	0.1733317374587344	-0.1667858078509424	-0.0005558641336824924	0.01536334655944709	-0.2669138843139481	0.01562655022114191	0.0009181185713990583	0.2088126939533972	-12.81040114060082	-35.29057282617049	-4.066960286837033	-0.8868246273134732	-5.330056003622522	-608.7305941199693	62.64722793697695	0.1678593216753667	0.5659404323473564	-0.8683589092217386	-0.3462408335021218	-0.1917314919082885	-0.4856537699108009	1.537938443420009	-0.3597401162740463	-0.3597401162740457	0.3300950343516618	-0.07958886251626679	-0.2981681393913859	-0.2255037443359446	-1.395588734808199e-07	-1.274363326566971e-07	7.842205046499729e-07	-1.227723082145323e-06	-6.772153816426022e-09	-2.879004726499606e-07	5.574662525843127e-07
0.45	-0.1359662947478931	0.02729011092340983	0.8204637406498121	0.8504231139156289	-0.2184613028998138	-0.1386105223776686	-0.6157339717733918	0.8940035884705003	0.8940035884704779	-0.04939500882396837	0.1745319276668554	0.2704815609540788	0.1360423157211817	-0.4314388303700454	-0.2463831715446828	-0.5255966687819681	2.080059829466253	-0.02925121146122836	0.2381021595066803	-0.8244709937025948	2.09730616797379	2.097306167973884	-0.440956376095179	0.0002181684634032429	0.5574757013319666	0.170650487342166	-0.1739860498418609	0.0002730150441630116	0.01555053765525778	-0.2715664650138117	0.01473183129777651	0.001727739109579981	0.2155316123841291	-11.71891818352773	-35.84727437671084	-3.957624417409911	-0.7388496502390508	-5.467598680290433	-613.7512088800794	63.16481340995765	0.2260580714470758	0.5920168760143424	-0.8022975662987153	-0.548292664089553	-0.2193472452232597	-0.4918003197422554	1.613900319239584	-0.551456861933088	-0.5514568619313999	0.416332122901773	-0.02757665186620501	-0.3669992538100471	-0.2987725404257143	-1.442775399999246e-07	-1.419159711966105e-07	7.009085372430537e-07	-1.359982713403972e-06	7.474217442604121e-09	-2.854421446781677e-07	4.945292131119946e-07
0.46	-0.1402686875576566	0.02485627707417405	0.8151687159595453	0.8711935010565371	-0.2187645242635086	-0.1362547500213105	-0.6238964316850778	0.9149461041575566	0.9149461041575256	-0.05378423867343065	0.174532855645552	0.27603714286321	0.1377338568601519	-0.4289564899109258	-0.2403420216533429	-0.5332998939467251	2.073709552167024	-0.03140205462909305	0.2330162062756048	-0.8078799366028356	2.090888312453499	2.090888312453604	-0.4368426042964643	1.90096254436638e-05	0.5535423183020517	0.1675957614212626	-0.1811862918327474	0.001101894222040172	0.01573772875105006	-0.2762190457136746	0.01383711237441848	0.002537359647810921	0.2222505308148872	-10.62313870706384	-36.40315931000745	-3.845687118624382	-0.594098807136039	-5.627327171605519	-618.7671513698291	63.73845448381331	0.2676406602084979	0.6158370587698679	-0.7387697153091933	-0.7160464559719671	-0.2035930663112223	-0.5308790178525192	1.707200881842661	-0.729902369031759	-0.7299023690317598	0.3871928419191508	-0.01959325062814235	-0.4164467489618203	-0.3001989052027008	-1.495816681066254e-07	-1.525906477779608e-07	6.545183435311341e-07	-1.460478304230175e-06	1.569691576819306e-08	-2.803928898446933e-07	4.455147083532372e-07
0.47	-0.1445438176800968	0.02248399343615724	0.8097999709610989	0.8918913453436378	-0.2190894385384159	-0.133950349474428	-0.6318890077067993	0.9358153699470182	0.9358153699469789	-0.05813074148571196	0.1745328310232418	0.2815504743091449	0.1393930976210191	-0.4259920503301379	-0.2340833333609537	-0.5403338365808779	2.065569026817912	-0.03357111554792636	0.227860355990333	-0.7905173824240378	2.082668479174411	2.082668479174465	-0.4324260732534826	-1.690189886937128e-05	0.5490312212620355	0.1642166502857029	-0.1882918222852879	0.001716248748066481	0.01598047093305199	-0.2810943156528271	0.0129072803446077	0.003330152942011742	0.2288651509599747	-9.526504338403129	-36.99036303302957	-3.743998093785756	-0.4506183791360241	-5.68708912569694	-624.0085088821937	64.3819230687009	0.3224509086281316	0.6355945062529634	-0.6684717726636235	-0.9066198955423567	-0.2222813839647205	-0.5087264270831474	1.768465483524336	-0.9124483370591687	-0.9124483370668433	0.4737464661159539	0.005185331433359908	-0.4823831273278871	-0.3622071187118691	-1.612176015126869e-07	-1.615449252214878e-07	7.053695148405659e-07	-1.556600558823144e-06	1.35047320453949e-08	-2.824841133304453e-07	4.522090247561553e-07
0.48	-0.1487869823464045	0.02017523863942001	0.8043643334892721	0.9124990715130202	-0.2194357871783691	-0.131697665109041	-0.6397044216272064	0.9565935524977195	0.9565935524977213	-0.06243210634144149	0.1745326023720102	0.2870159063955185	0.1410174592903354	-0.4225633986847806	-0.227636253397426	-0.5466783886228062	2.055685928622339	-0.03568892763858396	0.2226729699763076	-0.7724475163401949	2.07267166470685	2.072671664706853	-0.4278150129853701	-2.179603252228895e-05	0.5439624463897644	0.1606199431109677	-0.1953973527377978	0.002330603274107326	0.01622321311521005	-0.2859695855919593	0.01197744831479932	0.004122946236230484	0.2354797711050889	-8.447147674762048	-37.57525689327922	-3.637244086559909	-0.3132696661296258	-5.77639415003832	-629.2292045915354	65.08782325494484	0.3604830731224268	0.6535153929975531	-0.600891596864311	-1.064561025264198	-0.1933433006764293	-0.5371861636040063	1.848663262851704	-1.085298606726371	-1.085298606726381	0.4260986869453889	-0.01338977249500153	-0.5279823154128912	-0.3437181130383553	-1.783490640464956e-07	-1.690060260548285e-07	8.406188520175861e-07	-1.648927087628779e-06	2.273216733430595e-09	-2.907727330932616e-07	5.072543934880749e-07
0.49	-0.1529934978573925	0.01793180341396218	0.798868783210121	0.9329992528466111	-0.2198032626603434	-0.1294964714071798	-0.647335853902602	0.9772630191276676	0.9772630191276424	-0.06668557562842257	0.1745326154258321	0.2924278213866078	0.1426043801012641	-0.4186633525864706	-0.2210281817975197	-0.5523096855152394	2.044067403744863	-0.03779779787014743	0.2176216405650108	-0.7537370858557417	2.060940784983472	2.060940784983512	-0.4227967455778412	5.394354260585137e-06	0.5383301167640012	0.1567232582982438	-0.2025241155051075	0.003541331831365251	0.01651745738366232	-0.2909707703368158	0.01102369788891397	0.004346922563352251	0.242078378440809	-7.429670032863774	-38.23649745952764	-3.837935810069593	-0.07317333620923355	-5.71347154525607	-634.7023847412554	65.20872349748879	0.4161984036951743	0.6678438932612581	-0.5260104399247285	-1.252963223347448	-0.2185865989025724	-0.4810313683750493	1.897510873728118	-1.25907676864351	-1.259076768638044	0.5521315985613827	0.007612246910691411	-0.5944645176429625	-0.4188457892766606	-1.56506626635297e-07	-9.74825450566475e-08	1.196008175076875e-06	-1.110013297088905e-06	-7.163695737752847e-08	-2.611459286135299e-07	7.630096219619846e-07
0.5	-0.1571587263022962	0.01575512707445805	0.7933205676211474	0.9533747559305581	-0.2201916123875399	-0.1273441760071268	-0.6547771262866542	0.9978067581376611	0.9978067581376477	-0.07088637407515598	0.1745322681437764	0.2977806918351431	0.1441510936392881	-0.4143059854677624	-0.2142844762066872	-0.557211450587311	2.030750278693057	-0.03986377668195007	0.2128933096144144	-0.734415538071843	2.047526140720094	2.047526140720171	-0.4172808449341195	-9.386315313048765e-05	0.5321535378788403	0.1525784885300322	-0.2096508782723884	0.004752060388603378	0.01681170165212792	-0.2959719550816621	0.01006994746302596	0.00457089889045017	0.2486769857765561	-6.478333195090172	-38.89259856840553	-4.029246662374779	0.1557398784647068	-5.691830059375577	-640.1130695700145	65.40098996950978	0.4519472772021482	0.6806421911826995	-0.454985232791986	-1.404281060130414	-0.1847650167241365	-0.4725864714638021	1.970886722740861	-1.422051514726257	-1.422051514726263	0.5256253341838947	-0.03867935133002078	-0.6368321672925507	-0.3933351041357768	-9.798287162879691e-08	4.837936590061364e-08	1.758588073084184e-06	2.300902930556975e-08	-2.045388103581303e-07	-1.958340189643408e-07	1.207668247840122e-06
0.51	-0.1612782940657398	0.01364650790425028	0.7877270362748474	0.973608847004705	-0.2205999624276946	-0.12524060053813	-0.6620221944196438	1.01820764385816	1.018207643858124	-0.07503271302228537	0.1745315872762545	0.3030692517382486	0.1456558968129436	-0.4095407149452389	-0.2074208487178254	-0.5613656207287099	2.015788749862848	-0.04180794254947458	0.2078803554753903	-0.7145139908874264	2.032372701987639	2.032372701987686	-0.4118821668133314	-4.425301656932915e-05	0.5254717503859927	0.1483254923319059	-0.2165174085337552	0.004915422269582269	0.01712909882982938	-0.3015497753024389	0.009357697836485799	0.005224214211617618	0.2550722096296594	-5.594284035712586	-39.45149423690365	-3.966103797369297	0.2858634763152297	-5.713737444620366	-645.7709848527018	66.24450870321644	0.4988628446401304	0.6919450628133426	-0.3762857828656251	-1.583947917072321	-0.1993053999926677	-0.5069684452790352	2.012403362110958	-1.603721575804617	-1.603721575809102	0.5629798059099895	0.02666562076170136	-0.696914858968246	-0.4493893176979163	-6.183966936595498e-08	1.284570253866091e-07	2.010380652006064e-06	6.34290060238464e-07	-2.721886017697626e-07	-1.551112390355002e-07	1.432110391147786e-06
0.52	-0.1653481999429869	0.01160706941594602	0.7820958326515234	0.9936849509660329	-0.2210277667321769	-0.1231854183225385	-0.6690657241516242	1.038448648886644	1.038448648886631	-0.07912186703723491	0.1745313793951308	0.3082883812026874	0.1471165485366082	-0.4043736082282061	-0.2004483398259838	-0.5647459059921401	1.999152856128392	-0.04375462954605191	0.2032146589300796	-0.6941078578702485	2.015550002323205	2.015550002323223	-0.4058438584971982	7.341044889293803e-07	0.5182674501456487	0.1437481985319093	-0.2233839387950775	0.005078784150602419	0.01744649600742782	-0.3071275955232239	0.008645448209953398	0.005877529532853213	0.2614674334828005	-4.778002523129394	-40.00590933278465	-3.892785026859438	0.4036390524424784	-5.770945136522118	-651.3918153277534	67.11735865374084	0.5323145161040963	0.7024184717785459	-0.3002082571982987	-1.739154040979694	-0.1852692425344965	-0.4031349527207805	2.071803889293141	-1.755903701121979	-1.755903701121979	0.6535513732527938	-0.03960395443115009	-0.7413347167919796	-0.4581946245095628	-4.853376582113183e-08	1.414078976570266e-07	1.945043313493829e-06	7.131820141697384e-07	-2.732546568865274e-07	-1.394794078008928e-07	1.431841837954964e-06
0.53	-0.1693644813186171	0.009637777473740922	0.776434702420523	1.013586598684909	-0.2214748065430295	-0.1211755106576192	-0.6759028262372793	1.058513251150651	1.058513251150656	-0.08314823571883666	0.1745314855568842	0.3134329616741423	0.1485301989948853	-0.3988169293839252	-0.1934032636336853	-0.5673492325969725	1.980914419690465	-0.0456378971305962	0.1987930293385796	-0.6732482661929494	1.997104293308305	1.997104293308311	-0.3993804591726839	1.857604678835893e-05	0.5105687916579369	0.1389536002980866	-0.2302377465582753	0.00586598015089439	0.01764584021302037	-0.312487538149917	0.007516923330596406	0.006158699202018836	0.2677505363199815	-4.029537367015657	-40.73307586300104	-4.03925566564299	0.5883437728255924	-5.571876273880346	-657.0194162804208	67.49888352091101	0.5772264073180509	0.7065151770791943	-0.2207849742779437	-1.9055061278855	-0.1873411059649785	-0.4578275649232378	2.102680767150101	-1.928819767947024	-1.928819767948644	0.6503941493808906	0.02239917020806236	-0.7961608355172038	-0.4939478446416022	-3.697751138937726e-08	1.516570153476779e-07	1.870854555538667e-06	7.63922586133562e-07	-2.730881223254994e-07	-1.249193284521533e-07	1.424402838727547e-06
0.54	-0.1733232195380609	0.007739128890283356	0.7707514609010442	1.033297998502873	-0.2219401761476472	-0.119209049409096	-0.6825294036141201	1.078385413271243	1.078385413271266	-0.08710843841972253	0.1745317543182995	0.3184981496765668	0.1498951323864595	-0.3928649769905266	-0.186319668076478	-0.5691681636878538	1.961103275945083	-0.04742058829719333	0.1945253756447409	-0.6520029161075729	1.977061973642488	1.977061973642484	-0.3926106623549731	3.325405499700325e-05	0.5023889563399677	0.1340047851913452	-0.2370915543214295	0.006653176151273007	0.01784518441827073	-0.3178474807766513	0.006388398451258601	0.006439868871336448	0.274033639157198	-3.348511599409503	-41.45739147872836	-4.178316083909706	0.7639745920204379	-5.404371745713754	-662.6247622060238	67.90051093298057	0.6113692259276782	0.7101223447602326	-0.1433291544081262	-2.05369550247091	-0.1651539589452217	-0.3723397731887371	2.148955570908651	-2.075225831305185	-2.075225831305178	0.7148308718921348	-0.04023674124895112	-0.8375700828435493	-0.4890379990935144	-2.735703895506028e-08	1.58916957758588e-07	1.786872737774306e-06	7.835169482610568e-07	-2.715578715252115e-07	-1.115450171473527e-07	1.409030580057598e-06
0.55	-0.1772206258770198	0.005911475703448846	0.7650539483682103	1.052803670876983	-0.2224228127945687	-0.1172844401621378	-0.6889416589855101	1.098049392871479	1.098049392871505	-0.09099954689349374	0.1745320219825733	0.3234793106999509	0.1512099499422358	-0.3865580026472746	-0.1792067819469227	-0.5702017442117155	1.939777645526465	-0.04908933222309161	0.1904181089546741	-0.6304000342085156	1.955482795140784	1.955482795140752	-0.3855677781094132	2.181578132048548e-05	0.4937791615394478	0.1289395660583171	-0.2435938804265309	0.007073191254800298	0.01801147748604303	-0.323590590626945	0.005650732181287409	0.006779276489762644	0.2800086982158036	-2.73370766846909	-42.04890610025618	-4.259536125482543	0.919765216379766	-5.312970277282763	-668.2023751910656	68.47271859838817	0.6491269446787172	0.7124457037612116	-0.0635035513090908	-2.210005933029906	-0.1649366949446285	-0.4267293880728864	2.173173093723899	-2.236932127187681	-2.236932127191868	0.7057205490803633	0.01885040120457317	-0.8823404136958555	-0.5177716315455478	-1.765800383360523e-08	1.661977996457604e-07	1.709884663387444e-06	8.081439850572148e-07	-2.697460817237657e-07	-9.993865601234036e-08	1.399964835367206e-06
0.5600000000000001	-0.1810532093913167	0.004155066169251322	0.7593500738201513	1.072088485122616	-0.222921577297863	-0.1154002654362874	-0.6951364418190447	1.117490047033176	1.117490047033197	-0.09481888585517027	0.1745322648183954	0.3283724425283202	0.1524736137544542	-0.3799004120578325	-0.1720709375490805	-0.5704405667328903	1.916931650248937	-0.05064615957031071	0.1864384714183257	-0.6085084085366672	1.932396885935694	1.932396885935634	-0.3782567599361623	2.82883729080827e-05	0.4847831173373416	0.1237740364797675	-0.2500962065315968	0.007493206358392107	0.0181777705535505	-0.32933370047727	0.004913065911330333	0.007118684108303455	0.285983757274439	-2.184060641975179	-42.6388166583428	-4.333207290960813	1.06605208777191	-5.25393936194873	-673.7825302743975	69.06559386250468	0.6814924751657374	0.714713998417539	0.01562244612923248	-2.357768474253056	-0.1427706432094397	-0.3468139424450899	2.206704325466965	-2.376571971982321	-2.376571971982321	0.7684576574303509	-0.03665456819603544	-0.9148199631609012	-0.5091000881978688	-7.864693487584493e-09	1.735037209044477e-07	1.64128908105358e-06	8.388102314557688e-07	-2.675964451209307e-07	-9.045383508107371e-08	1.398466907452284e-06
0.5700000000000001	-0.1848175683260626	0.002470039843378751	0.7536477629917039	1.091137497524954	-0.2234352800874492	-0.1135551872724925	-0.7011109852103822	1.13669251864284	1.136692518642874	-0.09856391739424357	0.1745324942220069	0.3331737721204207	0.1536852588833256	-0.3729179134092235	-0.164938607824255	-0.5698898614824607	1.892632471905014	-0.0520739772004048	0.1826011275928125	-0.5863702245310825	1.907862010035415	1.907862010035384	-0.3707086187998014	1.684454465638045e-05	0.4754253503529984	0.1185434178691117	-0.2563976982483324	0.008046653760581658	0.01824982906098694	-0.3349469469893795	0.003945851627971977	0.007349834504239965	0.2916993270208447	-1.698756109076116	-43.30679610566654	-4.471657632763754	1.227340992789696	-5.032001791407406	-679.2089955824415	69.49601527660627	0.7146717409551682	0.7117971533963652	0.0945381678633548	-2.501720358296421	-0.1395439801943024	-0.3986339626901186	2.221882218102139	-2.527258828414106	-2.52725882840979	0.7543185110578471	0.01672863743672778	-0.9549087114302739	-0.5314269173641017	1.028822245663393e-09	1.795156084872114e-07	1.573393773401601e-06	8.616268134586284e-07	-2.647888940576203e-07	-8.206403842424183e-08	1.394925224719652e-06
0.58	-0.1885104936380743	0.000856197753530516	0.7479549079364337	1.109936372575091	-0.223962612384801	-0.1117477704189357	-0.7068632454056631	1.155642578807637	1.155642578807641	-0.1022322022880858	0.1745326327728462	0.3378797933136031	0.1548443209921177	-0.3656136875107499	-0.1578340903442133	-0.5685494120974464	1.866904179807709	-0.05337206112192707	0.1789062093638863	-0.5640517693255767	1.881914596960598	1.881914596960597	-0.3629074308906989	1.011781946334381e-05	0.4657214375542856	0.113257432463874	-0.2626991899650277	0.00860010116286764	0.01832188756791968	-0.3405601935015513	0.002978637344635229	0.007580984900352204	0.2974148967672844	-1.277092027971312	-43.97446777088481	-4.603678705577329	1.380324326585252	-4.84005525401175	-684.6557207068083	69.94365617655124	0.7458379251386908	0.709151549460703	0.1735712730461808	-2.643591224929522	-0.1168239014951105	-0.3183288231276681	2.242758565451222	-2.65907940688994	-2.65907940688984	0.8190670119786638	-0.03571114758434734	-0.984049126034901	-0.5201734471142331	8.750512436695423e-09	1.83842242910633e-07	1.506410451381846e-06	8.742205767136074e-07	-2.611245241620629e-07	-7.510031989225525e-08	1.388721907805819e-06
0.59	-0.192128883234994	-0.0006867965223152334	0.7422793822710507	1.128471027687076	-0.224502219658212	-0.1099765847288471	-0.7123915311041925	1.174326275641255	1.174326275641259	-0.105821361077874	0.1745325926229795	0.342487158783906	0.1559503842549364	-0.3580163436656537	-0.1507743413937299	-0.5664250547037523	1.839798775497259	-0.05452651162068842	0.1753492572087827	-0.5415930167715344	1.854601927069218	1.854601927069203	-0.3548914361284776	-1.835714259034322e-05	0.4557042103336962	0.1079527115473561	-0.2686850831356825	0.009057471518692798	0.01831891157566247	-0.3461864915545455	0.002024497551912244	0.007801403288307849	0.3027994928326613	-0.9184828790443387	-44.62871613396748	-4.733560989708237	1.527882790512415	-4.584965873918811	-689.9085823648746	70.38431068321661	0.7738908662508255	0.7028982867802952	0.2514537097082066	-2.778198013655861	-0.1111526830780368	-0.3716479790492283	2.249286641735298	-2.800789839345394	-2.800789839347515	0.7979592767543121	0.01378795553797337	-1.017705999011264	-0.5356645912197822	1.613842873079449e-08	1.870509917257448e-07	1.436512900956589e-06	8.82335157115498e-07	-2.562529340032431e-07	-6.877080398336195e-08	1.378498335289888e-06
0.6	-0.1956698577430526	-0.002159490964868683	0.7366290173270404	1.146727792160049	-0.2250526508484189	-0.1082404224737467	-0.7176948586689097	1.192730159964152	1.192730159964114	-0.1093293412063515	0.1745323084487275	0.3469929226862119	0.1570033916731304	-0.3501306697383301	-0.1437741236857534	-0.5635172678229295	1.81132605200468	-0.05553684447993645	0.1719015223597918	-0.5190601425633042	1.825952094814503	1.825952094814474	-0.3466716986298516	-3.868706249028823e-05	0.4454011239554943	0.1026462635388731	-0.274670976306307	0.009514841874609593	0.0183159355829356	-0.3518127896075984	0.001070357759210399	0.0080218216764327	0.3081840888980636	-0.622338620045359	-45.28355047649065	-4.857399716501247	1.667458969493418	-4.359282733853528	-695.1971605142423	70.84051918892979	0.8035039415842159	0.6972453009592308	0.3302571704719179	-2.917055061355511	-0.08800037359246134	-0.2964853619050561	2.257582896288836	-2.92651187955697	-2.926511879556994	0.8598155592595813	-0.03408213915369898	-1.041220957557504	-0.5205188655072284	2.305417707313459e-08	1.886783413876375e-07	1.36249278351867e-06	8.841133325057023e-07	-2.496735688378569e-07	-6.333845276079585e-08	1.362587571922207e-06
0.61	-0.1991306546309013	-0.003562533130679719	0.731011612457084	1.164693198728515	-0.2256124164430114	-0.1065381109433065	-0.722772588833309	1.210841035886648	1.210841035886625	-0.1127541714679387	0.1745316866835707	0.3513943373647693	0.1580034555866644	-0.34198729487186	-0.1368486253269533	-0.5598353760787651	1.781538268945058	-0.0563922408125754	0.1685785703040113	-0.4964899018368376	1.796013470313235	1.796013470313208	-0.3382633051545068	-8.686675414088522e-05	0.4348441838493021	0.09737143208000916	-0.2803034237340618	0.009967097131846668	0.01823476092468444	-0.3574087188753928	0.000157260992740595	0.008183262850712403	0.3132031093617778	-0.3880617388676648	-45.91624644071043	-5.00588261934481	1.814282594481897	-4.073741150713741	-700.2282060235884	71.21773051979632	0.8259917731730879	0.6880055883638402	0.4063926805874388	-3.042161214376518	-0.08054512946111977	-0.3475364910035185	2.256142932833187	-3.058986090348504	-3.058986090348055	0.8361406936975389	0.009868322430931829	-1.068597925233713	-0.529918431071098	2.866557030795373e-08	1.885866138496045e-07	1.289495271270021e-06	8.768899110065107e-07	-2.422251084540306e-07	-5.835808672866626e-08	1.341241634867168e-06
0.62	-0.202508770267287	-0.004896759615898212	0.7254348740054091	1.182354223209165	-0.226179983174207	-0.1048684962061104	-0.7276247369360417	1.22864623589315	1.228646235893102	-0.1160939599043549	0.1745305939628664	0.3556890491646448	0.1589509805566114	-0.3335944194456051	-0.1300109875672452	-0.5553839841666149	1.750449634440993	-0.05709707179970726	0.1653621637046864	-0.4739437302300617	1.764816911614498	1.764816911614474	-0.329663333598152	-0.0001328781817238925	0.4240605482197638	0.09213847482134314	-0.2859358711617969	0.01041935238917552	0.01815358626592518	-0.3630046481432513	-0.0007558357737069026	0.008344704025164603	0.3182221298255083	-0.2149420528550815	-46.550359862833	-5.148999064807827	1.95383895885045	-3.817005950466412	-705.3080460444264	71.60797613686209	0.8534040535412341	0.6796731811407537	0.4841572040690399	-3.177225350244239	-0.05788730449107729	-0.2751762706138659	2.252769072350721	-3.178098719050695	-3.17809871905072	0.8981311754615711	-0.03364848634024759	-1.086560062226824	-0.5121440254676317	3.227026337735596e-08	1.858501521578395e-07	1.218070997774095e-06	8.558178789082483e-07	-2.334395785033733e-07	-5.407308252797746e-08	1.311533892139273e-06
0.63	-0.2058018015993211	-0.006163107682215887	0.7199064551329507	1.199698037120481	-0.22675381634662	-0.1032305710972601	-0.7322516621643252	1.246133324001727	1.246133324001735	-0.1193469386172244	0.174528973216853	0.3598748734071508	0.1598464803009949	-0.3249750522331635	-0.1232784304555188	-0.5501747520617116	1.718106630268057	-0.05764503837557924	0.1622219352032315	-0.4514621787684061	1.732401211212272	1.732401211212257	-0.3209191336760265	-0.0001856339375529197	0.4130739501551842	0.08697244495811712	-0.2912368548020807	0.01082928424253825	0.0179795435862755	-0.3684353093757601	-0.001804748131795321	0.008504729985499499	0.3228769996370204	-0.1022043099405397	-47.21147352130639	-5.291207413328234	2.086109772994013	-3.447679150008929	-710.0794378219243	71.95702240565818	0.8717472629483904	0.667030674621892	0.5580516752705639	-3.293788631052157	-0.04942895398877682	-0.3335813874843578	2.242718681867336	-3.303237439693368	-3.303237439691934	0.8646639646156768	0.009979838151132058	-1.10928040535059	-0.5169046449756419	2.888412628452509e-08	1.663908058136936e-07	1.056337545413224e-06	7.382500515452007e-07	-2.104764275254398e-07	-4.235118087167228e-08	1.159789848253997e-06
0.64	-0.2090075304176606	-0.007362733437729783	0.7144338776738556	1.216712230854023	-0.2273323647087662	-0.1016240753229014	-0.7366543977782334	1.263290268758508	1.263290268758537	-0.1225120554180517	0.1745270387050063	0.3639499175236512	0.1606907053111019	-0.3161339167066152	-0.1166665254064895	-0.5442157014939895	1.68452559888576	-0.05804010974563224	0.1590762967988695	-0.4291058073549717	1.698788241254654	1.698788241254649	-0.3120909511928118	-0.000195631359167225	0.4019045230195216	0.08188352796587194	-0.2965378384423537	0.01123921609601319	0.01780550090610962	-0.3738659706083348	-0.002853660489855044	0.008664755946046163	0.3275318694485405	-0.04875410518758883	-47.8745838048678	-5.428470011807822	2.211544894808853	-3.105799044137969	-714.9089490464228	72.31756681307328	0.8977577163626219	0.6555427686012792	0.6341208966328317	-3.424830792116484	-0.02730826332734433	-0.2762582511952716	2.227733062706476	-3.417552630129036	-3.417552630128974	0.9149276876794552	-0.02509681949731679	-1.123125876443538	-0.4967214512714825	1.378362513606024e-08	1.189093284304225e-07	7.43275198738118e-07	4.589865672519697e-07	-1.637561818531513e-07	-1.816745104649619e-08	8.035525429698636e-07
0.65	-0.2121238738110892	-0.008496874431644638	0.709024570534295	1.233384663372033	-0.227914043029226	-0.100047923390338	-0.7408342252242152	1.280105439185567	1.280105439185589	-0.1255875844251503	0.1745245690331152	0.3679124932968648	0.1614845733659651	-0.3071036077007412	-0.1101849296283594	-0.5375244171794087	1.649763156971253	-0.0582698805457639	0.1561505658125008	-0.4068959442227618	1.66405716321191	1.66405716321191	-0.3030051838419939	-0.0002938717098241162	0.3905894963401687	0.07690922137962103	-0.3014351382628338	0.01165397226772549	0.0175635795267537	-0.3791846185719782	-0.003835250097541737	0.008773436909865097	0.3317816840400438	-0.04353987720927135	-48.49928715568816	-5.585371944845422	2.344753174532086	-2.723294573410931	-719.3794930516981	72.59033442557779	0.9103489370285203	0.640952833842344	0.7048280779476914	-3.531603107921605	-0.0169118609352758	-0.301272365857937	2.212173581328133	-3.529188337460689	-3.529188337460011	0.9069029320302848	-0.001441279266044144	-1.13886846428032	-0.494797805921448	2.717050114747182e-09	8.377920074619882e-08	5.113411241298281e-07	2.540597784974025e-07	-1.289358985014424e-07	1.825739289175399e-12	5.397186764617407e-07
0.66	-0.2151489778255925	-0.009566902497493601	0.703685815413696	1.24970354102754	-0.2284972391322028	-0.09850113713632208	-0.7447930419103048	1.296567638242976	1.296567638242964	-0.1285719554240621	0.1745212662304644	0.3717612833231626	0.1622292958462429	-0.2978860409217202	-0.1038439397933102	-0.5301052977017189	1.613814626384589	-0.05834366624908786	0.1532031610861343	-0.384903655376552	1.62819396732462	1.628193967324625	-0.2938593495612958	-0.0003622575171252707	0.3791473736368489	0.07205441304858816	-0.3063324380833098	0.01206872843949681	0.01732165814687602	-0.3845032665356854	-0.004816839705212918	0.008882117873802097	0.3360314986315516	-0.04348263438688146	-49.13085077986413	-5.741045933519603	2.47499182863996	-2.353984336864421	-723.9686369775446	72.88235637341134	0.9352092709920885	0.6274215799850612	0.7796879292546528	-3.662048526548046	0.003888756034126504	-0.2805929991948262	2.18421820550647	-3.643976199038367	-3.643976199038346	0.9269410736555327	-0.01912591082613506	-1.148545081236999	-0.47282180022792	-9.732028454881814e-10	7.123439822594789e-08	4.277558898722897e-07	1.850629472992511e-07	-1.158755462502222e-07	7.173245538759905e-09	4.448510980011819e-07
0.67	-0.2180810875875665	-0.010574253787683	0.6984248258934651	1.265657198199919	-0.2290803910400852	-0.09698357334416291	-0.7485330818237763	1.312665751290266	1.312665751290271	-0.1314642792486375	0.1745172353700357	0.3754951175217101	0.1629261267831276	-0.2885122194017424	-0.09765242983820453	-0.5219767437818134	1.576731721170243	-0.05826191304781064	0.1503127495413086	-0.3631518864022868	1.591254323149798	1.591254323149801	-0.2845898455545178	-0.0004430363369442306	0.367607501136232	0.06733564928918652	-0.3108092493556283	0.01243433676022319	0.01703119844006326	-0.3895877869150368	-0.005758259383558299	0.008982795072738315	0.3398627165912997	-0.04340613256694353	-49.72293548411355	-5.893120196022165	2.604469340435524	-1.953379544068425	-728.116330740117	73.12548104007975	0.9420265881371127	0.6110775303550171	0.8468208985720199	-3.759168803777062	0.01406360720625406	-0.2928086480462384	2.163522380760116	-3.74510568757646	-3.745105687576721	0.9293271101923678	-0.002376020551732316	-1.15850732012836	-0.4677485495559814	-4.644673079895937e-09	5.926159301191149e-08	3.517811534287431e-07	1.216288868659501e-07	-1.03468538201423e-07	1.361824337900887e-08	3.554453456493325e-07
0.68	-0.2209187475352116	-0.01152047761290507	0.6932485982674762	1.281234474863179	-0.2296619764149448	-0.09549482235063642	-0.7520570308200302	1.328389238463634	1.328389238463637	-0.1342634336239157	0.1745124322908155	0.3791131931981197	0.1635765011052676	-0.2789960780563052	-0.09161844679984268	-0.5131529188533395	1.538538524559931	-0.05803035964527627	0.1474406013596995	-0.3416854719330745	1.55326879254008	1.553268792540082	-0.275225459707611	-0.0005167012764394584	0.3559956692094412	0.06276309009939582	-0.3152860606279329	0.01279994508097069	0.01674073873291178	-0.3946723072944266	-0.006699679061899108	0.009083472271719616	0.3436939345510612	-0.04330800506459789	-50.32285041162398	-6.044152992343593	2.731025854191226	-1.563047433061218	-732.3964482751273	73.39013663143861	0.9636732360840476	0.5959161966362423	0.9187421309683406	-3.884106805741029	0.03384879628550139	-0.276940326551496	2.127147304495929	-3.853153486017514	-3.853153486017515	0.9459174416813046	-0.01770313476133317	-1.16293696647185	-0.4435808863057884	-8.278577862648478e-09	4.843278241030407e-08	2.910274126131796e-07	6.932036796234991e-08	-9.236821855746561e-08	1.861039730081434e-08	2.769632455149014e-07
0.6899999999999999	-0.2236605884129617	-0.01240717841630721	0.6881640295159412	1.296424376490131	-0.2302405015941913	-0.09403456209856229	-0.7553678659198985	1.343727780206776	1.343727780206769	-0.1369683572594252	0.1745068495366996	0.3826148686405066	0.1641819252171428	-0.2693505238495089	-0.08575058794155298	-0.5036499523431157	1.499262889319374	-0.05765123714104808	0.1446053679190044	-0.3205453728133089	1.51427513521483	1.51427513521483	-0.2657516895519639	-0.0005962007647328067	0.3443347832272928	0.05834910963911216	-0.3193552372464268	0.01315479073177817	0.01640089798217373	-0.3994673832928855	-0.0076512857548937	0.009165857052137582	0.3471130834913344	-0.04319259768323041	-50.89997780113023	-6.199906091965762	2.859209108025028	-1.122704714175247	-736.2223224611661	73.58097318957893	0.9682334887617647	0.5778726723869393	0.98271018548047	-3.976126211540752	0.04346765100263199	-0.2877465456268639	2.097867499886786	-3.947132831896645	-3.947132831896905	0.9492710213987411	-0.002507334776374364	-1.168362632088996	-0.4361577261369657	-1.219661691347321e-08	3.720586528992627e-08	2.301513355675772e-07	1.584151805459561e-08	-8.103265674599314e-08	2.37066402772163e-08	1.953478855927801e-07
0.7	-0.2263053263534846	-0.01323607024273417	0.6831778176843949	1.311216154899006	-0.2308145308136882	-0.09260284051947093	-0.7584692147717363	1.358671453181443	1.358671453181425	-0.139578310349579	0.1745005849919054	0.3859997955794724	0.1647440393043671	-0.2595754906113406	-0.0800566514048069	-0.4934815348556305	1.458913880945711	-0.05713116769637427	0.1417328667663791	-0.2997882223267434	1.474295038844867	1.474295038844865	-0.2562313506406278	-0.0006530594095466205	0.3326459685250373	0.05410108516893414	-0.3234244138649607	0.01350963638256881	0.0160610572313069	-0.4042624592913592	-0.008602892447886378	0.009248241832529642	0.3505322324315706	-0.04305788516645796	-51.48533374951745	-6.354538109605795	2.984287870318001	-0.6907659653170527	-740.1863755236452	73.79457375451409	0.9895690423585006	0.5611317323274642	1.051832326420629	-4.098781432362109	0.06203818437459497	-0.2843938689375405	2.050557577855923	-4.050441294960105	-4.050441294960103	0.9552311928191324	-0.01317496606537275	-1.168522710493375	-0.4103896882847171	-1.673791822974674e-08	2.510568225740656e-08	1.690069080818875e-07	-4.020450953969217e-08	-6.918107985739056e-08	2.903120763144297e-08	1.06859568717013e-07
0.71	-0.2288517457871655	-0.01400891420156218	0.6782965508645962	1.325599218885717	-0.2313826592974572	-0.09119978062921294	-0.7613649892207851	1.373210548026678	1.373210548026663	-0.1420926129172764	0.1744937493982964	0.3892677674292764	0.1652645426238162	-0.2496915004450769	-0.07454307535778136	-0.4826670866390833	1.417530017980003	-0.05647249313498894	0.1388721599154882	-0.2794425880558761	1.433371111055388	1.433371111055389	-0.2466224516353658	-0.0007112256875768517	0.3209505932181747	0.050029974964489	-0.3270625376682137	0.0138335874824497	0.01568199823052162	-0.4087650144601979	-0.009525014233959029	0.009319509128083648	0.3535285606410664	-0.04290766363935505	-52.03221062639967	-6.507016605177819	3.108743683960674	-0.2271243549564638	-743.6703813590422	73.94698193346795	0.9903456134688191	0.5418181309647965	1.111968998216623	-4.183524863210947	0.07107826034825324	-0.2879755224578641	2.015178265844768	-4.13628740317371	-4.136287403173382	0.9647464525895447	-0.001723464034323468	-1.169717986115218	-0.4009025049761744	-2.150137914959611e-08	1.283737028630269e-08	1.089418890891573e-07	-9.619503143903217e-08	-5.732656123410028e-08	3.439069953496235e-08	1.679731625555159e-08
0.72	-0.2312988189972389	-0.01472755288190498	0.673526572112752	1.339563377015861	-0.2319435418019394	-0.08982554109335453	-0.7640595849442976	1.387335819817572	1.387335819817566	-0.1445106210552578	0.1744864149408068	0.3924188509169481	0.165745248677532	-0.2397062458904717	-0.06921559570776702	-0.4712239212647253	1.375132709632858	-0.05568197184048301	0.1359687958928782	-0.2595524772192997	1.391530427976631	1.391530427976633	-0.2369724647017121	-0.0007528321801047776	0.3092682960980104	0.04614163202197029	-0.330700661471495	0.01415753858227961	0.01530293922968943	-0.4132675696290402	-0.01044713602004064	0.009390776423544838	0.3565248888505362	-0.04274096478048856	-52.58758260184345	-6.658217913027508	3.229838359932994	0.2297382502016065	-747.2964564574525	74.1235807705276	1.009821920026878	0.5239124529251747	1.177575757982733	-4.30147050864964	0.08840753099869975	-0.2929253032813599	1.959452890997757	-4.233792352815938	-4.233792352815938	0.9634487784974832	-0.009863008964869253	-1.165907073153805	-0.3738362358994814	-2.680108738842164e-08	1.632298427542659e-10	5.148233887253619e-08	-1.520515740747051e-07	-4.546494187190868e-08	3.98344920747055e-08	-7.706409106793078e-08
0.73	-0.2336456282435464	-0.01539386423559286	0.6688740950774952	1.353098660570891	-0.232495878828928	-0.08848032750213375	-0.7665576028360066	1.401038247477149	1.401038247477147	-0.1468317107517207	0.1744786840931099	0.3954532324496829	0.1661879923098437	-0.2296452741542389	-0.06407921821932655	-0.4591737173633021	1.331768233279881	-0.0547663387409322	0.1330611101296228	-0.2401350490427817	1.348813312157276	1.348813312157278	-0.2272424574514779	-0.0007866960225778734	0.297615246549639	0.0424369517842442	-0.3339054565276705	0.01445554105462049	0.01489209318847337	-0.4174641525275787	-0.01132845520943123	0.009447577855639318	0.3591043545426273	-0.04255919537399378	-53.10022148547227	-6.808355238049274	3.350918217128772	0.7118066896754803	-750.4320524756121	74.23439765898834	1.00577757887243	0.5036115505670082	1.233416728425738	-4.3773067351037	0.09598024356805691	-0.291640899948209	1.920295592990595	-4.311933832662812	-4.311933832662982	0.9782454067723726	0.000807030682198253	-1.163919852596974	-0.3643268750098039	-3.212732448613316e-08	-1.243665744853287e-08	-4.735722959692084e-09	-2.068099160360466e-07	-3.371506662242864e-08	4.519418003441221e-08	-1.70960412940644e-07
0.74	-0.2358915192167975	-0.01600978958364358	0.6643450548856934	1.3661956252551	-0.2330384917160851	-0.08716458090600189	-0.7688639648835477	1.4143092514513	1.414309251451312	-0.1490554066339773	0.1744708056274716	0.3983713002955538	0.1665945805483196	-0.2195225912799653	-0.05913839458033694	-0.4465365525737127	1.287468935467631	-0.05373714387597671	0.1300753968823419	-0.2212213083857891	1.305245690891217	1.305245690891217	-0.2174937018618026	-0.0007823557622221924	0.2860055587245395	0.03891055325449026	-0.3371102515838376	0.01475354352690608	0.01448124714739419	-0.4216607354260993	-0.01220977439883793	0.009504379287625084	0.3616838202347255	-0.0423735403065067	-53.62149498512683	-6.95704744034869	3.468390252679939	1.188691097134959	-753.7114630357991	74.37078247804232	1.022164147635112	0.4848016830349513	1.294967935615959	-4.488434800504104	0.1111198840796411	-0.3085308000864753	1.858715387092683	-4.403893442156906	-4.403893442156941	0.967198446385702	-0.002222188399084603	-1.157234728499522	-0.3381798943050981	-3.75243052075407e-08	-2.483853633378993e-08	-5.764314910020617e-08	-2.586397228658371e-07	-2.22631756735128e-08	5.032958911402174e-08	-2.649498402779726e-07
0.75	-0.2380358669996047	-0.01657729667044577	0.6599452566590924	1.378844978113814	-0.2335702412730349	-0.08587885068656234	-0.7709838639289229	1.427140462738244	1.427140462738246	-0.1511813326332203	0.1744630511108814	0.401173546656373	0.166966842756091	-0.2093332083553927	-0.05439671263472872	-0.4333315046326682	1.24224860765791	-0.05259444930602234	0.1270515444825356	-0.2028611582470511	1.26086518062621	1.26086518062621	-0.2076963842128428	-0.0007637398432430186	0.2744563207319606	0.03557504975937033	-0.3398845607756838	0.0150271829592906	0.01404653196230573	-0.4255260171904881	-0.01306802979492524	0.009553005487748021	0.363844823836851	-0.0421966981364487	-54.10433834293351	-7.101238443778218	3.583633556964702	1.694597572835628	-756.4886507678729	74.44670866734545	1.019378515994041	0.4637952313369375	1.347022274033573	-4.561795254637688	0.1185526307966299	-0.3022116767516336	1.809266193687664	-4.474829387712096	-4.474829387712098	0.9852792091100162	0.004555088760270884	-1.151878518323023	-0.3263118025376481	-4.280434449589904e-08	-3.690247887689244e-08	-1.087427081317483e-07	-3.084573794706163e-07	-1.112720832102823e-08	5.538315319596129e-08	-3.570966747178553e-07
0.76	-0.2400779103229378	-0.0170983981815892	0.6556802587220391	1.391037534997733	-0.2340900222068096	-0.08462393883452408	-0.7729232411996284	1.43952392900873	1.439523929008743	-0.1532094292989754	0.1744556130747912	0.403860678600533	0.1673067346838281	-0.1990616993857931	-0.04985727944858726	-0.4195764946642193	1.196109740510922	-0.05134341924232141	0.1239117234097701	-0.1851169534513778	1.215696687599623	1.215696687599623	-0.1979278351655258	-0.0007190596557100096	0.2629826753919429	0.03243649724735982	-0.3426588699676049	0.0153008223916117	0.01361181677733212	-0.4293912989548648	-0.01392628519101795	0.009601631687752509	0.3660058274389054	-0.04202739473076426	-54.59585792709554	-7.243798202647609	3.695018319219688	2.196808254127579	-759.4098209817569	74.54954793612515	1.038589356640587	0.4443519311415422	1.404960341096847	-4.672142667957683	0.1327869828289651	-0.331724534678314	1.735526318479745	-4.561489994472917	-4.561489994472898	0.9614447260571253	0.002990665311698395	-1.142116197987364	-0.29878969768325	-4.773823714243173e-08	-4.796612984721751e-08	-1.54490980520733e-07	-3.523190714093615e-07	-9.263748139802489e-10	6.019445608479772e-08	-4.437894341812984e-07
0.77	-0.24201690626554	-0.01757511972546025	0.6515554824056834	1.402764266686513	-0.2345967607060168	-0.08340072084967103	-0.7746882905700165	1.451451913780459	1.451451913780464	-0.1551397221572748	0.1744486648350834	0.4064334933234405	0.167616238874073	-0.1887287418904569	-0.04552096342421894	-0.4052947563074786	1.149096440486551	-0.04998836541268584	0.1207121349655432	-0.1680023308093926	1.169780324828573	1.169780324828566	-0.188135819563003	-0.0006655987617531973	0.2515964052657597	0.02949670962888197	-0.3449896538338705	0.01554195982617832	0.01316917826425151	-0.432965492565333	-0.01467818076239114	0.009634643458933881	0.3677596171301774	-0.04186662702984902	-55.02244458893568	-7.382040043798291	3.806023147326241	2.693640547429882	-761.8360264424251	74.59589467744883	1.031947255426404	0.4231827040449683	1.452395205449368	-4.736959826091269	0.1392009541910222	-0.3170747245834764	1.683018709650447	-4.624690400916694	-4.62469040091796	0.9873302972044236	0.007177983645941632	-1.134463388036603	-0.2867931411397945	-5.256398708690735e-08	-5.866188920135463e-08	-1.981682282448533e-07	-3.942961519950494e-07	8.892544069182606e-09	6.485043204568186e-08	-5.281309099919769e-07
0.78	-0.2438523129712961	-0.01800949585589545	0.6475760463973927	1.414016658143767	-0.235089481392688	-0.08221009849435393	-0.7762854760194667	1.462917138727979	1.462917138727991	-0.1569722447955786	0.174442382040727	0.4088929291514691	0.1678973012186925	-0.1783438520172681	-0.04138819676141745	-0.390508433051254	1.101241694205602	-0.04853985673663026	0.1173925975097703	-0.1515441692637023	1.123144722757695	1.123144722757678	-0.1783737911662955	-0.0005859705794668901	0.240306896415463	0.02674812812201294	-0.3473204377001562	0.01578309726069131	0.01272653975134127	-0.4365396861757826	-0.015430076333776	0.009667655230009231	0.3695134068214291	-0.04171340342974003	-55.45767816349947	-7.518472435845321	3.912943218766515	3.187972752538574	-764.4052806283826	74.67034276671814	1.048975832211193	0.4036420588281208	1.505877320993629	-4.840431919273293	0.1514779521129862	-0.3557143369874792	1.604234099220786	-4.705337854438781	-4.705337854438781	0.9554472848940867	0.008224122977600879	-1.122763942810198	-0.2605484753615125	-5.70323959289336e-08	-6.81420066933055e-08	-2.350020901198565e-07	-4.300458211532437e-07	1.744948419515986e-08	6.899315380985417e-08	-6.047029267761295e-07
0.79	-0.2455836615809364	-0.01840356987405161	0.6437469145326516	1.424786449353324	-0.2355672566020984	-0.08105303486622041	-0.7777214106987875	1.473912548005949	1.473912548005944	-0.1587070834010244	0.174436961579423	0.4112399670088621	0.1681518368986465	-0.1679198473187516	-0.03746128522199389	-0.3752420012514052	1.052589978907453	-0.04700134258219976	0.1139945972846158	-0.1357597302903621	1.075828318613479	1.075828318613481	-0.1686049760169042	-0.0004921349234702732	0.229117413172997	0.02418959446040593	-0.3492364828199858	0.01599295496425803	0.0122800906420541	-0.4397644852205058	-0.01616117484128148	0.009699593448223905	0.3708792142489926	-0.04156899414780332	-55.85404787773048	-7.645408844556001	4.014742951152074	3.706094406935627	-766.4704333969133	74.6952266251526	1.039999479599725	0.3820187867645461	1.548431357711733	-4.896542262778909	0.1570546560675842	-0.3357140811775228	1.548004242973143	-4.761101717268949	-4.761101717266238	0.9859551462225276	0.01074648721007265	-1.114531509993764	-0.2490129810836688	-6.116420358888735e-08	-7.704028656192856e-08	-2.696623220805966e-07	-4.627464997195423e-07	2.561448707601874e-08	7.281316719429692e-08	-6.770236113754429e-07
0.8	-0.2472105928054026	-0.01875941415976043	0.6400727280355556	1.435065923224358	-0.2360292433681658	-0.07993072548355187	-0.7790030098990591	1.484431531237905	1.484431531237903	-0.1603445625517303	0.1744326361147108	0.413475611834828	0.168381685808081	-0.1574603749831206	-0.03374225027195073	-0.3595193595222934	1.003178226501577	-0.04538216806937666	0.1104417484235352	-0.1206770734537188	1.027859513555023	1.027859513555043	-0.1589019002170754	-0.0003669712555001091	0.2180282901293712	0.02181077401786305	-0.3511525279398427	0.01620281266777505	0.01183364153295947	-0.4429892842652088	-0.01689227334879655	0.009731531666339419	0.3722450216765283	-0.0414321867350709	-56.25895302506077	-7.770342801551229	4.112228887212525	4.223194722941326	-768.6761579378497	74.74934685618184	1.056069359634142	0.362066740951983	1.597119306846219	-4.992439340818821	0.1676100237915314	-0.3866840641727016	1.463877671881438	-4.83581803728703	-4.83581803728699	0.9422994149816039	0.01448972537230263	-1.102691903042259	-0.2246058315487069	-6.404577828685764e-08	-8.377745525819124e-08	-2.962490715026448e-07	-4.841223560873713e-07	3.232372304643797e-08	7.54345494540299e-08	-7.33553633573926e-07
0.8100000000000001	-0.248732706560781	-0.01907909966942509	0.6365579811535451	1.444847513791995	-0.2364746260055379	-0.07884450645054483	-0.7801374425439858	1.494467689251654	1.494467689251638	-0.1618851726556211	0.1744296222964679	0.415600900161805	0.1685886850247666	-0.1469494167290737	-0.03022870357924908	-0.3433607295696534	0.953014901209801	-0.04368139641943498	0.1067707467742381	-0.1063443561145003	0.9792737911573407	0.9792737911573514	-0.1492390696885698	-0.000232638082328499	0.2070486912613247	0.01962077214335477	-0.352637806508168	0.01638260215319099	0.01139958584882123	-0.4459209230685741	-0.01750288828091538	0.009751206741110177	0.3732208251305015	-0.0413025399696244	-56.59396186623729	-7.887612427508114	4.207634326410099	4.723503884009871	-770.3924687123325	74.75665710448519	1.050534299652724	0.3409283945742625	1.63564344653618	-5.047044625282892	0.1731902911566545	-0.3620479533666131	1.397733677614088	-4.884680771774256	-4.884680771775659	0.9754466871382569	0.01325014902036425	-1.092698465323572	-0.2115504498129095	-6.670700897221912e-08	-9.003817959456504e-08	-3.20949105114916e-07	-5.035301935885085e-07	3.860753918271778e-08	7.784723731209618e-08	-7.865544190608563e-07
0.82	-0.2501493256853446	-0.01936466375993368	0.6332069022924739	1.454123718006309	-0.2369026250152951	-0.07779594538166723	-0.781132595032989	1.504015043755272	1.504015043755268	-0.163329720091162	0.1744280208170827	0.4176169715827762	0.1687747136058262	-0.1363614488205205	-0.02691796644073406	-0.3267857553344766	0.9021009558409848	-0.0419054425470393	0.1029101556026041	-0.09282104226839794	0.9300988115290413	0.9300988115290426	-0.1396893665459353	-8.450347992799468e-05	0.196184908927769	0.01761664689240575	-0.354123085076599	0.01656239163857113	0.01096553016481571	-0.4488525618719278	-0.01811350321302669	0.00977088181581625	0.3741966285843742	-0.0411805178530659	-56.93736765735682	-8.002730479872437	4.298559493188097	5.224002824111733	-772.2464310052733	74.79400192875825	1.071471290535448	0.3215048301145946	1.680388163353553	-5.142563356226977	0.1826464682823585	-0.4246019686400665	1.301996973258234	-4.953669483410549	-4.953669483410523	0.9196739378073651	0.01725001121806283	-1.079528596144199	-0.1874305068368728	-6.844047539396462e-08	-9.429282241561722e-08	-3.377050721597047e-07	-5.146516358614699e-07	4.31001139120948e-08	7.938121189998687e-08	-8.246952604991438e-07
0.83	-0.2514597213195593	-0.01961812579349951	0.6300235715547257	1.462887184882861	-0.2373124943684252	-0.07678665440960943	-0.781996591531094	1.513067839598895	1.513067839598873	-0.1646790750955107	0.1744279055120737	0.4195249833363663	0.1689416232889341	-0.125706338925347	-0.0238073725379182	-0.3098193017433606	0.8504810905887332	-0.04005785813561883	0.0989201067743216	-0.08011911832907899	0.8803741107399283	0.8803741107399272	-0.1301972092107732	6.437344140964335e-05	0.1854358800552072	0.01579317102015381	-0.3551853428671716	0.01669808269269593	0.01055597256328917	-0.4514993837060973	-0.01858931789705329	0.009784377496924939	0.3748040087403109	-0.04106606109956797	-57.20581483802574	-8.105366340804729	4.385163412894443	5.698384886881033	-773.6184384630427	74.79740190534486	1.064211832953378	0.300906194608379	1.713953658091802	-5.188416323138747	0.1873326939260782	-0.390439432425523	1.233160957869925	-4.994793369772928	-4.994793369773297	0.9616656087744399	0.01401036181838193	-1.069826506877692	-0.1757402805777729	-6.988168045860487e-08	-9.801162822227615e-08	-3.524848247694829e-07	-5.233772846367878e-07	4.71831610532348e-08	8.062807810179941e-08	-8.585605285634184e-07
0.84	-0.2526632296560313	-0.01984146798318841	0.627011741293109	1.471131109464202	-0.2377035842241653	-0.07581811054436086	-0.7827377946190867	1.521620803836004	1.521620803835991	-0.1659339727310588	0.174429339742101	0.4213260575064204	0.169091111382689	-0.1149839892723686	-0.02089399766534582	-0.2924856601081836	0.7981924967999043	-0.03814954307002131	0.09476073424590732	-0.0682623602457095	0.8301324902263651	0.8301324902263616	-0.1207978927794549	0.000225403531814918	0.1747973922200237	0.01413232902156552	-0.3562476006577802	0.01683377374678493	0.01014641496208608	-0.454146205540236	-0.01906513258108472	0.009797873177958239	0.3754113888962114	-0.04095928917692598	-57.48249238799924	-8.205709014839364	4.467135994932627	6.174039337888331	-775.1247446218705	74.83147934270636	1.084919242096531	0.282061024065835	1.753825772165736	-5.276309063542405	0.1947925991178032	-0.4584667086664133	1.132963802068351	-5.057053428300605	-5.057053428300598	0.9011057570386177	0.01968064503156192	-1.05742038866864	-0.154903732104153	-6.991315427132555e-08	-9.914580843009675e-08	-3.577322489280331e-07	-5.205467530117066e-07	4.929083982758418e-08	8.049006855899969e-08	-8.718024427059811e-07
0.85	-0.2537592082692634	-0.02003665265865366	0.6241749996284305	1.478848962565484	-0.2380752743416755	-0.07489185302790995	-0.7833646788747735	1.529668887504459	1.52966888750445	-0.1670952347849252	0.1744323737188602	0.4230212839598337	0.1692248248510174	-0.1042012289701598	-0.01817485644717494	-0.2748098661834407	0.7452811904843675	-0.03617844567162552	0.09045565753966893	-0.05726023551347846	0.7794087593926412	0.7794087593926396	-0.1114798886944571	0.0003820387815266177	0.1642639394461989	0.01263707414089702	-0.3569106882220844	0.01693206794171027	0.009767796876300656	-0.4565010937231537	-0.01942346332969521	0.009808214202091681	0.3756761496921392	-0.0408599750698117	-57.69034712543527	-8.292469522982101	4.543628919288473	6.626250238577467	-776.1626807600867	74.83566965787989	1.076510060844676	0.2620630334200598	1.782393273808039	-5.313100447677667	0.1997075883396378	-0.4218365690136938	1.061975115607422	-5.091341533762948	-5.091341533762654	0.9433579549823786	0.0136160422948203	-1.048903886800326	-0.1429472102262981	-6.9654928543937e-08	-9.980805967831643e-08	-3.613389731086555e-07	-5.156268423029752e-07	5.107879312616123e-08	8.005567420193841e-08	-8.810126678609175e-07
0.86	-0.25474704815216	-0.02020560144939162	0.6215166033172353	1.486034790797179	-0.2384269656295712	-0.07400970796201621	-0.7838859142217779	1.537207472140005	1.537207472140014	-0.1681640747537974	0.1744369662635771	0.424611656652497	0.1693443636017045	-0.09335624320548713	-0.01564682071988607	-0.2568165894115073	0.6917875228840976	-0.03414977714766194	0.08593824413698535	-0.04713257850896738	0.72823268364473	0.7282326836447303	-0.1023134757793792	0.0005371171253894916	0.1538266400699368	0.01129738549310573	-0.3575737757864368	0.01703036213662669	0.00938917879061075	-0.458855981906063	-0.01978179407830043	0.009818555226208895	0.3759409104880205	-0.04076842347943395	-57.90625258281461	-8.376834854064208	4.615393641925372	7.080950034557904	-777.3311562130224	74.87092475476928	1.097364334589381	0.2438399258893666	1.81732234160381	-5.392781320488987	0.2063068242313885	-0.5009340479554378	0.9580702565243722	-5.147522411138104	-5.147522411138135	0.8707875230546479	0.01936926386175629	-1.038189709156198	-0.1237904855287144	-6.777438539193674e-08	-9.782750875277092e-08	-3.557577774128823e-07	-4.990064087258024e-07	5.107628376041319e-08	7.796152488501238e-08	-8.676454346851456e-07
0.87	-0.2556260775301923	-0.02035020581543192	0.6190396539562122	1.492682840048551	-0.2387580665499406	-0.07317370544235251	-0.7843103518595452	1.544232147583019	1.544232147583025	-0.169141967206017	0.1744430299336215	0.426098129705254	0.1694513131681307	-0.08243207318767448	-0.01330398668310273	-0.2385276891608166	0.6377309543615385	-0.03206083107039182	0.08121809570925995	-0.03791393247607543	0.6766374241091985	0.6766374241092008	-0.0933022693108792	0.0006735037682437967	0.1434824185360671	0.01011845514747783	-0.3578358851022814	0.01708843488719304	0.009051865708826368	-0.4609503475495678	-0.01997114323381315	0.009822975117492912	0.3758687846005426	-0.04068326815516616	-58.03723650741314	-8.446660624444075	4.682279858871473	7.488729826318528	-778.0439993279635	74.88262525834341	1.092558152163757	0.2250252279659492	1.841528140097648	-5.425818777681854	0.211563656670327	-0.4642178600405178	0.8799142620014972	-5.175261623965141	-5.175261623964778	0.91071443401623	0.0103278587509359	-1.03037337424575	-0.1111667350401674	-6.577875931852022e-08	-9.561681193517435e-08	-3.492913175415016e-07	-4.816458569961969e-07	5.085507792104424e-08	7.570901765588157e-08	-8.522642319927547e-07
0.88	-0.2563953422446887	-0.02047227782402561	0.6167469644523552	1.498787578782785	-0.2390680029780961	-0.07238623693094412	-0.7846473725399176	1.550738923650836	1.550738923650845	-0.1700308621484959	0.17445036836894	0.4274815935429231	0.1695472289459093	-0.07140331049839993	-0.01114034923056415	-0.2199646179782738	0.5831254194572818	-0.02991687870530389	0.07623144248715945	-0.02964918702998562	0.6246528086054886	0.6246528086054931	-0.08451397383163906	0.0007920701812422035	0.1332247970524606	0.009090627763437784	-0.3580979944181505	0.01714650763776356	0.008714552627067728	-0.4630447131930706	-0.02016049238932099	0.009827395008786455	0.3757966587130408	-0.040605951302265	-58.17611312971492	-8.514065056554767	4.744435402747766	7.900233575259238	-778.8837778089497	74.92534931147259	1.118282868881832	0.2080006090403473	1.87215652797423	-5.502574596828531	0.2173080817949812	-0.5542350068304429	0.7672901391639646	-5.225393604773777	-5.225393604773798	0.8262053252026594	0.0158052178905239	-1.020869699103681	-0.09356989321113582	-6.302181545727309e-08	-9.18836115240092e-08	-3.369684946622556e-07	-4.593891390274225e-07	4.918711079464459e-08	7.240891193062662e-08	-8.235598463442689e-07
0.89	-0.2570537503404383	-0.02057359050710147	0.6146412017600913	1.504343608960398	-0.2393562301172964	-0.07164970475312364	-0.784906604008757	1.556724031697385	1.556724031697371	-0.1708327442881649	0.1744587654620801	0.4287628774689069	0.1696335923977249	-0.06025399209554608	-0.009150207520224189	-0.201149665102238	0.5279969025653798	-0.02772137259212299	0.07104176718428762	-0.02236765027847604	0.5723156423458261	0.5723156423458279	-0.07588846515005843	0.0008856083327841064	0.1230419861242248	0.008201457305599786	-0.357980244197466	0.01715673685555208	0.00842812016858159	-0.4648761326847523	-0.02019946698168795	0.00983323130966729	0.3754109432119578	-0.0405353202344871	-58.23631986782024	-8.56325051457007	4.799312734805458	8.269605293997781	-779.2823368719057	74.95434068591339	1.116886237965971	0.1903274724000929	1.891916868330281	-5.53056405762937	0.2216931059785929	-0.5063515115176829	0.6830039121299566	-5.24583977616368	-5.245839776164073	0.8768366340381166	0.005749511989947117	-1.015489094567654	-0.08378377028332577	-6.006135726379388e-08	-8.781643536877144e-08	-3.235293254145221e-07	-4.357094375313592e-07	4.728381177160452e-08	6.892688237230977e-08	-7.919236399196898e-07
0.9	-0.257599939269763	-0.02065584046899986	0.6127247390367704	1.509345839204635	-0.2396222979493812	-0.07096607287226356	-0.7850981364162832	1.562184175753418	1.562184175753411	-0.171549148742181	0.1744680222163429	0.4299426328246357	0.1697116255153201	-0.04895947721353693	-0.007327804995068923	-0.1821046241897111	0.4723654327831482	-0.02548501728296716	0.06565138310132342	-0.01610937476754434	0.5196600105021155	0.5196600105021144	-0.06741843669237699	0.0009640024124814465	0.1129190830006225	0.007424560919233288	-0.3578624939768118	0.01716696607328471	0.008141687710453163	-0.4667075521764026	-0.02023844157406722	0.009839067610430123	0.3750252277108424	-0.04047260474126617	-58.30426928776883	-8.610018303572755	4.849494167543558	8.643987474811633	-779.8042933287744	75.01412202160542	1.147322164712969	0.1744527720033434	1.91817413527245	-5.603165174894454	0.2254779209900179	-0.594376762848901	0.562637891048419	-5.289086721583429	-5.289086721583453	0.7951092804227866	0.01277640352154627	-1.008888138177116	-0.07111507891681806	-5.547278441245802e-08	-8.107745326095294e-08	-3.011593852188878e-07	-4.006458678169864e-07	4.349785757544111e-08	6.398946214949769e-08	-7.368328672863677e-07
0.91	-0.2580325064762843	-0.02072067590515888	0.6109997885760313	1.513789443465275	-0.2398657745375243	-0.0703373263164008	-0.7852321395115485	1.567116288597047	1.567116288597042	-0.1721816743982213	0.1744779203518092	0.4310214282452667	0.1697824816803158	-0.03753255036625255	-0.005664371444153007	-0.1628559072710547	0.4162905145527424	-0.02320251589499634	0.06005521969808544	-0.01085812752758754	0.4667207670155441	0.4667207670155409	-0.05912683617839492	0.001010097826301675	0.1028462535803407	0.006765792663580701	-0.3573784671080013	0.01713244761675808	0.007911352697957993	-0.4683164763556221	-0.02004955201369941	0.009838022019162618	0.3743646920083648	-0.04041584243219747	-58.26984431718714	-8.639944270263166	4.894814261903449	8.933662970393383	-779.9103955795979	75.06163473884344	1.143574987063996	0.1585332765552228	1.932666473374966	-5.61940520862919	0.2307577645383784	-0.548670126023134	0.4813356541779296	-5.302601583197527	-5.30260158319778	0.8401767394110827	-0.0004023695239497329	-1.005544037223323	-0.06047661238679699	-5.077256124674909e-08	-7.417177545126207e-08	-2.782176687803832e-07	-3.649241946748771e-07	3.959592245810764e-08	5.890782955401441e-08	-6.80144779853861e-07
0.92	-0.2583501650058668	-0.02076962807982459	0.6094682144851217	1.51767034853132	-0.2400862018084161	-0.0697658281939757	-0.7853186366316637	1.571517757321609	1.571517757321604	-0.1727324857886171	0.1744880937454301	0.4319996826330416	0.169847306380056	-0.02597774182585084	-0.004151152696407657	-0.1434293502238702	0.3598255938617219	-0.02087515383351066	0.05420169641637173	-0.006608179739284089	0.4135311866888317	0.4135311866888264	-0.05107558356340594	0.001019054046672306	0.0928108764292733	0.006218267868035411	-0.3568944402391417	0.01709792916022034	0.007681017685522045	-0.4699254005348364	-0.01986066245334489	0.009836976427866406	0.3737041563059313	-0.04036706197417839	-58.24304406788625	-8.66750627660233	4.935531955160927	9.229558107839834	-780.1368575573612	75.13946035668887	1.172898503336514	0.1444098113691649	1.95374216097808	-5.681165667017353	0.2344500556930365	-0.6458487385440262	0.3623780007178053	-5.33915408961165	-5.339154089611664	0.7470397006241341	0.00534856483154246	-1.001397684334335	-0.04886638689532612	-4.495583493730962e-08	-6.559914062284748e-08	-2.495581899131771e-07	-3.226214872554025e-07	3.453417812907353e-08	5.238407323181919e-08	-6.074835444295097e-07
0.9299999999999999	-0.2585515589441151	-0.02080418799848675	0.608131731956647	1.520984723328021	-0.2402831013130257	-0.06925417214062909	-0.7853678310376468	1.575386139674016	1.575386139674031	-0.1732040627977231	0.1744981066875898	0.4328776913342436	0.1699072302656281	-0.01427023207805227	-0.002784828143676225	-0.1238437555948472	0.3029901015339654	-0.0184958310092334	0.04807784659531457	-0.003418941917591298	0.3601094809837308	0.360109480983723	-0.04329232569137471	0.0009747023785990874	0.08278844297755614	0.005783719238942202	-0.3559891786564662	0.01702306312648346	0.007511782557888922	-0.4713296234401657	-0.01946954631882388	0.009834230191183698	0.3726981382423574	-0.04032565572299576	-58.1222196208526	-8.676393682948438	4.96990290941318	9.483122422788904	-779.9310695189126	75.21425692120872	1.174287471795411	0.1291501769606992	1.964487359593496	-5.693641867219553	0.2409754134745735	-0.6034238131178071	0.2689606036225937	-5.349041322257191	-5.349041322257508	0.7861021533215132	-0.01072888284639142	-1.003030259438687	-0.03823557039276898	-3.914860201048482e-08	-5.705878335041786e-08	-2.206436372358017e-07	-2.803638893973884e-07	2.955423283512025e-08	4.582234838590414e-08	-5.345433387517858e-07
0.9399999999999999	-0.2586349557326267	-0.0208258033916742	0.6069918092236086	1.523728963031158	-0.2404559471858523	-0.06880530872733975	-0.7853907802792208	1.578719232467112	1.57871923246712	-0.1735993805635081	0.1745073957430182	0.4336554028841571	0.1699633113710145	-0.00237831187849285	-0.001562247601466114	-0.1041173911366381	0.2457985751436292	-0.01606442747778025	0.04164316840501247	-0.001359146866793614	0.3064732748267158	0.3064732748267055	-0.03582373490619208	0.0008742767017397475	0.07275144617190593	0.005449711830791066	-0.3550839170736774	0.01694819709276599	0.007342547430088567	-0.4727338463455088	-0.01907843018431894	0.009831483954533043	0.3716921201788889	-0.04029208912941249	-58.00896016655604	-8.683074676295105	4.999888482739699	9.744628292501082	-779.8430145984134	75.31845405498095	1.209780593688762	0.1156610092648356	1.981896126815313	-5.752372479533274	0.2448661971282663	-0.7080144123929856	0.136489446538948	-5.382054179994515	-5.382054179994505	0.6841062832543738	-0.005866236925791529	-1.004310355121063	-0.0287581427068593	-3.346613925516624e-08	-4.894264538521821e-08	-1.883766859104815e-07	-2.386991600614199e-07	2.564936057365725e-08	3.876160865681322e-08	-4.579366668868686e-07
0.95	-0.258598563555041	-0.02083579670253639	0.606049784783139	1.525899593947173	-0.2406042701058387	-0.06842222704404156	-0.785398147915871	1.581515044194822	1.581515044194827	-0.1739214463521825	0.1745154593838664	0.4343327802942257	0.1700165105674854	0.00968409052752669	-0.000448909560075315	-0.08427082398428741	0.1882753967991371	-0.01359764997939352	0.03492926436569158	-0.0002418662609160021	0.2526686010180181	0.2526686010180119	-0.02863077031112679	0.0007376331903797812	0.06273217860970343	0.005200376076546512	-0.3543641067927309	0.01685411468110753	0.007235504682101463	-0.4738665184043683	-0.01859863083533785	0.009821496435620863	0.3709876999629453	-0.04025765861499742	-57.85670848959744	-8.684013601030818	5.026606324281598	9.816683616577036	-779.7086905390956	75.39444962907734	1.208563183782269	0.1073003413682709	1.98854436687593	-5.760130191934725	0.2479347885481357	-0.6596785032771513	0.08022450215853755	-5.382738821844094	-5.382738821843429	0.7306964296337052	-0.01774053401933884	-0.9995143142237181	-0.02153192166147349	-2.773545980425588e-08	-4.069666204324927e-08	-1.558626770572426e-07	-1.96671613776803e-07	2.158006263136999e-08	3.172143079324547e-08	-3.805817900165553e-07
0.96	-0.2584407287294511	-0.02083503060502593	0.6053067274856789	1.527493425143747	-0.2407278549983669	-0.06810760442187125	-0.7853981633974483	1.583772196216338	1.583772196216339	-0.1741728215185007	0.1745221211644096	0.4349102091571834	0.1700675142804386	0.02191021772249961	0.0005896340730627291	-0.06432396253469107	0.1304386312535492	-0.01111682198682549	0.02795135618334839	0.0001104997268165834	0.198741333587852	0.19874133358785	-0.02168561043601512	0.0005939046478914264	0.05276173674934371	0.005010615127170887	-0.3536442965117398	0.01676003226941674	0.007128461934150257	-0.4749991904632256	-0.01811883148637598	0.009811508916637669	0.370283279747041	-0.0402312305035739	-57.7119430253799	-8.682961121970076	5.049234400150751	9.897490687722851	-779.6897309973066	75.4985992078107	1.242525551479504	0.1007021276142199	2.001954986264439	-5.815089919752408	0.2476762959646015	-0.7608152409973984	-0.01649347708964063	-5.406572904288224	-5.406572904288193	0.6345453392636043	-0.007283243151616603	-0.9945452147526165	-0.01684318173299117	-2.109830647621997e-08	-3.000958561801735e-08	-1.187039866791322e-07	-1.478231088575978e-07	1.441956188958649e-08	2.506781600151373e-08	-2.891606590447944e-07
0.97	-0.2581601968905293	-0.02082413230618917	0.604763462913578	1.528507933435789	-0.2408265777940315	-0.06786418190040748	-0.7853971932615947	1.585489806553532	1.585489806553526	-0.1743561870431813	0.1745272976143534	0.4353883200261572	0.1701169603851517	0.03418593593219185	0.001589677457889815	-0.04432995691708348	0.07247151827178289	-0.008628032375503398	0.02067862050658049	8.53923531245653e-05	0.1447949339533104	0.1447949339533093	-0.01504827297341008	0.0004410247895216226	0.04288252223423807	0.0048907208492422	-0.3533133963173791	0.01663387602198023	0.007057346357947393	-0.4755685523248381	-0.01782791471158248	0.009840639778863252	0.3700781985923726	-0.04020213220858713	-57.60742706905491	-8.659549724824748	5.054114806031747	9.811096445873373	-779.5597635737663	75.57022967692647	1.218558373203165	0.09960470347371266	1.997976317922537	-5.786252512525339	0.2494235933209807	-0.7186890320130795	0.004642691378224156	-5.386540545322441	-5.38654054532228	0.6692146061797023	-0.01937215885072282	-0.9812968995808956	-0.007769985524746465	-1.446924031941794e-08	-1.939172565514243e-08	-8.166806505240472e-08	-9.913351093719124e-08	7.372871824000433e-09	1.835915896543023e-08	-1.979884132335787e-07
0.98	-0.257757215186016	-0.02080324372159245	0.604420108991336	1.528943024492984	-0.2409004240336611	-0.06769512399591057	-0.785396437865023	1.586668379483924	1.586668379483928	-0.1744750018619903	0.1745309289053336	0.4357683012840398	0.1701655660601455	0.04640019084145255	0.002587691225051324	-0.02434183256291977	0.0145551842845602	-0.006141510779983011	0.01307843278994464	6.676733491237921e-05	0.09093385222735589	0.09093385222735541	-0.008775469253970644	0.0002848728643085368	0.03313581453147654	0.004842529183235589	-0.3529824961230181	0.01650771977454971	0.006986230782019982	-0.4761379141864283	-0.01753699793678978	0.00986977064109356	0.3698731174377012	-0.04018115526768763	-57.5103081406462	-8.634370098792202	5.055213796130153	9.733339647800657	-779.5433021151347	75.66858333451148	1.230232891393253	0.1002962040810368	2.000778733575659	-5.804934120843649	0.247222692804369	-0.8263056489709084	-0.01519700599464515	-5.389509322570851	-5.389509322570847	0.5616385906304339	-0.007937656520497841	-0.9680438522839045	-0.002502659348435184	-8.09896364210038e-09	-1.098879248769221e-08	-4.85607434699296e-08	-5.552893697834425e-08	3.968123396733537e-09	9.889150110090119e-09	-1.147804925598075e-07
0.99	-0.2572322448960124	-0.02077231993617006	0.6042766076664342	1.528799019506577	-0.2409493847469406	-0.06760362514258718	-0.7853959112866188	1.587308731261129	1.587308731261103	-0.1745328654655018	0.1745328997223183	0.4360514740959491	0.1702141023074955	0.05859921736537831	0.003603304613482281	-0.004359356782282232	-0.04336642680715273	-0.003649314186483006	0.005179670642812216	3.201209782538133e-05	0.03714770125675326	0.03714770125675314	-0.002846501663416525	0.0001036051969704233	0.02352016779395001	0.004879013884012389	-0.3524622810979387	0.01636556436973333	0.006999154035582373	-0.4766926141857045	-0.01689953244289318	0.009867869028833645	0.3695979436672866	-0.04016412968320641	-57.29137323279304	-8.605652872296227	5.060676889768437	9.499390884967999	-779.3921038809979	75.76531131899442	1.215539324275934	0.1031298387153355	1.996843646529509	-5.78731210709513	0.2504144136586113	-0.7779121098390198	0.001404778518149083	-5.371487919362496	-5.371487919362376	0.6011383300234774	-0.02407794962154014	-0.9551119352357258	0.008864158236872751	-1.756984989678878e-09	-2.62912243070256e-09	-1.556038899750506e-08	-1.213140790007026e-08	5.901862180079593e-10	1.429461749630744e-09	-3.191677488176242e-08
1	-0.2565851239824989	-0.02073105283036478	0.6043329034285831	1.528075490908491	-0.2409733842400794	-0.06759236403316658	-0.78539592834825	1.587411557541617	1.587411557541601	-0.174532916895742	0.1745328865373004	0.4362391330703254	0.1702634314265428	0.07083031554465906	0.004656355301627337	0.01561758484723998	-0.1013495380492561	-0.001149266751563902	-0.002969115994512452	-4.196069590063532e-05	-0.01657124711615032	-0.01657124711614995	0.002786965397369434	-0.0001119275816122275	0.01403304702647474	0.005001103522635	-0.3519420660728868	0.01622340896496319	0.007012077289753147	-0.4772473141849303	-0.01626206694898129	0.009865967416654792	0.3693227698968433	-0.04015529295353011	-57.0797834837053	-8.575463459984242	5.062754319079297	9.273393815414138	-779.3533212825124	75.88704518537823	1.236647222464286	0.1077836640237969	1.999671903352597	-5.817234150921699	0.2487928610882865	-0.8763105470091646	-0.02304051732241831	-5.376068803031083	-5.376068803031054	0.5025384846768836	-0.01479067876962108	-0.942338658273758	0.01461832822085248	1.811787222927863e-09	1.490762801148011e-09	6.957188689955906e-09	1.09757228820377e-08	-1.602486036670214e-10	-6.018818112516047e-09	1.721504921510094e-08
1.01	-0.2558155673140292	-0.02067906646199208	0.6045889903749706	1.526771765941614	-0.2409723821108655	-0.06766278358915613	-0.78539675249344	1.586977296621329	1.586977296621311	-0.1744768760175445	0.1745306287457271	0.4363323012709133	0.1703141765627214	0.0830836110134045	0.00574738835319734	0.03560395442836942	-0.1594125412392776	0.0013474613412765	-0.01105357581573177	-0.0001173258872977015	-0.07029333298145317	-0.07029333298145274	0.008492187137967509	-0.0003378835143272469	0.004596079251118959	0.005139583514539276	-0.3514836518946282	0.01617057124793799	0.007121058092250025	-0.4777631832425909	-0.01570780393681319	0.009833407722933877	0.3691728934596583	-0.04016042180170501	-56.90812392616017	-8.568808707607527	5.072271744889051	9.105846041339612	-779.4414971280224	75.97661452097425	1.220061145961199	0.110733439467495	1.998739276772681	-5.803395032430164	0.249782586412873	-0.7653288861517138	0.001046844100287227	-5.372138967440333	-5.372138967440287	0.6151599219414023	-0.02622652159538564	-0.9450530516581519	0.01222049438327765	5.380559435534604e-09	5.610648032998583e-09	2.947476637741687e-08	3.408285366414566e-08	-9.106834253420021e-10	-1.346709797466284e-08	6.634687331196429e-08
1.02	-0.2549233996034993	-0.02061597570035452	0.6050450649754253	1.524886898616961	-0.2409464787401158	-0.0678122107806525	-0.7853981633974483	1.586005442744556	1.586005442744558	-0.1743616537413483	0.1745261657005136	0.4363309643512431	0.1703660580307609	0.09535252395741678	0.006877233954599699	0.05561511566068022	-0.2175780096048036	0.003830981555352398	-0.01877064309589751	-0.0001594365127355222	-0.1240898384131743	-0.1240898384131744	0.0146232450061777	-0.0005529782899546709	-0.00486797710390208	0.005228369894761688	-0.3510252377163512	0.01611773353091957	0.007230038895155738	-0.4782790523002189	-0.01515354092465009	0.009800848029214044	0.369023017022487	-0.04017365247938207	-56.74378581669657	-8.560699912957958	5.078431854695372	8.945279381885086	-779.6421820731118	76.0913086140533	1.23977071751757	0.115546173990394	2.004630233588877	-5.837727186022674	0.2461512853352252	-0.8028320387986027	-0.0163896041290548	-5.390952716314676	-5.39095271631477	0.58770571019934	-0.01261844735177854	-0.947756374206582	0.00467960588429832	1.233206929175839e-08	1.616358727323665e-08	6.784636112693154e-08	8.311684417526176e-08	-7.315449764677954e-09	-2.122198626542444e-08	1.612988810597819e-07
1.03	-0.253908949453187	-0.02054132608681283	0.6057012435305683	1.522420526548048	-0.2408958199185122	-0.06803705490158693	-0.7853980114029716	1.584495369687638	1.58449536968765	-0.1741830966434304	0.1745196495376219	0.4362347988332604	0.1704185254903251	0.1074911602019536	0.008065954933687339	0.07561169732395728	-0.2756474913440237	0.006298369542991596	-0.02615005791903715	0.0003780511810859769	-0.1779260813953254	-0.1779260813953268	0.02114224510781256	-0.0007471664084945027	-0.01437432829556183	0.005254114086790495	-0.3517304939113544	0.01628215270989668	0.007340197684611737	-0.4778254027514867	-0.01585335714694663	0.009827266731336964	0.3700076099834215	-0.04019226199531094	-56.99711466691715	-8.580570532079978	5.066737378133588	8.976373962865715	-780.1680411714785	76.0628285924639	1.1939637739536	0.1225221922763215	1.995831583098042	-5.784216557012173	0.2466873544489594	-0.6982683444306638	0.1170317256260429	-5.380160258784291	-5.380160258784336	0.6921033286469676	-0.02231918400960185	-0.953454320955926	-9.689167486749955e-05	1.931809687903951e-08	2.67821699217236e-08	1.06379731560753e-07	1.324153944795311e-07	-1.377791336439823e-08	-2.898000321362089e-08	2.567184417019972e-07
1.04	-0.252774502201223	-0.02045439183699826	0.6065571197924244	1.519374928083933	-0.2408205562572341	-0.06833424759883724	-0.7853868411577428	1.582446894166974	1.58244689416698	-0.173937728310768	0.1745112914555261	0.4360432938374872	0.1704709266483024	0.1193519442877673	0.009334161209175575	0.09555465700327007	-0.33342328864886	0.008751949489463111	-0.03324035835653903	0.002044089654424622	-0.2317703311622359	-0.2317703311622371	0.02798549194950379	-0.0009213621232094173	-0.02393587265963231	0.0052151095773331	-0.3524357501062753	0.01644657188885785	0.007450356473970567	-0.4773717532027631	-0.01655317336926423	0.009853685433421593	0.370992202944432	-0.04021878386541703	-57.25783381164847	-8.598664252892542	5.05125154396257	9.013097423468013	-780.8090427637395	76.06132560475845	1.184200285772867	0.1314432332705716	1.993905836796026	-5.778990299145981	0.2433896771016075	-0.7450091616711245	0.20932055177364	-5.392554073266526	-5.392554073266318	0.6525550582106442	-0.008619966586622264	-0.9587950086886283	-0.008270134413045079	2.59169408024879e-08	3.693442953637254e-08	1.426556719895001e-07	1.795551481614743e-07	-2.020589991636446e-08	-3.627305798167963e-08	3.46105199184273e-07
1.05	-0.2515226658704582	-0.02035430719191583	0.6076120715147465	1.515753037484965	-0.2407208759481364	-0.06870087643042048	-0.7853534860214145	1.579860160372543	1.579860160372563	-0.1736222927338694	0.1745013611655993	0.4357559509798264	0.1705225435995354	0.1309833491191751	0.01070312544815199	0.1154179423720453	-0.3909037131152183	0.0111784466942441	-0.04003616875991071	0.004806604652774137	-0.2855556558767093	-0.2855556558767088	0.03515370433270373	-0.001058681490542082	-0.03353618338774288	0.005093803431762529	-0.3527597293512319	0.0165556053859144	0.007627322760967791	-0.47670813570854	-0.01687342217313186	0.009860390981939282	0.371709302342075	-0.04024633899020653	-57.363102951776	-8.599633797129897	5.034786596750611	8.870439594338961	-780.9940609604249	76.0387041480314	1.147824049904381	0.1426712739918996	1.979869339734785	-5.724891957775526	0.2414584636186778	-0.6394644530701661	0.3366670292536234	-5.368412460676402	-5.368412460676253	0.7567585683596149	-0.01532334494754039	-0.9611707584041618	-0.01617744643819154	3.250368523644151e-08	4.707211655621405e-08	1.788610677305887e-07	2.266274394489698e-07	-2.663280906058837e-08	-4.355158268160905e-08	4.353034315678009e-07
1.06	-0.2501554727977621	-0.0202399232534872	0.6088651219813196	1.511557877953884	-0.2405970949226955	-0.06913398286072245	-0.7852871157239916	1.576736195172939	1.576736195172938	-0.1732336141850865	0.1744902505973575	0.4353725006841755	0.1705725241709512	0.1424232926737713	0.01219401987841504	0.1351744058534969	-0.4480770750773608	0.01357209275711656	-0.04653587809927758	0.00864712186664003	-0.3392166121967289	-0.3392166121967287	0.04263408631529675	-0.001157417783508992	-0.04315736025712934	0.00488783361382417	-0.3530837085960626	0.01666463888297834	0.007804289047687973	-0.4760445182143398	-0.01719367097702096	0.009867096530466213	0.3724264017398355	-0.04028165774135076	-57.47581085393099	-8.598567706566984	5.01418380265639	8.732401019493912	-781.2963448838154	76.04461275177493	1.145908030410484	0.1558292715279491	1.972541459331304	-5.717577798302853	0.2368194487198514	-0.6857889488702099	0.4249209948767889	-5.367680394375752	-5.36768039437591	0.7149889780892823	-0.000903351713351013	-0.962968236943725	-0.02520286888667098	3.890738644561733e-08	5.681249524729823e-08	2.121742447514422e-07	2.721345984544894e-07	-3.285689626362803e-08	-5.042934172704748e-08	5.189745292715422e-07
1.07	-0.2486747721733586	-0.02011000828276153	0.6103151218905236	1.506792655576999	-0.2404495787044515	-0.06963064755189616	-0.7851771106162224	1.573076351179672	1.573076351179685	-0.1727685929176333	0.174478422123774	0.434892631595068	0.1706198995755959	0.1536890195243086	0.01381057250906431	0.1547995513888222	-0.5049008378945816	0.0159239381430202	-0.05274907589439574	0.01352051625705026	-0.3927206841971669	-0.3927206841971599	0.05042017476851176	-0.001199474269387613	-0.05282951920321653	0.004564963368804646	-0.3529844163661329	0.01671864895358333	0.008042935887443679	-0.4751256524746595	-0.01734871260404574	0.009881885295763523	0.37279197083038	-0.04032443160105399	-57.5028135624225	-8.573909988358464	4.984023686577071	8.558869726481182	-781.1265051071297	76.04930680235677	1.112746051518632	0.1678000934111816	1.953585856762236	-5.654778854723446	0.2333250730466959	-0.5818633408462907	0.5435411463892128	-5.337054414600621	-5.337054414599445	0.8179084924241666	-0.004449386865530282	-0.9712972749797565	-0.03909552994873026	4.530135131304965e-08	6.653174051663999e-08	2.453335803510066e-07	3.175585057428826e-07	-3.907019506554087e-08	-5.728578345043852e-08	6.023516304497629e-07
1.08	-0.247082246072621	-0.01996328141881363	0.6119605902063068	1.501461194905691	-0.2402787524344444	-0.07018799985020452	-0.7850133730674896	1.568882409704055	1.568882409704055	-0.1722242128228911	0.1744664545673801	0.4343156494061865	0.170663392992263	0.1647883879405734	0.01555639852286146	0.1742680871693235	-0.5613247339634722	0.01823410310974867	-0.0586733995300517	0.01939361005810076	-0.4460361086665167	-0.4460361086665012	0.0585058517611794	-0.001185234348881849	-0.06257998021084442	0.004111436018220563	-0.3528851241361809	0.01677265902424454	0.008281582726824541	-0.4742067867350118	-0.01750375423105836	0.009896674061180827	0.3731575399209476	-0.04037475046385335	-57.53732275351531	-8.546985038553951	4.949410717147893	8.388554120700414	-781.0767060545419	76.08388751596847	1.112636343555949	0.1816839481575722	1.941219508366519	-5.637604448636821	0.2284833648847853	-0.6280141169778054	0.6248608770048001	-5.329950888158074	-5.329950888157916	0.7749066859798247	0.01035592956361822	-0.9786286492517854	-0.05133428999962998	5.13412449127447e-08	7.515393227930835e-08	2.739272193839124e-07	3.608973517935024e-07	-4.379629524730892e-08	-6.330122478890582e-08	6.765846727457525e-07
1.09	-0.2453795649050734	-0.01979842085604256	0.6137998764670412	1.495567668877372	-0.240085036445768	-0.07080334189534791	-0.7847858960505197	1.564156361028236	1.564156361028232	-0.1715977027157601	0.1744548970583545	0.4336407178990546	0.170701669015897	0.1757165771589443	0.01744018281850917	0.1935545168541369	-0.617294255430154	0.0205037623350949	-0.06435864346384755	0.02627276725847843	-0.4991317560167812	-0.4991317560167943	0.06682835671884735	-0.001123553740548072	-0.07242402721324843	0.003523016396957503	-0.3524284788162649	0.01678384341950564	0.008579676146640357	-0.4730501754302627	-0.01746457231126676	0.009907717237658211	0.373248746439863	-0.0404313117666165	-57.48037963590442	-8.502942936337483	4.908949482512761	8.147497265451316	-780.6120689854067	76.10627367168864	1.07823618520583	0.1953862227444582	1.917143521302148	-5.56367806565115	0.2254581709930033	-0.5332925257728574	0.7450892298758632	-5.293102666522066	-5.293102666526424	0.8657354894501382	0.004590997493224625	-0.9899463152859705	-0.06561336331388548	5.735419830728583e-08	8.369265257951246e-08	3.021734684606594e-07	4.040775518803784e-07	-4.840923901232683e-08	-6.925267696765067e-08	7.501219714311377e-07
1.1	-0.2435685366504959	-0.01961399033981962	0.6158309847891763	1.489117037220384	-0.2398687736709111	-0.07147443897867378	-0.7844844982438816	1.558900609677302	1.558900609677302	-0.1708870049412951	0.1744440597296076	0.4328668152039884	0.1707334573302939	0.1864578053464381	0.01947038921323819	0.2126324994494881	-0.672745859695528	0.02274346034578044	-0.06982440716533929	0.03417776799171853	-0.5519766436895026	-0.5519766436895449	0.07534338522810942	-0.001041198291215177	-0.08237421779770175	0.002813894170724834	-0.3519718334963966	0.0167950278147596	0.008877769566479879	-0.4718935641255127	-0.01742539039146973	0.009918760414124343	0.3733399529587328	-0.04049560690084038	-57.43106570362234	-8.456475344224062	4.863804846571267	7.908706007081738	-780.2707464224196	76.15958877596177	1.075244137380484	0.2109683679738771	1.899530090474073	-5.534021008375272	0.2224911219526093	-0.5841180705170171	0.8300295835772722	-5.27979895264943	-5.279798952649423	0.8134113962986603	0.01449089776351348	-0.9998573656615741	-0.075474810993584	6.190729971141334e-08	8.982389084468514e-08	3.226444002521716e-07	4.375276716087517e-07	-5.122240838582556e-08	-7.38767812053193e-08	8.023869834713328e-07
1.11	-0.241650922330397	-0.01940849777757768	0.6180517620234063	1.482114511928303	-0.2396303031651117	-0.07219917277745069	-0.7840990837579478	1.553117772293158	1.553117772293156	-0.1700902519621429	0.1744341970408464	0.4319928395879943	0.1707574596237683	0.1970417274712652	0.02165530235361807	0.2314812463580559	-0.7276674052525586	0.02494371876731619	-0.07508178445784058	0.04306333197430982	-0.6045378191871061	-0.604537819187135	0.08404257986315795	-0.0009291554970574836	-0.09244195856253137	0.001961237758057701	-0.3511246112653786	0.01675605425147873	0.00923344405530262	-0.470490184047143	-0.01719800063455572	0.009925251163660576	0.373107412223424	-0.0405660337235214	-57.29097250818183	-8.393405965153338	4.812947924988944	7.611384880924578	-779.4871895045488	76.19664462777939	1.04648519992416	0.2263188253224786	1.871276061861306	-5.457434527351025	0.2178140632884615	-0.4904239958675557	0.9415502224292069	-5.236338116283079	-5.236338116281039	0.9034616846665708	0.01001508153851524	-1.013387721088484	-0.09385087845606038	6.631441591649951e-08	9.571438090635472e-08	3.423378003151605e-07	4.700047833012749e-07	-5.385560032017241e-08	-7.836815064888033e-08	8.525247668470093e-07
1.12	-0.2396281649990708	-0.01918034287628126	0.6204597725408846	1.474565528541059	-0.2393700259028879	-0.07297525563660952	-0.7836200675488212	1.546810910900444	1.546810910900445	-0.1692054493991367	0.1744255456022769	0.4310175555065132	0.1707721973887058	0.2074864075917048	0.0240028570241352	0.2500791560991575	-0.7820374787289498	0.02710481163023001	-0.08009421924037798	0.0528981126300652	-0.6567814454034002	-0.6567814454034157	0.09295330200055205	-0.0007989482510357746	-0.1026359108951532	0.0009609884632799061	-0.3502773890343491	0.01671708068819234	0.009589118544210372	-0.469086803968766	-0.01697061087764638	0.009931741913182336	0.3728748714881244	-0.04064416908250263	-57.15867188695681	-8.327835149281281	4.757276065055795	7.315499759681297	-778.8306426268654	76.26531735644831	1.047395736502924	0.2434966740013678	1.849362656980851	-5.423726592247412	0.2146580102281905	-0.5351295685242571	1.019872918210074	-5.216289096387533	-5.216289096387539	0.8557168967677813	0.01812378813637341	-1.025099679219947	-0.1049933874157376	6.963263571154926e-08	9.964785197618015e-08	3.544684580552784e-07	4.950519885828047e-07	-5.49294780529248e-08	-8.15623837742739e-08	8.847393343995788e-07
1.13	-0.2375015257138389	-0.01892787940937436	0.6230524383865789	1.466475613400116	-0.2390883771594785	-0.07380037166789268	-0.7830381563991655	1.539983312595777	1.539983312595783	-0.1682305929796447	0.1744183395264785	0.4299396646971109	0.1707761013581278	0.2178286259235864	0.02651890997308482	0.2684052291565834	-0.8358507426963678	0.02921620876314491	-0.08488607315644915	0.06362552887726576	-0.7086735591831481	-0.7086735591831426	0.1020547888114854	-0.000640843167355942	-0.1129660747719501	-0.0002099416205448938	-0.349043070067576	0.01664066274881856	0.009991711067823266	-0.4673815083890861	-0.01662665907737285	0.009933840672804064	0.3723020906410318	-0.04072880503204217	-56.95770499171869	-8.249088709189776	4.696008678134395	6.992558432009601	-777.7050562964806	76.30253096413608	1.02573161359968	0.2600094630637477	1.816895049145936	-5.345885957778743	0.2081368402682856	-0.4447325247292866	1.120387714353917	-5.165988713249243	-5.165988713246081	0.9428668279959254	0.01500565790249405	-1.040545353152039	-0.1274864118138092	7.281474345534437e-08	1.03336695672025e-07	3.656537730050372e-07	5.191704555629598e-07	-5.580844151047787e-08	-8.459447485989649e-08	9.147134999742596e-07
1.14	-0.2352718448988736	-0.01864938544143342	0.6258268980466521	1.457850413687747	-0.2387858631896501	-0.07467211008264389	-0.7823447287397614	1.532638729914417	1.532638729914418	-0.1671636212410816	0.1744127848594086	0.4287577581266896	0.1707674273081222	0.2280947135382204	0.02920895723094468	0.2864379189749156	-0.8890943930153707	0.03127785691385659	-0.08941869593574579	0.07520141457961869	-0.7601783207421261	-0.7601783207420998	0.1113763658120064	-0.0004686665069296069	-0.1234390630984443	-0.001554615422285594	-0.3478087511007881	0.01656424480947489	0.01039430359134386	-0.4656762128094147	-0.01628270727709369	0.009935939432486798	0.3717293097939533	-0.04082107893114931	-56.76470815547949	-8.167779271345914	4.629810729630979	6.670059407908146	-776.7105304080085	76.37189195991346	1.032169593053352	0.2782955357834587	1.790686009162099	-5.309803862564388	0.204708213787529	-0.4832833411693747	1.189566809240542	-5.138818652233552	-5.138818652233601	0.8997349346853074	0.02093810348571976	-1.053664569159315	-0.1397421309989307	7.50066615832421e-08	1.052494672973546e-07	3.69762182454243e-07	5.369883118716163e-07	-5.521260716939577e-08	-8.620653629462521e-08	9.283875429356137e-07
1.15	-0.2329399144231423	-0.0183430983784626	0.6287801325661286	1.448695791226615	-0.2384630031922235	-0.0755882069989483	-0.781531325514003	1.524781130652192	1.524781130652185	-0.1660026717496356	0.1744090400612646	0.4274703847876817	0.17074439963754	0.2382725281155749	0.03207968363427851	0.3041514987049387	-0.9417163670788287	0.03328582595142365	-0.09377138074042807	0.08762156423590742	-0.8112666470985977	-0.8112666470986042	0.120832492918219	-0.0002829625635865267	-0.1340608934520336	-0.003079683118228703	-0.3461450632557239	0.01643419748706699	0.01084021451031959	-0.4637315750576005	-0.01571547030310597	0.00992400397705751	0.3707967625853591	-0.04092017250351133	-56.46888325282153	-8.073869572628752	4.560815196859187	6.281678555713077	-775.2491908603215	76.41352492920647	1.007780571240255	0.2961345794202126	1.753053459488326	-5.221314152508586	0.1976639491238436	-0.4068167535479953	1.289589093364792	-5.082622408367816	-5.082622408372686	0.9713757826243079	0.01713162353755866	-1.07023244463268	-0.1630802821451099	7.704889988548089e-08	1.06893762912025e-07	3.728008271184814e-07	5.538537502880696e-07	-5.439383827735717e-08	-8.760394208445136e-08	9.395976138740231e-07
1.16	-0.2305067671654032	-0.01800716937409589	0.6319087747838187	1.439018365029994	-0.2381202989643419	-0.0765469419040036	-0.7805894507817734	1.516414891570199	1.5164148915702	-0.1647465961503473	0.1744071013192893	0.4260760351099054	0.170705283051348	0.2483380699394793	0.03513734551012338	0.3215194586176013	-0.9936551401131687	0.03524670300430365	-0.09794629368232897	0.1008957158738648	-0.8619062846956236	-0.8619062846956626	0.1304015873858391	-0.0001074552690865828	-0.1448343308525795	-0.004772398544295678	-0.3444813754106633	0.01630415016462517	0.01128612542953592	-0.461786937305764	-0.0151482333291285	0.009912068521554815	0.3698642153767593	-0.04102686573472359	-56.18120755498256	-7.977420867485272	4.486884523723575	5.893138278261331	-773.9225452314688	76.48742318268893	1.009715042363285	0.3156826302857053	1.721562045690013	-5.173163656740853	0.1952898168500881	-0.4477289686131173	1.360367205574264	-5.04908090034441	-5.049080900344381	0.9223284069668032	0.01889877371712528	-1.083985978550545	-0.1732716770237082	7.708074718099615e-08	1.051817006331909e-07	3.636869999863607e-07	5.553461331849963e-07	-5.129972083189252e-08	-8.717434681492697e-08	9.222369477431486e-07
1.17	-0.2279734966388506	-0.01763972061877136	0.6352092872537964	1.428825076002532	-0.2377582691112832	-0.07754672826439815	-0.7795106642171656	1.507544606943146	1.507544606943135	-0.1633944267088526	0.174406932549343	0.4245731629191663	0.1706483098990999	0.2582970252987851	0.03838433888676722	0.3385172369268271	-1.044875573327226	0.03714861649728919	-0.1019766583581028	0.1149975060672783	-0.9120636726013391	-0.9120636726013351	0.1400561074805834	7.072438123754168e-05	-0.1557676457358053	-0.006655724359563531	-0.3424224258497662	0.01613844671864804	0.01176113873481092	-0.4595056058529596	-0.01450949519495719	0.009892959127787471	0.3685709631828187	-0.04114125598668658	-55.83887089646122	-7.871863965332184	4.40847163431509	5.500572467131441	-772.1053957013054	76.51434007309632	0.9861549937855111	0.333988251619584	1.678998698145826	-5.07739967098455	0.1861146781721982	-0.3754919725048217	1.455471279159821	-4.98603785810647	-4.986037858100054	0.9905649103240441	0.01697389758697295	-1.102131889515666	-0.2007672135688248	7.675359608245358e-08	1.028702887305167e-07	3.524030886048899e-07	5.540933275962928e-07	-4.77992911447446e-08	-8.64185013562328e-08	8.997743642784728e-07
1.18	-0.2253412027164897	-0.01723884581762709	0.638677800101788	1.418123399339466	-0.237377525610764	-0.07858577862265609	-0.7782867824800389	1.498175354412551	1.498175354412547	-0.1619450018465028	0.1744084848432607	0.4229601320503357	0.1705715226527411	0.2681427491009379	0.04182255467407327	0.3551195342203265	-1.095332667231139	0.0389894324962612	-0.1057990932516919	0.1299147503780876	-0.9616998654039088	-0.9616998654038622	0.1498526715591626	0.0002367575074372613	-0.1668660664713128	-0.00873521736645091	-0.3403634762889404	0.01597274327263533	0.01223615204020922	-0.4572242744001453	-0.01387075706078492	0.009873849733952325	0.3672777109888103	-0.04126320462197443	-55.50488241104724	-7.76382861123112	4.325162661532928	5.107030126067888	-770.4269370208323	76.573315337804	0.9870687309326742	0.3539271124181877	1.642465842544752	-5.020495794711721	0.1830703180473542	-0.4061430121761892	1.523458029053446	-4.944841879715272	-4.944841879715264	0.9507372037337865	0.01646946889226763	-1.117007149006828	-0.2125051153476109	7.542652615236228e-08	9.839489252684449e-08	3.324573093833334e-07	5.446633253003618e-07	-4.229793213692215e-08	-8.469626772395756e-08	8.603621430001484e-07
1.19	-0.2226108889296206	-0.0168026191256625	0.6423102958704652	1.406920928148526	-0.2369787188175453	-0.07966232752223196	-0.7769099001601988	1.488312435781401	1.488312435781393	-0.1603971977358832	0.1744116891846242	0.4212353097399123	0.1704729147180684	0.277910920485435	0.04545590665038472	0.3713073498165513	-1.145036000736148	0.0407598525986566	-0.1094813225505228	0.1455761549838608	-1.010786303998953	-1.01078630399897	0.1597254154798811	0.0003989436992467534	-0.1781234352947247	-0.0110199891641566	-0.3378710843516885	0.01576531977153834	0.01273200485802504	-0.4546356213362347	-0.013102582389619	0.009840182653464145	0.365580713192598	-0.0413918662836268	-55.09712419631455	-7.648386666055633	4.239745180397302	4.691381945131087	-768.2449754516862	76.5819986049944	0.9703476248184409	0.3730006308088432	1.596082482455092	-4.926398257052844	0.1722845817981884	-0.3448071745765943	1.604647885390714	-4.875926044867557	-4.875926044877195	1.008112758545555	0.01545272804531698	-1.133854661805183	-0.241395855727971	7.389215597670599e-08	9.3470865431502e-08	3.107157770729786e-07	5.33538050516347e-07	-3.638174631871594e-08	-8.277368532398869e-08	8.174359724189942e-07
1.2	-0.2197831621723826	-0.01632906663582038	0.6461024984079633	1.395225194396809	-0.2365625564782069	-0.0807748075719827	-0.7753729705524903	1.477961576525207	1.477961576525201	-0.1587501522316006	0.1744163872946296	0.4193971631586977	0.1703504725366696	0.2876253431743401	0.04928771424957593	0.3870608879845289	-1.193985179387447	0.04246054171956545	-0.1129853232829585	0.1619242079516909	-1.059287990412742	-1.059287990412824	0.1697009502927889	0.0005355112398562207	-0.1895309206300085	-0.01350206671169891	-0.335378692414427	0.01555789627040625	0.01322785767594721	-0.4520469682723129	-0.01233440771846525	0.009806515572903175	0.3638837153963933	-0.04152809589853198	-54.69788001903764	-7.530558168276834	4.149518118764346	4.274031555977905	-766.2050056596015	76.62229995940164	0.9763189918142374	0.3936182369941776	1.555610356895333	-4.869664823969486	0.1691241217500225	-0.3704972988971668	1.660787701464817	-4.827891443464532	-4.827891443464519	0.9712953821716315	0.01134573865227677	-1.147030451381137	-0.2519662653149283	7.097155296232973e-08	8.61757752165536e-08	2.793777182274372e-07	5.108762924926599e-07	-2.885760510424385e-08	-7.939343690525215e-08	7.552720409971028e-07
1.21	-0.2168585702852089	-0.01581620227901723	0.6500499844906256	1.383043857924352	-0.2361297739898941	-0.0819217987479072	-0.7736692179958039	1.467128711548639	1.467128711548622	-0.1570031812099758	0.1744223951957202	0.4174441938447433	0.1702021770960274	0.297279983892383	0.053318258326852	0.4023557831208192	-1.242142067977635	0.04408230906845728	-0.116390273660176	0.1789350539045237	-1.107176513613557	-1.107176513613602	0.1797025216575103	0.0006603003005011888	-0.2010870347803245	-0.01619150745235093	-0.3324642992893305	0.0153104923434802	0.01373069479914958	-0.4491202527263549	-0.0114897383446933	0.009760776611725955	0.3617893677909407	-0.04167247390800373	-54.24180817633102	-7.406600541514015	4.05669007743088	3.856524769328225	-763.6553823119515	76.60518991446688	0.9580961773686637	0.4127338206547098	1.504332302639131	-4.767677848917551	0.1567174675777167	-0.322048278725759	1.737545620005195	-4.75307247174116	-4.753072471735654	1.015958149281124	0.01229890247490608	-1.163512859532793	-0.2825121028306974	6.772171964875749e-08	7.831755751069882e-08	2.457604843297889e-07	4.854746196995507e-07	-2.095157448315863e-08	-7.56669928070583e-08	6.885391413755366e-07
1.22	-0.2138378200777391	-0.01526204021592909	0.6541480001667794	1.370385157171515	-0.2356811709428652	-0.08310215030194595	-0.7717920944640272	1.455820213397391	1.455820213397386	-0.1551559204475961	0.1744295016699322	0.415374941196754	0.1700259714231007	0.3068570072331992	0.05754725550657241	0.417166806682841	-1.289458035462784	0.04562465346212263	-0.1196573989010682	0.1965984029698627	-1.154414625348422	-1.15441462534843	0.1897588984485874	0.0007552258693162233	-0.2127875874376779	-0.01908411316861719	-0.3295499061642524	0.01506308841650454	0.01423353192263223	-0.4461935371803683	-0.01064506897093324	0.009715037650446115	0.3596950201854693	-0.04182440318897597	-53.79438472001033	-7.280388413083807	3.959197558536472	3.436487800122645	-761.2504527799269	76.61891838995412	0.9607955163688493	0.4333088574830794	1.458836042041644	-4.70148060296157	0.1532395307046936	-0.3429322716321302	1.791288323966054	-4.697809150274601	-4.697809150274568	0.982256467442807	0.005373040286293016	-1.175918152788536	-0.292599260437759	6.355094811849154e-08	6.84778505114736e-08	2.027046577692043e-07	4.500969085944764e-07	-1.140422529497809e-08	-7.094620516403372e-08	6.069520379412902e-07
1.23	-0.2107217209262842	-0.01466459710929939	0.6583916274670814	1.357257627222527	-0.235217590287275	-0.08431479130255781	-0.7697351563837752	1.444042676906023	1.444042676906016	-0.1532080913379805	0.1744375037633325	0.4131879771564907	0.1698197674467058	0.3163430772980533	0.06197413487357999	0.4314698395045049	-1.335891867879693	0.04707513747312798	-0.1228479834208818	0.2148937294563854	-1.200972372175625	-1.200972372175632	0.1998167878907494	0.0008398787980589523	-0.2246271224614315	-0.02219331386214516	-0.3262028480030088	0.01477875368991856	0.01473408554027457	-0.4429376327827318	-0.009711574645279421	0.009649723391246938	0.3571894490036409	-0.04198476812391157	-53.2867781828428	-7.152382821015573	3.861696380698826	3.01520612084344	-758.3326884246202	76.56467733365706	0.9395648314562522	0.4522930156923795	1.402701861542494	-4.59090887042374	0.1385532554821968	-0.3036515443903961	1.864332267389976	-4.616723957627919	-4.616723957627833	1.019013800985153	0.009310506593705926	-1.191253482336188	-0.3255047514704105	5.91322316837311e-08	5.810466562557172e-08	1.571076716455213e-07	4.120333410207958e-07	-1.414982646425721e-09	-6.595770964355471e-08	5.213657257882452e-07
1.24	-0.2075113506581972	-0.01402190210112297	0.6627756180874624	1.343670444087478	-0.2347399847077375	-0.08555864414882747	-0.7674921295473824	1.431803169644645	1.431803169644657	-0.1511593916102739	0.1744462122034908	0.4108819613049579	0.1695813866078439	0.3257112305594042	0.06659763581591513	0.4452394706987097	-1.381388672671334	0.04842963825149	-0.1258997680300743	0.2338161541986906	-1.246808779350218	-1.246808779350225	0.2099330220682036	0.0008964952238175018	-0.2365979496918806	-0.02551948566207601	-0.3228557898418628	0.01449441896330483	0.01523463915801708	-0.439681728385088	-0.008778080319618735	0.009584409131998541	0.3546838778217211	-0.04215269229257433	-52.78788810845742	-7.022252349997651	3.759685937627934	2.590681384025926	-755.561119938822	76.54033903147075	0.9372121556682242	0.472633172548626	1.35215571654983	-4.514075077908075	0.1340428841760142	-0.3151722895079237	1.916707975122553	-4.55354121975247	-4.553541219752512	0.9939254145012365	-0.0002342603105488696	-1.202176594127571	-0.3359934817183102	5.42355436018179e-08	4.636456922419856e-08	1.041566904703256e-07	3.672230341629405e-07	9.918393753883053e-09	-6.062391763523441e-08	4.267185463944873e-07
1.25	-0.2042077985760316	-0.01333199084459141	0.6672945812735608	1.329632936739486	-0.2342493476375831	-0.08683269692192867	-0.7650569938558192	1.419108976780411	1.419108976780408	-0.1490095918263039	0.1744554251452377	0.4084556365453691	0.1693086554189434	0.3349851610735428	0.07141695003592387	0.4584582883110936	-1.425957195634934	0.04968011182640195	-0.1288939912316912	0.2532942455775281	-1.291899274572988	-1.291899274572983	0.2200294933543838	0.0009390278080967484	-0.2486829503679747	-0.02906076238818439	-0.3190695678449601	0.01417131760800347	0.01572075071131371	-0.4360992072019861	-0.007762786462297078	0.00950003767115443	0.3517444011671708	-0.04232851920284629	-52.23107095583958	-6.890572531732492	3.657790299983015	2.169894152565288	-752.2746145859757	76.44682844260554	0.9203900179826136	0.4914356532929769	1.292502289657911	-4.404891788956155	0.1179386879251303	-0.2889841042022603	1.975848938751746	-4.467235419236561	-4.467235419234665	1.01786820509477	0.005506355704120782	-1.214050797496665	-0.3682542265072687	4.919420620563479e-08	3.4210802232617e-08	4.898015816111953e-08	3.203709509427693e-07	2.16585474738023e-08	-5.518562800559372e-08	3.293292624410399e-07
1.26	-0.2008119258849828	-0.01259291542454645	0.6719428841369979	1.315154413985191	-0.2337467280129201	-0.08813617928080777	-0.762424579406569	1.40596779261481	1.405967792614796	-0.14675875528559	0.1744648652803877	0.4059079839803923	0.168999499571092	0.3441753523355189	0.07643046851859647	0.471107406166493	-1.46959175393334	0.05082614915237899	-0.1317856851818578	0.2732719057358606	-1.336207039623647	-1.336207039623629	0.2301403734173008	0.0009419339086529952	-0.2608635107699215	-0.0328044174522995	-0.3152833458480314	0.01384821625266616	0.01620686226471846	-0.4325166860188704	-0.006747492604989709	0.009415666210236102	0.3488049245126439	-0.04251198866956115	-51.68296369051649	-6.756910733078726	3.551572842243817	1.745053809123416	-749.1345245474956	76.38210331927391	0.9204643052356763	0.511474025081432	1.23821576515293	-4.327282144869324	0.1131556343890244	-0.2946664392178794	2.016621731021557	-4.396995185330093	-4.396995185330054	0.996807169848601	-0.008159557055166272	-1.221288539298036	-0.3764691493196273	4.371443871558562e-08	2.10852549224587e-08	-1.234938017251626e-08	2.663498225215842e-07	3.415065488681942e-08	-4.917658047252431e-08	2.257288361073028e-07
1.27	-0.1973245845120399	-0.0118027494047392	0.6767147607288763	1.300244298567195	-0.2332332090239781	-0.08946842565212267	-0.7595900265738235	1.392387520909547	1.392387520909525	-0.144407060572412	0.1744742477411197	0.4032380873701299	0.1686518762550142	0.3532741546381459	0.08163325511216166	0.4831656912372695	-1.512263447652959	0.05185774896438559	-0.1346508690033393	0.2937121437625221	-1.379705509486279	-1.379705509486256	0.2401973663854367	0.0009284648279851858	-0.2731274421720271	-0.03675391228216308	-0.311079392338787	0.01348964516130304	0.01666364046138866	-0.4285750223391692	-0.005720899762744086	0.009317001154412086	0.3454428982727402	-0.04270092768105367	-51.09988533854349	-6.622535748485205	3.444330407928496	1.352037504456765	-745.4799405796825	76.24260882200491	0.9017791176841922	0.5292690015788676	1.174293475614345	-4.211926031629572	0.09519985919759055	-0.2804969914489056	2.068747280846833	-4.305011405666838	-4.305011405666193	1.009937178219574	0.001182983338599208	-1.230686284364439	-0.4092308466910939	3.80865529505817e-08	7.631403450619037e-09	-7.575763675764866e-08	2.099067193703267e-07	4.689680070966692e-08	-4.297470932343168e-08	1.200300508613055e-07
1.28	-0.193746816931087	-0.01095963791397922	0.6816041518909771	1.284912503602777	-0.232709966495994	-0.09082893438924156	-0.7565488668723398	1.37837651680187	1.378376516801854	-0.1419548375659747	0.174483320224402	0.4004452032771099	0.1682637497512639	0.3622605939370915	0.08701956270914057	0.4946103202110209	-1.553927663217433	0.05277085696005075	-0.1374381583382497	0.3145932794835181	-1.422353520106396	-1.422353520106369	0.2502460320705168	0.0008799384237634798	-0.2854610073220368	-0.04090505498688216	-0.3068754388295556	0.01313107406989256	0.01712041865823536	-0.4246333586594479	-0.004694306920510037	0.00921833609849392	0.342080872032824	-0.04287329734856643	-50.52541755156282	-6.486324341612868	3.332975641442242	0.9540471669512135	-741.970435599946	76.13061558198083	0.8979917044993412	0.5481782257642051	1.115484545747899	-4.125786513840414	0.08945727112071833	-0.279087541903645	2.104801269888467	-4.226903336827193	-4.226903336827202	0.9951417132374439	-0.01517102176597746	-1.235215288878811	-0.4167987242906939	3.283831010821901e-08	-5.736262068200047e-09	-1.434834129244662e-07	1.520572135548547e-07	5.992646882759725e-08	-3.662985423470651e-08	1.55160683161625e-08
1.29	-0.1900797848322138	-0.01006176040910069	0.6866048576543736	1.269169188560389	-0.2321782293094259	-0.09221725051269987	-0.7532968157591763	1.363943360533355	1.363943360533342	-0.1394024397616626	0.1744918600595598	0.397528693238742	0.1678330867140602	0.3711193944545482	0.09258469834557434	0.5054216447941631	-1.594553895207568	0.05355401183502931	-0.1402146746290448	0.3358825034774434	-1.464124325119397	-1.46412432511936	0.260231279452851	0.0008233963145168438	-0.2978465144445395	-0.04526057371424964	-0.3022434077501534	0.0127355035513968	0.01754236055850951	-0.4203842912164925	-0.003598292176846261	0.009094321097177609	0.3382905514015984	-0.04303153436014804	-49.89924365782358	-6.353824585594261	3.22421759634264	0.5690596939801291	-737.9648139856611	75.93937208551982	0.8758614555355435	0.5650106265946576	1.047572592084228	-4.003823622635132	0.06936441954626542	-0.2753394387678358	2.150817013387573	-4.129163059333908	-4.1291630593324	0.9998441140332296	-0.001585382328341351	-1.241040609519183	-0.4499085226094827	2.773243336184677e-08	-1.907160785463642e-08	-2.128282589344157e-07	9.36803067403024e-08	7.306245780618364e-08	-3.023138016861914e-08	-8.855361321616017e-08
1.3	-0.1863249572821314	-0.009107365669055432	0.6917103998990988	1.25302505478188	-0.2316393366093347	-0.09363301295229831	-0.7498299055962273	1.349097097419551	1.349097097419549	-0.1367502639108615	0.1744996965582444	0.3944881636920338	0.1673578724744533	0.3798196841786681	0.09832300974248727	0.5155776164767719	-1.634091410439112	0.05420195966440779	-0.1429274215638558	0.3575650894410887	-1.50497488916429	-1.504974889164244	0.2702016413672584	0.0007392711322960723	-0.3102649089903692	-0.04981529546760557	-0.2976113766708268	0.01233993303287457	0.01796430245877009	-0.4161352237735417	-0.002502277433179302	0.008970306095816147	0.3345002307703027	-0.04317233773291453	-49.28145498614954	-6.219593693889857	3.111529502890842	0.178197981997008	-734.1008845859393	75.7743846552077	0.8662895458319971	0.5828133778600735	0.984413965641238	-3.908043162122313	0.06241586200070968	-0.26633367070682	2.183473663832505	-4.042855143205565	-4.042855143205603	0.9921646196520734	-0.0206876363608496	-1.24179277354418	-0.4566393294883388	2.30605511667587e-08	-3.188989938934046e-08	-2.839331299323484e-07	3.564924793179438e-08	8.593584997360052e-08	-2.389857477410529e-08	-1.885891088838526e-07
1.31	-0.1824838936798038	-0.008094742124958898	0.6969141775482414	1.236490987242293	-0.2310946678524456	-0.09507598722658903	-0.7461444266579786	1.333846986316257	1.333846986316261	-0.1339988183311093	0.1745066856628656	0.3913233626011313	0.166836141286191	0.3883651325458337	0.1042281039082937	0.5250632259215708	-1.672535094186411	0.05470806867269604	-0.1456691706522366	0.3795786065902816	-1.544883960078915	-1.544883960078913	0.2800731381505491	0.0006559177477239962	-0.3226929098312763	-0.05455942343395057	-0.2925560925637378	0.01190406699121099	0.01834086540544728	-0.411592658097673	-0.001351903273717923	0.008823476008956943	0.3302737132485459	-0.04329636220916822	-48.61773663681626	-6.088620652651287	3.00094945072751	-0.1905968670393069	-729.7539316161426	75.5338270370783	0.8444849372623177	0.5983387002330778	0.9134281956950981	-3.784484112727118	0.04113673918664409	-0.2783240785160717	2.217476997683935	-3.940430785649635	-3.94043078565634	0.9824477485195657	-0.00258036930999123	-1.242937267918943	-0.4876349796271579	1.856846671434553e-08	-4.44939827340411e-08	-3.557671541395885e-07	-2.223853098849527e-08	9.87004520335329e-08	-1.759297497210048e-08	-2.869532989790554e-07
1.32	-0.1785582131027824	-0.00702227138634581	0.7022093700441909	1.219578092238892	-0.2305456523416831	-0.09654642470189305	-0.7422373752967943	1.318202684959805	1.318202684959809	-0.1311490966753398	0.1745127569976691	0.3880343547961093	0.1662661017283817	0.3967430791171351	0.1102924486457979	0.5338605858382047	-1.70985690320145	0.05507131043873694	-0.1484200617651089	0.4018795740283235	-1.583812939795891	-1.583812939795934	0.2898568565679173	0.0005557171709679173	-0.3351062518143816	-0.0594769693770789	-0.2875008084566663	0.01146820094953612	0.01871742835198389	-0.4070500924218207	-0.000201529114257266	0.008676645922080523	0.3260471957267734	-0.04340031450520676	-47.96204154825481	-5.956010509621445	2.886634353196741	-0.5661671285522232	-725.5429632218924	75.3182197551597	0.8327891866591371	0.6146634921996386	0.8467640600082275	-3.683668215670313	0.03384241355127431	-0.268162075605095	2.240963721602293	-3.846836903676017	-3.846836903676035	0.9746089464675618	-0.02405707479770994	-1.238861001983778	-0.4913229248449542	1.509991231683377e-08	-5.596650172820503e-08	-4.300490364579188e-07	-7.778289896807467e-08	1.110393104271142e-07	-1.131536989005755e-08	-3.782923466163796e-07
1.33	-0.1745495953123628	-0.00588838368152359	0.7075890492283222	1.202297613837137	-0.2299937574405905	-0.098044604845911	-0.7381060669919615	1.302174080180152	1.302174080180159	-0.1282020998363588	0.1745178553917678	0.3846213709197231	0.1656460253462826	0.4049476051408594	0.1165088567506787	0.5419550871479841	-1.74604245485255	0.05528163791187286	-0.1512113774397641	0.4244162468269143	-1.62173128138278	-1.621731281382778	0.299535687266495	0.0004600270022578651	-0.3474794124531401	-0.06456429972287116	-0.2820367798109856	0.01098843227731957	0.01904593041307569	-0.4022470563037907	0.001018974566253375	0.008502483278925551	0.3213982697526536	-0.0434853036982723	-47.25736417523939	-5.829119642525352	2.77600060031567	-0.9254724870489917	-720.8743791870612	75.02626295461633	0.8093478038416668	0.6287195809797372	0.772767998021913	-3.556557479824954	0.01069078847242417	-0.2838971417481485	2.2651430422519	-3.737824792880905	-3.737824792874048	0.9634397207875443	-0.002971135543399023	-1.234867834204798	-0.521437009336724	1.209796720905647e-08	-6.692316050374195e-08	-5.054468540915992e-07	-1.32258947254095e-07	1.231840797963295e-07	-5.050527106820789e-09	-4.664287557802592e-07
1.34	-0.1704599195629821	-0.004691613873383014	0.7130460683918631	1.184661168150872	-0.2294405466899091	-0.09957055431235411	-0.7337483671624897	1.285771593583293	1.285771593583303	-0.1251585307725374	0.1745218676546415	0.3810849905890735	0.1649742758767479	0.4129546709090856	0.122868869309469	0.5493285817201294	-1.781050360103456	0.05533448035611966	-0.1539739262485156	0.4471578789560817	-1.65858930323709	-1.658589303237042	0.3091713015344591	0.0003384909281183945	-0.3597855426672149	-0.0698115868642787	-0.2765727511653115	0.01050866360508654	0.01937443247411033	-0.3974440201857668	0.002239478246760417	0.008328320635741357	0.3167493437785281	-0.04354808882324032	-46.56018335859668	-5.700641315465184	2.661801880317967	-1.292439598900998	-716.3333816911615	74.75804087612732	0.7932971355594686	0.6433843829815594	0.7025627124814081	-3.448138935631575	0.002345407773476155	-0.2624087024243597	2.28195558771763	-3.634772957160176	-3.634772957160145	0.9659656603448166	-0.02922625588366903	-1.225454917046987	-0.5233142839679518	3.256837034765802e-09	-9.341113256803855e-08	-6.814067361537065e-07	-2.813591259831181e-07	1.496063176115872e-07	9.310015339606452e-09	-6.746495033026885e-07
1.35	-0.1662911507634298	-0.003430568011702746	0.7185731926915351	1.166680519738052	-0.2288876410923124	-0.1011248333443164	-0.7291624654676322	1.269005786268794	1.269005786268722	-0.1220195130353387	0.1745249422842659	0.3774259298246785	0.1642492446209758	0.4207598023250922	0.1293596576248682	0.5559710289044918	-1.81487067831215	0.05521992837024826	-0.1568778181415413	0.4700433375134461	-1.694383022939042	-1.694383022939005	0.3186251890953619	0.0002722949400459659	-0.3720081900567156	-0.07521585275227338	-0.2707477707935813	0.01000175215721833	0.01963824911936294	-0.3923656990495296	0.003422974400072748	0.008131095576313882	0.3117059915771815	-0.04374240542656179	-45.85231687592938	-5.581171945604503	2.550025371388158	-1.597105817918179	-711.3811853240704	74.41058439609472	0.7682106558066973	0.654868252098215	0.6263051702531223	-3.317701141429219	-0.02246090050836401	-0.303751812518161	2.294972614429925	-3.523298435852842	-3.523298435854601	0.9339474014973164	0.003904678529311376	-1.217889737958253	-0.5523793028143191	-8.503885672781355e-09	-1.276647612767145e-07	-9.076476504300241e-07	-4.777713699336395e-07	1.831672896498656e-07	2.771840761762866e-08	-9.429124200043884e-07
1.36	-0.1620455127474796	-0.002104025827612631	0.7241629853528184	1.148367923567554	-0.2283367020943227	-0.1027080257711628	-0.724347082862265	1.251887716365448	1.25188771636529	-0.1187861870030172	0.174527199143777	0.3736451985687769	0.1634694913940042	0.4283285141885129	0.1359681337914386	0.5618622540424333	-1.847439911638479	0.0549411604347363	-0.1597566052256242	0.4930540610581729	-1.729041821006603	-1.729041821006578	0.3280329605576342	0.000174936903908031	-0.3841196409684809	-0.08075598110423209	-0.2649227904218734	0.00949484070935766	0.01990206576448674	-0.38728737791331	0.004606470553389364	0.007933870516904232	0.3066626393758149	-0.07685884142410741	-45.14867090494747	-5.457961169598048	2.432535788874519	-1.918366683087347	-706.5148088607185	74.08086328757571	0.7460132250422589	0.6669219532158137	0.5523183031972447	-3.197921959158364	-0.03049778215460206	-0.2573877406357692	2.307008585190107	-3.407788630282231	-3.407788630282228	0.956742440618719	-0.03545866549684384	-1.203215621499833	-0.5504867767606928	-1.585276426292504e-08	-1.561129095310808e-07	-1.124911507269489e-06	-6.443871979194017e-07	2.143507692172344e-07	4.401853250272171e-08	-1.171471631520914e-06
1.37	-0.1577253498900355	-0.0007108521640213776	0.7298079203355284	1.129735853528007	-0.2277894197818446	-0.1043206998261805	-0.7193012205985129	1.234428694114891	1.234428694114734	-0.1154596456050942	0.1745287727559096	0.3697439690845595	0.1626336519444911	0.4356588793783633	0.1426814087970046	0.566995704377888	-1.878755193524216	0.0544889399573359	-0.1627886936794135	0.5161242894179406	-1.762563229304147	-1.762563229304154	0.3372543942154807	0.000139887907285579	-0.3960992809373427	-0.08642584135386444	-0.2587523626612898	0.00895326523129753	0.02007988338574724	-0.3820747946586682	0.005795218098236517	0.007699929173160029	0.3012430938900731	-0.1692197653677331	-44.42701520435564	-5.347581637294304	2.317134792447224	-2.183842064171053	-701.3187206893847	73.67599338252622	0.7197453086907408	0.6758028353657928	0.4745156458352219	-3.065524381093753	-0.05669467575555988	-0.3276765704023617	2.307914620208278	-3.294402432682182	-3.29440243268697	0.9015658553969408	0.01225054853113437	-1.191265520437733	-0.5776468593488804	-2.078891560136373e-08	-1.813861856619966e-07	-1.337266035823174e-06	-7.947081109244361e-07	2.442340575895744e-07	5.916569865730665e-08	-1.378317879264298e-06
1.38	-0.153333243952146	0.000749908761853288	0.7355003212710162	1.110797192054035	-0.2272474817731877	-0.1059640062002511	-0.7140244791193966	1.216640440680722	1.216640440680554	-0.1120415454651828	0.1745299515911772	0.3657237577334796	0.161740631650425	0.4427171302775799	0.1494855862481212	0.5713554445979677	-1.908758198522452	0.05387229967100694	-0.1658830690392712	0.5392299041312331	-1.794888057729356	-1.794888057729395	0.3463447089544933	9.598152170746898e-05	-0.4079160143405383	-0.09219215001487049	-0.2525819349007348	0.008411689753284272	0.02025770100679654	-0.3768622114040562	0.006983965643099161	0.007465987829507119	0.295823548404304	-0.3221624549605304	-43.70684246971838	-5.231247297440191	2.19368755419563	-2.472267304362514	-696.1728558043354	73.28647318687548	0.6915903669154787	0.6851024423259611	0.3975762801222663	-2.935466581658169	-0.06338174394028326	-0.2698451218494251	2.314085855895045	-3.168472655815063	-3.168472655815048	0.9305186568519169	-0.03723014328799796	-1.17063430836655	-0.5697764590354033	-1.889173577127365e-08	-1.915938641717485e-07	-1.475503103120612e-06	-8.593659377936372e-07	2.615501911362758e-07	6.884324385880857e-08	-1.480597584621419e-06
1.39	-0.148871898448756	0.002279132103568688	0.7412324397288764	1.091565029612287	-0.2267125600945553	-0.1076387749365365	-0.7085167561273648	1.198534987618414	1.198534987618372	-0.1085332880694011	0.1745308299178187	0.3615862944655484	0.1607894981158775	0.4495020524795882	0.1563698986416797	0.574936724387463	-1.937447904539759	0.05308692073145188	-0.1690874318421771	0.5623024506977341	-1.825991455744807	-1.825991455744816	0.3552781676690825	7.900595791038003e-05	-0.4195386704687613	-0.09803925266415071	-0.2460516756578647	0.007810983852636301	0.02035643151957241	-0.3716463213968491	0.008309880343771402	0.0071789229594167	0.2900277289933191	-0.5365987703676379	-42.93121646106415	-5.131274684589643	2.07627355273701	-2.744721888939637	-690.7608988764922	72.8342859349372	0.6644289479364823	0.6917731667310163	0.3186909970120156	-2.801793741255192	-0.09005618149078119	-0.3482156235923111	2.302002520392354	-3.04960641381426	-3.049606413809796	0.8702988997749086	0.01572078008432129	-1.152352374162551	-0.5932360072283068	-1.291660024383581e-08	-1.928107828108065e-07	-1.569508782249006e-06	-8.729022455172639e-07	2.713665709967097e-07	7.525666042701943e-08	-1.520474675973838e-06
1.4	-0.1443442065631272	0.003877534074991697	0.7469964284183617	1.072052755884469	-0.2261862802478283	-0.109346084053642	-0.7027786749769953	1.180124833968075	1.180124833968133	-0.1049365882022701	0.1745314688974917	0.3573337504145093	0.1597796817869666	0.45598640672531	0.1633213121896429	0.5777294909229185	-1.964780455736598	0.05214393329076335	-0.172391145208321	0.5853015357988234	-1.855828175336424	-1.855828175336403	0.3640332032241617	4.811211451003267e-05	-0.4309321709614785	-0.1039287088875881	-0.2395214164149885	0.007210277952068535	0.02045516203208259	-0.3664304313896782	0.009635795044463763	0.006891858089475722	0.2842319095823376	-0.8133154660147203	-42.15627405420992	-5.024696607409669	1.950126355951571	-3.039653611730398	-685.3858346801049	72.3997787666178	0.6314767756581577	0.698522673206977	0.2398736293143133	-2.664035617564423	-0.09490344416697664	-0.2897152344970652	2.299393562812677	-2.915136971048326	-2.915136971048317	0.8948340249499119	-0.04001379920855509	-1.124803181265317	-0.578247173866877	-6.024161101568585e-09	-1.920819735694011e-07	-1.659109747041597e-06	-8.786175440016732e-07	2.796190714168859e-07	8.207527126652691e-08	-1.551229606489922e-06
1.41	-0.1397531643069611	0.005545725941014395	0.7527843939204276	1.052273955097938	-0.2256702468119688	-0.1110870303851811	-0.6968112045514872	1.161422729304516	1.161422729304564	-0.1012532065454566	0.1745318976184658	0.3529684811988804	0.1587107669076912	0.4621670286883935	0.170321310659461	0.5797299308352932	-1.990741484349235	0.05103816336145912	-0.1758143571883422	0.6081631896793046	-1.884368053045051	-1.884368053045028	0.3726146618390695	3.658376670182135e-05	-0.4420760570866313	-0.1098531778229644	-0.2327325043527303	0.006568108434559947	0.02046025296566074	-0.3611112347870554	0.01087100456227566	0.006571209448109194	0.278127303243191	-1.153021165596262	-41.40184104124469	-4.933428799196392	1.823144467757039	-3.240754177933252	-679.790148084213	71.90195072026697	0.6030765439956383	0.7014338510350214	0.1600957920043126	-2.52643230666991	-0.1222900370037232	-0.3710152965978784	2.275147357112995	-2.789708434519883	-2.789708434519524	0.8353305361762267	0.01787152752741392	-1.102298012254805	-0.5997656946039696	1.464525390337789e-09	-1.900884412056945e-07	-1.745847647515916e-06	-8.792491864805906e-07	2.868550502008947e-07	8.915725838237723e-08	-1.576055132462386e-06
1.42	-0.1351019715036916	0.007284056875168404	0.7585883571455785	1.032242684860571	-0.2251660463293452	-0.112862687059867	-0.6906159983758847	1.142441966811128	1.142441966811133	-0.09748490455120899	0.1745321298319708	0.3484931497851745	0.1575825635508161	0.4680165161459587	0.177349125815905	0.5809290355398827	-2.015274345904135	0.04977734264446822	-0.1793332138420837	0.6308486858176716	-1.911559741303679	-1.911559741303654	0.3810172707105676	8.810622670098546e-06	-0.4529446105763643	-0.1157864044075773	-0.2259435922904603	0.005925938917122915	0.02046534389889237	-0.3557920381844773	0.01210621408010507	0.006250560806876547	0.2720226969040531	-1.55634641509127	-40.64722638997674	-4.83493236887555	1.686791331039034	-3.464704785135733	-674.2172229905105	71.42415308486316	0.5652498745544627	0.7040860105322013	0.07960658775727461	-2.378402206016894	-0.1259136017043073	-0.3088441692411708	2.264162014389846	-2.645499081048574	-2.645499081048589	0.8590640762679385	-0.04326275845315231	-1.069736654181273	-0.5799987037142585	1.023618819288061e-08	-1.861905199372859e-07	-1.835285172649884e-06	-8.691747064132536e-07	2.929816356438257e-07	9.792760026377643e-08	-1.599060194106412e-06
1.43	-0.1303939373063593	0.009092756450898999	0.764400314178347	1.011973214671454	-0.2246752456271492	-0.1146742079665194	-0.684195038526402	1.123196090590159	1.123196090590181	-0.09363353354442794	0.1745322007642926	0.3439105970826863	0.1563950214584184	0.4735283731877165	0.1843895484266244	0.5813280010227532	-2.038369962192613	0.04836116109557916	-0.1829977934317233	0.6532994678453408	-1.93737862489271	-1.937378624892702	0.3892153083895026	5.974903063742866e-06	-0.4635098238983011	-0.1217102519581639	-0.2189001242238088	0.005268317954720294	0.02038924086500807	-0.3505251597754381	0.01342828226173307	0.005844426146443889	0.2656385805393349	-2.023958104107909	-39.86560651174824	-4.774005287648309	1.562332798295981	-3.651523450317624	-668.5145477497363	70.85887483486444	0.5348362617958935	0.7038943798007057	-9.152626072514252e-05	-2.237708993700561	-0.1529155278583616	-0.3992244433975689	2.228963861901565	-2.514556122076931	-2.514556122079481	0.7936951812305548	0.02105232824505561	-1.041448186225836	-0.5972207746439988	1.991478252535613e-08	-1.809463927190017e-07	-1.926631053146706e-06	-8.51532105235633e-07	2.983239947594431e-07	1.078914343070292e-07	-1.620778375794126e-06
1.44	-0.1256326480100476	0.01097183505142852	0.7702122342549816	0.9914802747887622	-0.2241992957597231	-0.1165231665869592	-0.6775508853436535	1.103699130908459	1.103699130908464	-0.08970147784735323	0.174532212600807	0.3392240853439709	0.1551485122917323	0.4786675359418452	0.1914249307756894	0.5809216443131169	-2.059968284618592	0.04680717569157913	-0.1868207566042412	0.6754873524708537	-1.961776433451606	-1.961776433451614	0.3971542087693978	-3.008538164666285e-06	-0.4737364178212751	-0.1275798192652725	-0.211856656157163	0.004610696992394651	0.02031313783075065	-0.3452582813664492	0.01475035044338159	0.005438291486154323	0.2592544641746088	-2.556569906911763	-39.08266135552646	-4.704966250793654	1.427581999860892	-3.861272584804761	-662.8167221403403	70.31670245082408	0.4907110170286497	0.7030779582013619	-0.08145785074408965	-2.078943433517211	-0.1534743727264632	-0.3405208858168411	2.211582533958561	-2.361284075021564	-2.361284075021561	0.8072366164599698	-0.04449230277754796	-1.002012774388679	-0.5691426550186541	2.978009025444909e-08	-1.746290031662657e-07	-2.016475657262789e-06	-8.337875834581016e-07	3.023679594267948e-07	1.192677531643133e-07	-1.63967283174888e-06
1.45	-0.1208217980427855	0.01292117729847216	0.7760160834344041	0.9707788210005676	-0.2237395751821193	-0.1184111936385271	-0.6706864506796369	1.083965389148719	1.083965389148723	-0.08569127225209572	0.1745322253492826	0.334437075879281	0.1538436265759121	0.4834361171692861	0.1984351093463055	0.5797138922701888	-2.080060335480556	0.04511837907022151	-0.1908066104813443	0.6973355275097188	-1.984718716574366	-1.984718716574343	0.4048449392514909	1.849680201652235e-06	-0.4835999002312012	-0.1333763984581113	-0.2045914842440648	0.003771394782563601	0.02015829969663235	-0.3400499071500249	0.01605173491501065	0.00504919003690008	0.2526106353962496	-3.155065986137827	-38.30122563018359	-4.618474363588769	1.278259542584727	-4.004945987450705	-657.0320872527253	69.81722679154539	0.4599570783295467	0.6987877735726781	-0.1605512976863831	-1.935040817002795	-0.1795799508728232	-0.4308277599373295	2.161827065413124	-2.222729010346068	-2.222729010341477	0.7434268773116898	0.02218158002396506	-0.9686213210590959	-0.5822082490196911	3.978876719880188e-08	-1.674875014638614e-07	-2.10516749558652e-06	-8.159648012199243e-07	3.054149426427994e-07	1.317286585752285e-07	-1.65639906973011e-06
1.46	-0.1159652571827033	0.01494038132463812	0.7818038316100735	0.9498843057228613	-0.2232973420995407	-0.120339721253103	-0.6636054558499189	1.064009818841868	1.064009818841848	-0.08160547222937342	0.1745321280191363	0.329553410521137	0.1524813165286427	0.4878057145058308	0.2053972866001509	0.5777014435624916	-2.098580582521197	0.04330967668754718	-0.1949208692096513	0.7187993856110889	-2.006142142874842	-2.006142142874789	0.412273094262685	-2.502426622224176e-05	-0.493067596511707	-0.1390646855550749	-0.1973263123309558	0.002932092572797355	0.02000346156226393	-0.3348415329336336	0.01735311938665562	0.00466008858776311	0.2459668066178972	-3.820503108610166	-37.51728728679673	-4.523583277042046	1.118506307416772	-4.171732943916147	-651.2311409811856	69.34174436522471	0.4109142388493915	0.6934776948472776	-0.2423971836978544	-1.764582669252641	-0.177455524989761	-0.3662018560575953	2.134719146459526	-2.057512710565013	-2.057512710565003	0.7547215222801791	-0.05083873573562449	-0.9228555485045632	-0.5474842358435711	5.215892050101454e-08	-1.587569529323125e-07	-2.208467340484055e-06	-7.800026010221464e-07	3.093208350653796e-07	1.46822888464852e-07	-1.682268155203876e-06
1.47	-0.111066963969197	0.01702891432651728	0.7875674687392392	0.9288123884847035	-0.2228738055568883	-0.1223103672032514	-0.6563119817714784	1.04384767480112	1.043847674801127	-0.07744686019545401	0.174531911435902	0.3245771469105345	0.1510627073054621	0.4917833167606364	0.2122949097453715	0.5748934302263022	-2.115530769460397	0.0413857114192937	-0.1992546207312961	0.7398163251894658	-2.026019386613526	-2.026019386613491	0.4193768800670932	-1.37167420506423e-05	-0.5021062985968412	-0.1446201044314266	-0.1899206156191084	0.002383515897528852	0.01976453173794775	-0.3297693013395352	0.01880109104832485	0.003981550446997392	0.2391560038317228	-4.554239221532026	-36.71587801272193	-4.579889181490011	1.015471453503145	-4.300595940853486	-645.4635136036457	68.55420189613615	0.3807199855664414	0.6858072472370186	-0.3198517513561626	-1.61944546752574	-0.2018772870152277	-0.4737920134103059	2.073315630369615	-1.912753067098756	-1.91275306710141	0.6770321767265028	0.02758358795947895	-0.8824841093467783	-0.5544687671622825	6.649697076811049e-08	-1.487021987098096e-07	-2.323940524193093e-06	-7.289242191913674e-07	3.13942485160106e-07	1.641115554200658e-07	-1.715756280254754e-06
1.48	-0.106130987379788	0.01918600408442413	0.7932990560664877	0.9075791276249011	-0.2224699107187757	-0.1243257167112466	-0.6488107114438851	1.023494773750667	1.023494773750698	-0.07321944529004634	0.1745319015462445	0.3195128749649142	0.1495895642827917	0.4953423896862503	0.2191086378056893	0.5712914831790404	-2.130849306850482	0.03938133578014796	-0.203861580780632	0.7603586354415559	-2.044293544815359	-2.044293544815341	0.4260336685597123	1.631444075960094e-05	-0.510669263515132	-0.1499714454530293	-0.1825149189072502	0.001834939222288273	0.01952560191346828	-0.3246970697454565	0.02024906271000003	0.003303012306280225	0.2323452010455575	-5.357023946174346	-35.91013712534104	-4.625574470811975	0.8994801542603051	-4.454159666575976	-639.6573297431953	67.79737680304173	0.3272083730110529	0.6766986778667502	-0.4011839259123366	-1.438252759429566	-0.1935375991682008	-0.4208435615958321	2.039793281202132	-1.736895603194827	-1.736895603194841	0.6653220599223365	-0.04709400400788463	-0.8277081151358499	-0.5066686648937445	8.812569551440452e-08	-1.100673548153485e-07	-2.264108616103395e-06	-4.590578347496301e-07	2.863978719401324e-07	1.905540133378782e-07	-1.619971734681058e-06
1.49	-0.1011614958611601	0.02141070511730702	0.7989907053359937	0.8862008594233555	-0.2220865610566859	-0.126387397263035	-0.6411066295627433	1.002967319491283	1.002967319491286	-0.06892649079914834	0.1745319363932022	0.314365307367919	0.1480637282746216	0.4984818656745474	0.2258060300672625	0.5669094385018753	-2.144517032388639	0.03728387755866788	-0.2085357517060885	0.7803601835391876	-2.060920818620078	-2.060920818620079	0.4324622926377389	-5.633872310733051e-07	-0.5187627141752754	-0.1551473891994468	-0.1751057114913072	0.0008149509887667417	0.01920482060645982	-0.3195901892773125	0.02121039727967372	0.002871454810045328	0.2254557367239198	-6.228962754081683	-35.25206481830919	-4.545254165210484	0.7124575559962932	-4.412060744132205	-633.986101299352	67.33975151303571	0.2962049182958086	0.6624690462403362	-0.4760060810918275	-1.287941118655642	-0.2186353926823612	-0.4996877233507596	1.96570198687932	-1.584196064785913	-1.584196064788781	0.6171275010686362	0.02232041671903382	-0.7878674871964036	-0.5160779004701822	1.16344068347666e-07	-4.560050679430996e-08	-2.045827875041763e-06	8.559244359701834e-09	2.297799053395648e-07	2.252700900103468e-07	-1.407344582965918e-06
1.5	-0.09616283204133837	0.02370162198199318	0.8046346758902334	0.8646945322328985	-0.221724343068625	-0.1284976162971389	-0.6332054589180577	0.9822818819346982	0.9822818819347121	-0.06457215108360877	0.1745320634796217	0.3091392644751739	0.1464875286947963	0.5011768499251144	0.2323518041663428	0.5617557401257744	-2.156461104632674	0.03515500097541356	-0.2135692772447579	0.7997763881502445	-2.075890204251817	-2.075890204251837	0.4383107134888027	3.476234132502009e-05	-0.5263643226651308	-0.1600441597840413	-0.167696504075358	-0.0002050372447561635	0.01888403929962896	-0.3144833088091462	0.0221717318493496	0.002439897313817363	0.2185662724022863	-7.169807532226718	-34.58910334055488	-4.454815099378583	0.5132425144455922	-4.398094385810165	-628.2590858796489	66.92940322127791	0.2383100254649634	0.6463750453682209	-0.5555146656994767	-1.093522100605214	-0.19982127152312	-0.492714484238494	1.922724583887193	-1.405317968598861	-1.405317968598876	0.5492814145297676	-0.03665329269844295	-0.7293396810781914	-0.4508340325291689	1.480530278050758e-07	2.844841214547539e-08	-1.787107550499298e-06	5.748094755467375e-07	1.632390923741939e-07	2.705167354043992e-07	-1.19658582316577e-06
1.51	-0.09113941052544038	0.02605723534027014	0.8102233514265489	0.8430771781721996	-0.2213839229415094	-0.1306579817805025	-0.625113303182591	0.9614552556966237	0.9614552556966154	-0.06015989063499915	0.1745322450335342	0.303839680452397	0.1448631678426521	0.503427080150637	0.23874441543859	0.5558584415831741	-2.166724448481844	0.03291833825899568	-0.2185410527042555	0.8185413115012418	-2.089150734355147	-2.089150734355154	0.4440791898406467	9.005070814726275e-06	-0.533459800133842	-0.1647866224254377	-0.160013614619312	-0.001273688950808311	0.01867608945371312	-0.3102072504171619	0.0240401270572174	0.001626631399522675	0.2114982539727184	-8.178719223802288	-33.68813601050892	-4.529704157848493	0.3874740937014	-4.556784567985904	-622.8669475890582	66.3316366741645	0.2063384914724302	0.6317458978129064	-0.6249053399297833	-0.9499314020649585	-0.2370536026824215	-0.5046693280154043	1.836359094407154	-1.243814435847424	-1.243814435845489	0.5811192539596964	0.01585258486151682	-0.6856944696148985	-0.4797670739374991	1.831827621541511e-07	1.118877605856329e-07	-1.488756434145614e-06	1.237720195769926e-06	8.697388997131554e-08	3.260833381456043e-07	-9.87658087442313e-07
1.52	-0.0860958949132101	0.02847598315720154	0.8157494403991605	0.8213657524980126	-0.2210661624077532	-0.1328691170687044	-0.6168369016368735	0.9405045453765729	0.9405045453765688	-0.05569184772118314	0.1745324469205183	0.2984719331169637	0.1431926194252955	0.5051956691912184	0.2449786958972298	0.549238427384989	-2.175275427330701	0.03062308230332575	-0.2237232382121536	0.8366255502002857	-2.100707020644373	-2.100707020644368	0.4494672065304111	3.882896385563071e-05	-0.5399969851964453	-0.1692816728265381	-0.1523307251632612	-0.002342340656860857	0.01846813960792096	-0.3059311920251643	0.025908522265084	0.0008133654852223427	0.2044302355431552	-9.254027733136741	-32.78106653357306	-4.594533933999704	0.2498319785375797	-4.745455143482164	-617.4011579448775	65.80765358392371	0.1419817884766688	0.6147088826467838	-0.7000577968164425	-0.7510491005427664	-0.2115399193734961	-0.5347964939184819	1.786587653496538	-1.064469205778282	-1.064469205778291	0.4731894821138242	-0.02553705998835867	-0.6176811998565711	-0.4013515844698936	1.924721297169136e-07	1.537512237406172e-07	-1.231920720223798e-06	1.560008425288454e-06	3.812618194599297e-08	3.491107935664131e-07	-8.286903080344606e-07
1.53	-0.08103722265434009	0.03095614335898845	0.8212057398890009	0.7995777106122218	-0.2207714537752443	-0.1351326208833935	-0.6083831106574932	0.9194470139034906	0.9194470139035089	-0.05117179023593687	0.174532608686359	0.2930416326462521	0.1414786551001197	0.5064587469280273	0.2510125598694837	0.5419064015773835	-2.182031560545901	0.02830854231206515	-0.2289919108311217	0.8539958259403803	-2.110499480893621	-2.110499480893623	0.4544994459832436	-3.69990994819811e-06	-0.5459737498197157	-0.1734737408945637	-0.1447858522073766	-0.003329682711301284	0.01825970084068394	-0.3014940978107891	0.02718187317044985	-0.0001276446477154727	0.1974000841449513	-10.36081596845527	-32.09861907417249	-4.753635578502653	0.1266062558994577	-4.648090489531493	-612.1807799512924	65.12830043216063	0.1064801912330524	0.5916090368551498	-0.7669690466676058	-0.5926667896687446	-0.242774286399637	-0.5247848890966046	1.691724573940688	-0.891698389204551	-0.8916983892057131	0.5113983495611883	0.007073103204628188	-0.5742320662717502	-0.4224815587961881	1.743061075692189e-07	1.514403087801053e-07	-1.019195121385841e-06	1.520385258433282e-06	1.840956169682313e-08	3.375654049593014e-07	-7.228049822119373e-07
1.54	-0.07596831773311073	0.03349541897696594	0.8265852803059783	0.7777311531227494	-0.2205001631921276	-0.1374491878729105	-0.5997597215127767	0.8983005450369929	0.8983005450369913	-0.04660277892160986	0.1745324819444647	0.2875542529347654	0.1397239006660983	0.5072422016628344	0.2568017791353461	0.5338866128123676	-2.186978548067509	0.0259394724249027	-0.2343358731785089	0.8705451832674659	-2.118494499331132	-2.118494499331142	0.4592579723437993	-1.887261250680045e-05	-0.551412833351365	-0.1774396945956806	-0.1372409792514807	-0.00431702476571515	0.01805126207316693	-0.2970570035964436	0.02845522407582231	-0.001068654780604433	0.1903699327467565	-11.46795987742743	-31.41480388515768	-4.908421268644122	-0.001964422923814114	-4.567944118264688	-606.9481339172237	64.51539585634632	0.0460571880762912	0.5657799413685181	-0.8376103882985048	-0.3892199618243754	-0.2224458985538501	-0.5498544396022911	1.622403970894721	-0.7049808434309346	-0.7049808434309455	0.4184468636584913	-0.02006582573927997	-0.5101449815323508	-0.35612871108817	1.645150126508395e-07	1.404860830856842e-07	-9.9895976219387e-07	1.412103579899452e-06	2.197353197232026e-08	3.312535966648524e-07	-7.268868890106458e-07
1.55	-0.07089403127755559	0.03609131450563489	0.8318812669587359	0.7558442357659454	-0.2202527301041641	-0.1398200410154315	-0.5909750492119895	0.8770831480112717	0.877083148011263	-0.04198805550060104	0.1745325141283716	0.2820152770514839	0.1379308245715685	0.5075297970752244	0.2623311002231862	0.5252039216675158	-2.190093354504376	0.02354153888220626	-0.2398248346204493	0.8862401893890625	-2.124669915210398	-2.124669915210401	0.4636517420267554	1.354038524577816e-05	-0.5562830587848365	-0.181130773830797	-0.1296345274294923	-0.005642690060191437	0.0178997537913793	-0.2930533336177799	0.03001581388684548	-0.002034152983549602	0.1833200859716745	-12.57213310518784	-30.66439357167009	-5.064116021959387	-0.1281802741116355	-4.525483722522102	-602.0722187801861	64.01766020836199	0.007325678682450766	0.539588084833141	-0.8995517252754475	-0.2258623646818211	-0.2492422214765327	-0.5466719749238348	1.520685807644098	-0.5266062285476821	-0.526606228546674	0.4444255537365576	0.01331500103455267	-0.4605194618423711	-0.3689586633390756	1.643732904097139e-07	1.195732602413248e-07	-1.20050663563748e-06	1.224715355301086e-06	5.236079133058436e-08	3.309717830784712e-07	-8.57670172525114e-07
1.56	-0.06581942587570247	0.03874111922365049	0.8370872360505056	0.7339355200687618	-0.2200294313794951	-0.142245434768061	-0.5820378994750157	0.8558134399730742	0.8558134399730761	-0.037330477676142	0.1745325544699217	0.2764305872863503	0.1361021654579645	0.507305990922097	0.2675836170046747	0.5158831006147833	-2.191338216143806	0.02111259976555003	-0.2452439951997481	0.9010406705047379	-2.128956701824594	-2.128956701824591	0.4678288530346085	-1.724107691929781e-05	-0.5605556097218205	-0.1845562984105419	-0.1220280756074975	-0.006968355354671574	0.01774824550967996	-0.2890496636391056	0.03157640369786753	-0.002999651186503304	0.1762702391965986	-13.66901883678409	-29.91352717138372	-5.216931426834782	-0.2580534154389181	-4.493471600215674	-597.1926910643357	63.57864495458227	-0.05622312502720473	0.5104190800982548	-0.9652363698746745	-0.01523100233708241	-0.2286470133458854	-0.5358942670741043	1.443498969710479	-0.3272549904169942	-0.3272549904169934	0.3751151286379495	-0.03270471772261873	-0.3906100822348432	-0.3030177800139612	1.649559902318356e-07	9.983639249577389e-08	-1.399251611667076e-06	1.040421261345832e-06	8.201906756964596e-08	3.298594669329338e-07	-9.766703890034637e-07
1.57	-0.06074963803004982	0.04144198362385634	0.8421968980611331	0.7120237900827538	-0.2198304902241141	-0.1447254233469858	-0.5729574015241329	0.8345103229066893	0.8345103229066981	-0.03263287302618815	0.1745324226855146	0.2708062111012999	0.1342407300523465	0.5065643308891261	0.2725343348312646	0.5059515802242646	-2.190683769383073	0.01867178521276316	-0.250749350603766	0.9148896169080726	-2.131337800907003	-2.131337800907001	0.4716494660155522	-8.394958513516742e-06	-0.5642155314264365	-0.1876848615695496	-0.1144199238881863	-0.008230715198971514	0.0176041724017405	-0.2853294886047659	0.03326482552966479	-0.004191760343383617	0.1692329116011807	-14.75373686505957	-29.16696351435342	-5.488328911271579	-0.3468482471637113	-4.411699295419597	-592.6950112369408	62.98159669988348	-0.09622066752436145	0.4791843667308379	-1.021702772416549	0.1543915990072515	-0.2523971257495244	-0.5569641972412458	1.330197061073848	-0.1442342456140666	-0.1442342456142534	0.3789134760992244	0.01789682860821112	-0.338008104400022	-0.3110664081051219	1.664442176330164e-07	8.156946862373342e-08	-1.594494215929154e-06	8.599948306944694e-07	1.107661149097044e-07	3.277090225884513e-07	-1.080941771686665e-06
1.58	-0.05568988342974406	0.04419071244888632	0.8472043262881003	0.6901283263811007	-0.2196560769041611	-0.1472602870839852	-0.5637434931921307	0.8131932554737882	0.8131932554738021	-0.02789838642776517	0.1745324228725569	0.2651483707212381	0.1323493508502863	0.5052993418524595	0.2771565019695028	0.4954363438827018	-2.188084959273192	0.01620703267979432	-0.2562190268148055	0.9277227467285633	-2.131746775127862	-2.13174677512786	0.4752052427275595	9.15323933225181e-06	-0.5672484487240536	-0.1905450576989937	-0.1068117721688689	-0.009493075043258985	0.01746009929377775	-0.2816093135704283	0.0349532473614654	-0.00538386950024377	0.1621955840057673	-15.82302756976778	-28.42008928043805	-5.757104061391376	-0.4389946386321502	-4.337959407923822	-588.1999712877323	62.43650240174934	-0.1608889257664058	0.4447089424279263	-1.0819795600835	0.3736416674925311	-0.2334346093822707	-0.5287584284784247	1.240335653141692	0.06716998189304896	0.06716998189304957	0.3221478748506685	-0.03096430183465873	-0.2652092008350085	-0.2493443741012432	1.673897456473896e-07	6.366366961700623e-08	-1.781342727857713e-06	6.644374022269818e-07	1.381726519685944e-07	3.231478929735503e-07	-1.163925020284998e-06
1.59	-0.05064541168617798	0.04698393654764777	0.8521038018643605	0.6682686371403722	-0.2195062132741614	-0.149850176088319	-0.5544065020192454	0.7918819288915552	0.7918819288915533	-0.02313036112539469	0.174532772287003	0.2594633793346691	0.1304310421816108	0.5035056687128111	0.2814248124345628	0.4843722419424865	-2.183517309701471	0.01376987808913618	-0.2617294327720749	0.9394893632053588	-2.130178000465435	-2.130178000465436	0.4783566060681202	4.250877409974909e-05	-0.5696419760200055	-0.1930618422839208	-0.0992613236449414	-0.01096640988644964	0.01730685390163122	-0.2781799241456884	0.03663543617908253	-0.006577118870396047	0.1552409680465665	-16.87446129254144	-27.70934613519452	-6.029744760019967	-0.5339008627390175	-4.205028575307851	-584.2006273450318	61.98882648616351	-0.2020080872938841	0.4084020981222963	-1.131542795553052	0.5486649474900771	-0.2483509656558255	-0.5575784989788967	1.116905948465392	0.2527787918026329	0.2527787918022315	0.3048583873287195	0.01777621515504011	-0.210174072048503	-0.2449071868099492	1.675987530653811e-07	4.624796864177564e-08	-1.956799257333639e-06	4.483450481518975e-07	1.6375992507447e-07	3.153151190630819e-07	-1.218017229768153e-06
1.6	-0.04562155698985342	0.04981794575097523	0.856890052964306	0.6464646920644583	-0.2193806202064168	-0.1524942485161517	-0.5449574284208882	0.7705964995726089	0.7705964995726186	-0.01833217662489659	0.1745329134034525	0.2537577027595259	0.1284891533298618	0.5011759324039696	0.2853135228827043	0.4727914486197684	-2.176936126310622	0.01135292022854852	-0.2670557115144515	0.950139231822831	-2.126567322467603	-2.126567322467607	0.4812370823554793	-3.250633023469201e-05	-0.5713854864388858	-0.1952610943137064	-0.09171087512100505	-0.01243974472963783	0.01715360850964926	-0.2747505347209325	0.03831762499670029	-0.007770368240548028	0.1482863520873724	-17.90633386446941	-26.99798481777641	-6.301265896903795	-0.6301410555375786	-4.07894598879813	-580.1981903224079	61.57861375930466	-0.26810155960506	0.3687889390442408	-1.185317836584058	0.7763484313180309	-0.2293952633680175	-0.4919329854994597	1.016986081277012	0.4755506489738816	0.4755506489738839	0.2679704642102795	-0.05263842965564101	-0.1352058254206506	-0.1858378630727331	1.703448572662661e-07	3.024640520709933e-08	-2.14946637538311e-06	2.367540519659894e-07	1.903417241103101e-07	3.074232242387954e-07	-1.271051824050875e-06
1.61	-0.04062367432383247	0.05268889620725759	0.8615580514718542	0.6247366282636914	-0.2192788191250673	-0.1551912654082293	-0.5354076126576631	0.7493573274547953	0.7493573274548043	-0.01350741750733824	0.174531923320378	0.2480379357243009	0.1265272848218455	0.4983087578134011	0.2888081470239358	0.4607343919769322	-2.168331748233259	0.009026487631680279	-0.2722943347846315	0.959624123716644	-2.120916349125689	-2.120916349125691	0.483650847902608	-0.0002118801629386026	-0.5724502215182421	-0.1970372907510984	-0.08414233701860148	-0.01388146346691746	0.01697927254191579	-0.2718752127441353	0.04042834964393382	-0.009174263302639013	0.1413969169649433	-18.9177480068226	-26.20341026589664	-6.670228658151273	-0.6873978392805395	-4.010954603664389	-576.7862986474173	61.08842467992527	-0.3098064429753442	0.3295830838691106	-1.226919809534366	0.9542118507750572	-0.2316218140503378	-0.5316525691889614	0.8842711775947872	0.6624473060732566	0.662447306073549	0.2181256255457548	-0.007597930360702911	-0.07436382379923626	-0.1626185536538048	1.768331792219188e-07	1.633069464474056e-08	-2.367519111578562e-06	3.180255866661633e-08	2.183904488928477e-07	2.994441260666273e-07	-1.322526435912959e-06
1.62	-0.03565721961055557	0.05559274969139356	0.866103275366694	0.6031049541146656	-0.2191997532809263	-0.1579390336472928	-0.5257689418886673	0.7281851803962514	0.728185180396268	-0.008660511529199517	0.174527737285363	0.2423110700433615	0.1245498327455389	0.4948903418551306	0.2918941284534229	0.4482365260780479	-2.157658195962716	0.006805872786650051	-0.2772059809112859	0.9679102329769118	-2.113162310612854	-2.113162310612855	0.485666454473003	-0.0006716968069526748	-0.5728052155818429	-0.1983778079717488	-0.07657379891618567	-0.01532318220420966	0.01680493657424405	-0.2689998907673299	0.04253907429116384	-0.01057815836475067	0.134507481842527	-19.90851610450607	-25.40698309044944	-7.038266989869089	-0.7454878325352592	-3.950051144468395	-573.3576745959292	60.62246633267088	-0.3783498331455269	0.2870603966954049	-1.273479687793678	1.190183269953704	-0.2082317130004744	-0.4265375567944788	0.7772295545680078	0.8961636831577963	0.896163683157789	0.1883386688635527	-0.1087269919175076	0.006742377730500513	-0.09870201972447203	1.780005674113154e-07	2.712937377945385e-09	-2.50948852165411e-06	-1.703845380416304e-07	2.389775829032639e-07	2.849486360604341e-07	-1.324273592881642e-06
1.63	-0.03072769116374947	0.05852530417157682	0.8705214546460613	0.5815904571453223	-0.2191421672372357	-0.160734567060913	-0.5160535755985705	0.7071010610423515	0.7071010610423373	-0.003795977355760871	0.1745176600482101	0.2365841686784184	0.1225613892694586	0.4909285054804975	0.2945369714237899	0.4353394948287211	-2.144890015419445	0.004727447958523476	-0.2818269321316118	0.9749417999944637	-2.103304852894945	-2.103304852894981	0.4871862095182042	-0.001388335141090008	-0.5724638918189967	-0.1992479215501997	-0.06922645766080497	-0.01707369318942217	0.01655238323359355	-0.2661718084119005	0.04409866884659534	-0.01173890485834339	0.1278309441499833	-20.87921794873477	-24.8146958537537	-7.309349351340829	-0.849989526579513	-3.687291937994681	-570.5739807901567	60.44421834433064	-0.4181340833575597	0.240977436492846	-1.306741266205299	1.372805508334994	-0.205541263502249	-0.4686913921612493	0.6329365181425114	1.084009720514983	1.084009720509655	0.1252723664475324	-0.05994369496474965	0.06459350280182141	-0.07218065838429373	1.706264566601438e-07	-1.042652644070795e-08	-2.529324171379296e-06	-3.681340507483278e-07	2.475869001479067e-07	2.599926223206755e-07	-1.246195098574083e-06
1.64	-0.0258403877894377	0.0614819033193208	0.8748088783283948	0.5602141759937764	-0.2191049441209847	-0.1635740734842368	-0.5062745303897392	0.6861262108464895	0.6861262108464841	0.001082050056927549	0.174499054139514	0.2308640337765515	0.120566041731298	0.4864453273564525	0.2967030619655686	0.4220854066712665	-2.130015032403327	0.002733287299053341	-0.2860005828523288	0.9806460167237649	-2.091308479000737	-2.091308479000808	0.4883651023273727	-0.002377431107342275	-0.5714519229665446	-0.1997586203878072	-0.06187911640540952	-0.01882420417462396	0.01629982989320085	-0.2633437260564505	0.04565826340202932	-0.01289965135192494	0.1211544064574496	-21.82847832676683	-24.22103381106125	-7.582338459488892	-0.9517347165168057	-3.430778203857504	-567.7750591083525	60.27048702536617	-0.482618183027946	0.1917099109777701	-1.344891069419233	1.611543764522801	-0.1913788792692612	-0.3370774568728345	0.5117594969178544	1.323946918417623	1.323946918417633	0.1201662216570099	-0.1632185183403197	0.1408713956517342	-0.02681907155585365	1.686835422474697e-07	-3.55909875046908e-08	-2.666669296885234e-06	-6.73288139282054e-07	2.782187039926536e-07	1.969340735714344e-07	-1.180895391870944e-06
1.65	-0.02100079387534081	0.06445777628391876	0.8789620580115899	0.5389976433326048	-0.2190869430217292	-0.1664544991495737	-0.4964449183423295	0.665282230534165	0.6652822305340683	0.00596870191832524	0.1744701650213541	0.2251576427905967	0.118567894335545	0.4813862054625394	0.2983917596708667	0.408505057449096	-2.112938523464681	0.0008776362804167963	-0.2899865148152461	0.9850395329973077	-2.077117436184818	-2.077117436184891	0.4889253418942252	-0.003443352864294304	-0.569704644066702	-0.1998169407756533	-0.05435243343418268	-0.02030010434194519	0.01598443270513547	-0.2613789745206208	0.0482570023087363	-0.0145046775941685	0.1144646282007145	-22.7434341972385	-23.36503491873565	-8.047519484615565	-0.9712388539064148	-3.399506306865979	-565.6135649358237	59.8318103615028	-0.530657420229517	0.1455625689630718	-1.371431323492102	1.808633623861314	-0.1815941348539663	-0.4146241936850958	0.3676187284322802	1.522168814453574	1.522168814453348	0.01741427326188925	-0.08503065118742681	0.2100180587319125	0.01206237239501239	1.762452214271676e-07	-8.179919374800163e-08	-3.009656005007508e-06	-1.166400235513089e-06	3.473898593875857e-07	6.719608855559428e-08	-1.137958563475542e-06
1.66	-0.01621441082571435	0.06744815879930116	0.8829780693075879	0.5179624615938854	-0.2190872856169998	-0.1693718387600779	-0.486578476925012	0.6445912578201625	0.6445912578201286	0.01085964846509589	0.1744292663563582	0.2194723969779578	0.116570643914872	0.475803154462376	0.299604972122456	0.3946517292318787	-2.093744847912997	-0.0009354516059319066	-0.2933833718855408	0.9880118907052432	-2.060706959317915	-2.060706959317989	0.489224039423593	-0.004779340493848944	-0.5672228883036042	-0.1995792253717418	-0.046825750462952	-0.0217760045092977	0.01566903551813688	-0.2594142229847254	0.05085574121543186	-0.01610970383647869	0.1077748499439839	-23.61769197640642	-22.51340882752014	-8.515389467370779	-0.9881175191553377	-3.35493973156153	-563.5261904487761	59.37888925097727	-0.5874040042780143	0.09661286023605614	-1.399486868428578	2.034977087130145	-0.182866252811817	-0.2192624783483497	0.2275277837963909	1.76783372861446	1.767833728614455	0.06785781416011773	-0.2172316928607969	0.2877667683027614	0.0323880867956696	1.700796481032619e-07	-1.360285947570285e-07	-3.276240372966698e-06	-1.792544713377731e-06	4.109123679290215e-07	-8.127708769332996e-08	-9.833831212176839e-07
1.67	-0.0114866879891678	0.07044818193079749	0.8868542814068232	0.4971304283108679	-0.2191046248797756	-0.1723222430966285	-0.4766893209180774	0.624075594771475	0.6240755947714722	0.01574929190136239	0.1743744799791539	0.2138159061279544	0.1145786333788212	0.4696565824010385	0.3003098227722635	0.3805593648541036	-2.07229405611937	-0.002517777176136123	-0.2965897456784127	0.9895671239709937	-2.042043900733424	-2.042043900733421	0.4886505755317594	-0.006214062733673188	-0.5639555040209897	-0.1987694923219852	-0.03951265497473925	-0.02370600548822286	0.01514444856874045	-0.2573388157761297	0.05280178313032733	-0.01708927036406795	0.101311390484838	-24.44626044700518	-21.86555807325126	-8.701130054558217	-1.102714868290744	-3.156641938620353	-562.0199714511195	59.53205908395886	-0.6410281828454677	0.04404632026854988	-1.418888144478605	2.255259083527039	-0.1445837343503121	-0.3553794360729813	0.08169309134482734	1.97278122874047	1.972781228752037	-0.1287482108614193	-0.1126367062217605	0.3643258128073604	0.1123374693497278	1.376707979342306e-07	-2.0559263281816e-07	-3.396761443555282e-06	-2.673015803188986e-06	4.636359927799497e-07	-2.655675412996223e-07	-6.153809171639446e-07
1.68	-0.006822979748391117	0.07345257859937501	0.8905886144778753	0.4765239287173978	-0.2191375210032957	-0.1753015220923754	-0.4667921781798082	0.6037580101697083	0.6037580101697365	0.02063144075469426	0.1743041375361989	0.2081957094316925	0.1125961344843245	0.4630002353083546	0.3004796795386887	0.3662759235952563	-2.048638110003817	-0.004046823755337509	-0.2991583037239442	0.989609236971963	-2.021091269933971	-2.021091269933891	0.4877251228396826	-0.007890553640635721	-0.5599640575557137	-0.1976768970608701	-0.03219955948652403	-0.0256360064672228	0.0146198616193805	-0.2552634085675263	0.05474782504520194	-0.01806883689176984	0.09484793102570857	-25.22435153242713	-21.22642945642711	-8.896770205300014	-1.20617015750865	-2.925882075724296	-560.6324349248234	59.60182843482051	-0.6893590105473616	-0.01038591644039225	-1.437702244643	2.476007951515222	-0.1722104546112788	-0.09169932888034001	-0.07509626915986167	2.225748171606849	2.22574817160687	-0.002539945888521321	-0.2655854262884406	0.4325792048350688	0.08896052906736779	1.080215202482359e-07	-2.491986450375057e-07	-3.351202427028456e-06	-3.239286018791788e-06	4.841112285343555e-07	-3.967550453836456e-07	-2.881070880526623e-07
1.69	-0.002228507776493841	0.07645591853300451	0.8941792748507057	0.4561654300959897	-0.2191850489250259	-0.1783033649743647	-0.4569021180764255	0.5836616362462353	0.5836616362462473	0.02550171148876626	0.1742157119025523	0.2026191957427222	0.1106265217748017	0.4558092536913909	0.3000913684711574	0.3518386959338453	-2.022672357556937	-0.005418239264105696	-0.301187761786745	0.9881431187445554	-1.997790401928287	-1.997790401928222	0.4861627147409533	-0.009769961391533502	-0.5552081294805459	-0.1961551232599097	-0.02508416082610139	-0.0260817924237285	0.01384765455301103	-0.2531073404565806	0.05663710961294492	-0.01971529624205125	0.08862104090558279	-25.94753542350936	-20.69024175357152	-9.44436523635868	-1.202914540392228	-2.615092587752416	-559.8242625766032	58.91092270265784	-0.7467202077016486	-0.0675136537207687	-1.449437422402708	2.715217417076467	-0.1142981393426188	-0.2554489600183809	-0.2213193435488473	2.441209537350664	2.441209537348418	-0.2586178991655968	-0.1460008705901189	0.516791831965811	0.1965741114040501	8.415009744859903e-08	-2.384550406506129e-07	-2.957913228103744e-06	-3.147698154020647e-06	4.370663996179184e-07	-4.167582489054188e-07	-4.610829397714894e-08
1.7	0.002291503885147395	0.07945248336559643	0.8976250220678192	0.4360782607042125	-0.2192452292099099	-0.1813248784199907	-0.4470345091041196	0.5638100616872814	0.563810061687275	0.03035125281038891	0.1741091157071651	0.1970941797791259	0.108674684464447	0.4481081732572002	0.299124659331168	0.3372932924519258	-1.994372264077975	-0.006577296386184225	-0.3030924164510845	0.9851190107564435	-1.972131397030541	-1.97213139703049	0.4835792403502094	-0.01152466598641623	-0.5496645124810511	-0.1941218172272041	-0.01796876216566458	-0.02652757838026351	0.01307544748661421	-0.2509512723456308	0.05852639418068024	-0.02136175559237447	0.0823941507854756	-26.61184507915221	-20.16315155255231	-9.999853737553456	-1.191203101072181	-2.272355799496613	-559.1577459866184	58.1381017525357	-0.7913787739928203	-0.126065530931985	-1.459337408744692	2.942876157931468	-0.1297387772733576	-0.06673864918810105	-0.3866942213007305	2.697375550019573	2.697375550019544	-0.2067532042914252	-0.2406447950854209	0.5901169897005032	0.1912669754164097	7.863551085385148e-08	-1.843790175168587e-07	-2.458633182439726e-06	-2.494427632242459e-06	3.541104602314764e-07	-3.131667626567679e-07	-4.301737154142774e-08
1.71	0.006732136693619711	0.08243659230087941	0.9009249730655412	0.4162850182702179	-0.2193175710756748	-0.1843595397548736	-0.4372053101020907	0.5442269504709051	0.5442269504709453	0.0351757725937587	0.1739830491158045	0.1916281112251505	0.1067431988696615	0.4399165463568301	0.2976083328646496	0.3226930163741849	-1.963872406913154	-0.007842393431555725	-0.3038380588333066	0.9804581613724915	-1.944091226101107	-1.944091226101049	0.4811090503570516	-0.01364947953273742	-0.5433996080770143	-0.1920684081086088	-0.01032064337931183	-0.02906691243813958	0.01223729476013934	-0.2502609227052708	0.06186210751401894	-0.02182123548259217	0.07594752017074806	-27.21383070968297	-19.12674434912699	-9.9090758447217	-1.330022429751093	-2.430981968253839	-559.1542355819538	58.92176947067055	-0.8483281476647744	-0.1777214675172302	-1.460885744185046	3.16412000392561	-0.117585942437123	-0.07801822546223329	-0.5451745384910162	2.917252552032013	2.917252552033212	-0.2996310683570017	-0.1923736369311297	0.6671502199381901	0.2283260904326141	1.153416475303514e-07	-3.063843126531855e-08	-1.715574189275289e-06	-5.492869993480034e-07	1.8855896676402e-07	7.469251006387146e-08	-5.894145538772531e-07
1.72	0.01108779853316768	0.08540287691889605	0.9040788186951066	0.3968088903095088	-0.2194011020667425	-0.1874015657521256	-0.4274305984422098	0.5249362239013896	0.5249362239014164	0.03996909464289175	0.1738369395884125	0.1862291863260527	0.1048354370081321	0.4311139794722341	0.295559795877901	0.3080722188205955	-1.930949369421606	-0.008815121447639232	-0.3045653489244411	0.9742215423265971	-1.913654467666602	-1.913654467666535	0.4773396935027323	-0.01553325318007673	-0.5362357815056609	-0.189377070575954	-0.002672524592935855	-0.0316062464960522	0.01139914203319524	-0.2495705730649148	0.06519782084734954	-0.02228071537285906	0.06950088955604905	-27.75063955911398	-18.09727193138989	-9.821376282455224	-1.466222622915399	-2.593771078119345	-559.2467918081566	59.7569490373825	-0.9135667708380328	-0.2325076349779897	-1.463441703914388	3.427512223276906	-0.07126497141572828	-0.06306819097059198	-0.7018481536892411	3.176693051033976	3.176693051033984	-0.4665865765237104	-0.1924368152890347	0.7699014231638319	0.3188526582283138	1.459598994166756e-07	1.034410446630211e-07	-1.07270170025995e-06	1.154094859803229e-06	4.400111044575933e-08	4.381366745728365e-07	-1.101396478016428e-06
1.73	0.01535292047648706	0.08834596021064185	0.9070865760078561	0.3776731243692268	-0.2194942245698406	-0.190446696117204	-0.4177268342794432	0.505961624255526	0.5059616242555534	0.04472278952172598	0.1736710981273953	0.1809057712896716	0.1029556586535174	0.4218165036745379	0.2929608441207477	0.2934881490015337	-1.895796465689422	-0.009789913939051367	-0.3043678351816286	0.9662479667577929	-1.880850602865527	-1.880850602865469	0.4732625302196259	-0.01763243766707869	-0.5283080214429717	-0.1865187957985315	0.004818129621725223	-0.03318094272958674	0.01064141024798766	-0.248963743002499	0.06850274060864868	-0.02372288086936018	0.06324192080648929	-28.22343440353039	-17.1903976785367	-10.22788487790571	-1.47113185086328	-2.567669310518414	-559.9808977177025	59.68288321780008	-0.9519159801651391	-0.2880146311327441	-1.454361427126626	3.620306896860575	-0.1072202252817255	0.07554923239414311	-0.8876107788329504	3.394427523319314	3.394427523318054	-0.3986537336358497	-0.2177221416453638	0.8250830405271603	0.2785857076233976	1.61141014870769e-07	1.876655622718174e-07	-6.838735610512489e-07	2.244445542677005e-06	-4.732288024418379e-08	7.396711004021986e-07	-1.526111140299812e-06
1.74	0.01952225206264248	0.09126016884780633	0.90994879826117	0.3589011129560007	-0.2195964217653049	-0.1934869737297575	-0.4081113055764351	0.4873275021234302	0.4873275021234267	0.04943163826183852	0.1734844522462178	0.1756658078024599	0.1011063172107016	0.4119559080396593	0.2897848649616393	0.2789652069334952	-1.858198464010374	-0.01063005992155118	-0.3035947984193361	0.9565744503747123	-1.845558964917448	-1.845558964917398	0.4683704657592567	-0.01969413720365875	-0.5195454716720549	-0.1832896882161453	0.01230878383638282	-0.03475563896318596	0.009883678462539814	-0.2483569129400834	0.07180766036993066	-0.02516504636594867	0.05698295205694186	-28.63683143777035	-16.28086531917065	-10.62949589251403	-1.481886192486302	-2.587218241739739	-560.70396122098	59.7374158086588	-1.026190738274523	-0.3479131153689677	-1.451216153709729	3.91653181264987	-0.04433566963325612	0.05203641292539529	-1.041836316544525	3.674247680434661	3.674247680434731	-0.6295668119762423	-0.1849398252046536	0.9368593648093857	0.393019219221026	1.73387995791772e-07	2.457592278391464e-07	-4.471541058536996e-07	2.987548386539603e-06	-1.077170562596702e-07	9.611050599116718e-07	-1.840604103477244e-06
1.75	0.0235904642627773	0.09413969405393328	0.9126662724199228	0.3405169629352162	-0.2197062881098843	-0.1965171840701187	-0.3986013499687339	0.4690585591321779	0.4690585591321781	0.054087024586503	0.1732778329792688	0.1705175718999133	0.09929118409604044	0.4016022248499659	0.2860200378357086	0.2645520195117245	-1.818223846015189	-0.01133526341573242	-0.3023197618514616	0.9451227967295803	-1.807803109533267	-1.807803109533259	0.4625940389104824	-0.02162733166742423	-0.5099653421067841	-0.1796968058007949	0.01957400329596609	-0.03679800653789748	0.009219798699178126	-0.2478491180170935	0.07470889684893407	-0.02654307155323214	0.05097945274248201	-28.99319641597916	-15.54633913951836	-11.02066673727211	-1.509411048313926	-2.428422124846972	-562.1458052347925	59.95584066985597	-1.052599975812746	-0.4058005221261907	-1.432819828669734	4.099099677593657	-0.08209279185172563	0.1847758029034842	-1.240911053905161	3.890196950565864	3.890196950559619	-0.5685330668643594	-0.1966901791081562	0.9890482877829014	0.34862577762645	1.773968297544824e-07	2.304855011361981e-07	-6.375090326874823e-07	2.755686143947688e-06	-8.126982953533156e-08	9.576415562922134e-07	-1.845628449934099e-06
1.76	0.02755261105771495	0.09697856438661667	0.9152403247460063	0.3225447936713133	-0.2198229025099138	-0.1995307363399637	-0.3892147271305649	0.4511799631913977	0.4511799631914058	0.05868127615356781	0.1730520455832464	0.1654692290000992	0.09751322041051962	0.3907428270004377	0.2816538902729249	0.2502808403996	-1.775802312634366	-0.01197967101155159	-0.3002631843161874	0.9319078964681448	-1.767489554822844	-1.767489554822876	0.4561435142402586	-0.02352776301701483	-0.4995668711256346	-0.1758558023880693	0.02683922275556844	-0.03884037411263083	0.008555918935787532	-0.2473413230940963	0.07761013332793279	-0.02792109674054534	0.044975953428043	-29.29551162551705	-14.80549213589038	-11.40799450908517	-1.540675659175283	-2.31938538340621	-563.5212498927104	60.27943926660359	-1.127333670241496	-0.4681772027395144	-1.422814491780491	4.405914889777544	-0.03217648996084457	0.2083446064053344	-1.394485639805235	4.185787545683235	4.185787545683433	-0.7643863762661367	-0.1783872023696727	1.100527647985157	0.4426434186960623	1.825057819449958e-07	2.162766854584718e-07	-8.328721403087172e-07	2.529386191856016e-06	-5.503861983344236e-08	9.555806726277437e-07	-1.850344618400611e-06
1.77	0.03140389542442208	0.0997707426779741	0.9176725488309542	0.3050087345901106	-0.2199454591976896	-0.2025206423295259	-0.3799694809060657	0.4337170048494849	0.4337170048495209	0.06320683890477351	0.1728079821516361	0.1605288820147634	0.09577516520557551	0.3794291854945442	0.2766786375231236	0.2361986068270738	-1.730990723744725	-0.01252082624862081	-0.2975767456854894	0.9168356407326106	-1.724670024097533	-1.724670024097555	0.4488411375218281	-0.02528126224688238	-0.4883676320239342	-0.1717137851589901	0.03409333207002544	-0.04085285584886031	0.007946389737234112	-0.2473085523792147	0.08072239348110986	-0.02969060922867946	0.03906749164907449	-29.54731512600423	-14.07296090943802	-11.98168832865375	-1.525222350077074	-2.136504301999931	-565.6369854861322	60.37623394291244	-1.14610925367195	-0.5276708034155224	-1.395541312580541	4.581611779188402	-0.06325087067598532	0.3203587493265985	-1.609451695303117	4.394809714586404	4.394809714587792	-0.7323739810301909	-0.1728948807423991	1.149876323427455	0.4062649497443875	1.910526035973939e-07	2.053957167345643e-07	-1.04388581289074e-06	2.320468397577602e-06	-2.948246332670767e-08	9.57902976322613e-07	-1.854097730647302e-06
1.78	0.03513949740348732	0.1025100741433704	0.9199650278756585	0.2879333575759275	-0.2200730606038515	-0.2054793708811939	-0.3708841284698965	0.4166951965905928	0.4166951965905956	0.06765553575651471	0.1725465710081635	0.1557045782768794	0.09407978698786822	0.36760634947231	0.2710845250807112	0.2223318323508695	-1.683665899229841	-0.01298861468950562	-0.2940276967378045	0.8999291388020532	-1.679259538226963	-1.679259538226977	0.4407703343474571	-0.0269973053746263	-0.4763582216356353	-0.1673204049406926	0.04134744138445221	-0.04286533758515883	0.007336860538245029	-0.2472757816643399	0.08383465363426613	-0.03146012171690319	0.03315902987010022	-29.75252988491701	-13.3293334889302	-12.55064167683039	-1.513721735653818	-2.00712605097279	-567.6211378713125	60.55670247766852	-1.229172573509702	-0.59194914126169	-1.379722672516098	4.908562014825944	-0.01750313072394048	0.380866669802685	-1.761334878809896	4.703978574735235	4.703978574735088	-0.9180716674542229	-0.170895981944944	1.262561905304894	0.4929160165396938	2.005746076492626e-07	1.950463527672316e-07	-1.26184513194022e-06	2.108107770457222e-06	-3.700029812888309e-09	9.583550528766937e-07	-1.853338647746931e-06
1.79	0.03875467024625484	0.1051904671154934	0.9221200855393571	0.2713432030236967	-0.2202048101029174	-0.2083994897437923	-0.3619774426490163	0.4001401616259163	0.4001401616259263	0.07201889185962553	0.1722691587277966	0.1510044790664457	0.09242985998276688	0.3553432895586107	0.2648997475204037	0.2087249791937379	-1.633950742815988	-0.01335654921777694	-0.2898558760498915	0.8810970120369245	-1.631307650213855	-1.631307650213861	0.4317731277774925	-0.02845899796259801	-0.4635155471912348	-0.1626293579238794	0.04887999108011222	-0.04569856138269311	0.00674713942391769	-0.248463011751007	0.08818158220202295	-0.03325816725424801	0.02717370206179917	-29.91540632395652	-12.23661257928841	-13.08492088360246	-1.491690483999113	-2.161386363460563	-570.3452251842127	61.03700544056972	-1.237616103539284	-0.6458815207900771	-1.34418533683979	5.065142177840933	-0.04565738801355518	0.4567021859187838	-1.990803575940188	4.906719822215978	4.906719822217138	-0.9098399938684316	-0.1295720513144213	1.317072093421236	0.4624793536289226	2.135097500992786e-07	1.865576054479109e-07	-1.504114213625798e-06	1.883697228389965e-06	2.28743732257274e-08	9.522613344380157e-07	-1.836786881831847e-06
1.8	0.04224466380923522	0.1078061844205383	0.9241404709315786	0.25526262998024	-0.2203400827020941	-0.2112736179159848	-0.3532684084959021	0.3840778307229047	0.3840778307229107	0.07628841692862881	0.1719779762907073	0.1464371969763383	0.09082789950970901	0.3425704935153457	0.2581493916650904	0.1953973780554808	-1.581749597475097	-0.01369323471144026	-0.2848295586566497	0.8603988052487634	-1.580718725896051	-1.58071872589605	0.4220041275234945	-0.0297513367142128	-0.4497947975702904	-0.157727098531994	0.05641254077579212	-0.04853178518022697	0.006157418309435111	-0.2496502418376696	0.09252851076978066	-0.03505621279158844	0.02118837425351755	-30.04036655164762	-11.12803943063857	-13.61520007011621	-1.471696869069107	-2.367745523217633	-572.8615941246071	61.57215821681335	-1.331119799422901	-0.7050648002627834	-1.323872268741187	5.40575980023326	-0.01125332380233573	0.5517660108684427	-2.134550883416388	5.231385835674476	5.231385835674339	-1.072430404260871	-0.137025214673542	1.438176940613688	0.5351584915541406	2.149000868079829e-07	1.767471824423844e-07	-1.629619795580016e-06	1.668825377352465e-06	3.891461642069258e-08	9.500694359273239e-07	-1.776144455438962e-06
1.81	0.04560479994569015	0.110351365991533	0.9260291153033309	0.2397163115476057	-0.2204781005817417	-0.2140930954958562	-0.3447761305382844	0.3685343355762966	0.3685343355762938	0.08045536280111366	0.1716742323658581	0.1420112896581792	0.08927655972537824	0.3293837149320998	0.2507714739931753	0.1823851409518342	-1.527069596899752	-0.01388910574897535	-0.278953307418786	0.8377330145878368	-1.527524466929084	-1.527524466929084	0.4111983222061847	-0.03093923856327726	-0.4352562779788726	-0.1524894545364154	0.06303323298078872	-0.05011217352755757	0.005572435785219251	-0.2494135141128087	0.09433893221987975	-0.03721543620037024	0.01584744471827568	-30.13191076457208	-10.9101216358938	-14.4319609263694	-1.436098815174054	-1.740239726539996	-576.0522518950568	61.44378600233761	-1.323419359963594	-0.7714740468110501	-1.281657911379324	5.565798961769739	-0.02047788606984306	0.6226993942639321	-2.381158910482572	5.431794498567918	5.431794498567839	-1.112714082213282	-0.100696894665897	1.481267290715073	0.5257767212799728	1.706884408385066e-07	1.61716140476345e-07	-1.293909553595369e-06	1.491631355882501e-06	1.334492823323843e-08	9.632897261321784e-07	-1.541343920158769e-06
1.82	0.04883087580187354	0.1128193046265774	0.9277892856080058	0.2247301288758425	-0.220617421950233	-0.2168503816205457	-0.3365202236378865	0.353536452733632	0.3535364527336233	0.08450863892308295	0.1713604045775814	0.1377346831003958	0.08777913825454729	0.3157584374613308	0.2427008044750353	0.1697025646400329	-1.469722445301025	-0.01395393248014016	-0.2723912676201776	0.8131245938048408	-1.471596265107713	-1.471596265107713	0.3992701774189846	-0.03176810939806101	-0.4199346454950853	-0.1469434358320262	0.06965392518580357	-0.05169256187488535	0.004987453260951271	-0.2491767863879373	0.09614935366998346	-0.03937465960914571	0.01050651518304538	-30.19448827095596	-10.67105814796297	-15.24428128162219	-1.402052587342918	-1.168134094092319	-578.9601991485418	61.34328829503804	-1.418819576927603	-0.8436151695077309	-1.257940110372129	5.939190004909665	0.01495553747171307	0.6889237230173948	-2.523076907830288	5.778174406555158	5.778174406555332	-1.296898298238957	-0.06521901181738321	1.594799519087627	0.5968334333162626	1.355765430006249e-07	1.566694802930627e-07	-9.824829006420619e-07	1.478627398975744e-06	-1.467326089682452e-08	1.026047712377254e-06	-1.433257756474941e-06
1.83	0.05191902923987223	0.1152033826166122	0.9294244437860391	0.2103290708769396	-0.2207578643655744	-0.219535945435374	-0.3285208448958887	0.3391105597026829	0.3391105597026952	0.0884402614334099	0.1710382888242341	0.1336147915511421	0.08633709218507676	0.3017824216680702	0.2340257120684971	0.1573884521007761	-1.410053700504927	-0.01411173692085511	-0.2646133528216563	0.7864227733668488	-1.413126688370482	-1.413126688370488	0.3868485786787604	-0.03258875707483451	-0.403883311715521	-0.1414023087585808	0.07737460426063997	-0.05525820279182813	0.004392951465911578	-0.2519851690883908	0.1017422510863577	-0.04142364350540947	0.004534474976066874	-30.23154424991298	-9.249353119270275	-15.84804534049398	-1.34826387028768	-1.578513409122524	-582.5977651497489	62.06716673364899	-1.400480904054676	-0.8928357831009029	-1.208929409013184	6.04604511330429	-0.02733613664238902	0.8388954035969215	-2.792991795972037	5.949667952368304	5.949667952367137	-1.245502752416855	-0.08005068137019544	1.634334906323232	0.5425112395983986	1.414135117549155e-07	1.96552538132183e-07	-7.803323983297759e-07	2.204478732603357e-06	-5.370970426862622e-08	1.311725330803303e-06	-1.89538626497471e-06
1.84	0.05486472485523037	0.1174980337812067	0.9309383043220173	0.1965377660052641	-0.2208991223656828	-0.2221403960931531	-0.3207983357951092	0.3252830261681341	0.3252830261681466	0.09224152553827208	0.1707100539869309	0.129660220259469	0.08495240916538867	0.2872668729336382	0.2248154393869772	0.1454430362290324	-1.347771819855055	-0.01411704943355008	-0.2561686362100348	0.7577506655613231	-1.351924365830804	-1.351924365830819	0.3731984963184233	-0.03299192618212026	-0.3868705939786612	-0.1354708258755446	0.08509528333546823	-0.05882384370874483	0.00379844967067138	-0.2547935517888498	0.1073351485027369	-0.04347262740163467	-0.001437565230919601	-30.24408712438841	-7.800620207744402	-16.44727517203448	-1.294971739631415	-2.079203142481435	-585.8707975646582	62.89451182928512	-1.526726165161956	-0.9506512245040312	-1.184200776869524	6.46181717566422	0.04545392307571476	0.8222840856374095	-2.917134381337095	6.324723567044401	6.32472356704444	-1.542595022261561	0.01827670208019128	1.787076310546766	0.6749045952344079	1.422513784910533e-07	2.264351997495688e-07	-5.934590348370909e-07	2.761229128894579e-06	-8.598768703840302e-08	1.541119580726035e-06	-2.243186964664883e-06
1.85	0.05766307890927822	0.1196977830941175	0.9323346498963814	0.1833818025551171	-0.221039555203503	-0.2246568116946712	-0.3133728743270388	0.312080781319115	0.3120807813191221	0.09589994111792204	0.1703794918009782	0.1258802734152186	0.08362905338995504	0.2723316143728113	0.2150319681517633	0.1338894600327376	-1.282992488467766	-0.01398102991055076	-0.2469327145492001	0.7270002887784176	-1.288072663767392	-1.28807266376738	0.3583642518718085	-0.03308659492276331	-0.368990722970207	-0.1291928181043849	0.09198963605770064	-0.06164438405784229	0.003343492743561422	-0.2566324417578114	0.1110128161123861	-0.04595688045720525	-0.006827585035349312	-30.23508598167659	-7.040683627109221	-17.340326257663	-1.212906090051108	-1.893786857158972	-589.7329606566366	63.11191894555451	-1.48779130923823	-1.007579493069179	-1.131143869225422	6.550253553439138	-0.003742880544886407	1.001856999336746	-3.205190217935272	6.483165434976336	6.483165434980243	-1.471760847019447	-0.01787265153050777	1.807631603423167	0.6055710363586163	1.171564035080234e-07	2.044408059667072e-07	-4.858358289710854e-07	2.440768412753278e-06	-8.320615543517595e-08	1.478543856537815e-06	-1.99791215615528e-06
1.86	0.06030990725617748	0.1217966208106682	0.933617418143139	0.1708864849054791	-0.2211789116155831	-0.2270753459209771	-0.3062651568050318	0.2995306078725152	0.2995306078725358	0.09940642991487438	0.1700490761297622	0.1222829631025378	0.08236874212589339	0.256961731504185	0.2046331201149654	0.1227275707077106	-1.215642659753367	-0.0139017642858326	-0.2365923611671572	0.6942018763487943	-1.221510085344514	-1.221510085344477	0.3428131397788712	-0.03296262323916702	-0.3503432876646168	-0.1228619236011497	0.09888398877994339	-0.06446492440692662	0.002888535816563392	-0.2584713317267731	0.1146904837220398	-0.04844113351275935	-0.01221760483977511	-30.20753645191307	-6.248765892731721	-18.22860716071097	-1.130653255359031	-1.790577208588402	-593.1532686944712	63.39156122758066	-1.613651026721943	-1.073726584820821	-1.105863402615947	6.975916641086049	0.03410314341947368	1.043170429879051	-3.32674151068075	6.866898838937338	6.866898838937365	-1.685968551526097	0.06200478692808437	1.940589169974017	0.685481941649504	9.331297868205818e-08	1.814216340520913e-07	-4.021623529730794e-07	2.080241279757686e-06	-7.805163751775458e-08	1.400893076334458e-06	-1.727662742443705e-06
1.87	0.06280121063987851	0.1237884317371875	0.9347905972599619	0.1590773131255919	-0.2213166266237799	-0.2293870225598857	-0.2994961055567991	0.2876595012249906	0.2876595012249835	0.1027508782732392	0.1697220889406132	0.1188762980240634	0.08117361241676872	0.2412258098569929	0.1936301874339454	0.1119723403640046	-1.145757139850134	-0.01364401521370207	-0.2255498295295467	0.6592612267107032	-1.152253987630367	-1.15225398763031	0.3259341721730241	-0.0324097451981517	-0.3308560599406801	-0.1161437939601239	0.1057027068975362	-0.06752642453344607	0.002476865691369646	-0.2609998718583808	0.1188952722111879	-0.05110850562424856	-0.01751526169268109	-30.16446805023158	-5.334698245197558	-19.1858506574082	-1.025044988178857	-1.748300037315179	-597.1241386866387	63.66802352189003	-1.564550531631218	-1.12841653269716	-1.050523085445945	7.060052111448633	0.02127448336440293	1.163931596192626	-3.629798678440199	7.023541159097064	7.023541159099931	-1.710212372633365	0.05586008931454813	1.972844934381136	0.6680418801323784	7.706825123827021e-08	1.521805949089683e-07	-4.638979511736278e-07	1.476453758718208e-06	-5.848970269272639e-08	1.231715170324918e-06	-1.305781797148739e-06
1.88	0.06513295724752349	0.1256672453523056	0.9358581900263079	0.1479800330340373	-0.2214518314024047	-0.2315824464693274	-0.2930868752025627	0.2764946707388661	0.2764946707388714	0.1059222666540779	0.1694014166872513	0.1156685162949807	0.080046276685015	0.225050376293273	0.1820336578347185	0.1016103006122872	-1.07326432208664	-0.01339971837141329	-0.2133418152723169	0.6222376975499401	-1.080254853058483	-1.080254853058408	0.3082011442663955	-0.03169963609208995	-0.3105666177856394	-0.1093031281269646	0.1125214250151306	-0.07058792465989952	0.002065195566429467	-0.2635284119900093	0.1231000607003507	-0.05377587773565501	-0.02281291854559939	-30.108802803615	-4.383429288434512	-20.14058243516946	-0.9152663527441273	-1.756868586451821	-600.5538823603263	63.9160785533245	-1.701553410027574	-1.192445968462165	-1.027225284218223	7.497376213138128	0.03141269745111434	1.276266953802891	-3.743317415215261	7.415506210484454	7.415506210484147	-1.856780611682394	0.09345099993740005	2.101032056194856	0.7099891800762139	5.920032629360086e-08	1.237772437349733e-07	-5.023983372191533e-07	8.931606094839105e-07	-4.154985510631124e-08	1.067623920696991e-06	-8.883399617507839e-07
1.89	0.06730119725972349	0.1274271658445619	0.9368241823943012	0.1376203324915613	-0.2215836345550976	-0.2336515233514383	-0.2870588595865766	0.2660633458800046	0.266063345880001	0.1089095619035451	0.1690893621715775	0.1126678992618144	0.07898938166310995	0.2085233211837815	0.1698548687760747	0.09164933172670361	-0.9982358765447142	-0.01295831850937821	-0.2003181244573709	0.5830105483059834	-1.005546619012995	-1.005546619012986	0.2890944277482087	-0.0306484028040127	-0.2894193584468178	-0.1020467531907131	0.1192147759036943	-0.07384482176532443	0.00161779480844965	-0.2666665437804667	0.127750528005999	-0.05632404949461849	-0.02800314728391037	-30.04347990773451	-3.312708493024892	-21.02818139034802	-0.809849308716831	-1.858717791233189	-604.4693966395796	64.36089641874567	-1.639445054962918	-1.244940246823231	-0.9711936701345848	7.571560205755076	0.05085434581481436	1.338757995928921	-4.065645280193594	7.568006372494258	7.568006372484628	-1.962179240018467	0.1204059736080579	2.142199047928008	0.737796081099014	2.956421946753621e-08	1.014471303371521e-07	-3.724434351407403e-07	4.584516558370842e-07	-4.362013999984072e-08	9.404109298357325e-07	-5.030816731060871e-07
1.9	0.06930193402211683	0.12906242947178	0.9376924328775571	0.1280241127007111	-0.2217109535661231	-0.2355856957552898	-0.2814337617832739	0.256393008235772	0.2563930082357803	0.1117008775742616	0.1687897092848674	0.1098828800570738	0.07800591727670728	0.1915497263321695	0.1571022848270858	0.08206192366478697	-0.9205681717613916	-0.01250289003795861	-0.1863609196188853	0.5416541350137219	-0.9280574101309782	-0.9280574101310323	0.2690052285047472	-0.0292193103013308	-0.2674470520999082	-0.0946170010264826	0.1259081267922742	-0.07710171887069596	0.001170394050539694	-0.2698046755709072	0.1324009953116736	-0.05887222125350932	-0.03319337602223511	-29.97134783326354	-2.198364857662243	-21.91611636081635	-0.6952711888331489	-1.981924225077687	-607.7222358182136	64.69129856669784	-1.790861358451734	-1.307204946531167	-0.9525131194848326	8.02522806141736	0.03421841932802421	1.462969758510816	-4.169170224876239	7.971701177790105	7.971701177790241	-2.053277156737367	0.1690228428583537	2.266041457812492	0.7446646256720475	-8.76717232114921e-12	8.010999004199338e-08	-2.333612542542987e-07	5.239468873787072e-08	-4.683272502307178e-08	8.209025936622241e-07	-1.364324678820092e-07
1.91	0.07113125571455398	0.1305673449469877	0.9384667042385034	0.1192170291386997	-0.2218330499670852	-0.2373755521375662	-0.2762335642853456	0.2475109852237717	0.2475109852237665	0.1142852342932296	0.1685056231167661	0.1073217269378526	0.07709838685980178	0.1742368744458003	0.1437877703475498	0.07284624393696384	-0.8403976422695777	-0.01190521995603777	-0.1714702763417857	0.4980220002519524	-0.8478753636188129	-0.8478753636188189	0.2476796975655637	-0.02752665893000134	-0.2446409062249399	-0.08684631083770383	0.1324163172877959	-0.08029875447171038	0.0006834344809985789	-0.2735103293294567	0.1375118232354492	-0.06131843173781926	-0.03825602574328577	-29.89528338567503	-0.955850584319109	-22.74534261564525	-0.5808972871551347	-2.222039782432527	-611.3892386173655	65.16514700041245	-1.713175990815252	-1.357545180549762	-0.8978664585825208	8.080593602528358	0.07418501651006214	1.523083423326443	-4.514739749868662	8.11224182311072	8.112241823117932	-2.200153523701725	0.1800340040483432	2.30930260597232	0.7996866878457982	-2.901998415493358e-08	6.761031036053232e-08	-1.304629197639348e-08	-9.865959808756048e-08	-6.02117812006481e-08	7.699656842096949e-07	6.459589489854218e-08
1.92	0.0727851131107092	0.131936321181023	0.939150464590341	0.1112251765134987	-0.2219488409244504	-0.2390123077248718	-0.2714805890646441	0.2394449397639093	0.2394449397639151	0.1166507432105713	0.1682405930063766	0.1049929155681069	0.07626984643925699	0.1564568670760076	0.1299144365925918	0.06395972184305682	-0.7575219843991674	-0.01124180131868953	-0.1557407606240113	0.452209679568533	-0.7648618996994085	-0.7648618996993636	0.2252356681786621	-0.02540809876755197	-0.2209787022046379	-0.07881900175432398	0.1389245077833182	-0.08349579007270017	0.0001964749116546671	-0.2772159830880206	0.1426226511592299	-0.06376464222210058	-0.04331867546434113	-29.81797733325214	0.3375760902085125	-23.57630483004395	-0.4540819942286114	-2.470137020935987	-614.2664724637076	65.47444845225493	-1.884292455136454	-1.418968801615537	-0.8866815927016174	8.566253737136611	0.04736813041351247	1.630744246645751	-4.605207409206239	8.537984659237901	8.537984659238653	-2.276976846280996	0.2542046010823491	2.437253086879271	0.7959884045922964	-5.755896048171408e-08	5.516013091376185e-08	2.048587210321242e-07	-2.451660165040528e-07	-7.331659707059578e-08	7.17970239739472e-07	2.611847543183239e-07
1.93	0.07425948807040386	0.1331638276198985	0.9397470030513312	0.1040746875433901	-0.2220571359856412	-0.2404870663125266	-0.2671974167297986	0.2322226062310821	0.2322226062310846	0.1187853128869534	0.1679978423032487	0.1029049899591388	0.07552352829721179	0.1383421285384986	0.1154972449415247	0.05539091673346123	-0.6721249800287938	-0.01040277060785016	-0.1390698583408497	0.404049046654655	-0.6791300929220564	-0.6791300929220576	0.2014871232375748	-0.02308153568843123	-0.1964607260725047	-0.0703954866533423	0.1451565624773714	-0.0867984717056474	-0.0003092554758292279	-0.2814558809965013	0.1481455731125035	-0.06584081768319013	-0.04820680694392195	-29.74214149321759	1.765344146184635	-24.2276429133552	-0.3506440046877567	-2.868141239007403	-617.4740435171924	66.14465165100377	-1.786481232875093	-1.466553819321323	-0.8354192575829382	8.594041136881504	0.1043252304950573	1.706345411949331	-4.977852344391523	8.66200627645671	8.66200627644932	-2.452422421291356	0.230876932860537	2.480915529797171	0.8729418178087029	-8.072619934840654e-08	4.327301663659693e-08	3.953505611013587e-07	-3.399404317688663e-07	-8.330192944126763e-08	6.539339594429809e-07	4.072742630093523e-07
1.94	0.07555043230875834	0.1342444702477693	0.9402591656037264	0.0977916920869582	-0.2221566098019101	-0.2417908994387934	-0.2634071229464768	0.2258718362839203	0.2258718362839236	0.120676671293303	0.1677801561852223	0.101066613242174	0.07486292705716788	0.1197707228083117	0.1005416743916647	0.04708454012406673	-0.5840232816626761	-0.009477552333985241	-0.1215556683457678	0.3536339692642642	-0.5905491825657903	-0.5905491825658403	0.1765934141657335	-0.02039518174796813	-0.1710689238036972	-0.06167562135405562	0.1513886171713948	-0.0901011533385663	-0.0008149858632841604	-0.2856957789049872	0.1536684950657873	-0.06791699314424296	-0.05309493842354063	-29.67020587664988	3.251908330241938	-24.88254547265416	-0.2308075069186158	-3.260829693769739	-619.7534610454123	66.59965056629818	-1.975625893672079	-1.526644581374105	-0.8341958926613983	9.107192536285389	0.06460564301863646	1.799401789029811	-5.056096304508807	9.107805375020662	9.107805375020916	-2.506009672431828	0.3261627733508299	2.612018314214175	0.8552584442533336	-1.03142705289871e-07	3.142963686058487e-08	5.806257105769442e-07	-4.313563896713983e-07	-9.276582672577552e-08	5.884058204727743e-07	5.487406747122541e-07
1.95	0.07665402241000652	0.1351729041908384	0.9406895287045667	0.0924023627500964	-0.2222458610572053	-0.2429148737619488	-0.2601330780091298	0.2204205566096887	0.2204205566096771	0.122312451164251	0.1675900566206745	0.0994864975886899	0.07429167857393902	0.1008710358753353	0.08505701324849452	0.03901556964491883	-0.4933854314920943	-0.008348781802581334	-0.1031184034410776	0.3007832464003324	-0.4992265816397663	-0.4992265816397864	0.1503537001523137	-0.01756391734606277	-0.1448051758139198	-0.05250983763711143	0.157270552408059	-0.09255005304146086	-0.001328758964343591	-0.2904103030424719	0.1597439874137865	-0.07023128271470723	-0.05778627064702879	-29.60458646015546	4.887927476976218	-25.63444417984214	-0.07294582771196728	-3.799271657384058	-622.2738168241821	66.78860099317529	-1.858593393361656	-1.572611121384582	-0.7890412486443825	9.110647929274148	0.1406078033493392	1.883905992546071	-5.458326048105038	9.216537901379303	9.216537901383674	-2.714212247864637	0.2706313816235404	2.65589292742297	0.9569358766251694	-1.139228508902985e-07	2.026414185244241e-08	6.850421558509534e-07	-4.707162584585565e-07	-9.414748017474029e-08	4.997538720599706e-07	6.185490830991816e-07
1.96	0.07756632498187223	0.1359438446743564	0.9410400433759951	0.08793312524930223	-0.2223231055981631	-0.2438508720057871	-0.257399293454577	0.215896913034686	0.2158969130346901	0.1236795818986443	0.1674300743218131	0.09817348739231557	0.07381402743612164	0.08151321693231625	0.06904298248145624	0.03111485424165768	-0.400004914448329	-0.007076209465260279	-0.08396045248209204	0.2455818927056185	-0.4050219627142998	-0.4050219627142898	0.122863586856192	-0.01437172862363698	-0.1176478323816035	-0.04295615227175928	0.1631524876447067	-0.09499895274433683	-0.001842532065128731	-0.2951248271799863	0.1658194797617856	-0.0725455722851525	-0.0624776028705322	-29.547342839185	6.591074838630135	-26.39095059063721	0.1043390618676964	-4.320724801339564	-623.7244037911365	66.71628441413237	-2.067252295680675	-1.632518506147678	-0.8005448774840461	9.655725910922097	0.0933660042020772	1.943538999888876	-5.526222470665267	9.68420897490917	9.684208974909453	-2.756089528972224	0.3983476374549194	2.790737402721979	0.9328387739349595	-1.240337516051852e-07	9.170987448508044e-09	7.847230647872433e-07	-5.076756538234369e-07	-9.509308617200777e-08	4.099752098365606e-07	6.847127366796595e-07
1.97	0.07828330887747387	0.1365520756856156	0.9413122860465551	0.0844105541161102	-0.2223865072925202	-0.244591036781727	-0.2552299443250628	0.2123291611179136	0.2123291611179502	0.1247649882870047	0.1673026213004258	0.09713649461608	0.0734343500982842	0.06179989139860339	0.05252080338362522	0.02334042550438849	-0.3040512122406031	-0.005581365278133264	-0.06396675049084155	0.1878942150064044	-0.3080523673466674	-0.3080523673466608	0.09402112261080607	-0.01106644998592777	-0.0896019047521063	-0.03291370921432817	0.1686529084083478	-0.09986129468228294	-0.002303529169306412	-0.3004592429406558	0.1719597227789511	-0.07245786412336631	-0.06695167132184528	-29.50047743819799	8.447583249935693	-26.04933555915913	0.07447741694118233	-5.1048683739239	-625.3210555854923	68.90129697080116	-1.935931669755069	-1.674445361912739	-0.7648441760930501	9.63390289724609	0.180975130171475	2.043053403314663	-5.949098148291972	9.774765328039845	9.774765328039063	-2.977739249195718	0.3043893684272535	2.833827596292477	1.049851167234595	-1.18250086288477e-07	-2.040776054841823e-10	7.719349857027017e-07	-4.876238054092188e-07	-8.568256519146446e-08	2.934370946112479e-07	6.643134636069616e-07
1.98	0.07880064772023085	0.1369926093558342	0.9415069939688939	0.08186126210929927	-0.2224342742441581	-0.2451281110168067	-0.2536492835182854	0.2097453912569056	0.2097453912569086	0.1255560871573058	0.167209775343715	0.09638442254679788	0.0731570780101386	0.04158420636338457	0.03550351427333211	0.01560790459739865	-0.2053490891709193	-0.003949260922813727	-0.04334234431672933	0.1278442281574959	-0.208225551565052	-0.2082255515650554	0.06400208329048737	-0.007450315688285363	-0.0606636909934543	-0.02247510233341033	0.1741533291718818	-0.1047236366203819	-0.002764526273563756	-0.3057936587014119	0.1780999657960287	-0.07237015596179264	-0.07142573977316075	-29.46553235495469	10.37895159425549	-25.71527865968079	0.06942620150847653	-5.858556259009885	-625.7065398277302	70.77900358520036	-2.167724195981906	-1.731540508640047	-0.7921633114281793	10.20541008331368	0.1208180378405974	2.069679836461207	-5.998684300604141	10.25565305770573	10.2556530577047	-2.991404543958803	0.460518769441549	2.969194628552987	1.012071538632336	-1.121280652263269e-07	-9.558004668610137e-09	7.566929857410276e-07	-4.666865322671137e-07	-7.602930418384439e-08	1.762037771440476e-07	6.423236013173056e-07
1.99	0.07911397661432087	0.137260518618146	0.9416244209204295	0.08031199437380435	-0.2224646348730133	-0.2454550237288831	-0.2526818641324258	0.2081739149690556	0.2081739149690171	0.1260404847548117	0.1671533297728882	0.09592627806826601	0.07298671064834783	0.02100920429600124	0.01799672610216025	0.007859228054469043	-0.1040469743608943	-0.002085855183238618	-0.02194760101489599	0.065210265280608	-0.1055805405134226	-0.1055805405134277	0.03265811983204278	-0.003810055684659257	-0.03080681519300224	-0.01150834780129027	0.1791654085631856	-0.1001342949637066	-0.003275997923066903	-0.3115483171280387	0.186884337825947	-0.0792087070768652	-0.07567632093070364	-29.44393490057686	12.76539108186945	-28.46932557525414	0.7391287181966575	-6.823530562310265	-626.0371454391967	65.94912591629635	-2.013243267831038	-1.772496419628345	-0.7689836135141069	10.16123366861962	0.2246630781090896	2.188193019870856	-6.460159841324251	10.34231336543626	10.34231336543659	-3.2387461561267	0.3200245078490286	3.01768254060494	1.152517242230886	-8.959579051023475e-08	-1.788673917472123e-08	6.224358232383521e-07	-4.028061598224688e-07	-5.460315186299476e-08	2.525315094527364e-08	5.431901620051355e-07
2	0.07921938447658723	0.1373509103090911	0.9416638083489781	0.07978947208417277	-0.2224752491972824	-0.2455652247194181	-0.2523536658873561	0.2076435664390194	0.2076435664390174	0.1262048719361581	0.1671341357804974	0.09577145204468486	0.07292871879822421	0	0	0	0	0	0	0	0	0	0	0	0	0	0.184177487954704	-0.0955449533068508	-0.003787469572485929	-0.3173029755545098	0.1956687098559911	-0.0860472581916768	-0.07992690208818551	-29.43653978341596	15.23468183045242	-31.23039614508481	1.434544689691314	-7.748593308761081	-625.0274036019451	60.78198626364546	-2.254564641705542	-1.829528094837667	-0.8142736137360695	10.75438199348753	0.1653079265733008	2.180251379073733	-6.513944781348177	10.84275895006435	10.84275895006467	-3.254235818678441	0.4944779056481778	3.159182507063077	1.120390192466397	-6.706351579414259e-08	-2.621547368083233e-08	4.881786607356766e-07	-3.389257873778239e-07	-3.317699954214513e-08	-1.256974752535003e-07	4.440567226929654e-07
