inDegrees=no
num_controls=7
num_derivatives=13
num_iterations=82
num_multipliers=7
num_parameters=0
num_slacks=7
num_states=26
objective=0.446063
objective_accelerations=0.056760
objective_balance=0.002950
objective_effort=0.022155
objective_height=0.358717
objective_ligament=0.005481
solver_duration=1131.977771
status=Solve_Succeeded
success=true
DataType=double
version=3
OpenSimVersion=4.5
endheader
time	/jointset/ground_pelvis/pelvis_tilt/value	/jointset/ground_pelvis/pelvis_tx/value	/jointset/ground_pelvis/pelvis_ty/value	/jointset/hip_l/hip_flexion_l/value	/jointset/hip_l/hip_adduction_l/value	/jointset/hip_l/hip_rotation_l/value	/jointset/back/lumbar_extension/value	/jointset/patellofemoral_l/patellar_flexion_l/value	/jointset/knee_l/knee_flexion_l/value	/jointset/knee_l/knee_adduction_l/value	/jointset/knee_l/knee_rotation_l/value	/jointset/ankle_l/ankle_angle_l/value	/jointset/subtalar_l/subtalar_angle_l/value	/jointset/ground_pelvis/pelvis_tilt/speed	/jointset/ground_pelvis/pelvis_tx/speed	/jointset/ground_pelvis/pelvis_ty/speed	/jointset/hip_l/hip_flexion_l/speed	/jointset/hip_l/hip_adduction_l/speed	/jointset/hip_l/hip_rotation_l/speed	/jointset/back/lumbar_extension/speed	/jointset/patellofemoral_l/patellar_flexion_l/speed	/jointset/knee_l/knee_flexion_l/speed	/jointset/knee_l/knee_adduction_l/speed	/jointset/knee_l/knee_rotation_l/speed	/jointset/ankle_l/ankle_angle_l/speed	/jointset/subtalar_l/subtalar_angle_l/speed	/forceset/tau_hip_flexion_l	/forceset/tau_hip_adduction_l	/forceset/tau_hip_rotation_l	/forceset/tau_knee_flexion_l	/forceset/tau_ankle_angle_l	/forceset/tau_subtalar_angle_l	/forceset/tau_lumbar_extension	lambda_cid13_p0	lambda_cid13_p1	lambda_cid13_p2	lambda_cid13_p3	lambda_cid13_p4	lambda_cid13_p5	lambda_cid14_p0	/jointset/ground_pelvis/pelvis_tilt/accel	/jointset/ground_pelvis/pelvis_tx/accel	/jointset/ground_pelvis/pelvis_ty/accel	/jointset/hip_l/hip_flexion_l/accel	/jointset/hip_l/hip_adduction_l/accel	/jointset/hip_l/hip_rotation_l/accel	/jointset/back/lumbar_extension/accel	/jointset/patellofemoral_l/patellar_flexion_l/accel	/jointset/knee_l/knee_flexion_l/accel	/jointset/knee_l/knee_adduction_l/accel	/jointset/knee_l/knee_rotation_l/accel	/jointset/ankle_l/ankle_angle_l/accel	/jointset/subtalar_l/subtalar_angle_l/accel	gamma_cid13_p0	gamma_cid13_p1	gamma_cid13_p2	gamma_cid13_p3	gamma_cid13_p4	gamma_cid13_p5	gamma_cid14_p0
0	-0.03901025653755377	0.06868599421401846	0.8959301440640202	0.1955287580552426	-0.322222614007202	-0.4790684913733046	-0.1379045077516729	0.07015288079084844	0.07015288079084844	-0.1745316803242496	-0.1137508876050744	-0.06701059314715049	0.00353841332460434	0	0	0	0	0	0	0	0	0	0	0	0	0	0.1095891609627005	-0.09148753267535711	-0.03170693585644808	-0.2499746715270224	0.2282127539598852	-0.02926482842922772	-0.05219346454453807	37.24433290933261	3.334779275475511	2.392065567066839	-11.0090197786587	-515.7544512120971	-68.4672088199605	-39.80750563493183	-3.97823817841858	-1.531617199492744	-0.9265460939257191	11.85296042237703	-2.099370884052129	3.450282317027152	-2.84653405384575	10.56671154991205	10.56671154991208	0.8743131777044403	-0.7925811162090783	2.968058861345843	-0.6888122559977468	-3.017063457819114e-08	1.458037045172715e-07	8.259427642662866e-08	2.975386465912751e-08	-3.758049976165213e-08	-2.800107413700266e-08	1.714737660944831e-09
0.01	-0.03919910262499841	0.06860985643049007	0.8958851583350315	0.1961016549778636	-0.3223261423923532	-0.4788947434142105	-0.138052283578676	0.07066600456238338	0.07066600456232866	-0.1744921356728604	-0.1137837737075778	-0.06686837413604967	0.003502138394798449	-0.03755664684454513	-0.01522313935316135	-0.008972756958704201	0.1140800533786062	-0.02063034677407274	0.034628038268982	-0.02928028051685263	0.1021330121724039	0.1021330121724035	0.00780086585376134	-0.006515034714424232	0.02821315107981697	-0.00729925200460657	0.1023823436630089	-0.08488337718338283	-0.0300023981193906	-0.2381001542339655	0.2124630786898581	-0.02804128341179285	-0.04653076470689162	32.19349779146354	3.46387383134621	2.627213480386381	-7.578882564277456	-516.4455545529197	-68.14357843127947	-39.81774245683596	-3.612502418843307	-1.516993750310641	-0.8789896871208231	11.11061713110286	-2.033598793244306	3.450826077638955	-2.927542317332019	9.962834388957463	9.962834388957452	0.7167981483380281	-0.5716333132766198	2.713346310234831	-0.7571537947152828	-7.620736299268945e-08	1.766984323059414e-07	2.027310429357033e-07	6.303920951775707e-08	-2.625534563640966e-07	-1.073446551503687e-07	-8.741914284366375e-09
0.02	-0.03975714007717858	0.06838162096401312	0.8957511751983996	0.1978003703013377	-0.3226337206890816	-0.4783783627732702	-0.1384846156642082	0.07218570612317662	0.07218570612318057	-0.1743778173910516	-0.113879943890222	-0.06645094299836647	0.003391536520541588	-0.07383827294390105	-0.03041953658971828	-0.0177994815286116	0.2251636801772196	-0.04080998231455348	0.06852653637016287	-0.05691125170275841	0.20131555786692	0.2013155578669194	0.01495472607257353	-0.01265681599754401	0.05504242531703639	-0.01486538889014064	0.09517552636312303	-0.07827922169129989	-0.02829786038157097	-0.2262256369410257	0.1967134034198727	-0.02681773839422694	-0.0408680648695129	27.20892194985244	3.582762367570045	2.862396120275652	-4.331586980811385	-516.1895408378628	-67.64549290517266	-39.84788268597772	-3.723234029380508	-1.526268776172121	-0.8973396161663724	11.25367510637849	-2.009228637333831	3.304374283466923	-2.516672187656208	9.976618254334507	9.976618254334564	0.7449120507143692	-0.7179304299482421	2.691283492825994	-0.7421892321835468	-1.222440914071877e-07	2.075931600946111e-07	3.22867809444778e-07	9.632455437638663e-08	-4.875264129665409e-07	-1.866882361637347e-07	-1.919856622967758e-08
0.03	-0.04067283418743918	0.0680023840611922	0.8955293868806407	0.2005961985778298	-0.3231403353566382	-0.4775274562340567	-0.1391845623849398	0.07468373115085679	0.07468373115084995	-0.1741938419708898	-0.1140367060324267	-0.06577050383680927	0.003205368644797777	-0.1091501955045586	-0.04533810987579515	-0.02655172853916093	0.3335242798631783	-0.06038454351542667	0.1014811746433507	-0.08281987526018922	0.2978558981337271	0.2978558981337264	0.02184688586807101	-0.0186851427474818	0.08095425254682295	-0.02228004733043661	0.09121587187754066	-0.07788673367887286	-0.02762600746371429	-0.2226868062491337	0.1913407084290729	-0.02398117169644132	-0.03751807335768542	25.61665915684332	2.639273445331112	3.001804319099187	-4.051084275237439	-516.2170238860448	-69.27137616640978	-39.8966784022701	-3.412632799868115	-1.461172091374435	-0.8632976351638616	10.55557558893092	-1.912371433573588	3.26492762681089	-2.589224861712117	9.427713364765099	9.427713364765168	0.6624213737286131	-0.5436750062611573	2.527457421055204	-0.7279524567682549	-1.46699649986354e-07	2.269167501155946e-07	3.606733655965197e-07	1.241774378339941e-07	-6.479430410085845e-07	-2.146194332553651e-07	-2.017969922743591e-08
0.04	-0.04193713980941511	0.06747665732820048	0.8952202500144432	0.2044612974890022	-0.3238388559506261	-0.4763522195065946	-0.1401358488256394	0.07813415387157273	0.07813415387157696	-0.1739407342668194	-0.1142534296839116	-0.0648336813863551	0.002947684523287796	-0.1435605752835707	-0.05971750262388184	-0.03526919121632056	0.4390178071181982	-0.07919116760069043	0.1333925740191813	-0.1071791956946192	0.3917950964769815	0.391795096476982	0.02878118285401752	-0.02464911784720314	0.1063190830966115	-0.0291686380433598	0.08725621739183032	-0.07749424566641168	-0.02695415454571229	-0.2191479755572864	0.1859680134382805	-0.02114460499861696	-0.03416808184599852	24.08433997654309	1.685731302888735	3.142310800403877	-3.938953851784217	-515.3835535892513	-70.73710863281251	-39.96257834787517	-3.542925473051175	-1.418432668574354	-0.8903827494884381	10.6802606201908	-1.85564121421194	3.095726503995497	-2.206811563055881	9.456389869623967	9.45638986962431	0.7533394888041864	-0.7050600999049957	2.581884156826075	-0.6369756867091544	-1.707102359915959e-07	2.460017599764195e-07	3.967813710192442e-07	1.519183117781785e-07	-8.07028610729795e-07	-2.4149058119397e-07	-2.096546070050243e-08
0.05	-0.04354166256211963	0.06680979032678272	0.8948238353978148	0.209367936966299	-0.3247217756735937	-0.4748631841900246	-0.141322259172977	0.08251136386538899	0.08251136386538073	-0.1736185586674298	-0.1145297261922916	-0.06364597113922132	0.002623528683666205	-0.1771855429712057	-0.07356692084438993	-0.04402521330038713	0.5417966227559975	-0.09727807593995463	0.1642704570055132	-0.1298441239785223	0.4831627423123465	0.4831627423123457	0.03558328586889387	-0.03055444676703725	0.1310956475699568	-0.03561082318357344	0.08267845600957015	-0.07239803237208732	-0.02620787222160327	-0.2154385608909719	0.1821224932237364	-0.02220766702583258	-0.03041509195567635	22.88397103761149	2.247232278385814	3.17885267647716	-3.537704350562375	-514.6751997723037	-68.70286852695803	-40.04365365713186	-3.248529862972826	-1.354819269353331	-0.8700968077850356	9.999646671695926	-1.768081796691981	3.062163141276162	-2.257520991488359	8.9043321437968	8.904332143796454	0.633136643900187	-0.5248607520856809	2.406441122726746	-0.6401667884080547	-1.904745348472077e-07	2.370714454510734e-07	4.418852955999316e-07	1.679770373484069e-07	-9.14599184433689e-07	-2.753310819438888e-07	-2.601673278602173e-08
0.06	-0.04547768448098891	0.06600710456904679	0.8943394835863618	0.2152869555272053	-0.3257821377105377	-0.4730697012545328	-0.1427275563092406	0.0877877263582244	0.08778772635822847	-0.1732304638506983	-0.1148633942826867	-0.06221431554132746	0.002236485620496419	-0.2098604085129343	-0.08688125388751244	-0.05285663018127919	0.6414936238386576	-0.1146796303955537	0.1942820978048075	-0.1509565534796354	0.571625596279869	0.5716255962798654	0.04196502632660477	-0.03612343424939374	0.1551081532488155	-0.04174608275301186	0.07810069462756601	-0.06730181907775161	-0.02546158989741706	-0.2117291462245432	0.1782769730092411	-0.02327072905301045	-0.02666210206519073	21.73831769285354	2.802308303594759	3.212815358675603	-3.289440638846965	-513.1911302910082	-66.51822086266952	-40.13768447466546	-3.35290504386965	-1.311415633097484	-0.9054617088535364	10.06389770916302	-1.71857043747888	2.922478066587978	-1.896311806497698	8.875431496055493	8.875431496055516	0.6692669773711512	-0.6377918124095053	2.429072397928476	-0.575590572554237	-2.100600426649405e-07	2.269615383199938e-07	4.873679957241122e-07	1.835438829871004e-07	-1.020000705673696e-06	-3.094650291279681e-07	-3.124760531838114e-08
0.07000000000000001	-0.04773624136735342	0.06507395088471654	0.8937662225194268	0.2221888983856377	-0.3270130328800777	-0.470980635608589	-0.144335849510515	0.09393539645629614	0.09393539645629491	-0.1727801837078335	-0.1152516967852823	-0.06054582155246641	0.00178996594052025	-0.2416659167940181	-0.09965638310358671	-0.06181787108222321	0.7383674735379229	-0.1313694110412245	0.2234000668710863	-0.1704888574713988	0.6574349213479249	0.6574349213479235	0.04804241116008657	-0.04147114789103674	0.1784757915150965	-0.04748405650085669	0.07343255523060629	-0.06367668537586567	-0.02472918856948758	-0.2087906175518918	0.174438566543995	-0.02302719690237964	-0.02289384206875685	20.62739139712226	2.833988053350434	3.272951445906123	-3.122231850985109	-511.933226960097	-65.49484651987065	-40.24214506184906	-3.066626506629208	-1.246559687768393	-0.8950037399188385	9.419980239584179	-1.624758816621453	2.886745022091363	-1.94970529957232	8.36266402728444	8.36266402728482	0.569781280384601	-0.4733088516537696	2.273375776364005	-0.5619210707254532	-2.193012936813653e-07	1.965599459337994e-07	5.101201793107446e-07	1.891456523234314e-07	-1.073452875523433e-06	-3.301287752877278e-07	-3.574206575882067e-08
0.08	-0.05030730389382495	0.06401584628384432	0.8931026393516411	0.2300437500689167	-0.3284069412437781	-0.4686043325328912	-0.146133068872519	0.1009269560080584	0.1009269560080613	-0.1722705683078184	-0.1156914859666391	-0.05864709793386529	0.00128826246410062	-0.2723615365311053	-0.1118714371959036	-0.07092105035140259	0.8320753888082486	-0.1472822692272993	0.2517295837551008	-0.188741785625407	0.7404034870201263	0.740403487020126	0.05383207775547992	-0.04642076999716038	0.2011540791968138	-0.05278284204173821	0.06876441583372608	-0.06005155167399442	-0.02399678724142932	-0.2058520888792758	0.1706001600787264	-0.02278366475177818	-0.0191255820722259	19.56448787172631	2.860069173292411	3.330771139126682	-3.090158535859372	-509.9914824570633	-64.3392975459941	-40.35433691382217	-3.130927335070115	-1.199400608346233	-0.9338493825006078	9.430710823375186	-1.563185945559668	2.764787630135155	-1.640436638946493	8.307279616884568	8.307279616884403	0.6117233297535316	-0.5581735053056617	2.291202281015495	-0.4877529311616721	-2.278751732912541e-07	1.648492125634042e-07	5.314058779594705e-07	1.941045135112229e-07	-1.123553474315733e-06	-3.499234762201121e-07	-4.018901574171697e-08
0.09	-0.05318051449874717	0.06283827525766315	0.8923471087270972	0.2388215418974088	-0.3299561197325399	-0.4659493723191145	-0.1481057490799403	0.1087352782599331	0.1087352782599389	-0.1717041648230199	-0.1161799432558424	-0.05652468259023669	0.0007359317735078073	-0.3020901217453014	-0.1235570998088332	-0.08021733987290038	0.9229742285316435	-0.1624157688412902	0.2791073203605896	-0.2055950039047424	0.8208022230836629	0.8208022230836653	0.0594094404663117	-0.051234997045287	0.2232077638982827	-0.05760516961013959	0.06362213778083105	-0.05571439329804072	-0.02318033769780656	-0.2027040464812015	0.1662215147383037	-0.02273475198312971	-0.01506104622373545	18.29888306904423	2.993612715991048	3.385795691380972	-2.760410458909675	-508.3293423174979	-62.94607728991244	-40.47140966486525	-2.865261774276564	-1.140259952535682	-0.9325840547004186	8.843132996183172	-1.467853000369892	2.700919499112941	-1.677876628979575	7.83736767011461	7.837367670115195	0.5249554581096051	-0.4376175612297846	2.144260022679314	-0.4678382019854763	-2.268854255774892e-07	1.236406340990426e-07	5.334929569046622e-07	1.897614383103433e-07	-1.124073378652879e-06	-3.568435960920223e-07	-4.339113488524315e-08
0.1	-0.05634529848776346	0.06154642543239883	0.8914976021437928	0.2484930546130024	-0.3316525174236546	-0.4630253041746078	-0.1502409839114664	0.1173338272862457	0.1173338272862481	-0.171083145167826	-0.1167154568668651	-0.05418536870800016	0.000137704700769987	-0.3306762133467317	-0.1347271970125319	-0.08971624210352012	1.010819566229524	-0.1767261096973166	0.3055511699003626	-0.2212527104461583	0.8984488419082489	0.8984488419082541	0.06475531183160223	-0.05583203435995709	0.244533786918414	-0.06196211847078759	0.05847985972797031	-0.05137723492210144	-0.02236388815416211	-0.1995560040831685	0.1618428693978514	-0.02268583921451275	-0.01099651037517903	17.07526747256962	3.123800794141963	3.436790549485742	-2.547263370649197	-506.0705946245693	-61.4365296499889	-40.59046814720925	-2.902428612516729	-1.096287526500252	-0.9743719243249992	8.82001041827238	-1.398554193966735	2.578010216992049	-1.401334291362431	7.756856169094413	7.756856169094285	0.5654250606453569	-0.514735558614376	2.14566994474777	-0.3946771896110781	-2.250549194176889e-07	8.159708024180472e-08	5.338922451066863e-07	1.846006104599103e-07	-1.120234540620341e-06	-3.62631884661913e-07	-4.648381835058294e-08
0.11	-0.05979109014768056	0.06014549731120681	0.8905519223481284	0.2590293070607588	-0.333487997120293	-0.4598417054611703	-0.1525260950049088	0.1266962620874031	0.126696262087426	-0.1704095732765722	-0.1172965257970026	-0.05163591239995945	-0.0005015856130049225	-0.3582964113574261	-0.1453640896162748	-0.09945823141159911	1.09592583678099	-0.1902310025810636	0.3310236245894591	-0.2355812722530353	0.9735862222314577	0.9735862222314529	0.06992035609333178	-0.06033878486267128	0.2652469287899514	-0.0658112465030182	0.05351260581559653	-0.04807980391456784	-0.021644507992855	-0.1975447105250721	0.158371581768244	-0.02198233975241688	-0.007070456756109114	16.1434031511488	2.957499187899516	3.490642370560391	-2.572047116158196	-504.1744636497188	-60.57191131120484	-40.70856540484453	-2.663962502653093	-1.033202670469332	-0.9801135607378429	8.280151127454529	-1.305690877501305	2.510040283987472	-1.42038172665386	7.324403909121732	7.324403909120409	0.4863123677906792	-0.4121176080069699	2.017545624400622	-0.3673972600738949	-2.156633576210459e-07	-8.125345811318447e-09	5.125283335124755e-07	1.67361679581442e-07	-1.093203426397236e-06	-3.639065131553282e-07	-5.17607094419202e-08
0.12	-0.0635075132091812	0.05864103775534583	0.8895076224340451	0.2704014653647917	-0.3354543725541564	-0.4564077467630112	-0.1549488446366826	0.1367965156808467	0.1367965156808464	-0.1696854972908954	-0.1179213567945137	-0.04888264280999453	-0.001176840537110841	-0.384802493660356	-0.1554334839463218	-0.1094402657873177	1.178000737487316	-0.2029052571417031	0.3556231668433139	-0.2487804181120352	1.046012600362164	1.04601260036215	0.07485613070921136	-0.06458444784166721	0.2852964433032383	-0.06915504053704477	0.04854535190315171	-0.04478237290705906	-0.02092512783176513	-0.1955334169670328	0.1549002941385878	-0.02127884029037159	-0.003144403137039718	15.24681180580013	2.787914179737113	3.541713838947756	-2.695715820130245	-501.7729617051746	-59.61021313631482	-40.82273036757896	-2.679605470963591	-0.9827878717612241	-1.022380937852914	8.213736449244479	-1.232426529345221	2.403427729943742	-1.175451101786872	7.214655730593933	7.214655730593878	0.5195711314754402	-0.462518053870736	2.012944473097457	-0.2936103899703343	-2.054222390112744e-07	-1.032049485156647e-07	4.887191185703732e-07	1.487656584751045e-07	-1.063566438444854e-06	-3.646739888311619e-07	-5.728301712044819e-08
0.13	-0.06748434821364323	0.05703863108309845	0.8883621459513563	0.2825808889752195	-0.3375435006705926	-0.4527322765455892	-0.1574969530208051	0.1476084999209741	0.1476084999209774	-0.1689131363376722	-0.1185878806426039	-0.04593194756013207	-0.001883049117645028	-0.4104015192424816	-0.1649590697850718	-0.1196997971567728	1.257417348040634	-0.214787679014243	0.3793653850740989	-0.2606258610323137	1.115936943022428	1.115936943022429	0.07956408683235484	-0.06864558527850669	0.3047218830296375	-0.07201477521280109	0.04314481525907572	-0.04149453132550612	-0.02012907438336105	-0.1932570830492899	0.1505294149216755	-0.02013098818350985	0.001087735297800313	14.04977353836081	2.482016756684317	3.609874982433592	-2.54360030809256	-499.7521132774424	-58.97976229321442	-40.9300242345901	-2.47559705536611	-0.9240975303019789	-1.034666192253379	7.735616896200204	-1.146272302762462	2.34371142783028	-1.156781234910218	6.81423942803795	6.814239428040494	0.4386485542682837	-0.3666145332004104	1.889223866360536	-0.2714057125767625	-1.957734968160329e-07	-1.691064507583132e-07	4.739275772692158e-07	1.31264493574935e-07	-1.009454328932831e-06	-3.636280297141314e-07	-6.172342700325667e-08
0.14	-0.07171228266464701	0.05534363783438965	0.8871126887638203	0.295540477398746	-0.339747477463069	-0.4488225656342201	-0.1601570539036814	0.1591063107665643	0.1591063107665644	-0.1680952476828916	-0.1192927564539831	-0.04279062188421583	-0.002615705186176204	-0.4350223829657175	-0.1739507992386062	-0.1302364067567446	1.334033700106966	-0.2258749923489329	0.4024713056322561	-0.2711789178630507	1.183177921454504	1.183177921454522	0.0839616710168684	-0.07225484049973928	0.3234225285140061	-0.07444453813650014	0.03774427861509116	-0.03820668974398603	-0.0193330209349619	-0.1909807491315638	0.1461585357047344	-0.01898313607669871	0.005319873732760562	12.88186871973183	2.173960282957762	3.675020280409588	-2.474277648783333	-497.311253081973	-58.26927906623752	-41.02752364315894	-2.483973099185429	-0.8760165947182624	-1.077796583956248	7.65368475184725	-1.073404821775197	2.276168195418182	-0.9169738838784242	6.677982884956517	6.677982884956672	0.4574967437495197	-0.3721416107493709	1.867985624691171	-0.2076160395589325	-1.862064617124507e-07	-2.309833874200379e-07	4.603798530219818e-07	1.139143433238921e-07	-9.519663405849947e-07	-3.623319416601541e-07	-6.601460960389694e-08
0.15	-0.07618185325319776	0.05356142711224691	0.8857564311406607	0.3092531543057985	-0.3420582741583241	-0.444685608303434	-0.162916177051111	0.1712641331177934	0.1712641331177901	-0.1672343048544436	-0.12003243846641	-0.03946541858568003	-0.003370145814044425	-0.4586921155817641	-0.1823960502214613	-0.1410553382093141	1.408001584890757	-0.236135828672202	0.4247811171380442	-0.2804967048140456	1.247951498288387	1.247951498288411	0.08821670417344417	-0.07564074549623312	0.3415141256392341	-0.07634462578259979	0.03262963857520844	-0.03538819946183832	-0.01866867044260764	-0.1898289877421955	0.1430084302538264	-0.01773837674466528	0.009328609680345009	12.08132443602242	1.781386885084018	3.72863352273437	-2.655531268349506	-495.3031970362273	-57.73501702781575	-41.11241429628652	-2.278520617942945	-0.8144628129750259	-1.090163243369285	7.193320902133181	-0.9801518709767935	2.187444420967342	-0.916830079173855	6.311800831433422	6.311800831434061	0.4079901321200982	-0.3156026542583987	1.764133359490401	-0.1663741157969679	-1.673865413613432e-07	-3.352345934061403e-07	4.065895633537905e-07	8.619654209557608e-08	-8.872960552652041e-07	-3.467335554129209e-07	-6.971055425512426e-08
0.16	-0.0808821306229499	0.05169762718769449	0.8842907398394827	0.3236905061727848	-0.3444672249834921	-0.4403297414990267	-0.1657640078637438	0.1840566423871261	0.1840566423871262	-0.1663311149883266	-0.1208047370708363	-0.03596242199528228	-0.004140621116105699	-0.481163739202918	-0.1902686397205422	-0.1521231423604074	1.478968692094093	-0.2455058183304261	0.4462532003561578	-0.288920450903578	1.310115305075432	1.310115305075458	0.09241107855035399	-0.07877815889908647	0.3589811868865295	-0.07765147297516102	0.02751499853542752	-0.03256970917969593	-0.01800431995023685	-0.1886772263528103	0.1398583248029168	-0.01649361741263853	0.01333734562801863	11.30375780129348	1.386781925759998	3.780296031740376	-2.904838592407409	-492.9621368812639	-57.13749733805879	-41.18153250327545	-2.244351300206746	-0.7614842979635273	-1.127571123661021	7.053529235756478	-0.8952354887661564	2.108622537883297	-0.7381657115857883	6.156028875588567	6.1560288755886	0.4453649878163862	-0.3224432920212815	1.743078449104541	-0.08896794885129193	-1.470426163812316e-07	-4.464650908103751e-07	3.461710864397947e-07	5.677112776512109e-08	-8.21442803385327e-07	-3.287794965220928e-07	-7.330845971468355e-08
0.17	-0.0858020887075478	0.04975794330462632	0.8827130242819369	0.3388238305020981	-0.3469657753530537	-0.4357635498871018	-0.1686905401505616	0.1974584119845134	0.1974584119845098	-0.1653867035988397	-0.1216076975374173	-0.03228777687116036	-0.004921522488538252	-0.5026666117164543	-0.1975724367747461	-0.1634623263668429	1.547224440688045	-0.2540841023091204	0.4668746882652239	-0.296190360440319	1.369796622738716	1.369796622738696	0.09639868242275416	-0.08175248739593152	0.3758281337946904	-0.07846919572914322	0.022203152372429	-0.02959579347325792	-0.01734596266761333	-0.1876445211356703	0.136630479968642	-0.01524683086684506	0.01751435615147023	10.47180466250828	1.002121032352077	3.828885836616982	-3.050393173187808	-491.0527815199112	-56.53034379056739	-41.23124067734284	-2.079044569999888	-0.7004619885616087	-1.143607781816136	6.640846199760822	-0.8210629052774454	2.022264288093891	-0.6920566716027678	5.807899240223518	5.80789924021648	0.3645407752451591	-0.2756277483601844	1.637531831683592	-0.06919766239051162	-1.389128682190797e-07	-5.603144239211692e-07	3.280814521974291e-07	3.007427065831663e-08	-7.772030585522929e-07	-3.370817181809563e-07	-8.290856257523259e-08
0.18	-0.09093223338590871	0.04774809453513363	0.8810206137357902	0.3546255620230592	-0.349546496172979	-0.4309944729219493	-0.1716839021521233	0.211443737964233	0.2114437379642314	-0.1644045996329616	-0.122438541312947	-0.02844825647395499	-0.005708805733254174	-0.5232010579528619	-0.2043016170054451	-0.1750621400805751	1.612650130423867	-0.2619399084020617	0.4868302710013114	-0.3022863938524263	1.426826581543001	1.426826581542934	0.09994959382688008	-0.08435482068653795	0.3919562415033164	-0.07892784743188086	0.01689130620951192	-0.02662187776683239	-0.01668760538493247	-0.1866118159185429	0.1334026351343519	-0.0140000443210739	0.02169136667501157	9.657133157473304	0.616479189439823	3.875296640221014	-3.250910937450466	-488.8938407470735	-55.87450021566957	-41.25926484131504	-2.050666044780844	-0.6465609332626449	-1.179697065120343	6.48751746413063	-0.7507399116155288	1.975441503287619	-0.5033904866589657	5.625757103788633	5.625757103788765	0.3580264941615823	-0.2480442507735586	1.599310609197449	-0.01715373860241308	-1.331376601664139e-07	-6.746685928308182e-07	3.181515948556187e-07	3.903400486191717e-09	-7.371297729090115e-07	-3.504453915120498e-07	-9.366571553717728e-08
0.19	-0.09626309749490916	0.04567379068633919	0.8792109116284125	0.3710681247451414	-0.3522021216517527	-0.4260297199633782	-0.1747323550260947	0.2259868595890579	0.2259868595890481	-0.1633886240231171	-0.1232943758735853	-0.02445076358995273	-0.006498666879513495	-0.5427930854204277	-0.2104652210772692	-0.1869140136205623	1.675394869311887	-0.2690524247806135	0.5059885868787096	-0.3072493357637657	1.481381271636244	1.481381271636251	0.103222691401324	-0.08677915349859841	0.4074353899009789	-0.07896292163213939	0.01163977388229047	-0.0235862268804729	-0.01610069672369924	-0.1860538720665386	0.1306258536066798	-0.01285198623747462	0.02581479116037734	8.954390730405541	0.2591966998869472	3.911383687405578	-3.473028809741133	-487.1723139741439	-55.17158396098124	-41.26365245605015	-1.886641266549578	-0.5871705639143083	-1.193438301021708	6.097837936728904	-0.6715207381142869	1.866170791342102	-0.4695192665360016	5.307873318691972	5.30787331870308	0.3084450349998305	-0.2345950716447157	1.506155529465805	0.01560919110326107	-1.287836444764967e-07	-8.01236096028976e-07	3.026708885036022e-07	-2.335251858538504e-08	-7.089095597227658e-07	-3.641705482821142e-07	-1.052511450730759e-07
0.2	-0.1017845159123571	0.04354066871287222	0.8772815896251182	0.3881241120232249	-0.3549248749417449	-0.4208773550137572	-0.1778257919638106	0.2410630377861218	0.2410630377861217	-0.16234061870833	-0.1241734472174169	-0.02030169150709119	-0.007286420077407047	-0.5613119196401588	-0.2160652419399544	-0.1989861192639339	1.735335041623574	-0.2753654706447261	0.5243526692111509	-0.3112832066016752	1.53343789599348	1.53343789599356	0.1063555348123198	-0.0890021773195539	0.4222720812752448	-0.07850625775876748	0.006388241555170044	-0.0205505759941377	-0.01551378806231189	-0.1854959282145573	0.1278490720789878	-0.01170392815391414	0.02993821564585799	8.265104300512398	-0.09859403718620255	3.945441567281968	-3.7439779256354	-485.25915733345	-54.43172114861173	-41.24267053276097	-1.836027395213794	-0.5338442914349277	-1.223743485797212	5.926604148863969	-0.590845808727662	1.816594794296265	-0.3175762719729071	5.126143956587357	5.126143956587333	0.3299756614719672	-0.2077824525525669	1.47081920451805	0.08119387612364222	-1.247454493116347e-07	-9.305176735134691e-07	2.859566601493176e-07	-5.084955963461776e-08	-6.833233626380835e-07	-3.779760347052834e-07	-1.170206360698531e-07
0.21	-0.1074859941869767	0.04135433076946615	0.8752304777975346	0.4057659554077545	-0.3577068518077006	-0.4155457213612785	-0.1809548007033473	0.2566476916266857	0.2566476916266794	-0.1612618339792808	-0.125074313624211	-0.01600738280541535	-0.0080671872148804	-0.5788016774875586	-0.2211106289968568	-0.2112647357146847	1.79256937391395	-0.280898122174803	0.5418374326807162	-0.3143800270938922	1.583083649511625	1.583083649511708	0.1093930255081285	-0.09114612126830246	0.4364821347093359	-0.07756578863871885	0.001096015626951721	-0.01749189549167817	-0.01497804915334336	-0.185212016956556	0.1251805023949574	-0.01054079956020512	0.03409820943682506	7.579434709834629	-0.4596761350161541	3.975583784074328	-3.960032747045232	-483.8123121989779	-53.73005598885963	-41.19483077549664	-1.678104529008506	-0.4761395322134463	-1.234329774883069	5.552236158791631	-0.5145956247268608	1.693812130016687	-0.2849578059264729	4.822431537924451	4.822431537925064	0.2892493815209962	-0.2138532106510248	1.379944491181991	0.1128000231924835	-1.263092484159089e-07	-1.029585294210377e-06	2.823971509781267e-07	-7.120722788384577e-08	-6.705929375831268e-07	-3.924923922935185e-07	-1.278123154566187e-07
0.22	-0.1133569009499824	0.03912028823161198	0.8730556979954094	0.4239662197931155	-0.3605401793488789	-0.4100433610727549	-0.184110622221424	0.2727165311001266	0.2727165311001227	-0.1601529516216994	-0.1259958500394213	-0.01157420435373377	-0.008836084342503716	-0.5951976173151491	-0.2256061608295771	-0.2237197141722532	1.847019241791021	-0.2856356056880444	0.5584979964194801	-0.3166457623093121	1.630275022569625	1.630275022569712	0.1123750605193605	-0.09313617900165154	0.4500460312765195	-0.0761322557887902	-0.004196210301233834	-0.01443321498920619	-0.01444231024435854	-0.1849281056985495	0.1225119327109308	-0.009377670966480499	0.03825820322781014	6.90441016027987	-0.8209836189066484	4.003890868584001	-4.222305623869446	-482.2171586426192	-53.00089629044219	-41.11880864848703	-1.617263791251842	-0.4238732465985535	-1.25901588716075	5.369711266202859	-0.4318122053605376	1.651754848135982	-0.1513592166134032	4.635267864558458	4.635267864558458	0.3188845245566311	-0.177005209472658	1.341587831136464	0.1798066220996332	-1.292912739174329e-07	-1.121003811923087e-06	2.821679504608836e-07	-8.975745998117382e-08	-6.611171383584803e-07	-4.071887172653146e-07	-1.383564476003433e-07
0.23	-0.119386851454719	0.0368440549155764	0.870755507293822	0.442697598361138	-0.3634172442220954	-0.4043784886203256	-0.1872844290556924	0.2892451868328865	0.2892451868328841	-0.1590150230220983	-0.1269366741669188	-0.007008651382308116	-0.009588558898386671	-0.6106471814683617	-0.2295467029355552	-0.2363419627863987	1.898818547627584	-0.2896703881957205	0.5743599767756759	-0.3179450419990594	1.675045085246934	1.675045085246994	0.1151577149400112	-0.09499354557996184	0.4629495892894137	-0.07431155103647356	-0.009394761374487552	-0.01158608707674909	-0.01399875386908829	-0.1852342969119525	0.1203786138807358	-0.008202438731601921	0.04238571823432031	6.368705564362697	-1.203852892452084	4.026395733117749	-4.542468440919632	-481.1157989383512	-52.3435478439333	-41.01344635355456	-1.486966365170622	-0.3650935523631966	-1.267491646995481	5.01938409870048	-0.3731272561506737	1.535815191248859	-0.09362796325914242	4.336247798825522	4.336247798821493	0.2498538829920611	-0.1847292105504307	1.24746334768681	0.1910167607999252	-1.392626170200687e-07	-1.268628401945315e-06	2.965443925312901e-07	-1.160815691840523e-07	-6.656592215498261e-07	-4.420286557857735e-07	-1.571360821783482e-07
0.24	-0.1255669303285601	0.03453122640652791	0.8683283616464023	0.4619338387587913	-0.3663314201169298	-0.3985585172519552	-0.1904661118104784	0.3062092176583234	0.3062092176583235	-0.1578508882818648	-0.1278949973258969	-0.002317518118489865	-0.01032126353494589	-0.6252232911341371	-0.23292519943216	-0.2491107033387376	1.947991607716847	-0.2930578100105765	0.5895177796073702	-0.3182209464129451	1.717350041104579	1.717350041104612	0.1176162886475689	-0.09663598529988153	0.4751620897551436	-0.07217827192406782	-0.01459331244763294	-0.008738959164283078	-0.01355519749387745	-0.185540488125324	0.118245295050546	-0.007027206496709752	0.04651323324091726	5.841597276795401	-1.587237317621836	4.047852385774462	-4.90970445090988	-479.8986955262183	-51.66743770373685	-40.8776791118341	-1.44257289376436	-0.3114641247239375	-1.288314274799411	4.844462116742607	-0.3023400667965171	1.5109193432357	0.05331583855900467	4.142246500625633	4.142246500625681	0.2540683819380512	-0.1340198377945314	1.20337632170357	0.2423214941174409	-1.512309080087365e-07	-1.432311869770264e-06	3.15093875341025e-07	-1.446267861313738e-07	-6.74206414002884e-07	-4.826239124629933e-07	-1.782687174518618e-07
0.25	-0.1318881612454554	0.03218732392854231	0.8657729057055369	0.481648665236054	-0.3692762747480627	-0.3925908067483685	-0.1936458141143811	0.3235842467870782	0.323584246787075	-0.1566635158957022	-0.1288691273392229	0.002492294455290926	-0.01103109636169328	-0.6388482994709795	-0.235771226802592	-0.2619920990701891	1.994528901201543	-0.2957977941600797	0.603908503110292	-0.3175916359896759	1.757260528416782	1.757260528416822	0.1198468195473261	-0.0981575546492048	0.486686514125734	-0.06972578631881274	-0.02008209678839907	-0.005589390878446399	-0.0131071411429805	-0.1855549142330253	0.1153916946029416	-0.005815042463082457	0.05084395700884251	5.050844923081604	-1.944209313020411	4.069335657908515	-4.99616565135943	-479.1632020954694	-51.00066415048997	-40.71053308844534	-1.296227334157239	-0.2585919482941314	-1.289929613383731	4.491685307413817	-0.2423524933510021	1.385615223403768	0.08692040098430297	3.856198090421805	3.856198090422738	0.2056276293252975	-0.1562267930376024	1.109848712414941	0.2562849784164426	-1.808385302748015e-07	-1.486989849020921e-06	4.086401953404069e-07	-1.445615072323749e-07	-7.153915935435517e-07	-5.331130944933873e-07	-1.96908068172749e-07
0.26	-0.13834039475183	0.02981747719583416	0.8630882603291438	0.5018155291167813	-0.3722450342015606	-0.386482695735834	-0.1968153869626959	0.3413465304377324	0.3413465304377344	-0.1554542217634813	-0.1298574733079515	0.007413925916312797	-0.01171448975545064	-0.6514238090283216	-0.2381140503766728	-0.2749485904442963	2.03839908840947	-0.2978387744825333	0.617597881396546	-0.3161950552954585	1.794800945485148	1.794800945485194	0.1220006378603088	-0.09947917637998356	0.4975258672034508	-0.06689038532608242	-0.02557088112906842	-0.002439822592599194	-0.01265908479207912	-0.1855693403407077	0.1125380941553411	-0.0046028784294413	0.05517468077684493	4.267987361681192	-2.301109457264725	4.089147026613844	-5.131775802377373	-478.3256156356035	-50.32186733377581	-40.51102832479473	-1.23267313786423	-0.2108233654537153	-1.303333403330524	4.311040861388782	-0.1625393013865695	1.370650299902125	0.2067698927487338	3.66823245185803	3.668232451858028	0.2387258645831588	-0.09403031408562278	1.066362063128801	0.3189045716124738	-2.160907385496336e-07	-1.506786071927803e-06	5.26185503240476e-07	-1.353408696625533e-07	-7.670209289522547e-07	-5.86768332636797e-07	-2.147495678367957e-07
0.27	-0.1449133407049886	0.0274267463093243	0.8602737779414961	0.522407765958701	-0.3752310051536543	-0.3802409893036587	-0.1999671328276398	0.3594722839438979	0.3594722839438821	-0.1542243043413741	-0.1308579502056395	0.012440446568079	-0.01236797371221731	-0.6630146672856388	-0.2399455540104947	-0.287949836079592	2.079618165678894	-0.2992556857356471	0.6306235720110104	-0.3140188902027315	1.829956810325581	1.829956810325647	0.123953541370877	-0.1005944303220167	0.5076640811374333	-0.06375954708524297	-0.03080683570909446	0.0001894963496479438	-0.01234438078659203	-0.1864921548334429	0.1105376004301895	-0.003296362009855288	0.05935281219066208	3.724809366097931	-2.729912219600934	4.107809858414704	-5.406776126617896	-478.0438376227638	-49.8394888125429	-40.27924694422767	-1.09964467134839	-0.1563545090235534	-1.298968608802553	3.962854210207943	-0.1161573649773742	1.25035103537513	0.2433239411965755	3.380365573869063	3.380365573872202	0.1689787715083408	-0.1168370749840548	0.9703793924761548	0.3173784079815302	-2.246375279058414e-07	-1.589729117429927e-06	5.375497156231988e-07	-1.566317117513581e-07	-7.466440058975696e-07	-6.021060123187757e-07	-2.282799591438291e-07
0.28	-0.1515976657410651	0.02502029225714082	0.8573291934044605	0.5433992961834139	-0.3782281232838249	-0.3738726614467044	-0.2030930602169236	0.3779378165132066	0.3779378165131894	-0.1529757766487233	-0.1318688924709037	0.01756491502597328	-0.01298870829504314	-0.6736996256102531	-0.2412586835113994	-0.3009690203218552	2.118257764967872	-0.3000682100969058	0.6429221663517354	-0.311031360163519	1.86275675811534	1.862756758115427	0.1257226919700295	-0.1015722498929256	0.5171154284291429	-0.06034051053792983	-0.03604279028902315	0.002818815291913775	-0.01202967678105487	-0.1874149693261604	0.1085371067050464	-0.001989845590244419	0.06353094360454978	3.190881247317392	-3.160236714115599	4.126604069908386	-5.744264408837341	-477.6431315877396	-49.34993311569558	-40.01775616758039	-1.051493151323632	-0.1071485388702735	-1.306921124724042	3.795145265299718	-0.04166192301552982	1.225231045154286	0.3690428820458908	3.197049041723261	3.197049041723237	0.2019752822999959	-0.06654343986076372	0.9289887346741831	0.3765442329072056	-2.236727981951417e-07	-1.695162812075562e-06	5.110960035750856e-07	-1.887896561843313e-07	-7.006210181846913e-07	-6.037963424117513e-07	-2.402748872004193e-07
0.29	-0.1583844062253411	0.02260325781911427	0.8542544204147225	0.5647645630060233	-0.3812305252799941	-0.3673850292928736	-0.2061850301683915	0.396719867910387	0.3967198679103577	-0.1517104868314707	-0.1328891649549564	0.0227805313138159	-0.01357395919614285	-0.6834884702536558	-0.2420653312206183	-0.3139743270771863	2.154353226143543	-0.300321474631895	0.6545023786159911	-0.3072464382256127	1.893258237348	1.89325823734807	0.1272979743689057	-0.1024467397963201	0.525889807843121	-0.0566733392978034	-0.04138508432736677	0.005562972337448664	-0.01176601338443799	-0.1885420765879786	0.1065167795331973	-0.0007844850332371037	0.0678056018947505	2.609402796148069	-3.537313334662883	4.135777559420687	-5.961752866145857	-477.8044584186076	-48.80157622406453	-39.72291336575295	-0.9185366267761649	-0.05503153292928476	-1.295785389526864	3.45042574394306	-0.003369763198511039	1.108916742228351	0.4006456353830204	2.917453501712089	2.917453501709722	0.1294696132597813	-0.09240763156167271	0.8339079845938802	0.3674691936361049	-2.230806471704389e-07	-1.798510662979595e-06	4.846969025816084e-07	-2.230809852959597e-07	-6.4988688799349e-07	-6.05345933252737e-07	-2.528815257867055e-07
0.3	-0.1652642264572432	0.02018063517479925	0.8510499043697132	0.5864775202804393	-0.3842327021304097	-0.3607846949313649	-0.2092356651433353	0.415795085327417	0.4157950853273929	-0.1504306112113037	-0.1339170835112643	0.02808034048376477	-0.01412140526002709	-0.6923155751341373	-0.2423763247690932	-0.3269176313760996	2.187795855328916	-0.3000231809451969	0.6654626078869292	-0.3027643648588965	1.921389962087652	1.921389962087707	0.1286398525509098	-0.1031014643390294	0.5339540048504694	-0.05277954309484856	-0.04672737836563826	0.008307129382984592	-0.01150234998769417	-0.1896691838498077	0.1044964523613421	0.0004208755237667567	0.07208026018501903	2.033279048092335	-3.915073369703228	4.144770248071778	-6.230595106093635	-477.9050165256557	-48.25754327006499	-39.39055129647668	-0.8591451987393625	-0.00801770672148246	-1.294520633440495	3.264578867240336	0.06864972132193481	1.101234446490803	0.5084731678078929	2.723098143121903	2.723098143121893	0.1552944389255795	-0.02259036772372427	0.7869522533482082	0.4218692254728842	-2.226354285852843e-07	-1.901035927619335e-06	4.583193383420722e-07	-2.582136492104378e-07	-5.972948424587249e-07	-6.06840021290121e-07	-2.657294023283645e-07
0.31	-0.1722276982431607	0.01775731879427793	0.8477163427853835	0.6085121316810856	-0.3872292453724169	-0.354078133833368	-0.212237900801482	0.4351402614817893	0.4351402614817579	-0.1491381813835256	-0.1349509243701148	0.03345739124891445	-0.01462879878855603	-0.7002202918825858	-0.2422100227058879	-0.3397717058220618	2.218697281379078	-0.2991961630188468	0.6757409684562474	-0.2975777679496308	1.947264804674332	1.947264804674366	0.1298315186664978	-0.103640476362313	0.5413412146026879	-0.04866062556333878	-0.05216985173029366	0.01099973000932081	-0.0112893966859988	-0.1909299738604129	0.1023381486067552	0.001654374743184613	0.07643881266313318	1.380876182206555	-4.290258240621203	4.151707172892137	-6.377313028435518	-478.4879614926172	-47.77261913746263	-39.01683535914053	-0.7323163525176324	0.04043968527353511	-1.27752017156671	2.938592157837487	0.1033348330378054	0.9746081520559421	0.5395027756675109	2.462661624282663	2.46266162427959	0.09863180925205897	-0.06545720840051079	0.6973066411499492	0.4129386723941032	-2.24034273011528e-07	-1.986579642250046e-06	4.341454388822578e-07	-2.896799388451391e-07	-5.525324363593564e-07	-6.062981250469508e-07	-2.773999752576617e-07
0.32	-0.1792654534844928	0.01533796253887509	0.8442549065923155	0.6308428908790188	-0.3902147970342161	-0.3472720948716947	-0.2151851205258999	0.4547327829235805	0.4547327829235654	-0.147834329072297	-0.1359893354669897	0.0389048543725842	-0.01509379601068904	-0.707172266215813	-0.241584299745396	-0.3524925531237381	2.247025414786581	-0.2978248649026429	0.6853581806217068	-0.2917611781130919	1.97085901957468	1.970859019574694	0.1309243492371454	-0.104015511936389	0.5480364765545581	-0.04430028181566718	-0.05761232509491872	0.01369233063565558	-0.01107644338410575	-0.1921907638710426	0.1001798448521616	0.002887873962594946	0.08079736514127775	0.7294886379152943	-4.665628601381121	4.158683012799553	-6.561785199162689	-479.0724544181245	-47.30487441788369	-38.59838501166885	-0.6685967156951066	0.08386647273585431	-1.267875204583332	2.749920338708554	0.177505759292696	0.9690047657190588	0.634471753262587	2.266972605855696	2.266972605855708	0.1355273299375025	0.01020492211780983	0.6485626932785514	0.4701544687052464	-2.262348839644666e-07	-2.064740074268137e-06	4.109296545440617e-07	-3.195521527060242e-07	-5.111742213188561e-07	-6.048710182470179e-07	-2.885586770511493e-07
0.33	-0.186368148123328	0.01292712505640996	0.840667014762991	0.6534443760403145	-0.3931841276627392	-0.3403732532932341	-0.2180708807219265	0.474550161128555	0.4745501611285294	-0.1465200855197081	-0.1370309373256049	0.0444158986389605	-0.01551415707791521	-0.7132144479669331	-0.2405099123981799	-0.3650508206106101	2.272847232350761	-0.2959645506715077	0.6943095794928061	-0.2852864990024538	1.99224102593615	1.992241025936107	0.1318987490360334	-0.1042766131612723	0.5540567090504657	-0.03974605132484767	-0.06315250929750958	0.01634659926783716	-0.01091953522863858	-0.1936073829152334	0.09803141684267411	0.004066747434783671	0.0852499617463935	0.04990548703137275	-5.010590226920809	4.158813807392272	-6.671604829246341	-480.1044022441541	-46.82185405122501	-38.13235346124546	-0.5491522583352066	0.1301516766041083	-1.244653262326574	2.43469529242055	0.2020338258075527	0.8428781136928195	0.6696203034722853	2.017533761929371	2.017533761920879	0.07424042855320324	-0.03987126342138922	0.5613378831119514	0.4522251225063859	-2.285513088276139e-07	-2.096254323637701e-06	4.046399902602897e-07	-3.415226948325411e-07	-4.668192983178922e-07	-5.986740449297113e-07	-2.966671220250915e-07
0.34	-0.1935266892503827	0.0105292168095949	0.8369545701104802	0.6762913559426824	-0.3961325072347988	-0.3333879635928821	-0.2208887632641445	0.4945701032192585	0.4945701032192422	-0.1451969291443807	-0.1380742709202231	0.04998366210136868	-0.01588814228358598	-0.7183415638586236	-0.2389984526153798	-0.3774031177609654	2.296124363000859	-0.2936346536090271	0.7026478049994018	-0.2781856473514922	2.011371796723093	2.011371796722992	0.1327069137824659	-0.1043618591313554	0.5593803157609785	-0.03502510950458584	-0.06869269350004074	0.01900086790002487	-0.0107626270730233	-0.1950240019594322	0.09588298883318543	0.005245620906976991	0.08970255835155976	-0.6326288845023443	-5.355254902141183	4.15914879528338	-6.806454540494833	-481.1952931457586	-46.36766076053616	-37.61656894177391	-0.4855835438091479	0.1712809598526753	-1.226681137279974	2.2409829558922	0.2714223255617713	0.8463700928183576	0.7597062613273334	1.816725490950286	1.816725490950267	0.102280319446378	0.04537597307784604	0.5092375361996188	0.5034967345937089	-2.309230477971295e-07	-2.105489799204984e-06	4.064344430174367e-07	-3.597193041904045e-07	-4.210331118134234e-07	-5.901989264100769e-07	-3.033187279210418e-07
0.35	-0.2007321175220552	0.008148565803003672	0.8331197185533108	0.6993587899771221	-0.3990553327177443	-0.3263225411013236	-0.2236325744974081	0.5147704841675744	0.5147704841675457	-0.1438662245332347	-0.1391178956087303	0.05560133301093162	-0.01621408704204617	-0.7225974457164719	-0.2370626555370836	-0.3895197330897132	2.31694721489776	-0.2908568679999962	0.7103111697282863	-0.2704958291622437	2.028339936709493	2.028339936709475	0.1334324079227057	-0.1043574217124912	0.5640425094698238	-0.03013673308901759	-0.07404919215593168	0.02129145491769689	-0.01070359364181959	-0.1969756568672879	0.09427622118071177	0.006387483735830347	0.09402001026692945	-1.166205488083948	-5.706191442093997	4.156215995578647	-7.004064899742915	-482.6305382410455	-45.97400835547833	-37.04957303095556	-0.3735550778256222	0.2150198630148717	-1.197113704890701	1.940688362838538	0.2922214300786042	0.7072364115236935	0.7857351186145807	1.582250938703747	1.582250938716126	0.05712493098043969	-0.02101714015281455	0.4279389583852194	0.4858628121429702	-2.343858703187832e-07	-2.144142699556361e-06	3.947375850636045e-07	-3.824469426871111e-07	-3.842694371151083e-07	-5.84019594748071e-07	-3.119645512799408e-07
0.36	-0.2079756975265214	0.005789330923434751	0.8291651084480103	0.7226220029417789	-0.4019481273943028	-0.3191843016127541	-0.2262970644446009	0.5351296250529821	0.535129625052967	-0.1425283767867286	-0.1401612748763781	0.06126227159161438	-0.01649027709292979	-0.7259719104164191	-0.2347152272109176	-0.4013548273871818	2.335280149044649	-0.2876284923307679	0.7172112044011755	-0.2623213901373481	2.043123784144653	2.043123784144717	0.1341355408496447	-0.1043127749513679	0.568033849985	-0.02507416798926708	-0.07940569081180324	0.02358204193536457	-0.01064456021039054	-0.198927311775165	0.092669453528234	0.007529346564673764	0.09833746218231783	-1.707127657113242	-6.056953940894235	4.154526200948203	-7.213176136790233	-484.1869196833612	-45.62133217647767	-36.42937077831657	-0.3093001122289765	0.2536072094266723	-1.17037693102412	1.742999405889983	0.3615403376012317	0.693704081619319	0.8566304284567594	1.37986698070237	1.379866980702373	0.09780807678616592	0.05341784152964982	0.3750668974657958	0.5383344714301638	-2.384194134677091e-07	-2.19818317594865e-06	3.759837338147985e-07	-4.075446579641357e-07	-3.52225230130781e-07	-5.790411362115937e-07	-3.216535037733052e-07
0.37	-0.2152487626252589	0.003455573925289792	0.8250936405776061	0.7460564281545402	-0.4048065072367459	-0.3119811679588301	-0.2288773395321011	0.5556260367352174	0.5556260367352485	-0.1411833066502722	-0.1412043939425996	0.06695989332536843	-0.01671502173145945	-0.7285036013827787	-0.2319727880198702	-0.4128803036577773	2.351205611060565	-0.2839790075290767	0.7232696545330773	-0.2536560339050377	2.055808362113485	2.055808362113472	0.1349011288699534	-0.1043221276707754	0.5713836655929646	-0.01984854880874613	-0.08483289460541243	0.02584832803239208	-0.01063595311198325	-0.2008990663977717	0.09108301736441532	0.008547058820055782	0.1027125671955468	-2.26341639869258	-6.350067283801549	4.142457209971138	-7.366568431842816	-486.0197267014938	-45.18509928945329	-35.75133043141222	-0.2044408243045269	0.2939865995192451	-1.134934634245024	1.457462920262193	0.3771644716694139	0.5397674374518528	0.8831272393042141	1.160289711823933	1.160289711812343	0.06898822770510471	-0.02962542521528982	0.2988402901079592	0.5189175970769242	-2.491425792421085e-07	-2.224921019815296e-06	3.7004255030549e-07	-4.1960379373036e-07	-3.438352852977015e-07	-5.761639195800842e-07	-3.295314206565322e-07
0.38	-0.2225430120807574	0.001151126184170328	0.8209086576126629	0.769638136651623	-0.4076262898471329	-0.3047218794118871	-0.2313686332535408	0.5762388014985192	0.5762388014985839	-0.1398299698210187	-0.1422479092553018	0.07268779349473148	-0.01688666178704119	-0.73020878176773	-0.2288533758058189	-0.424057846295054	2.364736805909271	-0.2799090459187332	0.7284421830040312	-0.2445251169252774	2.066394400356335	2.066394400356244	0.1357888794123348	-0.1043920242517603	0.5740895371067778	-0.01445325139967086	-0.09026009839898996	0.02811461412943182	-0.01062734601373201	-0.2028708210203533	0.08949658120060311	0.00956477107545751	0.107087672208795	-2.830190551817379	-6.642592532823208	4.131720186596207	-7.519782072101844	-488.0185262671853	-44.79898215407503	-35.0197061561114	-0.1439979959473399	0.3290018140274775	-1.100790204360352	1.264145972447935	0.4456356993317144	0.5165197494297175	0.9497425779467469	0.9601590355059538	0.9601590355059514	0.1222405812006886	0.04130906921416736	0.2462780786355045	0.5722701171410316	-2.636883865167786e-07	-2.236057359381575e-06	3.714228912187518e-07	-4.242123126332697e-07	-3.489620616939068e-07	-5.744874126085564e-07	-3.36374460048252e-07
0.39	-0.2298501346069677	-0.001120368502317025	0.8166137322750144	0.7933432186968555	-0.4104035822293454	-0.2974143199658038	-0.2337666456472263	0.5969469784413838	0.5969469784414172	-0.1384678839343657	-0.1432917486425209	0.07843942286313867	-0.01700391713378407	-0.7310774792097157	-0.225394793766802	-0.4348597276785714	2.375887101812514	-0.2755046534296781	0.7330193760725022	-0.2350302686372713	2.074892906091395	2.074892906091249	0.13657552938565	-0.1043174083602362	0.5761183962531181	-0.009004466828314741	-0.09572682475507238	0.03009774671314461	-0.01063609634780813	-0.2046910768042907	0.08749923197726245	0.01068157026219581	0.111450286645379	-3.537388227559107	-6.955339281666992	4.126234383808098	-7.488263520753857	-490.141295976297	-44.53811939321582	-34.23996527903805	-0.0375375300839846	0.3618163614030871	-1.059833257907592	0.9816265475626097	0.4447958420096669	0.4204927142424181	0.9564199304520363	0.7425518237646438	0.7425518237563722	0.04861422971184273	-0.00054890600463161	0.1634189189898231	0.5304995302416812	-2.86726795495567e-07	-2.1602696654611e-06	4.74638088157452e-07	-4.034735125982138e-07	-3.662305759752722e-07	-5.743775092540397e-07	-3.436589215578133e-07
0.4	-0.237161790489954	-0.00335577137590144	0.812212798893019	0.8171480347307785	-0.4131354397230082	-0.2900625538632925	-0.236068296762787	0.6177297115378597	0.6177297115378474	-0.1370995841431364	-0.1443330592218265	0.0842077866402809	-0.01706682125419171	-0.7311154531220838	-0.2216350132252313	-0.4452594551644737	2.384683603647758	-0.2708220682079354	0.737283514288441	-0.225252861300277	2.081305631076803	2.081305631076603	0.1370316603315594	-0.1038862626737622	0.5774364188537223	-0.003583006132607358	-0.1011935511111295	0.03208087929687422	-0.01064484668206117	-0.206511332588202	0.0855018827539307	0.01179836944896114	0.1158129010819741	-4.254653325080694	-7.268257594721345	4.122985616653796	-7.457924091984554	-492.42314912897	-44.33051000788764	-33.4177461135957	0.02214670997608168	0.3892415145382666	-1.020359424837344	0.7933871588481369	0.5012742458692061	0.453908778923276	1.006254387744379	0.5430028855756281	0.5430028855756279	0.05613677571947628	0.1126150282041549	0.1041107694883273	0.5668053420112881	-3.150556776670848e-07	-2.030332573630844e-06	6.412913921283916e-07	-3.669445794542615e-07	-3.910627958244422e-07	-5.752435229068413e-07	-3.512183673375055e-07
0.41	-0.2444698012773708	-0.005552039929619572	0.8077099961962033	0.8410291622577849	-0.4158191245558273	-0.2826695207585643	-0.2382708185140704	0.6385663008516971	0.6385663008516963	-0.135728315775311	-0.1453681868700838	0.0899859764622972	-0.0170755835788486	-0.7303608498511699	-0.2175647116155803	-0.4552220105529312	2.391158762181277	-0.2658687156100471	0.741229599007486	-0.2152094596791206	2.085683425681091	2.085683425681032	0.1372087628197776	-0.1031173036948796	0.5781051820195772	0.001839550176814202	-0.1063906451582548	0.03369640607246113	-0.01075711965973729	-0.2090377744145124	0.08458503737544695	0.01270139404106697	0.1199984345784536	-4.645494903799464	-7.541666485696305	4.109072547178701	-7.684793454476621	-494.9451382266288	-44.03068959788138	-32.55868793407602	0.1210091811715428	0.4239519326319918	-0.9724227681687796	0.5171203042525812	0.4994473331334439	0.3506326322773248	1.009687440952138	0.3359177011360462	0.3359177011571923	-0.003775312549876908	0.06252701549620553	0.03373226861869309	0.5315656938630315	-3.454865526332513e-07	-1.97277428143026e-06	7.737935392451376e-07	-3.435460251395542e-07	-4.201705996758245e-07	-5.785188230223695e-07	-3.644337471471913e-07
0.42	-0.2517664876229759	-0.007705999977550546	0.8031099241110392	0.8649635493908503	-0.4184518595493943	-0.2752398919438686	-0.2403716453708133	0.6594368181022177	0.6594368181022557	-0.1343557308421492	-0.1463949267920533	0.09576794855166855	-0.0170298033567203	-0.7288505647593388	-0.2131733120677994	-0.464713332834126	2.395335524860749	-0.2606321003567603	0.7446026562818145	-0.2049138823919215	2.08809121841661	2.088091218416691	0.1372949733910735	-0.1022087174053611	0.5781928723248202	0.007325503224452555	-0.1115877392054392	0.03531193284802969	-0.0108693926370676	-0.2115642162408637	0.08366819199695499	0.01360441863314065	0.1241839680748868	-5.045183887635194	-7.816085465969606	4.098244165943318	-7.921152386634652	-497.6110724781894	-43.78435635171398	-31.66848975780505	0.1732830741594201	0.4534611021642991	-0.9261128033848136	0.3337079880386499	0.5579267769489192	0.3393032899799618	1.056689520952902	0.1490025118216988	0.1490025118216982	0.03795839233497246	0.1405404903313171	-0.01210380263398239	0.5794846896546492	-3.773425074601963e-07	-1.964286361859962e-06	8.831423596810741e-07	-3.290494225734874e-07	-4.521771045456555e-07	-5.834275376888988e-07	-3.814836585026353e-07
0.43	-0.2590442380035001	-0.009814634747491493	0.7984173779060767	0.888928318861764	-0.421031034418886	-0.2677789343131501	-0.2423686052524047	0.6803216074766741	0.6803216074767117	-0.1329832275997846	-0.1474116964855438	0.1015476962519798	-0.01692921411788618	-0.7265763582228713	-0.2085190253700442	-0.4737104523597211	2.39726007193377	-0.2551672691549783	0.7475189168559684	-0.1944594625257224	2.088548706225619	2.08854870622576	0.1371725389224852	-0.1011132992913586	0.57764537420914	0.01278166900852541	-0.1170284796986739	0.03729749081042066	-0.0109603074608003	-0.2134608292857124	0.08180547184673205	0.01427580913993133	0.1284798749162145	-5.762888096629511	-7.93075149670478	4.057980378489151	-7.752385117238238	-500.3448866987321	-43.28823355414445	-30.75269808676446	0.2729670859612118	0.4765403563826802	-0.8737863084501535	0.06808381012238306	0.5462192927194636	0.2569629845810675	1.0426129296036	-0.05349287847643058	-0.05349287846749231	-0.04258789754501194	0.09906489586292933	-0.09284219844459603	0.5272869034148316	-3.737922446426916e-07	-1.946971976992528e-06	8.04534022463938e-07	-3.220746384223112e-07	-4.559107079515003e-07	-5.550137714300753e-07	-3.715054851563383e-07
0.44	-0.2662955507901502	-0.01187570106989467	0.7936374055495976	0.9129015849520385	-0.4235544693761833	-0.2602909789679919	-0.244260461993305	0.7012014487704307	0.7012014487704785	-0.1316129974083044	-0.1484165075131375	0.1073186150946528	-0.0167743423450852	-0.7235630459835581	-0.2036596225602438	-0.4821985631374305	2.397034848734334	-0.2494841179161276	0.7500021991680386	-0.1838932542535076	2.087101602277952	2.087101602278154	0.1368403632103199	-0.0998169842202284	0.576427100797081	0.018182010017848	-0.1224692201919358	0.03928304877281731	-0.01105122228438939	-0.2153574423305757	0.07994275169651535	0.01494719964674141	0.1327757817575135	-6.486562199113494	-8.04593804160686	4.019588546895252	-7.60204491485332	-503.1840262112797	-42.84424831294584	-29.81690585349768	0.321104214728422	0.4944843245733665	-0.8243110538076819	-0.09624606645282381	0.6015907843626591	0.2527076375632475	1.07904720215605	-0.2319158395135679	-0.2319158395135623	-0.003989856380473347	0.1807198817568528	-0.1462588619096817	0.5683197347045986	-3.441531898766446e-07	-1.923153880853522e-06	5.874309375024307e-07	-3.206422467873701e-07	-4.388116471207233e-07	-5.020465981736232e-07	-3.416118809771793e-07
0.45	-0.2735132008211243	-0.01388713774280247	0.788775221349997	0.9368619764124503	-0.4260198709702823	-0.2527812767692312	-0.2460462183872292	0.7220573938815332	0.7220573938814587	-0.1302462144272061	-0.1494080009102225	0.1130741630781597	-0.01656550969156681	-0.7198529737876402	-0.1985898367491376	-0.4901428498299223	2.394684672851108	-0.2435678400077302	0.7518094832036452	-0.1732536615406631	2.083785145512476	2.083785145512514	0.1365195763214819	-0.09849780424003238	0.5745901446497741	0.02357792111600781	-0.1275555970012875	0.04050128253906757	-0.01123198833825954	-0.218111224707141	0.07905635118228325	0.01568986062599604	0.1368157457421517	-6.910185094141015	-8.246564395726741	3.997045451588212	-7.700693639866195	-506.2503424781915	-42.60494766759191	-28.87622954697129	0.4130716912198019	0.5188429992868913	-0.7652596764215632	-0.3582078449895176	0.5910664478292277	0.1251468860578656	1.057069754591302	-0.4267860926557493	-0.426786092680336	-0.04591644332026117	0.1052481273424362	-0.216346428252954	0.524486596305926	-4.080049725395898e-07	-1.62799661888361e-06	1.123814877889806e-06	-2.146582281210258e-07	-5.11306742015892e-07	-4.735935690629986e-07	-3.721435166530727e-07
0.46	-0.2806903275362769	-0.01584675309961743	0.783836439843581	0.9607881052148777	-0.4284252257545274	-0.2452574201102766	-0.2477254479642829	0.7428711193253387	0.7428711193253499	-0.128882597982341	-0.1503867562936715	0.1188085550127646	-0.01630286596728012	-0.7154583828238097	-0.1932953593416741	-0.4975180245004938	2.390182317138635	-0.237474755949248	0.7528330912191525	-0.1625878908781045	2.078657668843357	2.078657668843231	0.1362070559052182	-0.09726938141215821	0.5721958910179988	0.02894422417152986	-0.1326419738110417	0.04171951630509154	-0.01141275438899551	-0.2208650070840488	0.07816995066793192	0.0164325216048199	0.1408557097265303	-7.33389043124929	-8.449813651406819	3.977933261178761	-7.839096077793905	-509.3389735349984	-42.3955994526834	-27.93637026697548	0.4580079683108682	0.5394226438449014	-0.7104886494236209	-0.526682032302474	0.6369520143797657	0.09597243354338061	1.084282792098858	-0.5941198202421064	-0.5941198202421029	-0.002336561865678596	0.1625684512924309	-0.2577183588032732	0.5623981261770444	-5.466494251457277e-07	-1.115768024248975e-06	2.26298843855628e-06	-2.503290782955984e-08	-6.554771614918165e-07	-4.647518552690358e-07	-4.510153442130073e-07
0.47	-0.2878200799733772	-0.01775244511284787	0.7788268055649956	0.9846585806483137	-0.4307690250322811	-0.2377249491284393	-0.2492980636390824	0.7636245031858871	0.7636245031859212	-0.1275237160912167	-0.1513520899138261	0.1245161100804425	-0.01598710820821697	-0.7103841679185088	-0.1878214340039369	-0.5043073734118672	2.383586062847753	-0.2312402251099277	0.7534387061331607	-0.1519412746614591	2.071735733302273	2.07173573330211	0.1356787155872005	-0.09586970211009377	0.5692215286811669	0.03422172570981491	-0.1379652637671087	0.0432552469320094	-0.01156063417254587	-0.2231736998486616	0.0764691396343546	0.01696471145176496	0.1450130350753597	-8.036642903531792	-8.505612470857711	3.927106862397305	-7.615819287649938	-512.5705313779291	-41.97446376671881	-26.9959032326756	0.5482611336049188	0.5546314890609113	-0.6480838343551237	-0.7751733400185506	0.6231643672742043	0.009050173672134386	1.053946449542388	-0.7836383842940488	-0.783638384299688	-0.06168719020339723	0.1183723653466465	-0.3313571213452081	0.5124011237074563	-6.06174455440997e-07	-7.943980765308087e-07	2.835377859620168e-06	8.082336878937706e-08	-7.136049673162837e-07	-4.187968927085673e-07	-4.834969855447331e-07
0.48	-0.2948958636850448	-0.01960274707063671	0.7737522926328243	1.00845327829632	-0.4330491868519375	-0.2301931831667662	-0.250764394069096	0.7843001860984544	0.7843001860983856	-0.1261668384881191	-0.1523054858015884	0.1301911091347108	-0.01561818044256044	-0.704664637734616	-0.1822173482533533	-0.5104937552176695	2.375026760055337	-0.2247472643279795	0.7526920871808974	-0.1413308419210053	2.063117479231094	2.063117479230893	0.1358061983318536	-0.09488183498071966	0.5656846883354574	0.03957822549023298	-0.1432885537231288	0.04479097755899563	-0.01170851395798764	-0.2254823926130914	0.0747683286008391	0.01749690129887087	0.1491703604241864	-8.739777342201617	-8.561798299407105	3.876862486758305	-7.441489182746976	-515.8375075191735	-41.60972710710825	-26.05414276436336	0.5870710240291754	0.5654547264142065	-0.5898952283093963	-0.919291732609649	0.6886380029052752	-0.1744743397108767	1.077046096860547	-0.9333835262611987	-0.9333835262611806	0.1288280506684541	0.08020601675434461	-0.3702139605787747	0.5781977746036566	-5.970297984475889e-07	-6.386790299099509e-07	2.915841423670496e-06	1.139744376925353e-07	-6.970542782734489e-07	-3.406304312186783e-07	-4.757154463765047e-07
0.49	-0.3019113258290887	-0.02139639262728332	0.7686189813075039	1.03215264757386	-0.4352634064907861	-0.2226734790489089	-0.2521248909386831	0.8048812029831008	0.8048812029830299	-0.1248070500621026	-0.1532495531633667	0.1358279643747592	-0.01519563523334685	-0.698320151072674	-0.1764933481270506	-0.51605999025437	2.36450709825698	-0.2180826429339532	0.7511921861763016	-0.1307945676130225	2.052794140970115	2.052794140970085	0.1361064484302776	-0.09389323950737094	0.5615911417134949	0.04490593215723437	-0.148462568566133	0.04585104760808001	-0.01180615990659153	-0.2281365423652014	0.07330613677296334	0.01800972143002523	0.1531915363747475	-9.37740530300951	-8.618870167648785	3.824277343642524	-7.247956564550146	-519.2283823064536	-41.320179817484	-25.11101093905579	0.6742170511307483	0.5786609077431629	-0.5238475084618668	-1.169382160387207	0.6571439580374836	-0.1466560774728419	1.038012755354034	-1.125478096689857	-1.125478096664234	-0.02609951806933434	0.1145313487220931	-0.443215387941454	0.5060700948377961	-5.852975825953646e-07	-4.98212955121055e-07	2.997149540338699e-06	1.451470710807389e-07	-6.783268047930751e-07	-2.553373465450738e-07	-4.693981443725257e-07
0.5	-0.3088601271937407	-0.02313224053226607	0.7634332356583945	1.055736604482024	-0.4374106259656197	-0.2151705555604241	-0.2533808061336742	0.8253502526609989	0.8253502526609342	-0.1234456037365838	-0.1541824655632159	0.1414210260736009	-0.01472061036104555	-0.6913324818565596	-0.1706578179205826	-0.5209806199755219	2.351944286181078	-0.2113472315244773	0.7493359613061492	-0.1204145070015567	2.040724037882199	2.040724037882339	0.1361377782287503	-0.0926508425901456	0.5569259800940777	0.05007415810781373	-0.1536365834092045	0.04691111765715805	-0.01190380585503405	-0.2307906921173295	0.07184394494508786	0.01852254156116689	0.1572127123252463	-10.01713857715415	-8.676663959520768	3.773054616105415	-7.098473505127487	-522.6780900684273	-41.09195281240172	-24.1670525566065	0.7157075348635624	0.5877607424472938	-0.4607741651996525	-1.327921788118619	0.7027960059951889	-0.2457391128221425	1.045803357557145	-1.282736491648684	-1.282736491648683	0.0750439906781153	0.1309663055296363	-0.4845369600696662	0.5463016313192508	-5.711300172289604e-07	-3.721026185269469e-07	3.079252530059017e-06	1.744576475136911e-07	-6.575505930185467e-07	-1.633368518162077e-07	-4.644589479348991e-07
0.51	-0.3157360230442723	-0.02480923970426281	0.7582015431988756	1.079185082079662	-0.4394901106520992	-0.2076879627450794	-0.2545337368981995	0.84569012628191	0.8456901262818272	-0.1220850305932733	-0.1551017990380189	0.1469647121022566	-0.01419460664071792	-0.6837467434769916	-0.1647294109726807	-0.5252444251929481	2.337423610595016	-0.2045392016036089	0.7470783071601823	-0.1102130927902219	2.02697431398747	2.026974313987479	0.1359663597626074	-0.09121548235562178	0.5517237582732154	0.05510252475048745	-0.1586573859323709	0.04779237714300019	-0.01195889432097082	-0.2336562804130968	0.07059393360809683	0.01883565250927903	0.1610819805603775	-10.59888926599614	-8.649897073639883	3.699234521134365	-6.90354112795649	-526.1691739806922	-40.746893543445	-23.22333437398811	0.7949280971488373	0.5973093492024039	-0.392296101205475	-1.563367100918958	0.6709963749866331	-0.2318358020410904	1.001093420009551	-1.462453792347119	-1.462453792367014	-0.06474340345825003	0.1504934611132348	-0.5511767268732994	0.4771797477420905	-5.580988584023677e-07	-2.780579959450382e-07	3.135168072499407e-06	1.984290510093559e-07	-6.409552878801408e-07	-7.650981390369672e-08	-4.60510552867009e-07
0.52	-0.3225330772894796	-0.02642656907113251	0.7529305902069444	1.102478507590014	-0.4415012770614033	-0.2002311579185065	-0.2555858969271953	0.8658842299730768	0.8658842299729859	-0.1207264733622382	-0.1560066443947664	0.1524537535259476	-0.01361910414056366	-0.6755641607915933	-0.1587238568951764	-0.5288327264580186	2.320933868726191	-0.1976835760885728	0.7441783635519269	-0.1002603598953631	2.011570051934259	2.011570051934135	0.1357345957685483	-0.08975321897312021	0.5459970591012057	0.05997391407318854	-0.1636781884556389	0.04867363662881322	-0.01201398278665621	-0.2365218687088849	0.06934392227110471	0.01914876345735279	0.1649512487954201	-11.1838954911361	-8.623372166928641	3.626382433165277	-6.748369664279951	-529.7347574907958	-40.46450618878688	-22.28153981679318	0.8350763960295361	0.6031901683678283	-0.3256733747285044	-1.721735044671129	0.7123151248287276	-0.3741970052798723	0.9960670942619726	-1.613644123345321	-1.613644123345324	0.06297488509481237	0.1363469351251488	-0.589432430299104	0.5149061673247188	-5.462272980857868e-07	-2.16733489702109e-07	3.164361729960277e-06	2.169523188547275e-07	-6.286262140030845e-07	5.038186441104883e-09	-4.575731796049727e-07
0.53	-0.3292454798513834	-0.02798355184843044	0.7476271539485837	1.12559755403332	-0.4434435753932051	-0.192806698010658	-0.25653977566504	0.8859162359047618	0.8859162359047599	-0.1193701638810947	-0.1568968464790847	0.1578829912480902	-0.01299554818629872	-0.6668231247893134	-0.1526686212234704	-0.5317385430756797	2.302567664421835	-0.1907626017206299	0.7405696250964682	-0.09056522135540232	1.994572268306357	1.99457226830633	0.1355667558235617	-0.08830483396901112	0.5397702341450468	0.06472141197745167	-0.168699689921552	0.04938090078195155	-0.0119972355770659	-0.2392501578152052	0.0677634074758048	0.01942503546331318	0.1687737829258266	-11.87759298964135	-8.558497761857334	3.543622960058271	-6.42313033119446	-533.2829450521526	-40.18905032067762	-21.34461314585282	0.9075313711327604	0.6073472041792564	-0.2557629145581159	-1.940308885976815	0.6836038978153445	-0.376213824887909	0.9487621817025295	-1.781584191293096	-1.781584191278641	-0.0506750631687712	0.1470707436552644	-0.6513286134374598	0.4519494119204089	-5.27297936847221e-07	-1.213595793452712e-07	3.181350194530013e-06	2.41176839052748e-07	-6.125041367731682e-07	9.000194206568434e-08	-4.474235013862549e-07
0.54	-0.3358676892195055	-0.02947985088149009	0.7422981141021917	1.148523689281039	-0.4453163409203247	-0.1854227257991976	-0.2573981980279185	0.9057705162584362	0.9057705162584907	-0.1180143351251976	-0.1577729674211913	0.1632475565036393	-0.01232506169100279	-0.6575255220348101	-0.1465871080475199	-0.5339534440642693	2.282351629611102	-0.1837770151511561	0.7360808242726566	-0.08116908490185797	1.97602493632724	1.976024936327309	0.1356384507236446	-0.08693699054085033	0.5330625657823651	0.06936002227944918	-0.1737211913875446	0.05008816493509438	-0.01198048836808353	-0.2419784469214901	0.06618289268052038	0.01970130746929649	0.1725963170561516	-12.57362081458346	-8.494290754754431	3.462200342347051	-6.140502340166856	-536.8909491528641	-39.97465162425998	-20.41782015576807	0.9463897464741285	0.6084456692167498	-0.1874902489141924	-2.091701145946579	0.7252375651348901	-0.5502094789504124	0.9362666769787177	-1.923553793588453	-1.923553793588465	0.1108818541086716	0.1202386199354492	-0.685601111603568	0.4931286468715969	-5.005599448013524e-07	1.168601215887012e-08	3.184835041432963e-06	2.717091278111462e-07	-5.92185545195407e-07	1.787448311912947e-07	-4.29294251726102e-07
0.55	-0.3423943397425011	-0.03091528067264293	0.7369503980239684	1.171238705196094	-0.4471189673719794	-0.1780866080822755	-0.2581641813101003	0.9254316138672573	0.9254316138672768	-0.1166576042681521	-0.1586348718728132	0.1685426611428416	-0.01160880658505092	-0.6477194629218177	-0.140501467544447	-0.5354711132826497	2.260351068459703	-0.1767503070357783	0.731107659740313	-0.0720917101537399	1.955936154311353	1.955936154311358	0.1356433224259703	-0.0853981845100463	0.5258766412550216	0.0738532038182723	-0.178581303045257	0.05065395010125516	-0.01188216556938795	-0.2448337153267759	0.06467848443451348	0.01979104549622814	0.1762526742127182	-13.25139989672458	-8.342909143978121	3.356188543692518	-5.760191240604174	-540.468852738444	-39.64753127523775	-19.50378437712245	1.010412351231335	0.6082883093997496	-0.1162227341452107	-2.29938837282665	0.6906437911510687	-0.4764939422732281	0.8838520809657228	-2.09022119350835	-2.090221193517968	-0.06427074670939244	0.1781926445827471	-0.7473145129802244	0.4213567001644796	-4.711980722170455e-07	1.177701433397792e-07	3.167588980676943e-06	2.943397343583145e-07	-5.667481063805967e-07	2.681107800652499e-07	-4.122549671689437e-07
0.5600000000000001	-0.3488203900028649	-0.03228992104505581	0.7315910417583923	1.193724684545007	-0.4488514754712039	-0.1708013468110484	-0.2588413150033537	0.9448840874983473	0.9448840874983172	-0.1153027368090802	-0.1594798900541284	0.1737634612588349	-0.01084883090515585	-0.6374054695080366	-0.134429224299529	-0.536281481534837	2.236544316384688	-0.1697533446639237	0.7259095351320973	-0.06339916711611988	1.93430014077869	1.934300140778632	0.1352657711281408	-0.08355973648205174	0.5182016611404631	0.07810413706817007	-0.1834414147030422	0.05121973526741273	-0.01178384277096228	-0.2476889837320495	0.06317407618851642	0.0198807835231662	0.1799090313692134	-13.93105446623606	-8.191652674405033	3.250716550374849	-5.423283687801039	-544.0995643721894	-39.37690407877139	-18.60449203897691	1.047976606631805	0.6057662175858018	-0.04603005567553384	-2.452939330669949	0.719288416430239	-0.5952014941248018	0.8593003348791445	-2.233000096943586	-2.233000096943587	0.0343972540775612	0.1801670193735056	-0.7834122290465089	0.4446789890865211	-4.386875429866128e-07	1.915005221328105e-07	3.125465830730162e-06	3.074883222520073e-07	-5.351680508813276e-07	3.582244006372188e-07	-3.96523640735379e-07
0.5700000000000001	-0.3551410047931068	-0.03360396683190137	0.7262271207571955	1.215963997636454	-0.4505139611594671	-0.163570464325009	-0.2594334128864199	0.9641127378132679	0.9641127378132872	-0.1139521950369057	-0.1603058139554243	0.1789052300341683	-0.01004721858727571	-0.6266429923843913	-0.1283874808736359	-0.5363825752653015	2.211035188418791	-0.1627398909945761	0.720083353844569	-0.05509525481334868	1.911190299533583	1.911190299533542	0.1349112121268969	-0.08166525360424307	0.5100820195349731	0.08219597853368234	-0.1880810326937352	0.05152254109694639	-0.0116290931580736	-0.2507300255906704	0.06182738032858795	0.01988946168360377	0.183360761152894	-14.56106710861879	-8.009407541993998	3.135189085370181	-5.054078378657767	-547.6678486424623	-39.10850407265249	-17.7214591446193	1.101493928958196	0.6023092198156411	0.02576902326095504	-2.642441885371913	0.6925186258488565	-0.6042021815983231	0.804709880673123	-2.385842014180156	-2.385842014177591	-0.05998493160891548	0.1886787695219326	-0.8367083998661368	0.3876828394452982	-4.046374369652828e-07	2.560436770403686e-07	3.043859192277599e-06	3.151669240462466e-07	-5.019426614737712e-07	4.312085359922354e-07	-3.768535202776744e-07
0.58	-0.3613517726793703	-0.03485780902154328	0.7208657724296931	1.23793971097707	-0.452106283354311	-0.156403418798945	-0.259944717005917	0.9831031165405679	0.9831031165406275	-0.1126031193456089	-0.161113875058433	0.1839637087387336	-0.009205438631908616	-0.615436088711642	-0.1223885048587968	-0.5357669467960505	2.183824366219992	-0.155720645978748	0.7131421431357828	-0.04724041440269042	1.886645823253047	1.886645823253023	0.13497255495031	-0.07998717682494194	0.5015436469868519	0.08613766456566532	-0.1927206506844759	0.05182534692646722	-0.01147434354531405	-0.2537710674492875	0.06048068446866196	0.01989813984402914	0.1868124909365322	-15.19304238080224	-7.827064971005685	3.019929519844083	-4.72676101398551	-551.288762189611	-38.89277214500257	-16.85586322012418	1.136861916452514	0.5972127353750593	0.09731438426755828	-2.793278177250548	0.7204466857263169	-0.8182073783763812	0.7694859564566144	-2.519927104029427	-2.519927104029418	0.1175776190089023	0.1368857996719413	-0.8671584175726361	0.4146479023806573	-3.685823007046452e-07	3.086220752598683e-07	2.91083219670123e-06	3.157218230132909e-07	-4.665745116275154e-07	4.818845045530818e-07	-3.520538076024857e-07
0.59	-0.3674483638206023	-0.03605196796531069	0.7155141458319668	1.259635087063666	-0.453628414528132	-0.1493103217870922	-0.2603797442571541	1.001841007924215	1.001841007924298	-0.1112520750910711	-0.1619055966837542	0.1889347357127547	-0.008325050068436101	-0.6038077917019745	-0.1164591939628697	-0.5344390880167784	2.154974950200748	-0.1487184331545858	0.705406275463529	-0.03985424751723707	1.860699790235656	1.860699790235613	0.1351966329680337	-0.07833783667637208	0.4925892671998943	0.08989261172019725	-0.1973133430212189	0.05209045693552819	-0.01121765083598941	-0.2566033947740204	0.05875458894328096	0.01981197848987605	0.190173112762987	-15.94425164257694	-7.574504474472058	2.884161646694248	-4.191879162657893	-554.7735966576095	-38.61262707234359	-16.00846501021126	1.186909151544836	0.5884669660148337	0.1683251638970129	-2.972225399161298	0.6877667983885943	-0.7622087309102326	0.7098003038485442	-2.666773382135321	-2.666773382138286	-0.03102526064007579	0.1824258050162375	-0.9204020360717403	0.3484149904918206	-3.288567972884852e-07	3.803822493404111e-07	2.788174431433162e-06	3.206151617796488e-07	-4.293988026177844e-07	5.35364290556562e-07	-3.24735988795824e-07
0.6	-0.3734264528800803	-0.03718729846025641	0.7101793585298614	1.281033678573085	-0.4550809919301939	-0.1422967699057966	-0.2607435861896794	1.020312472581404	1.020312472581482	-0.1098999596871025	-0.162680131371038	0.1938140540335442	-0.007408612659718452	-0.5917356723594637	-0.1106228150944596	-0.532399087671919	2.124467450785488	-0.1418098916253282	0.6972331170208718	-0.03300335066142352	1.83336047795661	1.833360477956547	0.1351867848339986	-0.0765497892251403	0.4832019163403637	0.0933474336148266	-0.2019060353579438	0.05235556694461146	-0.0109609581276063	-0.259435722098713	0.05702849341791252	0.01972581713577269	0.193533734589454	-16.69770659448503	-7.321210988082642	2.747890531096783	-3.693563700288046	-558.3119963645851	-38.38102474641343	-15.17968328092064	1.225626383021123	0.5786263298717135	0.2397426973850243	-3.124894856453947	0.7017124267453134	-0.9056655324570406	0.6624319505287496	-2.798582956360715	-2.798582956360724	0.07079238865710871	0.1646272602042708	-0.9537526320871733	0.3546228504001433	-2.839390671645133e-07	4.792776185414537e-07	2.680185333430498e-06	3.316458056279627e-07	-3.896660586938697e-07	5.928104524544991e-07	-2.938559710714689e-07
0.61	-0.3792819147730734	-0.03826475331890655	0.7048685215622703	1.302119316966481	-0.4564647535197555	-0.1353668086110198	-0.2610415286008101	1.03850371461066	1.038503714610656	-0.1085489858834335	-0.1634357348230392	0.1985975059545777	-0.006458809471392255	-0.5792983081557961	-0.1048852723530913	-0.5296483119101144	2.092397066010204	-0.1349561269207301	0.6887105471077593	-0.02668442284154011	1.804661462205831	1.804661462205814	0.1349500193747983	-0.07453711453927432	0.4734266578037523	0.09656898486037736	-0.2060761925934704	0.05231435737331003	-0.01063515897233964	-0.2627277491816554	0.0559346001306226	0.01950218155561474	0.1965523587506245	-17.24773123140019	-7.03757047877142	2.599627890507641	-3.299844159742201	-561.7422263255472	-38.12531140326207	-14.36959609254605	1.261501607933649	0.5688185550460658	0.3106709889257852	-3.287643210318361	0.6747496312083635	-0.8330706705078658	0.6017295063516362	-2.939475709773361	-2.93947570976655	-0.07948644826603923	0.2251850659483124	-0.9986238473828662	0.2988934502837048	-2.436405750435841e-07	5.196223197709881e-07	2.515081434356564e-06	3.253296388768378e-07	-3.481776026528523e-07	6.2342962512039e-07	-2.652977540822513e-07
0.62	-0.3850112609902582	-0.03928533268838784	0.6995887775469669	1.32287634492767	-0.4577804692345021	-0.1285235766053192	-0.2612792604720044	1.056401183517353	1.056401183517249	-0.1072020948213491	-0.1641700920295372	0.2032813630136579	-0.005478196332881174	-0.5665125371963493	-0.09924771726068966	-0.526180497214416	2.058745364344806	-0.1282007166604693	0.6798872592038677	-0.02096124267631127	1.774605853441578	1.774605853441606	0.1343702365133007	-0.07230054012658946	0.4632829439497539	0.09950942365197643	-0.2102463498289605	0.05227314780199568	-0.0103093598174508	-0.2660197762645888	0.0548407068433254	0.01927854597544257	0.1995709829118394	-17.80079003596336	-6.752518822385261	2.450136801667657	-2.938124024049181	-565.2355325783893	-37.91255228511054	-13.57821460901331	1.295307734176924	0.5586288000784345	0.3831504841638209	-3.441158234476672	0.6820415378778331	-0.9658091306128433	0.5432824195979705	-3.069901559055611	-3.069901559055606	0.002188908197562262	0.2094072055679812	-1.027443695564503	0.2984003596098095	-2.104486029273361e-07	4.698890702751239e-07	2.262108610557599e-06	2.923260712034991e-07	-3.039880510470614e-07	6.127765066600556e-07	-2.403115382240144e-07
0.63	-0.3906111339390275	-0.04025016553238021	0.6943472294122235	1.343289391697167	-0.4590290422976283	-0.1217708257957384	-0.2614626086771892	1.073991604515586	1.073991604515514	-0.1058619196557866	-0.1648814632502265	0.2078619585729976	-0.004469486749757144	-0.5534084027144147	-0.0937482846783018	-0.5220152742652259	2.023629820189001	-0.1215323162262414	0.6705947530372917	-0.0158032355976728	1.743272576199825	1.74327257619982	0.1336222499799401	-0.06996023016735169	0.4527703891632429	0.1021783328109854	-0.2145806613801236	0.05240369133699538	-0.009892892689564264	-0.2685909081845781	0.05270135369326107	0.01905487573822509	0.2026487134069141	-18.67763711629169	-6.403669542166659	2.282375174014124	-2.201421022976641	-568.4826477889528	-37.66321238432616	-12.80574234509663	1.325976135554469	0.5412398478999886	0.4502312579421273	-3.581922532589886	0.6561527601475518	-0.9213754867309977	0.4878342665856077	-3.19586137498565	-3.195861374990573	-0.1195902105944655	0.2487946468411243	-1.072977328662752	0.2426932446828563	-1.716096950698746e-07	4.720180164088401e-07	2.046154687940684e-06	2.728011848875179e-07	-2.602748434157966e-07	6.109509815014742e-07	-2.104270858098119e-07
0.64	-0.396078363576916	-0.04116087617843268	0.6891507381185012	1.363344249019823	-0.4602115486636314	-0.1151130808732202	-0.2615972219286449	1.091262528627764	1.091262528627701	-0.1045304839108187	-0.1655689410201709	0.2123354653927783	-0.003435776664916819	-0.5399838750183519	-0.08842327767270645	-0.5171691290102254	1.987107474974891	-0.1149873772339124	0.6608860817886779	-0.01121425193547691	1.710706476228055	1.710706476228018	0.1326223523869177	-0.06752184997853944	0.4418651960380005	0.1045095239954533	-0.218914972931131	0.05253423487199867	-0.009476425562243439	-0.2711620401045572	0.05056200054318123	0.01883120550101324	0.205726443902151	-19.55815259665311	-6.052731325852018	2.1126294174288	-1.485729904992828	-571.796042601569	-37.45293716713586	-12.05101222377034	1.359386377002574	0.5237436847200053	0.5193349453259353	-3.722518446137852	0.6573492494980193	-1.049042147020375	0.4294777363096772	-3.316466105058826	-3.316466105058827	-0.04819330373487752	0.2290212514828176	-1.105971363310671	0.2308567647016169	-1.233083543487579e-07	5.610511822461788e-07	1.892232437574771e-06	2.758621970622441e-07	-2.173598337958998e-07	6.239176397133983e-07	-1.723347775450725e-07
0.65	-0.4014097567726967	-0.04201918143398108	0.684006143890155	1.383026789533414	-0.4613290489116182	-0.1085541161499671	-0.2616892196246637	1.108201663952733	1.108201663952746	-0.1032103491829477	-0.1662311373399206	0.2166981655140912	-0.002380130588830636	-0.5262264351477125	-0.08326333388059452	-0.5116304953036589	1.949131430974174	-0.1085393499986421	0.6508818452537203	-0.007341386536403662	1.676911001748087	1.676911001748056	0.1313058279178254	-0.06488938501426293	0.430622232938092	0.1065600147231431	-0.2225198134425524	0.05214442241859455	-0.009005366723560554	-0.274589256361916	0.04966779289631509	0.01850662751310257	0.2082336593354152	-20.03549432142349	-5.727403847850288	1.945643001659505	-1.070167166541088	-574.9642600294565	-37.30971535711912	-11.31287743043392	1.394142574627162	0.5083412284322171	0.5889728633417894	-3.875561930305393	0.6342314293559387	-0.9799841856514222	0.3427760517124488	-3.442496630203522	-3.442496630202528	-0.1880920177026051	0.2849318300123772	-1.141286910383609	0.1828817590505381	-6.48162326342568e-08	5.086579891087198e-07	1.408355900357422e-06	2.176902448802068e-07	-1.425171878303881e-07	4.962202988601906e-07	-1.114101536757252e-07
0.66	-0.4066015316132702	-0.04282664295121315	0.6789205050548786	1.402321486696355	-0.4623829284934979	-0.1020959677478796	-0.261747171644642	1.124796562830751	1.124796562830786	-0.1019063216997182	-0.1668660944677823	0.2209468703789911	-0.001305832299019337	-0.5120602039757173	-0.07825453000944281	-0.5053780503963081	1.909538804842819	-0.1022632440107453	0.6407228175620143	-0.004405116737075393	1.641859186838612	1.641859186838588	0.1294009034804568	-0.06207401160548539	0.4190661447560779	0.1082399667407461	-0.226124653953871	0.05175460996504785	-0.008534307883222366	-0.2780164726193367	0.04877358524937107	0.01818204952493298	0.2107408747688338	-20.51808908072762	-5.399469151057674	1.776314536528385	-0.6681300631894567	-578.2194405731941	-37.20001392953069	-10.59046161382747	1.441144637273786	0.4935157005280728	0.662097185482785	-4.045834872265223	0.6229650000233895	-1.080000378370046	0.242158616361056	-3.5677341909601	-3.567734190960087	-0.1658732973902209	0.2656029403829491	-1.16859637973167	0.1567490226842891	1.231046003957616e-08	1.976565967030557e-07	3.211343814688633e-07	4.754944358865734e-08	-9.292578261465472e-09	1.113087882878811e-07	-8.73500984366542e-09
0.67	-0.4116498913450678	-0.04358478905130013	0.6739008829009761	1.421212736329332	-0.4633744841088328	-0.09574394365870738	-0.261779953197842	1.141035073426551	1.141035073426504	-0.1006201880858843	-0.1674734704586439	0.2250787710471627	-0.0002158172422308971	-0.4975604005762947	-0.07340058494453984	-0.4984338387242833	1.868471217056826	-0.09607170061417193	0.6296070028861174	-0.002272513632007422	1.605658683216044	1.605658683215993	0.1277903975386937	-0.0593886015543775	0.4072796465966762	0.1097169415180112	-0.2297828039604009	0.05145113930268307	-0.008024858268177821	-0.2810328506230431	0.04752786104189367	0.01785074047109902	0.2132915287080772	-21.10009116719463	-5.047992586358315	1.599562337354123	-0.1979967352544579	-581.265410954276	-37.0589699820631	-9.883108139063225	1.46210535999876	0.4774364937005606	0.7274803118716787	-4.173198639761308	0.6137293723833338	-1.138575006977174	0.1806131995145222	-3.673857756902978	-3.673857756907081	-0.1639504585316331	0.2718123477796221	-1.188830855366314	0.1363050475008253	6.377305449432707e-08	-4.531473396415458e-08	-4.770740763561155e-07	-7.96933916926931e-08	8.556741586165895e-08	-1.82045590771011e-07	6.406186439131905e-08
0.68	-0.4165517116091488	-0.04429517518389266	0.6689540822945556	1.439686114502836	-0.4643048282176383	-0.0895053183151896	-0.261795048311588	1.15690604912434	1.156906049124263	-0.09935122177445108	-0.1680536318869658	0.229091775869478	0.0008875942307798386	-0.4827523104279932	-0.06870253651055265	-0.4908137408999578	1.825964512950998	-0.09002094270124869	0.6180430684191401	-0.0008678288495454901	1.568352207233563	1.568352207233485	0.1259674429584649	-0.05663109909108501	0.3952869755844012	0.1109192499854098	-0.2334409539668357	0.05114766864040855	-0.007515408655711678	-0.2840492286266819	0.04628213683446311	0.01751943141747999	0.2158421826473932	-21.68884365945821	-4.693245144021423	1.419902370080181	0.281268633781195	-584.4113919359845	-36.9273466291872	-9.1903257333376	1.502801987049495	0.4623363743450111	0.7972744159429467	-4.333658136232019	0.5948079032932572	-1.169624336586108	0.09657495184043856	-3.78892866294263	-3.788928662942653	-0.2083630250833897	0.2800214228198244	-1.209830950306178	0.1018157607110232	6.390745251091567e-08	-1.522259411544619e-07	-6.972564120539547e-07	-1.211402949536484e-07	1.036981790931897e-07	-2.922857068030746e-07	7.7102199432155e-08
0.6899999999999999	-0.4213041994444301	-0.04495949212004994	0.6640868063171915	1.457727665408089	-0.4651753400911352	-0.08338587203580831	-0.2617990970883344	1.172398422729693	1.17239842272964	-0.09810039647815193	-0.1686064481814895	0.2329836632827314	0.002001598567119726	-0.4677255294632621	-0.06420036459043518	-0.4825350919656421	1.782153151287546	-0.0841027652013176	0.605725165504067	3.194514808107151e-06	1.529935187226719	1.529935187226688	0.1242041840984778	-0.05393552051136406	0.3830378836076862	0.1118263702229107	-0.2376834024354495	0.0515289549031594	-0.007023175738948769	-0.2858548870793948	0.04344787252321359	0.01713969690903906	0.2188149869562692	-22.783918060538	-4.213411309799789	1.202707869823599	1.268190879045728	-587.4582666803523	-36.58923471804823	-8.511823288217245	1.505586879907366	0.4382005989588671	0.8591377536544916	-4.433737891260808	0.5872538060848851	-1.280961243993967	0.074134183896842	-3.896204873004994	-3.896204872997835	-0.1593503143826187	0.2636428317448552	-1.240365258061131	0.07700970005419824	6.052939982761807e-08	-2.147073395652605e-07	-8.074827814548272e-07	-1.423420018201803e-07	1.11213921023935e-07	-3.557821355344289e-07	8.227176739063792e-08
0.7	-0.4259058253243177	-0.04557997873738342	0.6593055123534666	1.475325330154745	-0.4659872839630846	-0.07739322238061225	-0.2617960820006247	1.187501002894292	1.187501002894236	-0.09686701237007556	-0.1691324453389469	0.2367514763888751	0.003123044014791077	-0.4525799193496073	-0.05993647274579396	-0.4736173381722301	1.737187281229738	-0.07830734239168677	0.5926837435879436	0.0005449440857120002	1.49039351908189	1.490393519081907	0.1224792053214348	-0.05126727168377618	0.3704721141626948	0.1124074722517952	-0.2419258509040151	0.05191024116582443	-0.006530942821821015	-0.2876605455321261	0.04061360821192325	0.01675996240045156	0.2217877912652261	-23.88600317246048	-3.729903624981221	0.9821328959361553	2.275676156831428	-590.6005044589367	-36.25798301882306	-7.847493233473089	1.526567816834196	0.4146803592498751	0.9250953877622701	-4.56455981510305	0.5702569652331944	-1.314328136796168	0.03072019315041971	-4.013858290539527	-4.013858290539529	-0.2007070084946282	0.2745554723931453	-1.273166443961294	0.03661211898778823	4.944661657682802e-08	-1.797298025887516e-07	-6.765154183333246e-07	-1.191348907892681e-07	9.544510010134495e-08	-3.167440243803589e-07	7.017642691041118e-08
0.71	-0.4303557677247488	-0.04615872972690276	0.6546165960542953	1.492467513299659	-0.466742023061807	-0.07153447073776847	-0.2617888332464566	1.202202717142219	1.202202717142269	-0.09565091129209267	-0.1696318794624067	0.2403926283741219	0.004248821285901198	-0.4374163177945265	-0.05582380379424724	-0.4640580590006282	1.69104200262884	-0.07267151678384738	0.5789198059315795	0.0008858580641731009	1.449781742436093	1.449781742436115	0.1207668026083595	-0.04863729857373606	0.3577683188333512	0.1127164787717312	-0.2453418026100526	0.05125956179740099	-0.006075341826693119	-0.2908453895625278	0.04013601761984693	0.01651397238590338	0.2242760742363452	-24.22006951039658	-3.46740605076755	0.8292904723654576	2.353341835684466	-593.7243632157313	-36.24780503545388	-7.211065726503429	1.510100593535922	0.4080278228201968	0.9875404401935569	-4.670603586187217	0.5556782156988378	-1.42939790811221	0.03293469590228414	-4.109987886467736	-4.109987886466936	-0.1526537302284932	0.2544315875105602	-1.267497091461234	0.02341345855911743	4.066802505451973e-08	-1.650416573009962e-07	-6.071319592020612e-07	-1.068613478928815e-07	8.617045258837612e-08	-3.067741156024596e-07	6.332107637102218e-08
0.72	-0.4346543052558944	-0.0466966604949642	0.650026511798507	1.50914202531786	-0.4674413173330224	-0.06581775273711275	-0.2617787438133807	1.216493283516719	1.21649328351687	-0.09445116360673272	-0.1701055711833099	0.2439070402032668	0.005376762330222891	-0.4222989454917901	-0.0517724284542171	-0.4538509294957037	1.643653055883778	-0.06721837689041467	0.5642770151529916	0.001113079870956007	1.408163944395577	1.408163944395605	0.1192085267947095	-0.04611879117565301	0.3451240829423947	0.1128402268941729	-0.2487577543159347	0.05060888242895006	-0.005619740832115677	-0.2940302335929318	0.03965842702774204	0.0162679823713114	0.2267643572076372	-24.56107790695077	-3.205765126983997	0.6789512980982354	2.437280128146425	-596.9446384918455	-36.25136692506044	-6.613566390000001	1.517321966365316	0.4024216369466684	1.054665454426813	-4.813293443935638	0.533719822351808	-1.490098761241	0.007981758814112845	-4.215062569483151	-4.215062569483164	-0.1698816286095752	0.2522623300016887	-1.261254556283689	-0.0004395605110036134	3.745127563544332e-08	-1.993279057447154e-07	-6.863993028058601e-07	-1.20979176355695e-07	9.257139606414847e-08	-3.669688332498012e-07	6.911397741296582e-08
0.73	-0.4388016559279074	-0.04719454669050178	0.6455416571857675	1.525336505289165	-0.4680870395004137	-0.06025140762696155	-0.2617669815684505	1.230362793254506	1.230362793254601	-0.09326660943106554	-0.1705544489565979	0.2472951555804841	0.00650484112770921	-0.4071570030480326	-0.04783147488775939	-0.4430207438119393	1.595047331081922	-0.06196026662253672	0.5489336094767242	0.001220132442259974	1.365584826499654	1.365584826499639	0.1176492275132565	-0.04364170049571164	0.3324914153405568	0.1127260460765888	-0.252725817216383	0.05069771439503008	-0.005177713093345895	-0.2957509911226477	0.03730873978532902	0.01595603935755718	0.2296014531413723	-25.48848696126551	-2.797664276493453	0.4879669564661534	3.148762766433493	-599.8453366101497	-36.01171645400829	-6.053467174443306	1.51476681740186	0.3859063322910974	1.112101956754241	-4.91354187901347	0.5168394861280639	-1.565167045235817	0.009181503106843807	-4.302327564196446	-4.302327564202781	-0.156936825476157	0.247531291842325	-1.265434027792918	-0.02420587112691648	3.746810988246098e-08	-2.112973986936488e-07	-7.396158076556959e-07	-1.275336296196116e-07	9.868566863328784e-08	-4.11687856344113e-07	7.567743860232788e-08
0.74	-0.442797159888685	-0.04765382852721596	0.6411680857961463	1.541039062036317	-0.4686811839937031	-0.05484023768845261	-0.2617547258984301	1.243801913580423	1.243801913580486	-0.09209924479769138	-0.170978136052114	0.2505567120485513	0.007630318411270582	-0.3919296032434274	-0.04405155668953305	-0.4315942848721061	1.54526841105194	-0.05690284206976758	0.5332419808238187	0.001211764886292478	1.32208606202175	1.322086062021693	0.1157706183292963	-0.04108065562169386	0.3198123011123572	0.1123199241092155	-0.2566938801167454	0.05078654636112093	-0.004735685355540091	-0.2974717486523603	0.03495905254291259	0.01564409634383503	0.2324385490751983	-26.4231581433946	-2.389914686448769	0.2988916849678204	3.876894072724632	-602.8399345237232	-35.78554359817109	-5.528865366061721	1.534413438534805	0.3702145633004998	1.173920105640596	-5.047932489560736	0.493582679329974	-1.559743356568623	-0.01510226664087493	-4.398991885879051	-4.398991885879052	-0.2337436091110341	0.2690531688169346	-1.270543881555825	-0.05882779046873431	4.610783390572967e-08	-1.63755543656486e-07	-7.233634091616284e-07	-1.139190823531362e-07	1.040354854514058e-07	-4.151383606303444e-07	8.429572685147239e-08
0.75	-0.446640187347012	-0.0480760762038072	0.6369116872429219	1.556238246296747	-0.4692256829354108	-0.0495877094378931	-0.2617429177037168	1.256801634106766	1.25680163410665	-0.09095206417008618	-0.1713756519418222	0.253691441659015	0.008750478291922785	-0.376675888663439	-0.04041992970558438	-0.4195927471700498	1.494389806449745	-0.05203343745654378	0.5171963735638779	0.001143205124461237	1.27772314510734	1.277723145107317	0.1136234730471442	-0.03841696096029812	0.3071435874406572	0.1116689103586098	-0.260277329512571	0.05065014001293219	-0.004326365782562668	-0.2993171630469165	0.03313108126480418	0.01534034099439103	0.2350078662753924	-27.17236453734587	-2.026331801924979	0.1261530099312608	4.396112573418038	-605.5557883292383	-35.60691673650021	-5.039609627013776	1.520859439106853	0.3563233562187539	1.227193999802977	-5.134607975908496	0.4782479787728148	-1.636998456952968	-0.00373317281161577	-4.475194462618349	-4.47519446261329	-0.2115062903679101	0.2657065774719327	-1.263557794428147	-0.07460448067428696	5.457633919125074e-08	-1.187730318554565e-07	-7.100529674736576e-07	-1.010425591650737e-07	1.092471334133382e-07	-4.203469838389198e-07	9.296223133202945e-08
0.76	-0.4503306758652684	-0.04846267029250392	0.6327780887461812	1.57092328780508	-0.4697225621056951	-0.04449764306919329	-0.2617319951749809	1.269353674890292	1.269353674890001	-0.08982761625582149	-0.1717463950923677	0.2566997795958709	0.009862854772405373	-0.3614218152283925	-0.03692083911062853	-0.4070342735754398	1.442439860633159	-0.04737888778514497	0.500749604454094	0.001034631688339739	1.232550113457073	1.232550113457084	0.1112240756609738	-0.03572610779206003	0.2945339663909162	0.1107632440752941	-0.2638607789084056	0.05051373366471738	-0.003917046209963051	-0.3011625774414738	0.0313031099866892	0.01503658564490976	0.2375771834755858	-27.9288608002246	-1.66331799340618	-0.0443874019131649	4.931924862813958	-608.36692162001	-35.43895694804973	-4.585334065124591	1.534485209546362	0.3437072855020486	1.285307284151342	-5.262200732438974	0.4506116909649294	-1.639975726537272	-0.02310500149957366	-4.561014833050341	-4.561014833050343	-0.2841940299147113	0.2744848701853619	-1.258725357163806	-0.1097582970106571	6.253803701303888e-08	-8.136617603338212e-08	-7.054507179317332e-07	-9.035058724911346e-08	1.140498015609612e-07	-4.307596390576336e-07	1.017714558575676e-07
0.77	-0.4538688832114323	-0.04881492226708205	0.628772786627776	1.585083794397167	-0.4701739039208003	-0.03957400316256895	-0.261722152563249	1.281450044226232	1.281450044226151	-0.0887283087281331	-0.1720899488615111	0.2595824190382744	0.01096504048987159	-0.3462388165692901	-0.03354945954698995	-0.3939401957322171	1.389505587266949	-0.04292980808746727	0.4839124600439739	0.0009405671911269183	1.186599686328602	1.186599686328621	0.1085910869272526	-0.03298701842010997	0.2820116119207137	0.1096290893837955	-0.2670557715239652	0.0501966787757807	-0.003538069488504045	-0.3030854624699703	0.02988469465612428	0.01474758834210846	0.239867347599788	-28.53624153727386	-1.340822373606708	-0.1993301052292294	5.315928879233429	-610.8917677878567	-35.32406934144385	-4.165356159770257	1.507342640221658	0.3308513022991048	1.334374737795743	-5.332408716026288	0.4361016176855129	-1.71539479529475	-0.001555695773864403	-4.630688469771237	-4.630688469769897	-0.2597876629606571	0.2731104636780787	-1.246349219455422	-0.1218740351939129	6.907585006444992e-08	-5.203394764188842e-08	-7.062565947951509e-07	-8.220014565405194e-08	1.18486662060018e-07	-4.446840268661531e-07	1.096970944241616e-07
0.78	-0.4572558334817861	-0.04913406084392329	0.6249010086284807	1.598710284640127	-0.4705819458372255	-0.03482069689945391	-0.2617130503008628	1.293083182927483	1.293083182927625	-0.08765671836134423	-0.1724062138383365	0.2623403631904743	0.01205455866442808	-0.3311704000649904	-0.03029815956325055	-0.3803294497534998	1.335636590808165	-0.03871890804913817	0.4666828757520435	0.0008865618162570113	1.139903986519101	1.139903986519129	0.1056806434791461	-0.03026834932902796	0.2695949083502351	0.108229735493322	-0.2702507641395095	0.04987962388684956	-0.00315909276744586	-0.3050083474984672	0.02846627932556131	0.01445859103932278	0.2421575117240063	-29.15087460987601	-1.018902789387288	-0.3520728961025322	5.717033124846258	-613.5125980641335	-35.21623774375326	-3.778712329792491	1.511568778585704	0.3196913695223274	1.388640911250247	-5.449145350953927	0.402975759095158	-1.718463702899354	-0.01509317703156862	-4.710069369256174	-4.710069369256178	-0.3396849727917753	0.2704008140117172	-1.237595177218781	-0.162798136805546	7.090865257026715e-08	-4.938309684709521e-08	-7.249328023892635e-07	-8.244780424978588e-08	1.217147668507694e-07	-4.702124006235953e-07	1.147030576481577e-07
0.79	-0.4604925414231267	-0.04942136007791972	0.6211678363543753	1.61179353488925	-0.4709489824960603	-0.03024215896180676	-0.2617043671459297	1.304245797056037	1.304245797056139	-0.08661492981475032	-0.1726954672753863	0.2649746378922855	0.01312885431487038	-0.3161745122416353	-0.02718860173714321	-0.3662276402781914	1.280867363195781	-0.03472544269757914	0.4489207758254229	0.0008463670179609328	1.092510732775895	1.092510732775959	0.1026784723846777	-0.02759819315785443	0.2572723284958748	0.1065851719656345	-0.2734897092719812	0.04989201957660354	-0.002821765772259369	-0.3062085928023114	0.02632945531637694	0.0141275544623966	0.2444460120182989	-29.9771755852813	-0.6364030583069764	-0.5204828046348894	6.36220744800071	-615.7707600533598	-34.98920102741157	-3.424230605615567	1.493110615932188	0.3025342857369984	1.432580535744937	-5.51271261639499	0.3920792468352727	-1.820591615531233	0.0009620442447864719	-4.770193068470235	-4.770193068464744	-0.2802519470864752	0.2627807598067114	-1.227757265960392	-0.1718236992962059	7.370012730200576e-08	-3.824714526146651e-08	-7.312204303028038e-07	-7.937280971824273e-08	1.242699156471062e-07	-4.876171535057806e-07	1.195684171688532e-07
0.8	-0.463579388119897	-0.04967837447433909	0.617578008089038	1.624324712632241	-0.4712771750366499	-0.0258443437190183	-0.2616961970038714	1.314931230708835	1.314931230708917	-0.08560311673295275	-0.1729585276024974	0.2674860532202697	0.01418539668232693	-0.3011981511493921	-0.02424119204783907	-0.3516606479999467	1.225222089582821	-0.03095008440006599	0.430538336779296	0.0007839592386202748	1.044467891367993	1.044467891368094	0.09968555051773437	-0.02502972734121711	0.2450230335848871	0.1046790788961159	-0.2767286544044612	0.04990441526637384	-0.002484438777508316	-0.3074088381061543	0.02419263130720222	0.01379651788550514	0.2467345123125798	-30.81059517803323	-0.2542463211704427	-0.6870228173792232	7.028610684988652	-618.1205949569172	-34.76621998652745	-3.100522909606677	1.507663432363193	0.2872617421618038	1.481677471837537	-5.624354551069177	0.3593543482859302	-1.842531526800591	-0.01953577324098907	-4.839986902195192	-4.839986902195191	-0.3378351272867732	0.2500627431044464	-1.222938188544043	-0.2151040451716871	8.005238458716647e-08	4.404894975835647e-09	-6.91493333688506e-07	-6.395653214252804e-08	1.24325513607046e-07	-4.748484574227267e-07	1.239115343630035e-07
0.8100000000000001	-0.4665167632262651	-0.04990664056617335	0.6141361175512873	1.636295220303796	-0.4715686737894396	-0.0216328489160438	-0.2616886696850441	1.325133098761599	1.325133098761723	-0.08462164169097083	-0.1731960848762583	0.269875523185854	0.01522170888432673	-0.2862920269744298	-0.02142974887142842	-0.3366450885390712	1.168739544692436	-0.02739542999079796	0.4117040067291446	0.0007188143641090586	0.9958086544419136	0.9958086544419935	0.09655702941759088	-0.02249587086687676	0.2328987905107813	0.1025353536842729	-0.279354095506532	0.04947050128206627	-0.002167965859694925	-0.3090530680390555	0.02301422409724803	0.01355700973299522	0.2485990332058942	-31.31554202876661	0.01114899138855907	-0.8126768692230553	7.323520808659847	-620.1957795916609	-34.72745110823143	-2.80608112338625	1.479824013217419	0.275416923073514	1.522375709009374	-5.681176252826434	0.3467401774274745	-1.912289218583666	-0.0004073703699748752	-4.893477283263342	-4.893477283266544	-0.3081894288582705	0.2527781888266186	-1.202997557954816	-0.2211363592490207	8.493686140765999e-08	3.843143337060208e-08	-6.586357406123027e-07	-5.155120353455877e-08	1.241250812576366e-07	-4.662302381231219e-07	1.274072587971443e-07
0.82	-0.4693055296702611	-0.05010732596270547	0.610846558713305	1.647696708167474	-0.4718259821601015	-0.01761137850844612	-0.2616818745201153	1.334845457406009	1.334845457406209	-0.08367301762547107	-0.1734087573674407	0.2721445846824747	0.01623515791419689	-0.2714764186732669	-0.0187250529874085	-0.3211943080463317	1.111418128009911	-0.02411200797433471	0.3925334577005525	0.000637528457071152	0.9465660096978727	0.9465660096979313	0.09311535521825398	-0.02005277082342203	0.220941339792239	0.1001064444700976	-0.2819795366086514	0.04903658729780147	-0.001851492942390838	-0.3106972979719524	0.02183581688731945	0.01331750158056775	0.2504635540991487	-31.82765082576447	0.2761841403625458	-0.9364299321247684	7.639150904411736	-622.3670421694777	-34.68923650715553	-2.539300083305839	1.489560257603191	0.2659122836837757	1.56872167821033	-5.792128909497496	0.3051078697249183	-1.909775322488706	-0.02276397974676593	-4.956668465787463	-4.956668465787464	-0.4004657471254656	0.231911456927298	-1.189579717431141	-0.2721408456380648	8.364120995587092e-08	3.614006927048284e-08	-6.547023729596547e-07	-5.182355479078019e-08	1.228466265530723e-07	-4.750877105433019e-07	1.273350137154554e-07
0.83	-0.4719465222327232	-0.05028157786959896	0.607713582169839	1.658520994002648	-0.4720518579599622	-0.01378348762512402	-0.2616759506435762	1.344062595348152	1.344062595348571	-0.08276022488097905	-0.1735976555767865	0.2742947533669621	0.0172227323557187	-0.2567281131219164	-0.01615079721629541	-0.3053388603528382	1.053318501183702	-0.02111862501841918	0.3729809105232307	0.0005449004397389166	0.8967770141754435	0.8967770141754834	0.08938638090733406	-0.01776981020877575	0.2091025555619426	0.0973351732711363	-0.2846765749621067	0.04905900999814201	-0.001578412183556686	-0.3115543506900864	0.0198815199478793	0.0129801181457243	0.2523501095434375	-32.57108235946136	0.6358188861844003	-1.088502530817707	8.241392916836293	-624.1637095418922	-34.45335544398539	-2.298546090227747	1.466573217601655	0.2493514906016229	1.603301716607963	-5.836947300022316	0.2882158420716089	-1.987480106442756	-0.002864175563599781	-5.00272523360476	-5.002725233607597	-0.3675985687241393	0.2199011242719217	-1.179508926247139	-0.2905394375951865	8.300370212779707e-08	3.79552010748832e-08	-6.463604445047105e-07	-5.051915835351641e-08	1.214958418644695e-07	-4.803072129584922e-07	1.274136254496528e-07
0.84	-0.4744402102369396	-0.05043085336542655	0.6047410291836459	1.668760670023374	-0.4722494474635555	-0.01015301935178132	-0.2616710234397713	1.352779301307443	1.352779301308105	-0.0818864189387163	-0.1737650416278848	0.2763268379790624	0.01818041024913753	-0.2420155070225214	-0.01372977077423003	-0.2891095965917756	0.994496165123906	-0.01845474872064557	0.3530489357023611	0.0004381939089506941	0.8464796131276489	0.8464796131276698	0.08531799477046735	-0.01575033917258061	0.1973245253149182	0.09412713484937786	-0.2873736133156498	0.04908143269850861	-0.001305331424973063	-0.3124114034082141	0.01792722300846465	0.01264273471093606	0.2542366649876288	-33.32163686665092	0.995450261666858	-1.239146242729652	8.868784335338205	-626.0533522780302	-34.2146364921735	-2.082137334638759	1.482420367211941	0.2352664178743611	1.643484891724191	-5.936670756214755	0.2392065380964903	-1.985660851198253	-0.02557968243834415	-5.058349570860518	-5.058349570860519	-0.4683481123148297	0.1792135412370517	-1.177428920776509	-0.3594942901973879	8.554076942587924e-08	5.957813665402591e-08	-6.167536933563363e-07	-4.160927304179436e-08	1.19796171370505e-07	-4.679788600554959e-07	1.282198994722423e-07
0.85	-0.4767870649734506	-0.0505566395999773	0.6019325705154176	1.678408720940557	-0.4724217961396029	-0.006723611846476982	-0.2616671753579458	1.360990601067194	1.360990601067544	-0.08105467964804978	-0.1739130851643538	0.2782415829864232	0.01910424277874943	-0.2273679221206678	-0.01144795995386787	-0.2725262472007715	0.9350082186573053	-0.01605430211594438	0.3327777885537444	0.0003295838309582862	0.7957065541445856	0.7957065541446063	0.08099564419889711	-0.01387544703860485	0.1856459066314582	0.09059454577916047	-0.2896212874665528	0.04890770791962529	-0.001061274310577001	-0.3133989094315822	0.01649742900221845	0.01237845860831651	0.2558072686440237	-33.88245022129054	1.275330481315805	-1.360194916604499	9.273911019890365	-627.644975961564	-34.09522317698256	-1.888419648961851	1.454065648845289	0.221559031920899	1.674167111606875	-5.970713807956137	0.2346394290757178	-2.055972253295892	-0.003777465255746905	-5.097877544375044	-5.097877544375112	-0.4192677776121592	0.1889316337144027	-1.159864426240046	-0.3568078409857983	8.771468194310804e-08	7.960950596483105e-08	-5.871525693099355e-07	-3.322153975903802e-08	1.178383056062161e-07	-4.552559247589667e-07	1.286277412271178e-07
0.86	-0.4789878162415162	-0.05066022360276425	0.5992916267708633	1.687458720949838	-0.4725713052081207	-0.003498541933978084	-0.2616644685358509	1.368691951540647	1.368691951540705	-0.08026718171270321	-0.1740429188626331	0.2800401845901273	0.01999141609254957	-0.2127948133318661	-0.009289324421470639	-0.2556066118570208	0.8748859835477691	-0.0138868272144979	0.3121814171410299	0.0002099419619579106	0.7444897558676888	0.744489755867709	0.07646972370597113	-0.01210837153516347	0.1740958445836283	0.08679529168687046	-0.2918689616175867	0.04873398314073791	-0.0008172171963146154	-0.3143864154549422	0.01506763499599494	0.01211418250570761	0.2573778723002814	-34.45038876615747	1.555269281785795	-1.479894944586479	9.705299433890813	-629.3320429973047	-33.96973985876666	-1.715719201648142	1.467525144601371	0.2106313602815045	1.710742082273521	-6.063528484801948	0.1926121974455072	-2.050705704017832	-0.02778604064026534	-5.147097429627181	-5.147097429627192	-0.5090620965859834	0.1576502151301615	-1.151717593650227	-0.4128272946117987	8.785492768755795e-08	9.072810417294544e-08	-5.575829570345856e-07	-2.775785783848977e-08	1.144345463281104e-07	-4.403233280586525e-07	1.268043622827942e-07
0.87	-0.4810432719885772	-0.05074283613906173	0.5968214743050414	1.69590458405329	-0.4727000760895194	-0.0004808152755411697	-0.2616629362087701	1.375879034570398	1.375879034570606	-0.07952578780332582	-0.1741551864319447	0.2817239573592267	0.02083959320746543	-0.1983118884547223	-0.007253237622390531	-0.2383764155895813	0.8142028739275992	-0.01189068661785211	0.291333508895255	9.904749817164367e-05	0.6928650295181833	0.6928650295181745	0.07178100087554123	-0.01033447511763813	0.1626807311145933	0.08281722752694264	-0.2938583165193967	0.04864852443760392	-0.000605953237148525	-0.3151534941988239	0.0136922245567129	0.01185341031593801	0.2587591587026753	-34.98014862175216	1.822686512612772	-1.592669770430953	10.09635805309628	-630.6840857760534	-33.83419378257381	-1.562439577887314	1.436353268383094	0.1970845201111885	1.736300552241623	-6.083254552120779	0.199678526909757	-2.106311539610722	-0.002362543499104009	-5.179458366136582	-5.179458366140945	-0.4529396892327531	0.1887388624452283	-1.133102835530247	-0.3936851417652176	8.713186836156013e-08	9.957694387096418e-08	-5.272277276813853e-07	-2.25731530298489e-08	1.104236093104412e-07	-4.238304225971239e-07	1.241639469017619e-07
0.88	-0.4829543630650524	-0.0508056903712911	0.5945250522325468	1.703741105590222	-0.4728095728577247	0.002327536669514051	-0.261662437105173	1.382548010710946	1.382548010711319	-0.07883211358482144	-0.1742494191356041	0.283294240071235	0.02164731184776664	-0.1839218792130698	-0.005337663607846217	-0.2208605331916178	0.7530176702475814	-0.01003200457580267	0.2703064744593471	3.297264371685113e-06	0.6408683780277032	0.6408683780276656	0.066925785526668	-0.008501398404845236	0.1513978331655559	0.07870359676374265	-0.2958476714213008	0.04856306573453788	-0.000394689277783776	-0.3159205729426916	0.01231681411747014	0.01159263812628348	0.2601404451049552	-35.51698815266118	2.09047555327047	-1.704512810540838	10.51574889139975	-632.1317904189982	-33.68951082555044	-1.427003500695513	1.448942017502914	0.1865288033744758	1.767879308378361	-6.163947296771592	0.1651204865262156	-2.08653094204442	-0.02475719464327959	-5.221482457822019	-5.22148245782201	-0.5423606002746444	0.1694862741836895	-1.125274489650473	-0.4399406152660916	8.069771395413867e-08	9.341045804065717e-08	-4.916753391977899e-07	-1.923398911536454e-08	1.02395958015659e-07	-3.970154745614061e-07	1.161185212471177e-07
0.89	-0.4847221035555211	-0.05084990836599041	0.5924051478254708	1.710963349229565	-0.4729014632436807	0.00492434203531619	-0.2616627607284339	1.388695253356502	1.388695253356643	-0.07818789634996706	-0.1743256884592199	0.2847523521616638	0.02241282347050483	-0.1696466355513032	-0.003517298239472564	-0.2030794584492904	0.6913520266550093	-0.008405678548546847	0.2489813718596807	-6.348535025156291e-05	0.5885274251409157	0.5885274251408964	0.06187761036119261	-0.00682454848145843	0.1402445487260821	0.07432516961354431	-0.2973300163811816	0.04808856477369686	-0.0002135315496418313	-0.3168959534520455	0.01155720339829543	0.01149371239533063	0.2611782585946579	-35.83112115398871	2.224519510288867	-1.767093022231699	10.6556804778863	-633.2791616322459	-33.77010581923287	-1.307954787394967	1.413761813164695	0.17808271463473	1.789374075416715	-6.179716931863561	0.1525041597139856	-2.166412886501046	0.00304168937276557	-5.248332388773341	-5.248332388770621	-0.4920129909448111	0.1558677253397378	-1.107359039318916	-0.4477875012108823	7.497737934334566e-08	8.878709840708749e-08	-4.563223569012066e-07	-1.600085462504975e-08	9.476438271362392e-08	-3.707169542941845e-07	1.085519861796368e-07
0.9	-0.48634770235485	-0.05087626424479351	0.5904642846694698	1.717566567624691	-0.4729788672695858	0.0073057137816332	-0.2616636160809876	1.394317500336256	1.394317500336173	-0.07759535426999466	-0.1743873726088335	0.2860995306840524	0.02313235207447946	-0.1554935409834664	-0.001765240428602407	-0.1850522829766579	0.6292126214079009	-0.007134732565765336	0.2272197505570845	-0.0001030485950488621	0.5358692448674783	0.5358692448674772	0.05659075454529008	-0.005584363601121434	0.129211119557687	0.06950699301078433	-0.2988123613411493	0.04761406381292715	-3.237382114747412e-05	-0.3178713339613839	0.01079759267915941	0.0113947866644948	0.2622160720842538	-36.15225912806658	2.358904945165523	-1.828716602273035	10.82407376690228	-634.5244778852002	-33.83897883854177	-1.20393944946058	1.424512198716775	0.1728672918739007	1.817099454439397	-6.258699627678935	0.09404447763137981	-2.173834682630323	-0.01931332067831436	-5.284927935151942	-5.284927935151945	-0.5900967303600474	0.08215326557384195	-1.101303435434465	-0.5278905057782144	7.496760310558004e-08	9.650874834741576e-08	-4.225646241007185e-07	-1.361595552809146e-08	9.030141535356522e-08	-3.485498561749318e-07	1.048165758094626e-07
0.91	-0.4878322825740509	-0.05088553570855884	0.5887048242872888	1.72354633798419	-0.4730447770258126	0.009467884659707604	-0.2616647075833395	1.399411685036557	1.399411685036624	-0.07705652747021971	-0.1744377662826807	0.2873368838744226	0.02380221098988595	-0.1414326629567553	-0.000109800172509374	-0.1668089977918759	0.5666939044150276	-0.006053782714336734	0.2052068635779303	-0.0001085426297846228	0.4829258545452889	0.4829258545452954	0.05115730115766381	-0.004466407750193276	0.1182685429499811	0.06445674308210984	-0.300441776945012	0.04790615846838371	0.0001051213888517972	-0.3179726732074918	0.009217250468031263	0.01110069117638482	0.2633310888332884	-36.72274145916531	2.644769174566504	-1.940828041154708	11.31184301258921	-635.4124004125557	-33.57523254897043	-1.113754377820608	1.395359537604811	0.1587679260659173	1.832579649544947	-6.255580060777279	0.1141820244710806	-2.216083993943509	0.009838941406794616	-5.305340961978134	-5.305340961977007	-0.5225243549444228	0.1307220869341789	-1.089376629811959	-0.4947699992642485	7.431228148213766e-08	1.030426898785088e-07	-3.879516234325984e-07	-1.106054949986138e-08	8.536570037690328e-08	-3.248229190189324e-07	1.00513320206372e-07
0.92	-0.4891765572263996	-0.05087887566304614	0.5871287240767655	1.7288994967086	-0.4731000649264099	0.01140971301029983	-0.261665652748779	1.403975176557396	1.403975176557618	-0.07657254614672035	-0.1744761593295391	0.2884650829274413	0.02442133185343669	-0.1274324276117557	0.001421061427003416	-0.1483802486451651	0.5038902943947318	-0.005010361440012128	0.1831512450633532	-7.378121335620575e-05	0.4297306089740703	0.4297306089740847	0.04562165929081854	-0.003184238215988736	0.1073802920873441	0.0593593826393483	-0.3020711925490085	0.04819825312381235	0.0002426165990641151	-0.3180740124535872	0.00763690825691889	0.01080659568824196	0.2644461055821855	-37.30020285931165	2.931390233794646	-2.052528942443097	11.83141338198745	-636.3957339763944	-33.29701514015429	-1.036221709876535	1.412383662374314	0.1479515605579818	1.854192246825214	-6.315678233163566	0.08653876221060976	-2.182380989714842	-0.01126223044565244	-5.335298984957704	-5.335298984957692	-0.6105344262038186	0.1149960022292365	-1.090438286420426	-0.5373126085954146	6.720150600192818e-08	9.769954731725043e-08	-3.447859440881586e-07	-6.800074158913567e-09	7.570250923420931e-08	-2.854975914954667e-07	9.053161227411691e-08
0.9299999999999999	-0.4903811856364476	-0.05085743267950028	0.5857377870527314	1.733623241788778	-0.473145176393562	0.01313078780569602	-0.2616660625468802	1.408005526221426	1.408005526221699	-0.07614454801857816	-0.1745010756180956	0.2894847247452074	0.02498919179447337	-0.1135062367198218	0.002856771463768032	-0.1297812296992964	0.4408131956965404	-0.004030898590815872	0.1610523101039403	-5.484913044319394e-06	0.3763043099603912	0.3763043099604054	0.03994686269648313	-0.001801076636663575	0.09656108343623741	0.05419067351623009	-0.3031342616655313	0.04806876671134283	0.0003573000035758449	-0.3185037917730868	0.006835145394503041	0.01069788713807514	0.2651778481221803	-37.6028867953119	3.061274868905204	-2.107131817908059	12.00473112891701	-637.1084833432525	-33.28606927272872	-0.9702744339619255	1.38079594369459	0.139765584659647	1.866659032405469	-6.310546859435254	0.100841491073683	-2.225307965907204	0.01627958393064971	-5.351563691335097	-5.351563691335158	-0.5505842706839579	0.1495986530509984	-1.075706022620246	-0.5099190867068452	5.947567209261139e-08	9.024657301144979e-08	-3.024869740286805e-07	-3.234251661111603e-09	6.583362002747255e-08	-2.465442038597401e-07	8.010078309593816e-08
0.9399999999999999	-0.491446940309365	-0.05082195562370279	0.5845336206809441	1.737714851647705	-0.4731810549432594	0.01463054160816378	-0.2616657085772416	1.411500559228965	1.411500559229284	-0.07577422425526587	-0.1745122358074515	0.2903965657028282	0.02550471083977328	-0.09965768018419431	0.004227875877329844	-0.1110261181958748	0.3774632501468263	-0.00316377794967167	0.1388870464704208	7.897233375542659e-05	0.3226672776762282	0.3226672776762419	0.03408678631673059	-0.0004330183666577221	0.08582012005855434	0.04889120349164389	-0.3041973307821019	0.04793928029898509	0.0004719834087283508	-0.3189335710925657	0.006033382532131544	0.01058917858808066	0.265909590662102	-37.91247240191598	3.192013871310296	-2.161466449878335	12.21014835037128	-637.9184897883849	-33.25894417637465	-0.914958754584739	1.396856791112841	0.1350304359175445	1.885410758335825	-6.370247603468166	0.06407032060026373	-2.195646724536075	-0.008030041148204093	-5.37744563905447	-5.377445639054523	-0.6475903832872048	0.1119753403655675	-1.074789231735432	-0.5634647888887507	4.366621311502545e-08	5.506438149166219e-08	-2.715790402858348e-07	-8.798152244655113e-09	5.326127055045736e-08	-2.124791690342923e-07	6.376721754276094e-08
0.95	-0.4923745195759747	-0.0507730066535343	0.5835176962114524	1.741171582740868	-0.4732095655933803	0.01590714345083618	-0.2616644815004087	1.414458304546471	1.414458304546462	-0.07546338888664002	-0.1745115131918709	0.2912012260335763	0.02596547432976452	-0.08586162319206721	0.005559745666436538	-0.09214159963449677	0.3138345053780577	-0.00263473680585076	0.116304143098836	0.0001620419627729674	0.2688601234812363	0.268860123481238	0.0280504508616418	0.0003957803193927537	0.07510778305272789	0.04312300719471016	-0.3048263416303443	0.04779586075055272	0.0005413928735336372	-0.3193609474151776	0.005735306162605863	0.01042125703038572	0.266344900413081	-38.03746433107568	3.31588854547527	-2.214410424373772	12.22187210879101	-638.3627887250601	-33.15713640928903	-0.8694940084255881	1.370466194071239	0.1319365610818621	1.892557080083033	-6.366452992743893	0.03289650041303302	-2.308958122391106	0.01581530415268599	-5.385609313012676	-5.385609313014474	-0.5861146199774462	0.04101359547769407	-1.070081960906398	-0.6042449514460952	2.884884823567038e-08	2.274296049261812e-08	-2.398534085415547e-07	-1.374482621645501e-08	4.109516175657258e-08	-1.782610444085326e-07	4.811632916782173e-08
0.96	-0.4931642410645062	-0.05071080472334058	0.5826911338625839	1.743990573370493	-0.4732356707342324	0.01695404706399723	-0.2616625557594375	1.416877326521375	1.416877326521031	-0.07521380877123235	-0.1745079662968971	0.2918986377890863	0.02636440627651829	-0.07208612456756527	0.00687846788237367	-0.07315369407130951	0.2499151574427917	-0.002682676096439336	0.09294740057038982	0.000218705160876399	0.2149226091545969	0.2149226091545867	0.02183573567224302	0.0001318375155583476	0.06437040501089633	0.03652489484375791	-0.3054553524787008	0.04765244120211304	0.0006108023388335997	-0.3197883237377727	0.005437229793098728	0.01025333547268298	0.2667802101639395	-38.1693902796298	3.440511503742396	-2.266941370040477	12.26616167550091	-638.9058292889043	-33.03699437366434	-0.8332520117688235	1.392745117587607	0.1324009212837634	1.906088158697699	-6.428368236767735	-0.05132576628158227	-2.350414555908265	-0.01331132733110574	-5.403517665383957	-5.403517665383989	-0.683266330149166	-0.1065729576112442	-1.07979743893617	-0.7294479996922061	3.268285240305763e-08	4.42040252835584e-08	-1.927550543703052e-07	-7.087639887473771e-09	3.656637780554036e-08	-1.411648315369092e-07	4.529977174375891e-08
0.97	-0.4938161430622455	-0.05063558414924463	0.5820549072944249	1.746169169693944	-0.4732639831006826	0.01776481614120299	-0.2616601666430536	1.418756357095994	1.418756357095808	-0.07502673934494497	-0.174510212558305	0.2924885672931042	0.0266948125290158	-0.05828065092635019	0.008153185549152857	-0.05408047566023237	0.1857804378390402	-0.00296042483199436	0.06920934488088476	0.0002572857863483754	0.1608657005782518	0.1608657005782467	0.01559768877314833	-0.0005332685677410319	0.0536125569748128	0.02957855511621124	-0.3064199473984884	0.04781297239709834	0.0006487477188436102	-0.3192594817823039	0.003852668884663054	0.01034636822155553	0.267440783081589	-38.6943998380365	3.498411568944711	-2.283458319365167	12.67106425687991	-639.2179224309938	-33.11139255306055	-0.8057722247078356	1.376495273703383	0.123137855204403	1.909616702382831	-6.409570464933165	-0.0130758840289853	-2.385034114864961	0.01216790792959985	-5.409456746129433	-5.40945674612868	-0.5911240949011395	-0.03933904593537768	-1.074215298886924	-0.6738903661945448	3.620360054927508e-08	6.512240076447269e-08	-1.455642243882566e-07	-3.735640164588458e-10	3.189479958412823e-08	-1.035920969233135e-07	4.225331894918404e-08
0.98	-0.4943295809663132	-0.05054799026531578	0.5816097485143912	1.74770570949278	-0.4732944882458538	0.0183382980535895	-0.2616574466903255	1.420094282726384	1.420094282726367	-0.07490146043270056	-0.1745176818028766	0.2929708309541741	0.02695642270285827	-0.04439330583250786	0.009353129848950575	-0.03494013644632087	0.1215038525251235	-0.003121231841005438	0.04548996761564199	0.0002848724295991826	0.1067016203071179	0.106701620307118	0.009477632869591038	-0.0009127591408934064	0.04283723642103001	0.02276567911231062	-0.3073845423184624	0.04797350359198831	0.0006866930989193921	-0.3187306398268234	0.002268107976232724	0.01043940097029668	0.2681013559990575	-39.22625853483847	3.556726752009717	-2.299145898637677	13.10957596965194	-639.62808109844	-33.16681381717474	-0.7865770379364427	1.409119408112855	0.117446247887616	1.919512319264597	-6.456741378800822	-0.02793742097279956	-2.346678871055786	-0.01551012377538006	-5.42495200434166	-5.424952004341696	-0.6596681310416732	-0.04944985558179066	-1.083291942475724	-0.7027552549628148	2.970015601805691e-08	6.8674718324552e-08	-9.541416846063116e-08	8.160977199634229e-09	2.265380471055823e-08	-5.077066656659984e-08	3.185021429822229e-08
0.99	-0.4947040469052124	-0.0504485878317207	0.5813562693900741	1.748599034744447	-0.4733256674231689	0.01867542435292941	-0.2616546132628147	1.420890187848949	1.42089018784885	-0.07483691315071662	-0.174526730198629	0.2933455907217604	0.02715128168158218	-0.03051560143848584	0.01053333800817618	-0.01575027620870513	0.05716153693569159	-0.003063607640065805	0.02201029680739351	0.0002673632484179164	0.05247706891851308	0.05247706891851285	0.003436986361005364	-0.0007778758729966791	0.03214476021439615	0.01629412418548662	-0.307027557291808	0.04794447258060194	0.0007218408241419701	-0.3194445493398082	0.00324009013424887	0.01024659745242167	0.2678322203880636	-38.91574658829627	3.600969210535248	-2.323191648632331	12.69378568829437	-639.654667298302	-33.05680942034969	-0.7753519112173834	1.374739702673288	0.1192085929376176	1.919537408567974	-6.422923962257456	0.03026692292587244	-2.337345924279251	0.002961211052135507	-5.421561309509998	-5.421561309510069	-0.5754759601555747	0.06280512453451054	-1.057714126642349	-0.6061608703815105	2.308813056499798e-08	7.175291543049628e-08	-4.540491860219507e-08	1.650583121887589e-08	1.335821135067583e-08	1.896257528037768e-09	2.135956160098194e-08
1	-0.4949402070506503	-0.05033720321793482	0.5812948517746452	1.748848947377555	-0.4733547394420111	0.01878000699650817	-0.2616523884218448	1.421143776536946	1.421143776536774	-0.07483261494366014	-0.1745308602204891	0.2936143279939016	0.0272840640592725	-0.01673214713938178	0.01174956588710507	0.003472165331267567	-0.007178671183460417	-0.002699800147228145	-0.001018763543648344	0.0001631551209514897	-0.001761666605698923	-0.001761666605699137	-0.002572182123116027	7.09156572634735e-05	0.0216327373323577	0.01035035890508937	-0.3066705722652432	0.04791544156933444	0.0007569885498418245	-0.3201584588527697	0.004212072292320934	0.01005379393474036	0.2675630847769536	-38.61206896390231	3.646213398902636	-2.347174468390224	12.3116458508194	-639.7796490734236	-32.92691695965591	-0.7718539046500315	1.390269389129052	0.124650191828418	1.926028579736016	-6.45631988474488	0.03329923740679704	-2.256556779614451	-0.03284991303241404	-5.427788831463066	-5.42778883146302	-0.6533725261488014	0.09333179689094274	-1.047201277556348	-0.597197325677289	5.835174771539119e-09	2.836730803118258e-08	-9.194663524315756e-09	6.261339946668685e-09	-1.288033667825226e-09	3.942156793921536e-08	2.289200368432693e-09
1.01	-0.4950387923221351	-0.05021354106348114	0.5814257179072669	1.748455518965721	-0.4733794922034115	0.01865540888609163	-0.2616514300996431	1.420854924607414	1.420854924607522	-0.07488848349362667	-0.1745249177293549	0.2937783041419054	0.02735854145098116	-0.002979569753044556	0.01298238938911356	0.02269615725414028	-0.07150135375388368	-0.002284462035573062	-0.02393973450919182	3.507923577620475e-05	-0.05600938710541473	-0.05600938710541717	-0.008619206738307451	0.001038237672548508	0.01113828932446408	0.004482473262829529	-0.3067984553313807	0.04802267967197716	0.0007291079911988725	-0.319669287515876	0.003533615800114226	0.01015484163178006	0.2676517075470248	-38.81582566920591	3.630146955847138	-2.335637615969858	12.41581099670844	-639.6385844743003	-32.97816357212045	-0.7760121858301264	1.368550665928827	0.1225262704206755	1.919845691318749	-6.419395954412651	0.04059509376442293	-2.315709081627132	-0.001800938729047416	-5.423360434958207	-5.423360434958628	-0.5830277012917953	0.08653860162252448	-1.054198807508406	-0.5909817077399534	-1.141778102191975e-08	-1.501829936813113e-08	2.701559155356356e-08	-3.983151325538523e-09	-1.593427868632628e-08	7.694687835039295e-08	-1.678116086411655e-08
1.02	-0.4949996920692477	-0.05007756510580166	0.5817486761976689	1.747419033025922	-0.4734011027845466	0.01830043270068166	-0.2616515554387818	1.420023576117742	1.42002357611813	-0.07500535434416457	-0.1745116807786469	0.2938366093608101	0.02737246048142191	0.01080495773503303	0.01421232653226941	0.04189059688728899	-0.1357901767731658	-0.002071364095153697	-0.04709437853885347	-5.357714810787145e-05	-0.1102609786344279	-0.1102609786344325	-0.01477264223699891	0.001529807598834003	0.000498551512469663	-0.001761313349022293	-0.3069263383976563	0.04812991777461206	0.0007012274330172919	-0.3191801161789621	0.002855159307931843	0.01025588932881525	0.2677403303169507	-39.02640882678233	3.615038254626892	-2.323982108780032	12.5534736725691	-639.596082092559	-33.00987456713898	-0.787897790049628	1.396659409476901	0.1240729200580781	1.920118121791231	-6.4495479745167	-0.007148796840552781	-2.30329139243827	-0.0249660127741223	-5.428563037322436	-5.428563037322384	-0.6746547028488741	-0.001818620909315571	-1.076259238376177	-0.672377519595754	-1.278354388431946e-08	-5.108411193527554e-09	7.16280299247657e-08	2.269379464837693e-09	-2.253224036935162e-08	1.192690525339246e-07	-2.329198905653412e-08
1.03	-0.4948225854483502	-0.04992924403941207	0.58226336775506	1.745740018586054	-0.4734208717910506	0.01771353600800764	-0.2616524885022858	1.418649841796825	1.418649841797157	-0.07518388469819433	-0.174494487101234	0.2937880125691858	0.02732321222463856	0.02462108967170328	0.01545730889165237	0.06103645782939667	-0.199987161445254	-0.001842612752983082	-0.07024365646209642	-0.0001375282317946658	-0.1644717571644723	-0.1644717571644742	-0.02090893870984946	0.001974360965035699	-0.01021962386242376	-0.008033893715784463	-0.3065128746676436	0.04835096932302599	0.0006534674744553014	-0.3188732995383533	0.002959160266073167	0.01028153278762622	0.2674431748085345	-38.96431387517779	3.584257767719537	-2.309056130077283	12.39595593546897	-639.2176009511604	-32.98415764944091	-0.807755915733916	1.374795868112549	0.1255259932598275	1.910125717121705	-6.400944537364809	0.04384853740933272	-2.31456888316527	-0.0007835578131981766	-5.415210029377066	-5.415210029376769	-0.5794542628513678	0.07743615599453288	-1.069852711111476	-0.5965464372226496	-1.398719253313685e-08	5.345308568565272e-09	1.163262048601855e-07	8.690247215036285e-09	-2.904807671221899e-08	1.616401743069702e-07	-2.96746587485421e-08
1.04	-0.4945071763516127	-0.04976831012955346	0.5829691790492132	1.743419800134686	-0.4734371609965947	0.01689638195790069	-0.261654395856949	1.416734424736905	1.416734424737187	-0.07542304544563022	-0.1744708791218851	0.2936321828189998	0.0272128685357892	0.03846545290241882	0.01673489522607332	0.08011454423959791	-0.2640309790697378	-0.001375403904291079	-0.093145850021258	-0.0002484353813216714	-0.2185975264357841	-0.2185975264357835	-0.02689872091662705	0.002812667955615573	-0.02094804019993823	-0.01398039976279957	-0.3060994109377774	0.04857202087142734	0.0006057075162048094	-0.3185664828977248	0.003063161224240892	0.01030717624643057	0.2671460192999662	-38.90908714160229	3.554352108908804	-2.293895169470124	12.27215035149278	-638.9378640989999	-32.9394972608337	-0.8358548335270015	1.402305668285744	0.1305937150658592	1.906563215409961	-6.418914564995879	0.0405427044635383	-2.253874519622166	-0.03035722594205396	-5.411561185575814	-5.411561185575825	-0.6453518496343386	0.07693210396600503	-1.07830743090007	-0.6071626556463913	-2.233654268865382e-08	-6.100652713229567e-09	1.593706878979448e-07	9.706331579673933e-09	-3.952839552774918e-08	2.013223503241331e-07	-4.127799360201683e-08
1.05	-0.4940531965656946	-0.04959442278309253	0.5838653673510903	1.740460066307746	-0.473447601358542	0.01585145497333777	-0.261657563269845	1.414278193111266	1.414278193111342	-0.07572141696519247	-0.1744370526977274	0.2933688869967305	0.02704459307276247	0.05233286998594891	0.01804932926217383	0.09910534067009122	-0.3278736002777152	-0.0006725891811896316	-0.1157957699054435	-0.0003901995621953729	-0.2726330525971389	-0.2726330525971346	-0.03275378802486049	0.00400883743782983	-0.0317253557650559	-0.01962721044767657	-0.305372011735946	0.04879234878780461	0.0005257460831825316	-0.3181474151609927	0.003306823488902272	0.0104006985880717	0.2666237080597856	-38.78855946743576	3.472524936775139	-2.25788283524503	12.07992924804375	-638.3631375515018	-32.96964367680229	-0.8726270181560923	1.379309982786526	0.1328836470047856	1.892661403426037	-6.360613579703422	0.09114066306435985	-2.264018031489713	-0.006858868428953041	-5.3971756891945	-5.397175689194031	-0.5523355071302223	0.1494412987917413	-1.079578477883747	-0.5363389291963619	-3.090919601625511e-08	-1.823097902764578e-08	2.023634930639024e-07	1.055351646351283e-08	-5.013260442055005e-08	2.409204967864247e-07	-5.304447424178736e-08
1.06	-0.4934604725580566	-0.04940718801644736	0.5849509283265842	1.736863170732516	-0.4734498156118848	0.01458133532823079	-0.2616623028953933	1.411282080752452	1.411282080752332	-0.07607768942894924	-0.1743895681930488	0.2929973910470952	0.02682126977203251	0.06621429724549478	0.01940437926291967	0.117989078962922	-0.3914633287258876	0.0002698178150999394	-0.1381843821365394	-0.0005628779137775628	-0.3265736730696632	-0.3265736730696551	-0.03847890976157855	0.005544284057750452	-0.04258806567281707	-0.02498996730407114	-0.3046446125341893	0.04901267670431307	0.0004457846505867257	-0.3177283474242345	0.00355048575362495	0.01049422092992872	0.2661013968195042	-38.67494061914095	3.391694343213573	-2.221785827951855	11.92126218398228	-637.8870956918411	-32.98213242135495	-0.9185902939159264	1.405107703488712	0.1387169079950851	1.88515158787749	-6.368336013034909	0.08846115910105183	-2.201612989004365	-0.03654006008356855	-5.39258004780964	-5.392580047809644	-0.6193627753312885	0.1447875315071039	-1.095386299428483	-0.5503518899498745	-4.348472626780377e-08	-4.396097414922329e-08	2.439253125993423e-07	8.034217667833058e-09	-6.245306282867818e-08	2.792868239790225e-07	-6.793021862497778e-08
1.07	-0.4927288563758673	-0.04920613690343249	0.586224699174042	1.732631739207297	-0.473441996844632	0.01308813524233825	-0.2616688213632203	1.407747152165692	1.407747152165638	-0.07649093781725264	-0.1743263333325037	0.29251666427955	0.02654481752893606	0.08011006995081514	0.02081866849191347	0.1367380150449224	-0.4547696232244276	0.001278556859801971	-0.1604615236362677	-0.0007336251698705047	-0.3803850541187727	-0.3803850541187678	-0.0441828667075049	0.007036016306770541	-0.05358832917176287	-0.03033957965416458	-0.3036339498584696	0.04917479379927821	0.0003271924700174848	-0.3171535179561729	0.003976652646293744	0.01064142927125489	0.2653986038305728	-38.47932213810217	3.263199448507577	-2.166677793270931	11.64925304331663	-637.086003681415	-33.03361379946741	-0.9744368846395595	1.381974684618611	0.1447097325269401	1.865688147375399	-6.303781596156532	0.1047437744602958	-2.241702192429083	-0.006263485548676694	-5.371351799689933	-5.371351799690547	-0.5477625979688855	0.1414333774863935	-1.107006363927225	-0.5331527699909187	-5.62731755046688e-08	-7.041435590947969e-08	2.854110158778398e-07	5.335850591327802e-09	-7.486481110464287e-08	3.175876288700407e-07	-8.298188129239269e-08
1.08	-0.4918582499405017	-0.04899055793769381	0.587685144088123	1.727768843651504	-0.4734245579874622	0.01137197624901244	-0.2616768315890295	1.403674922835201	1.403674922835212	-0.07696159586379275	-0.1742501676882608	0.2919250028792565	0.02621369178985157	0.09401234787875812	0.02230994980767887	0.1553238922875364	-0.5177561348386894	0.002193835796715216	-0.1827761636148734	-0.0008612295129773802	-0.4340338218170188	-0.4340338218170176	-0.04996084140325203	0.008130440791264253	-0.06477499222269262	-0.03592466650233526	-0.3026232871828742	0.04933691089419743	0.0002086002897200008	-0.3165786884880941	0.004402819538976479	0.01078863761252062	0.2646958108415197	-38.29069762589896	3.135507200436835	-2.111215871863283	11.4106118160829	-636.3837611061363	-33.06904256090959	-1.041000980377529	1.406408748013054	0.1541153253495403	1.852539820000235	-6.304379436179291	0.06976913754323003	-2.209112684779914	-0.02791147748608922	-5.360057377636935	-5.360057377637006	-0.6341663252954501	0.06532597860174372	-1.132666209825026	-0.597446789565252	-5.572057042855422e-08	-5.740713634513829e-08	3.234915926445228e-07	1.139136051622799e-08	-7.952030682391809e-08	3.45751110810155e-07	-8.645692996005489e-08
1.09	-0.4908485094774603	-0.04875967307148169	0.5893305693531774	1.722277854258956	-0.4733976802486204	0.009433168882509509	-0.2616860226617099	1.399067141703195	1.399067141703549	-0.07748984858252692	-0.174163608444482	0.2912206938609978	0.02582668446943657	0.1079423439752329	0.02388036638411824	0.1737276427363224	-0.5803681605535139	0.00324595857895144	-0.2049212327350229	-0.0009793925585115781	-0.4874833733460606	-0.4874833733460586	-0.05563980117914249	0.009268013449741033	-0.0761014628691704	-0.0413946654362277	-0.3013236866177804	0.04964102496541229	6.337902394186487e-05	-0.3158383598620998	0.004978630663183479	0.01096393698872033	0.2637780255931746	-38.03242666870614	2.975888384305849	-2.042060610846696	11.08240704574975	-635.3617980263409	-33.12924941359775	-1.119293318286028	1.387277586815979	0.1605100113350447	1.829248168257356	-6.228585652372675	0.132529197974451	-2.20765009029801	-0.004129847624312393	-5.331531497474677	-5.331531497474685	-0.5273090311617306	0.1510489898926174	-1.134835109803506	-0.5094931452153576	-5.415288513297388e-08	-4.139747972349076e-08	3.613130836983504e-07	1.811292629993072e-08	-8.358565289214089e-08	3.731432746996571e-07	-8.905114930164902e-08
1.1	-0.4896992725441706	-0.04851268300199763	0.5911590232249082	1.716162950306609	-0.4733583622120635	0.007274821611808303	-0.2616964675907345	1.393926039564519	1.393926039565215	-0.07807340054455457	-0.1740630582579944	0.2904026806127271	0.02538743381970326	0.1219116419257852	0.02553099046206335	0.1919296136227361	-0.6425390467978891	0.004681895337612724	-0.2266841444417887	-0.001112000785490533	-0.5406980231525815	-0.5406980231525794	-0.06102069005206606	0.01092862932509017	-0.08751583822542321	-0.04637333236669066	-0.3000240860527869	0.04994513903653727	-8.184224181441485e-05	-0.3150980312360954	0.005554441787388336	0.01113923636479252	0.2628602403447432	-37.78124407049596	2.816879794107733	-1.972281820358586	10.78678810688682	-634.4390507657274	-33.17546774847769	-1.210340006884568	1.414269118828389	0.1701568256508049	1.812183907525758	-6.216151542089421	0.1465319328281816	-2.132681202103271	-0.03080051377467753	-5.313077033132777	-5.31307703313293	-0.5745521447020757	0.1699346219761236	-1.150247151779821	-0.4991803888793047	-5.936208244107779e-08	-4.353328425824333e-08	4.040349578379547e-07	2.158104620035362e-08	-9.162075087814994e-08	4.030902639504805e-07	-9.719213488855458e-08
1.11	-0.4884100319579597	-0.04824874797504935	0.5931684169922602	1.709428576160449	-0.4733028685018771	0.004901045070689355	-0.2617083928796906	1.388254085311891	1.388254085311958	-0.07870964233456715	-0.173943487709482	0.2894700428035844	0.02490067911348161	0.1359522476649153	0.02727284974018175	0.2099084184233253	-0.704256718965427	0.006475478102587968	-0.2479776757054398	-0.001281360635976615	-0.5936420879419982	-0.5936420879419926	-0.06620804851019031	0.01306306321501589	-0.09902902546250975	-0.05090539046066068	-0.2984555065263335	0.05029263905773265	-0.0002578030867067226	-0.314180988275755	0.006272325746187633	0.01133682426803835	0.2617548344724753	-37.46296713500264	2.629831533441525	-1.89048040777915	10.40627149497269	-633.1957683973541	-33.23033516345481	-1.315263313324637	1.401313422539733	0.1787307156756809	1.784600354768427	-6.13772625354462	0.2045135499346775	-2.113735380734809	-0.01124926415609718	-5.277438916353447	-5.277438916352935	-0.4879235656391868	0.2469399497936732	-1.15444931661492	-0.4194312931243192	-6.524896800955e-08	-4.748363490863555e-08	4.472468702861366e-07	2.47238215124486e-08	-1.000528240559375e-07	4.33292735737436e-07	-1.058877970999912e-07
1.12	-0.486979913890125	-0.04796688830796458	0.595356373125307	1.702079395052725	-0.4732276905437078	0.002317123958456005	-0.2617222608758258	1.382054216868468	1.382054216867913	-0.07939717688304002	-0.173800224386595	0.2884217541606831	0.02437076127163031	0.1500871382474424	0.02911591848935602	0.2276420867616728	-0.7655004391113222	0.008618744931640152	-0.2687130586586315	-0.001500542225242878	-0.6462808613117126	-0.6462808613117021	-0.07127924173917009	0.01566718419665476	-0.1106460049772713	-0.05500595949337123	-0.2968869269999461	0.05064013907893335	-0.0004337639314949445	-0.3132639453153995	0.00699020970500981	0.0115344121713044	0.2606494286001402	-37.15183324317896	2.443441586140279	-1.808107093302528	10.05742798564458	-632.0513792543343	-33.27391557195421	-1.435278187408713	1.433126087507655	0.1903987198620779	1.763156615077423	-6.121361137760829	0.216468745643523	-2.021051540011488	-0.04076486153024192	-5.252018749192305	-5.252018749192238	-0.5513190988731776	0.2638720403186715	-1.171005607314646	-0.4128825766273705	-7.053659718118404e-08	-5.562128988228525e-08	4.778006715643754e-07	2.589089615414886e-08	-1.068523637210639e-07	4.498735646729067e-07	-1.125078076082987e-07
1.13	-0.4854082126256801	-0.04766606963575912	0.5977203335063195	1.694120540101272	-0.4731295532660751	-0.0004717452868668137	-0.2617382262988503	1.375329578060757	1.375329578060664	-0.08013475886108568	-0.1736291712978549	0.2872566601404419	0.0238016155236369	0.1642416710498091	0.03106654675438182	0.2450983583080721	-0.8261487455745989	0.01105082174283886	-0.2890059870782656	-0.001662804062238762	-0.6985871612224773	-0.6985871612224726	-0.07620097252454114	0.01857283690133646	-0.1224000585088707	-0.05877971184191447	-0.2950654868169272	0.05098944212432106	-0.0006482503733928321	-0.3121510041490763	0.007803622276800669	0.01177111437493525	0.2593809032934823	-36.78844761233816	2.222921330395593	-1.711161461720897	9.638147030097448	-630.5881997905365	-33.34491570451359	-1.57174655497013	1.404890743013376	0.2002098868026549	1.729094891753963	-6.01830639623418	0.2628345664388671	-2.025272309182492	0.0005039041626511698	-5.21095082015996	-5.210950820161009	-0.4572165448916726	0.3084398837819756	-1.18169412503103	-0.3531494300719905	-7.574931930321321e-08	-6.42823578963419e-08	5.067722089463707e-07	2.681100821204976e-08	-1.134478366971075e-07	4.647516882519415e-07	-1.188683616537149e-07
1.14	-0.4836953112599088	-0.04734518167950882	0.6002573030962628	1.68555885388607	-0.4730058437367988	-0.003461915579677983	-0.2617549221904308	1.368083673212315	1.368083673212675	-0.08092048144232591	-0.1734281560823962	0.2859732078050959	0.02319602667894117	0.1783271585086849	0.03312977529831859	0.2622439285478201	-0.8860666918628074	0.01373319525725183	-0.3089732681476136	-0.001646635941322099	-0.7505340694588989	-0.7505340694589007	-0.08090736237081007	0.02165960953557891	-0.1343176679984084	-0.06229457883462732	-0.2932440466339574	0.05133874516969462	-0.0008627368150355561	-0.3110380629827387	0.008617034848604798	0.01200781657854951	0.2581123779867791	-36.43225879416871	2.002986033566408	-1.61353784733015	9.249422308923117	-629.223499674374	-33.40743586608663	-1.726101408889346	1.419317018809398	0.2129187756443497	1.701016353747162	-5.975289102747126	0.2665280862863435	-1.955922069954326	-0.005078869947142921	-5.180140414323654	-5.180140414323772	-0.5082509110527476	0.3000960262307575	-1.203716798902157	-0.3611055054612636	-7.741497425902354e-08	-6.076592973201554e-08	5.347100461878849e-07	3.091344538206989e-08	-1.178164825408309e-07	4.756485683663318e-07	-1.218048383597635e-07
1.15	-0.4818417626746196	-0.04700305610491138	0.6029641146179285	1.676401620800443	-0.4728540399161863	-0.006650167506870114	-0.261770678368246	1.360320226792124	1.360320226792441	-0.08175204587732005	-0.1731954271224431	0.2845698134995069	0.02255664092243272	0.1923802598449453	0.03531786786983592	0.2790603719560332	-0.945254928710598	0.01667835861601265	-0.3286251062863966	-0.001481318421038986	-0.8020825588486469	-0.8020825588486546	-0.08534507391719745	0.02492403700302431	-0.1463814339758939	-0.0655227450582568	-0.2911530097829019	0.05171213067278281	-0.001110731278413366	-0.3097858352403287	0.009625377020293273	0.01226332442747334	0.2566560862548361	-35.9930138637953	1.753640752168761	-1.503572325758832	8.751491146875496	-627.5554363265351	-33.48276399709037	-1.899890017054265	1.397952005011969	0.2251409736205177	1.663233268089546	-5.871853820211189	0.3160615834291793	-1.962096770816281	0.03082924475012695	-5.131279923682746	-5.131279923683733	-0.4025063346167534	0.3454237747258778	-1.210740800286093	-0.2947561120576152	-7.854444464319608e-08	-5.540871726165442e-08	5.624916264314191e-07	3.549693169694528e-08	-1.218485149808315e-07	4.859436326081596e-07	-1.242237219796286e-07
1.16	-0.4798477540131482	-0.0466383723094572	0.6058373455604232	1.666656252777492	-0.4726712742374141	-0.0100333942324787	-0.2617840829344806	1.352043480133559	1.352043480133822	-0.08262618243944854	-0.1729288923542625	0.2830451746735206	0.02188675671744334	0.2064191737403292	0.03764141946966451	0.2955278127135293	-1.003693679335051	0.01992556688507321	-0.3479682278242029	-0.001176313631362349	-0.853194117133695	-0.8531941171337087	-0.08942178779097415	0.02842077117944704	-0.1585665720779555	-0.06839426853164049	-0.2890619729317024	0.05208551617591651	-0.001358725741755577	-0.3085336074979138	0.01063371919198504	0.01251883227646072	0.25519979452304	-35.56100249930461	1.504715473521842	-1.392706758553697	8.282789303646496	-625.9852542499914	-33.55263857201043	-2.094680007543099	1.416479530634027	0.2400105813066485	1.631215823603746	-5.825391858079563	0.3269370683462845	-1.894178749759036	0.02285858393227927	-5.092754193383676	-5.092754193383797	-0.4360513765305999	0.3465573680261756	-1.227991223817314	-0.2897769554120965	-8.073201531360865e-08	-5.361122508359547e-08	5.87576025224844e-07	3.946646764310369e-08	-1.259499504446568e-07	4.92183783789809e-07	-1.268456128271756e-07
1.17	-0.47771318076304	-0.04624971543909413	0.6088734497779569	1.656330082471136	-0.4724546730259014	-0.0136084418989989	-0.2617938153038529	1.343257977283248	1.343257977283532	-0.08353947658551245	-0.1726265479215404	0.2813981508433451	0.02118977567103525	0.2205148823371442	0.04011823453323393	0.3116292720293485	-1.061428893578521	0.0234364504726222	-0.3669858674620026	-0.0007513189677907089	-0.9038165355762882	-0.9038165355762895	-0.09318458013156079	0.03206599970629448	-0.1708492176546696	-0.0709492795680782	-0.2868807325913488	0.05250541907784247	-0.001640006343141442	-0.3069744324675844	0.01160197551518485	0.01281720604166669	0.2537006619316677	-35.12234829194538	1.228424354776736	-1.268813218933811	7.749433014679034	-624.1519702478384	-33.63125617938565	-2.31210823243701	1.409017245588454	0.2557677563037089	1.590021016956478	-5.730875787248278	0.3693562888867473	-1.897329740546244	0.05514610148347741	-5.033472074792307	-5.033472074790494	-0.3385663874361203	0.3763281212719409	-1.230051999563362	-0.2305283079937009	-8.310853246370697e-08	-5.244939724344772e-08	6.121787844736065e-07	4.332636959484836e-08	-1.300637793055936e-07	4.976998433535693e-07	-1.295037549653801e-07
1.18	-0.4754370702826586	-0.04583544026061259	0.6120686505949261	1.64542990210644	-0.4722017245215043	-0.0173720205958702	-0.2617987324878474	1.333968952967486	1.33396895296779	-0.08448883329993156	-0.172287186698305	0.2796279704024099	0.02046881148822024	0.2347266197893007	0.04276508109335847	0.3273471326006183	-1.118495691012718	0.02719502545723232	-0.3856744338900131	-0.0002132765476428166	-0.9538984102226928	-0.9538984102226805	-0.09663430145666752	0.0358241292834585	-0.1831978942299824	-0.0731908958138795	-0.2846994922507857	0.05292532197986013	-0.001921286944684387	-0.3054152574372505	0.01257023183839506	0.01311557980700727	0.2522015293405019	-34.69097188625635	0.9524310493292797	-1.143851848107523	7.243138371867125	-622.4166718365597	-33.70727572736782	-2.553813810650776	1.43968530170231	0.2740168806176828	1.554496074693868	-5.691708496224679	0.3764753477585275	-1.828364107801277	0.04546813524820977	-4.984645434145999	-4.984645434145911	-0.3734371734346029	0.36913757808945	-1.241197423537047	-0.2270979972848297	-8.605568818717275e-08	-5.18667517216587e-08	6.329703380226065e-07	4.795541592515447e-08	-1.342565612792441e-07	4.982069127820806e-07	-1.314798336359862e-07
1.19	-0.4730182194639358	-0.04539374868331377	0.6154190615936758	1.633962339355887	-0.4719100626499414	-0.02132070297520548	-0.2617973493992651	1.324181964979305	1.324181964979657	-0.08547134348951456	-0.171909885715979	0.2777341307435349	0.01972693382126971	0.2490659835215964	0.04561124525111703	0.3426663065125726	-1.174910445002778	0.03117221116839258	-0.4039982687138699	0.0005457930967511851	-1.003394401552877	-1.003394401552824	-0.09982622126364128	0.03964233436669291	-0.1955636174435274	-0.0751313115508208	-0.2825990827904048	0.05339974061381934	-0.002232919821268911	-0.3035425389989612	0.01349157508022381	0.01346844333047884	0.2508291455778111	-34.26086518136785	0.644391063285853	-1.003953308809483	6.622254856345183	-620.5519962212477	-33.78858496709638	-2.821454087267917	1.434417478133281	0.2956285485806536	1.510286099209989	-5.600409963549019	0.4134903511658859	-1.824920317409131	0.09951120709359892	-4.916331369988588	-4.916331369982663	-0.2858836419487998	0.3892500808949161	-1.233293551762785	-0.1695836502092892	-8.912114702950742e-08	-5.140418058294406e-08	6.529717635606801e-07	5.274391901686967e-08	-1.384657115811401e-07	4.976755330362109e-07	-1.33314508904773e-07
1.2	-0.4704553038940325	-0.04492245299139388	0.6189205959414982	1.621933818842815	-0.4715775988875727	-0.0254507291323385	-0.2617866986488792	1.313903166000306	1.313903166000745	-0.08648453572870705	-0.1714941850613406	0.2757168270962253	0.01896723793929212	0.2635395700194963	0.04868590401757224	0.3575718024150912	-1.230687243518971	0.03535540361435071	-0.4219431894469501	0.001640255863498254	-1.052260608384423	-1.05226060838433	-0.1027707113753957	0.04350406374810644	-0.2078906919170568	-0.07675453882018125	-0.280498673330088	0.05387415924786254	-0.002544552698214312	-0.3016698205606508	0.01441291832210598	0.01382130685410526	0.2494567618150417	-33.83810668702827	0.3365241716522684	-0.8628106051152168	6.025825217591075	-618.7861405169375	-33.86996824829625	-3.116637740736871	1.466529854823255	0.3197158023569887	1.471760472806714	-5.564117401451034	0.4176766947181313	-1.752581289646018	0.1125467597185813	-4.858688534418369	-4.85868853441857	-0.323951234390713	0.3778424377252366	-1.23346767553401	-0.1636603037687049	-9.058936607889091e-08	-4.56278479865294e-08	6.718375455865947e-07	5.848134058590297e-08	-1.412273345330156e-07	4.923319716904589e-07	-1.333618669309671e-07
1.21	-0.4677478503240977	-0.04441924641102338	0.6225689860794883	1.609351647605149	-0.4712023979474635	-0.02975804940477796	-0.2617621859627057	1.303138879576949	1.303138879576853	-0.08752638866913313	-0.1710398472907945	0.2735763717308394	0.01819266000307884	0.2778815139994282	0.05199544480309243	0.3720240080093702	-1.285542683680944	0.03971262020466256	-0.4394348965476144	0.003448284714281251	-1.100489684735773	-1.100489684735789	-0.1055912894700537	0.047362600346681	-0.2201997279684039	-0.0781223195535436	-0.2783396036172477	0.0543349681853724	-0.002883071106780963	-0.2995840578392274	0.01533693432152798	0.0142308683705573	0.2481103749057568	-33.40079064625609	-0.007416578330865642	-0.7057494697903512	5.355493744406058	-616.8512168140763	-33.99186339085825	-3.440937622744304	1.407571849874848	0.3425912702352442	1.419589195056788	-5.415622626919647	0.4488341171741387	-1.734664450274257	0.2428314469263268	-4.788941871844947	-4.788941871861386	-0.2598601982853891	0.3898809350300092	-1.229518941114258	-0.1176035491784136	-9.16782406774485e-08	-3.858949704391102e-08	6.904336122783715e-07	6.444413029329932e-08	-1.436451697392613e-07	4.85845517214735e-07	-1.329847371120454e-07
1.22	-0.4648990682782747	-0.04388174081208211	0.6263594259918851	1.596227048905213	-0.4707828068462305	-0.03423772655424474	-0.2617140128881346	1.291895517452798	1.291895517452203	-0.08859619721078221	-0.1705469198214492	0.271312846530705	0.01740555094132487	0.2918052651912342	0.0555457077317232	0.3859817572964007	-1.339172735976919	0.04423343583438633	-0.4564145648481562	0.006372333531802524	-1.148075748541193	-1.148075748541318	-0.1083618316159725	0.05122200350951324	-0.2325046588669221	-0.0792607639292422	-0.2761805339044231	0.05479577712296339	-0.003221589515722693	-0.2974982951177851	0.01626095032099399	0.01464042988715337	0.246763987996442	-32.97089345291402	-0.3512901496838929	-0.547292252227107	4.706910819861418	-615.0161417759452	-34.11649669247325	-3.795819182409387	1.382891297198235	0.3678602309790367	1.372869211356992	-5.319039828251341	0.4503965026005646	-1.650173529621594	0.3357507530656945	-4.730086025232442	-4.730086025232549	-0.3139440446428389	0.378015750576738	-1.232646644968375	-0.1177930322360394	-8.983791460840768e-08	-3.115389471864486e-08	6.873090227575159e-07	6.758084931510411e-08	-1.417795966473079e-07	4.668455793827161e-07	-1.288827916942041e-07
1.23	-0.4619128096907114	-0.04330751877687414	0.6302869248846223	1.582572056210998	-0.4703172280926163	-0.03888504013654817	-0.2616313827628649	1.280179671343383	1.280179671343078	-0.08969307583392824	-0.1700156609114703	0.2689263600335516	0.01660818832141601	0.3054014860162176	0.05933928798860841	0.3994305677966736	-1.391634293265597	0.04891382151681629	-0.4730083680048026	0.01031286369950034	-1.194970351699851	-1.194970351699937	-0.1109493685436687	0.05501400746602357	-0.2447833908451487	-0.08016291673477184	-0.2738214839865319	0.05537421537165233	-0.003595400007187037	-0.2951053980672689	0.01710902873283931	0.01502145474556066	0.2452478613067369	-32.54583990060658	-0.6824093404419566	-0.3903116583389709	4.070504595804486	-612.841591908349	-34.19141525764999	-4.182636844827664	1.341233018492301	0.3912093262676721	1.317741339245454	-5.180999702854821	0.4815014525617748	-1.658105181627074	0.4470799738144364	-4.650654696470883	-4.650654696465185	-0.2215104626685691	0.3775771091047553	-1.224093327479185	-0.06917616362654683	-8.720895759039803e-08	-2.361134009805045e-08	6.783365642563359e-07	6.995670315232654e-08	-1.387607982443008e-07	4.444766268009254e-07	-1.237780113074228e-07
1.24	-0.4587919397861993	-0.04269414045845386	0.6343462827563395	1.56839819073922	-0.4698039171118467	-0.04369711604504397	-0.2615045721708375	1.267998577755314	1.267998577755307	-0.09081390021555591	-0.1694469250837453	0.2664173648459712	0.01580325422167361	0.3187275285749753	0.06337696437418279	0.4123535530923085	-1.442947291501449	0.05377988125910782	-0.4893670300790575	0.0152084268749211	-1.24112524427005	-1.241125244270097	-0.1131509833047664	0.05871738705919648	-0.2570063969525559	-0.08077505989690785	-0.2714624340683785	0.0559526536204293	-0.003969210499011251	-0.2927125010167482	0.01795710714468754	0.01540247960409404	0.2437317346172892	-32.12826814093251	-1.013735182640434	-0.2315661012767449	3.452180523613535	-610.7690748699084	-34.27229039688473	-4.602524950142989	1.328855643953186	0.4166794567167582	1.267704170429353	-5.08932801768583	0.4875313145729563	-1.603145313143324	0.5267573546099584	-4.582143907540603	-4.58214390754061	-0.2367596113231045	0.3602908779092135	-1.221501470804733	-0.05979110355744646	-8.299375322711388e-08	-6.769338914632914e-10	6.816307950651713e-07	7.716275418984995e-08	-1.363347169271954e-07	4.268856640534893e-07	-1.174576673905851e-07
1.25	-0.455538659109245	-0.04203914226264675	0.6385322254573782	1.553716471092326	-0.4692411313248033	-0.04867096762480604	-0.2613247046153742	1.255359782807665	1.255359782807738	-0.09195554513143606	-0.1688416105195622	0.2637865079531359	0.01499352380622361	0.3319267313859954	0.06766500172710285	0.4247454383385886	-1.493243596396026	0.05880590567910821	-0.5053022855403991	0.02086484312794109	-1.28649632415672	-1.286496324156694	-0.1151692873740275	0.0623482067771253	-0.2691447435379635	-0.08112153958548055	-0.2687602486981181	0.05646274422078878	-0.004362223107315567	-0.2902072299307722	0.01894661957310498	0.01580021951166729	0.2419234336437417	-31.64447004029388	-1.370134458663842	-0.06171998419191018	2.783878409329353	-608.3464930705874	-34.39025005616197	-5.056402974849616	1.315162124340882	0.4412325190068334	1.211471680983849	-4.976837655493111	0.5143415216130898	-1.573646029590522	0.6000475964148476	-4.49395504766539	-4.493955047654531	-0.1830760587988495	0.3650312014196147	-1.20695594579022	-0.0147408343579513	-7.829850032512824e-08	2.69155326635163e-08	6.886373134283535e-07	8.583057543272759e-08	-1.340880105176656e-07	4.107406719138185e-07	-1.107694555633356e-07
1.26	-0.4521534444992186	-0.0413399903644264	0.6428393952067315	1.538536377210503	-0.4686272445903479	-0.05380115783261159	-0.2610852801302066	1.24227140405745	1.242271404057633	-0.09311711513885114	-0.1681998770216647	0.2610348766557714	0.01418179570732262	0.3451143151836105	0.07220770485683076	0.4365989627551652	-1.542622138496607	0.06400007073504677	-0.5206347556801477	0.02711981281165669	-1.3310420047808	-1.331042004780702	-0.1171360016061156	0.06600117380244928	-0.2811612778586349	-0.08117459658808533	-0.2660580633276968	0.05697283482122965	-0.004755235716130503	-0.2877019588447835	0.01993613200153999	0.01619795941936892	0.2401151326703455	-31.16820908598009	-1.726743559326007	0.1099063736387152	2.130640732268997	-606.0277198367652	-34.51699380858472	-5.54489261742749	1.326531841272358	0.4676126120781679	1.160032004488632	-4.905775458886194	0.521159441760677	-1.482588248824771	0.6464680407488779	-4.41706405502237	-4.417064055022579	-0.2264416438884961	0.3647203393881931	-1.197139017857816	-0.001106566364044667	-7.326956176077723e-08	6.045425797085282e-08	7.007684912776619e-07	9.605659221962052e-08	-1.3166249016512e-07	3.969301111498682e-07	-1.039452706883209e-07
1.27	-0.448636504682434	-0.04059414481175903	0.6472623310679427	1.522867253807361	-0.4679607686343569	-0.0590810298760355	-0.2607803196711137	1.22874181647638	1.228741816476308	-0.09429895599063369	-0.167521583972427	0.2581636751087278	0.01337070743541972	0.3582558310265232	0.07700257151894491	0.4478904106010899	-1.591024802018334	0.06931245047040946	-0.5351732890058337	0.03397882776275519	-1.374726393738872	-1.374726393738792	-0.1192963758813307	0.06967385453186307	-0.2930581039743794	-0.08101073395260437	-0.2629791055761891	0.05736801985918315	-0.005166613025172392	-0.2851074157052624	0.02108584484878249	0.01660703069607173	0.2380011782732197	-30.61913726658001	-2.106636133901891	0.2916571013354213	1.43514595362441	-603.3380194680224	-34.68235450523994	-6.068301242231653	1.305279714375907	0.4916205173662432	1.09900564192858	-4.780863006305021	0.5387754509289319	-1.414602389352173	0.7216005352308522	-4.321739621819118	-4.321739621821801	-0.2204672185628918	0.3711604448858815	-1.182800777358237	0.02987933590728526	-6.812789155373522e-08	9.600185447830998e-08	7.146309730074188e-07	1.068090264200322e-07	-1.291765596966906e-07	3.839082096344723e-07	-9.707514897284492e-08
1.28	-0.444988686055478	-0.03979911122765421	0.6517952423010703	1.506719433527533	-0.4672406692386796	-0.0645013105557434	-0.2604035725999128	1.214779862344595	1.214779862344301	-0.09550432696504911	-0.1668060404148554	0.255174136026743	0.01256220712135725	0.3712900772124618	0.08204531114432326	0.4585940371384192	-1.638361513839648	0.07472475866593127	-0.548716482927958	0.04147713523149926	-1.417515314921727	-1.417515314921664	-0.1218420261255209	0.07345127546799371	-0.3048287848471484	-0.08065700502100026	-0.259900147824648	0.05776320489718238	-0.005577990334542328	-0.2825128725657221	0.0222355576960508	0.01701610197286398	0.2358872238761184	-30.07760636543539	-2.486568244342848	0.4749672377654082	0.752156106058138	-600.7534743482885	-34.85840467413153	-6.62685482345274	1.305077909877782	0.5171872047308039	1.042467742769529	-4.692585118803478	0.5411451337925788	-1.283520368112474	0.774326544277853	-4.237970499979126	-4.237970499979061	-0.3034968376835157	0.3856683807314987	-1.171909969263099	0.03686669286035729	-6.202243227712297e-08	1.036286800533568e-07	6.749721339797266e-07	1.052972657242187e-07	-1.187336681703e-07	3.533500430635424e-07	-8.827348430330786e-08
1.29	-0.4412110482519749	-0.03895245550020086	0.6564321740897207	1.490103731036399	-0.4664659403109679	-0.07005342932742248	-0.2599486890604607	1.200394671480174	1.200394671480166	-0.09673572762466652	-0.1660527686881406	0.2520675533010868	0.01175823105394472	0.3842160167975828	0.08732243131707031	0.4686861458612215	-1.684578001776553	0.08024638890057863	-0.5616928431603485	0.04960790268851958	-1.459352445328613	-1.45935244532858	-0.1243427481555753	0.0771638889673391	-0.3164596920470399	-0.08008962601440385	-0.2566615954030464	0.05829949288817265	-0.006031026006998111	-0.2794813292977272	0.02306802414723697	0.01738930795521455	0.2336124321734779	-29.6176706105494	-2.835202639923348	0.6516493070250905	0.1783659843478039	-597.7954478199572	-34.97161579691258	-7.222604100609972	1.283124923402888	0.538483447702829	0.9766359525708327	-4.556042787346552	0.5613920383017648	-1.302588477062027	0.8487013505877812	-4.131007224942824	-4.131007224947434	-0.2090532748567367	0.3583097167394822	-1.154458027895463	0.07387413564027313	-5.555555209942187e-08	1.0078521652875e-07	6.152427996679914e-07	9.918643194232083e-08	-1.053069162471739e-07	3.162157770967875e-07	-7.874749102599789e-08
1.3	-0.4373047964644592	-0.03805192676618974	0.6611668376687067	1.473031891234685	-0.4656352510668677	-0.07573489062681671	-0.2594092479456004	1.185596224728914	1.185596224729105	-0.0979892741826489	-0.1652635204499104	0.248845506116922	0.01096136890281915	0.3970128740057044	0.09281991245587747	0.478140395205505	-1.729588975961949	0.08591682193527664	-0.5745849884431338	0.05838865031251303	-1.50016649229148	-1.500166492291477	-0.1262712057532584	0.0806465777548333	-0.3279216765486695	-0.07923422176457499	-0.2534230429815788	0.05883578087898521	-0.006484061677051573	-0.2764497860297755	0.0239004905983669	0.01776251393722744	0.2313376404707511	-29.16456663992145	-3.184295132762246	0.8302933982114253	-0.3908534665819768	-594.9357672902139	-35.09672569688143	-7.856953321198613	1.279261434478122	0.561259397942565	0.9148958670657363	-4.451482368501543	0.5709056938026691	-1.266677378191418	0.9043225776723868	-4.033353811175297	-4.03335381117531	-0.1890439512092952	0.339683438361205	-1.138125429611198	0.09447174150656847	-6.155329486094512e-08	9.039780014588363e-08	6.286243230588354e-07	9.993284507479999e-08	-1.094024682745763e-07	3.029995784152079e-07	-8.173445108931335e-08
1.31	-0.4332712880083086	-0.03709533213815353	0.6659928310490439	1.455516029947341	-0.4647470674132223	-0.08154449412644564	-0.2587790256149376	1.170394793350031	1.170394793349738	-0.09925952483184874	-0.1644404310817426	0.2455097532657651	0.01017458016755044	0.4096555248326186	0.09853411258641666	0.4869496154729531	-1.773373060494531	0.09174385569178843	-0.5872850963925749	0.06774197530637605	-1.539948085152197	-1.539948085152199	-0.1277224728786049	0.08394383416217101	-0.3391973754654953	-0.07807708002067784	-0.2495737413644094	0.05907733344688678	-0.006959366438711099	-0.2737443389766985	0.02535377207905542	0.01813634606261262	0.2285645311927851	-28.49609585820728	-3.576292263690527	1.0214020761102	-1.104857554075164	-591.769236697426	-35.31182328158651	-8.51870680366153	1.251764323604032	0.5817861639380167	0.8476104355608181	-4.310350028473348	0.5920996856603811	-1.264158212071523	0.9637613829939584	-3.924788780487918	-3.924788780488753	-0.1146998673915638	0.3207739424955247	-1.11755318428259	0.1332096188561479	-7.271495284014722e-08	7.688503186459527e-08	6.722946303550345e-07	1.035201176432354e-07	-1.207572605100551e-07	2.996922933232013e-07	-8.990534896517381e-08
1.32	-0.4291123535606085	-0.03608053834014863	0.670903651697851	1.437568632108035	-0.4637999139282476	-0.08747959484696821	-0.2580526852497843	1.154800700691111	1.154800700690806	-0.1005425945062191	-0.1635851637096275	0.2420621912131404	0.009400737695325786	0.4220980723316394	0.1044597464496114	0.4951058488993832	-1.815896286340765	0.09771078821153502	-0.5996844326918943	0.07761225721029456	-1.578698748291631	-1.578698748291638	-0.1288350109715754	0.08708217859247307	-0.350283516844893	-0.07664496915576621	-0.2457244397469743	0.05931888601552245	-0.007434671213069527	-0.2710388919232821	0.0268070535601135	0.01851017818955645	0.2257914219148738	-27.83475280601301	-3.964994134210478	1.209646397666418	-1.808131264644848	-588.70993300236	-35.53221319751079	-9.194590993686631	1.239240768899879	0.6035461444734418	0.7842984988620981	-4.199310631231426	0.598885446450148	-1.206523048167142	1.007713959683361	-3.827167866918796	-3.827167866918759	-0.1212981447341146	0.307901042953927	-1.100213922125988	0.1494655657091805	-4.173184011224412e-08	-1.819775192769655e-07	-9.005439141987713e-08	-1.951568651006359e-08	-3.225920110462466e-08	-3.259181359258977e-08	-2.202535479893069e-08
1.33	-0.4248298380305877	-0.03500550806499015	0.6758926901949122	1.419202287602569	-0.4627928085093292	-0.09353239048860508	-0.2572249949445975	1.138824369205709	1.13882436920542	-0.1018399583673019	-0.1626975572994042	0.2385045893480529	0.008641869042875795	0.4343803458652765	0.1105740873548852	0.5025841029093787	-1.85714832856468	0.1037211581864982	-0.610720032192017	0.08802561592656925	-1.616371111477879	-1.616371111477935	-0.1306768507321404	0.09045608888524354	-0.3612027777855519	-0.07510078626569594	-0.2421601910710608	0.0599546626426658	-0.007874395391543361	-0.2673093465597041	0.02706332621049012	0.01887693880471727	0.2231826543609997	-27.53865101315563	-4.279674019894801	1.378093864029494	-2.147824624852547	-585.3185729111133	-35.6350811976099	-9.884791361227709	1.219039928791432	0.6194927725628401	0.7119559979886002	-4.054481137330828	0.604012408318149	-1.028788299559705	1.073118642412213	-3.707827889557246	-3.707827889564816	-0.2215917095344759	0.3543505802926677	-1.082736346628087	0.1613898589707801	8.464329849780118e-09	-5.52690706722472e-07	-1.219853401447789e-06	-2.00276716815917e-07	1.017600112547489e-07	-5.148506481045152e-07	8.05248989747414e-08
1.34	-0.42042523590861	-0.0338685114389779	0.6809529846612582	1.400430156650943	-0.4617252194636365	-0.09969088410498204	-0.2562901766892852	1.122477202619425	1.122477202619092	-0.1031569335896896	-0.1617757688746439	0.2348388040402352	0.007899341260985139	0.4465153907268227	0.1168530166203664	0.5093570427563058	-1.897053575562933	0.1098075135734832	-0.6208240276371783	0.09903784723538084	-1.6528657684673	-1.652865768467404	-0.1327572832054305	0.09391858149219624	-0.3719202053899019	-0.07337679504303571	-0.2385959423953872	0.06059043926956689	-0.008314119567282728	-0.26357980119619	0.02731959886080178	0.01924369941946345	0.2205738868069501	-27.24855211667373	-4.591828435280799	1.544455898285124	-2.501878780721026	-582.0284141203937	-35.76849832552913	-10.58962762884745	1.209795034481996	0.636463816514611	0.6432356662483572	-3.929951586098825	0.6140825288543106	-1.020202237174901	1.127488478190712	-3.5916266275532	-3.591626627553116	-0.1690166872790863	0.3256175057903719	-1.05984725486471	0.1854272322269264	5.514241948338459e-08	-6.386458223493614e-07	-1.732869089058271e-06	-2.642796779333166e-07	1.808587516827039e-07	-6.852668479497121e-07	1.412123379496395e-07
1.35	-0.415900180033145	-0.0326678475679771	0.6860775365028494	1.381265492624573	-0.4605966202509092	-0.1059467020171421	-0.2552426889964881	1.10577077489433	1.105770774894071	-0.1044955575207692	-0.1608195100348342	0.2310668928720012	0.007174675497331106	0.4584380071967634	0.1233116564776977	0.5154382063641996	-1.9356451748295	0.115929034239832	-0.6302961815793972	0.1105340354090082	-1.688234337707994	-1.688234337708055	-0.134907388044674	0.09731130983801271	-0.3824159609378877	-0.07151281141222046	-0.2339734535461814	0.06056144601750672	-0.008720574103915843	-0.2611121660597601	0.02941818625319384	0.01947657697090093	0.2171502749263571	-26.36258852837302	-4.947362891927907	1.714527380675453	-3.313045945323776	-578.5552159464524	-35.99018765572964	-11.30961198196009	1.174860103584471	0.6552945259395941	0.5733389789178692	-3.788617680642	0.6140101559984994	-0.9040580351619603	1.171835599635182	-3.481695250816446	-3.481695250810024	-0.2290786932693769	0.3424025420338023	-1.037590707107487	0.193744675357857	1.000614689527793e-07	-5.822219020669518e-07	-1.937493115460059e-06	-2.699036044564933e-07	2.324972561449512e-07	-6.997617304615554e-07	1.80968369525152e-07
1.36	-0.4112576249629395	-0.03140165120728452	0.691259456434692	1.361721941888749	-0.4594062411674669	-0.1122959086811517	-0.2540780090994169	1.088716216841145	1.088716216840963	-0.1058538967623489	-0.1598300635029529	0.2271913939478178	0.006470021719351069	0.4700152296801052	0.1299595145587185	0.5208306608065287	-1.972830917444332	0.1221634877251407	-0.6395017780182741	0.1224762880901226	-1.722491834088234	-1.72249183408825	-0.1367003453248229	0.1005561199060919	-0.3926377565795511	-0.06937439790744154	-0.229350964697116	0.06053245276539439	-0.009127028641393619	-0.2586445309233033	0.03151677364560223	0.01970945452230193	0.213726663045638	-25.48106893737275	-5.300518767297062	1.8823926848661	-4.143674647237621	-575.1612347707091	-36.24923884102552	-12.04550439573582	1.140716237162539	0.6743074612522779	0.5054938331353631	-3.648780255751383	0.6366690926462438	-0.9668907365065278	1.216701379688094	-3.369412055462215	-3.369412055462097	-0.0975871754601307	0.2960338502429382	-1.005055273600639	0.240313207019458	1.322893338720921e-07	-6.400268172751889e-07	-2.235622806739042e-06	-3.072096016455376e-07	2.863376164211595e-07	-7.434179565133999e-07	2.121925457385086e-07
1.37	-0.4065008130831999	-0.03006819051837784	0.6964917841344508	1.341813647434017	-0.4581530624677062	-0.1187351428842026	-0.2527917818283724	1.071324825945723	1.07132482594552	-0.1072290461652341	-0.1588086318069442	0.2232149298883878	0.00578788797250568	0.4813060269201787	0.1367485252588595	0.5255118369075482	-2.008575426928489	0.1284877759823937	-0.6483253576469388	0.1348375190053727	-1.755572131706203	-1.755572131706123	-0.1382409899249395	0.1036877993442373	-0.4026135630450343	-0.06701421925147516	-0.2251276839821573	0.06089348789557113	-0.009428020887671432	-0.2549353970962955	0.03187273086168024	0.0199759422257841	0.2105083355746038	-25.14207050560214	-5.567159590606274	2.029472786340058	-4.393231686063452	-571.4400730185564	-36.44690600244728	-12.798271689862	1.117138613813251	0.6835067271597115	0.4310455536516787	-3.499349976256029	0.6330735348703382	-0.8369263610775898	1.256086880447186	-3.245256356996771	-3.24525635698269	-0.1691633044900825	0.3148158653181862	-0.9877020662232779	0.240041190008383	1.57576707240579e-07	-7.603006268923726e-07	-2.584888408497741e-06	-3.618417312299782e-07	3.413821165956276e-07	-8.030217923136822e-07	2.387508635506862e-07
1.38	-0.4016323178018048	-0.02866637795191754	0.7017672468062338	1.321555495148097	-0.4568360879168897	-0.1252619798405252	-0.2513798916615756	1.053609048525724	1.053609048525487	-0.1086169740545315	-0.1577572671416019	0.2191399360176595	0.005130590211241026	0.4923519100156374	0.1436298900694405	0.5294576552113296	-2.042802483672966	0.1349226579439119	-0.6570223286768591	0.1476088672408007	-1.787369139005464	-1.787369139005289	-0.1392560426131849	0.1065427137711053	-0.4123437188385601	-0.06440720079058218	-0.220904403267385	0.06125452302561839	-0.009729013133668798	-0.2512262632693	0.03222868807774019	0.02024242992908321	0.2072900081034233	-24.80671315686869	-5.832410617467976	2.175473588873431	-4.677095988324368	-567.7936373060246	-36.6861888843469	-13.56910523729893	1.091733408239888	0.6927782833400452	0.358422273687688	-3.345289707815268	0.6587878334992145	-0.9415690167576917	1.29872484372369	-3.112753991720567	-3.112753991720566	0.007531206914194769	0.2406808479875344	-0.9559251392095514	0.2896811680046139	1.95170241770457e-07	-7.409205022165161e-07	-2.796882882125609e-06	-3.748974294892691e-07	3.908215441746784e-07	-7.953107592868343e-07	2.701784142838006e-07
1.39	-0.3966546060501466	-0.0271952513108547	0.7070785249977584	1.300962405316519	-0.4554545194709322	-0.1318745724306604	-0.249838570339722	1.035581654270801	1.035581654270687	-0.1100134893194633	-0.1566787083271345	0.2149689389475967	0.004500224084160845	0.5031306860367175	0.1506137044067457	0.5326759114449513	-2.075557470785975	0.1414004511040271	-0.6654119170041327	0.1607087744977314	-1.817893674403835	-1.817893674403736	-0.1400239964683928	0.1091593829035668	-0.4218002733940333	-0.06162955571128386	-0.2160271715916435	0.06114267259955461	-0.009951104749869476	-0.2483002425371784	0.03370437577750276	0.02036384398830596	0.2035569296111449	-24.1095536010831	-6.091059620856042	2.312486707368504	-5.208227478237778	-564.0025348123131	-36.93166376237696	-14.35906633229874	1.062038279976812	0.7038512457792411	0.2853075656685784	-3.201838941679828	0.6441409488137286	-0.7747387834168205	1.323630271898219	-2.989961285340438	-2.989961285351989	-0.1156281596783074	0.2701038129614143	-0.9322781294528848	0.2777245944281078	2.401077757031019e-07	-6.381985135270729e-07	-2.926957488965731e-06	-3.631413864738752e-07	4.369160090758207e-07	-7.47427949701861e-07	3.045117975665073e-07
1.4	-0.3915708888221121	-0.02565375287904886	0.7124183418051138	1.280049518468041	-0.4540077999151002	-0.1385684779125804	-0.2481646486242559	1.017255483067624	1.017255483067616	-0.1114170180185057	-0.1555743940478892	0.2107050248288296	0.003898818091177661	0.5135530052952217	0.1577042482180404	0.5351653783774373	-2.106761887044436	0.1479528799260183	-0.6732849070395881	0.1741289459635103	-1.847124528660004	-1.847124528659981	-0.1406587294412133	0.1116938067194707	-0.4309271285789716	-0.05861517397055677	-0.2111499399160579	0.06103082217340545	-0.01017319636661318	-0.245374221805038	0.0351800634772629	0.02048525804742661	0.199823851118739	-23.41491236400998	-6.348764344190004	2.448776252960406	-5.77738504806829	-560.2703526201269	-37.2245403061123	-15.16786985650752	1.020442055725012	0.7141241781377157	0.2126644134605037	-3.035175536905428	0.6737149658744089	-0.838249358394055	1.36277768549334	-2.854017763280248	-2.854017763280311	0.03417538339172866	0.2242317846760758	-0.889985265102927	0.3370285002902357	2.784603762134425e-07	-6.075256531956061e-07	-3.112399154970221e-06	-3.700702583841182e-07	4.849619691935869e-07	-7.097184087638205e-07	3.332688554092342e-07
1.41	-0.3863846296548119	-0.02404094112242996	0.7177793868947869	1.258832337892263	-0.4524953749746431	-0.1453380345845257	-0.2463551526807335	0.998643526436499	0.9986435264364915	-0.1128268839707732	-0.1544449405717382	0.2063513854088677	0.003328418377737042	0.5236396366597764	0.1648629812216068	0.5369182643839749	-2.13639756230089	0.1545366591108392	-0.6805302290976487	0.1878100566575351	-1.87503581658966	-1.875035816589582	-0.1413013183557983	0.1141913880407473	-0.4397495886528963	-0.05543827469120479	-0.2063273339864599	0.06104268610078185	-0.01028125532626004	-0.2419131045814983	0.03581812392872463	0.02052147451016993	0.1960471590517528	-22.98306853433309	-6.513970724272383	2.559484954105375	-5.985670744647893	-556.3240872315312	-37.42931250600832	-15.99555574834489	0.9939573346046794	0.7174001694995333	0.1379053580665328	-2.88618842191593	0.6519098101975636	-0.652917183612129	1.376749848919134	-2.72511092366963	-2.725110923661435	-0.1116531955529304	0.2610059308742387	-0.8707767262239289	0.312500404365612	3.125327699992852e-07	-6.236847262968276e-07	-3.333829409431552e-06	-3.891443249960261e-07	5.342764012021587e-07	-6.786214924462866e-07	3.584013017159739e-07
1.42	-0.3810992674423273	-0.02235641157416936	0.7231542217772894	1.237327115583504	-0.4509168721592885	-0.1521770931878556	-0.2444076512127593	0.9797593716029194	0.9797593716028967	-0.1142428112454923	-0.15329081435735	0.2019110413186263	0.002790683609608792	0.5333736143357299	0.1720478065463815	0.5379233369432654	-2.164370233633363	0.1611684549121643	-0.687185293319713	0.2017300508540732	-1.901564169153759	-1.901564169153626	-0.1418709939371716	0.1166283543628612	-0.4482680626342858	-0.05208218490753432	-0.2015047280570261	0.0610545500280499	-0.0103893142860714	-0.238451987357959	0.03645618438017265	0.02055769097277042	0.192270466984641	-22.55337883943955	-6.679187744274812	2.670640602123271	-6.239923567855685	-552.4350638185201	-37.68663665485359	-16.8419913050298	0.9499113180050857	0.7193426423791648	0.06310172401102052	-2.702574752108756	0.6833182891752428	-0.7201977911947968	1.410554385996051	-2.577430690168718	-2.577430690168733	0.04875805003415293	0.2121087848436167	-0.8291880465962036	0.3728666011538285	3.495535684403483e-07	-5.61509940143405e-07	-3.459312517374103e-06	-3.840856884975967e-07	5.779555965801718e-07	-6.087406248779667e-07	3.829022462946844e-07
1.43	-0.3757183117528112	-0.02059989630776109	0.7285354072228211	1.215550269820543	-0.4492720253812683	-0.1590803013667521	-0.2423200522845637	0.96061685355963	0.960616853559668	-0.1156639696742514	-0.1521130216590012	0.1973871163245849	0.002287193089080079	0.5427439199203452	0.179259221878526	0.53819021073627	-2.190713037078167	0.1678041111579222	-0.6933878823681011	0.2158165777464917	-1.926699028232904	-1.926699028232908	-0.1423242434338428	0.1189105483666219	-0.4564516562577089	-0.04858307143239592	-0.1962366368397159	0.06068288225497097	-0.01042275788148899	-0.2355507857704917	0.03782852680840148	0.02043520089796618	0.1881275553652975	-21.89038532985808	-6.807650068665286	2.766021657474753	-6.613755051750394	-548.4693106081528	-37.90866090038369	-17.70670293059745	0.9196166625856284	0.7225667773658742	-0.00992402860892368	-2.557169930501788	0.6546821361049159	-0.5596447438887161	1.411728285178881	-2.445535307333283	-2.445535307353975	-0.08702829286848407	0.2326202052146975	-0.8032132795555469	0.3438413350001671	3.886585839652744e-07	-4.439612189996287e-07	-3.516970918294757e-06	-3.619677273866868e-07	6.176512626158934e-07	-5.114435159082282e-07	4.069567844794432e-07
1.44	-0.3702458477106866	-0.0187711617282852	0.7339155805591725	1.193518588665136	-0.4475606234720545	-0.1660434064925627	-0.2400907827985818	0.9412301825674588	0.9412301825675312	-0.1170885929666399	-0.150913137921159	0.1927833017424389	0.001819775226161647	0.5516752848608322	0.1864916691599035	0.5377209151072108	-2.215337312116396	0.1744794811568678	-0.6991646827056011	0.2300641624115049	-1.950394758933878	-1.950394758934018	-0.142563966664555	0.1210465622532833	-0.4642459802547368	-0.04486765338500343	-0.190968545622536	0.06031121448180279	-0.01045620147731788	-0.2326495841830123	0.03920086923661892	0.02031271082304933	0.1839846437458582	-21.22898492803652	-6.936468564302195	2.862187143724579	-7.034780644662106	-544.5525860152811	-38.18807898239522	-18.58890924326932	0.8621231891797062	0.7235490322255729	-0.08413216040185012	-2.358869070793412	0.6912610398127988	-0.6350400490171196	1.442765940515034	-2.289605014534358	-2.289605014534351	0.09146330322603695	0.1828727614238671	-0.7513341213174509	0.4161275156045633	4.211893277252499e-07	-3.791929445154523e-07	-3.607054975411991e-06	-3.523031681770862e-07	6.557347117336052e-07	-4.254192174989983e-07	4.263463993421686e-07
1.45	-0.3646861387262968	-0.01687012311122427	0.7392873779528208	1.171249231900851	-0.4457824327281089	-0.173061695913817	-0.2377184709094574	0.9216138383884624	0.9216138383884884	-0.1185150747408537	-0.1496923592909619	0.1881034322199276	0.001390348477234654	0.5601961816237361	0.1937064096717029	0.5365140905823766	-2.238232109854727	0.1811559650340497	-0.7043872844804634	0.2444095299973576	-1.972616679382899	-1.972616679382916	-0.1427237797401711	0.1231095141961668	-0.4716640431777204	-0.04099436330463406	-0.1858295344595216	0.05998961501232765	-0.01036605761657926	-0.229224225299239	0.03968625540591936	0.02012579760103916	0.1798588953657934	-20.85055588869745	-6.981417024828016	2.937731767896282	-7.089954896015112	-540.5060255427853	-38.40477748336055	-19.48738122479039	0.8365973629203936	0.718919442123936	-0.1574866889911213	-2.209406299817959	0.6559748347637895	-0.4495684522045782	1.432119355318229	-2.149965805825288	-2.149965805806942	-0.06855767464649183	0.2173103694020216	-0.7275181598361062	0.376929210390887	4.486719699514239e-07	-3.549525130020395e-07	-3.722037304251601e-06	-3.522010425702765e-07	6.925802085749882e-07	-3.480508271987303e-07	4.421540195111897e-07
1.46	-0.3590433158856778	-0.01489724051275252	0.7446434012831282	1.148760002924265	-0.443937450590799	-0.1801289509949021	-0.2352023659069348	0.901782978955845	0.9017829789558013	-0.1199429254581624	-0.1484510903495578	0.183351286911775	0.001000454520336872	0.5682980561096616	0.2008604654420662	0.5345661024389678	-2.259311754571661	0.1878377598349759	-0.7089578146746717	0.2588227850911529	-1.993297809661485	-1.993297809661379	-0.1428377552834392	0.1251446244863122	-0.4787011373825926	-0.03696109497875277	-0.1806905232965979	0.05966801554278198	-0.01027591375624608	-0.2257988664154511	0.04017164157520953	0.01993888437894101	0.1757331469856672	-20.47400380250635	-7.027372267515024	3.0149648089354	-7.195783154965249	-536.5145330478842	-38.682858461299	-20.4004768406909	0.7783187337842934	0.7114120839381809	-0.2323648841168438	-1.995838466514072	0.6923232245616751	-0.5046257328862758	1.456343442103622	-1.981446980447342	-1.98144698044734	0.1006308096957209	0.1773044308763732	-0.6751403776954287	0.4481231647068798	4.751961169731503e-07	-2.564221805633828e-07	-3.741882883721446e-06	-3.291314669371437e-07	7.201494941669159e-07	-2.466743963640331e-07	4.566795709313789e-07
1.47	-0.3533215404176688	-0.01285313735633756	0.7499762954937	1.126068847763847	-0.4420258331063309	-0.1872393585596912	-0.2325420906207465	0.8817530267490834	0.8817530267490503	-0.121371478130606	-0.147190109746829	0.1785307328472897	0.0006514838175472495	0.575976399622803	0.2079472036713154	0.5318926732624331	-2.278612489387418	0.194476294982517	-0.7130332351219715	0.2732261295751083	-2.012428305632189	-2.012428305632072	-0.1428604961226518	0.1270392805040367	-0.4853368013188718	-0.03281289800379102	-0.1752223185593841	0.05901213178901607	-0.01011816806752572	-0.2228501820214685	0.04122933983739349	0.01955677751734367	0.1713257707157038	-19.92246781007521	-7.008857265792699	3.070110830656454	-7.352793217558867	-532.5273020877188	-38.8781592381963	-21.32605363408075	0.7505692490627865	0.7053069897630661	-0.302692015003673	-1.851084849467092	0.6486906075726631	-0.3449869474513033	1.431408565937453	-1.83929730194743	-1.839297301945807	-0.05199211977295685	0.1929920368787498	-0.6468856524252053	0.4016227844641332	5.009215179911703e-07	-9.59835973536872e-08	-3.682447838716486e-06	-2.869223496154075e-07	7.399886037176305e-07	-1.252912650839778e-07	4.701367317275416e-07
1.48	-0.3475253860967454	-0.01073856635816167	0.7552788833963907	1.10319390648318	-0.4400480158808666	-0.1943877176782975	-0.2297379661668387	0.8615396803033192	0.8615396803032704	-0.1227999113292646	-0.1459106934139404	0.173646000893274	0.0003446860486201669	0.5831738266953246	0.2149540337942517	0.5285048408627296	-2.296068978617604	0.2010777080389741	-0.7165481254412428	0.2875926186349305	-2.029976657465506	-2.029976657465378	-0.1428138605236003	0.1288317705080953	-0.491536715288389	-0.02852650820589535	-0.1697541138222226	0.05835624803520018	-0.00996042237928985	-0.2199014976274597	0.04228703809957266	0.01917467065569099	0.166918394445709	-19.37326089793828	-6.991429250720119	3.127139887425135	-7.556530294914804	-528.6001564444201	-39.13909128162072	-22.26104500319941	0.6821354456605638	0.6954304626754322	-0.3752455287505757	-1.62698934939962	0.6848988063449395	-0.3925197072805681	1.448972357277075	-1.665018152970063	-1.665018152970058	0.1145060973486006	0.1568712281433219	-0.5879903843432736	0.4757617292936089	5.201847912137821e-07	3.227398599846789e-08	-3.625304412072092e-06	-2.518861443747748e-07	7.567713647646564e-07	-1.404497249903807e-08	4.785473221428393e-07
1.49	-0.3416596220416885	-0.008554409341573416	0.7605440563447552	1.080153600328029	-0.4380044636063955	-0.2015687882809689	-0.2267905857790765	0.8411588623229366	0.8411588623229238	-0.1242273191991037	-0.1446140285408719	0.1687014784585374	8.136216048044059e-05	0.5898931202464879	0.2218548356439763	0.5244125844727258	-2.311669208570013	0.2076200410477381	-0.7195731214371067	0.3018629056521895	-2.045907018961331	-2.045907018961321	-0.1426521440768564	0.1304902043018324	-0.4972899296143364	-0.02411938435585774	-0.1642469280412322	0.05748364087933717	-0.009716172669038813	-0.2168810771443712	0.04309007805218401	0.01872367528625992	0.1624280117497023	-18.91043399139284	-6.924592917093204	3.171303126478498	-7.589457408482652	-524.6579005662782	-39.38656259247273	-23.2001624612558	0.6540180950737777	0.6839831235680783	-0.4436347986116426	-1.477996737184729	0.6374457086065872	-0.2431008067313462	1.412973884278756	-1.515154060757772	-1.515154060775636	-0.03075077533275295	0.1679831812415294	-0.55733517973608	0.4264075031281698	5.336072950828523e-07	1.314448964024618e-07	-3.57023225586898e-06	-2.23333148130524e-07	7.707916569718099e-07	8.803917741916265e-08	4.823965893292782e-07
1.5	-0.3357292266940808	-0.006301928690998865	0.765764822908323	1.056967000489536	-0.4358957789697617	-0.2087772310957992	-0.2237011191190761	0.8206271189450211	0.8206271189450411	-0.1256526609431753	-0.1433012485846297	0.1637017542359357	-0.0001372465311065693	0.5961000852068762	0.2286187605915112	0.5196235639033628	-2.325327715283343	0.2141041804751089	-0.7220225678726525	0.3160098730826137	-2.060161736971914	-2.060161736972022	-0.1424006353769275	0.1320547871456821	-0.5025770728609059	-0.01958346889504749	-0.1587397422603304	0.05661103372338922	-0.009471922958600314	-0.2138606566613191	0.0438931180047633	0.01827267991669351	0.1579376290536512	-18.45059179503872	-6.858574138831061	3.217129754681461	-7.666785474085992	-520.7855901691014	-39.7007486609993	-24.14099651858688	0.5796697275058197	0.6680550822373548	-0.5145983646224105	-1.238644701583613	0.6732600900663358	-0.2774097952168985	1.424308439910174	-1.32988945592173	-1.329889455921712	0.1324645479857062	0.138101038165935	-0.4947761684679333	0.5015200514480945	5.474363983875181e-07	2.407257467527502e-07	-3.513169105244673e-06	-1.953447906141821e-07	7.884643314825417e-07	1.889458735249487e-07	4.867948084369454e-07
1.51	-0.3297392896213446	-0.003982561218814375	0.7709342859984356	1.033653404982998	-0.4337226656518982	-0.2160072582877704	-0.2204710041412175	0.7999611802898123	0.7999611802899885	-0.1270752039512173	-0.1419731775615034	0.1586514864175126	-0.0003099892583438097	0.601796706753513	0.2352245853570014	0.5141573537575326	-2.337059599684952	0.2204992069686836	-0.7238442662108422	0.3299805676439211	-2.072738262613735	-2.072738262613853	-0.142122386615555	0.13358281752419	-0.5073937091398907	-0.01495184472932793	-0.1532147468935815	0.0556965790658075	-0.009152921235502128	-0.2108797369678379	0.04466713990169076	0.01758118019389193	0.1533968127038587	-18.01459709717149	-6.672289478696364	3.230485491230069	-7.6173827329088	-516.9936338670035	-39.82835996898847	-25.08195710461056	0.5511323367974493	0.6522931448276583	-0.579223260967047	-1.090609699972078	0.6201385840920431	-0.1132845754997557	1.378566737494719	-1.178473257018535	-1.17847325701993	-0.02672229641845057	0.1629925927369679	-0.4627004255616696	0.4463023804798643	5.616639691390681e-07	3.599143382504077e-07	-3.454154780087597e-06	-1.679097790511909e-07	8.097163406507802e-07	2.886986648945682e-07	4.917310004274161e-07
1.52	-0.3236950915394715	-0.001598046104751289	0.7760457688028097	1.010232460754322	-0.4314860991381201	-0.2232512494075071	-0.2171021588630886	0.779178088550595	0.7791780885506766	-0.1284954099394515	-0.1406292585230068	0.1535555336227176	-0.000435951987655908	0.6069522870423117	0.24164828896723	0.5080275067556584	-2.34679745970752	0.2267948196657878	-0.7248153534441611	0.3437559331354028	-2.083592353803792	-2.083592353803919	-0.1419332313194074	0.1352243901044201	-0.5117140681367868	-0.01022746930975917	-0.1476897515264915	0.05478212440843903	-0.008833919517004931	-0.2078988172739264	0.04544116179876071	0.01688968047155845	0.1488559963542737	-17.58058937053951	-6.487464420317541	3.246140935339955	-7.616322546964858	-513.2570277145637	-40.02141508772219	-26.02205761240769	0.4714614759384333	0.6316308511849613	-0.6473257358312199	-0.8398398257750523	0.6533773307724535	-0.1072875742426797	1.385242625945042	-0.9854025655688189	-0.9854025655688341	0.114645854940763	0.1608094785104532	-0.3955207120503335	0.5200703022178805	5.19148876983626e-07	7.917412677718436e-07	-2.787705020653852e-06	-3.523232373303573e-08	7.364047199057673e-07	3.861233234285527e-07	4.614465244174116e-07
1.53	-0.3176021195247376	0.0008497565441230449	0.7810927194028784	0.9867241988944908	-0.4291868853513626	-0.2305047413061926	-0.2135967328569369	0.7582953974303634	0.7582953974305932	-0.1299111057453858	-0.1392711397496749	0.1484190351612177	-0.0005137998016664558	0.611546502844435	0.247877618663228	0.5012591689391239	-2.354522688859986	0.2330194845767767	-0.7257414038162	0.3572757913767198	-2.092651698015774	-2.09265169801581	-0.141237702478869	0.1364151605402855	-0.5154967764928503	-0.005336400787833361	-0.1419392538931952	0.05329223729326096	-0.008523369087261392	-0.2053949697827119	0.04661365346265375	0.0162407965890272	0.1441229492692229	-17.02960103670513	-6.341696164879923	3.268097301611899	-7.657783636029425	-509.6719046623843	-40.35557820053831	-26.96089155058743	0.4390491929007772	0.6134587385900577	-0.707010535886072	-0.6890366259751336	0.6026123023516207	-0.06370169133041126	1.327335915368413	-0.8221460182630017	-0.8221460182494779	0.0425365203588107	0.1003901661508492	-0.3562375467316778	0.4742545308137258	4.163447054895054e-07	1.555746431443541e-06	-1.475855112301156e-06	2.0926522807498e-07	5.626192423779258e-07	4.81074340824675e-07	3.937400886569024e-07
1.54	-0.3114660758399477	0.003358827431912506	0.7860689020785185	0.9631486503099317	-0.4268263046693578	-0.2377631812929156	-0.2099577125699264	0.7373309237344575	0.7373309237343224	-0.1313207402395417	-0.1379006774028209	0.1432473912863063	-0.0005426110497324776	0.615566621068515	0.2539019367502553	0.4938739218699135	-2.360254804652281	0.2390681987312334	-0.7258049710939594	0.370474789303797	-2.099948868997746	-2.099948868997691	-0.1407209687683124	0.1376931045771427	-0.5187431508227967	-0.0004201561205292232	-0.1361887562588996	0.05180235017872684	-0.008212818666363366	-0.2028911222905845	0.0477861451268665	0.01559191270774658	0.1393899021848013	-16.48009071596579	-6.197984474632104	3.293026832002476	-7.731854502708	-506.1259878174922	-40.72643706431273	-27.89878172133125	0.3566419603301178	0.5906285293907865	-0.7707075863663896	-0.441217153740643	0.618187179466453	0.06520904461323179	1.321070563097062	-0.6329679195670754	-0.6329679195670707	0.07888682894442264	0.1782441987088161	-0.2882539068269971	0.5251055312935085	3.901562833505506e-07	1.837246247238661e-06	-1.059837943549512e-06	2.927250173793381e-07	5.272584460182207e-07	5.601859115288329e-07	3.740981798913555e-07
1.55	-0.3052925691640463	0.005926903479539475	0.7909682243535034	0.939525667212129	-0.4244062985788035	-0.245016640032153	-0.2061884555651206	0.7163020956715743	0.7163020956714032	-0.1327272140529757	-0.1365159452405767	0.1380456850824862	-0.0005225150544692312	0.6190447546941191	0.2596570389998739	0.4858930055543656	-2.363988854263322	0.2449038950872851	-0.7247807268245928	0.3833150465203559	-2.105508456418602	-2.10550845641856	-0.140562255829342	0.1392499735688805	-0.5215214984288234	0.004438788957489712	-0.1310721828612516	0.05115153381060288	-0.007831562859934429	-0.1992550910955758	0.04725167543212976	0.0146131450996611	0.135062252423936	-16.50358434045266	-5.803630443773461	3.269949063495039	-7.173656773096918	-502.7620005622301	-40.67977872287123	-28.83663176915639	0.3299278441594192	0.559542791696868	-0.8262687206493872	-0.2865212642096751	0.5619888414125855	0.1373487711962684	1.256268530532942	-0.4712970158592963	-0.471297015861291	-0.01377086287928686	0.1434895630676424	-0.2610904097116898	0.4662143583989223	4.522425289468906e-07	1.562815988306451e-06	-1.675975887816414e-06	1.90641297712101e-07	6.51386956221794e-07	6.210476849574677e-07	4.098349652721753e-07
1.56	-0.2990869753957976	0.008550848893452397	0.7957848404520336	0.9158759391383188	-0.4219287899291591	-0.2522565929980847	-0.2022926429422301	0.6952269031619025	0.6952269031618247	-0.1341317276146364	-0.1351158281259427	0.1328185023581581	-0.0004538445359592009	0.6219840395391376	0.2650758100074457	0.477332686578901	-2.365603799851289	0.2505687105528994	-0.7231038164313326	0.3957859129208451	-2.109221758340031	-2.109221758340002	-0.1403289184605062	0.1407700951070917	-0.5238384549236937	0.009294748529219653	-0.1259556094637202	0.05050071744236041	-0.007450307051745382	-0.195619059900746	0.04671720573733025	0.01363437749134695	0.1307346026630202	-16.52741608032099	-5.414952921053249	3.254329189278861	-6.668575460552536	-499.4213460369737	-40.68489925884219	-29.77591304482664	0.2488722042132128	0.5233622809812806	-0.8865881183497313	-0.01739634912571995	0.5840110013788858	0.1957422693919853	1.247192399883217	-0.2637108196818052	-0.2637108196818085	0.09381171491762294	0.1708947080036404	-0.1959756845958317	0.5245084300357145	4.625089379237924e-07	1.599483121893506e-06	-1.777136279467827e-06	1.93677636164896e-07	6.725846317936876e-07	6.662508614811649e-07	4.227462713758071e-07
1.57	-0.2928548995410962	0.01122747243959731	0.8005130452087361	0.8922206900149324	-0.4193954849942259	-0.259478470410218	-0.1982740734294201	0.6741242486839634	0.6741242486839333	-0.1355322217773139	-0.1337022026312013	0.127570967339905	-0.0003362819044221625	0.6243166762731526	0.2702076996102464	0.4682225078893519	-2.365094685744995	0.2560569702866975	-0.7211720645760535	0.4078546713088609	-2.110988747045611	-2.110988747045597	-0.1397562582368942	0.1419448800858177	-0.5255562319591709	0.01423137340087488	-0.1199288483738009	0.04831499812219285	-0.007225888313518637	-0.1939976506272896	0.04876256851116479	0.0127987904881009	0.1257794974845429	-15.73621249950926	-5.22970382820128	3.269470761224007	-6.887993296952076	-496.36496829153	-41.09013716694609	-30.70505207408808	0.208273949516637	0.5020034613244043	-0.9359956262231444	0.1377534539279591	0.5257785668293166	0.2071877772482073	1.175719808523163	-0.08521399207314394	-0.08521399207543018	0.04137067920405341	0.08902162950866566	-0.1427458879940392	0.4800239030629412	4.080005511263971e-07	2.025021996129637e-06	-1.234574730349883e-06	3.281140472677297e-07	5.651187640759827e-07	6.918807918736905e-07	4.071257283829541e-07
1.58	-0.2866029344107638	0.01395419511404889	0.8051475956021507	0.8685810696652891	-0.4168083884404901	-0.2666779710770439	-0.1941370158826747	0.6530135200997514	0.6530135200997657	-0.1369265138371464	-0.1322771790393127	0.1223096411163035	-0.0001689961467035236	0.6259618946680343	0.27509563566878	0.4586018139212819	-2.36247804510186	0.2613270343184645	-0.7186284673746768	0.4194835197073964	-2.110836579594265	-2.110836579594265	-0.1390884978884472	0.1430497145326095	-0.5265966959934595	0.01923937376583271	-0.1139020872837718	0.0461292788020528	-0.007001469575501445	-0.1923762413538026	0.05080793128500703	0.01196320348490117	0.1208243923061573	-14.95143542316979	-5.04497982378459	3.286581790610389	-7.122384241166371	-493.4157867541159	-41.5488037524754	-31.61241887596082	0.1113885363867738	0.4745715721277801	-0.9886911740538988	0.40410895824267	0.5403718609726569	0.3181113386115491	1.159210401987262	0.1201204117036224	0.1201204117036227	0.1128317398846858	0.1569046016169188	-0.06051308435823689	0.5387835286962331	3.630371057427077e-07	2.22247316424108e-06	-9.00494120384381e-07	4.002368907831043e-07	4.89187919241205e-07	6.996713257322869e-07	3.875238914981959e-07
1.59	-0.2803380335432917	0.01672826853713817	0.8096834194666667	0.844978742564956	-0.4141695515807845	-0.2738490979928871	-0.189885899665952	0.631914145408217	0.6319141454082361	-0.1383131781705338	-0.1308414328903914	0.1170410993379139	4.879178982197884e-05	0.6269113581814821	0.2796473646149325	0.4484838673399494	-2.357602392766771	0.2664018747258479	-0.7155229507504512	0.4306434676838777	-2.108699483472582	-2.10869948347261	-0.1382067778102339	0.1440602928236126	-0.5270244116501578	0.02431499027036289	-0.1086032454857852	0.0448996873977147	-0.006689954671416302	-0.1891980084132418	0.05062377881160676	0.01084178177229017	0.1163177792162361	-14.90263154944282	-4.608476969799332	3.26494840697836	-6.572386700229398	-490.561819375394	-41.60837921378189	-32.49234695744678	0.07066926157561516	0.4347969803600602	-1.035122884787522	0.5870262864230343	0.485121960981982	0.3181781047187382	1.079948602581485	0.311265975115391	0.3112659751112223	0.08177228011344922	0.06704367934614865	-0.02074132600043177	0.4912369855119438	3.310275094204757e-07	2.110376731183322e-06	-8.493519278400335e-07	3.877913211440753e-07	4.560546054618266e-07	6.832512500091232e-07	3.625188700458522e-07
1.6	-0.2740668492401459	0.01954572393458888	0.8141157085684472	0.8214367185710338	-0.4114811499509504	-0.2809868884863899	-0.1855260716480402	0.6108462940304356	0.6108462940304685	-0.1396898392755023	-0.1293967991112416	0.1117709122990228	0.0003171931462277699	0.6272185818050275	0.2837720305410658	0.4378948613741264	-2.350417423820444	0.2712399883476598	-0.7119611829105924	0.4412258799444981	-2.104531916842302	-2.104531916842357	-0.1370878521990716	0.1448272405747833	-0.5269257480938446	0.02936205774211639	-0.1033044036876182	0.04367009599342912	-0.006378439767505423	-0.1860197754726337	0.05043962633822068	0.009720360059750988	0.1118111661264555	-14.86394756987109	-4.174264470162816	3.248320866338122	-6.031958725867972	-487.8659082095861	-41.72449318627159	-33.33904155398259	-0.01705944159347666	0.3891589681238307	-1.082903050952029	0.8659722804902357	0.4930265038583891	0.4093615817383015	1.043703258815141	0.5262145134230123	0.5262145134230121	0.1602728464745621	0.1081784936505433	0.04476275824396282	0.5330737221408967	3.047504775173507e-07	2.103900653531136e-06	-7.694670284847337e-07	3.937951475476408e-07	4.292598593320532e-07	6.797478756808882e-07	3.467251778035663e-07
1.61	-0.2677958552415882	0.0224023647672819	0.8184398875117901	0.797977898652532	-0.4087456912895364	-0.288086867611796	-0.1810634296073302	0.5898303221792609	0.5898303221792213	-0.1410543606293686	-0.1279458326206963	0.1065045335172893	0.0006358882252986129	0.6268660806588559	0.2874914821928304	0.4268748875908955	-2.340974386093846	0.2757955621624503	-0.7079114701957576	0.4511962868753037	-2.098319701502521	-2.0983197015025	-0.1358257413941921	0.1453607723680015	-0.5262441527096723	0.03436423758736289	-0.09764371215141172	0.04166180955453254	-0.006179771852996734	-0.1838052427160756	0.05157205976712442	0.008615025900685296	0.1070756971765203	-14.41898903566843	-3.813849258797963	3.238517462673894	-5.853724523498553	-485.4528547391178	-41.98471105061683	-34.14656436582973	-0.06150088187292046	0.3537296885428985	-1.121370284484021	1.039262849714501	0.4281695359279039	0.4215539286961953	0.9577732119669642	0.7200691962466199	0.7200691962581864	0.1081359857434464	0.02497399760607219	0.09581749226027378	0.481575310478287	2.869289781324087e-07	2.253214600102169e-06	-6.4718663658328e-07	4.27011833114033e-07	4.118145004854471e-07	6.952966359101726e-07	3.445181961461157e-07
1.62	-0.2615318173406515	0.02529427840146031	0.8226519015688061	0.7746246677774989	-0.4059664075468606	-0.2951425940475683	-0.1765042707369573	0.5688867413118716	0.5688867413117793	-0.1424064697175707	-0.1264897241171136	0.1012481626021494	0.001004162141773436	0.62582736228295	0.2908265908381423	0.4154618841087356	-2.329299615128454	0.2800050046027724	-0.7031106449873118	0.4605292458762784	-2.090053720083092	-2.090053720082993	-0.1346053990593616	0.1458556431791653	-0.5249241747752404	0.03927782522308144	-0.09198302061497163	0.03965352311570145	-0.0059811039386347	-0.1815907099594549	0.0527044931960506	0.007509691741712197	0.1023402282267618	-13.98428618650624	-3.453700670645003	3.231112975871045	-5.678902175159491	-483.1993976612014	-42.29800900071065	-34.90901433554341	-0.1543028875401528	0.3122903668331997	-1.161508990737831	1.312318928248936	0.4238002289647396	0.559584080460561	0.916213672849029	0.9369677293528318	0.9369677293528311	0.1519191524648193	0.1004462972397639	0.1724392682957764	0.5153552802353032	2.660586409922216e-07	2.344103303977844e-06	-5.402255705894118e-07	4.489811854345731e-07	3.914076889454959e-07	6.995952541143454e-07	3.373084982195433e-07
1.63	-0.2552816984053297	0.02821748826177471	0.8267479079013494	0.7513996226925245	-0.4031467749866573	-0.3021468347936462	-0.1718551220457559	0.5480362716684518	0.5480362716684065	-0.1437463571147845	-0.1250290636775946	0.09600815502208263	0.001421125040168999	0.624080253730065	0.2937376015764605	0.4036833664550625	-2.315320519404441	0.283852823394858	-0.6976240381667335	0.4691691395975982	-2.07968118362662	-2.079681183626628	-0.1333818391754533	0.1462548195357352	-0.5229766645593894	0.04408631915054864	-0.08640420133004345	0.03767126187882016	-0.005813577544745982	-0.1792000766531319	0.05353729515941465	0.006268384502681214	0.09763464083759547	-13.66451470521553	-3.013841956995539	3.210390560655335	-5.323998857382644	-481.1265599790721	-42.50477714551839	-35.62050030835642	-0.2023834467656567	0.2689305572526833	-1.19435549730309	1.498995371670279	0.354717941667517	0.5604896225997845	0.8181743068988002	1.141187876272955	1.141187876256783	0.1064720390326207	0.006262548234321816	0.2210860392347944	0.4590064754380746	2.40294116929142e-07	2.341204118263607e-06	-4.578560540787737e-07	4.528956080709831e-07	3.662469665030703e-07	6.858344338045245e-07	3.220681241767501e-07
1.64	-0.2490525442770652	0.03116749305545636	0.8307244625884325	0.7283260266602377	-0.400290775191076	-0.3090927513435591	-0.1671235150003127	0.5273002856440724	0.5273002856441069	-0.1450742293866276	-0.1235650896258555	0.09079065837237553	0.001885254883125749	0.6216344008730849	0.2961855775115928	0.391571555016635	-2.299009804592716	0.2872784516804185	-0.69144580575642	0.4770209167239513	-2.067156996271003	-2.067156996271119	-0.1322023739843962	0.1465183656270555	-0.5204219887033346	0.0487112141354417	-0.0808253820449191	0.03568900064198434	-0.005646051150785853	-0.1768094433467791	0.05437009712279132	0.00502707726370999	0.0929290534485831	-13.35657213268905	-2.574021644239684	3.192084585657786	-4.967796575847543	-479.2345859082666	-42.76302943951835	-36.27538543425915	-0.294051748359056	0.2196834061959555	-1.22816774768873	1.778642745791468	0.339362127659731	0.6979091984076706	0.7585903538557406	1.367297909181672	1.367297909181694	0.1431002138946373	0.07332024418992847	0.2938723963364776	0.478635491720476	2.229921492150125e-07	2.330354286441183e-06	-4.05531589444854e-07	4.47153676304217e-07	3.67564632333632e-07	6.798858911015488e-07	3.090390745829067e-07
1.65	-0.2428513399287549	0.03413957595126931	0.8345783920758607	0.7054271872872986	-0.3974024951534204	-0.3159739121650746	-0.1623175973840991	0.5067002341617074	0.5067002341617224	-0.146390040936549	-0.1220993790769944	0.08560169266115449	0.00239487925907131	0.6184817381732692	0.2981448545908592	0.3791703553990922	-2.280343352147845	0.2903151020999944	-0.6847181882412157	0.4840165675856282	-2.052471723357145	-2.052471723357207	-0.1309164095062365	0.1465647721748423	-0.517263600054247	0.05319899084869268	-0.07524731798029148	0.03354055878895269	-0.005544219201850989	-0.1745424813166611	0.05526578664931266	0.003753367242187557	0.08822110510808417	-13.05083160668519	-2.119027439213687	3.170541195691763	-4.566575202481657	-477.651221505101	-43.04049868248612	-36.87217373382631	-0.3446315936573031	0.1712097292593424	-1.252604827677124	1.97280864958371	0.2761959140196131	0.6706718553766193	0.6481466124423182	1.576319736132586	1.576319736140739	0.1282245369400894	-0.03869462678771694	0.3430295140810038	0.4313316126639024	2.204996551115477e-07	2.305590823929432e-06	-4.057859655951993e-07	4.245131243318911e-07	4.152194776419265e-07	6.876088342105535e-07	2.998798427747262e-07
1.66	-0.2366854138200227	0.03712868359196816	0.838307007815336	0.6827274448699668	-0.3944857727285936	-0.3227857000459705	-0.1574461044272421	0.4862584709591983	0.486258470959218	-0.1476916168472814	-0.1206350035600193	0.08044755231940164	0.002948877972456253	0.6145787529588955	0.2995905264887748	0.3665088054260156	-2.259190413473025	0.2929669291160863	-0.6775712176340153	0.4901359848520702	-2.035499340297492	-2.035499340297499	-0.1293552461415401	0.1462513592481977	-0.5134569148097127	0.05758608162340328	-0.06966925391547658	0.03139211693596233	-0.00544238725298891	-0.1722755192864942	0.05616147617585002	0.00247965722072347	0.08351315676772882	-12.75230969195729	-1.66455417199375	3.151120233372486	-4.179253747207103	-476.1827855811217	-43.35683306333193	-37.41616597302414	-0.4441162512705372	0.1169623699257813	-1.280237818795477	2.275939991781191	0.2623974469629458	0.7817798168069244	0.5833436348087996	1.824719938340943	1.824719938340944	0.1981399912020013	0.001356349303737644	0.4235317154257635	0.4584983040123928	2.153947394756873e-07	2.287827410998192e-06	-3.965457013315235e-07	4.053345788021697e-07	4.553634505696786e-07	6.916340592071269e-07	2.905822430845337e-07
1.67	-0.2305622336683619	0.04012966064152469	0.8419078729006995	0.660251466591786	-0.3915444977491487	-0.3295237406575205	-0.152517975698864	0.4659977131068085	0.465997713106804	-0.1489764389005854	-0.1191753508682914	0.07533468232267271	0.003546195370447315	0.609928656716976	0.3005171436433262	0.3536337999693804	-2.235591164893635	0.2952118298586953	-0.6699379040339094	0.4953361388398832	-2.016266134566006	-2.016266134565975	-0.1275919777748621	0.1456401385500865	-0.5090054746126756	0.06185040204765641	-0.06407185207756202	0.0290755981769248	-0.005423204193646109	-0.1703826065218655	0.05744069640509007	0.001122899671737377	0.0788182162926397	-12.36158329406852	-1.18586023701006	3.122928376368939	-3.835572361820534	-475.1489688729543	-43.65172651900945	-37.90844377771732	-0.4948059325522776	0.06742727610027091	-1.295593940934199	2.463976270733877	0.1938357083095931	0.7691996114656441	0.4653079832998334	2.030480322887888	2.030480322893608	0.1683506185433262	-0.09836122834419896	0.4727633380829341	0.4060280987654822	2.052954885573056e-07	2.2834464457944e-06	-3.691539186292773e-07	3.927745750009573e-07	4.811484027699231e-07	6.885901172240519e-07	2.810201165610831e-07
1.68	-0.2244894244035074	0.04313728704020255	0.8453790955251297	0.6380238925953537	-0.3885831138982026	-0.3361824296370911	-0.1475424540900984	0.4459408591982053	0.445940859198182	-0.1502430421984719	-0.117723010373276	0.07026968936116225	0.004185281810107386	0.604504575599086	0.3009203963130446	0.3405803132393252	-2.209509557125611	0.2969887034172763	-0.661700891239667	0.4996145609290052	-1.994718551541095	-1.994718551541026	-0.1257114950424752	0.1447889198929451	-0.5038815077660255	0.0659398899572589	-0.05847445023940902	0.02675907941795556	-0.005404021134661847	-0.168489693757132	0.0587199166343632	-0.0002338578771463984	0.07412327581771772	-11.97443444271182	-0.7078367085486589	3.096325478477203	-3.515087817385571	-474.176344609994	-43.97375149547235	-38.35080143781182	-0.5989132264645148	0.01228947295911636	-1.315934073479463	2.772411829508162	0.1687920101573721	0.9025196556342661	0.3989972550706364	2.287595397026131	2.287595397026017	0.2215828643437851	-0.04664324250226286	0.5580370453483704	0.4235318010822521	1.976871617731073e-07	2.254294875831624e-06	-3.598285861467822e-07	3.747604558127447e-07	5.116721857819049e-07	6.867259709348663e-07	2.712316669673412e-07
1.69	-0.2184746339556209	0.04614628059706728	0.8487190604118673	0.6160692643449077	-0.385606380737895	-0.3427552987715363	-0.1425289741827824	0.426110760095192	0.4261107600951536	-0.1514906509868426	-0.1162799057043776	0.06525914404214345	0.004864228443471856	0.598324007242775	0.3007860151056117	0.3273957186456392	-2.18100675906721	0.2982642333389379	-0.6527452060097	0.5029188331932924	-1.970918493469839	-1.970918493469801	-0.123824224814184	0.1438138222788867	-0.4981218458975923	0.06980055315505687	-0.05297551291189517	0.02435407123439651	-0.005444633533561007	-0.1667526996448494	0.05994146175493036	-0.001583042501477607	0.0695214274663445	-11.63877770919284	-0.2234346827584276	3.067960583364558	-3.107934293273453	-473.6981639112347	-44.33864133975952	-38.74574624373513	-0.64711162020653	-0.04008194836341809	-1.322147910232937	2.950562620682292	0.0926377134362214	0.9114819244433929	0.2717541110507563	2.483576587580929	2.483576587576533	0.1705235764438859	-0.1258239544851719	0.6008515195593099	0.3597124692890786	1.952942073948555e-07	2.173279852154726e-06	-3.883298838118904e-07	3.453267825330003e-07	5.521178958059618e-07	6.873320218797621e-07	2.609693534451768e-07
1.7	-0.2125255457873025	0.04915117433570367	0.851926694201084	0.5944119338403907	-0.3826197514323204	-0.3492347332601249	-0.1374873291730326	0.4065301346879719	0.4065301346879317	-0.1527197421781094	-0.1148471281983026	0.06030937949420241	0.005580257486846236	0.5913641196867953	0.3001004326673802	0.3141140937351866	-2.150050007941768	0.2989679324712158	-0.6430139620691099	0.5052475814153168	-1.944823812382353	-1.944823812382343	-0.1220079756110073	0.1427234873197229	-0.4917253535504163	0.0733563719592754	-0.04747657558418072	0.02194906305088225	-0.005485245932692367	-0.1650157055324837	0.06116300687552226	-0.002932227125740226	0.06491957911511581	-11.30265740262896	0.2598987463423423	3.040894914377762	-2.735212405503749	-473.2222623311426	-44.71870876161658	-39.09645198399669	-0.7547770663982216	-0.09795077320065554	-1.33534013683277	3.263202442916223	0.054425852280673	1.057631397758912	0.2038924466180648	2.74652000027233	2.74652000027233	0.2073786593208977	-0.06969071152330045	0.6854031410969182	0.3625629223663505	1.937886846018684e-07	2.084106486650192e-06	-4.170569083571082e-07	3.143258356898918e-07	5.962109078496042e-07	6.865630872599401e-07	2.502263556292115e-07
1.71	-0.2066498125411849	0.05214642098628251	0.8550011999484769	0.5730762124303568	-0.3796288317607255	-0.355612824348763	-0.1324275348453604	0.3872217237276314	0.3872217237275868	-0.1539308142119797	-0.1134254804224094	0.05542670366971169	0.006330441032361305	0.5836513655158057	0.2988529979997173	0.300783320198866	-2.116673932977027	0.2991240586948059	-0.6324815956514707	0.5065410658183017	-1.916462590873571	-1.916462590873567	-0.120189738002208	0.1415850507500836	-0.4846980473793798	0.07663906269803271	-0.04205491201468375	0.01955254971212193	-0.005596200032773996	-0.1635234575530695	0.06244594246998032	-0.004324086825097275	0.06039854360291329	-10.98494926947994	0.7669885629160509	3.007757746534121	-2.303957372461741	-473.3012486363685	-45.09707862182756	-39.40661802034906	-0.7992542037111676	-0.1524737505697275	-1.332369027477723	3.43781419047952	-0.0177954897284929	1.069652571830411	0.06654369210487865	2.940245572199489	2.940245572198564	0.1718260508931334	-0.139230384389277	0.7282153510220166	0.3046838567393462	1.943242544549899e-07	1.976168934942097e-06	-4.463031047265779e-07	2.797201596510461e-07	6.486927145382936e-07	6.826316858412673e-07	2.383777839375041e-07
1.72	-0.2008551527590353	0.05512632650278044	0.8579423133474173	0.5520868526034199	-0.3766391511263213	-0.3618818691116111	-0.1273599122226643	0.3682087894515675	0.3682087894515483	-0.1551231479219208	-0.1120158790631626	0.05061766510611398	0.007112163826685615	0.5751494268943682	0.2970322058512024	0.2874356240446979	-2.080777691323227	0.298720125033326	-0.6212046969112723	0.50681324041995	-1.885728475524055	-1.885728475524058	-0.1182603108240629	0.1403142039922414	-0.4769979013717421	0.07966422172114622	-0.03663324844508145	0.01715603637337698	-0.005707154132819508	-0.1620312095736375	0.06372887806444415	-0.005715946524433796	0.05587750809079411	-10.66251044820948	1.272437252048149	2.975811694217269	-1.918752186482007	-473.3197469036398	-45.47862799777435	-39.68037969929294	-0.912613956487751	-0.2126222693710918	-1.338724660402288	3.767235780727944	-0.05758612473331885	1.206537862270779	-0.0003695136492610353	3.221098768418908	3.221098768418901	0.229616573190078	-0.09617274916384555	0.8199711084171235	0.3110565792375832	1.910546781379655e-07	1.871196893040646e-06	-4.575331015794358e-07	2.487823501415112e-07	6.889944715938721e-07	6.708962335770389e-07	2.251823853254431e-07
1.73	-0.1951494209175358	0.05808512282181997	0.8607500148157067	0.5314689889425818	-0.3736562239686705	-0.3680345245978768	-0.1222948221526797	0.3495149575277073	0.3495149575276633	-0.1562953735800029	-0.1106196270882561	0.04588894020484708	0.007922944037386467	0.5658609352985274	0.2946277515381565	0.2741138446035671	-2.04236657396789	0.297769330115772	-0.6092227402581941	0.5060293976577861	-1.852635624346122	-1.852635624346101	-0.1161540990990639	0.1388936349987657	-0.4686364975955011	0.08244728504996231	-0.0312664891874617	0.01471035589924706	-0.005891967202770377	-0.1608437646785555	0.06505733180420468	-0.007085357430555999	0.05142152003271801	-10.36481194930497	1.774701930016014	2.941820884573334	-1.463935709145429	-473.9383912254785	-45.92332902909784	-39.92219524921725	-0.9574226587903064	-0.2692107370396832	-1.327387266479237	3.942273425754965	-0.1284184717267396	1.209757340668183	-0.1436980453054865	3.41368176329257	3.413681763296236	0.2059791812910645	-0.1715228203482992	0.8608615210904221	0.2550269860166035	1.781363383180712e-07	1.773744536720327e-06	-4.230791639437429e-07	2.271452021884429e-07	6.98411102794062e-07	6.393719380972947e-07	2.085718184510569e-07
1.74	-0.1895406651715331	0.06101690385277523	0.8634248019534825	0.5112480811978675	-0.3706857232194881	-0.3740642139628423	-0.1172428317878769	0.3311641148097743	0.3311641148097381	-0.1574455659790275	-0.1092388855724704	0.04124715664311459	0.008760174036638013	0.5557542077963868	0.2916291482343487	0.2608527579419807	-2.001386508099817	0.2962348433397969	-0.5966114726514428	0.5041932993834174	-1.817130634335704	-1.817130634335659	-0.1138536590086136	0.1372121121689335	-0.4596096334647454	0.08495417943129785	-0.0258997299296877	0.01226467542515341	-0.00607678027270079	-0.1596563197834347	0.0663857855439826	-0.008454768336627096	0.04696553197475183	-10.06030653587317	2.275356377480029	2.908565673964131	-1.057573219242765	-474.4649500378997	-46.3612853312948	-40.13241798594208	-1.076261137747691	-0.3314520675234938	-1.326586104493443	4.281025483275211	-0.1743244964175472	1.332400053005446	-0.2108206160902468	3.703526534915989	3.703526534915987	0.2684622462803674	-0.1483635164351198	0.9530631793200585	0.2558227897414658	1.610633663770805e-07	1.684305900001416e-06	-3.735007781432192e-07	2.101063363328842e-07	6.917267603446161e-07	6.005091697653561e-07	1.913349257778736e-07
1.75	-0.1840371031713477	0.06391570880421975	0.8659673918836254	0.49144995545058	-0.3677334486053448	-0.3799645063952041	-0.1122145714733798	0.3131805011249433	0.3131805011249011	-0.1585716010296253	-0.1078761307708556	0.03669903088725728	0.00962118812031924	0.5448247026149418	0.2880311460739019	0.2476866240722987	-1.95781472745083	0.2941126341753665	-0.583319789600137	0.5012654297928174	-1.779188870537245	-1.779188870537231	-0.1113368309181808	0.1353122901787596	-0.4499065795555212	0.08719144968365214	-0.02047378632495809	0.009658666584710101	-0.006353127028050277	-0.1589422073579074	0.06802839723492708	-0.009790972730693154	0.04248609777797164	-9.691143028299297	2.756172519110229	2.87172792617798	-0.6540675672543083	-475.5503847291134	-46.88464871710881	-40.30863822643576	-1.121376679494113	-0.3890381173796399	-1.308297525447758	4.458790423141639	-0.2474884244225089	1.346777725143434	-0.3627701889693414	3.899954526757992	3.899954526753228	0.2460122832243692	-0.214880530680919	0.9953101547767764	0.1988772857693398	1.323254657883956e-07	1.617367322163386e-06	-2.814575955722073e-07	2.059780317511028e-07	6.398358380327282e-07	5.410422276561017e-07	1.723395029772986e-07
1.76	-0.1786468525172148	0.06677552096864477	0.8683789863756227	0.4721002547232767	-0.3648056599424398	-0.3857280369382623	-0.1072213898664728	0.2955883957229724	0.2955883957229608	-0.1596719239607857	-0.1065331919872185	0.03225121240210207	0.01050281453508136	0.5330919385874709	0.2838305908304522	0.2346536703128775	-1.911701504104601	0.291337653092257	-0.5692590947908202	0.4971775578652554	-1.738828977760903	-1.738828977760922	-0.1087112351157603	0.1332489085736878	-0.4395481793241693	0.08907664564748428	-0.01504784272004285	0.007052657744308603	-0.006629473783379933	-0.1582280949323201	0.06967100892589895	-0.01112717712469652	0.03800666358131535	-9.316300916299493	3.236288597862068	2.83466675138363	-0.2874918546681673	-476.5564581531107	-47.39626611288256	-40.45177123582658	-1.236912906952855	-0.4519626841241151	-1.299950082441297	4.789314022723423	-0.3048788801533752	1.486202404607712	-0.4428210834826847	4.187152330492259	4.18715233049222	0.290215788677929	-0.1810754394146759	1.084132443745588	0.1854079320370267	1.081301740523958e-07	1.53321787702621e-06	-2.073931704772986e-07	1.968991347272441e-07	5.980096174104187e-07	4.865016619638993e-07	1.540002217216125e-07
1.77	-0.1733779677884549	0.06959027662905277	0.8706610241033561	0.4532244722510617	-0.3619088548622302	-0.3913468837795961	-0.1022749250083368	0.2784119551860637	0.2784119551860286	-0.1607453319390549	-0.1052114495729429	0.02791021200856713	0.01140155841708225	0.520543432458355	0.2790161003609382	0.2217849564071437	-1.863018089777708	0.2879070950943219	-0.5543837627996041	0.4919240915199272	-1.696050352666374	-1.696050352666424	-0.105955053091193	0.13106607784781	-0.4285479330029509	0.09060370058693767	-0.009740462064768892	0.00454399885725488	-0.00695600996859232	-0.1576189184497405	0.0711773346374058	-0.01245301905597799	0.0336353425346383	-9.020377680086948	3.725712149134688	2.796132393910485	0.1874091256387894	-478.0911060672529	-47.93234322517672	-40.56272709565034	-1.285107425646443	-0.5118277108536823	-1.275553955261503	4.973345617445668	-0.3797541025382796	1.507287849944263	-0.5953077463133035	4.384509134074237	4.384509134069527	0.2708130302572542	-0.2420003655187376	1.123600010910434	0.1259060257168576	9.813053498103643e-08	1.395284471579203e-06	-1.895123624952121e-07	1.72349636321894e-07	5.87635589568041e-07	4.473560225749844e-07	1.377113827937042e-07
1.78	-0.1682388257129457	0.07235376028826782	0.8728153303099073	0.4348486220180742	-0.3590498773305855	-0.3968131594503047	-0.09738673448090537	0.2616755592071049	0.2616755592070915	-0.1617906793728982	-0.103912558161229	0.02368233993516379	0.01231348319864109	0.5071434079390492	0.2735761905918606	0.2091073660764452	-1.81171505625988	0.2837721433793939	-0.5387448606657635	0.4855226917243991	-1.650820066166208	-1.65082006616629	-0.1030991262301802	0.1286787080681556	-0.4169225152977133	0.09171282555908598	-0.00443308140936889	0.002035339970226979	-0.007282546153627938	-0.1570097419671462	0.07268366034892688	-0.01377886098722431	0.0292640214880485	-8.717857456562047	4.214384837844037	2.757257004277371	0.6291656812044604	-479.5296244601844	-48.44995556217173	-40.64245033395193	-1.407216584990837	-0.5770465440368512	-1.261725367434228	5.313237860910285	-0.4457576235519433	1.638916433132665	-0.6724077735227094	4.677484611619533	4.677484611619535	0.3101647559670817	-0.2219832501699762	1.20916672054943	0.1018219385760102	8.934580411711148e-08	1.2580433478193e-06	-1.731744187864184e-07	1.47491314956551e-07	5.807636636248236e-07	4.091652192024639e-07	1.218239289308133e-07
1.79	-0.1632377638007128	0.07505970836804225	0.8748439347004284	0.416998773640085	-0.3562356573101546	-0.4021191310440906	-0.09256857632193789	0.2454037184829798	0.2454037184829459	-0.1628066421994764	-0.1026384113998903	0.01957387215128616	0.01323456791504291	0.4929302763393246	0.2675075641829786	0.1966540138250349	-1.757808920535985	0.2789563338330591	-0.5223395343188437	0.4779050604432029	-1.603121976857092	-1.603121976857085	-0.1000539296941783	0.126094661704217	-0.4046615632612274	0.0924412320884815	0.0008311798364418313	-0.0004956088003702877	-0.007673760006168676	-0.1566590308566816	0.07427842939255468	-0.01503591232468005	0.02494233342205636	-8.417370200703475	4.677048957408145	2.718516496014096	1.095123933872446	-481.4694308220965	-49.05226307044801	-40.69200067312155	-1.449210959434752	-0.6376296957287279	-1.230946795096841	5.496119295002634	-0.516957437912042	1.657917494349659	-0.8370227492734736	4.879867204376436	4.879867204389813	0.3077774509836553	-0.2850871372300534	1.251008214866946	0.04877386904772821	8.48132519792067e-08	1.123225209964259e-06	-1.622365000341487e-07	1.215521132312333e-07	5.861490943286666e-07	3.743163418873238e-07	1.073413227954835e-07
1.8	-0.1583830031068818	0.07770179838244486	0.8767492442402146	0.3997013501927118	-0.3534730883487356	-0.4072577340226317	-0.08783271086455424	0.2296216378746838	0.2296216378746779	-0.1637909369909808	-0.1013917994637781	0.01559130364170635	0.0141610214685239	0.4778831642607743	0.2608045775174908	0.1844483959294481	-1.701230070137145	0.2734419315772077	-0.5052711376168085	0.469064151407808	-1.552868042995227	-1.552868042995131	-0.09676551921550032	0.1231717430313082	-0.3917426604379913	0.09278659297493323	0.006095441082373716	-0.003026557570942581	-0.008064973858491439	-0.1563083197462113	0.07587319843619499	-0.01629296366210322	0.02062064535614793	-8.108279805822081	5.139112653497535	2.678837809051555	1.530180375450335	-483.2810250265589	-49.62728577389658	-40.71257514892275	-1.574012680756029	-0.703918595358024	-1.212178496269515	5.847780795899377	-0.5854761654552804	1.771530504155742	-0.9170633243625027	5.188653522169273	5.188653522169255	0.3588075445023193	-0.2897577119640022	1.34075687789943	0.02521280998725042	8.198516341593573e-08	9.923376136232707e-07	-1.564099530929568e-07	9.590229916832823e-08	5.958281253908225e-07	3.434563414376221e-07	9.394332341178588e-08
1.81	-0.1536827069050474	0.08027369505807119	0.8785338414011842	0.3829827534274565	-0.3507691782864109	-0.4122221360402331	-0.08319168848030123	0.2143546358516454	0.2143546358516246	-0.1647412583566695	-0.1001758657070453	0.01174109856331932	0.01508893306337359	0.4620284423659483	0.2534685391823805	0.1725177947863068	-1.642032895718536	0.267213972619497	-0.4875076107105492	0.4589321783577461	-1.500099126313982	-1.500099126313916	-0.09327042070813467	0.119942567657277	-0.37819171933723	0.09272048132693522	0.0114107485920171	-0.00561111422779907	-0.008536465212784854	-0.1563960145474096	0.07782368056105704	-0.01753981663857186	0.01627712266605645	-7.715883620240639	5.589708422704684	2.632365575835239	1.942103187684152	-485.5638378970871	-50.24365330909231	-40.70558113721937	-1.613384389538491	-0.7643689474530099	-1.176358292621456	6.024115610083556	-0.6604728183108618	1.794087775781227	-1.092486358074895	5.385980561491469	5.385980561487155	0.349222676733665	-0.3504328760499126	1.37827976106723	-0.03391313859732833	8.588970597246826e-08	8.769756562627948e-07	-1.707733248055222e-07	7.139556637195324e-08	6.224668778683145e-07	3.283524046064018e-07	8.482952069703524e-08
1.82	-0.1491453944113138	0.08276904685137325	0.8802005610768652	0.3668698143754358	-0.3481313512251418	-0.4170058379903876	-0.07865823023909993	0.1996283169594892	0.1996283169594858	-0.1656557564027308	-0.09899441078923504	0.00802960630291929	0.0160139055444624	0.4452864226434485	0.2454956010526376	0.1608728988717061	-1.580098527490246	0.2602253313665049	-0.4691311241274848	0.4475513227978277	-1.444731416817164	-1.444731416817127	-0.08960085528557028	0.1162759752461535	-0.3640000968403599	0.09219877022277682	0.01672605610180296	-0.008195670884628366	-0.009007956567075483	-0.1564837093485441	0.07977416268594748	-0.01878666961499411	0.011933599976048	-7.311651162000229	6.039649687065165	2.584378841164061	2.322801870067209	-487.6677492222777	-50.82236152588418	-40.67263953832132	-1.751472246290826	-0.8312985542845365	-1.155037450561389	6.395219557835685	-0.7376126245115364	1.89412243951676	-1.16683982633387	5.708412085283849	5.708412085283947	0.3937009275420804	-0.3772411193824697	1.468893157121207	-0.06590708124482154	9.148504669609236e-08	7.587956537767555e-07	-1.908915079981816e-07	4.609328581211811e-08	6.531456161258047e-07	3.162086444540876e-07	7.626884891900719e-08
1.83	-0.144779638036791	0.08518151724253019	0.8817523593314451	0.3513892987785782	-0.3455672645212156	-0.4216020000543418	-0.0742451459125343	0.1854681708448563	0.1854681708448402	-0.1665330253542617	-0.09785098874989781	0.004463041663973211	0.01693121867968569	0.4277078838363518	0.236893531341933	0.1495374251166296	-1.515540716864473	0.2524543872210847	-0.4499705111880342	0.4348659322888856	-1.386865533268783	-1.386865533268781	-0.0858437433729906	0.112359454948227	-0.3492096883009066	0.0911742396434653	0.0219481343089058	-0.01068285055998167	-0.009522341163758836	-0.1568233052192832	0.08187673950175731	-0.02003619225242104	0.007682210280883279	-6.888537750003469	6.491631652954201	2.53128324962224	2.716730927708111	-490.2302866512298	-51.40108378270483	-40.61562884805107	-1.784616512013444	-0.8904044555732258	-1.115052783812206	6.555627772074034	-0.8175321360023273	1.946720415373314	-1.349330197176053	5.890504394464597	5.89050439445928	0.368152378421209	-0.4062764951662872	1.499602534946495	-0.1342196903441741	1.046889791716279e-07	6.279344482256829e-07	-2.369063428512622e-07	1.721104031671264e-08	7.02004290393285e-07	3.173856793568499e-07	7.019726635623053e-08
1.84	-0.1405943814131743	0.08750481828135813	0.8831923527593079	0.3365682744794032	-0.3430850266240346	-0.4260026180500585	-0.06996490379785943	0.1718996491466703	0.1718996491466664	-0.16737243597561	-0.0967482157155747	0.001047478676938757	0.01783558778030176	0.4091864724655234	0.2276617305868393	0.1385119335282469	-1.448200267953648	0.2438555700178647	-0.4300223104800238	0.4209828804198947	-1.326406533526429	-1.326406533526463	-0.08202918924820451	0.1081461742435566	-0.3337997664578915	0.0896099633013575	0.02717021251613983	-0.01317003023533568	-0.01003672576042698	-0.1571629010899832	0.08397931631757638	-0.02128571488984349	0.003430820585819695	-6.449198128512978	6.942438313544072	2.476473003067978	3.075397114585164	-492.5466929221724	-51.93084228018715	-40.53668266540519	-1.940046759037223	-0.957244763162342	-1.093041017222637	6.951747214846193	-0.9031872360714447	2.05163999322872	-1.406372098343688	6.227035324078493	6.227035324078397	0.4051893699833633	-0.4365932007312361	1.5927958178336	-0.173856233804057	1.188624828185983e-07	4.990531779712727e-07	-2.835848964391736e-07	-1.175159604272399e-08	7.564858819149295e-07	3.199705300278892e-07	6.444042262598048e-08
1.85	-0.1365982780251929	0.08973270013354404	0.8845237768041642	0.3224333455626511	-0.3406927925335023	-0.4301995109278259	-0.06583039906062467	0.1589479508349939	0.1589479508349803	-0.1681734324696658	-0.09568848593872042	-0.002211133572117449	0.01872161906165826	0.3898942540777103	0.2178109868039985	0.1278279815104321	-1.378330379121665	0.2344599490965936	-0.4092423994519708	0.4056889473171436	-1.263489243036205	-1.263489243036262	-0.07813581119798758	0.1037311397946507	-0.3178135107650664	0.08751801635839615	0.03235987211347277	-0.01560628496875599	-0.01060637486562046	-0.1579063970196435	0.08641714118673194	-0.02252667237830549	-0.0007913237252995181	-5.931061369314456	7.383491973423356	2.414349092742702	3.403476220746243	-495.3125140156814	-52.47885594780343	-40.43948450491138	-1.944818778057287	-1.014550413896073	-1.047623992457373	7.072877839194674	-0.9774542724755656	2.108321553984005	-1.625271872790036	6.390647422589157	6.390647422586031	0.3865626545312858	-0.4543317598115427	1.617929319415085	-0.238607450823971	1.380656369173865e-07	3.804428220682987e-07	-3.337064909640201e-07	-4.113126000932224e-08	8.40136356692551e-07	3.298584249968661e-07	6.031628658946217e-08
1.86	-0.1327992987009885	0.09185896230229143	0.8857500509891625	0.3090107691585741	-0.3383984556026489	-0.434185173716032	-0.06185570724572974	0.1466387397304242	0.1466387397304187	-0.1689344650567994	-0.09467498114494749	-0.005306605489363888	0.01958438216832863	0.3697616597137978	0.2073377938991346	0.1174819615566821	-1.305729765416843	0.2242761380825062	-0.3877762925683084	0.3890202959524435	-1.197909092102191	-1.19790909210227	-0.07403640786816271	0.0989011776320933	-0.3011717000959204	0.08495632836415991	0.03754953171081662	-0.018042539702195	-0.01117602397071722	-0.1586498929493514	0.08885496605586135	-0.02376762986680404	-0.0050134680363802	-5.390244084370759	7.822636672905066	2.350174459846657	3.68422450515376	-497.737310211487	-52.96255924543522	-40.3273485884885	-2.108121954257216	-1.081734587566892	-1.025454604409675	7.497892189413749	-1.06082525463469	2.188879164350585	-1.681315750733525	6.759607412836567	6.75960741283654	0.4463944259049509	-0.5195787434615142	1.723906813097829	-0.2678044440590049	1.565240518984655e-07	2.657450817001761e-07	-3.814158620234754e-07	-6.920597157046171e-08	9.204100099264912e-07	3.391853035775116e-07	5.633211890688706e-08
1.87	-0.1292054638026542	0.09387743594463052	0.8868746168481169	0.2963269917057554	-0.3362098725318329	-0.4379523304567245	-0.05805498789122315	0.1349978693302801	0.134997869330277	-0.1696537628207813	-0.09371120095515613	-0.00823269629622626	0.02041902757883625	0.3488388040984207	0.1962549711665307	0.1074833596286737	-1.230535220506925	0.2133039772989645	-0.3655410402213787	0.3709193711921916	-1.129808192607642	-1.129808192607711	-0.06979378306507684	0.09377849053806191	-0.2839359253598925	0.08188965774301085	0.04264921960073134	-0.02058731555863786	-0.01178258361907382	-0.1597901985201873	0.09151019233731456	-0.02483991419678927	-0.009152626069628236	-4.801116270913998	8.189872986470405	2.286263687718195	3.949700181266893	-500.5913198141926	-53.59981785219338	-40.20315783810933	-2.109353679539533	-1.136872039590996	-0.9790340362261619	7.603819036980911	-1.135863912764049	2.258026555712515	-1.905111402273506	6.903840426980522	6.903840426982099	0.4175679525882077	-0.5201471996085529	1.740003706584094	-0.3385284824887709	1.704608365220247e-07	1.748025070793638e-07	-4.144795906144852e-07	-8.935775781274523e-08	9.801815323595103e-07	3.451060112290027e-07	5.319775908753842e-08
1.88	-0.125825854723367	0.0957820181749469	0.8879008024779445	0.2844098763810634	-0.3341351015533655	-0.4414936990167744	-0.05444140389704315	0.1240517097669265	0.124051709766922	-0.1703297600477025	-0.09280095433773794	-0.01098311117518287	0.02122052026086306	0.3269164959086424	0.1845595114945945	0.09780591573136291	-1.152397339788983	0.2015137196134269	-0.3426186564405221	0.3515932238878611	-1.058966924744448	-1.058966924744506	-0.06537630045888733	0.08819446315464466	-0.2660365145147168	0.07832578266802336	0.04774890749064425	-0.02313209141509377	-0.01238914326752672	-0.1609305040910471	0.09416541861874378	-0.02591219852680089	-0.01329178410285165	-4.183074423717857	8.55465668724351	2.219762981795101	4.157010060581784	-503.0140597136809	-54.15670441385463	-40.06992026177346	-2.308012469137627	-1.204261975433243	-0.9612229982701779	8.086559351018494	-1.224444635033846	2.326305451135972	-1.926360259549386	7.307681086565446	7.307681086565734	0.4813659865256726	-0.6118468013386734	1.856634034927504	-0.3672453348266487	1.842421848641752e-07	8.629345101988273e-08	-4.476563085460082e-07	-1.087474055556702e-07	1.038541206618178e-06	3.516520866403471e-07	5.033444341457452e-08
1.89	-0.1226695508148671	0.09756666013634525	0.8888319021088639	0.2732871291183617	-0.3321823268199091	-0.4448017880593307	-0.05102817995030502	0.1138264211602538	0.1138264211602588	-0.1709612863356498	-0.09194784270986203	-0.01355170331059557	0.02198359936136618	0.3041946990035319	0.1722699802492959	0.08846417558264619	-1.071692620008718	0.1888973934091699	-0.3188647002439601	0.3308258478539369	-0.9856531054271757	-0.98565310542722	-0.06092632427005016	0.08237502074199678	-0.2475812288326583	0.07419283947641514	0.05268408921072325	-0.02605527262403191	-0.01300736386712057	-0.1624294096724356	0.09680704686417432	-0.02653619803498107	-0.0173072457538292	-3.577839881064747	8.740044594905347	2.16695428897528	4.378628473642747	-505.8309912455827	-55.10840370456764	-39.93074633316868	-2.276703105565313	-1.256160794195599	-0.9128987681130973	8.131368759042841	-1.301751902666217	2.420188620300264	-2.185783916359052	7.408876303180532	7.408876303182701	0.4271430531000094	-0.5750002118417716	1.855087130506468	-0.450833989543799	1.968966201661152e-07	1.542740453003998e-08	-4.816521991962579e-07	-1.226115491782482e-07	1.086664981612807e-06	3.627320783106295e-07	4.943619780289978e-08
1.9	-0.1197449528363125	0.09922543436626736	0.8896711344893073	0.2629852171469503	-0.3303600204064046	-0.447868287956638	-0.047829401292118	0.1043473995365208	0.1043473995365208	-0.1715482469380521	-0.09115452695624324	-0.01593272033005417	0.02270244599430989	0.2805753099238008	0.1593859651993439	0.07943246563615969	-0.9882302815279176	0.1754200556231483	-0.2943008273920492	0.3087041661782289	-0.9097135281550137	-0.9097135281550432	-0.05646316335973614	0.0762352883047917	-0.2285214913241477	0.06947928915616736	0.05761927093071243	-0.02897845383301835	-0.01362558446673287	-0.1639283152539458	0.09944867510953068	-0.02716019754325801	-0.0213227074047937	-2.936787284638378	8.922464422935818	2.11084566934694	4.528816643784617	-508.1191029998874	-55.96253077225062	-39.7887837563134	-2.487530904061941	-1.323158736363804	-0.8992169578241442	8.638083091125617	-1.396646951386763	2.488288782205718	-2.197221387906285	7.832832677543441	7.832832677543819	0.4840029308210215	-0.6759048062500825	1.977524400218042	-0.4833667605545088	2.084557435695158e-07	-5.450278664015264e-08	-5.118322824163882e-07	-1.358766530508639e-07	1.130637615377674e-06	3.714045002514092e-07	4.816336955866147e-08
1.91	-0.1170602899043489	0.1007524510811902	0.8904216318909168	0.2535305108719197	-0.3286765551088042	-0.45068459413361	-0.04485948607874098	0.0956400106419078	0.09564001064192527	-0.1720903929661592	-0.09042336673549564	-0.01812041499205316	0.02337134141969366	0.2562027073506075	0.1459187210756619	0.07070995767357981	-0.9022167281040119	0.1611427009152436	-0.2688142881031423	0.2850459108991909	-0.8312956748969683	-0.8312956748969796	-0.05192349488550948	0.06994579370241186	-0.2089012991662144	0.06422593116322277	0.06241942675674804	-0.03270250342900564	-0.01425581092514781	-0.1659036723863317	0.1020113674231997	-0.0269705874767566	-0.0252487632186159	-2.311819351308218	8.776664569440353	2.08157546946829	4.660900506492946	-510.7600994124155	-57.54298034140046	-39.64719350479716	-2.435306829993449	-1.373335976938398	-0.8520974423786676	8.657150427756539	-1.462758804030423	2.600828141615985	-2.485072437857752	7.916540166088079	7.916540166090792	0.4452450678153674	-0.6131884377216169	1.971694515576772	-0.5573169368624457	2.10266591075914e-07	-1.161038654654582e-07	-5.080516795084514e-07	-1.438103031488134e-07	1.137665092197652e-06	3.586495515996137e-07	4.355675588460703e-08
1.92	-0.1146239893773522	0.1021418296095628	0.8910862382675194	0.2449507719230566	-0.3271397591729989	-0.4532416365898093	-0.04213314238614669	0.0877308559831039	0.08773085598309942	-0.1725858830570695	-0.08975664479085606	-0.02010842215407358	0.02398550394150827	0.2309028289356823	0.1318583278893038	0.06225426063478292	-0.8132368162907174	0.1460861832658223	-0.2424480832389314	0.2599898620219677	-0.750066680992812	-0.7500666809928073	-0.04713197592762181	0.06334763308044376	-0.1885839913284546	0.05853270844235492	0.06721958258270612	-0.0364265530249954	-0.01488603738371212	-0.1678790295188711	0.1045740597367825	-0.02678097741029294	-0.02917481903239843	-1.644166850780932	8.627625532881584	2.04798477954585	4.706336191351471	-512.7783644374827	-59.0069725027891	-39.50913981176144	-2.67298607240848	-1.441788548898885	-0.8458547730675527	9.231354769003278	-1.552479539690044	2.66422189726649	-2.476780107543455	8.395060806765617	8.39506080676559	0.5343730275531903	-0.7376380101677004	2.116947536183501	-0.5713397061390809	2.111815481307329e-07	-1.748946966397647e-07	-5.02266065989656e-07	-1.508047527143027e-07	1.140298225722912e-06	3.449640249302793e-07	3.89460251089175e-08
1.93	-0.1124443401550542	0.1033876674932967	0.8916676382254544	0.237274239900457	-0.3257571552229883	-0.4555305432125167	-0.03966551586503517	0.08064718863798896	0.08064718863797253	-0.1730320663066735	-0.08915704379373629	-0.02189009138088001	0.02454064430186322	0.2048889258223996	0.1172079416652615	0.05405993713350566	-0.7215571110765271	0.1303213043912128	-0.2152152949936698	0.2332679975517928	-0.6661600466679402	-0.6661600466679407	-0.04202069398638949	0.05648166350649121	-0.1676187774438739	0.05244842139997567	0.07177084197457766	-0.03932084219161389	-0.01551481176562713	-0.1701827230414582	0.1075916985965158	-0.02714392822047363	-0.03294795100122861	-0.8733269563244718	8.698047286877181	1.982203508934743	4.81494547644176	-515.0930410282642	-59.94594361286165	-39.37772656398254	-2.586299774920475	-1.491888467575019	-0.8008805188739863	9.213173215681882	-1.605418545690244	2.770561687252182	-2.810006314241925	8.464469967928036	8.464469967927444	0.5120138859071458	-0.6747712312944821	2.105974564676806	-0.6339294437015733	2.019057512988375e-07	-2.017189607839565e-07	-4.736734567723426e-07	-1.471157962230556e-07	1.092945704270755e-06	3.20693173311439e-07	3.428846230212882e-08
1.94	-0.1105289714327325	0.1044839565531067	0.892168163072332	0.2305298838935824	-0.3245355853585812	-0.4575435710729402	-0.03747313132813226	0.07441778868058302	0.07441778868058567	-0.1734246351151019	-0.08862884145252109	-0.02345817521882188	0.02503355054371142	0.1780467289439203	0.1019485631045365	0.04607923842334632	-0.6268016131400921	0.1138793661428662	-0.187272330784576	0.2049414651821453	-0.5792132034398768	-0.5792132034398824	-0.03640908770521207	0.04906790192112567	-0.1458669135560417	0.04608588474102386	0.07632210136613854	-0.04221513135828123	-0.01614358614707403	-0.1724864165643215	0.1106093374561422	-0.02750687903078746	-0.0367210829702186	-0.05338651430419428	8.763226873632986	1.913425612389528	4.821123270600175	-516.6894172642717	-60.75197713137938	-39.2560472065588	-2.838644825448061	-1.563587016235247	-0.8031298148439775	9.846513313452109	-1.687891414437456	2.80625709003295	-2.797713687438143	9.003102587403916	9.003102587403971	0.6344378955421867	-0.8471964124502641	2.274277536833994	-0.6269896294534891	1.924419691413701e-07	-2.26594063232609e-07	-4.458858813202284e-07	-1.428391374714162e-07	1.042781188724773e-06	2.971531794133097e-07	2.991821668672954e-08
1.95	-0.1088853601184822	0.1054247467637659	0.8925899011462411	0.2247465030001773	-0.323481933363762	-0.4592730460985548	-0.03557279664640035	0.06907142117814603	0.06907142117814186	-0.1737596866900148	-0.08817641241029717	-0.02480547509832986	0.02546091597146972	0.1505358900382713	0.08611675998118842	0.03828740483824089	-0.5293999765204094	0.09671827891873444	-0.1584758495272595	0.1748648412886762	-0.4896002050472544	-0.4896002050472569	-0.03059668359578915	0.04136842457401091	-0.123484306759828	0.03930437239453771	0.08063472330644572	-0.04813215917778339	-0.01675539963751247	-0.1754438032803635	0.1126795207021659	-0.02514374155758633	-0.04031317039396481	0.5580090882095918	7.741256004034679	1.949120915076823	4.77003410636765	-518.5081471992174	-63.98969850870714	-39.14699413509949	-2.728241071546462	-1.606908138256785	-0.7641840447563266	9.758200114545737	-1.750063212445933	2.938425539384296	-3.151731221911402	9.00940624907577	9.009406249076328	0.5552387863827193	-0.7388001446585294	2.236569149742548	-0.7160760389877349	1.800644144375338e-07	-2.21257159400397e-07	-4.305763292287045e-07	-1.29453093683693e-07	9.490307647245125e-07	2.849414801862032e-07	3.000138753786678e-08
1.96	-0.1075210447230002	0.1062044327076171	0.892934326101416	0.2199513807286096	-0.3226038614083926	-0.4607101399324335	-0.03398104709993509	0.06463498521640614	0.06463498521640743	-0.1740364948002854	-0.08780247349131412	-0.02592568553013165	0.02581799747541474	0.1221875451957572	0.06972770974294473	0.03061661467650075	-0.4291498887679314	0.07876335825279882	-0.1287960924378187	0.1432244381308286	-0.3972268952992645	-0.3972268952992653	-0.02476039477675234	0.03336987727423656	-0.1004490240145186	0.03202909997838962	0.08494734524670149	-0.05404918699724828	-0.01736721312793215	-0.1784011899964301	0.1147497039481915	-0.02278060408434066	-0.04390525781777809	1.226269965288251	6.714094495079664	1.980199494663597	4.601530588522556	-519.5037472893382	-67.0739458878675	-39.05328172537784	-3.006146012821332	-1.675036439214155	-0.7789211301709287	10.4162035400111	-1.846658102798236	2.982912256457815	-3.110469540314014	9.555164858477408	9.555164858477209	0.6392148374649568	-0.9070104029821419	2.404812726653385	-0.7257416433857372	1.669494499898003e-07	-2.1601822674068e-07	-4.129695055322358e-07	-1.158216255113875e-07	8.517278398423194e-07	2.709883112255624e-07	2.979393337035924e-08
1.97	-0.1064437754389104	0.1068176262609409	0.8932025444238607	0.2161720277804159	-0.321909018345885	-0.4618456157900114	-0.03271462317840777	0.06113559200998159	0.06113559200996434	-0.1742545229881151	-0.08750936345232492	-0.02681221480840108	0.02610019797083251	0.09311575539669283	0.05283165494727518	0.02302724140668647	-0.3261991130254067	0.06009936361942617	-0.09814191348303035	0.1097630192750116	-0.3021349404658528	-0.3021349404658546	-0.01877391203060884	0.02519992853590513	-0.07670068124256213	0.02438337802032134	0.08985559305604261	-0.05148200076526806	-0.01831177816479727	-0.1836785131739737	0.1244354679479321	-0.02879341357191402	-0.04796111353288877	3.989776491373582	8.878056812652432	1.593548319664383	3.803269674800701	-520.6501431521216	-62.72414989880478	-38.97728390302051	-2.880267907991552	-1.708807354032499	-0.7488182765939064	10.31277189151565	-1.892098301087645	3.1302803536938	-3.508577093454544	9.563728480669013	9.563728480669262	0.5889976809567623	-0.7798484452426744	2.383268475749681	-0.7880674368292006	1.363210041245077e-07	-2.131061094277172e-07	-3.408024812183312e-07	-9.636132820524908e-08	6.700530190142222e-07	2.156752360934822e-07	2.268413501003804e-08
1.98	-0.1056617385417466	0.10725947579545	0.8933948944433654	0.2134378340496378	-0.3214039808612016	-0.4626698279302934	-0.03179173325250061	0.05860262188883374	0.05860262188883445	-0.1744105598109046	-0.08729952516798237	-0.02745657597429513	0.02630512525370707	0.06314106781599557	0.03545890598003653	0.01544295408848496	-0.220118045277154	0.0408022426868084	-0.06654334898007518	0.07451763900966225	-0.2039422782366099	-0.2039422782366093	-0.01236212177375935	0.0167155263582138	-0.05201540153929474	0.01657445746977853	0.09476384086513889	-0.04891481453325315	-0.01925634320136678	-0.1889558363516622	0.1341212319476453	-0.03480622305946848	-0.05201696924821091	6.814734124116217	11.03219822313535	1.207390357962157	2.872953171953637	-520.8880138612001	-58.2144109905472	-38.92117806482045	-3.186725569148163	-1.770375273527718	-0.7779039398483849	11.04226194115665	-1.973283362647243	3.171789366091177	-3.467261822220679	10.17530633764363	10.17530633764412	0.7242763396062031	-0.9699010908540695	2.592200112915874	-0.758381361880451	1.057567494696451e-07	-2.093492749510935e-07	-2.692731182357125e-07	-7.675942531872694e-08	4.880129304299443e-07	1.609267592653781e-07	1.572875672308866e-08
1.99	-0.1051839595858308	0.1075258353178612	0.8935112361712058	0.2117781608937921	-0.3210953462321635	-0.463172655589546	-0.03122952858057734	0.05706512896040233	0.05706512896032245	-0.1745019948693282	-0.08717469024805842	-0.02784972082776148	0.0264306424548536	0.03220361469742986	0.01779213594065259	0.007799324368761699	-0.1113772643148375	0.02079359261022797	-0.03383468072218521	0.03775717640936854	-0.1031599985786239	-0.1031599985786226	-0.00598871713491183	0.008278148008352915	-0.02646210149157411	0.008468342282883389	0.100079969087123	-0.04779475386343941	-0.02049586668320019	-0.197161186414445	0.1477327059641581	-0.04054459514495359	-0.05621674645794864	10.91347907105455	12.93396724552621	0.7588409830000757	0.8121502874692115	-521.2685861260094	-54.01433498286896	-38.8866576128747	-3.078909222684127	-1.767962016674776	-0.7614848542543708	10.85589825758171	-2.034279393504126	3.348555867245826	-3.80535632416133	10.08913175289227	10.08913175289221	0.5842553384253995	-0.7766754485146355	2.559614986796616	-0.8457822744938073	7.830576852063578e-08	-1.646236580368883e-07	-2.286703298204767e-07	-5.028965178358965e-08	2.882573556709007e-07	1.335613001801266e-07	1.626275199467706e-08
2	-0.1050218859690204	0.1076149003103721	0.8935503631286037	0.2112190779643161	-0.3209907228165589	-0.4633427665039043	-0.03103991210371657	0.05654734742303823	0.05654734742303714	-0.1745316193185954	-0.08713343296016483	-0.02798278867353432	0.02647328736865094	0	0	0	0	0	0	0	0	0	0	0	0	0	0.10539609730911	-0.04667469319354042	-0.02173539016377739	-0.2053665364773959	0.1613441799806915	-0.04628296723034709	-0.06041652366775623	15.08082193366551	14.82611413337318	0.3090970846497605	-1.393912666309669	-520.6471850157156	-49.63982312729218	-38.87498482818045	-3.439957884921221	-1.795448453781209	-0.8090428696560572	11.56955861166091	-2.130271869376511	3.396991858950228	-3.66660458403587	10.65085012177119	10.65085012177131	0.6473388388196245	-0.9380550225523951	2.773960401686917	-0.8308267810776306	5.085478757162643e-08	-1.198980411226832e-07	-1.880675414052409e-07	-2.381987824845234e-08	8.850178091185688e-08	1.061958410948752e-07	1.679674726626547e-08
