inDegrees=no
num_controls=7
num_derivatives=13
num_iterations=99
num_multipliers=7
num_parameters=0
num_slacks=7
num_states=26
objective=0.506945
objective_accelerations=0.053702
objective_balance=0.002558
objective_effort=0.056761
objective_height=0.382755
objective_ligament=0.011169
solver_duration=1361.509130
status=Solve_Succeeded
success=true
DataType=double
version=3
OpenSimVersion=4.5
endheader
time	/jointset/ground_pelvis/pelvis_tilt/value	/jointset/ground_pelvis/pelvis_tx/value	/jointset/ground_pelvis/pelvis_ty/value	/jointset/hip_l/hip_flexion_l/value	/jointset/hip_l/hip_adduction_l/value	/jointset/hip_l/hip_rotation_l/value	/jointset/back/lumbar_extension/value	/jointset/patellofemoral_l/patellar_flexion_l/value	/jointset/knee_l/knee_flexion_l/value	/jointset/knee_l/knee_adduction_l/value	/jointset/knee_l/knee_rotation_l/value	/jointset/ankle_l/ankle_angle_l/value	/jointset/subtalar_l/subtalar_angle_l/value	/jointset/ground_pelvis/pelvis_tilt/speed	/jointset/ground_pelvis/pelvis_tx/speed	/jointset/ground_pelvis/pelvis_ty/speed	/jointset/hip_l/hip_flexion_l/speed	/jointset/hip_l/hip_adduction_l/speed	/jointset/hip_l/hip_rotation_l/speed	/jointset/back/lumbar_extension/speed	/jointset/patellofemoral_l/patellar_flexion_l/speed	/jointset/knee_l/knee_flexion_l/speed	/jointset/knee_l/knee_adduction_l/speed	/jointset/knee_l/knee_rotation_l/speed	/jointset/ankle_l/ankle_angle_l/speed	/jointset/subtalar_l/subtalar_angle_l/speed	/forceset/tau_hip_flexion_l	/forceset/tau_hip_adduction_l	/forceset/tau_hip_rotation_l	/forceset/tau_knee_flexion_l	/forceset/tau_ankle_angle_l	/forceset/tau_subtalar_angle_l	/forceset/tau_lumbar_extension	lambda_cid13_p0	lambda_cid13_p1	lambda_cid13_p2	lambda_cid13_p3	lambda_cid13_p4	lambda_cid13_p5	lambda_cid14_p0	/jointset/ground_pelvis/pelvis_tilt/accel	/jointset/ground_pelvis/pelvis_tx/accel	/jointset/ground_pelvis/pelvis_ty/accel	/jointset/hip_l/hip_flexion_l/accel	/jointset/hip_l/hip_adduction_l/accel	/jointset/hip_l/hip_rotation_l/accel	/jointset/back/lumbar_extension/accel	/jointset/patellofemoral_l/patellar_flexion_l/accel	/jointset/knee_l/knee_flexion_l/accel	/jointset/knee_l/knee_adduction_l/accel	/jointset/knee_l/knee_rotation_l/accel	/jointset/ankle_l/ankle_angle_l/accel	/jointset/subtalar_l/subtalar_angle_l/accel	gamma_cid13_p0	gamma_cid13_p1	gamma_cid13_p2	gamma_cid13_p3	gamma_cid13_p4	gamma_cid13_p5	gamma_cid14_p0
0	-0.03672462192558058	0.05663466321432069	0.9203433769949241	0.3085816938045678	-0.2956119209039204	-0.3009882808514988	-0.3879492264334186	0.249926942118517	0.2499269421184919	-0.1745316974794266	-0.1739252767620659	-0.0008036623358878681	0.0004592563206672114	0	0	0	0	0	0	0	0	0	0	0	0	0	0.08539085518743812	-0.0316957108327427	-0.01757338026127145	-0.2226381497205306	0.1333703966850292	-0.02175097887163914	-0.01949957935294313	-0.6506260296657679	6.481866469303782	2.028697275897901	39.59373797144541	-606.2429736168493	-63.73426159516453	-23.17629797612176	-2.265825063130812	-3.014337520293879	-1.186054646216634	12.377935336227	-0.7445726059270625	3.434434632462035	-8.290593255999044	10.0019717278351	10.00197172783198	1.656723456321488	-0.1621884428294911	0.4645571350916606	-0.6533751004105169	3.549818154205159e-08	1.943967089979009e-07	3.861332563232217e-08	-4.805959574925436e-08	3.046204709750654e-07	7.428958983786985e-08	7.338221633634373e-09
0.01	-0.03683213936512491	0.05648703302061739	0.9202855357809804	0.3091838038908316	-0.2956493155948626	-0.3008162483180059	-0.3883590302229064	0.250416427113969	0.2504164271139246	-0.1744529371065792	-0.17392983209546	-0.0007806799984936168	0.000426326986240244	-0.02134896276103574	-0.02924018159111973	-0.01150184661080122	0.119569062588985	-0.007417621052420966	0.03423822170663152	-0.0810338653441111	0.09735348757186681	0.09735348757187692	0.01568628867762193	-0.0008640709677319585	0.004740861510111174	-0.006470523204851605	0.0753603666851103	-0.03773342770317004	-0.01649551128864794	-0.2156796424876043	0.1259256845185137	-0.01050591178413312	-0.009621451102711372	-2.776436046873632	2.015833962367735	2.68874946584663	37.57779886527688	-610.8883639362284	-72.0813662187668	-23.18203792405861	-2.046265154715954	-2.835989519691588	-1.12222931777345	11.61844257296207	-0.7311939005366099	3.393275927594959	-7.870749289278234	9.520509077314665	9.520509077318113	1.514747907555485	-0.04146590017054096	0.5005180612342822	-0.6266255133344738	-6.42647236982758e-09	2.108728280006391e-07	1.124898656141173e-07	5.70032898629549e-09	8.676489766631367e-08	2.08576574988247e-08	3.849824402957139e-09
0.02	-0.03714851308673131	0.056055574802767	0.920114680171076	0.3109560147735148	-0.2957590539054562	-0.3003068815698781	-0.3895513658889768	0.2518631413461959	0.2518631413461927	-0.1742192805800092	-0.1739416180338582	-0.0007059555655455923	0.0003321455032022926	-0.04177125640698769	-0.05676560482941793	-0.02260287919211999	0.2340201592870764	-0.01446872393032671	0.06746684292650811	-0.1565063753145692	0.1914458473618234	0.1914458473618589	0.03097923071815829	-0.00144612099248282	0.01034841911075409	-0.01225042972218739	0.06532987818278523	-0.04377114457359126	-0.01541764231575018	-0.208721135254723	0.1184809723519985	0.0007391553033756892	0.0002566771475267051	-4.823287547207149	-2.460868551794568	3.346897657597135	35.51663909993403	-614.3006469410018	-80.33276945855721	-23.19879533238897	-2.080491240113354	-2.671385849730175	-1.105891840320159	11.35434215804832	-0.6712689710240997	3.232514535111034	-7.178322181268019	9.34974617145318	9.349746171453127	1.578054128904246	-0.1057842542333838	0.6378963531973249	-0.515251762907674	-4.835112628170675e-08	2.273489470033773e-07	1.863664055959125e-07	5.946025372184534e-08	-1.31090675642438e-07	-3.257427484022045e-08	3.614271722799051e-10
0.03	-0.03766566812341269	0.05535614442136365	0.9198341206944275	0.3138512221648926	-0.2959378375079049	-0.2994702570743839	-0.3914758448775709	0.2542362987962397	0.2542362987962171	-0.1738351305032741	-0.1739584767306515	-0.0005720973937771583	0.0001827929322404214	-0.06158300956166209	-0.08296233379828924	-0.03350456655497849	0.3445086245275837	-0.02127635132022343	0.09970321089873355	-0.2280301853296114	0.2827995717616491	0.2827995717616212	0.04570499597407059	-0.001933586133220366	0.01643338312116415	-0.01760317426006856	0.061893284363315	-0.0399015746076667	-0.01532044233510125	-0.2088330637435771	0.1222966610709958	-0.002361756949590765	0.003830150930622367	-3.685749319982927	-1.317937132999937	3.169960959527954	33.56916775149053	-614.7959047406528	-77.31604699509229	-23.22569538172204	-1.92001110459857	-2.570083664907149	-1.081666845268718	10.81918607357779	-0.6838169150348993	3.19595195883238	-7.085524849248717	8.970274883820764	8.9702748838113	1.398023667678838	-0.02139681354151715	0.5953254443818727	-0.5428066449672345	-6.93489422562052e-08	1.525692671573578e-07	2.628488212688233e-07	6.829958895752216e-08	-2.151312266945493e-07	-8.25062817271693e-08	-1.710461728291183e-08
0.04	-0.03837863944195635	0.05439949330138155	0.9194446724119503	0.3178359316819688	-0.2961843588426638	-0.298315918093055	-0.3941047848538473	0.257511411352183	0.2575114113521743	-0.1733080855852171	-0.1739804439127747	-0.0003770837780208961	-1.959125324812304e-05	-0.08093451277438719	-0.1082097525451651	-0.04438064035786525	0.451920584429117	-0.0280162703926201	0.1310097400931209	-0.2973985728496181	0.3718368685444173	0.371836868544328	0.05955819897974775	-0.002467818055861307	0.02257950790833006	-0.02285675262750837	0.05845669054387909	-0.03603200464174192	-0.01522324235433916	-0.2089449922324307	0.1261123497899989	-0.005462669202556529	0.007403624713742631	-2.476495063615891	-0.1842960209419627	2.990772890113706	31.57030048635396	-614.1863869214841	-74.2087496523345	-23.26186476104261	-1.988441251722793	-2.481523805331671	-1.100769128325825	10.73904109025358	-0.6577273075240816	3.046546779543394	-6.747237682260509	8.886460648041805	8.886460648042144	1.403541678857272	-0.1151376106141464	0.6501285085478476	-0.495418528819616	-8.991527703611848e-08	7.590802444847734e-08	3.393849663374272e-07	7.621272647155213e-08	-2.964127051228122e-07	-1.323661252027348e-07	-3.485886064994924e-08
0.05	-0.03928265450161156	0.05319581229884525	0.9189465680982118	0.3228778770863761	-0.2964972441226216	-0.2968542675427096	-0.3974127977238923	0.2616642658199411	0.2616642658199205	-0.1726459816708575	-0.1740083280012555	-0.000119815805391388	-0.0002731161148700361	-0.09973872184958946	-0.1322990091708807	-0.05523253669048314	0.5557668516564906	-0.03448714967407589	0.1611574443550011	-0.3635036997008958	0.4582371640454533	0.458237164045512	0.072782322719651	-0.003054512709251014	0.02893913679837303	-0.02774854164000568	0.04927962077632565	-0.03395207894952501	-0.01425732546018372	-0.2032497482467923	0.1218386123526305	-0.002887974049734631	0.01572126527990865	-3.711904893350391	-1.099886206985356	3.152404762842952	30.20913842481117	-615.0818616061069	-74.81272334145315	-23.30619824626798	-1.806947285015896	-2.338495467596856	-1.076306970217821	10.10216306914897	-0.6307677349890268	2.974391268455533	-6.437104966723055	8.442291972560069	8.442291972581978	1.269848772077377	-0.02220315394481669	0.6386375828897921	-0.4711580697963904	-1.068688128413919e-07	8.324076043760356e-08	3.718710125437613e-07	9.946946881800033e-08	-3.835669435556903e-07	-1.523169231996875e-07	-3.612892549838077e-08
0.06	-0.04037081896196198	0.05175806495476908	0.9183401634042493	0.3289372338690822	-0.2968726380946998	-0.2950960381459555	-0.4013608528184875	0.2666662188369876	0.2666662188369844	-0.171854036308992	-0.1740404325885226	0.0002029999568698996	-0.000572578663083314	-0.1177643929085655	-0.1550230208531382	-0.06604071640263895	0.655402860090643	-0.04051800881684289	0.19032550937469	-0.4254070177585526	0.5416565784035149	0.5416565784037184	0.08552648848037717	-0.003311917812378153	0.03568906583470215	-0.03204428994576895	0.04010255100883071	-0.03187215325730334	-0.01329140856596801	-0.1975545042611301	0.1175648749152756	-0.0003132788969039102	0.02403890584611163	-4.884906297354622	-2.023240829526371	3.311661697029862	28.79267490034034	-615.0144608908754	-75.33486960538771	-23.35727175675015	-1.832733648476874	-2.208474816640626	-1.09202580423342	9.896989331609383	-0.5697232797862947	2.850618931105118	-5.90687592353593	8.290284419447056	8.290284419446772	1.307550083021934	-0.04927970056169859	0.7281885378044645	-0.3762103874729984	-1.236702307951015e-07	9.411008500348794e-08	4.025023177453682e-07	1.233722576837082e-07	-4.709684560940257e-07	-1.710083929659618e-07	-3.670491967234468e-08
0.07000000000000001	-0.04163615098077002	0.05009952063054249	0.9176255386353325	0.3359740237263732	-0.2973062319228457	-0.2930514507316596	-0.4059083344045153	0.2724886771977861	0.2724886771977662	-0.1709369845888744	-0.174074264980345	0.000595081335822025	-0.0009121757297906696	-0.1352002332461986	-0.1764934452770668	-0.07690269185390773	0.7513635070569046	-0.04614742133545776	0.2183931432565635	-0.4835842007544083	0.6223983155539161	0.6223983155540399	0.09776944993747225	-0.003460648216618101	0.04275277525188768	-0.03581005199704714	0.03323570068324095	-0.03037702120851465	-0.01269000634930798	-0.1950927041971966	0.1170056472888632	0.0008858912867905485	0.03020817921732914	-4.892945065557219	-2.527904143388962	3.375295077227741	27.16043074814752	-614.2222441539667	-75.20500470977552	-23.41344665408495	-1.683742753540665	-2.087441485328178	-1.08614683969068	9.356850987327798	-0.5516042272876451	2.75495055346777	-5.697374682736356	7.900608980904091	7.900608980892348	1.165557677449378	0.001486600403775093	0.6992954588604141	-0.3670592154598076	-1.3250732919514e-07	2.37497166842752e-08	4.197019705416978e-07	1.277380719337938e-07	-5.18608687666734e-07	-1.935379210311033e-07	-4.559193580680777e-08
0.08	-0.04307278810840373	0.04823204901606321	0.9168017214270796	0.3439526697749576	-0.2977945306740544	-0.2907321639911963	-0.4110224348595314	0.2791054510536946	0.2791054510536871	-0.1699009255541069	-0.1741097534140617	0.00105856647198289	-0.001287490437311796	-0.1520254146690996	-0.1968084789036747	-0.0878792042698484	0.8437740983508889	-0.05145899342961963	0.2452653746080104	-0.5387307915552203	0.7005196774270184	0.7005196774270663	0.109327951410413	-0.003643126190500634	0.04996981727646115	-0.03918781810851021	0.02636885035771347	-0.02888188915971866	-0.01208860413258633	-0.1926309041332354	0.1164464196624664	0.002085061470497054	0.03637745258858333	-4.847471825804827	-3.039155560915278	3.436801607259014	25.47287338766255	-612.6109102962232	-75.00217799052375	-23.47310538066145	-1.710601865529803	-1.977396657177023	-1.114933197167812	9.186978197154001	-0.5061551948956631	2.611538425019786	-5.300757484526783	7.766209363987396	7.766209363987907	1.17065808619115	-0.05602921449026395	0.7588550592814697	-0.2986111995101462	-1.408306005271998e-07	-5.185127698236308e-08	4.36035065118332e-07	1.30843436208678e-07	-5.63683675306176e-07	-2.163150657606878e-07	-5.501514690646435e-08
0.09	-0.04467500078211811	0.04616717805796562	0.9158674051197536	0.3528384687346767	-0.2983342145324094	-0.2881501473502706	-0.4166724866778269	0.2864907344798001	0.2864907344797785	-0.1687524083926951	-0.1741473016797206	0.001595056205637233	-0.00169447620424481	-0.168308775945163	-0.2159738305078112	-0.09901085137533235	0.9327952035713452	-0.05641638087967749	0.2709832768758913	-0.590786050368744	0.7760936368661814	0.7760936368662149	0.1202592787544792	-0.003824027118252491	0.05734772998689327	-0.04213887253634283	0.01896373338370219	-0.02734088332530633	-0.01143003669028874	-0.1901260437928845	0.1155778700072405	0.003478087001353251	0.04288419564969832	-4.91707176659774	-3.612673744844026	3.506206291080929	23.93281648824276	-611.3049949090131	-74.8795040087862	-23.5345070619803	-1.570948243731516	-1.857295863383108	-1.116413059496301	8.671094304272334	-0.4813543510034958	2.528640674388687	-5.083881818579555	7.386494750591703	7.386494750589183	1.036965071554948	0.007335235329705755	0.7301938602859774	-0.2828235034568094	-1.45587695028048e-07	-9.950520743629483e-08	4.437639769402304e-07	1.333390698091915e-07	-5.882218972653221e-07	-2.278141072285679e-07	-6.045821783565279e-08
0.1	-0.04643679606563153	0.04391641529355499	0.9148209458229213	0.3625967622705472	-0.2989216370314517	-0.2853156067773217	-0.4228282854320249	0.2946184586036219	0.2946184586036258	-0.1674980589552311	-0.1741853678012238	0.00220591196306825	-0.002128866703263622	-0.1839419366246055	-0.2339868401662819	-0.1103078021711117	1.018273013583034	-0.06100672156744374	0.2957701610124305	-0.6398801787347651	0.8490078169737857	0.8490078169738006	0.1304944066201704	-0.003746697356107708	0.06484302203179657	-0.04466876452565673	0.01155861640972614	-0.025799877490892	-0.01077146924785195	-0.1876211834525358	0.1147093203520203	0.004871112532211722	0.04939093871083784	-4.941645913623256	-4.191550874209045	3.573581754903651	22.33726815261219	-609.3142424300636	-74.69396543117747	-23.59576731781734	-1.580561746204985	-1.746928268044344	-1.147993935226897	8.478319155400593	-0.4327458424373033	2.425334798751443	-4.708531395025889	7.234253497675805	7.234253497675409	1.031418190516249	-0.004383076510967164	0.7823309261751528	-0.2143787118065605	-1.500312794778006e-07	-1.447022532121865e-07	4.507364770913828e-07	1.35781100713057e-07	-6.109546892745522e-07	-2.383216670910234e-07	-6.55513863322726e-08
0.11	-0.04835215506856371	0.04149121431261617	0.9136605458553946	0.3731931141893166	-0.2995531373696086	-0.2822385009010263	-0.4294600375731802	0.3034626309867369	0.303462630986742	-0.1661446552483224	-0.1742222039929126	0.002892331529334147	-0.002586446014653303	-0.1990278468489793	-0.2508662638476113	-0.1218059147805451	1.100429120612306	-0.06523723832513481	0.3194620578067222	-0.686003432559493	0.919395822008687	0.9193958220088019	0.1400630853484102	-0.003619467890497901	0.07244891008831637	-0.04678588791405611	0.00412592471608768	-0.02429636953509728	-0.01015696544835218	-0.1856745461197657	0.1142921007329429	0.006167871764891069	0.0558644289198354	-4.851271608012217	-4.742961208232324	3.629969999126489	20.79892662600864	-607.6446391997508	-74.46335767840023	-23.65490386493099	-1.457297601000931	-1.630358387900087	-1.155901090982028	7.999011347026951	-0.409809154080989	2.312692273634872	-4.49419983482341	6.876461573818184	6.876461573833302	0.9011153829604167	0.02152358505017948	0.7509124886973293	-0.2012251383794802	-1.529029865884769e-07	-2.145200349715284e-07	4.542839763670274e-07	1.321261000278881e-07	-6.213438083498475e-07	-2.502353979015327e-07	-7.353887099990132e-08
0.12	-0.05041531156184922	0.03890283730091811	0.9123841285283375	0.384593978152437	-0.3002252637876696	-0.2789301610260136	-0.4365390177443124	0.3129977609336825	0.3129977609337084	-0.164699260220336	-0.1742577183645477	0.003655048924826646	-0.003063365757131618	-0.2135014346911586	-0.2666220463181311	-0.1335112740771896	1.179175422455029	-0.06913193754866849	0.3420169607556902	-0.7293257847292337	0.9871993297404263	0.987199329740639	0.1488926708359553	-0.003482333346757959	0.08010258787710944	-0.0485368507433705	-0.003306766977511726	-0.0227928615792965	-0.009542461648853593	-0.1837279087869735	0.1138748811138765	0.007464630997580556	0.06233791912885546	-4.723645009493476	-5.298671144530038	3.68450506654058	19.20526530047745	-605.4140421993862	-74.18015392997789	-23.70995257198506	-1.45809726976549	-1.522200025882889	-1.189443272669116	7.796358118090761	-0.3655823356057806	2.197936029686717	-4.148351064028109	6.717354037043514	6.717354037042665	0.8835995423773905	-0.002402060884951549	0.791888872629284	-0.1411465999897059	-1.555980782677962e-07	-2.871041915604715e-07	4.574466440836262e-07	1.277860396136141e-07	-6.30345997882004e-07	-2.623071254477784e-07	-8.185155973168834e-08
0.13	-0.05262050642367769	0.03616244689100018	0.9109895369075086	0.3967661528588868	-0.300934560961929	-0.2754020732040515	-0.4440371300442131	0.323198541039753	0.3231985410397518	-0.1631688735717795	-0.174292080053024	0.004494619139702477	-0.003555836836897825	-0.2274359662249076	-0.281274457089936	-0.1454426979558129	1.254714700867047	-0.0726630710079058	0.3634287120802155	-0.7698596744787128	1.052537736006554	1.052537736006217	0.1570805418103088	-0.003375378477003882	0.08781547620546039	-0.0498892312422165	-0.01080895054345206	-0.02130767481005085	-0.008963631118563315	-0.1822470351778204	0.1137586338158439	0.008734591686621213	0.06883743627883711	-4.53484161747001	-5.848750181349682	3.732768779593596	17.69208915934943	-603.6361512800412	-73.90668848917088	-23.75889914978519	-1.345888057209576	-1.409499365794817	-1.200465413031976	7.350983960348663	-0.3372138845619194	2.086919500036034	-3.940357813788591	6.379257173339405	6.379257173257494	0.7707477935978821	0.01953114789132676	0.7615802619883904	-0.1220686969008288	-1.590488073688566e-07	-3.711393211694741e-07	4.620950962522442e-07	1.225282441713615e-07	-6.433643154806397e-07	-2.750002914698217e-07	-9.172722469165701e-08
0.14	-0.05496199799326853	0.03328098482076981	0.909474536354379	0.4096773746009657	-0.3016772364774739	-0.271665042905603	-0.4519274712182886	0.3340401398588795	0.3340401398588475	-0.1615597348297562	-0.1743249148153836	0.005411436527671949	-0.00405978870606632	-0.2407607762397709	-0.2948363783806224	-0.1575930605373512	1.326984829582713	-0.07580760580631374	0.3838054560527691	-0.807771559563353	1.115363072350365	1.115363072349483	0.164643089530007	-0.003176948127819967	0.09555202249582317	-0.05083300862381453	-0.01831113410936601	-0.01982248804080348	-0.008384800588365233	-0.1807661615686441	0.1136423865178179	0.01000455237566721	0.07533695342883694	-4.315512291014755	-6.402301750183334	3.779448182059148	16.12345306139043	-601.4045479132259	-73.59092062588356	-23.7996809657743	-1.336152965987776	-1.30410212965964	-1.233231013252111	7.142528178820428	-0.2882626034398702	1.990934559292381	-3.623950131059943	6.21474005258033	6.214740052580446	0.7585348914464235	0.0158930350010241	0.7966204650311589	-0.05942597654024746	-1.626037623211916e-07	-4.567538953329678e-07	4.669484842073476e-07	1.171438645873188e-07	-6.569365817781001e-07	-2.87779173143699e-07	-1.018184725796507e-07
0.15	-0.05743395556039955	0.03026935740830262	0.907836918830118	0.423295378486305	-0.3024495186104142	-0.2677296785941425	-0.4601835015461473	0.3454976443473316	0.3454976443472953	-0.1598781348406973	-0.1743557274493981	0.00640572124340331	-0.004571235169652508	-0.2535289344281784	-0.3073064525320353	-0.1699631937010652	1.396070433481078	-0.07859157969915015	0.4030995887384722	-0.8429947947672701	1.175716328203927	1.175716328203428	0.1715614486903344	-0.002975202535608922	0.1033028647891776	-0.05139770990088358	-0.02618577737489344	-0.0182579425017614	-0.00782413026422569	-0.179504225884345	0.1135891001350713	0.01131809563463433	0.08219261691238025	-4.121900093260333	-6.967535538884259	3.824856279892774	14.62230848773713	-599.8773691539963	-73.30172073526957	-23.83019232296121	-1.231867552302902	-1.191039045494932	-1.243948647099864	6.709744999612994	-0.2648519145792841	1.873375068569372	-3.405553528159318	5.882414430517939	5.882414430575426	0.6411215944149921	0.02397263273362232	0.7639917591407988	-0.04618487382515053	-1.629902027008634e-07	-5.544410630282078e-07	4.57779629933474e-07	1.062925946775913e-07	-6.556527474762253e-07	-2.956689596608129e-07	-1.121079671229477e-07
0.16	-0.06003053877083931	0.02713851345679754	0.9060745911383861	0.4375878721114717	-0.3032479179087539	-0.2636064284667528	-0.4687785728886691	0.3575460406100848	0.3575460406100391	-0.1581308242268199	-0.1743841911651804	0.007477449511598846	-0.005086567180116447	-0.2656859048979297	-0.3186796861882025	-0.1825350940315296	1.461882777550177	-0.08103103888693412	0.4213826192385831	-0.8755797624951902	1.233541427208445	1.23354142720833	0.177785214494226	-0.002707164487299065	0.1110407329886567	-0.0516101179993504	-0.03406042064041472	-0.01669339696273238	-0.007263459940221527	-0.1782422902000315	0.1135358137523222	0.012631638893589	0.08904828039593553	-3.902938740031473	-7.535628255443943	3.868916886533949	13.06212820954852	-597.9814162580419	-72.97985950864684	-23.84907276028375	-1.213915422255981	-1.084734030610939	-1.273584446602215	6.487876212967216	-0.2193596624293446	1.78871412217394	-3.096296635860239	5.709108682771653	5.709108682771856	0.6196162201593448	0.0291515262208128	0.794025646255623	0.01103265918008134	-1.628547700920967e-07	-6.541166578933824e-07	4.463012298807101e-07	9.454089577304518e-08	-6.51922026016813e-07	-3.027534834462246e-07	-1.2243011405653e-07
0.17	-0.06274588528136067	0.02389939668643828	0.9041855533804506	0.4525226582128717	-0.3040689457657043	-0.259305729439003	-0.477686068654521	0.3701603743831254	0.3701603743830397	-0.1563243963730407	-0.17441009635139	0.008626549402323989	-0.005602191446792597	-0.2772811440306603	-0.3289626189225321	-0.1952988008351759	1.524537306803861	-0.08311195833617432	0.4385905550504184	-0.9054842499968053	1.288907103320112	1.288907103319496	0.1834057342658163	-0.002465783744863409	0.118775517392035	-0.05145105486776838	-0.0422348179950461	-0.01507744880611041	-0.006740703842606614	-0.1772918202068367	0.1136042579945766	0.01398900871939478	0.09622240429536942	-3.697562745349304	-8.117306540116971	3.91163617508561	11.57443283041162	-596.8851201878661	-72.71122837187804	-23.85618733983758	-1.11697910966875	-0.9728970235021277	-1.281845553071144	6.073668832685267	-0.1930119958051017	1.661722074207964	-2.872253704869637	5.387588283051451	5.387588282976012	0.5189926141042637	0.02294829758764724	0.7626246608506833	0.02795091109524174	-1.629291012726738e-07	-7.514864941982481e-07	4.355788972986454e-07	8.094817073897449e-08	-6.429633172222734e-07	-3.083964244569292e-07	-1.332199123387051e-07
0.18	-0.06557411437340356	0.02056288576300296	0.9021680622033137	0.4680678751170209	-0.3049088935990701	-0.2548379733004307	-0.4868795550749044	0.3833158231588387	0.3833158231586868	-0.1544646187698663	-0.1744333243402666	0.009852881101777304	-0.006114303527963408	-0.2882624211988004	-0.3381585168034174	-0.2082257778718355	1.58396893810219	-0.08481503417076322	0.4547940414030447	-0.9327778934006576	1.341764427739269	1.341764427738148	0.1884551643752241	-0.002171725029120988	0.1264870947342795	-0.05090768089826783	-0.05040921534967933	-0.01346150064949666	-0.006217947745211072	-0.1763413502136193	0.1136727022368314	0.01534637854519514	0.1033965281948056	-3.471879654370944	-8.701096667298486	3.953044074209329	10.02967543645708	-595.4996096498064	-72.41803218304516	-23.84904699174013	-1.091123029337335	-0.8673270599224623	-1.30623849320493	5.843296621896322	-0.1437909394990537	1.587824230332194	-2.574127816307341	5.207438344269895	5.207438344269449	0.5053982877229223	0.03968712088221254	0.7893842340284097	0.08789482676367864	-1.630438688463775e-07	-8.484118469252232e-07	4.250023126627396e-07	6.700054910162191e-08	-6.329968036402393e-07	-3.137614699929914e-07	-1.440998602784403e-07
0.19	-0.06850927203118637	0.01713977350879285	0.9000205205535138	0.4841917935525445	-0.3057640504502299	-0.2502133711114133	-0.4963329094106147	0.3969876256700163	0.3969876256699418	-0.1525570562268589	-0.1744537102769357	0.01115619397197518	-0.006619131957506577	-0.29866394284649	-0.3462899830400821	-0.2213010064647722	1.640287918917612	-0.08615615063869932	0.4699702518500641	-0.9574803574662512	1.392181533099517	1.392181533098472	0.1929688701515511	-0.001895618171264288	0.1341626236695776	-0.04999975520207762	-0.05877571743393357	-0.01177687043529841	-0.005744394767253333	-0.1757029661799085	0.1137941161151298	0.01668456068784031	0.1107791799522763	-3.284347049110821	-9.267390722789131	3.988825344939074	8.630510079719421	-594.8796336299723	-72.13063281087049	-23.82487707108943	-0.9988798771166632	-0.7599508639260849	-1.311059435848241	5.447173735796799	-0.1201526480688595	1.458967984448797	-2.356413259780296	4.896694637947402	4.8966946379589	0.4109645989086996	0.02315532803640936	0.754682753754182	0.1010680303213448	-1.670744800139648e-07	-9.298403716555983e-07	4.306315653879921e-07	5.642713779254685e-08	-6.287508126024523e-07	-3.21147137635774e-07	-1.556278881408437e-07
0.2	-0.0715452875343882	0.01364056770053749	0.8977416477390826	0.500863096781098	-0.3066307945955908	-0.2454417171114139	-0.5060209098986036	0.4111511688360229	0.4111511688360049	-0.1506070350508343	-0.174471018573025	0.01253587123762072	-0.007113115812232996	-0.3084339902793815	-0.3533772276124655	-0.2344920107981175	1.6934458967103	-0.08713249301175141	0.4842044035995681	-0.9797071238555838	1.440112558701573	1.440112558700603	0.1969468909807232	-0.001556196921448847	0.1417599738238189	-0.04873876593490228	-0.06714221951819872	-0.01009224022111464	-0.005270841789507191	-0.1750645821461835	0.1139155299934243	0.01802274283047196	0.1181618317097462	-3.081263109327216	-9.835145191946912	4.02339849498726	7.178341841628131	-594.0443737942844	-71.82851013188684	-23.78082121760436	-0.9648281863771931	-0.6584827270665989	-1.329393641286675	5.211096017349719	-0.07083612052221767	1.399412490829183	-2.078988281054869	4.710222392631345	4.710222392631191	0.3982612982920224	0.05234999927402611	0.7737484778166184	0.1585075409606084	-1.719752786468597e-07	-1.007825156831174e-06	4.398621153046132e-07	4.660355100086679e-08	-6.257760487967202e-07	-3.289818324133832e-07	-1.672999337638399e-07
0.21	-0.0746760700838984	0.01007564899679935	0.8953303412075104	0.5180506472388171	-0.3075056159247697	-0.2405325495788093	-0.5159187086289609	0.4257818736169035	0.4257818736168536	-0.1486198967488797	-0.1744849659160107	0.01399110651550435	-0.007592870647668885	-0.3176236945493768	-0.3594384733208487	-0.2477788242777472	1.743555859968424	-0.08777769460392718	0.4974753622312343	-0.9994491453093333	1.485620922446518	1.485620922446045	0.2003962009705108	-0.001232781417611061	0.1492671887337614	-0.04716231018413992	-0.07564613083341101	-0.008483862278698981	-0.004866877830033398	-0.1748863160210491	0.114305858998217	0.01937652308974631	0.1257579154043826	-2.848149156173041	-10.41075680693426	4.054454112858643	5.800384814774473	-594.0300746102329	-71.59790749997707	-23.71396289903253	-0.8812070542894747	-0.5547305978054893	-1.329879550611904	4.834695115410411	-0.05313861864490003	1.267728498496267	-1.861287540966894	4.410056042872123	4.410056042946693	0.3054319092060707	0.02252561549854522	0.7361933977234205	0.1648101427536398	-1.770426467970359e-07	-1.077104524139903e-06	4.507442932496671e-07	3.611806110772633e-08	-6.177509455968915e-07	-3.341211624288114e-07	-1.787084807968413e-07
0.22	-0.07789578277751917	0.006455160814960116	0.89278585567128	0.5357240470561803	-0.3083852445578826	-0.2354953142700573	-0.5260018232665455	0.440855444570731	0.4408554445706463	-0.1466008321350555	-0.1744956414460179	0.01552081102251532	-0.00805534181547332	-0.3262200190984513	-0.3644911232326822	-0.2611278117298112	1.790615768641212	-0.08809395379928489	0.50981795882934	-1.016770305300304	1.528685793289304	1.528685793289327	0.2033321533556563	-0.0009018343313786038	0.1566538196493144	-0.04528203240859517	-0.08415004214863903	-0.006875484336300475	-0.004462913870677674	-0.1747080498959136	0.1146961880030034	0.02073030334900225	0.1333539990990155	-2.603216086750324	-10.98758778709869	4.084734289249588	4.372230303702866	-593.8584633574285	-71.36293173516033	-23.62141786541456	-0.8461522421925449	-0.4567635677570178	-1.341828435773561	4.601085100282408	-0.00504764115856672	1.213740084117154	-1.594815988498821	4.221523812199426	4.221523812199308	0.2955897773636984	0.0538563157530464	0.7496316789383293	0.2192719459169998	-1.82152184445258e-07	-1.144179988191202e-06	4.620446048728053e-07	2.546500080915289e-08	-6.084472754618486e-07	-3.385781216183709e-07	-1.900503193260466e-07
0.23	-0.08119859119122473	0.002789074992703738	0.8901076442689135	0.5538532181256669	-0.3092664945361187	-0.23033928884591	-0.5362462499066522	0.4563477505215749	0.4563477505215092	-0.1445548804646337	-0.1745031899062432	0.01712374145611431	-0.008497607109704562	-0.3342398349153731	-0.3685691121312243	-0.2745133872953954	1.83472601107876	-0.08810392202532238	0.5212425057969268	-1.031746685828086	1.569376328295119	1.569376328294748	0.2057861813156335	-0.0006077907018558874	0.163903161424818	-0.04312589403579871	-0.09269788660075717	-0.005374282713237906	-0.004128503602468719	-0.1749706874811981	0.1152531736447533	0.02208956159978586	0.1410448006247631	-2.358088998979385	-11.56343352301525	4.110974573107191	3.084095483890411	-594.4238700808966	-71.19606417430943	-23.50034516302286	-0.764613336848716	-0.3597725692299492	-1.336881175778677	4.242126104602768	0.008973935125333513	1.084952597384955	-1.393798550430329	3.932996571428962	3.93299657137	0.2093368917258994	0.01731160590191043	0.7081847777202835	0.2206853707411332	-1.872617790940001e-07	-1.196420405209232e-06	4.751754756050948e-07	1.544494170563026e-08	-5.955923126399176e-07	-3.390229485016954e-07	-2.002821324187657e-07
0.24	-0.08457854118019527	-0.0009130819222044212	0.8872955852991257	0.5724087180773405	-0.310146255126922	-0.2250733898332258	-0.5466293902451429	0.4722349974678083	0.4722349974677637	-0.1424865829973316	-0.1745077712862884	0.01879828517764111	-0.008916930902651894	-0.341648334148496	-0.3717053417630386	-0.2878973252141018	1.875881545080776	-0.08779607631329256	0.5317926765367355	-1.044513044976315	1.607673992367192	1.607673992366429	0.207801312732059	-0.000308418298332472	0.1709764772348744	-0.04069373215179643	-0.1012457310528902	-0.003873081090180493	-0.003794093334298988	-0.1752333250664865	0.1158101592865015	0.02344881985056405	0.1487356021505012	-2.104506702778702	-12.14036558351015	4.136938982663612	1.750253515499361	-594.8829433084945	-71.03517727971943	-23.34804053718832	-0.7238889254322886	-0.2684117144118023	-1.341500906398015	4.010143413176103	0.05851514645495148	1.038864838561639	-1.15281171258798	3.742949625451163	3.742949625451356	0.2078104686534487	0.05492207055329822	0.7144264858485068	0.2744766481580864	-1.923713900286051e-07	-1.244422237360614e-06	4.888293632257134e-07	5.605740086407837e-09	-5.817226947645901e-07	-3.383214518689526e-07	-2.101967953867746e-07
0.25	-0.08802966853144124	-0.004642022393905616	0.8843497653787249	0.5913614920265309	-0.3110215051403312	-0.2197063149500788	-0.5571293241945507	0.4884935828831292	0.4884935828834119	-0.1404003281463677	-0.1745095532758326	0.0205426254387814	-0.009310731152916005	-0.3484794427443821	-0.3739385694506365	-0.3012556717873132	1.914205781254188	-0.08720902305891459	0.5414846196964732	-1.055135757834358	1.643654843440422	1.643654843439463	0.2093819870845796	-5.413281298285457e-05	0.1778508454189175	-0.03803213562738402	-0.1097929276176302	-0.002438791446618834	-0.003531194489596002	-0.175937806430021	0.1165610283587692	0.02471524453554359	0.1564818167480134	-1.841825293729336	-12.67564616001775	4.152918520593865	0.5643624972110597	-596.017008003166	-70.86190939657864	-23.16195808624362	-0.648062300537588	-0.1791501837577867	-1.331469143129375	3.673439333519691	0.0656717750676994	0.9135234621916682	-0.9663030112800505	3.467458280087455	3.467458280057912	0.1228556383054728	0.009889969674621225	0.6677944477255457	0.267271403737392	-1.954709721596003e-07	-1.281805268259445e-06	4.992227495541552e-07	-6.554029477871377e-09	-5.601084379379695e-07	-3.332669550071631e-07	-2.188898638007959e-07
0.26	-0.09154617506343427	-0.008388969520048464	0.8812706684705227	0.6106834834602655	-0.3118895103491667	-0.2142464877538313	-0.5677253456603157	0.5051003378955418	0.5051003378961669	-0.1383003346079252	-0.1745089507740974	0.0223544798743709	-0.009676861388105164	-0.3547241702950373	-0.3753066726513687	-0.3145527227744026	1.949725041991438	-0.08634711539899977	0.5503431391566834	-1.063730548247056	1.677307911786794	1.677307911785639	0.2105490502272661	0.0001684799583195956	0.1844793121246908	-0.03515972913678923	-0.1183401241823705	-0.001004501803053445	-0.003268295644863643	-0.1766422877935596	0.1173118974310388	0.02598166922052718	0.1642280313455237	-1.573752966847075	-13.2118988053979	4.169086248988567	-0.6613227003743668	-597.0903567836381	-70.70454441350829	-22.93982804613043	-0.6066127163856447	-0.09538681703898545	-1.329241789173645	3.449148325943955	0.1134860275623855	0.8721800986562258	-0.7472272235188506	3.277393080079461	3.277393080079853	0.1250882266867011	0.04858752774399332	0.6652461901941961	0.3166386413944994	-1.979273450734402e-07	-1.31579028275746e-06	5.085727754691005e-07	-1.945638078456876e-08	-5.360158966469352e-07	-3.268194980720786e-07	-2.27192021957541e-07
0.27	-0.09512232672177579	-0.01214537254957736	0.8780589901558192	0.6303470791641247	-0.3127476542637332	-0.2087021059538229	-0.5783972777197998	0.5220323144943321	0.5220323144945407	-0.1361907039379797	-0.1745063993771988	0.02423140317162097	-0.01001334317590068	-0.3604107638398927	-0.3758397568549071	-0.3277604004557381	1.982543931358211	-0.08524217068544718	0.5584081151352187	-1.070341426801345	1.708707608130813	1.708707608130038	0.2113147596378163	0.0003370279657606686	0.1908581967106841	-0.03210978050847041	-0.1269315402754346	0.0002629693965589078	-0.003074384653406087	-0.1778050900966271	0.1183503202177785	0.02721087370529872	0.1720970381364807	-1.263525516912946	-13.73617358786649	4.179694839173882	-1.809603321530985	-598.8556507511922	-70.5932641426088	-22.67966136394647	-0.5353714450143071	-0.01214733190011382	-1.313255738830656	3.130726641130156	0.115063466793614	0.7546927481932552	-0.5708526436588455	3.014333810348456	3.014333810405184	0.04276083730005573	0.0004092785897013354	0.6170965938406504	0.3033517131933321	-2.027757142288306e-07	-1.359722214041306e-06	5.219148823399236e-07	-3.184500346199958e-08	-5.182159115125171e-07	-3.207598653261421e-07	-2.375146397320852e-07
0.28	-0.09875248206987525	-0.01590308204312023	0.8747158900680588	0.6503253572414605	-0.3135935357764542	-0.2030808671138788	-0.5891258854592851	0.539266903236304	0.5392669032361322	-0.1340753264661049	-0.1745022783319929	0.02617069271493893	-0.01031848972948454	-0.3655249082438395	-0.375567965454161	-0.3408370773857766	2.012661516688434	-0.08389463503022225	0.5657145471433935	-1.075065684246586	1.737830340426244	1.737830340425847	0.2116984106108033	0.0004824096270232487	0.1969525613382243	-0.02889268229444174	-0.1355229563684958	0.001530440596182285	-0.002880473661811808	-0.1789678923997064	0.1193887430045216	0.02844007819008101	0.1799660449274359	-0.9519297274782437	-14.26127717850594	4.191109564403105	-2.985914964085671	-600.6165791772266	-70.50878809928399	-22.37749368895966	-0.4921228882034936	0.06558830381758804	-1.303041638914256	2.908887518634229	0.162004215896914	0.7204713045842166	-0.3699030017091279	2.822000270361697	2.822000270361966	0.04867653917412969	0.0439542585084062	0.6083421985032215	0.3500685585364075	-2.084760272510744e-07	-1.407196882810515e-06	5.36678826263525e-07	-4.405065429886969e-08	-5.026571107626473e-07	-3.148383617434639e-07	-2.485568732609139e-07
0.29	-0.1024309945135058	-0.01965417823998094	0.8712427706894803	0.6705916866027261	-0.3144248259725207	-0.1973903233971056	-0.5998924616717635	0.5567816201150719	0.5567816201147938	-0.1319578959930882	-0.1744969917248971	0.02816948437042555	-0.01059073262100703	-0.3700841404141654	-0.3745300235401786	-0.3537527872614053	2.040175304548458	-0.08232420861988558	0.5722746886271848	-1.077958333822885	1.764742884979961	1.764742884980031	0.211743516644306	0.000569908491299133	0.2027514411875625	-0.02553116231097737	-0.1442674223406377	0.002785684367980793	-0.0027370789424791	-0.1803162833181941	0.1203902720347176	0.02957495866391618	0.1880101411439411	-0.7003226787870248	-14.73419286464925	4.19338144646777	-3.998044877375926	-602.9974984501537	-70.37657266790713	-22.0299080661972	-0.4238096474506398	0.1410751905379461	-1.280833653030866	2.608256367628972	0.1605884257271057	0.6056423281414983	-0.2052622712310615	2.570409332213992	2.570409332283817	-0.02441817479076651	-0.009457950472104702	0.5574676607739938	0.333067096195248	-2.212299596899253e-07	-1.429442094094327e-06	5.786285843954792e-07	-4.425249973200472e-08	-5.070448001875085e-07	-3.097253424696367e-07	-2.594695980904062e-07
0.3	-0.1061522965320537	-0.02339125940663272	0.8676414946139167	0.691120280232172	-0.3152392065900577	-0.1916378069139176	-0.6106792276471363	0.5745543679962242	0.5745543679958849	-0.1298413836217653	-0.174490951259394	0.03022462618093091	-0.01082858563710621	-0.3740828232245734	-0.3727649594123719	-0.3664684167828036	2.065114370326183	-0.08051271932455333	0.5781091004255676	-1.079103636824774	1.789436540907166	1.789436540907703	0.2115147902686469	0.0006331813212032805	0.2082225923418922	-0.02201470720976162	-0.1530118883127741	0.00404092813979873	-0.002593684222956232	-0.1816646742366951	0.1213918010649197	0.03070983913777134	0.1960542373604431	-0.450035597204094	-15.20797542092835	4.197046617414273	-5.02949884807415	-605.4112580553182	-70.28083555400221	-21.63812384516264	-0.3800130162194714	0.2110127465821511	-1.263025568068179	2.393943102174556	0.2102167928960799	0.5753253675025625	-0.02043368682668899	2.378222545059213	2.378222545059572	-0.006089942658147983	0.03910905163410261	0.5427964595011833	0.3810555820866121	-2.367656011944802e-07	-1.44173766017263e-06	6.312995086941073e-07	-3.972045007634293e-08	-5.192987110897281e-07	-3.049311620781733e-07	-2.703312490666389e-07
0.31	-0.1099107692470553	-0.02710712494562782	0.863914191482792	0.7118854471562424	-0.3160344862489785	-0.1858302025141526	-0.6214688222556726	0.5925630520925059	0.5925630520927891	-0.127728847023975	-0.1744843114733899	0.0323328168263156	-0.01103073760843283	-0.3775163161484383	-0.3702941168840621	-0.3789448897080147	2.087493192519885	-0.07851479195476292	0.5833162666003674	-1.078535593324248	1.811935752490879	1.811935752490932	0.21093506503378	0.0006983516595456536	0.2133597287121917	-0.01840242927785363	-0.161980706846389	0.005146927159761487	-0.002499783528350089	-0.1832976814307511	0.1225893534103081	0.03179697044171061	0.2043894504932042	-0.1847287954701898	-15.66217274121457	4.195900678661164	-6.020407668817382	-608.5169303179239	-70.19767358662281	-21.20377745037202	-0.3107137069974675	0.2822170612163326	-1.232964797130278	2.095962836084249	0.1989779241838795	0.4788440904822793	0.1373771026120013	2.131146311245827	2.13114631117302	-0.09275584365168628	-0.00907708440210379	0.4907548222863632	0.3534576885380568	-1.922411373634004e-07	-1.524603548262638e-06	3.53410289221385e-07	-8.080547015778989e-08	-4.584549021981994e-07	-2.48734097976107e-07	-2.474557478902813e-07
0.32	-0.1137007161466138	-0.03079486264828834	0.8600635222939386	0.7328616245138656	-0.3168089071911672	-0.1799734400830324	-0.6322443456823824	0.6107858034738517	0.6107858034747873	-0.1256238760844694	-0.1744768796059093	0.03449069535470216	-0.01119633804248141	-0.380377660133348	-0.367139392145456	-0.3911416283285548	2.107316457038232	-0.0763409759784462	0.5879407066957062	-1.076289400458889	1.832249997923334	1.832249997922901	0.2100016586088872	0.0007915976244303716	0.2181601689421697	-0.01470439975413953	-0.1709495253799932	0.00625292617974628	-0.002405882833591243	-0.1849306886248151	0.1237869057557034	0.03288410174567264	0.212724663625966	0.0792386014071204	-16.11790319703694	4.197019120316942	-7.033552854515619	-611.6573721195637	-70.15745337783373	-20.72894417576854	-0.2655832284280082	0.3477891886411552	-1.207078707134023	1.882831567103335	0.2453945142013682	0.4587801516103589	0.3151961861402365	1.941229314807719	1.941229314807714	-0.07682618066325156	0.04472417694254027	0.4754572314366129	0.3982059004477482	-1.216035842559575e-07	-1.638152185053388e-06	-6.820073189105605e-08	-1.417239988205887e-07	-3.658294760050406e-07	-1.701879539998653e-07	-2.099119196910581e-07
0.33	-0.1175165586970975	-0.03444776112047161	0.8560923997809295	0.7540237305596678	-0.3175603873533622	-0.174074259757434	-0.6429890759436121	0.629201046915735	0.6292010469163097	-0.1235286453234078	-0.1744689807294891	0.03669499692908076	-0.01132413671925797	-0.3826998271645627	-0.3633373351487076	-0.4030230539042379	2.1246906453197	-0.07393220679635187	0.5918162815304593	-1.07239172678848	1.850434609961835	1.8504346099619	0.2089859155126991	0.0008022877251355318	0.2226371660730053	-0.01084984313817425	-0.1800858368364555	0.007287250955030358	-0.002376982670992909	-0.1868080777460076	0.1250618772409222	0.03391155523865846	0.2212705829316843	0.3220475031518462	-16.54149523568125	4.190139766596972	-7.941088665910392	-615.4303766649588	-70.10102246058423	-20.21602455146733	-0.2018712579792604	0.4118267429499313	-1.169768605525767	1.602602051481107	0.2423215802633194	0.3399291138937687	0.4667917076309122	1.702504630381772	1.702504630456515	-0.1230482350035721	-0.01863136303187261	0.424316823752625	0.3801952146846016	-1.126429686358005e-07	-1.69155130824512e-06	-1.58602283212883e-07	-1.592862901349794e-07	-3.457250590383306e-07	-1.463399511695709e-07	-2.083703162732216e-07
0.34	-0.1213528904814079	-0.03805955646513639	0.8520042441876157	0.7753471564068388	-0.3182870391317255	-0.1681387270905881	-0.6536868817181125	0.6477872219743885	0.6477872219746424	-0.1214453919654719	-0.1744605495100202	0.03894216764873708	-0.01141316689537224	-0.3844755068961674	-0.3589187666417594	-0.4145482443895542	2.139580417313671	-0.07137529921226746	0.5952111749446461	-1.066904503112449	1.866436321280754	1.866436321281317	0.2076061779802328	0.0008980662391849235	0.2267339979976618	-0.006950699621662396	-0.189222148292919	0.008321575730325664	-0.002348082508218629	-0.1886854668672132	0.1263368487261442	0.03493900873165545	0.2298165022373977	0.563914187363007	-16.96365263775851	4.181581727948188	-8.860817257898873	-619.2333912025418	-70.05735693408862	-19.66776350904145	-0.1562857685056238	0.4710914906808755	-1.135831689060697	1.385948309603982	0.2750221945994054	0.3626438674970355	0.6331061872648437	1.504649170891319	1.504649170891319	-0.1496250679188439	0.06174185961133642	0.399424190200516	0.4071232805569795	-1.331399948006162e-07	-1.716222305538815e-06	-9.081423702277345e-08	-1.561411248053543e-07	-3.602575420006709e-07	-1.486164336627143e-07	-2.240238052882862e-07
0.35	-0.1252042453167454	-0.04162421875130121	0.8478027281488271	0.7968072563322099	-0.3189874604979434	-0.1621718471006557	-0.6643221033956338	0.6665226888789699	0.6665226888796091	-0.1193775256974166	-0.1744510354664838	0.04122838833308164	-0.01146306547199349	-0.385706036568229	-0.3539240921254131	-0.4256841622285363	2.152046840496063	-0.06867859988575982	0.5980531141898845	-1.059895156654659	1.880309406883362	1.880309406884108	0.2059590204889905	0.0009940974042342461	0.2304482069641284	-0.003014149610771792	-0.1985267942514998	0.009372232091321889	-0.002397631670967667	-0.1906663638955759	0.1274986050282	0.03590136719007482	0.2385260837603304	0.7306375204551691	-17.34219961649778	4.163577652060337	-9.630178944808142	-623.5505865222923	-69.96400744866962	-19.08713330213468	-0.09302006986431431	0.5270641891900149	-1.0919247101674	1.118079305332238	0.2718118170364984	0.2280228873787922	0.7715502359353472	1.276536222428265	1.276536222455604	-0.1737859731295349	-0.01802586757123296	0.348068663340609	0.3894338630399135	-1.529028725015705e-07	-1.723976433109957e-06	-4.160559865911397e-08	-1.446890177969231e-07	-3.851248584165083e-07	-1.448851565187587e-07	-2.343790215732944e-07
0.36	-0.1290652221494767	-0.04513625254088748	0.8434919623558783	0.8183802384859515	-0.3196599512678225	-0.1561799369314013	-0.6748798913364	0.6853864662330609	0.6853864662341158	-0.1173264359809399	-0.174440873033819	0.04354988098978522	-0.01147309594816897	-0.3863999063725583	-0.348393067326049	-0.4363981952215539	2.162156862989471	-0.06578917994485307	0.600217210808781	-1.051417755760863	1.892098411185278	1.892098411186206	0.2042508676616447	0.001027744068364434	0.2337883924694269	0.001022920467510487	-0.2078314402100868	0.01042288845232478	-0.002447180833581076	-0.192647260923949	0.1286603613302579	0.03686372564849994	0.2472356652832553	0.8971066690004106	-17.72028881946837	4.14502883931414	-10.41892554078973	-627.8906606210546	-69.89192612599371	-18.47736164405745	-0.04895379495882954	0.5783615472842146	-1.0514547198678	0.9146681718071894	0.3135663174792409	0.2270753422286056	0.9267170744660738	1.087832910752941	1.087832910752946	-0.1618241351395004	0.0492649594274616	0.3246194979666268	0.4272272940352348	-1.722817340829668e-07	-1.722881736518532e-06	-2.115419773904782e-09	-1.288917412949624e-07	-4.153980877157135e-07	-1.380113589492435e-07	-2.419628336610423e-07
0.37	-0.1329304499993521	-0.04859040122000018	0.8390763048289039	0.8400424870257611	-0.3203028203700087	-0.1501692721234344	-0.6853457907771585	0.7043575998587713	0.7043575998593142	-0.1152932300259344	-0.1744304270719481	0.04590277907137018	-0.01144254862270209	-0.3865598763939727	-0.3423571223852895	-0.4466505675693952	2.16990536804008	-0.06276736834838743	0.6018429754520003	-1.041531446201835	1.901780025673123	1.901780025673925	0.2023503575663159	0.001072470499075536	0.2367240390526847	0.005085759419525908	-0.2172433191229173	0.0112936078258799	-0.002566947502497035	-0.1949439724195971	0.129969252807808	0.0377954277180554	0.2560957362433833	1.0702091139117	-18.08327465587033	4.120701436396542	-11.12716941175632	-632.7997414672755	-69.84136345353085	-17.84242576310459	0.01334916695339661	0.6281182541480501	-0.9998023830594371	0.6468141309240617	0.2993276126742	0.1192002715350148	1.054190825265003	0.8561314196413593	0.8561314196226897	-0.2104740914780076	-0.01621866197804943	0.2678950203664157	0.3959684524735866	-1.605010886666763e-07	-1.746128978401611e-06	-1.100484116276112e-07	-1.453627991899021e-07	-3.950614788275074e-07	-1.207980986456789e-07	-2.345742921437457e-07
0.38	-0.1367947039949154	-0.05198180899237061	0.8345605888002876	0.861770595107915	-0.3209149035498395	-0.1441445750198021	-0.6957059065366004	0.72341511076972	0.7234151107697708	-0.1132802911008232	-0.1744191928751532	0.04828300517516012	-0.01137134165637738	-0.3862051355078966	-0.3358448859775959	-0.4564098955499393	2.175328771460143	-0.05963199547416448	0.6030236699418738	-1.030261019497023	1.909373868234615	1.909373868235293	0.2001974616810503	0.001185391054946577	0.2392539969103821	0.0091548486390962	-0.2266551980357579	0.01216432719943701	-0.00268671417133329	-0.1972406839152526	0.1312781442853594	0.03872712978761318	0.2649558072035015	1.247373945699653	-18.44742914252125	4.097082953253964	-11.87900692582934	-637.6782144623385	-69.81138280763052	-17.19298316423852	0.05398838653958856	0.6736198406708168	-0.9528458464084032	0.4496478456981486	0.3362785730307116	0.1380613115594215	1.203540503623067	0.6702785254825937	0.6702785254826547	-0.2123012931268115	0.06290378445940256	0.2434817528543169	0.4284773475461338	-1.309150106802788e-07	-1.783285899412977e-06	-3.022232153321273e-07	-1.802729053116422e-07	-3.458049624036374e-07	-9.767657392265747e-08	-2.18630119994995e-07
0.39	-0.140652938644864	-0.05530585133746388	0.8299498209934082	0.8835416977738054	-0.3214949862281454	-0.1381108389934695	-0.7059466559676876	0.7425384118829655	0.7425384118834053	-0.1112893827001495	-0.1744069000140213	0.05068657596421065	-0.01125929370062795	-0.385359816870129	-0.3288966900465867	-0.4656516951573239	2.178520885594579	-0.05636992763737912	0.6036387874320448	-1.017690113327495	1.914949897626947	1.914949897628069	0.1979629258166564	0.001272474982893048	0.2413923676297378	0.0132515752969206	-0.2359040678899964	0.01286733235635117	-0.00290269140802196	-0.1999967540161537	0.1328693919121146	0.0395384366186038	0.2736897851560566	1.483197512460239	-18.7653967461995	4.061337933325125	-12.54557322438048	-642.9193739458232	-69.74230291262238	-16.53096817539465	0.112103361118535	0.715414683434429	-0.8961167973920426	0.1983622942533748	0.3236682659798132	0.01034673988774127	1.313678682827895	0.4508391301981147	0.4508391302647502	-0.2325701842727227	-0.01851783461028475	0.1887754398775357	0.4001266089509271	-1.287307173618445e-07	-1.75864484740391e-06	-3.15039262968547e-07	-1.880334274505491e-07	-3.241745089406463e-07	-8.046361616354128e-08	-2.175245401670482e-07
0.4	-0.1445002601567004	-0.05855841268042391	0.8252493812345572	0.9053335954004186	-0.322041948752685	-0.1320735298378097	-0.7160557337352398	0.7617073880869486	0.7617073880877951	-0.1093215277483537	-0.1743937620199224	0.05310948260213512	-0.01110630722149035	-0.3840225078833931	-0.3215486855509474	-0.4743442859442669	2.179487763606498	-0.05300796472149975	0.6037382958078871	-1.003926686789529	1.918508886382864	1.918508886384431	0.1955867719051819	0.001354417647936428	0.2431211666851444	0.01734255331675753	-0.2451529377442501	0.01357033751326166	-0.003118668644691481	-0.2027528241170595	0.13446063953887	0.04034974344959059	0.282423763108599	1.721915665860176	-19.08417930831345	4.026074608440131	-13.25147803129106	-648.1467632771519	-69.68763464048973	-15.85564196408223	0.1523864563335371	0.7535815535966509	-0.8430040823201329	0.004600621194938302	0.3562575888495175	0.03493948869366143	1.442044577310861	0.2668703981998748	0.2668703981998631	-0.2406249025428904	0.06187553187874161	0.1615674200642936	0.4273276199485695	-1.436163882627967e-07	-1.695506697447688e-06	-2.16123626496974e-07	-1.78881093993593e-07	-3.197537340434483e-07	-6.693140503767747e-08	-2.256626735881267e-07
0.41	-0.1483318459936884	-0.06173566978041337	0.8204648220452486	0.9271243623620009	-0.3225548899970903	-0.1260377279932472	-0.7260214372596316	0.7809020203950099	0.7809020203958433	-0.1073780987479602	-0.1743798610418034	0.05554755280198516	-0.01091256989424072	-0.3822213520820125	-0.313853081121698	-0.4824681342898355	2.178318734404712	-0.04956486660723905	0.6033063881066333	-0.9890386577020993	1.92008626482479	1.920086264825554	0.1931117568756305	0.001404456080286874	0.244415512780641	0.02140013273560978	-0.2544216130647624	0.01428675366264008	-0.003411658849693401	-0.2055103968001816	0.1356454172681022	0.04106950204023068	0.2911043212956586	1.802795189338376	-19.33430376656601	3.978423617833009	-13.66785099190503	-653.6407040751178	-69.53909615125306	-15.1666168575808	0.2049721121767791	0.7849628492788315	-0.7822261601378987	-0.2296958241999157	0.3409055103521331	-0.09980736499061693	1.53848613271981	0.05352079677366558	0.05352079665331782	-0.2493474746800482	-0.02661866793613853	0.101697746898706	0.3945440362800091	-2.215323757860022e-07	-1.377765721332146e-06	3.835659962161997e-07	-7.775152794956528e-08	-3.742954818091828e-07	-2.737671983302087e-08	-2.604681250107119e-07
0.42	-0.1521432218786445	-0.0648344882437729	0.8156019941825916	0.948893030804889	-0.3230328863428213	-0.1200097555187944	-0.7358329996814993	0.800102496333408	0.8001024963342261	-0.1054591014321743	-0.174366097012718	0.05799623237131155	-0.01067834258611742	-0.379980517475136	-0.3058609582249611	-0.4899980206139272	2.175068059869543	-0.04601898498746643	0.6021724217871512	-0.9730984662842102	1.919677612450106	1.919677612450068	0.1907004349853295	0.001327027838662803	0.2452430405803895	0.02544054949151938	-0.2636902883852967	0.01500316981200897	-0.00370464905473641	-0.2082679694833066	0.136830194997334	0.04178926063086149	0.2997848794827009	1.884793935596065	-19.58517766441649	3.931524170296552	-14.11965125342482	-659.1462404056746	-69.41550713378989	-14.4639633121095	0.2403222174330081	0.8128852470939586	-0.7242116780247663	-0.4117284454817126	0.3768142899519002	-0.1054722349520045	1.652477043402954	-0.1303357651218534	-0.1303357651218401	-0.2278862746927488	0.03638219708380372	0.06820376091446181	0.423895087359978	-3.421807813581918e-07	-8.874126596848652e-07	1.322763406211804e-06	8.573548391620428e-08	-4.688118212108027e-07	2.98203206792913e-08	-3.133531140614367e-07
0.43	-0.1559299804179692	-0.06785199519228823	0.810666904323123	0.9706188013470308	-0.3234754193525889	-0.1139935182652631	-0.7454801590841003	0.8192889982796491	0.8192889982799667	-0.1035665648849176	-0.1743518610203504	0.06045078546429811	-0.01040441064576018	-0.3772990690714523	-0.2976008918240275	-0.4969125780933922	2.169747864003545	-0.0424784302669168	0.6009661760433369	-0.9561819178180212	1.917303704617155	1.917303704617734	0.1878136808905119	0.001493914246097039	0.2455940118875639	0.02933561172879966	-0.2728312025685203	0.01544983922372203	-0.004010855509377953	-0.2113291090865821	0.1381670435252401	0.04240255788862069	0.3083479943389567	1.994873613933428	-19.79112337438862	3.873339209864066	-14.49375090576331	-664.8665762289214	-69.26825189553767	-13.7480879448174	0.2928387070065417	0.8385293029999006	-0.6590735869712587	-0.6429410135367327	0.3439209537880912	-0.1448483967723001	1.733968211148853	-0.3387119616921976	-0.3387119615995781	-0.3181241795425252	0.003261193811869085	0.007488514738732679	0.3706860594845512	-3.920315738060081e-07	-6.151399222076841e-07	1.765739063405813e-06	1.642891465806569e-07	-4.968672335199668e-07	8.396951549562819e-08	-3.330714262013538e-07
0.44	-0.159687767962231	-0.07078570908351332	0.805665869728047	0.9922812147592284	-0.3238822978370093	-0.1079926729997137	-0.7549536081094572	0.8384422024137062	0.838442202413522	-0.1017027067191698	-0.1743366722976341	0.0629066372101806	-0.0100918532295158	-0.3741863184609159	-0.2891023467669175	-0.5031869677354289	2.162396633882432	-0.03888807991910385	0.5990940241924798	-0.9383563908349269	1.913018050011787	1.913018050012983	0.1849647586890469	0.001517573903074872	0.2455027711595276	0.0331656446689791	-0.2819721167517666	0.01589650863542495	-0.004317061964170242	-0.2143902486898569	0.1395038920531463	0.04301585514637047	0.3169111091951946	2.105164151881323	-19.99799540622751	3.816319206924802	-14.91545352791275	-670.6201724994488	-69.18439991496767	-13.01986067278108	0.3265826588037956	0.8605809783291107	-0.5961781105391416	-0.8179352965045772	0.386773415404557	-0.2386534563605733	1.834272746784188	-0.5126851196051661	-0.51268511960518	-0.2203198960221933	0.007736846992500742	-0.02023864612786846	0.4108892279397564	-3.897157039516534e-07	-5.035579499084745e-07	1.843077639588111e-06	1.802603414125591e-07	-4.759514363925838e-07	1.358729292728252e-07	-3.283511343017279e-07
0.45	-0.1634124283806868	-0.07363338345112005	0.8006053332593569	1.013860310866884	-0.3242530445978356	-0.1020132346191026	-0.7642444448289456	0.8575431332534512	0.8575431332537597	-0.09986742679364984	-0.1743215376547621	0.06535936200851966	-0.009741357269335608	-0.3706853395346156	-0.2804060619188392	-0.5088074209255068	2.153103935789168	-0.03525859986830264	0.5967042732417708	-0.919682197729208	1.906852497495019	1.906852497496101	0.1820852051237538	0.001495682277316503	0.244963521703415	0.03691433685785082	-0.290876716839834	0.01615939715285603	-0.004589752452779096	-0.2176814316323401	0.1408510495663959	0.04342134538967166	0.3252185808258216	2.201228412874832	-20.10749722958805	3.738487198639948	-15.16647771203566	-676.4453673659618	-68.97998467121195	-12.28053065922287	0.3708817021071832	0.8781594347259732	-0.5281364928720454	-1.032784848338126	0.3512500384067616	-0.2528520433779073	1.903305892703676	-0.7157681336015635	-0.7157681336187367	-0.3227142892055448	-0.008817857364835034	-0.08257790219210537	0.3538314340574717	-3.821292514670384e-07	-4.076329147708234e-07	1.886336692905761e-06	1.899895066948977e-07	-4.504283985692762e-07	1.851226089017243e-07	-3.212817107057601e-07
0.46	-0.1671002737713744	-0.07639329353091072	0.7954919607448399	1.035336910437077	-0.3245874536104509	-0.09606043697380125	-0.7733446769573312	0.8765729530048713	0.8765729530056435	-0.09806113064428561	-0.1743069550661257	0.06780433235092977	-0.009353979943327557	-0.3668233129057215	-0.2715494892036992	-0.5137541769007992	2.141897326391869	-0.03162053027794477	0.5937658771329901	-0.9002354726139485	1.898795832342691	1.898795832343658	0.1791680034615552	0.001407163051363947	0.2439518799737337	0.04054191783458518	-0.2997813169279296	0.01642228567026829	-0.004862442941488241	-0.2209726145748263	0.1421982070796431	0.04382683563295327	0.3335260524564278	2.296158245169501	-20.21768204262441	3.661772608844878	-15.46205440993987	-682.3225554066761	-68.84140693262448	-11.53178628004773	0.3987921993228088	0.8926385517412783	-0.4614386675820795	-1.200717557311607	0.3884913233158887	-0.3483824879749263	1.988779148692408	-0.8909076467172496	-0.8909076467173564	-0.2278495154032406	-0.005588673046349737	-0.1147171008417814	0.3866669855122392	-3.703263328782151e-07	-3.242334293624191e-07	1.902332127931693e-06	1.947250483375855e-07	-4.21219568189229e-07	2.322493012119851e-07	-3.123329817527188e-07
0.47	-0.1707477250242677	-0.07906393741380921	0.7903325017809975	1.056692185788343	-0.3248854379855486	-0.09013923333194403	-0.7822467952247686	0.8955131325195488	0.8955131325204504	-0.09628433763072465	-0.1742933016603293	0.07023699303941643	-0.00893088755030425	-0.3626044155096245	-0.2625620731616157	-0.5180220039289496	2.128852914599651	-0.02798172247782476	0.5904124615506268	-0.8800864572372719	1.888950908168581	1.888950908169144	0.1761683409962014	0.001319640295842115	0.2425126656631719	0.04405188351666459	-0.3084608912068441	0.01647623962341518	-0.005084487697140426	-0.2243441792398524	0.1434912631154147	0.04407274241425704	0.3415687009352313	2.370350923230672	-20.25145631789711	3.568908108747701	-15.64057361960042	-688.1124622298099	-68.60465643342377	-10.77554659106015	0.4427795708763098	0.904414647322633	-0.3921944592649925	-1.402076045896932	0.3505545329004012	-0.338468089452709	2.043221277782488	-1.07459753131362	-1.074597531374127	-0.3393783421988446	-0.0105258897210269	-0.168663908718933	0.3292825570760897	-3.571793734354462e-07	-2.502660873584517e-07	1.907064579269563e-06	1.980889016479661e-07	-3.928090068029621e-07	2.778559810776024e-07	-3.029760031533922e-07
0.48	-0.1743511190909824	-0.08164418283291117	0.7851338165991067	1.077907862410534	-0.325147238477732	-0.08425349324514274	-0.7909443716293157	0.9143462002467748	0.9143462002478085	-0.09453821198784558	-0.1742805618446571	0.07265323352228614	-0.008473471260956262	-0.3580118756685702	-0.2534697964443857	-0.5215994205104535	2.113977580578634	-0.02438375369608693	0.5866731661248381	-0.8593271000354862	1.877373474852239	1.877373474852398	0.1730345293269523	0.001224445023683208	0.2406678388503854	0.04740669709955474	-0.3171404654857888	0.01653019357653796	-0.005306532452809798	-0.2277157439048837	0.1447843191511824	0.04431864919553367	0.3496113494140129	2.441948228544054	-20.28568332200527	3.477153538325769	-15.85967190405653	-693.9739796649973	-68.43376309813948	-10.0145101748668	0.4735206883144949	0.913610686770443	-0.323356578252779	-1.5669020030712	0.3803235196394649	-0.4255584566599691	2.110847513714298	-1.237409475163735	-1.237409475163651	-0.2546793561822387	-0.007123176373770475	-0.1958396012868813	0.3556365656743462	-3.428658879684979e-07	-1.844851339696553e-07	1.902021610802702e-06	2.00262233009552e-07	-3.650912826565795e-07	3.221434048591899e-07	-2.93264694672384e-07
0.49	-0.1779068525702003	-0.08413308474689826	0.7799028151250126	1.098966006726324	-0.325373126502051	-0.07840709398035932	-0.7994314219802917	0.9330551150523927	0.9330551150522634	-0.09282369829369211	-0.1742687626944104	0.07504913586226175	-0.007983094541837512	-0.3530806133924572	-0.24430280787813	-0.5244835836109036	2.097368377433012	-0.02079562996120118	0.5825231465799663	-0.8379979926680029	1.86413909916657	1.8641390991662	0.1698799857950901	0.001123287587017868	0.2384539134560958	0.0506509615337927	-0.3255472474522511	0.01637388022959956	-0.00547818854992062	-0.2311558376788849	0.1459981922371905	0.04444072409621652	0.3573485544678887	2.488049136262665	-20.25876619831159	3.372337173865583	-15.95534800700741	-699.7095930579626	-68.19999601786843	-9.251309209475233	0.5110246343793508	0.9194499756500825	-0.2534229018765649	-1.750411035124244	0.347559095913609	-0.4225211533226388	2.156688972191089	-1.406951969666191	-1.40695196974563	-0.3440750895540162	-0.01303936459077829	-0.2429708658345817	0.3059710002248299	-3.300867961834449e-07	-1.671533201516993e-07	1.859623003257761e-06	1.943999180724011e-07	-3.429619740906898e-07	3.59451366321877e-07	-2.866704732806579e-07
0.5	-0.1814116542992396	-0.08653007536840385	0.7746464766747265	1.119849562697687	-0.3255632328299162	-0.07260475440102104	-0.8077026319328094	0.9516235860302749	0.9516235860289833	-0.09114037668244229	-0.1742582605859729	0.07742113857682772	-0.007460845254791288	-0.3478255256315313	-0.2350875379480772	-0.5266668157487814	2.07905991169473	-0.01722741440629514	0.5778612290382226	-0.8161590203434692	1.84928470930499	1.849284709304091	0.1667961127485972	0.0009650366592383104	0.2358879137684204	0.05378121068508245	-0.333954029418735	0.01621756688264707	-0.00564984464707266	-0.2345959314528883	0.1472120653231978	0.0445627989968844	0.3650857595217472	2.530671746061074	-20.23215248649549	3.268613014259788	-16.08969023683153	-705.5285790440324	-68.03024969916575	-8.488359741334451	0.5382857852772527	0.9232669595297764	-0.1831703857383087	-1.906754521602884	0.3763418836435298	-0.5279380560343706	2.21282050512449	-1.561412310345877	-1.56141231034586	-0.2405452591083605	-0.01854187459661189	-0.2662544599642203	0.3328335090846675	-3.187518396284113e-07	-1.954206965180644e-07	1.782066147168744e-06	1.809746419129096e-07	-3.260923507770286e-07	3.901904220726576e-07	-2.830099809141386e-07
0.51	-0.1848623569405973	-0.08883477326262973	0.769371816220726	1.140541761089378	-0.3257178018562799	-0.06685150647884447	-0.8157531268612207	0.9700356073528144	0.9700356073529701	-0.08948756216961187	-0.1742496653277247	0.07976577737886936	-0.006907902465289014	-0.3422651129939239	-0.2258534184834357	-0.528147270496328	2.059111798167627	-0.01369434398365366	0.5727325944558884	-0.7938788155936477	1.832864895786581	1.832864895786353	0.1637585305177049	0.0007569619267522488	0.2329864838120732	0.05678402013025682	-0.3420101471734426	0.01598270148816956	-0.005763124701879598	-0.2380619238326582	0.1483287144539378	0.04444824886797383	0.372426206100769	2.543790725353567	-20.09290236316696	3.141556572487757	-16.07658630559229	-711.1233043992155	-67.68543262222664	-7.729207657683928	0.5723692405171846	0.9233126405126048	-0.1128458505646135	-2.079077533323392	0.3403930933298086	-0.5139452580986469	2.244792921837291	-1.720408552726769	-1.720408552626045	-0.3366258578556185	-0.02113845889102244	-0.3100894738237253	0.2803353829783498	-3.058567382599026e-07	-1.922079579026063e-07	1.725312184432034e-06	1.729261270462841e-07	-3.071131913694728e-07	4.212176265536591e-07	-2.765360524636824e-07
0.52	-0.188255965408082	-0.09104716432209335	0.7640858786529897	1.16102643079278	-0.3258373194840615	-0.06115126872225378	-0.8235789852497503	0.9882758020041431	0.9882758020057583	-0.08786537570965956	-0.1742429904540528	0.08207980143927718	-0.00632566543718625	-0.3364066908557044	-0.2166261709956214	-0.528922238495955	2.03755417403815	-0.0102171346907991	0.5672591959229291	-0.771231712366755	1.814919375062638	1.814919375063083	0.1606705021757766	0.00058095974160994	0.2297649654415736	0.05964005840521204	-0.3500662649281671	0.01574783609368531	-0.005876404756750887	-0.2415279162124286	0.1494453635846794	0.04433369873905736	0.3797666526797759	2.553617519773145	-19.95647450807344	3.018833661082642	-16.1080663732254	-716.7952250254781	-67.40632350041135	-6.998860836916038	0.5978876853998382	0.9218925641642457	-0.0420730361544294	-2.228656642077525	0.3651696576861502	-0.596890846159405	2.286200200538794	-1.866553751452511	-1.866553751452322	-0.2506344813155394	-0.01212736512785398	-0.3302721427948348	0.3034792750408022	-2.91369652387848e-07	-1.568726529791653e-07	1.689785663891556e-06	1.703641032948281e-07	-2.859814441110041e-07	4.525388603512128e-07	-2.671912708663517e-07
0.53	-0.191589598466003	-0.09316738777728147	0.758795719719064	1.181287701322945	-0.3259222977245381	-0.05550755448723363	-0.831176658957141	1.006329111763134	1.006329111764574	-0.08627410363732023	-0.1742379629494876	0.08436013055298155	-0.005715517599885749	-0.3302756652934976	-0.2074261360282572	-0.528990725604949	2.014442953375281	-0.006790499495873157	0.5614155070848801	-0.7482580605353758	1.795501924996691	1.795501924997297	0.1575865851241807	0.0004178379249000409	0.2262565465598475	0.06236462077774853	-0.3577748900570757	0.01524641858648052	-0.005940423864528156	-0.2450748766023765	0.1505187409657159	0.04414443065940027	0.3867412837929801	2.555635723300794	-19.7872340398595	2.892025620166552	-16.04699849128049	-722.2702911094427	-67.11690596093152	-6.306685525623704	0.6273177491007893	0.917950368477342	0.02853187790214168	-2.390940494663316	0.3294091928562669	-0.5885634434650279	2.309692960979636	-2.015385938343853	-2.015385938319767	-0.3368873032780071	-0.01906411204820752	-0.367767462105901	0.2530379945036459	-2.744942669694203e-07	-1.1404212501401e-07	1.647413500400916e-06	1.676007062300125e-07	-2.63089999772624e-07	4.776329317015953e-07	-2.552229994286296e-07
0.54	-0.1948605997168136	-0.09519583260170535	0.7535084295992829	1.201310142503221	-0.3259734098645694	-0.04992436824876906	-0.8385432470889109	1.02418103796063	1.024181037961903	-0.08471359413274777	-0.1742346985675015	0.08660404733762032	-0.005078905483631315	-0.3238803294324815	-0.1982704448427743	-0.5283484756669886	1.989788304061541	-0.00344391460253126	0.5551535966133392	-0.7250145972422928	1.774642662763622	1.774642662764388	0.1545179886247315	0.0002283352239651051	0.2224824996283431	0.06493291419602797	-0.3654835151859968	0.01474500107927349	-0.006004442972357393	-0.2486218369923246	0.1515921183467548	0.04395516257974223	0.3937159149061725	2.553842426790124	-19.62156173054152	2.770625825411908	-16.03062532780843	-727.8281432369764	-66.89173333909586	-5.653569463572204	0.6507497451618384	0.9130238077878927	0.1000743732364174	-2.53734237225157	0.3491595973693452	-0.6805351728577959	2.340162492879625	-2.154916184876759	-2.15491618487688	-0.247570370886173	-0.01740354197284992	-0.3833977527506464	0.2722254841893629	-2.549765075847927e-07	-6.291900985376661e-08	1.5974674340718e-06	1.64614513158927e-07	-2.382516565373209e-07	4.958373765146819e-07	-2.403521434866446e-07
0.55	-0.1980664240519606	-0.09713302378560462	0.7482310969278102	1.221078578341778	-0.3259913582185319	-0.04440574923704067	-0.8456761785941316	1.041817364861164	1.041817364861453	-0.08318355178489223	-0.1742332924003755	0.08880900576146387	-0.004417257483350512	-0.317245871779624	-0.1891828401075406	-0.527000248441055	1.963655480791536	-0.0001610726730058653	0.5485098407240568	-0.7015438763199108	1.752395628974091	1.752395628974422	0.151488781925873	5.060700272699113e-05	0.2184710756674404	0.06736967312708488	-0.3728331248963011	0.0141223418454087	-0.006014608366811234	-0.252107804426607	0.1524412954130206	0.0436348802125135	0.4002791427356057	2.489101212229992	-19.38841857179613	2.638982409733361	-15.85594277826561	-733.0955508452626	-66.57832957484807	-5.039946479183901	0.6755667663380158	0.9044041776932126	0.1698234844789918	-2.687793888884822	0.3153460468074922	-0.6655534287858613	2.35470101433099	-2.293613783145517	-2.293613783210626	-0.330856555843968	-0.0179761138124522	-0.4157199980662526	0.2251706956374161	-2.347845087247742e-07	-1.535683932110247e-08	1.540768783263998e-06	1.6055543268926e-07	-2.136108480147208e-07	5.085213046643098e-07	-2.247881146597664e-07
0.5600000000000001	-0.2012047492123863	-0.09897978384789147	0.7429707718460381	1.240578377630727	-0.3259769782419829	-0.03895541931057541	-0.8525735680656468	1.059224418062372	1.059224418061678	-0.08168385365132863	-0.1742336672457766	0.09097270888963772	-0.00373208797414456	-0.3103804944871336	-0.1801842205202945	-0.5249469577268392	1.936060994141138	0.00302175149905092	0.5414957795618818	-0.6779061905009718	1.728787922898391	1.728787922898289	0.1484491457686864	-0.0001278672830364534	0.2142314404942888	0.06963721598108442	-0.3801827346066131	0.01349968261154532	-0.006024773761329007	-0.2555937718608892	0.1532904724792894	0.04331459784528822	0.406842370565031	2.419675156281811	-19.15842623189618	2.512378605465484	-15.72177787006031	-738.4561152962299	-66.32518212481321	-4.466127071393186	0.6969336730885736	0.8952267781902524	0.2410870708928357	-2.829675048329987	0.3291560458756274	-0.7545962274363344	2.37355547219113	-2.427050642110438	-2.427050642110063	-0.2496562625517472	-0.01755275487790062	-0.4290399952005494	0.2383822687778608	-2.137834224942867e-07	2.79321976584667e-08	1.475967031081772e-06	1.552088873412954e-07	-1.892070811473643e-07	5.145806128177872e-07	-2.083922783710163e-07
0.5700000000000001	-0.2042733622596185	-0.1007370700616398	0.7377344816163057	1.259795152783649	-0.3259311563680035	-0.0335770817206374	-0.859233862377793	1.076388775280787	1.076388775280627	-0.08021434965504796	-0.1742357252404159	0.09309299418845102	-0.003024931883202723	-0.3033087410188114	-0.1712941322986568	-0.5221947236620395	1.907061747111029	0.006124151614590807	0.5341096011547971	-0.6541413224048406	1.703868715890047	1.703868715889742	0.1454521763721661	-0.000287189539961925	0.2097945767965131	0.07176544228880746	-0.3871330986219041	0.01283260883877807	-0.005982878234461673	-0.2590247435147153	0.1539853833202168	0.04281474177391719	0.4129669226820137	2.310771351576067	-18.8425889050296	2.371009357422311	-15.45675368595842	-743.4927156892292	-65.93960921175611	-3.932067142572293	0.717279607809629	0.8827637704288207	0.309711177259375	-2.969921705859715	0.2978150023939424	-0.740119182398851	2.379654906951604	-2.556536640770883	-2.556536640801611	-0.3246341789354479	-0.01534271869011253	-0.4556503302285065	0.1955813713781618	-1.929796126871792e-07	6.651970454590687e-08	1.406591903090106e-06	1.488703108901061e-07	-1.657625205533017e-07	5.156727050087987e-07	-1.920248005040188e-07
0.58	-0.2072702610873515	-0.1024060826079163	0.7325291976478184	1.278714961031163	-0.3258549038912655	-0.02827450402178755	-0.8656561675232534	1.093297504247004	1.093297504247382	-0.07877479873288928	-0.1742394206091351	0.09516798269565452	-0.002297385817262045	-0.2960376505862468	-0.162529487025955	-0.5187457054778097	1.876667613060586	0.00910787205015968	0.5263438013455428	-0.6303083571635945	1.677662272458722	1.677662272458212	0.1424585309463168	-0.0004553421004959623	0.2051720821722388	0.07371521098087601	-0.3940834626372025	0.01216553506600987	-0.005940982707647297	-0.2624557151685415	0.1546802941611464	0.04231488570254657	0.4190914747989893	2.196192173835591	-18.52926732069863	2.234051082024856	-15.22649392691004	-748.6336466613413	-65.60953323773596	-3.436726819601043	0.7368010659371752	0.870138188402994	0.3804438947787736	-3.108652452396837	0.3054201098814307	-0.8305205078702848	2.3871749012142	-2.684497926706767	-2.684497926706772	-0.2489914684175241	-0.01931881559959504	-0.4661661805003859	0.2026907456469366	-1.724327210128459e-07	9.898428852266723e-08	1.331260750788471e-06	1.412397869556475e-07	-1.435671588267848e-07	5.102958647835757e-07	-1.756942545351177e-07
0.59	-0.2101935516881635	-0.103988125247588	0.7273618603242218	1.297324055085854	-0.3257493004127009	-0.02305143230807107	-0.8718398788101148	1.10993790313367	1.109937903134868	-0.07736498083168628	-0.1742447028981322	0.09719594851896333	-0.001551080418474873	-0.288593322153195	-0.1539045649615489	-0.5146072969691003	1.844928808957191	0.01199090025045862	0.5182171428685676	-0.6064346488727514	1.650214163324689	1.650214163324303	0.1394975713458699	-0.0006004683070168814	0.2003982477752756	0.0755156432182626	-0.4006273918378054	0.01136928536787553	-0.005845021824424856	-0.2658262286540298	0.1552391062277883	0.0417394063836489	0.4247871104492459	2.052933220740396	-18.17915186799658	2.092448922858917	-14.8996174020873	-753.4400967393108	-65.24449787603264	-2.979107482989219	0.7523023366497285	0.8548679611365069	0.4476825569525164	-3.239876182637281	0.2762719341052492	-0.8118859107248622	2.387356493512717	-2.805435413824111	-2.805435413805401	-0.3207570872815176	-0.01174594148882726	-0.4863985137424864	0.1640152534873021	-1.521481243531336e-07	1.267193033192549e-07	1.250947784661e-06	1.329913919049423e-07	-1.222159257049947e-07	4.995777635555409e-07	-1.593133063376028e-07
0.6	-0.2130415882837179	-0.1054846789174805	0.7222393357313192	1.315609084740843	-0.3256155611003306	-0.01791125665775532	-0.8777848754739699	1.126297727327582	1.126297727329606	-0.07598499430277854	-0.1742513637328496	0.09917549470941307	-0.0007877115391733794	-0.2809868495337026	-0.1454316930701217	-0.5097831593389727	1.811854733120738	0.01473503881080255	0.5097645886670454	-0.5825654325621593	1.621547333907754	1.621547333907492	0.1364922564884941	-0.0007310512459559648	0.1954881556003825	0.07712790708376042	-0.4071713210384153	0.01057303566973537	-0.005749060941206988	-0.2691967421395184	0.1557979182944305	0.04116392706474496	0.4304827460994966	1.902950235274391	-17.8310838141551	1.95485772839867	-14.60081804604733	-758.3625342516131	-64.93050859283179	-2.558331536605468	0.7692299032254161	0.8397281538071298	0.5175897190623717	-3.375706799008489	0.2776421818904428	-0.8956996527796612	2.386276505164048	-2.928241983287149	-2.928241983287203	-0.2578625198032782	-0.01641016208320619	-0.4934177360864832	0.1650570712691627	-1.322345791775195e-07	1.477637080560856e-07	1.163587374584787e-06	1.238689352751565e-07	-1.020588257313553e-07	4.813037321284064e-07	-1.428610574264397e-07
0.61	-0.2158128261462192	-0.1068973068983916	0.7171684488181551	1.33355686842642	-0.3254549510726225	-0.01285740813030014	-0.8834913105208897	1.142364954092692	1.142364954092116	-0.07463489853873724	-0.1742592158768968	0.101105393895716	-8.982481389426967e-06	-0.2732376926966609	-0.1371231820707235	-0.5042823185564411	1.777487748161067	0.01736311683196454	0.5009436884057413	-0.5587372986944408	1.591706645803032	1.591706645802999	0.133527749836201	-0.000841939433893211	0.1904779074593696	0.07858825485640142	-0.4132657596314573	0.009727191679943178	-0.005605327893398079	-0.2724821980750685	0.1562445490995842	0.04047457415275549	0.4357098641895845	1.734211284497864	-17.43039230502952	1.809008202153898	-14.21738676381372	-762.8984910757304	-64.54168037514198	-2.173563388822731	0.7811989252027212	0.8220443970421945	0.5830989999153187	-3.499350719781701	0.251648004707371	-0.8846056199297716	2.378723546774143	-3.040661642725037	-3.04066164269082	-0.3155982303196987	-0.008582460832751132	-0.5068740241351963	0.1319194917055319	-1.13123908335479e-07	1.653825726698494e-07	1.074091563776881e-06	1.146187362273059e-07	-8.31621470627742e-08	4.584645531792352e-07	-1.26459450690663e-07
0.62	-0.2185058843701031	-0.1082277234045017	0.7121559238612298	1.35115455098733	-0.3252688087862048	-0.007893632686892787	-0.8889599358852934	1.158128038093023	1.158128038089852	-0.07331441853969849	-0.1742682077655527	0.1029847814664036	0.0007834292264096458	-0.2653509218092339	-0.1289893981099422	-0.4981107680912381	1.741834508187983	0.01984149055226007	0.491749971859479	-0.5350034960587726	1.560718780951893	1.560718780952089	0.1305691034888125	-0.0009590001691798472	0.1853858324772946	0.07986443708680077	-0.4193601982245049	0.008881347690140541	-0.005461594845556394	-0.2757676540106188	0.1566911799047364	0.0397852212407534	0.4409369822796683	1.557955979970138	-17.03130214328246	1.666747368166676	-13.85620473907591	-767.5584234355292	-64.19869008588344	-1.824023667077383	0.7967527133025969	0.8047827460836722	0.6517316555966294	-3.632957801691248	0.2477013217171679	-0.9702629097712798	2.367410258754028	-3.157677332570718	-3.157677332570577	-0.2566904588223446	-0.0176446715530596	-0.5097831042990262	0.1282239628208173	-9.524842877585916e-08	1.77731375555818e-07	9.813105210740633e-07	1.051720103824325e-07	-6.620457809428293e-08	4.286020703500075e-07	-1.101357549939426e-07
0.63	-0.2211194861467138	-0.109477726184344	0.7072084260599413	1.368389457733709	-0.3250585339927053	-0.003023644581578147	-0.8941917744643941	1.173575629607664	1.173575629606699	-0.07202333011250928	-0.1742782730645092	0.104812920503461	0.001587810866497358	-0.2573532896775079	-0.1210450144456115	-0.4912806471150371	1.704944396465619	0.02218607597886092	0.4822023107670816	-0.5113912911849162	1.528617393449317	1.528617393449468	0.1276327598962618	-0.001050015590834443	0.1802323991188049	0.08097896972254497	-0.4250181994186081	0.008003722739225201	-0.005271551404988549	-0.2788825078651459	0.1568873568260353	0.03903001137205091	0.445693126363947	1.321519822291647	-16.59463511270561	1.520279039514815	-13.36701555110415	-771.7973658109169	-63.80914705956634	-1.508925870769621	0.803679864124503	0.7842075395332523	0.7148629593551952	-3.747417517361358	0.2235852694344574	-0.9538948126940581	2.354064888256111	-3.263668755557752	-3.263668755564453	-0.314456734973224	-0.004032429000261249	-0.5195390523003681	0.09799090589526373	-7.807185146558422e-08	1.874982730691726e-07	8.886118295844908e-07	9.56877175019261e-08	-5.016165361014495e-08	3.961607388870947e-07	-9.430729370237429e-08
0.64	-0.2236526293218087	-0.1106492968549581	0.7023324715965593	1.385249387430889	-0.3248256637216779	0.001749491492058713	-0.899188303137446	1.188696747387987	1.188696747389232	-0.07076207520635104	-0.1742890890079807	0.1065892420867981	0.002402322431331255	-0.2492592015050881	-0.1133029762643162	-0.4838021005099005	1.666839098349163	0.02436058605758081	0.4723795655258814	-0.4879415148488597	1.495424034088472	1.495424034088579	0.1246023992836388	-0.001109129073632202	0.1750223417332566	0.08189042203605067	-0.4306762006127166	0.007126097788298033	-0.005081507964405663	-0.2819973617196733	0.1570835337473326	0.03827480150333464	0.4504492704482219	1.077089340963838	-16.1592832119051	1.377122284625602	-12.89485495374617	-776.1637989088296	-63.46008631650241	-1.227481560721675	0.8160439214414922	0.7643136494765247	0.7814167813837177	-3.875995080509568	0.2136862521409955	-1.025279739531834	2.334924551194125	-3.376071704224448	-3.376071704224329	-0.2754938628367878	-0.01126428378166529	-0.521107909710842	0.08760789837310849	-6.206640765421154e-08	1.929387345527417e-07	7.960511320198152e-07	8.614047445360208e-08	-3.565137664032877e-08	3.593980934974664e-07	-7.930868465727715e-08
0.65	-0.2261043996225898	-0.1117444804259079	0.6975345047898674	1.401722307283421	-0.3245717869560606	0.006422776604280537	-0.9039512321818263	1.203480620535271	1.203480620533666	-0.06953117941598923	-0.1743003274748445	0.108313316536886	0.003225102583926419	-0.2410805339383945	-0.1057693113682108	-0.4756867209731686	1.627547977515515	0.02638578295621611	0.4622239037693968	-0.4646835855960819	1.461181042413239	1.46118104241329	0.1215693168409015	-0.001138450694138892	0.1697930688892781	0.08263406039028365	-0.4358910946183752	0.00614456491945215	-0.004852813836755883	-0.2849797696974639	0.1571459092508506	0.03752688977747213	0.4547571293678579	0.8137186014904765	-15.7271776197038	1.238357937369666	-12.37047716336447	-780.1180099285004	-63.14032929726438	-0.9788548029710961	0.8209204409272498	0.7425728868279056	0.8422742638647777	-3.98521309021185	0.1924695120970668	-1.018791868605112	2.315333377066317	-3.473831919881626	-3.473831919889967	-0.3183055746394821	0.001402782399463396	-0.5237386570718157	0.06289086721342149	-4.635038116873981e-08	1.964444360271744e-07	7.003683179898113e-07	7.625869360788278e-08	-2.141419877872376e-08	3.179950159665946e-07	-6.396706465278047e-08
0.66	-0.2284739547943798	-0.1127653913524669	0.6928208269233521	1.417796407426529	-0.3242985516007814	0.01099288860395049	-0.90848276068073	1.21791697996166	1.21791697995721	-0.06833083247799372	-0.1743118253811908	0.1099851179214679	0.004054348932716873	-0.2328161757059273	-0.0984484473861446	-0.4669443124745613	1.587075156465087	0.02823230398974294	0.451744943016981	-0.4416614057534225	1.42592128990965	1.425921289909647	0.1184926288122738	-0.001161016971259974	0.1645677286320795	0.08318366127511756	-0.4411059886240376	0.00516303205059918	-0.004624119709172609	-0.2879621776752561	0.1572082847543677	0.03677897805160098	0.4590649882874913	0.542051871977253	-15.29621681751556	1.102743637043582	-11.8588597278012	-784.2015886089068	-62.85549207877898	-0.762162681233082	0.833182054596308	0.7217534666686203	0.9068225737587547	-4.112335123865664	0.1779510791193142	-1.089939538718048	2.287774669170505	-3.579423869895535	-3.57942386989538	-0.284214980014856	-0.009913215104514617	-0.520321392354969	0.0488004044932824	-3.116357493634414e-08	1.964122906277575e-07	5.989764909946353e-07	6.576518650406927e-08	-7.67640214356206e-09	2.681065768060203e-07	-4.799822460823893e-08
0.67	-0.2307605375800675	-0.1137141940969977	0.6881976581109343	1.433460043890713	-0.3240076262559797	0.01545632569315038	-0.9127853191930606	1.231995749201475	1.231995749199422	-0.06716104455159301	-0.174323475197118	0.1116047549701659	0.004888276243663961	-0.2244931458058146	-0.09135090304655331	-0.4575896761659911	1.545467334565329	0.0299226155767177	0.4408843946302896	-0.4189000180567521	1.389670615147494	1.389670615147501	0.1154616248922015	-0.001169301744057101	0.1593635618331585	0.08356973862338241	-0.4458351696447681	0.004276683533807315	-0.004365644805862031	-0.2907834651748656	0.1571147644128371	0.03590604939803962	0.4628750326712772	0.2411738242514129	-14.80559567333671	0.9573307164693706	-11.25286241786508	-787.830741386191	-62.46635504695304	-0.5764118963422602	0.8329459601349856	0.6979464423791495	0.964750532240272	-4.212729780615734	0.1599567775443995	-1.092847242499706	2.262862618380084	-3.672173244774023	-3.67217324477271	-0.3130133442806566	0.00376915340837357	-0.5198635964138991	0.02860737591683013	-1.09445421096857e-08	1.747674148594015e-07	4.248278453892677e-07	4.398714160039697e-08	8.953399653661515e-09	1.764364313981222e-07	-2.558073970006819e-08
0.68	-0.2329636735662769	-0.1145931830931779	0.6836710289361688	1.448702057324379	-0.3237007206794969	0.01980941034770643	-0.9168617554687319	1.245707154900589	1.245707154900936	-0.06602166071364919	-0.1743351968084131	0.1131724704963237	0.005725083523278418	-0.2161268158090363	-0.08448569771601928	-0.4476363849440534	1.502750550362176	0.03142835032600987	0.4296744560893966	-0.3964369584214786	1.3524485817694	1.352448581769414	0.1124118111210377	-0.001175376045826002	0.1541834241241064	0.08375965500859672	-0.4505643506655014	0.003390335017003878	-0.004107169902507178	-0.2936047526744743	0.1570212440713052	0.03503312074446598	0.4666850770550611	-0.06819089843406727	-14.31579122794055	0.8146787678800123	-10.65517105083611	-791.588729387112	-62.10560501120431	-0.4206242393305016	0.8418420739295184	0.6752856648571217	1.026553556432241	-4.334127584544841	0.1410357115828205	-1.159817569558328	2.228109056891155	-3.773695593083424	-3.77369559308351	-0.2879769502331371	-0.009471120898841544	-0.5155155743812981	0.009568211883165631	1.933894390549795e-08	1.098970783531689e-07	1.051655625635222e-07	-3.599789029921169e-10	3.136721177500863e-08	1.202873495579684e-09	9.734034935360501e-09
0.6899999999999999	-0.2350829619217492	-0.1154046962294601	0.6792468735008168	1.463511470637902	-0.3233795432442151	0.02404784313174154	-0.920715131765335	1.259041610708626	1.259041610710481	-0.06491190429714636	-0.1743471061297633	0.1146886245035474	0.006563013625153877	-0.2077237801853757	-0.07785665964696147	-0.4370999753157833	1.458953141767428	0.03277180653562944	0.4179853200648372	-0.3742993036020479	1.31429359080186	1.3142935908019	0.1095034980328121	-0.001198222607734035	0.1490578742677813	0.08378996065287529	-0.4548514564319705	0.002474876367802464	-0.003837553500799433	-0.296231436140469	0.1567529929743195	0.03418520590525017	0.4700505324402627	-0.406587083897385	-13.8361634296777	0.6786706372826395	-10.00482776860314	-794.8990740640772	-61.76905454881241	-0.2938536022868604	0.840598100977714	0.6507471976920222	1.081403040082323	-4.429389087488663	0.1257072249627243	-1.177448257142187	2.197443289099568	-3.858756002134151	-3.858756002130136	-0.2976341551849471	0.002521077088737984	-0.5094955123951083	-0.00569638747307305	4.16179201575024e-08	6.88290317463459e-08	-1.212467328324175e-07	-3.047163701800367e-08	4.837832773303904e-08	-1.267624279064215e-07	3.605380384850903e-08
0.7	-0.2371180071621115	-0.1161511121210995	0.674930925836559	1.477877541547365	-0.3230459899169748	0.02816858722788056	-0.9243489615948179	1.271990045576278	1.271990045579645	-0.0638323061449433	-0.1743590014165455	0.1161538388479804	0.007400155157837447	-0.1992781927859656	-0.07146624878747533	-0.4259948307251943	1.414082069550729	0.03390352871769748	0.4061367185107818	-0.3525276649973842	1.275244393692526	1.275244393692595	0.1063801582618801	-0.001172569132620864	0.1439954915659754	0.08360194117022271	-0.4591385621984415	0.001559417718597357	-0.003567937099128623	-0.2988581196064645	0.1564847418773336	0.03333729106603023	0.4734159878254627	-0.7536891670146217	-13.3573162934548	0.5454198540950501	-9.355316430093717	-798.3371037735988	-61.44612044307284	-0.1948467247909279	0.8503524290794989	0.6275602229427332	1.140300548896007	-4.548860308934689	0.09868890607252855	-1.191710675457515	2.154905813937828	-3.952536821442155	-3.952536821441771	-0.3309822867743851	0.0002288865054278994	-0.5028821434775411	-0.03409681350307192	4.633861692898547e-08	7.997245975758155e-08	-1.431106687049197e-07	-2.935711957141389e-08	5.353836823605273e-08	-1.510425215007878e-07	4.264259246762453e-08
0.71	-0.2390684422204885	-0.1168348351218203	0.6707288146839773	1.491789672982319	-0.3227020632516285	0.03216963904425087	-0.9277669793275419	1.284543616439412	1.284543616439661	-0.06278446725019109	-0.1743704047164128	0.1175688143225104	0.008234481244712606	-0.1908049658355028	-0.06531961313209687	-0.4143383888656555	1.368175883871433	0.03484901989026176	0.3940078895371768	-0.331147121498445	1.23533000019988	1.235330000199761	0.1031927851536212	-0.001111660350915558	0.1390145275965235	0.08323153879280744	-0.462945614333838	0.00072561278624201	-0.003313747776886596	-0.3012941667635828	0.1560721992988934	0.03245424209722681	0.4763055106637901	-1.121089171821541	-12.86227444823542	0.4125776116522779	-8.650480131454625	-801.3065465003596	-61.08835566355766	-0.122091098952522	0.8463900235276454	0.6020202565940144	1.191679080648014	-4.63674185122439	0.08757158947674357	-1.233291076330061	2.118942625281525	-4.031866883566175	-4.03186688359448	-0.311812261392117	0.008448657508389079	-0.4934594085496354	-0.04326841538866042	5.064219655686973e-08	9.135761149559823e-08	-1.624974965709628e-07	-2.786465919927612e-08	5.824593581936528e-08	-1.749942361235343e-07	4.904917728677269e-08
0.72	-0.2409340285702662	-0.1174583307620359	0.6666459405652239	1.505237693729718	-0.3223496632012309	0.0360474381572807	-0.9309733288237948	1.29669384811354	1.296693848110674	-0.06176834157423153	-0.1743813135717618	0.1189344289803717	0.00906415201470802	-0.1823084510651078	-0.05942077668642019	-0.402147423959505	1.321259932040246	0.03559820572796039	0.3814861778428499	-0.3101940177031122	1.19457655589162	1.194576555891315	0.1000375145037439	-0.001073680228997568	0.1341233282322455	0.08267087779427591	-0.4667526664692344	-0.0001081921461137141	-0.00305955845466654	-0.3037302139207013	0.1556596567204539	0.03157119312842374	0.4791950335021172	-1.497090037714388	-12.36770784213141	0.2820741794885339	-7.943658499545585	-804.4005553472996	-60.73975483964846	-0.07383770897916234	0.8550099930659908	0.5780003810023397	1.247205158218344	-4.75081353931292	0.05942783909941317	-1.27028721960188	2.069417873216575	-4.120346984564812	-4.120346984564192	-0.3245617950980541	-0.004356845452008272	-0.4849292224428258	-0.07214853772633091	5.393894170020507e-08	1.033262342982588e-07	-1.759050982145186e-07	-2.545992279995348e-08	6.186132738960607e-08	-1.981533118492673e-07	5.50159598301376e-08
0.73	-0.2427145667597783	-0.1180240808607578	0.6626875904039026	1.518211609076982	-0.3219906985621284	0.03979823012130263	-0.9339723508059391	1.308432455962322	1.308432455960067	-0.06078367798132461	-0.1743917867464424	0.1202516370673056	0.00988734156616005	-0.1737961318303472	-0.0537706746598733	-0.3894392534053099	1.273362220337657	0.0361585063278578	0.3686273759080995	-0.289691114213733	1.153015446318429	1.153015446318203	0.09687762151716285	-0.001021345726128553	0.1293363052709821	0.08193191386516568	-0.4700991603969341	-0.0009803300290993639	-0.002810628410521585	-0.305992313352755	0.1551186533649002	0.03076688271578642	0.4816439885158463	-1.884758223900704	-11.91115262461624	0.1643220992024588	-7.21107998647148	-807.0468623263984	-60.46582298947904	-0.0481774776129782	0.8498067249849325	0.5522956308909344	1.295139137045844	-4.833380245188588	0.04891012089724135	-1.300351679850426	2.028616263661865	-4.193439946729367	-4.193439946717878	-0.3143045671008736	0.009925139651620984	-0.4728799650696691	-0.0800346605844247	5.877558533809485e-08	1.181897668358266e-07	-1.927593332847027e-07	-2.38485781687019e-08	6.677666091953435e-08	-2.255632693240238e-07	6.22991323119721e-08
0.74	-0.2444098889896867	-0.1185345738357325	0.6588588251747283	1.530701721255326	-0.3216272151269347	0.04341909906609097	-0.936768765817817	1.319751563314765	1.319751563313125	-0.05983113362161725	-0.1744017572677972	0.1215215166982065	0.01070208861030476	-0.1652652591434212	-0.04836935193696908	-0.3762304375300808	1.2244992982568	0.03650196494624681	0.355501573995798	-0.2696726236498121	1.110676456623911	1.110676456623762	0.09361366786407295	-0.0009731495634485569	0.124657637025655	0.08098237633281331	-0.4734456543246331	-0.001852467912080729	-0.002561698366405295	-0.3082544127848088	0.1545776500093484	0.02996257230315495	0.4840929435295753	-2.280921265469111	-11.45470454606204	0.04840849870501064	-6.473272899026968	-809.8154059866754	-60.19643228636752	-0.04252231028633265	0.8587206834991101	0.5282445202737699	1.347334222425137	-4.943855614966522	0.01605944279774147	-1.32368721511208	1.97253528812493	-4.275923008830419	-4.275923008830143	-0.3453739283998278	-0.005184513489787257	-0.4632582792556268	-0.1142632583747651	6.771862496146322e-08	1.407730586664803e-07	-2.18804590825896e-07	-2.435294491897318e-08	7.515850634196265e-08	-2.643089114628428e-07	7.309267796305894e-08
0.75	-0.2460198485687129	-0.1189923000934826	0.655164578610431	1.542698536064789	-0.3212612028984468	0.04690727830992988	-0.9393674693746569	1.33064352564333	1.330643525642814	-0.05891139212655788	-0.1744110389196369	0.1227452267764818	0.01150651660747071	-0.1567252222733432	-0.04321756630631697	-0.3625421018141048	1.174713855996329	0.03666463949311719	0.3420829037415903	-0.2501575791572457	1.067596344235799	1.067596344235506	0.09032497345633618	-0.0008864144858040295	0.1201038364816503	0.07986892910991694	-0.4763139101980692	-0.002618449503878561	-0.002325854937842429	-0.310314640681751	0.1539413251194026	0.02915026345864262	0.4860888937531029	-2.678949999005345	-10.99595204135282	-0.06616383884389779	-5.715142212114119	-812.1069349330321	-59.91019877808863	-0.04242410403106708	0.8518682238838506	0.5023906343943428	1.391115558192131	-5.018349715821608	0.01100943594840097	-1.358593975880573	1.927565314023555	-4.342021313912351	-4.342021313933954	-0.3220157233596113	0.01505937605865742	-0.4485130981615147	-0.1150273539944242	7.443286182132883e-08	1.569377950722192e-07	-2.41932587915302e-07	-2.454195730229246e-08	8.150081096693444e-08	-2.976376198005188e-07	8.175061805617125e-08
0.76	-0.2475443631720184	-0.1193997594849397	0.6516095218656951	1.554193004214797	-0.3208946363294272	0.05025974344216853	-0.941773707229731	1.341101093655992	1.341101093656601	-0.05802481728085541	-0.1744195618491697	0.1239239844180792	0.01229878175245823	-0.1481762639983854	-0.03831597867837281	-0.3483924736177927	1.124029966366488	0.0366128330526537	0.328358751675165	-0.2311794832966268	1.023797593443257	1.023797593442821	0.08698033799264006	-0.0008214051014757257	0.1156671496901002	0.07854980589712665	-0.4791821660715053	-0.003384431095670364	-0.002090011509298852	-0.3123748685786929	0.1533050002294594	0.02833795461413831	0.4880848439766294	-3.086409243003778	-10.53469419911446	-0.1821110825483165	-4.939757873088148	-814.5319972009166	-59.61983114400009	-0.04231328126394735	0.8605049644751241	0.4782049197321514	1.439592718492339	-5.123545088840663	-0.02683675466902463	-1.384783577555577	1.865145561735433	-4.419650689716154	-4.419650689716159	-0.3565621395917045	-0.009529652153010479	-0.4398355287647408	-0.1553984563535531	7.454984250122619e-08	1.541036074202098e-07	-2.564254940674176e-07	-2.379752075943377e-08	8.180607483143492e-08	-3.149322040868112e-07	8.408716569767886e-08
0.77	-0.2489833413415665	-0.1197594497676447	0.6481982048659963	1.565176230783645	-0.3205295824959791	0.05347341121548594	-0.9439929348741326	1.351117179967514	1.351117179967205	-0.0571718300512006	-0.1744274365140576	0.1250589937813897	0.01307692734657597	-0.1396152872311736	-0.03366310985548857	-0.3338004641120458	1.072472969316521	0.03636401264677996	0.3143302641863722	-0.2127665830905472	0.9793106909223502	0.9793106909220934	0.08360512529426414	-0.0007533736171927934	0.1113558911600619	0.07704753028839451	-0.4815944048972767	-0.004093677209026802	-0.00186717877008794	-0.3142241429150046	0.1525725345683305	0.02758846669337925	0.4896562318268934	-3.493178477044213	-10.10427855923954	-0.2892140466079837	-4.165267039910004	-816.488513017749	-59.37695815020867	-0.04220483453667277	0.8545148137636107	0.4526684193590658	1.479590806158879	-5.193123271501589	-0.02897368645211348	-1.418490668192825	1.814281624078446	-4.479573900265813	-4.479573900238878	-0.3297467671741418	0.0149279590843186	-0.4235875490524243	-0.1524028730815004	7.439552211181824e-08	1.509866968023122e-07	-2.692838742611751e-07	-2.299729001616279e-08	8.181321112064451e-08	-3.305036476826751e-07	8.606188141028549e-08
0.78	-0.2503365855872628	-0.1200738432509627	0.6449349251092638	1.575639618130305	-0.320168030667171	0.05654547224718837	-0.9460310496416663	1.360685124480429	1.360685124479208	-0.05635294413497072	-0.1744346391820329	0.1261515272526139	0.01383909803261671	-0.1310294792271746	-0.02925661880094732	-0.3187850250245735	1.020062121929478	0.035912432124681	0.3000374033515126	-0.1949569079230884	0.9341692337219299	0.9341692337218523	0.08016007530734499	-0.0006870057182945683	0.1071719712728609	0.0753548242817243	-0.4840066437230467	-0.00480292332237657	-0.001644346030883171	-0.3160734172513156	0.1518400689072039	0.0268389787726286	0.4912276196771579	-3.908950014748907	-9.671477193046202	-0.3976218578624937	-3.372461521548139	-818.5716923863838	-59.12588301088301	-0.04208541380598361	0.8654712118326058	0.4289293660635272	1.524278634837401	-5.29431515625581	-0.06738877791406121	-1.437658246768905	1.744500554011313	-4.550561625618766	-4.550561625618897	-0.3705295973003553	-0.009862369229933988	-0.4143678001973362	-0.1934845359411685	7.334472862383625e-08	1.469355711666976e-07	-2.767412121577493e-07	-2.201269582805115e-08	8.083523020454511e-08	-3.403812350840802e-07	8.684097857521931e-08
0.79	-0.2516038668021475	-0.1203453960826403	0.6418238475960005	1.585574751846153	-0.3198119511980761	0.05947322153865921	-0.9478941378321375	1.369798471554623	1.369798471553156	-0.0555687238475198	-0.1744411309919668	0.1272028607811286	0.01458345678359774	-0.1224221231708938	-0.02509401819842576	-0.3033669438205033	0.9668332598709732	0.035269974220092	0.2854702995528308	-0.1777691817601552	0.8884010341530952	0.8884010341530465	0.07667134733015429	-0.0006127544794410092	0.1031147082218611	0.07348503671821723	-0.4859553495145356	-0.005436791047356979	-0.001437841323521803	-0.3177341735519111	0.1510542778458397	0.02614159172162025	0.4923821971855047	-4.310752308280945	-9.266789477534285	-0.4980749384191968	-2.593796689894846	-820.1918409368687	-58.91302959184971	-0.04197171026647871	0.8590723813682182	0.403910560317632	1.560118947245918	-5.356865439278429	-0.06767485238920654	-1.472488018903757	1.689640909146089	-4.60483865803708	-4.604838658032673	-0.3398882546348439	0.01579104043249434	-0.3984021969710063	-0.1884994482747236	7.21066172031408e-08	1.427628544848689e-07	-2.827930209072086e-07	-2.098479954676159e-08	7.968093585471562e-08	-3.4859226339977e-07	8.730327928381258e-08
0.8	-0.2527849335407049	-0.1205765258776987	0.6388688601115888	1.594973658199687	-0.3194632964191589	0.06225404947764939	-0.9495886023086364	1.378451158726024	1.378451158724315	-0.05481975961118029	-0.1744469358555173	0.1282142223512493	0.01530816294259985	-0.1137865839609064	-0.02117201147709995	-0.287567019254264	0.9128166494672457	0.03442749408918479	0.2706531328547119	-0.1612321651287414	0.8420372531634095	0.8420372531633902	0.07310886508470803	-0.000549616441007497	0.09917757959407283	0.07142430588594033	-0.4879040553060238	-0.006070658772330993	-0.001231336616166161	-0.3193949298525059	0.1502684867844779	0.02544420467062009	0.4935367746938513	-4.721105438089394	-8.859811058274742	-0.5997994535937401	-1.796034958402422	-821.9317013462949	-58.68794998470325	-0.04184872868627151	0.8711078425739375	0.3808105898243574	1.600647307271253	-5.451864825300288	-0.1073932231776991	-1.487670826656317	1.614358647707482	-4.669677909789012	-4.669677909789002	-0.3852804509514735	-0.01208500931392879	-0.390340915555052	-0.2316731896951368	7.017275346093825e-08	1.381385139171023e-07	-2.836242928245267e-07	-1.979606691938261e-08	7.787176303674576e-08	-3.50613215111375e-07	8.65889074402839e-08
0.8100000000000001	-0.2538795102126516	-0.1207696255087898	0.6360737097061639	1.603828585129062	-0.3191239997155764	0.06488541581573669	-0.9511209986150021	1.386637323802884	1.386637323801956	-0.05410666289809409	-0.1744520962519863	0.129186805755513	0.01601138185203393	-0.1051223291159044	-0.01748650547845079	-0.2714066629445097	0.8580486939204	0.03340052613383677	0.2555814607792004	-0.145362839766337	0.7951068415266539	0.7951068415267634	0.06949843367816108	-0.0004835328934864917	0.09535702928716122	0.06918917080620665	-0.4894041764865538	-0.006633620230707591	-0.001043256618811901	-0.320873890465475	0.149444969941683	0.02481569852810067	0.4942983481113348	-5.112228968380234	-8.489826490039619	-0.6913864058132394	-1.024966953884281	-823.2211080369348	-58.51577827252235	-0.04173471088571983	0.8650557977407467	0.3566282271400397	1.632204907702105	-5.507257105093358	-0.1050222405069287	-1.522646792944409	1.555857937284914	-4.718078095225	-4.718078095205716	-0.3506810811641836	0.01572617438512942	-0.3752164659177811	-0.2239678801886379	6.812738698363898e-08	1.333661810778576e-07	-2.83481276627688e-07	-1.861049922807292e-08	7.585076276146611e-08	-3.513180857755312e-07	8.562629000297299e-08
0.82	-0.2548872500376968	-0.1209270285554437	0.6334418578868115	1.612132233265822	-0.3187959074233064	0.06736491915408338	-0.9524981739763873	1.394351513702455	1.394351513702313	-0.05343002181820426	-0.1744566415854629	0.1301217227811757	0.01669134256805545	-0.09641921457979653	-0.01403269458964995	-0.2549073020397675	0.8025608909448899	0.03218661182674286	0.2402805329058561	-0.1301879761328041	0.7476422177056526	0.7476422177058906	0.06581773844530057	-0.0004266038419649025	0.09164430387390689	0.06677266720342688	-0.4909042976670866	-0.0071965816890779	-0.0008551766214779954	-0.3223528510784436	0.1486214530988913	0.02418719238558988	0.495059921528815	-5.511439008796468	-8.117651528292214	-0.7842070639338706	-0.2341810474183502	-824.623374512544	-58.32756185254848	-0.0416131164595207	0.8788797807951296	0.3344715678546754	1.668448226268849	-5.59583431103314	-0.1447824935268752	-1.533521986222861	1.475466301933202	-4.776520346638176	-4.776520346638154	-0.3993332162141832	-0.01391590851379949	-0.3687759368236235	-0.267946894304353	6.561253530593256e-08	1.279707228850204e-07	-2.792359946870314e-07	-1.743825758337079e-08	7.293785740277692e-08	-3.464815625556929e-07	8.361842796026329e-08
0.83	-0.2558077369730418	-0.1210510334300341	0.6309766260554006	1.619877502239696	-0.3184808244158904	0.06969021381423	-0.9537271526524684	1.401588478497781	1.401588478497437	-0.05279040495524068	-0.174460610599341	0.1310200345085914	0.01734630090818187	-0.08766665621772525	-0.01080486441484786	-0.2380895058350925	0.7463815143194571	0.03080116906072104	0.2247408175189599	-0.1157338919103181	0.6996718790250793	0.699671879025344	0.06209674946365549	-0.0003690692306201234	0.0880331138435242	0.06419044363437873	-0.4919577039786033	-0.007635050293745749	-0.0006882074658954094	-0.323668088506504	0.1478076582362289	0.02358733444003697	0.495438119671137	-5.87801603535405	-7.765862700473538	-0.8712301276705066	0.5168631755371529	-825.5857731783585	-58.1533483359259	-0.04150374731309708	0.8751791577782552	0.3114478358257601	1.695893183680934	-5.64568817867152	-0.139723197774505	-1.569767815631856	1.411459558452985	-4.81913636999709	-4.819136369993104	-0.3597671306917944	0.01524143085725508	-0.3550240818344045	-0.2576312985648273	6.295982662511371e-08	1.224786051139677e-07	-2.739292650977722e-07	-1.625821266323357e-08	6.987430868190031e-08	-3.402295310428117e-07	8.136569789207582e-08
0.84	-0.2566403512659967	-0.12114385818417	0.6286810617592592	1.627057637679237	-0.3181804554420619	0.07185899702036937	-0.9548153744711141	1.408343370758055	1.408343370757512	-0.05218825506040416	-0.174464073610128	0.1318826876265654	0.01797458277054587	-0.07884468610103956	-0.007796670498775699	-0.2209737949858484	0.6895341840790966	0.0292438051093096	0.2089782421037103	-0.1020366046459552	0.6512277106952982	0.6512277106955894	0.05832434481992699	-0.0003254032233299376	0.08451258198558878	0.06143737165093925	-0.4930111102901217	-0.008073518898407753	-0.000521238310339255	-0.3249833259345642	0.1469938633735693	0.02298747649449211	0.495816317813457	-6.252245194782251	-7.411929313031272	-0.9595140841332924	1.288207486126766	-826.6545763465803	-57.95941316666495	-0.04139317215743683	0.8927621317180293	0.2905443161086727	1.728031155182647	-5.729425034018687	-0.1791667306047934	-1.578093991893507	1.324106910308635	-4.871286276479753	-4.871286276479768	-0.4096163486308703	-0.01668962932470593	-0.3506443023341975	-0.3021165771826197	5.964216063516442e-08	1.165202470244639e-07	-2.635026115564298e-07	-1.504052841452714e-08	6.608412727282571e-08	-3.271497536458408e-07	7.793183970099557e-08
0.85	-0.2573843670401576	-0.1212076770557918	0.6265580738960356	1.63366606619506	-0.3178964611706468	0.07386905155892186	-0.9557704710093833	1.414611544127385	1.414611544127747	-0.05162402422379711	-0.1744671159574874	0.1327105535196421	0.01857453510600339	-0.06994147691945006	-0.005001351223146695	-0.2035811892502613	0.6320495868515821	0.02752900361638937	0.1930016064117466	-0.08911762047778277	0.6023380835142425	0.6023380835144931	0.05451095918730091	-0.0002848092110279464	0.08107124344120244	0.05852597430966952	-0.4936406249973085	-0.008446634703304551	-0.0003754168991060169	-0.3261394772130781	0.1461792264972542	0.02247718590489301	0.4958417294701893	-6.595793265602516	-7.106735913363037	-1.034923266876952	2.012300796348432	-827.3021064628177	-57.83675847557998	-0.04130125837824458	0.8916561736078269	0.2688858221512888	1.751276117672177	-5.773258276496198	-0.171519536044608	-1.612047559181107	1.255556549682371	-4.908147891059835	-4.908147891065906	-0.3687859219814855	0.01411143986098961	-0.3392767341562018	-0.2897076049390833	5.629312672204733e-08	1.104659233005197e-07	-2.525896772784183e-07	-1.388890656649069e-08	6.222029114842034e-08	-3.131883965608442e-07	7.433751653219761e-08
0.86	-0.2580388395500605	-0.1212445707168851	0.6246102922571528	1.639696592496728	-0.3176303914496434	0.07571841990029132	-0.9566004252300464	1.420388751834477	1.420388751835747	-0.05109824449379603	-0.1744698168600544	0.1335043264065417	0.01914456220958026	-0.06093603324871513	-0.002411628393107757	-0.1859325501176529	0.5739537412489322	0.02565889502710759	0.1768410026664508	-0.07700814112516885	0.5530345782475324	0.5530345782477428	0.05063412349855589	-0.0002571142645926156	0.07769398075020208	0.05545232527480236	-0.4942701397045007	-0.008819750508196526	-0.0002295954878895271	-0.3272956284915911	0.1453645896209425	0.02196689531530092	0.495867141126916	-6.946577188912667	-6.799481650969896	-1.111567624848996	2.75723034477158	-828.0502146320661	-57.69118184221052	-0.04120809697803413	0.9132090295471302	0.2494250269906473	1.779237834586897	-5.85167470904576	-0.2102281498770966	-1.614887602559923	1.162205947196971	-4.954061893610608	-4.954061893610564	-0.4223063598546607	-0.0192694424980246	-0.3378291316570212	-0.3345669159021011	5.276843243919053e-08	1.038741920237085e-07	-2.389535708750599e-07	-1.310723416220616e-08	5.79439886181627e-08	-2.942901932229025e-07	6.984458948818042e-08
0.87	-0.2586027614134349	-0.1212565711833372	0.6228401977137535	1.645143279003669	-0.3173837320153944	0.07740524449474269	-0.9573133294597062	1.42567094445958	1.425670944459649	-0.05061145037617482	-0.1744722579135247	0.1342645881749911	0.01968309909028231	-0.05183073269702581	-2.023043012106774e-05	-0.1680516335330055	0.5152980008557647	0.02365127047870877	0.1604953784542516	-0.06570964738819013	0.5033446133440327	0.5033446133440956	0.04671746656865159	-0.0002323747318639227	0.07436236158905822	0.05223040865481771	-0.4944757957889448	-0.009128236751951036	-0.0001064020203347173	-0.3283127468031162	0.1445871750196731	0.02154806206992078	0.4955582612267899	-7.254581439859358	-6.543921420714611	-1.174849320245382	3.439066699822809	-828.3869316602786	-57.62017697203284	-0.04113434840356849	0.9118377260538553	0.2292298653610398	1.797738170621678	-5.885350117625181	-0.1992653211867327	-1.648628268793447	1.09312969986374	-4.985376991385495	-4.985376991407643	-0.3773923247392799	0.01309963833392438	-0.3302258073893626	-0.31968955247915	4.917114972566802e-08	9.722703885845081e-08	-2.248339392234239e-07	-1.232531212528133e-08	5.355667027454189e-08	-2.74591451221623e-07	6.523264273248896e-08
0.88	-0.2590751008396812	-0.1212456111332779	0.6212499562562441	1.650000842824034	-0.317157795969404	0.07892776715942815	-0.9579173570294101	1.430454454795114	1.430454454793991	-0.05016403222088722	-0.1744745007742344	0.1349916542520198	0.02018867970129805	-0.04261954582236884	0.002180474909157116	-0.1499619329396377	0.4561292039356763	0.02151421737568821	0.1439806167123118	-0.05523280913458651	0.4532981203338992	0.4532981203338147	0.04275893103151035	-0.0002174757121111371	0.07105484246606288	0.04886107133753293	-0.4946814518734128	-0.009436722995700746	1.679144719640508e-05	-0.329329865114639	0.143809760418412	0.02112922882454957	0.4952493813266403	-7.569475148565581	-6.286362832555908	-1.239354082345356	4.142463681434613	-828.8193499395309	-57.52346561480394	-0.04105885744693458	0.9343862941406664	0.2112865022489364	1.820994636330987	-5.954286014429965	-0.2361138608014359	-1.648715108508022	0.9978748505220113	-5.025367514937362	-5.025367514937325	-0.4306820813020515	-0.02123754509319047	-0.3330091240273362	-0.3640510553621222	4.509366662466462e-08	9.021324858500795e-08	-2.075156020831812e-07	-1.154173867242843e-08	4.843493962713388e-08	-2.495968380628778e-07	5.983333480726002e-08
0.89	-0.2594547587402262	-0.1212135659344724	0.6198415853866752	1.654264266866271	-0.3169538198723035	0.08028430679317883	-0.9584207768817364	1.434735807901853	1.434735807900798	-0.04975634872787596	-0.1744766119388944	0.1356857103640662	0.02065987751472241	-0.03328858027843975	0.004199997514010216	-0.1316844460286654	0.3964803923896196	0.01926331902330475	0.1273032937742587	-0.04559541550168345	0.402922660205659	0.4029226602055696	0.0387717152116289	-0.000206192268584455	0.06775424158861741	0.04535619887458337	-0.4944715705643387	-0.009671231349248037	0.0001172155217732664	-0.3302309764950401	0.1431164586510686	0.0207921518654713	0.4946220004810977	-7.827676297415457	-6.078221432295693	-1.29142999873336	4.763971830182046	-828.8609055344295	-57.49351979184529	-0.04100252503212542	0.9359747564780818	0.1929978698500806	1.835303736752515	-5.98145448249088	-0.2222103702643621	-1.680799933519589	0.9250334941842669	-5.051122389785792	-5.051122389786583	-0.3836174102285554	0.01205035374144268	-0.3289028001556978	-0.3470402000713074	4.098717073182841e-08	8.317813354442146e-08	-1.899207982384221e-07	-1.074005572577657e-08	4.323354158999832e-08	-2.241094961986212e-07	5.436256750273635e-08
0.9	-0.2597404023709434	-0.1211621829635694	0.6186168249898705	1.65792894764148	-0.3167728792682896	0.08147336138814079	-0.9588321504228257	1.438511908981705	1.438511908980727	-0.04938871260864061	-0.1744786624561883	0.1363466970212276	0.02109535963185532	-0.02381669185614195	0.006048029328684223	-0.1132398383868063	0.3363805505316654	0.01690711875861523	0.1104836089535804	-0.03682354688838024	0.3522477149566806	0.3522477149565856	0.03474945627585463	-0.0002053462384242539	0.0644409514890705	0.04171793207923635	-0.4942616892552849	-0.009905739702789703	0.0002176395963335327	-0.3311320878754389	0.1424231568837329	0.02045507490640256	0.4939946196355349	-8.092503588023538	-5.868116727113335	-1.344735994541195	5.408026583143151	-828.9943029213077	-57.43554857034741	-0.0409440778959416	0.9625708698144103	0.1769883442131106	1.854418782508364	-6.044492076809456	-0.2571742432626383	-1.67718748503306	0.8247698466021243	-5.085264539085034	-5.085264539085114	-0.4376907044806136	-0.02332502776646903	-0.3355469684476334	-0.3907299218416108	3.664857250432971e-08	7.597242036668599e-08	-1.701142607575325e-07	-9.793496828732995e-09	3.739480443504244e-08	-1.946803246902748e-07	4.832012516385494e-08
0.91	-0.2599304431489945	-0.121093136623438	0.6175772971467144	1.660990330398086	-0.3166159675805025	0.08249353525438113	-0.9591603395357571	1.441779862710439	1.441779862710146	-0.04906142538671411	-0.1744807253774972	0.1369744613527927	0.02149385283164396	-0.01414814090845394	0.007736744610599426	-0.09464267107091641	0.27581495561402	0.01446242704538434	0.09353265211970278	-0.02898147165600611	0.3013034927513636	0.3013034927513092	0.03070347675188378	-0.0002078336719815814	0.06110688930359787	0.03796297994681474	-0.4936569176414682	-0.01004479079946254	0.0002945545545349578	-0.3319212973440968	0.1418317044396608	0.02018677495954397	0.4930604463757801	-8.296268510245113	-5.702050819040921	-1.387049302168882	5.961278582327678	-828.7557600007384	-57.43018135186188	-0.04090408640512211	0.9754993383952982	0.1611372205197575	1.865830999525448	-6.07474545830373	-0.2400187239467102	-1.706792975275359	0.7388469680304786	-5.10494033247176	-5.104940332465623	-0.3887035605344032	0.01116421716945662	-0.3330867891987458	-0.3705303718469443	3.23193584136593e-08	6.871410768694133e-08	-1.501454177582234e-07	-8.920072522949406e-09	3.156848277306915e-08	-1.650091477477692e-07	4.222606589485781e-08
0.92	-0.2600224979913414	-0.1210079383104199	0.6167244340353961	1.663443626753704	-0.3164838832275663	0.08334365091374453	-0.9594151237750558	1.444537186362877	1.444537186363269	-0.04877472835686076	-0.1744828382094805	0.1375687348733828	0.02185426600752751	-0.004219504714785595	0.009278423906036315	-0.07590689201917793	0.2147632703339075	0.0119416517884142	0.07647196757741506	-0.02214257216460825	0.2501216996973769	0.2501216996973636	0.02663141786075113	-0.0002153283727464346	0.05774278929405861	0.03410192729821251	-0.4930521460276455	-0.01018384189612776	0.0003714695127334058	-0.3327105068127543	0.1412402519955898	0.01991847501269459	0.4921262731160309	-8.506476724942495	-5.534041233949612	-1.430603692287336	6.538140682277145	-828.6062539932857	-57.39501022831159	-0.04086169461893148	1.014587919010484	0.1475811469174428	1.882141129678069	-6.141710149302876	-0.2723909520104783	-1.699133026715075	0.6241346984070097	-5.132778708818988	-5.132778708818955	-0.4429065779129724	-0.02432648120795591	-0.3415545332609675	-0.4119500250777259	2.80839856912719e-08	6.092979998710487e-08	-1.285535195747192e-07	-8.77799412976559e-09	2.586631604092182e-08	-1.329179164636713e-07	3.561583732470371e-08
0.9299999999999999	-0.260014079513203	-0.1209080329257325	0.6160595260313136	1.665284289821986	-0.3163773257691954	0.08402263953536228	-0.9596063527288629	1.446781578932082	1.446781578932887	-0.04852884134621455	-0.1744850264678062	0.1381290949193308	0.02217556534631436	0.005936870047335274	0.01068068357141289	-0.05706101570861766	0.1533183043712406	0.009362873556376343	0.05931220024148596	-0.01625431090177742	0.1987248712243099	0.1987248712242691	0.02254358507298225	-0.0002214409114265344	0.0543118344957749	0.03014237474912001	-0.4921039552416072	-0.01025478546318214	0.0004232268773302723	-0.3333621673403826	0.1407013067915792	0.01974964592888581	0.490970196307199	-8.671688072567378	-5.422047565781984	-1.459588561140725	7.035343176276622	-828.10668260655	-57.43602952197546	-0.04084002140513882	1.021215034060834	0.1332512281409814	1.887868958515212	-6.153542771095266	-0.2516533376538809	-1.726408861209139	0.5485079947027095	-5.147932249048437	-5.147932249052597	-0.3920644493407112	0.01135359132918463	-0.3464714328875554	-0.3902886425043473	2.381933905134829e-08	5.314826762429193e-08	-1.06880186841585e-07	-8.584542683157251e-09	2.011929048322404e-08	-1.006730122101223e-07	2.898517271240213e-08
0.9399999999999999	-0.2599030867315959	-0.1207947643740329	0.6155834884056908	1.666508972640371	-0.3162967625089154	0.08452962842878842	-0.9597432318391118	1.448511043750056	1.448511043751276	-0.04832390122747147	-0.1744872544052163	0.1386546243213408	0.02245680300507444	0.01629535597938087	0.01195105730847805	-0.03813281632725029	0.09156722035470612	0.006742812170197593	0.04207202193846484	-0.01127260345967729	0.1471361494513288	0.1471361494512605	0.01844203947994049	-0.0002232641890184644	0.05077666050647217	0.0260895912928538	-0.491155764455564	-0.01032572903023009	0.000474984241915923	-0.3340138278680108	0.1401623615875698	0.01958081684508503	0.4898141194983716	-8.843259592258384	-5.30813354548439	-1.489800764415182	7.557566866149982	-827.6945888263398	-57.44612750998759	-0.04081582189607532	1.055010152995433	0.1212039612551559	1.898605743839487	-6.202933760076404	-0.2806475828386472	-1.715215220133469	0.4428239342611249	-5.171157368801822	-5.171157368801767	-0.445649138967543	-0.02346862899030502	-0.3623983714647775	-0.4305962065124571	1.916994949523373e-08	4.540321111950123e-08	-8.413657145616701e-08	-7.715902534397971e-09	1.378269178971948e-08	-6.640840607235272e-08	2.208592011758969e-08
0.95	-0.2596874174761448	-0.1206694007049082	0.6152970854867507	1.6671146756677	-0.3162425546599144	0.08486384584886839	-0.9598348375195338	1.449723756150483	1.449723756151335	-0.04816001111048215	-0.1744894727268522	0.1391442388698241	0.02269709280136654	0.02688146332820414	0.01310470749826189	-0.01913975239048871	0.02952733493687117	0.004097237158995566	0.02476262103379989	-0.007202372198457273	0.09538369346043761	0.09538369346040151	0.0143361709738353	-0.0002187694139859004	0.04712466153820085	0.02195762245158557	-0.4899063775952867	-0.01032307676965998	0.0005026359590703716	-0.3345670018118453	0.1397827006586665	0.01949183735014232	0.4884834225706216	-8.93853886690207	-5.246092218006876	-1.507361945188241	7.944915148262131	-826.9930006875155	-57.51810631848362	-0.04081026401640755	1.066857182644146	0.1098988168747519	1.900860532362014	-6.21142226226986	-0.256731751840089	-1.740116319211794	0.3660467867411087	-5.180688397303832	-5.180688397299056	-0.3930186162785871	0.01263930867295851	-0.3698371085972566	-0.4061078328931096	1.452619913415552e-08	3.765370108575972e-08	-6.134752126995947e-08	-6.86347704774601e-09	7.454561204896448e-09	-3.211266553233233e-08	1.518094599026611e-08
0.96	-0.2593645979158419	-0.1205330098800788	0.6152008539699314	1.667098598574932	-0.3162148464193402	0.08502470650118685	-0.9598903560743571	1.450418264254387	1.450418264254864	-0.04803717226052308	-0.1744915999451546	0.1395966861388069	0.02289574078725417	0.03772541694976921	0.01415648844939664	-9.853590302935216e-05	-0.03278880366627977	0.00144289048462661	0.00740066838598295	-0.004055178349686305	0.04349529014670322	0.04349529014669884	0.01023178607386818	-0.0002050435220374811	0.04334320460637175	0.01776122921195249	-0.4886569907349853	-0.01032042450908448	0.0005302876762236725	-0.3351201757556811	0.139403039729759	0.01940285785520424	0.4871527256428952	-9.040206335549565	-5.182124331124499	-1.526152931814887	8.359094345778237	-826.378577596829	-57.55864225834052	-0.04080217333841366	1.106579407543793	0.1008301135253331	1.90823625397904	-6.258184397139601	-0.2824019154720239	-1.725725568763862	0.2582164517718377	-5.198346833370467	-5.19834683337051	-0.4453524177399229	-0.02162240560711859	-0.3882899641763354	-0.4434810861854195	9.988465639760915e-09	2.982046470774302e-08	-3.770429682890755e-08	-6.315887208711658e-09	1.285631063286378e-09	2.768401770004215e-09	8.168407051733224e-09
0.97	-0.2589320597715379	-0.1203865646504515	0.6152951953330779	1.666458171288109	-0.3162136787635723	0.08501172886065479	-0.9599188509709499	1.450593315783598	1.45059331578386	-0.04795534776616635	-0.1744935505693682	0.1400106014218111	0.02305213296001962	0.04882512071627358	0.01512007576493915	0.0189670582635967	-0.09532468373550668	-0.001205390690152692	-0.00999969671338464	-0.001782418835022451	-0.008497205175762494	-0.008497205175762784	0.00613569528478324	-0.0001830082780389257	0.0394114319876808	0.01351039601323195	-0.4872031140693369	-0.01023085269471384	0.0005305503698984684	-0.3354989644548277	0.1390871557998468	0.01939950641002897	0.4857450145299108	-9.097345916991365	-5.167830989514271	-1.531667895452405	8.656593452894237	-825.4984441383764	-57.65112290510891	-0.04081315582709183	1.11810168585521	0.0922496269081793	1.905757518425686	-6.255494819242038	-0.2554415914775904	-1.747715642468509	0.1910130308051706	-5.201534286031387	-5.201534286030735	-0.3913491447100691	0.01442529774669112	-0.3998827690592424	-0.4169076826733705	5.446425873359715e-09	2.199856315630092e-08	-1.404643147940876e-08	-5.752895079151026e-09	-4.886258554761669e-09	3.766178756798944e-08	1.156848220105867e-09
0.98	-0.258387237424638	-0.120230858230401	0.6155801999419745	1.665191544199129	-0.3162388739941487	0.08482464283673941	-0.9599287768071454	1.450248075678714	1.450248075678744	-0.04791440652674442	-0.1744952190794738	0.1403843466069597	0.02316581215160627	0.0601822574688448	0.01600872653402557	0.03803411324707199	-0.1580287641018472	-0.003829686784802397	-0.02742100829056513	-0.0003413661407052257	-0.0605630366720997	-0.06056303667209515	0.002055135087007654	-0.0001486207003074765	0.03530918503523876	0.009218632976190456	-0.485749237403623	-0.01014128088033464	0.000530813063586076	-0.3358777531539787	0.1387712718699203	0.01939615496485804	0.484337303416991	-9.160998746256583	-5.151598501416838	-1.538404041658381	8.982923631027846	-824.7063456146547	-57.71226127485626	-0.04082170669582949	1.158066004757161	0.08584280423410931	1.908528417348887	-6.291824456562326	-0.2776048994460952	-1.729914864326436	0.09187508770239955	-5.213014068144767	-5.21301406814466	-0.4422462994780465	-0.01915193886052417	-0.4223848309265593	-0.4516670538496037	7.665854027475504e-10	1.453937605524608e-08	1.007994294039038e-08	-4.697029652749325e-09	-1.115285141882499e-08	7.294936522673213e-08	-5.823347190544475e-09
0.99	-0.2577275552712478	-0.1200665531579678	0.6160558051425796	1.663297195826763	-0.3162901584238221	0.08446331543327432	-0.9599280955690775	1.449381989327361	1.449381989327889	-0.04791419119354919	-0.1744965092841687	0.1407162446800185	0.02323642088266354	0.07179794336451724	0.01684838460382553	0.05707970438771418	-0.2208541739982843	-0.006418755701106551	-0.04484029865557142	0.0003732977771054242	-0.1126490043078744	-0.1126490043079059	-0.002008013831718744	-0.0001083982866121376	0.03104516936128181	0.004902831011941429	-0.4843112249342614	-0.009956575842408735	0.0005026355381380517	-0.3360438870310501	0.1386015357298313	0.01945919683629664	0.4831082491215777	-9.159635917969503	-5.179699258248562	-1.533372400572182	9.093005092634188	-823.792270341668	-57.79502453492706	-0.0408465945618624	1.169883528650514	0.08244107565994319	1.901487618251603	-6.279890980329436	-0.2482916197366709	-1.747319678032575	0.0456146420848243	-5.205601171089635	-5.205601171095444	-0.3877481878361527	0.0157723674865579	-0.4321983847048861	-0.4215842419699835	-3.918066265363232e-09	7.079320193336089e-09	3.419162904882768e-08	-3.627535875724234e-09	-1.741669520815764e-08	1.08212614200373e-07	-1.280047538168002e-08
1	-0.2569504035295685	-0.1198939687513754	0.6167216488857573	1.66077419501061	-0.3163670802890605	0.08392791841507087	-0.9599233971720631	1.447995200687691	1.447995200688712	-0.04795448714949316	-0.1744973646575281	0.1410047449065226	0.02326386209922686	0.0836761751273304	0.01766459336587676	0.0760818217615427	-0.2837592528605221	-0.008957173897976834	-0.06223493123837279	0.0004620656254852965	-0.1647034943354832	-0.1647034943355654	-0.006047122741093034	-6.165443283788583e-05	0.02662961572433903	0.0005851300773940306	-0.4828732124648717	-0.00977187080447655	0.0004744580127003442	-0.3362100209081239	0.1384317995897366	0.01952223870774022	0.4818791948261914	-9.164977381870887	-5.205840292397437	-1.529550525826846	9.233717855977064	-822.9680420072817	-57.84711059140309	-0.04086919520970855	1.210575178185305	0.08115294268435722	1.899833663986153	-6.30775824972246	-0.2674747555593124	-1.724983307885449	-0.03330412618497803	-5.206718546511583	-5.206718546514433	-0.4374382976076192	-0.01784765084472683	-0.4526924235237299	-0.4520468479092701	-9.074215288338874e-09	-4.658742323781548e-10	5.686386064380358e-08	-1.222463737606145e-09	-2.341112967388494e-08	1.410916520340314e-07	-1.947701606036508e-08
1.01	-0.2560534117257707	-0.1197132350946992	0.6175772165567404	1.657622092957954	-0.3164690972782438	0.08321872360635213	-0.959920122681257	1.446088125986632	1.446088125987675	-0.04803502339918753	-0.1744977450105017	0.1412483491943971	0.02324816813056841	0.0957408107781908	0.01848861276868197	0.09501671624014325	-0.346640688787369	-0.01143326649754525	-0.07959808923250723	0.0001696407346789523	-0.2166965328084555	-0.2166965328084745	-0.01005132692329207	-1.438698668998587e-05	0.02206815472222602	-0.003717865886197473	-0.4816965190755206	-0.009538844034450801	0.0004192316878712425	-0.3361979687200529	0.1384839019049798	0.0196780945972495	0.4811331200158662	-9.092136865993982	-5.290926212043635	-1.510681239534776	9.0886031221442	-822.2540648392308	-57.94860253667757	-0.04090859565705703	1.207198441880262	0.08399790036712347	1.888062017339667	-6.275269653145869	-0.2357372968521517	-1.741111065273153	-0.0306904437397748	-5.193354293327928	-5.193354293316558	-0.3806064420452585	0.01603924028800867	-0.4613362499155637	-0.4185253109587977	-1.423036431131451e-08	-8.011068658092398e-09	7.953609223877947e-08	1.182608400511944e-09	-2.940556413961223e-08	1.739706898676898e-07	-2.615355673905015e-08
1.02	-0.2550352154288033	-0.1195240669517374	0.6186216821080178	1.653841789868222	-0.3165954873503638	0.08233607141367559	-0.9599204681938893	1.443661569341717	1.443661569342791	-0.04815534068340176	-0.1744976476294293	0.141445646209978	0.02318962433419915	0.1079170737628184	0.01935149062300207	0.1138613978204476	-0.4093994602734164	-0.01383179048497821	-0.09692640803047151	-0.0002619350845707887	-0.2685998831069447	-0.268599883106883	-0.01400332964625919	3.389237719560813e-05	0.01736816126569299	-0.007984835464778363	-0.4805198256861923	-0.009305817264421968	0.0003640053630658049	-0.3361859165319801	0.1385360042202295	0.0198339504867644	0.4803870452055179	-9.026228463123235	-5.374038850360015	-1.492993817149124	8.975434187248313	-821.6324227106687	-58.0205275766531	-0.04094586769450206	1.232900644938742	0.08892463298733541	1.881791084326919	-6.283225361562554	-0.2519610331322173	-1.718015468651409	-0.06113431187414783	-5.18878091161496	-5.188780911614343	-0.4269980057612295	-0.01764526729718046	-0.480398914407727	-0.4448415709071399	-2.038683725131442e-08	-1.531278471314149e-08	1.028328020682437e-07	6.01451505044273e-09	-3.607612626049911e-08	2.065182757718012e-07	-3.272455331559547e-08
1.03	-0.2538949544026207	-0.1193259414131697	0.6198541101279578	1.649434714422523	-0.3167454445472107	0.08128040419759931	-0.9599248490292418	1.440716444838736	1.440716444839716	-0.04831498802274029	-0.174497061168227	0.1415953249972082	0.0230886563204886	0.1201280704502252	0.0202935289529857	0.1326060457819754	-0.4719757632818372	-0.01614349319060507	-0.1141933272233514	-0.0005397788504800297	-0.3204090947453308	-0.3204090947454335	-0.01792307918761119	8.39697796156634e-05	0.01255211623152304	-0.01219592916412218	-0.4798853857600175	-0.008993658961529965	0.0002848120313070468	-0.3360362856604523	0.1388943338112456	0.02005082710126927	0.4804290555597366	-8.871100183301833	-5.502661383079551	-1.464182565965375	8.51336451008282	-821.393040181893	-58.11252623908793	-0.0409988373246456	1.21413589409835	0.09983241607683616	1.868069003056447	-6.238858136398608	-0.2183601218257974	-1.729004849517136	5.856371027397958e-05	-5.174594979659139	-5.174594979684304	-0.3740273132996692	0.01645208289858431	-0.4845306427705365	-0.4073286523194061	-2.655351757822274e-08	-2.261201629502053e-08	1.261358841245904e-07	1.087118531784101e-08	-4.275358764317334e-08	2.390624795133664e-07	-3.929447291150671e-08
1.04	-0.2526327960668772	-0.1191177976946877	0.621273438097711	1.644403070873553	-0.316918035817624	0.08005247284861662	-0.9599297747075394	1.43725370748143	1.437253707482318	-0.0485137456344809	-0.1744959503652304	0.1416963786651268	0.02294596029321036	0.1322965356759102	0.02135512660585723	0.1512413877831257	-0.5343130809269294	-0.01835860519815088	-0.1313792346126669	-0.0003709037099809162	-0.3721224539720667	-0.3721224539723424	-0.02182538412806189	0.0001387607375143525	0.007643137403396329	-0.01633043817832297	-0.4792509458338474	-0.008681500658629734	0.0002056186995776715	-0.3358866547889232	0.139252663402265	0.02026770371578444	0.4804710659139498	-8.723178106151869	-5.629291516318706	-1.436523257663861	8.084071691769561	-821.2493459531125	-58.17631293602113	-0.04104983969041251	1.224394352594352	0.1128364975649263	1.85992989225141	-6.235428288896814	-0.2326428935160109	-1.70181310793856	0.02820946940932244	-5.169610429284931	-5.169610429286037	-0.4235090855809671	-0.01670255620145905	-0.4989856731990577	-0.4295246338785284	-3.126027152040482e-08	-3.115042386154298e-08	1.463122555735302e-07	1.20219318586917e-08	-4.816157090354067e-08	2.671898175901824e-07	-4.556605156215501e-08
1.05	-0.2512492849248774	-0.118898353365916	0.6228784716425426	1.63874955640139	-0.3171122529282475	0.07865316041872646	-0.9599301200581797	1.43327452003467	1.433274520034922	-0.04875140806145409	-0.1744942839960616	0.141747911832763	0.02276236635886411	0.1443854869296707	0.02256231287854514	0.169737091039027	-0.5963189968718648	-0.02046417533948029	-0.1484656914747239	0.0004434072720275928	-0.423679528888391	-0.4236795288887297	-0.02569786735680522	0.0001938321426815107	0.002651597332881709	-0.02036870121994635	-0.4788634420181474	-0.008256937555895131	9.29478064714478e-05	-0.3353648189417989	0.1395590013693333	0.02057319021177485	0.4809141869783339	-8.577337894410828	-5.800410964988641	-1.394494686867716	7.467223260716616	-821.0621931950798	-58.25445482997573	-0.04111730611877239	1.198109269503091	0.1289483735026135	1.84014526044103	-6.172557453889132	-0.1964297731213857	-1.709469001779084	0.1292779812004381	-5.143419620151364	-5.143419620160111	-0.3677630066039239	0.01655205781543327	-0.5010252075317679	-0.3880430688366024	-3.592140276306423e-08	-3.972755567758553e-08	1.663909173159886e-07	1.305686828308781e-08	-5.352988297258591e-08	2.951791286149751e-07	-5.182830705826384e-08
1.06	-0.2497454915187916	-0.1186659794381413	0.6246676131635697	1.632478105928487	-0.3173269088800162	0.07708350201493253	-0.9599180750862174	1.428780829119278	1.428780829118868	-0.04902752433372797	-0.1744920788990624	0.1417491721929833	0.02253897660819517	0.1563529884928888	0.02394104640647487	0.1880629830221862	-0.65790028108069	-0.02244637342801359	-0.1654484293943743	0.002107160998183065	-0.4750231476985241	-0.4750231476989196	-0.0295161531888638	0.0002465063054329363	-0.002411424079797469	-0.02428960144286486	-0.4784759382023525	-0.007832374453139343	-1.97230866051813e-05	-0.3348429830946797	0.1398653393363834	0.02087867670778252	0.4813573080428105	-8.439059689022709	-5.969494988282246	-1.353602916502111	6.883479197768215	-820.9755183845226	-58.30623772967457	-0.04118304042780222	1.200104414485836	0.1471459486133061	1.825967637702975	-6.15050194167477	-0.207968482956799	-1.681069319457251	0.1980980182390586	-5.126919208046695	-5.126919208046533	-0.4126696062440178	-0.01718200468462357	-0.5132819416319436	-0.4060520701375571	-4.062118036750029e-08	-4.844979022318975e-08	1.844527773322464e-07	1.461625359508254e-08	-5.890512839530918e-08	3.18610342386791e-07	-5.740961426234138e-08
1.07	-0.2481226657181409	-0.1184189017915682	0.6266390853544367	1.625593153292322	-0.31756073933228	0.07534462252195293	-0.9598848370280966	1.423774899393965	1.423774899394148	-0.04934157567284626	-0.174489376929109	0.1416994320403466	0.02227699715901359	0.1681865391996463	0.02550885768849779	0.2061953096237717	-0.7189998869928658	-0.02429498266694398	-0.1823053475605101	0.004714950210656521	-0.5261152695005936	-0.5261152695011335	-0.03328256901970457	0.0002930391103345237	-0.007549524365636569	-0.02808205069215107	-0.4780372993693732	-0.007351201590555997	-0.0001595665433316988	-0.3340713731174665	0.1401809907316635	0.02129764819670053	0.4818826421281533	-8.27618420192406	-6.198695149395607	-1.295676635221825	6.162846251180945	-820.6995306414838	-58.42681532535806	-0.04126661753818801	1.171129061371815	0.1667581982445839	1.801430410113709	-6.076144117147155	-0.1696117339378524	-1.684735152145564	0.3182943068074175	-5.093216817392477	-5.093216817414251	-0.3569326194209227	0.01549459215450308	-0.516014966792552	-0.3622201280374886	-4.532301362947767e-08	-5.717974299908982e-08	2.024073606609404e-07	1.620353512450273e-08	-6.428074261344084e-08	3.417991041770657e-07	-6.295470081258747e-08
1.08	-0.2463822746779018	-0.1181551141361255	0.628790793859065	1.618099913756819	-0.3178123167948462	0.07343782742992501	-0.9598202860909369	1.418259476820409	1.41825947682117	-0.04969295217985042	-0.1744862248972973	0.141597922705905	0.02197781746219649	0.1798660364104566	0.02728304818039436	0.2241102457744506	-0.7795576609513707	-0.02599577548894599	-0.1990315492047998	0.008369736785356269	-0.5769217173468798	-0.5769217173475647	-0.03698118676721733	0.0003365186783131851	-0.0127652604407821	-0.03172965096997137	-0.4775986605363418	-0.006870028727958995	-0.0002994100000145425	-0.3332997631402549	0.1404966421269343	0.02171661968563021	0.4824079762135466	-8.12129220308327	-6.425801684141286	-1.238878635697379	5.475365997247437	-820.5297943274937	-58.52341421945901	-0.04134886008871193	1.169293715296361	0.1884217905880489	1.782489547521672	-6.04213555094062	-0.1784051995711361	-1.654926015088069	0.4074974906835573	-5.069784416890017	-5.069784416889967	-0.3991099895784161	-0.01779265206923562	-0.5288090994932056	-0.3770822758443834	-4.975120532016073e-08	-6.548424982903434e-08	2.17573261171111e-07	1.825242126543274e-08	-6.916742840701854e-08	3.586769206466482e-07	-6.759874757713728e-08
1.09	-0.2445257839357097	-0.1178725062716045	0.6311205055125461	1.61000385241198	-0.3180801434589098	0.07136453599402111	-0.9597139549279473	1.412237523072548	1.412237523072856	-0.05008104415802193	-0.1744826722434699	0.1414438566777076	0.02164290547029226	0.1914116871199029	0.02927742707086688	0.2417899913243973	-0.8395584657830673	-0.02754065662621876	-0.215598351363155	0.01307326747354483	-0.6274121492546066	-0.6274121492547525	-0.04062578212462487	0.0003747922412729633	-0.01806152263978702	-0.03522377360551215	-0.4768706222299108	-0.006309927595671612	-0.0004617230886756443	-0.3323761644124436	0.1409315363316445	0.02220092065004094	0.4827632799451941	-7.902489757582647	-6.696318438463171	-1.170765465700451	4.665215705740742	-820.0498168054239	-58.66590101207117	-0.04144905188551129	1.144129689671656	0.2107853955578889	1.754388127583849	-5.964640808541244	-0.1382114187297395	-1.653357523337226	0.5282966053348057	-5.030125614037067	-5.030125613956232	-0.345462700939981	0.01481248687577939	-0.5320756283301328	-0.3312464249936691	-5.415857645650618e-08	-7.375638577178659e-08	2.325269792929158e-07	2.033642949636893e-08	-7.401691312481495e-08	3.750745564940041e-07	-7.217423696668849e-08
1.1	-0.2425544508982446	-0.1175687867267228	0.6336257488352971	1.60131066544697	-0.3183625553039313	0.06912641649511132	-0.9595552853085371	1.405712374398344	1.405712374398207	-0.05050524776818512	-0.1744787018287363	0.1412364198578749	0.02127391841851569	0.202834495465472	0.03150538425253869	0.2592165796284486	-0.8989827849850505	-0.02891281168047041	-0.2319971618066304	0.01883742805966464	-0.6775607026152557	-0.6775607026148622	-0.0442035131667543	0.0004200708601193838	-0.02343941876783145	-0.03854466294444325	-0.4761425839234815	-0.005749826463378943	-0.0006240361773056292	-0.3314525656846301	0.1413664305363574	0.02268522161445832	0.4831185836768397	-7.692131772980353	-6.964696054924405	-1.103747648819302	3.888078457498175	-819.6825625299754	-58.7874095363202	-0.04154851629160077	1.144725242520899	0.235137448827924	1.731858098342606	-5.926838424997999	-0.1438599829669301	-1.621327672112125	0.6196234702694586	-5.001408707474439	-5.001408707474357	-0.3857371265227951	-0.01639164089193942	-0.5451358853010827	-0.3424356165224592	-5.797253553953544e-08	-8.230737980129409e-08	2.426359065811109e-07	2.191605306940963e-08	-7.81031506688387e-08	3.843459050952974e-07	-7.562923811223401e-08
1.11	-0.2404694533270006	-0.1172416004135167	0.6363039189434135	1.592026223595908	-0.3186578208800742	0.06672525552970869	-0.959333731017924	1.398687545565541	1.398687545565841	-0.0509649788865404	-0.1744742819300327	0.140974736566885	0.0208725716233167	0.2141471294097999	0.03397256433687802	0.2763680238818047	-0.957797674909594	-0.0301080609017346	-0.2482024824166687	0.02564687755490353	-0.7273398580557204	-0.7273398580559298	-0.04773070655657995	0.0004652079924765868	-0.02891608549356096	-0.04169367677560416	-0.4750330195192715	-0.005108210880142054	-0.0008094362865436157	-0.3303229251095397	0.1417847284437657	0.02324529215859383	0.4831752336356253	-7.456701232342644	-7.275076825583841	-1.024657742744439	3.065991126550946	-818.8986584235128	-58.96028743529826	-0.04166688032224211	1.121841083270921	0.2586159035472929	1.699358360168995	-5.842637795027218	-0.1025387809721744	-1.615316374393066	0.7376228121810762	-4.956372210158148	-4.956372210248642	-0.3344567012296875	0.01522392752912168	-0.551764333265317	-0.2964960464837084	-6.17271534172331e-08	-9.08862596394771e-08	2.522603547859452e-07	2.34452381766608e-08	-8.21130634954852e-08	3.929046249719847e-07	-7.897219043337898e-08
1.12	-0.2382718676937396	-0.1168885207764054	0.6391521176483308	1.582156868141827	-0.3189640752262834	0.06416300493441902	-0.9590388788077335	1.391166884528769	1.391166884529501	-0.0514596311899929	-0.1744693591525602	0.1406577201552265	0.02044066233379196	0.2253521078694231	0.03668404903358867	0.2932222989886376	-1.015965505587928	-0.03111056569364162	-0.2642150877844434	0.03349701197134516	-0.7767271434092119	-0.7767271434100247	-0.05118775018709479	0.0005206466140155687	-0.03450604290154744	-0.0446571618095976	-0.4739234551150672	-0.004466595296902535	-0.000994836395757918	-0.3291932845344472	0.142203026351177	0.0238053627027331	0.4832318835944051	-7.230250170879209	-7.583223698765147	-0.9466795563843334	2.276630092211906	-818.2351988705494	-59.11560240794226	-0.04178270017204423	1.123194145579933	0.2839983713022072	1.672424269037951	-5.797426575756047	-0.1053110970955145	-1.582784623659426	0.8277604545098306	-4.923034690079801	-4.923034690079819	-0.3717071746606322	-0.01433134305561727	-0.5677940217524493	-0.3053298570889751	-6.485137461472399e-08	-9.926590098904705e-08	2.565815195249034e-07	2.489813852749264e-08	-8.529559248670324e-08	3.939913388452917e-07	-8.110384786714636e-08
1.13	-0.2359627669461012	-0.1165070839528897	0.6421672953862821	1.571709213281388	-0.3192793994782475	0.06144166917816726	-0.9586603479206384	1.38315441094541	1.383154410945846	-0.05198857180358567	-0.17446388817638	0.1402841932611338	0.01998001943358139	0.236447551745354	0.0396459024368991	0.3097560043187357	-1.073441528263348	-0.03191908666443363	-0.2800192102849038	0.04238313804262202	-0.8256935492826276	-0.8256935492826489	-0.05458424579106545	0.0005744707920816003	-0.04022180806706977	-0.04743818146508554	-0.4723863711834722	-0.003759095123503265	-0.001200743699171199	-0.327883083828012	0.1426611492637288	0.02443142770103316	0.482952619083849	-6.959527138694064	-7.931850262406573	-0.8576029501352703	1.423498051122735	-817.1353206197209	-59.3210960774886	-0.04190953252282865	1.099637684342358	0.3086721462106029	1.635239266769387	-5.704109972290257	-0.06336004008861902	-1.574366746242405	0.9451345722733857	-4.872323270148977	-4.872323270030281	-0.321251709673683	0.01544198986912905	-0.5768451597394015	-0.2595152704890886	-6.7896796227189e-08	-1.076206375275402e-07	2.602397738306272e-07	2.634150328377204e-08	-8.837469849849265e-08	3.941440519681763e-07	-8.308409343999151e-08
1.14	-0.2335433281245579	-0.1160947499310681	0.6453460892978893	1.560690514222417	-0.3196017564285237	0.0585632640603103	-0.9581877365950549	1.374654497356482	1.374654497356633	-0.05255100356449356	-0.1744578384200914	0.1398528332362284	0.01949256088667388	0.2474197226510005	0.04286348869477112	0.3259455337197819	-1.130174345292974	-0.03251710535592978	-0.2956289601054866	0.05231309966737521	-0.8742151445231015	-0.8742151445223316	-0.05788597965137227	0.0006364026354034472	-0.04607266906408242	-0.05002029114898908	-0.4708492872518894	-0.003051594950105654	-0.001406651002533682	-0.3265728831215735	0.143119272176284	0.02505749269933176	0.482673354573281	-6.698336821526323	-8.278148050983461	-0.769650940473569	0.6029181876881712	-816.1638100375667	-59.51285393788796	-0.04202874779103832	1.098539551523059	0.3351449422145488	1.603589083227591	-5.648785446596918	-0.06321064123636472	-1.543910087683926	1.036527565204993	-4.834072563491459	-4.834072563491488	-0.3527548259278668	-0.01270981000448647	-0.5948131880504836	-0.2655478627721038	-7.033102938298259e-08	-1.152257284209464e-07	2.587695377863701e-07	2.79169303524489e-08	-9.079924825021809e-08	3.876050960547378e-07	-8.374007793471685e-08
1.15	-0.2310146515848279	-0.1156489442501138	0.6486849971567102	1.549108193849101	-0.3199290641396141	0.05552989864096254	-0.9576108187539529	1.365671707516648	1.36567170751725	-0.05314614572132319	-0.1744511742277789	0.1393622806936729	0.01898024393755198	0.2583053777415917	0.04634173657637704	0.3417727440494148	-1.186165120404677	-0.03290697768020161	-0.3110037918664104	0.06322628916595825	-0.9222586710458186	-0.9222586710456201	-0.06112946770526365	0.0006990708157249106	-0.05206018376275753	-0.05240723373599255	-0.4688594428301874	-0.002267262683450554	-0.00163057872528671	-0.3250449334747793	0.1435535808628399	0.02574089295383272	0.4819954046293944	-6.411838122547629	-8.657686921523785	-0.6719344624706557	-0.2511181970022618	-814.7146656692132	-59.74318833728793	-0.04215536771638102	1.082038970587361	0.3607840240480651	1.562774213157201	-5.555542984590291	-0.0212717575349692	-1.528290568992152	1.142087733892527	-4.776852983988261	-4.776852984073988	-0.3082498391517025	0.01621362502705409	-0.6040801035391867	-0.2198974356917029	-7.267287358602354e-08	-1.22717500786607e-07	2.565240648287437e-07	2.951232032881375e-08	-9.312485345100362e-08	3.800546087753434e-07	-8.41958834292613e-08
1.16	-0.2283774263976431	-0.1151670322277608	0.6521802745598927	1.53696970183643	-0.320259149819851	0.05234398073426712	-0.9569200943995201	1.356211010354122	1.356211010355178	-0.0537733435674941	-0.174443791655067	0.138811181105578	0.01844513156675462	0.2691294521425986	0.05008475697451396	0.3572194425920918	-1.241408673161713	-0.03307269918496995	-0.3261394575751565	0.07507440233285145	-0.9697966090615929	-0.9697966090619661	-0.0642971175204322	0.0007800787151093457	-0.05818207817195855	-0.05457937548408553	-0.4668695984085138	-0.001482930416797839	-0.001854506448016688	-0.323516983827982	0.143987889549403	0.02642429320833321	0.4813174546854804	-6.13544456150406	-9.034781367649783	-0.5753786506181607	-1.073041543196214	-813.4024055863897	-59.9639096313438	-0.04227265757161426	1.086223413606195	0.3880994455207707	1.527486725836447	-5.499340975663301	-0.01838047733568866	-1.496076877248402	1.223512298866957	-4.732954862102925	-4.73295486210297	-0.3375871781833006	-0.009041866191923162	-0.621689130155633	-0.2225876949900152	-7.40953590264608e-08	-1.306132616944194e-07	2.468572639191311e-07	3.053917356123385e-08	-9.448733030891052e-08	3.648350980983849e-07	-8.329741307296041e-08
1.17	-0.2256322324612929	-0.1146463547411276	0.6558280451523149	1.524282594528496	-0.3205898280038768	0.04900802631238314	-0.9561063206692908	1.346277567528505	1.346277567529322	-0.05443201108998844	-0.1744356015534566	0.1381981690495676	0.01788929680071338	0.2798997630922093	0.05409576453482803	0.3722642497261755	-1.29587807178097	-0.03302573761137968	-0.3410092310913782	0.08782859146617959	-1.016798512564687	-1.016798512565515	-0.06742469693166697	0.0008578005349278604	-0.06444360946001403	-0.05655237418060508	-0.4644189373504752	-0.0006477695028389339	-0.002094135185685564	-0.3217652571604576	0.144386656258343	0.02717009992683543	0.4802346441146008	-5.836994946073826	-9.446900421447763	-0.4686020399406216	-1.923455967994721	-811.6042470554275	-60.23022157458891	-0.04239416143344146	1.070991055764759	0.4143613634408279	1.482394605838804	-5.400542359791829	0.02180369337308544	-1.476168410650357	1.32360938338246	-4.669775177594183	-4.669775177662335	-0.2986420765543333	0.01621616623276342	-0.6318858921649934	-0.1793798638599423	-7.535367325929025e-08	-1.385811634133303e-07	2.358652258752351e-07	3.146450237509237e-08	-9.567781996273191e-08	3.482461189575756e-07	-8.215710774329426e-08
1.18	-0.2227796241914243	-0.1140842151884607	0.6596241471958068	1.511054832623414	-0.3209189227284341	0.04552462599096856	-0.9551605576151628	1.335876912251221	1.3358769122518	-0.05512161415738404	-0.1744266268416144	0.1375218415278696	0.01731478726633155	0.2906123188468787	0.05837717018125869	0.3868857328060429	-1.349539592589627	-0.0327560072911224	-0.3556286374812527	0.1014722671121848	-1.063239099395043	-1.063239099396325	-0.07048422650133258	0.0009370007613069037	-0.0708451713094486	-0.05831432915220534	-0.461968276292456	0.0001873914111176102	-0.002333763923329255	-0.3200135304929306	0.144785422967288	0.02791590664533634	0.4791518335437023	-5.549198974631126	-9.856468684393485	-0.3630148589302123	-2.742503331026312	-809.9513542696449	-60.49128091267048	-0.04250458921693839	1.074672374617932	0.4421790627441158	1.442821914993226	-5.337765413543524	0.02617327199769261	-1.446003451979001	1.40140960140232	-4.620691527555208	-4.620691527555263	-0.3239772098694693	-0.008746184879848547	-0.6496952424314183	-0.1803789500061636	-7.503142276379973e-08	-1.455050118964303e-07	2.165211281537755e-07	3.143575994177177e-08	-9.532059176112846e-08	3.2404392632288e-07	-7.929585331192533e-08
1.19	-0.2198202376278084	-0.1134779086542715	0.6635642619587369	1.497294688609884	-0.3212442270126881	0.04189635144067743	-0.9540739242984154	1.325014767434175	1.325014767431738	-0.05584154151728959	-0.1744168997862242	0.136780776795457	0.01672367930086721	0.3012461779869145	0.06292903706378199	0.4010581344892213	-1.402332504300808	-0.0322633702881755	-0.3699887471150158	0.1160048244892312	-1.109086327018288	-1.109086327019522	-0.0734780740854567	0.001010695538799498	-0.07739164946067056	-0.05986736654758604	-0.4590384127151534	0.001098048105075431	-0.002587615626377729	-0.3180147894215398	0.1451205440681949	0.02869631692929927	0.4776397304076294	-5.247997292713772	-10.28644216243483	-0.2507140923070961	-3.573296493178983	-807.7829175065832	-60.77065805141223	-0.04261673270639627	1.05491299657533	0.4684317953111706	1.392567598919069	-5.226557917056562	0.06702670573459556	-1.425452146009476	1.501743043529391	-4.551192738266654	-4.551192738259435	-0.2836639979038037	0.01581850202992428	-0.6607158971507868	-0.1367787125411416	-7.4381494214877e-08	-1.522124103184475e-07	1.954455058650161e-07	3.120922224988963e-08	-9.464249522364423e-08	2.98263384549208e-07	-7.607781674971555e-08
1.2	-0.2167550784102192	-0.1128247351923963	0.6676437243992864	1.483011314705806	-0.3215633613686547	0.03812558830865899	-0.9528374525603615	1.313697259469184	1.313697259463736	-0.05659072244607649	-0.1744063575444635	0.1359735289223955	0.01611823844580166	0.3117668496421167	0.06775055571844699	0.414755268329964	-1.45418557069804	-0.03152202163357191	-0.3841263538261602	0.1314399513732305	-1.154311728983831	-1.154311728985017	-0.07633494027837857	0.001100038034936333	-0.08408179943922017	-0.06118090707245148	-0.4561085491378647	0.002008704799027055	-0.002841467329370536	-0.3160160483501461	0.1454556651691043	0.02947672721325512	0.4761276272715434	-4.957895847665736	-10.71381047999424	-0.1395842071009293	-4.374057165233332	-805.7671160397513	-61.04934210038624	-0.04331030345748298	1.052034877651163	0.4961094171724877	1.347768346506096	-5.149796350753888	0.07591560232900701	-1.401502867455263	1.581923502792871	-4.496326396014674	-4.496326396014747	-0.296580931629023	-0.005616641151032151	-0.6784296078969047	-0.1324795759031127	-6.735855546194909e-08	-1.350430446884536e-07	1.726155564246951e-07	3.208240528727166e-08	-8.768218420328714e-08	2.562926765864168e-07	-6.607556695399035e-08
1.21	-0.2135851264404216	-0.112121990152999	0.6718577455446246	1.468213982643441	-0.3218740470659133	0.03421478228476212	-0.9514424018824126	1.301930675836842	1.301930675834752	-0.05736827662345769	-0.1743951089230505	0.1350986536826785	0.01550061179800497	0.3222166680780001	0.07284412674541035	0.4279653498759047	-1.505131162841243	-0.03057604306059921	-0.3979787421221128	0.1476969248991182	-1.198891314967611	-1.198891314967737	-0.07917255873147852	0.001154140380374634	-0.09091199348814814	-0.06230584671544848	-0.4527182202306358	0.002946605717126151	-0.003102141961858506	-0.3137868132787119	0.1457067404290007	0.03029897338343878	0.4741705649418001	-4.662836331913798	-11.16493825293617	-0.01927286510134576	-5.176121849809536	-803.2629256836362	-61.35884613492902	-0.05879710246960512	1.04041914931381	0.5228388246813467	1.295070942010613	-5.04449567232265	0.1097965320843935	-1.368737655926644	1.66659537978931	-4.421711922295888	-4.421711922136836	-0.2768872521101882	0.01162773942677449	-0.688133870778383	-0.09671398136544156	-5.882202678556997e-08	-1.122029475961073e-07	1.493689542858783e-07	3.321677199785392e-08	-7.922984724324777e-08	2.104768041537099e-07	-5.446206651530528e-08
1.22	-0.2103108835217166	-0.1113669378274877	0.6762013560820967	1.452911683654394	-0.3221741014679822	0.03016712620885144	-0.9498809792487438	1.289721708900115	1.2897217089014	-0.05817411397536294	-0.1743831784647749	0.1341549125889948	0.01487289318920482	0.3326250394241674	0.07821201294124681	0.4406731467567545	-1.555178956033215	-0.02939576259550682	-0.4114963642285202	0.1647143425171192	-1.242788389860839	-1.242788389859905	-0.08199157518296682	0.001236405407233133	-0.09785497023258127	-0.06319929927314326	-0.449327891323423	0.003884506635220264	-0.003362816594353515	-0.3115575782072768	0.1459578156889004	0.03112121955361795	0.4722135026120417	-4.377918938205958	-11.61625037080315	0.1033069283850671	-5.960681668874707	-800.8996495547581	-61.67697647959875	-0.09677830545498459	1.043745459707902	0.5509724509471366	1.247311413487933	-4.970236560507731	0.1227759807529255	-1.334549629546232	1.734012321215518	-4.359824177904314	-4.35982417790452	-0.2928605313066921	1.589513297362965e-05	-0.700986146997891	-0.08618215884267205	-5.3615948126109e-08	-1.016221273280966e-07	1.257701553432642e-07	3.411866497895845e-08	-7.383394958389856e-08	1.765416409731473e-07	-4.670096430680318e-08
1.23	-0.2069328482993218	-0.1105568410677008	0.6806694548966359	1.437113572874498	-0.3224612825518178	0.02598589651344314	-0.9481456059998979	1.277077277774762	1.277077277774742	-0.05900810336277875	-0.1743704728220332	0.1331411651678354	0.01423727500445784	0.3429629595142017	0.08385216995604769	0.4528548498450419	-1.604271600760007	-0.02800203857647331	-0.4247057744464518	0.182488639548636	-1.285974385553451	-1.285974385553647	-0.08479112695321397	0.001303144902349241	-0.1049120873520862	-0.06388617735522895	-0.4454281704097476	0.004839692996883868	-0.003633188555409138	-0.3091231313432479	0.146137326969253	0.03195363451573292	0.4697790590783372	-4.084312903804136	-12.07781487996962	0.232449651675933	-6.732135542510502	-798.0209546954857	-62.0038148677564	-0.1594285585931044	1.025955433463497	0.5772689984174196	1.189821170918071	-4.85304353474038	0.1534335754303251	-1.307602944895441	1.818388238541587	-4.279462133488673	-4.279462133658103	-0.2712544887424992	0.009790803287148401	-0.7107178583714501	-0.05421251005922962	-4.930652908658755e-08	-9.434188158971494e-08	1.020765341842432e-07	3.495796887904976e-08	-6.926093942858134e-08	1.458051302835468e-07	-3.997704623719654e-08
1.24	-0.203452005846067	-0.109688996403432	0.6852566150249416	1.420829682626135	-0.322733373802873	0.02167387947045631	-0.9462286398118522	1.264004691718772	1.264004691717442	-0.05986963866567076	-0.1743571422190206	0.1320563179026921	0.01359593366345646	0.3531864855967377	0.08976159383763133	0.4644854095100948	-1.652334849725817	-0.02637779603936839	-0.4376538337435356	0.2010329303570363	-1.328419375988027	-1.328419375989353	-0.08750075827781242	0.001361397460913898	-0.1120749390293771	-0.06434393052402296	-0.4415284494960844	0.005794879358540095	-0.003903560516471958	-0.3066886844792183	0.1463168382496073	0.03278604947784007	0.4673446155446217	-3.800989385046423	-12.53994419019519	0.3643841169440137	-7.489262776914039	-795.2864905413094	-62.34447799956884	-0.2487551464235738	1.020866658208212	0.604825824303721	1.137082728841013	-4.764357408311362	0.1688796843671871	-1.282279445376684	1.888011076592196	-4.211623126297082	-4.211623126297602	-0.2748764421769545	-0.001681492177351939	-0.7221330585550432	-0.04035717618433888	-4.481253386850812e-08	-8.37838580273674e-08	7.825164110947488e-08	3.691923168989906e-08	-6.467041479609019e-08	1.159517627369332e-07	-3.252641645473775e-08
1.25	-0.1998694151435857	-0.108760716653725	0.6899572814067733	1.40407025776346	-0.3229881632282845	0.01723377868088007	-0.9441226037710196	1.250511452764838	1.250511452763789	-0.06075802357604487	-0.1743433806376085	0.1308993541341872	0.01295106326486672	0.3633176278301731	0.09593835454298463	0.4755515018599075	-1.699379517538362	-0.02454192160777471	-0.450317972623116	0.2202840764405276	-1.370095838424946	-1.370095838425824	-0.09016469526576433	0.001391235443018071	-0.1193292539806764	-0.06459049513924897	-0.4371754928824401	0.006793755783052841	-0.004180233265959862	-0.3040081694217877	0.1463440163557149	0.03360604925258985	0.4644450551063889	-3.538003671225709	-12.99705572729989	0.5000134174238253	-8.202222729620448	-792.0647391633479	-62.66551744820308	-0.3665846667582401	1.00713285957981	0.6307089198425214	1.076905955822003	-4.648933619832932	0.1966704712707271	-1.251252133805774	1.960136168829392	-4.125766762534723	-4.125766762467103	-0.2604428546934588	0.005377001843307449	-0.728803235319114	-0.01085198601469933	-4.026268007007561e-08	-7.223387538671442e-08	5.438702100757256e-08	3.922003469742511e-08	-6.007458972971746e-08	8.636566219411821e-08	-2.485586075917899e-08
1.26	-0.1961859340480391	-0.1077693477517265	0.6947657154056572	1.386845503792233	-0.3232234480796373	0.01266848229759076	-0.9418207623104315	1.236605427394506	1.236605427393745	-0.06167270596181708	-0.1743293085646824	0.1296695027117889	0.01230491804376012	0.3733645642103633	0.102379424295941	0.4860389329205543	-1.745400671435184	-0.02247688122756753	-0.4626929524849792	0.240194014308101	-1.410976659267679	-1.410976659268105	-0.09276025335728375	0.001423495762682666	-0.1266524698080449	-0.06459889502739358	-0.4328225362688083	0.007792632207553039	-0.004456906015413761	-0.3013276543643558	0.1463711944618226	0.03442604902732477	0.4615454946681455	-3.285500476058916	-13.45500187422114	0.6388256635263783	-8.903652379746399	-788.9917056337654	-63.00523954350404	-0.5144747751917785	1.004025487559152	0.6576876338243679	1.021350471007831	-4.559654625166787	0.2147128740898624	-1.224447641833289	2.019769433408565	-4.05249480745988	-4.052494807459605	-0.2612006628904615	-0.00119702466530227	-0.7359132337688377	0.00727576923193555	-3.481158927750256e-08	-5.803635245749083e-08	2.880799415553397e-08	4.109037601602958e-08	-5.425998193561117e-08	5.803838150200808e-08	-1.670044198646556e-08
1.27	-0.1924024467596825	-0.106712258976411	0.6996760676073922	1.36916575697853	-0.3234370537780703	0.007980915139752069	-0.939316617401738	1.222294678562603	1.222294678562576	-0.06261318303784526	-0.1743150594744363	0.1283661008990274	0.01165974998986921	0.3833107909950001	0.1090807789590097	0.495928527410503	-1.790363089678836	-0.02020859213509785	-0.4747721323756692	0.2607399458169031	-1.45102942994374	-1.451029429943772	-0.09532560000493402	0.001423655306926337	-0.1340345683497781	-0.06439668233569819	-0.4279853856196854	0.008765867103189199	-0.00473816562638588	-0.2984124920240251	0.1462515188707142	0.03525733262950929	0.4581580081264248	-3.049264809157681	-13.91983049803335	0.7842523769274929	-9.563095453801498	-785.4071249893859	-63.35351521786817	-0.6936722406685205	0.9866069069623795	0.6827352685797705	0.9573076685247699	-4.436695844061171	0.2382441103885532	-1.192410741550269	2.087751767515156	-3.960115399858378	-3.960115399799495	-0.2527777584083045	0.0002230223807796273	-0.7403649903644798	0.03240635164157581	-2.905602652744958e-08	-4.294439024158795e-08	2.649775833854734e-09	4.281529108837676e-08	-4.803362321997325e-08	3.013637778648745e-08	-8.381218120118803e-09
1.28	-0.1885201600768732	-0.1055868814772588	0.704682224500134	1.351041953898365	-0.3236269051488665	0.00317400466723157	-0.9366038638263765	1.207587712583504	1.20758771258422	-0.06357902879889547	-0.1743008886730631	0.1269886767356507	0.0110177465293959	0.3931244431015038	0.1160371690632883	0.5051998711219164	-1.834211924726361	-0.01772601570010597	-0.4865616154208942	0.281915747641681	-1.490220088706969	-1.490220088706609	-0.09783399036082374	0.001407837987633116	-0.1414569399310675	-0.06396597634387297	-0.4231482349705732	0.009739101998819298	-0.005019425237426004	-0.2954973296836949	0.1461318432796076	0.03608861623168817	0.4547705215846944	-2.823660842199289	-14.3856364463819	0.9330776441955148	-10.21356350122937	-781.9750274930709	-63.72493816474093	-0.9052917123501557	0.977510551932499	0.7086947220664005	0.8977003153007829	-4.336937985941563	0.2575703425942847	-1.166508272740331	2.145743496603699	-3.880072424893551	-3.880072424893601	-0.2498094045383517	-0.004392397372715323	-0.7439678416800284	0.05297442925789887	-6.599226094365483e-10	-9.328814907816332e-08	-2.494716546139471e-07	9.686253260530549e-09	-2.776788968270052e-08	-1.013476633398431e-07	2.174311125649818e-08
1.29	-0.1845403604633206	-0.1043906760843859	0.7097779674740565	1.33248518645992	-0.3237910449757197	-0.001748451128490935	-0.9336764179864754	1.192493239806766	1.192493239807396	-0.06457074420045623	-0.1742867821557243	0.1255368594088959	0.01038097361009807	0.4028128634565174	0.1232450514919074	0.5138414541875371	-1.876952547614883	-0.01506635886419295	-0.4978966148657334	0.3036618887795183	-1.528520839142705	-1.528520839142077	-0.1004833693813961	0.001407276568172822	-0.1489042638770203	-0.06334775770080396	-0.4178170681376652	0.01073339108169522	-0.00529443073303887	-0.2923910395830366	0.1459292628265461	0.03685111642847726	0.450873174666606	-2.598094145269367	-14.82331692002065	1.079421685064624	-10.82675096269754	-778.052419157845	-64.03798629687293	-1.150583191481974	0.9611242250840145	0.7329962912430281	0.8312979292119884	-4.214262287745663	0.2756123235965642	-1.112008026652191	2.202319688482899	-3.782046481021533	-3.782046480981332	-0.2686677395125151	0.001041875315924484	-0.7447935598301995	0.07248469678429058	3.622638424656132e-08	-1.681703033094175e-07	-5.863292896090432e-07	-3.651301690488792e-08	-2.237390587314845e-09	-2.716749684952265e-07	6.004435519946633e-08
1.3	-0.1804643533566621	-0.1031211596096305	0.7149569084040392	1.313506685223097	-0.3239274984403139	-0.006783259367919367	-0.9305288566819743	1.17702036550005	1.177020365500601	-0.06558818650996377	-0.1742728952746695	0.1240106330649262	0.009751630700221501	0.4123659417234697	0.1306993854398026	0.5218394623339392	-1.918558684400933	-0.01218874324800889	-0.5090321041624299	0.325938840561733	-1.565900394702758	-1.565900394701861	-0.1029793719498019	0.001363910730657292	-0.1563387433740645	-0.06247997445961856	-0.4124859013047654	0.01172768016456865	-0.005569436228737312	-0.2892847494823779	0.1457266823734882	0.03761361662526842	0.4469758277485094	-2.382674284756981	-15.26215848035116	1.229307110353146	-11.4393934921773	-774.280384254423	-64.38869681057186	-1.430678779690718	0.9504421343202075	0.7579850259216758	0.7689853314570698	-4.110040765447067	0.3011620986484747	-1.126606243111826	2.251905625479135	-3.695833449756913	-3.695833449756919	-0.2191341141050418	-0.01295328098379384	-0.741398951898256	0.1028873488811789	6.018562274935525e-08	-1.892390821433103e-07	-7.647573871596972e-07	-5.795298053790908e-08	1.61564774229201e-08	-3.558249019473128e-07	8.405580833781119e-08
1.31	-0.1762935245612512	-0.1017758936196859	0.7202125660379339	1.294117844548251	-0.3240342630638708	-0.01192795691207985	-0.9271559962433268	1.161178386875611	1.161178386875579	-0.0666304876250071	-0.1742596468305935	0.1224101419324064	0.009132004700609795	0.421769695099988	0.138392023930393	0.5291796296940323	-1.959008126243897	-0.009133284629515494	-0.5198514675784492	0.3487140074702093	-1.60233118842138	-1.602331188420874	-0.1054807552181112	0.001286246909834713	-0.1637520290567369	-0.06140885560479244	-0.4067116293485136	0.01265785900273383	-0.005806748809446669	-0.2859396902795747	0.1452982778362028	0.03835687013165653	0.4425965707759967	-2.212815051388765	-15.68820180325421	1.3811925277613	-11.9628558072937	-770.0249355782818	-64.72697229494747	-1.746652169746814	0.9308370612358475	0.780620440522805	0.6996745112017986	-3.982181790506038	0.3125114255500483	-1.051130735068413	2.302436268863494	-3.592102630826247	-3.592102630884746	-0.2656463451076411	-0.005292088846848546	-0.7401942168455989	0.1148175364569344	7.878936150582164e-08	-1.880137483125812e-07	-8.77550390626223e-07	-6.91355171789367e-08	3.159374112644964e-08	-4.042727814080318e-07	1.021472052856691e-07
1.32	-0.1720295592076939	-0.1003525578088568	0.7255382537600129	1.274330552275616	-0.3241095183648228	-0.01717915395924754	-0.9235529613265282	1.144977020254405	1.144977020253787	-0.06769780375511776	-0.1742471988559643	0.1207357377749811	0.008524208566081061	0.4309932533532454	0.1463133496167265	0.5358454799707929	-1.99824900395826	-0.005886878727010087	-0.5303320047633245	0.3719737361919621	-1.637777994056455	-1.637777994056339	-0.1079823749629716	0.00120381684039896	-0.171121348355163	-0.06011400144302123	-0.4009373573922692	0.01358803784089365	-0.006044061390157579	-0.2825946310767708	0.1448698732989183	0.03910012363803859	0.4382173138034778	-2.052773376877988	-16.11563176962552	1.536847284150794	-12.49105023008409	-765.9185899434619	-65.10930443825589	-2.099558798830328	0.9144031096680019	0.8037224650703372	0.6341219147905784	-3.868327939726727	0.3393515554508589	-1.058840996883068	2.348817988134387	-3.499035833047228	-3.499035833047308	-0.2191814094152708	-0.01390653070645384	-0.732605675048901	0.1476344102702016	9.858222100781254e-08	-1.769212938077315e-07	-9.80478005507275e-07	-7.8782976002187e-08	4.916763144261199e-08	-4.406062872977792e-07	1.202689327550665e-07
1.33	-0.1676742491215863	-0.0988488829143333	0.7309272043028663	1.254156855839986	-0.3241515151039853	-0.02253339625810297	-0.9197151160081088	1.12842617519568	1.128426175195712	-0.0687904141966013	-0.1742357114500793	0.118987918414093	0.007930312151492322	0.4400348708896312	0.1544576827282166	0.5418288888157518	-2.036283415960797	-0.002483221758529562	-0.5404674704064604	0.3956606558581342	-1.672216489885454	-1.672216489885691	-0.1105336571676663	0.001091765672905865	-0.1784252702003965	-0.05862787641847552	-0.394671418753692	0.01446732588939752	-0.00624114961824777	-0.279125783587665	0.1443972991949829	0.03974083321118171	0.4333213824592085	-1.883986767458808	-16.50032939255819	1.68599826628082	-12.97587927714292	-761.3551514014521	-65.42244995504089	-2.490434211168182	0.8939755083544395	0.8251786077272907	0.5631041814119577	-3.739946322847862	0.3454211181095081	-0.9834384851352638	2.388428210763537	-3.390106177348377	-3.390106177401334	-0.2722073976888986	-0.01037001476383463	-0.7267150188944234	0.1548683092388827	1.189171796732043e-07	-1.613305931132094e-07	-1.078908163827302e-06	-8.773061993792116e-08	6.771557212629812e-08	-4.714170640595837e-07	1.384044873739893e-07
1.34	-0.1632295359735712	-0.09726268671398747	0.7363725196965818	1.233609025585862	-0.3241585656033502	-0.02798750104081023	-0.915638441642047	1.111536175234762	1.111536175235443	-0.06990835861447675	-0.1742254476768648	0.1171675739188261	0.007352430339287452	0.4488738657352486	0.1628176107811991	0.5471184501432591	-2.073075767656566	0.00110236923246342	-0.550304501533849	0.4197395457205148	-1.705608974495338	-1.705608974495928	-0.1130491702400521	0.0009590903056896195	-0.185626375230983	-0.05691108096624351	-0.3884054801151195	0.015346613937905	-0.006438237846452362	-0.2756569360985587	0.1439247250910515	0.04038154278433209	0.428425451114934	-1.72436890353198	-16.88685437608573	1.839362645750788	-13.47118109850755	-756.9348390347488	-65.78566876194556	-2.920357949611131	0.8738785715142459	0.8468414533688622	0.4953524113002541	-3.619915878373325	0.3757383599533463	-0.9991540937336537	2.427212027376042	-3.289833589224091	-3.289833589224303	-0.2120275829534851	-0.01803137065110406	-0.7120423121194198	0.1937684958074702	1.404581245827787e-07	-1.421522796395801e-07	-1.17803771155946e-06	-9.71013440841231e-08	8.807619338071254e-08	-4.949526036244423e-07	1.567224796202318e-07
1.35	-0.1586974590081913	-0.09559185552035172	0.7418672325860673	1.212699494019245	-0.3241290255403509	-0.03353827146177824	-0.9113191981588757	1.094317548670986	1.094317548671459	-0.07105170892419867	-0.1742166580015407	0.1152757506166424	0.00679266952135082	0.4575015745949325	0.171380055536243	0.5517045154719024	-2.108612232967989	0.004831496060758013	-0.5597915427841155	0.4441619807823618	-1.737930501708062	-1.737930501708734	-0.1156246579005373	0.0008008928647110446	-0.1927147993703481	-0.05500617507942623	-0.3817282615769333	0.01617298191789899	-0.006589198866448027	-0.271954147369806	0.1431749595001518	0.04093681724163067	0.4230463861808084	-1.631806770385841	-17.22617493051577	1.987074643137902	-13.83640918573009	-752.0594217945915	-66.07569544966367	-3.390445726940585	0.8512475530847491	0.8656381110006854	0.4223151237519778	-3.487737307889684	0.3755600045867691	-0.9146249585295142	2.457683725853089	-3.175473132551742	-3.175473132563864	-0.2808826056474014	-0.01467879796494315	-0.7037351602531472	0.1942603232547654	1.626020626144443e-07	-1.211801597763973e-07	-1.277516953997685e-06	-1.066836083355589e-07	1.09343154920491e-07	-5.14850524590828e-07	1.751316906801342e-07
1.36	-0.1540802988522389	-0.09383446145428016	0.7474042224348603	1.191441152709439	-0.3240613821770036	-0.0391821414588218	-0.9067541454290333	1.076781274666032	1.076781274666298	-0.07222092876014266	-0.1742094432740501	0.1133137445339838	0.006253039499909518	0.4658905038501978	0.180130185268361	0.5555738420047839	-2.142837716293928	0.00872302930182128	-0.5689244167486333	0.4689013950547839	-1.769138462730992	-1.769138462731744	-0.1182230754830751	0.0006441007379851179	-0.199662931326036	-0.05288492166717144	-0.3750510430387504	0.01699934989789414	-0.00674015988652405	-0.2682513586410523	0.142425193909255	0.04149209169893274	0.4176673212466793	-1.547555616470834	-17.56781918512826	2.139474732646844	-14.219156039544	-747.318721028228	-66.42117194116908	-3.901930137756905	0.8261226506304783	0.8843784487837354	0.3520046521479018	-3.357719481276332	0.4082196425070779	-0.9283206365839267	2.49060786949102	-3.067120351265167	-3.067120351265187	-0.2166135673640034	-0.01775030780058691	-0.6839838753839173	0.237038000894984	1.860013558707165e-07	-8.521848285282693e-08	-1.365290669237964e-06	-1.14345379821768e-07	1.332932499534312e-07	-5.242257816955441e-07	1.941029213342092e-07
1.37	-0.1493804535262879	-0.0919886462912813	0.7529763183661569	1.169847049043382	-0.323954195367905	-0.04491558106168266	-0.901940316373373	1.05893853373657	1.058938533736536	-0.07341650356979655	-0.1742039346460679	0.1112830226403922	0.005735514477766129	0.4740316644466219	0.1890619282766675	0.558723912526314	-2.175757326106611	0.0127378538612232	-0.5777082044667783	0.4939041518976519	-1.799212988682248	-1.799212988682451	-0.1208934486566496	0.0004594522113914579	-0.2064464954252013	-0.05058443348588239	-0.367898929735977	0.01766082513809119	-0.006841129282416201	-0.2645511821909189	0.1417389951375255	0.0419408773869842	0.4117956577230537	-1.4252090827943	-17.86988240533494	2.285559595605603	-14.57927895154384	-742.2037887193111	-66.71793954498227	-4.456151369966827	0.8011067419302814	0.9019096832164002	0.2783271349855024	-3.225194156546298	0.4018349258514374	-0.8449267048685836	2.51106996471036	-2.948152662518425	-2.948152662435996	-0.2924794072581366	-0.01885402436994795	-0.6703105015857092	0.2320788357359287	2.100871715154453e-07	-4.105939191185719e-08	-1.446662924291867e-06	-1.209568818269937e-07	1.587106836154443e-07	-5.278464570009097e-07	2.133815064538473e-07
1.38	-0.144600597798818	-0.09005264620692727	0.7585762787792348	1.147930526794141	-0.3238061161005716	-0.05073516231481861	-0.896875267674679	1.040800940758502	1.040800940758178	-0.07463882815417275	-0.1742002788832009	0.1091855115409286	0.005242099259233612	0.4818925841543329	0.198167169539397	0.5611467383610562	-2.207321432930573	0.01690152094841273	-0.5861527468024715	0.5191453236615579	-1.828108872452003	-1.828108872451656	-0.1235730304263823	0.0002735277135513901	-0.2130207725004803	-0.04806296094499012	-0.3607468164332086	0.01832230037828197	-0.006942098678331899	-0.2608510057407847	0.1410527963657967	0.04238966307502919	0.4059239941994242	-1.309850747711002	-18.17495122951344	2.436955729411217	-14.96456194195831	-737.2080249605551	-67.07540094966291	-5.054576668668235	0.7700744728878195	0.9190780996683837	0.2065557147903179	-3.086618883531929	0.437988148064594	-0.8604715600935674	2.538290853698546	-2.831391914964773	-2.831391914964846	-0.2184552865956891	-0.01800550204987248	-0.6421264706065877	0.2812348728156469	2.335355600089764e-07	4.755495617708287e-09	-1.526346971429e-06	-1.264098040938987e-07	1.843829914114467e-07	-5.233308778612982e-07	2.320709427462642e-07
1.39	-0.1397435196262765	-0.08802478030846611	0.7641968197763922	1.125705115388992	-0.323615843173583	-0.05663742532774171	-0.8915568487774558	1.022380352133187	1.02238035213318	-0.07588831530331985	-0.1741985858842386	0.1070233260484761	0.004774795804961584	0.4894719964091708	0.2074290341807328	0.5628377658364316	-2.237524726540745	0.0211724927704094	-0.5942385290879597	0.544560795514663	-1.85579931908858	-1.855799319088271	-0.1263324574597002	6.946593611239994e-05	-0.2193746035722503	-0.04536509804364851	-0.3532195623374747	0.01890944331617609	-0.006992788575140812	-0.2569736845180675	0.1400989144839566	0.042694879734532	0.3995856569255568	-1.265071967608173	-18.40565513918601	2.576888815124172	-15.19797024975049	-731.8195237964391	-67.31424929470185	-5.6975030777799	0.7442499548444799	0.9331676412888776	0.131866054985162	-2.951726328491981	0.4247679019385021	-0.7732091736090264	2.546526310827308	-2.706492536294459	-2.706492536300109	-0.3058800741973848	-0.02128569600524668	-0.6257588701444114	0.2691372072167943	2.566035484284064e-07	5.155851982111475e-08	-1.605023539648064e-06	-1.311713158718063e-07	2.102074015132177e-07	-5.139597920367806e-07	2.504087902224368e-07
1.4	-0.1348121722605758	-0.08590361036460745	0.7698305690065181	1.103184762701994	-0.3233822372878378	-0.06261866168569152	-0.8859836049697596	1.003689134741852	1.003689134742157	-0.07716563545531611	-0.1741988693391225	0.10479885275637	0.00433548602138761	0.4967464227865271	0.2168279786189039	0.5637883849547821	-2.266309689300206	0.02556811269925695	-0.6019474158067458	0.5701103057562142	-1.882234625656769	-1.882234625656498	-0.1291396309929178	-0.000121763057899926	-0.2254783324313076	-0.04246422680537101	-0.3456923082417449	0.01949658625406682	-0.007043478472099927	-0.253096363295349	0.1391450326021184	0.04300009639403393	0.393247319651686	-1.226507796308582	-18.63994722453065	2.722736906184768	-15.46150926374067	-726.5417460187042	-67.6192815680258	-6.384949866321474	0.7090772973914624	0.9464940590354762	0.05847404338539148	-2.80295271338976	0.4629177694347785	-0.7850924467531381	2.565098531387737	-2.580363901287343	-2.580363901287343	-0.2280045865756421	-0.01543894536453842	-0.5921060280639644	0.3218365402028397	2.790392967418327e-07	1.06468714679968e-07	-1.67049607101943e-06	-1.343095476198803e-07	2.372333277197551e-07	-4.943127090797654e-07	2.677098253124985e-07
1.41	-0.1298096083663438	-0.08368781948792599	0.7754701241449407	1.080383626164629	-0.3231042140437501	-0.06867533778439747	-0.8801544221994754	0.9847398982349485	0.9847398982350957	-0.07847130635004269	-0.1742012296115544	0.1025146266944956	0.003926031062812236	0.5037089353038052	0.2263471007711601	0.5639977898713844	-2.293669197266083	0.03005389554759438	-0.6093425016640012	0.5957324853665618	-1.907390069695216	-1.90739006969475	-0.1319882587334988	-0.0003549453262946452	-0.2313170254613472	-0.03939402050559199	-0.3377957862051149	0.01988944686693897	-0.007046088572154842	-0.2491341705663082	0.1380067419961961	0.04321087093766674	0.3864629599336925	-1.23365278290191	-18.82674508916105	2.862753899243565	-15.59911870851198	-720.9326780355856	-67.86998271297607	-7.116677052243077	0.6812628981151779	0.957129450469106	-0.01649890166692391	-2.665141217534813	0.4442141939286028	-0.7096632446007931	2.561713235719519	-2.449801995447641	-2.449801995418504	-0.3123195357713556	-0.02831742298290888	-0.5722721379268105	0.304698447997638	3.010640889863566e-07	1.666485704648621e-07	-1.727385978439792e-06	-1.363926473485625e-07	2.650402393943907e-07	-4.679862279866261e-07	2.843369323515882e-07
1.42	-0.1247391344130964	-0.08137633575829266	0.7811080388090365	1.057316356271733	-0.3227807718408965	-0.07480455405956436	-0.8740688305211155	0.9655457738195962	0.9655457738195894	-0.07980526905577816	-0.1742061336177411	0.1001735094628303	0.003548295321861045	0.5103284345898632	0.2359665492092806	0.5634602900894203	-2.319536360405889	0.03465190445174892	-0.616455451096816	0.621392087371374	-1.931212207346634	-1.931212207345974	-0.1347979931929608	-0.0006305098109274807	-0.2368565663895001	-0.03612038328052443	-0.3298992641684915	0.02028230747979656	-0.007048698672237406	-0.245171977837267	0.1368684513902719	0.04342164548128314	0.3796786002156957	-1.246065483155685	-19.01756166712031	3.009057004659889	-15.77143953971922	-715.4229463258071	-68.19130026567312	-7.892005562119948	0.6404746511473519	0.9665593162084012	-0.0909068963278583	-2.504483748175681	0.4853629805982005	-0.7286651618650466	2.572583010280652	-2.313702623881478	-2.31370262388151	-0.2202259303518742	-0.02391538861215208	-0.532275607686549	0.3625227252605668	3.188179912969805e-07	1.515627524420643e-07	-1.822092318237813e-06	-1.492721378474822e-07	2.840659881909015e-07	-4.428121464209609e-07	2.93558059074342e-07
1.43	-0.1196041968633434	-0.07896819213002812	0.7867368498300624	1.033997895687484	-0.3224108520958289	-0.08100286359201672	-0.8677266541901306	0.9461202260532716	0.9461202260533339	-0.0811676449080158	-0.1742135632141615	0.09777861479094307	0.003204273587631711	0.5165969692776493	0.2456746983121569	0.5621777148334757	-2.343900149331184	0.03934151121628901	-0.6231337714247993	0.6470311609411439	-1.953660947754658	-1.953660947754773	-0.1376966269621902	-0.0008467552151588337	-0.2420618136865738	-0.03265726620155946	-0.3216025494217686	0.02058804868063175	-0.006995270844108561	-0.2412971048899558	0.1358811003259159	0.04334661947028073	0.372458693771315	-1.205546359248612	-19.08800981131931	3.129870933738127	-15.90717624050252	-709.644962324179	-68.30690126157639	-8.695138013352661	0.6107687207356766	0.9747852492490061	-0.1655022421477365	-2.363934712096263	0.4624298847287054	-0.6262440879129565	2.557766847625898	-2.17505987979861	-2.175059879914878	-0.3276094772060262	-0.01958631698441494	-0.5055719500183402	0.3424355889212222	3.33552816240537e-07	8.327188914141377e-08	-1.94353096368211e-06	-1.697835597529492e-07	2.968843632287375e-07	-4.184526921074757e-07	2.975439238493409e-07
1.44	-0.1144084287980852	-0.07646259850235082	0.7923491212181452	1.010443475564504	-0.3219937022110425	-0.08726572205169021	-0.861128447659988	0.9264772708567592	0.9264772708568867	-0.08255959257335216	-0.1742229767047452	0.09533348311422506	0.002895728902133326	0.5224945376911057	0.2554565490918303	0.560152363500749	-2.366728268152074	0.04409793239470317	-0.6293652365386998	0.6725981272029579	-1.97469369338411	-1.974693693385001	-0.1407123558113221	-0.00102728864562094	-0.2469039673556688	-0.02902497353432394	-0.3133058346750541	0.02089378988144995	-0.006941843015984487	-0.237422231942645	0.1348937492615573	0.04327159345925874	0.3652387873269304	-1.171073256893831	-19.15875401431989	3.252281313638569	-16.06838856556188	-703.9811583582532	-68.49106299573749	-9.502561179383408	0.5662813962813013	0.9812996515679022	-0.2394621116842097	-2.197349727294557	0.4987258633730146	-0.6392941190484975	2.558161548689418	-2.030503668167118	-2.030503668167168	-0.2436449463323958	-0.01677299385828611	-0.4596568820907235	0.3963578429147009	3.523700880462139e-07	8.009454108832756e-08	-2.029648004322155e-06	-1.817658879386846e-07	3.211438638929195e-07	-3.831015270891381e-07	3.070025806875956e-07
1.45	-0.1091555413664468	-0.07385891621792841	0.7979374291854485	0.9866685152953729	-0.321528742261491	-0.09358889841789227	-0.8542752035401138	0.9066311672814881	0.9066311672815673	-0.08398216419560763	-0.1742341330281488	0.09284175714531122	0.002624262340764245	0.5280149480984095	0.265281686707165	0.557384121628166	-2.387985760944328	0.048906311558658	-0.6352164672808749	0.6980169951659395	-1.994271186246338	-1.994271186246547	-0.1437921365031011	-0.001201548044587969	-0.2513744248108317	-0.02523656617172786	-0.3047288141209198	0.02085981496735725	-0.006827301302022234	-0.233330909605404	0.1334281969427487	0.04326757542763751	0.3576049049228173	-1.271998066478201	-19.23943314292339	3.379475775092366	-16.01498302821728	-697.9893472521613	-68.75056010613199	-10.31158375176135	0.5347665127230187	0.9833497201088063	-0.3141976330057157	-2.048189284341812	0.4739856056753033	-0.5497027216575907	2.528694179181493	-1.883062156444253	-1.883062156342071	-0.3386747752989736	-0.01781607766287497	-0.4307202472906024	0.3750713040960734	3.743220958353047e-07	1.269150708146205e-07	-2.088643098416077e-06	-1.871990905896261e-07	3.54188514591617e-07	-3.393102984938603e-07	3.206635600029932e-07
1.46	-0.103849480700783	-0.07115693677663454	0.8034943162524341	0.9626893320524885	-0.3210152801877418	-0.0999689201254948	-0.8471687817887943	0.886596950765361	0.886596950765392	-0.08543523965374224	-0.1742470446784741	0.09030733058783393	0.002391677677253874	0.5331291844964487	0.2751159804661225	0.5538681834371832	-2.407572862902626	0.05379835723335493	-0.6407343048172679	0.7232336534920941	-2.012316281556311	-2.012316281555838	-0.1468131229828103	-0.001378354033434168	-0.2554440850684546	-0.02124859396257083	-0.2961517935667895	0.02082584005325843	-0.006712759588209557	-0.2292395872681599	0.1319626446239412	0.04326355739601209	0.3499710225187018	-1.378106115950163	-19.32032491534292	3.50798561991423	-15.99058527483122	-692.1014696928764	-69.08108060340558	-11.1193861664078	0.4850465944283244	0.9831308802925094	-0.3890013753641748	-1.863271560503367	0.5154591655214478	-0.5726154778920841	2.517719621323939	-1.72402415771618	-1.724024157716171	-0.2318861039184434	-0.01728231183409967	-0.3794974425826378	0.4362708122269133	3.95271345267934e-07	2.071400535467541e-07	-2.125031882701798e-06	-1.870891082369278e-07	3.897812284655647e-07	-2.893819520308259e-07	3.35794566460309e-07
1.47	-0.09849427832407763	-0.0683566093483977	0.8090123505074813	0.9385225294038656	-0.320452682050077	-0.106402448496244	-0.8398114877824511	0.8663900246497779	0.8663900246497835	-0.08691850802863635	-0.1742618443088091	0.08773428781880371	0.002199774013738837	0.5378390619928903	0.2849462929914143	0.5496160806798666	-2.425499005339615	0.05872732295141544	-0.6458929601939148	0.7481710765969209	-2.028793146855642	-2.028793146856073	-0.1498472591717511	-0.001565920789534134	-0.2590835311849353	-0.01710296536020995	-0.2872033035870926	0.02076748196750041	-0.006544374602954926	-0.2253817503474629	0.1308836639641357	0.04282675019688732	0.3419539606927617	-1.366765375981728	-19.22280332302718	3.595464941712284	-15.97857335080753	-686.0545180146235	-69.09245447035468	-11.92275886078857	0.4531719126382669	0.9824635874205712	-0.4616136791463215	-1.713926965127568	0.4827518566429628	-0.4753930099551305	2.473642978085425	-1.568220493522946	-1.568220493658544	-0.3401597020787698	-0.01758240402259603	-0.3440175130739366	0.4082770632227727	4.153849627368454e-07	3.152020804504225e-07	-2.142582075480684e-06	-1.823598050478629e-07	4.274973283188875e-07	-2.343393406779941e-07	3.5215059553589e-07
1.48	-0.09309413445533189	-0.06545808236515376	0.8144842039443093	0.9141851370549055	-0.3198405669388878	-0.1128851439092488	-0.8322064416804552	0.8460265893257045	0.8460265893256796	-0.08843231423057039	-0.1742781373159988	0.08512728072523049	0.002050240272043772	0.5421174829047931	0.2947558914675483	0.5446320197933291	-2.44169080296984	0.06370175193725933	-0.6505677132667236	0.7727840726226983	-2.043618123254228	-2.043618123255563	-0.152920688388565	-0.001677029406619962	-0.2622369499771406	-0.01277460959856482	-0.2782548136074001	0.02070912388173481	-0.006375989617746553	-0.2215239134267641	0.1298046833043305	0.04238994299775496	0.3339368988668191	-1.359180075387262	-19.12623429469885	3.684937235926988	-15.99928231628856	-680.0916074393612	-69.17866585368078	-12.71902294695841	0.3987552775205044	0.9789880704610066	-0.5353930012083251	-1.516402599150455	0.5245518190781323	-0.4758350171243996	2.452834205513968	-1.39364637756703	-1.393646377567041	-0.2397447094930741	-0.001990684031243294	-0.2822919777274795	0.472816244083787	4.28643180884213e-07	4.239522299018797e-07	-2.126814266643311e-06	-1.74088758062614e-07	4.614922806800238e-07	-1.736131686262659e-07	3.633195913886512e-07
1.49	-0.08765337652078664	-0.06246167891622047	0.8199026067953575	0.8896944975060873	-0.3191786067181804	-0.1194125613887082	-0.8243571990774917	0.8255231471394467	0.8255231471394222	-0.08997693515625854	-0.1742954281245463	0.08249110589167176	0.001944750826452573	0.5459549848622127	0.3045090253554345	0.5389291995371023	-2.456130421826983	0.06869092291975079	-0.6548402564868705	0.796984896842903	-2.056784024588021	-2.056784024589128	-0.1560075007414753	-0.001769294160415383	-0.2649183630047929	-0.008300654894154717	-0.2690803838749078	0.02029965518117304	-0.006157872990184688	-0.217645711133997	0.1284185311390117	0.04194384358778551	0.3255886079307762	-1.449139925265513	-19.00836694494501	3.770802752794219	-15.8076405852042	-674.0123083752183	-69.29224490473216	-13.50606250910932	0.3644264891150026	0.971078715899363	-0.6055277126789981	-1.36167999595164	0.4863803959338252	-0.3912814763872208	2.391773861174684	-1.235193201548035	-1.235193201513809	-0.3436951632151631	-0.01148800400365363	-0.2490978529426024	0.4382246072721052	4.357051727217239e-07	5.333243362715304e-07	-2.080932110191243e-06	-1.626165195692758e-07	4.921238881924531e-07	-1.07749932096689e-07	3.698003072130946e-07
1.5	-0.08217660779981634	-0.05936822359481934	0.8252604212088739	0.8650686740753054	-0.3184666986560232	-0.1259803678007603	-0.8162683347661465	0.8048966197017984	0.8048966197017794	-0.09155253333849368	-0.1743133703072102	0.07983051055030545	0.001884708832635916	0.5493196401901383	0.3141662659611159	0.5325143322869236	-2.468727579362348	0.07369132022620593	-0.6586454997841088	0.8207084142991631	-2.068235173532316	-2.068235173533194	-0.1591161396953893	-0.00180730423220937	-0.267121051538784	-0.003685119243644773	-0.2599059541424178	0.01989018648061022	-0.005939756362685388	-0.213767508841227	0.1270323789736951	0.0414977441778166	0.3172403169947311	-1.541423456741104	-18.89146470955789	3.858391108008843	-15.65353828046531	-667.9983967773736	-69.47864482892669	-14.28222399919386	0.3041859516216275	0.9598094140200885	-0.6778023999986824	-1.147910334794812	0.5267970838708846	-0.3823750325426499	2.357372852725014	-1.050695899667372	-1.050695899667382	-0.2441100296938349	0.008860252369079473	-0.1865470789951773	0.5011324333037819	4.43430840166435e-07	6.524470305928641e-07	-2.035486041249508e-06	-1.519147321630775e-07	5.271746161706659e-07	-4.154997807696714e-08	3.772383027649262e-07
1.51	-0.07666855473801412	-0.05617877042561822	0.8305506136229347	0.8403259843735674	-0.3177048485792067	-0.132584372462691	-0.8079449380847203	0.78416406099907	0.7841640609990501	-0.09315918664644432	-0.1743317475897767	0.07715022254986179	0.001871392301374903	0.5522053003703448	0.3236982781402041	0.525410978457109	-2.479491630522237	0.0786754295544795	-0.6620880457379795	0.8438676114868373	-2.077983079038508	-2.077983079038778	-0.1622108359178998	-0.001862508375689715	-0.2688555772084404	0.001040787370412932	-0.2505071478237876	0.01928733421782758	-0.005692245431972645	-0.210126173086787	0.1257624566088972	0.04080900553786428	0.3086305550466237	-1.613411864621502	-18.66663189332435	3.921796192793762	-15.38779886437429	-662.0450960286727	-69.51604849067405	-15.04630852736779	0.2679495515768158	0.9459562904059758	-0.7434603159547484	-0.9927856524297499	0.4838648979616976	-0.3147127365207379	2.279696576862571	-0.8928926658564531	-0.8928926657652692	-0.3415028129893357	-0.01226846938907477	-0.1547284384876325	0.461259426387828	4.518069097062025e-07	7.811253011068473e-07	-1.990467338067899e-06	-1.419679868222764e-07	5.665560822053463e-07	2.49799590830969e-08	3.856144324495982e-07
1.52	-0.07113420637434056	-0.05289478530051606	0.835766400810401	0.8154852275310599	-0.3168932280009709	-0.1392207062561083	-0.799393048746403	0.763342812283329	0.7633428122833144	-0.09479665759552634	-0.1743505884581011	0.07445502466721479	0.001905922766440627	0.5545787005648326	0.3330726571413197	0.5176332869680293	-2.488341007515879	0.08364542050899398	-0.6651113260803051	0.8664069456774858	-2.085973176135152	-2.085973176134814	-0.1652796679187947	-0.001900021386470067	-0.270103027979566	0.005884280021713597	-0.241108341505161	0.01868448195504354	-0.0054447345013339	-0.2064848373323435	0.1244925342441016	0.04012026689791219	0.3000207930985129	-1.685370321654964	-18.4432970317811	3.987146850980458	-15.16778539328851	-656.1251126700954	-69.62422723025594	-15.79772325474613	0.2017339544778486	0.9282827784256047	-0.8126699318517274	-0.7649755015451151	0.523973409119084	-0.2985219102335949	2.233400253319755	-0.6991342177578427	-0.6991342177578038	-0.2389371853707241	0.0123984789091216	-0.08913209928893907	0.5246496407524034	4.585578284938119e-07	9.134419684872984e-07	-1.943232859009746e-06	-1.321334950482358e-07	6.077455402547314e-07	9.082381158193797e-08	3.934708982522839e-07
1.53	-0.06557868056049629	-0.04951797633738391	0.8409011312047484	0.790565462928106	-0.3160321240853067	-0.1458852705737345	-0.7906192286207407	0.7424503074602888	0.742450307460274	-0.09646488167109123	-0.1743697820788872	0.07174963825794305	0.00198927344597299	0.5564343018904268	0.3422490469770197	0.5092060315486903	-2.495277581083619	0.0885624720866305	-0.6677017690278331	0.8882254632289309	-2.092229795421749	-2.092229795421589	-0.168387472781541	-0.001912088927478503	-0.2709002137076861	0.01079172837686045	-0.2315474791145181	0.01787588077003461	-0.005172592586655495	-0.2030208463425518	0.1231174422088632	0.03923973492591182	0.2911814886850567	-1.812523842043062	-18.12282375749165	4.032236655759648	-14.73751038905621	-650.3273085130351	-69.61298400348998	-16.53637192755289	0.1636889876640995	0.9062803666600435	-0.8736326127939114	-0.607794630652787	0.4737201316142327	-0.2239488541938245	2.136335072107506	-0.5443077635640571	-0.5443077635907928	-0.3499146844320221	-0.004405915540889434	-0.06386419688496364	0.4747111254798235	4.635820246072532e-07	1.049624432538371e-06	-1.893644118082763e-06	-1.224182726888782e-07	6.508559898197403e-07	1.559386991282296e-07	4.007752211803591e-07
1.54	-0.06000735558018591	-0.04605061081979159	0.8459484131917389	0.7655863733202195	-0.3151222198339552	-0.1525726679942792	-0.7816311718063547	0.7215041600484863	0.7215041600484841	-0.09816482630482103	-0.1743883756840701	0.06903850951392812	0.002121882347573569	0.5577385338585951	0.351183968033352	0.5001436054966022	-2.500206008501932	0.09340548764539798	-0.6696779466626176	0.9092542834224182	-2.096701693886486	-2.096701693886505	-0.171623779552504	-0.001780018265889236	-0.2712514949282617	0.01573592443536721	-0.2219866167238846	0.01706727958501731	-0.004900450671921797	-0.1995568553527628	0.1217423501736242	0.03835920295390201	0.2823421842715943	-1.936993799928545	-17.80440444893446	4.079465000235152	-14.36242426436335	-644.5262865108427	-69.66840532343892	-17.26277629867337	0.09146008299258579	0.879989022552127	-0.9397040584015105	-0.3633462716597456	0.509166205345283	-0.1756688476848593	2.075460781728085	-0.3421900533860964	-0.3421900533861442	-0.2646375670140525	0.04122611942871544	4.880222003680185e-05	0.5319991814244185	4.023281826981735e-07	1.370904679240453e-06	-1.479245166959947e-06	-4.507265580968938e-08	6.335305852451208e-07	2.086462999820829e-07	3.81946547794279e-07
1.55	-0.05442578672022752	-0.04249519054955449	0.8509019874191097	0.7405681727904482	-0.3141639871445414	-0.1592793913367798	-0.7724369785254565	0.70052239878334	0.7005223987833052	-0.09989565128377172	-0.174406706757538	0.06632623805134966	0.002304504081242118	0.5584825204269105	0.359850471044992	0.4904741728172801	-2.50309546965575	0.09821996194502716	-0.6715617421917303	0.929427970238938	-2.099344625923314	-2.099344625923742	-0.1745733334145195	-0.001863814305574495	-0.271127020015372	0.02078628696988829	-0.2122977744349633	0.01592082708459182	-0.004649077474763078	-0.196525660948654	0.1206555280914468	0.03735303309802982	0.273391247590328	-1.996811285899187	-17.43789116626147	4.113485481495073	-13.93735322739587	-639.036383200348	-69.70740052250545	-17.97800552853061	0.05195854510433812	0.852577986234099	-0.9950232941918751	-0.2009489608037718	0.4641372203881247	-0.1787070019603141	1.964862253818898	-0.1795159599730856	-0.1795159600346113	-0.31454152333292	-0.02991253139930508	0.03008658246358636	0.4909050623317257	2.647105143718456e-07	1.905449762475207e-06	-6.445214084376046e-07	1.101949373640832e-07	5.465725661183248e-07	2.47058548777258e-07	3.330081177853696e-07
1.56	-0.04883955987431675	-0.0388545858400486	0.8557559752353883	0.715531237064426	-0.3131582998765009	-0.1660017470538636	-0.7630457404519529	0.6795233739615931	0.679523373961531	-0.1016568572468526	-0.1744252218045466	0.06361749928722862	0.002537499494828987	0.5586701310493761	0.3682208558871128	0.4802263232781934	-2.503953047752011	0.1028964033693051	-0.6728044215782747	0.9486632419436754	-2.100154405205818	-2.100154405206657	-0.1776999763780365	-0.00181681297454654	-0.2705449552368751	0.02581066041904067	-0.2026089321460464	0.01477437458417137	-0.004397704277585128	-0.1934944665445487	0.1195687060092693	0.0363468632421581	0.2644403109090578	-2.054937278815526	-17.0728650447405	4.149103661968607	-13.54843320168527	-633.5466730629105	-69.78124871443553	-18.67693935331805	-0.01981510617747477	0.8207653886483776	-1.055387430354428	0.04303033985161019	0.4815596302750403	-0.04744561917114821	1.88777775937152	0.02444049747862043	0.02444049747862028	-0.3000553873143785	0.06738559357141455	0.09156677534153394	0.5268013643507141	1.573910455758432e-07	2.256103706628736e-06	-5.013318679384868e-08	2.223695368779186e-07	4.670830925969978e-07	2.674964203798811e-07	2.928342730315993e-07
1.57	-0.04325439556446013	-0.03513191040835256	0.8605046487558321	0.6904963237067111	-0.3121062836088772	-0.1727342881475272	-0.7534669039447036	0.6585256662271441	0.6585256662270919	-0.1034491047012619	-0.1744431404814243	0.06091692844542082	0.002820928875063217	0.5582672213313774	0.3762486315847655	0.4694207484237168	-2.50267332531996	0.1074850468295744	-0.6736143830548081	0.9669228267444914	-2.09907335501321	-2.099073355014032	-0.1807597245662549	-0.001755192884331153	-0.2694998713130914	0.03087087936610425	-0.1930053598138385	0.01367582829903132	-0.004230822470670093	-0.1904064812911481	0.1181359850981152	0.03519961527876886	0.2554989476320143	-2.255179843811194	-16.62091794787788	4.16998795736508	-12.91690540635152	-628.3712003158505	-69.7137975892517	-19.34703670250785	-0.06487427337555057	0.7840066802888499	-1.106216063444769	0.2238687639795135	0.4438445737226314	-0.08414776734915763	1.767863926123453	0.1969559219980461	0.1969559220005712	-0.310008572022878	-0.02267141974910917	0.1214545791331841	0.4945454399105966	8.794432619274723e-08	2.376893726930736e-06	2.438356137516777e-07	2.806778943168329e-07	3.96929301082507e-07	2.654663204918143e-07	2.636161598467529e-07
1.58	-0.03767612942554126	-0.0313309126156874	0.8651426518176411	0.6654848926871333	-0.311009115332684	-0.1794722041270458	-0.7437109085723098	0.6375481727229869	0.6375481727229544	-0.1052721644450451	-0.1744600872846956	0.05822890351849895	0.003154743100773327	0.5572904968628188	0.3838853280809367	0.458092231551222	-2.499256580124006	0.1119268050826275	-0.6738793987495295	0.9840950149727991	-2.096111559146758	-2.096111559147563	-0.1838624342523625	-0.001622438253945143	-0.2680357722598508	0.03588762951422525	-0.1834017874816251	0.01257728201390452	-0.00406394066375999	-0.1873184960377429	0.1167032641869678	0.03405236731539721	0.24655758435497	-2.458991376690851	-16.16861289145772	4.19111991032213	-12.29259220247561	-623.2608936253347	-69.67058540954511	-19.98324861935128	-0.1345780562895297	0.7425495483521249	-1.159975833958064	0.4704348926323506	0.4521825888318067	0.06154353719133856	1.670298444869738	0.4005896322470711	0.40058963224709	-0.3086476868921931	0.0816125016056056	0.1753698012329707	0.5181076045622368	3.556065809636583e-08	2.446669009793743e-06	4.506914548256999e-07	3.17537579111114e-07	3.476983392909503e-07	2.616941237616143e-07	2.395182002539948e-07
1.59	-0.03211060021363948	-0.02745562198500718	0.869664856364938	0.6405185652776849	-0.3098680771125382	-0.1862105301163127	-0.733788734126379	0.6166098257226347	0.6166098257226439	-0.1071258176108553	-0.1744755844422259	0.05555765697528042	0.003538740487924448	0.5557159394466094	0.3910951049370758	0.4462722112706909	-2.49363592036577	0.1162597351150582	-0.6737253445677723	1.000139681788019	-2.091232080528625	-2.09123208052919	-0.1868463357611669	-0.001489247057990783	-0.2661439249640323	0.04090947964062191	-0.173847529520602	0.01134902757615215	-0.00400164408187543	-0.1843910007884111	0.1152941711257186	0.0328831358368686	0.2376779739789709	-2.685350076944566	-15.70062018103028	4.207246811549586	-11.5807764267364	-618.5649051565258	-69.63494628776478	-20.58061290882588	-0.1838335717488708	0.6986037682452484	-1.204422231605256	0.6637992177553728	0.4202532220281181	0.001575330843032262	1.541521935977924	0.5804486060446583	0.5804486060805379	-0.2895159053605254	-0.02261528806469209	0.2066034035032364	0.493411794519292	6.333988174810155e-09	2.447210006132404e-06	5.393225651884017e-07	3.252883510305372e-07	3.268626464090883e-07	2.555576527456619e-07	2.223690205362136e-07
1.6	-0.02656380437339817	-0.02351055118296592	0.8740665792881287	0.6156196280058828	-0.3086844285897504	-0.1929454677693234	-0.7237121187850712	0.5957300378343496	0.5957300378344131	-0.1090085606962519	-0.1744901072311258	0.05290743114697027	0.003972793991907678	0.5535438225319321	0.3978413623531441	0.4339959067299728	-2.485778552594091	0.1204488656106578	-0.6732017314990101	1.014983194048452	-2.084399736732564	-2.084399736732891	-0.1896804181694064	-0.001427564528239709	-0.2638316292783341	0.04589885288065601	-0.1642932715595682	0.01012077313841971	-0.00393934749999562	-0.1814635055390733	0.1138850780644779	0.03171390435836428	0.2287983636029731	-2.916778340123129	-15.23068720864429	4.221861822127573	-10.86641987424178	-613.9528867323189	-69.61414743795804	-21.13432409337671	-0.2540899559831868	0.6498456603380123	-1.25123268599544	0.9177764953208662	0.4234226814656254	0.1354553145924056	1.430067533912385	0.7911626678324077	0.7911626678324091	-0.278683866779214	0.06731076836502561	0.2594594792089997	0.5116122272897679	-1.405331379509523e-08	2.408589424390322e-06	5.746218297814803e-07	3.236914298120784e-07	3.08816511782496e-07	2.503570533051618e-07	2.080049714395601e-07
1.61	-0.02104178999384885	-0.01950041370674303	0.878343384241691	0.590810556198972	-0.3074595792661765	-0.1996726883975516	-0.7134930874215651	0.574928358487267	0.5749283584873024	-0.1109191362485394	-0.1745038055230481	0.05028244980259997	0.004456617363030724	0.5507596213145347	0.404100778830232	0.42130258332718	-2.475662832208522	0.1244895733819261	-0.6721438017739425	1.028612404003086	-2.075609687308915	-2.075609687308758	-0.1924342784915468	-0.001297073718805841	-0.2610960691209343	0.05085235510039857	-0.1548821151475591	0.008839209292669899	-0.00397718106090863	-0.178764771512381	0.1126937540671351	0.03047858934736283	0.220132535516899	-3.118170707309553	-14.73277366623849	4.226830775477731	-10.14743641163675	-609.9176297982979	-69.56592155204703	-21.63972303623897	-0.3055297500369302	0.6012462978694242	-1.287700005506448	1.114385168563916	0.3892866220663307	0.1058992522732892	1.297746528707214	0.9718546000146453	0.9718546000873889	-0.2732478859943384	-0.0117926995560245	0.2909495097122414	0.4847842121827229	-2.140254803631655e-08	2.312205514979143e-06	5.312566218643654e-07	3.083066612152438e-07	2.948849755824265e-07	2.465368644384535e-07	1.977489900090701e-07
1.62	-0.0155506065355647	-0.01543023073445465	0.8824913923936083	0.5661138246675902	-0.3061953445054686	-0.2063863422383624	-0.7031440841980207	0.5542243653384864	0.554224365338522	-0.1128571525582535	-0.1745157410942473	0.04768689310494572	0.004989488754924398	0.547377638280405	0.409850461566242	0.4082365464009715	-2.463310497487396	0.1283259530375438	-0.6704883740165036	1.040977566056477	-2.064862497069925	-2.064862497069282	-0.1951685696562006	-0.001075020380916913	-0.2579466999352622	0.05570845703479093	-0.1454709587355404	0.007557645446940532	-0.004015014621737735	-0.1760660374856884	0.1115024300698008	0.02924327433638678	0.2114667074308249	-3.326279844430013	-14.23142897565664	4.228676911211195	-9.419070485781324	-605.9887204605525	-69.52855186235627	-22.09241218413388	-0.3736463193297972	0.5478989121224883	-1.325775390678542	1.365099362432385	0.382557058335516	0.2549549210667271	1.177257953663855	1.182590830900577	1.182590830900648	-0.274770035281892	0.08562327405612327	0.3422212848635342	0.4921321702197764	-2.238985183933739e-08	2.183111476026658e-06	4.652069336403447e-07	2.847303438631213e-07	2.912379895402298e-07	2.43499108358118e-07	1.870992879655709e-07
1.63	-0.01009631196799121	-0.01130522092017569	0.8865069979126663	0.5415520506983461	-0.304893603668297	-0.2130802165696739	-0.6926778397204301	0.5336377066872777	0.5336377066872208	-0.1148221020723583	-0.1745246476890745	0.04512490400984544	0.005570619307822143	0.5433787747167739	0.4150541435606231	0.394834717021885	-2.44864855672727	0.1319978882279204	-0.66821809915549	1.052045127814706	-2.052125830206486	-2.052125830205932	-0.1977705534248312	-0.0007146917785392646	-0.254380245389384	0.06051394142461596	-0.1362083855651721	0.006249768813106031	-0.004138124252373684	-0.1734398710343115	0.1102449144739273	0.02801767940942568	0.2029817805012815	-3.591378408633922	-13.72141026480604	4.225808084744872	-8.594049280629747	-602.5884193278971	-69.51398006888812	-22.48830298023332	-0.4284078536108225	0.4920441106856864	-1.354800312688876	1.57607642198929	0.3555442110700001	0.2234534001616582	1.037575039768342	1.370681331325002	1.370681331311547	-0.2449449782080466	0.009983311746520951	0.3745361799453586	0.4738670293726338	-1.316458309682666e-08	2.001509071231554e-06	3.627426849236636e-07	2.480044350880382e-07	3.041004129619856e-07	2.417173628032756e-07	1.758175607275046e-07
1.64	-0.004685086331808078	-0.007131086032435409	0.8903871024177004	0.5171487631345359	-0.3035559369868854	-0.2197493102260628	-0.6821077056746858	0.5131887100481409	0.5131887100480201	-0.1168114779102519	-0.174530201866224	0.04260071518830355	0.006199626795819844	0.5387638520039272	0.4196754762585063	0.3811363435961822	-2.43161321639968	0.1355111218855409	-0.6655322390327616	1.061755479687591	-2.037330094652671	-2.037330094652208	-0.2000538344156368	-0.0004045368394461591	-0.2503866452236889	0.06528384405479203	-0.1269458123947933	0.004941892179290551	-0.004261233882888652	-0.1708137045829366	0.1089873988780612	0.02679208448248613	0.1944968535717384	-3.863958246106064	-13.20671216700851	4.218344736069197	-7.759844324930135	-599.3074801916065	-69.50791314819695	-22.8250521275091	-0.4968581491730957	0.4314290528230059	-1.385084200001794	1.83977927592522	0.3508167517843028	0.3380719734097755	0.9058159765948945	1.59440456897562	1.594404568975441	-0.2110294797169094	0.07558854139928906	0.427650408827011	0.4850158182900324	3.92019213947464e-08	1.836481938576065e-06	8.395829509682608e-08	1.897946127450695e-07	3.871224991532382e-07	2.95601256989141e-07	1.90530537967787e-07
1.65	0.000677123585121471	-0.002913725627011305	0.8941289441270672	0.4929269879684244	-0.3021844969938384	-0.2263878592705567	-0.6714476446528833	0.4928973089144557	0.4928973089143537	-0.1188239857940245	-0.1745317521669789	0.04011816894721452	0.006875390302395118	0.5335712014169951	0.4236905270008846	0.3671958155768599	-2.412334857551131	0.138744314435872	-0.66207812711303	1.070020405333666	-2.020603675041232	-2.020603675040959	-0.2024029195462589	0.0001099885227108699	-0.2460561100653042	0.06985551134795506	-0.1177928182994188	0.003522101863596686	-0.004444262664898915	-0.1685004780743726	0.1079346703911644	0.02551321240983392	0.1862198109070532	-4.118385410295986	-12.66791755811155	4.202313990565501	-6.876051999873283	-596.6986933174144	-69.51750725084059	-23.10829136494548	-0.5465085397423359	0.3706376283271015	-1.403818898684005	2.032918594336778	0.3045506832854397	0.3642669805250877	0.7513829576181248	1.763671161630889	1.76367116160259	-0.2398984410343246	0.04150198075534392	0.4457746107355725	0.4410880983095911	1.670655884471848e-07	1.700461532164911e-06	-5.033863416728079e-07	9.398794165829892e-08	5.9292399519112e-07	4.469000207212538e-07	2.507342480451844e-07
1.66	0.005984198990916349	0.001340604194512514	0.8977303241970835	0.4689102072717977	-0.3007817290399607	-0.2329888299599969	-0.6607120239548212	0.472783554077739	0.4727835540777041	-0.1208585946113497	-0.1745277337247678	0.03768093196598796	0.007596439664598007	0.527736949778531	0.4270693594784493	0.3530440157260613	-2.390614322501905	0.1417767140513121	-0.658016568022496	1.076867414939938	-2.001800835253679	-2.001800835253591	-0.2044740211288585	0.0007092117701236918	-0.2413247932512625	0.07434101518032445	-0.108639824204036	0.002102311547921123	-0.004627291446659471	-0.1661872515658223	0.1068819419042723	0.02423434033719717	0.177942768242367	-4.374862359614447	-12.12916002279195	4.186742623334141	-6.025822735505304	-594.1417708265935	-69.56675003885321	-23.34030390807086	-0.6251783594796271	0.3041853998603839	-1.427338566297053	2.328214516060375	0.3106581648060552	0.4595614075702614	0.6222327686341826	2.009688604198346	2.009688604199023	-0.1554327701124202	0.09252811845044716	0.5078067399585472	0.4677831261313323	2.488315505008156e-07	1.61388272880788e-06	-8.794365604853666e-07	2.863456704360969e-08	7.418920543190353e-07	5.51440709555012e-07	2.878880408249393e-07
1.67	0.01122983932760438	0.005625434044517374	0.9011892954948221	0.4451226766152206	-0.2993496958977016	-0.2395461005482689	-0.6499154298265416	0.4528680429097915	0.4528680429097528	-0.122912581369433	-0.1745172425565143	0.03529285382097281	0.008361810476832682	0.5212894797237801	0.4297797015872274	0.3387281164316558	-2.366478641513725	0.1445822466094437	-0.6533208906431088	1.082181969712847	-1.980945046872821	-1.980945046872792	-0.2062912429274396	0.001404978250224703	-0.2362308634311192	0.07870224357569194	-0.09945044491198805	0.0004685765373035475	-0.004866939170712055	-0.1643441906037872	0.1061269074255113	0.02286711320063399	0.1697286631708896	-4.586385260077364	-11.55542292211742	4.160478292322423	-5.0912252171826	-592.2425411701872	-69.63550669518331	-23.52302949808209	-0.6697845126598956	0.2369256109737636	-1.436872821007158	2.518224948995461	0.2582002806055786	0.4923254831079426	0.4456506810250292	2.17692141529899	2.176921415289665	-0.1898249110204371	0.06029460470262288	0.519226632163448	0.4154959118601756	2.424695471155459e-07	1.621824637171971e-06	-8.515415684976174e-07	2.150072980201943e-08	7.822079546484804e-07	5.665909610830886e-07	2.809758152415525e-07
1.68	0.01640795432689916	0.009933860714527017	0.9045044763576177	0.4215888987802795	-0.2978910675340022	-0.2460528634467484	-0.6390737733806541	0.4331717691176799	0.4331717691176865	-0.1249837319507471	-0.1744993549851761	0.03295752307998358	0.009169834216145133	0.5142318823015797	0.4317887234794061	0.3242859287374422	-2.3398637581736	0.1470957583391246	-0.6479150300643302	1.085879878462017	-1.957953360081185	-1.95795336008122	-0.2079067857776005	0.002188492406830952	-0.2307753124461252	0.08287160059588798	-0.0902610656199395	-0.001165158473301999	-0.005106586894522623	-0.162501129641771	0.1053718729467527	0.02149988606408135	0.1615145580994082	-4.797695020602898	-10.98148608282489	4.133912591138549	-4.200959157614303	-590.3654747841044	-69.73437472377115	-23.65905072998634	-0.747203832969775	0.1639213565406195	-1.452596246258664	2.824054986449247	0.2522539991158432	0.6015980474483961	0.2989035638865237	2.436868286353786	2.436868286353701	-0.1150969804284253	0.1100776537513217	0.5801309729288177	0.42940885109704	2.361213030013538e-07	1.620550783288361e-06	-8.235389868640108e-07	1.325001630635987e-08	8.24376426162075e-07	5.788258273827043e-07	2.730919589432226e-07
1.69	0.02151248417024217	0.01425869356029214	0.9076747562080306	0.3983337036979032	-0.2964087162331034	-0.2525020671733046	-0.6282037192232587	0.4137159088388014	0.4137159088388033	-0.1270698387691704	-0.174473148576059	0.03067829462277704	0.01001856377913566	0.5065700952117094	0.4330428315055929	0.3097606598162433	-2.310732768676975	0.1493200819592199	-0.6418073843602491	1.087818670193127	-1.932848725552528	-1.932848725552552	-0.2092711568421528	0.003059264553657652	-0.2250255336432846	0.08683193413451737	-0.08097863412768776	-0.002943638371897982	-0.005404445313755144	-0.1610387189843031	0.1045994312382146	0.02007621958222321	0.1532676215700398	-5.06822553691931	-10.37036916714467	4.098791691974447	-3.066569988528947	-589.1435665505428	-69.86350027541974	-23.75144973075339	-0.7912789254117694	0.08590245692155797	-1.45371894091548	3.023994470510326	0.199201805502064	0.6333346122197131	0.09452455398394016	2.602705305437814	2.602705305439569	-0.1403716099679079	0.07635962145064888	0.5791704986217873	0.3728276480481001	2.298018673609804e-07	1.599981427198628e-06	-7.953111394093904e-07	2.660843153742715e-09	8.704237185924827e-07	5.8495660586023e-07	2.631737508354803e-07
1.7	0.02653727358699477	0.01859201687257143	0.9106995380240586	0.3753830932183359	-0.2949057856435925	-0.2588865970867534	-0.6173236456333023	0.3945221837590567	0.3945221837590856	-0.1291682421863332	-0.1744380779202013	0.02845791778653105	0.01090559308607289	0.4982837969852292	0.4334868167822398	0.2951863218604361	-2.278946837610697	0.1512116160611398	-0.6349802674429031	1.08788376497469	-1.905526320251225	-1.905526320251238	-0.2103661055266767	0.003961341752574281	-0.2190049882540379	0.0905315493852353	-0.07169620263543669	-0.004722118270489787	-0.005702303732861239	-0.1595763083268467	0.1038269895296772	0.01865255310036777	0.145020685040669	-5.336593132078923	-9.759023494710226	4.062941743921615	-1.986864734168977	-587.9183699430304	-70.01267250178748	-23.80378514605887	-0.8721060602919488	0.001896806632772828	-1.462410053180319	3.355043300380065	0.1856960954807151	0.7454922901011936	-0.0758358260231236	2.880422440882903	2.880422440882721	-0.06121250442278028	0.1163386641691153	0.6342842902101726	0.3772651935147548	2.220429995261119e-07	1.579305740637965e-06	-7.633280355911567e-07	-6.228835820951619e-09	9.113440902004423e-07	5.882003471721191e-07	2.529807184810717e-07
1.71	0.03147615606799731	0.02292562371821505	0.9135785002024178	0.3527635502603499	-0.2933855496678311	-0.2651991913015486	-0.6064526607443691	0.3756126101355203	0.3756126101355307	-0.1312760713031944	-0.1743936949384886	0.02629894618605521	0.01182832772669702	0.489390066122114	0.4330888910838553	0.2806116607411018	-2.244504316756379	0.152773507820339	-0.6274039191071811	1.085971029479934	-1.876007869659838	-1.876007869659871	-0.211151017064651	0.004925324932702121	-0.2127512616740225	0.09396328636237634	-0.06235177964249985	-0.006613977662804612	-0.006074741369659455	-0.1586985024193645	0.1034247654039285	0.01711253025459386	0.1368581926973534	-5.551182326031596	-9.10120010334996	4.013557822502406	-0.8065616943809566	-587.5376948385529	-70.17212753078881	-23.81995250878738	-0.9134222836109862	-0.08248940342877607	-1.453969829312794	3.557466473994232	0.1319597013477943	0.7841196008218421	-0.3003199111794063	3.044589709361053	3.044589709358153	-0.07960687998060595	0.08776562434899746	0.626666852579795	0.3181500856941014	2.109734376439046e-07	1.558385493994162e-06	-7.227078421366125e-07	-1.12096781864233e-08	9.404725439167707e-07	5.848039030030439e-07	2.421555903593306e-07
1.72	0.03632301810350198	0.02725088087780338	0.9163119206319832	0.3305021545101088	-0.2918515899774335	-0.2714319393338841	-0.5956110687103812	0.357009627686108	0.3570096276861184	-0.1333902448157326	-0.1743394046290764	0.02420366185351612	0.01278378416426859	0.4798797078874484	0.4318168795711844	0.2660779721016461	-2.207317396060599	0.1539563589878685	-0.6190110309508958	1.082005193986102	-1.844208085424673	-1.844208085424725	-0.2116349846624601	0.005942807289404176	-0.2062675346667025	0.09707590877473057	-0.05300735664956645	-0.008505837055121503	-0.006447179006410512	-0.1578206965118903	0.103022541278178	0.01557250740881636	0.1286957003540369	-5.762197167016042	-8.443049314967537	3.963034248922436	0.3116965665327264	-587.1342675530095	-70.34180985669748	-23.80412629004962	-0.9954315346022372	-0.1729203562243944	-1.454215557204613	3.903923268672393	0.1098879771467445	0.9088002542137056	-0.4864558258385859	3.336689169638554	3.336689169638584	-0.00102371638979051	0.1270384994838422	0.6802843756712276	0.3134422805574106	2.035520173168569e-07	1.513255586684779e-06	-6.9868323638586e-07	-1.909213519791333e-08	9.690838710976481e-07	5.823915815421486e-07	2.31438158805816e-07
1.73	0.0410717895321225	0.03155898818628426	0.9189003878318169	0.3086261580503007	-0.2903076654404096	-0.2775764418230003	-0.5848195350591032	0.3387357797873791	0.3387357797873886	-0.1355076741470075	-0.1742743745441735	0.02217420799175679	0.01376875564061058	0.4697747274228638	0.4296531512688231	0.2516375653387574	-2.167423096353539	0.1547626468255638	-0.6097554477584992	1.075953281073127	-1.810182715396079	-1.810182715396141	-0.2117882852607579	0.007065759060607087	-0.1995920877357735	0.09986071433400659	-0.04389570486698156	-0.01041113657062772	-0.00687012882641056	-0.1572412522556834	0.1026120920700531	0.01405604116335928	0.1209003305240962	-6.044813688069805	-7.781337028662296	3.910507765086442	1.569580221830644	-587.7457058666636	-70.58867703381624	-23.7593398984061	-1.03302906553247	-0.2608228092169106	-1.435435311922079	4.10099948897806	0.05598207974799646	0.9542406162365514	-0.7167973036840197	3.492235099578286	3.49223509957661	-0.01291802838640036	0.1051324269460244	0.665881112292967	0.2522230634115045	2.053812416475351e-07	1.406736896973387e-06	-7.167402994554362e-07	-3.433225791894986e-08	9.963839131350603e-07	5.824747140912812e-07	2.209938149788751e-07
1.74	0.04571651160345862	0.03584091346334602	0.9213451545488037	0.2871628678210086	-0.2887576814464722	-0.2836243278272961	-0.5740989681928885	0.3208135404249639	0.320813540424967	-0.1376247234436359	-0.1741980731593293	0.02021244985140468	0.01477981984650505	0.4590698364324804	0.4265804732873615	0.2373378755322156	-2.124776149956268	0.1551682503699424	-0.5996877339867451	1.0678118369739	-1.773886378163149	-1.773886378163223	-0.211558977732521	0.00819706727210886	-0.192728390385273	0.1022944546852355	-0.03478405308439804	-0.01231643608613894	-0.007293078646509261	-0.1566618079994699	0.1022016428619271	0.01253957491789781	0.1131049606941569	-6.322873085803034	-7.11970587314609	3.857176850382802	2.756986576523322	-588.3225955180417	-70.84236418946222	-23.68308352081348	-1.115413639762225	-0.3547102920442851	-1.426072165935224	4.454452606714812	0.02975111848340412	1.071226370085086	-0.9043620630891281	3.790882610505529	3.790882610505674	0.07549790891708263	0.1287097875435463	0.7179344595856985	0.2432292389480234	2.007299050842479e-07	1.296252909761859e-06	-7.0949213260024e-07	-4.524757561594706e-08	1.002334456881324e-06	5.6982387434144e-07	2.072077006337544e-07
1.75	0.05025120162949187	0.04008757663585683	0.92364778294936	0.2661398325735297	-0.2872055038409271	-0.2895673141645493	-0.5634700357925608	0.3032656236893274	0.3032656236893528	-0.1397371494204974	-0.1741102145800852	0.01832033989395525	0.01581364572461717	0.4477739776822779	0.4226028098623768	0.2232269072942607	-2.079385467786135	0.1551986687746957	-0.5887710303656319	1.057645132542659	-1.735325920732599	-1.735325920732593	-0.2108523718207082	0.00937504212116091	-0.1856626585088934	0.104410863201776	-0.02612487587447248	-0.0140616343040077	-0.007744107200225509	-0.156165466300374	0.1016762233875502	0.01103359776283764	0.1058980828906544	-6.708116982833361	-6.444896730515524	3.802924559438076	4.033313562837114	-589.9775359599544	-71.12085326045487	-23.57669558283354	-1.150821860069552	-0.4417056881780057	-1.397562257643844	4.648184132505896	-0.0207172637612271	1.12282349880763	-1.122251215719189	3.944251246415927	3.944251246427821	0.07946239058506598	0.1122627181666585	0.7055600868158621	0.1867628572557432	1.778831475494414e-07	1.174635587261484e-06	-6.311946663408715e-07	-4.402017151467938e-08	9.48342178502435e-07	5.214199585214008e-07	1.840389229106668e-07
1.76	0.054670103094529	0.04428998091002678	0.925810511046553	0.2455840657698144	-0.2856551029443772	-0.2953969472374554	-0.5529526557530633	0.2861144363154267	0.2861144363154574	-0.1418402652465887	-0.1740105919754015	0.01649982076229995	0.01686681892774438	0.4359121242353047	0.4177286936191886	0.2093578148595691	-2.031322461202266	0.1548129085701523	-0.577017081117188	1.045501364808346	-1.694540505818602	-1.694540505818515	-0.2096969475780293	0.01054987235343644	-0.178410225226441	0.1061639196882641	-0.01746569866455508	-0.01580683252189174	-0.008195135754101626	-0.1556691246012701	0.1011508039131677	0.009527620607761481	0.09869120508715401	-7.089855685834649	-5.769914758184648	3.747747544725851	5.245856184816944	-591.6092264245	-71.39908169222478	-23.44219881697473	-1.228612579116628	-0.5340008556848151	-1.377697005282567	4.988917489461926	-0.05348460337593509	1.2386754955512	-1.299774723703581	4.235874107194833	4.235874107195306	0.1652615750902761	0.1280808641882047	0.7552747408004219	0.1705588329375745	1.574644495347247e-07	1.05658259703964e-06	-5.5903204092757e-07	-4.44131424353121e-08	9.027055931222677e-07	4.753340586813882e-07	1.620317119563066e-07
1.77	0.05896762423770389	0.04843915718589164	0.9278358946758544	0.2255222621699259	-0.2841105461640936	-0.3011045949345965	-0.5425665894819292	0.2693821940005737	0.269382194000572	-0.1439292896208909	-0.1738989790715932	0.01475276953865712	0.01793581198359154	0.4234993207694972	0.41195717139511	0.1957712031170051	-1.980589725159782	0.1540248952912351	-0.5643607149996195	1.031389209406177	-1.651532196142757	-1.65153219614281	-0.2080252834584533	0.0117740143129851	-0.1709689261088444	0.1075701903237631	-0.009043263705112509	-0.01749254983770504	-0.008681893182990197	-0.1553836839574128	0.1006528883219132	0.0080323310841512	0.09184460319020257	-7.521226669397413	-5.090095834496085	3.690897668564136	6.536894516162885	-594.1138447548436	-71.72599735456836	-23.28163461355098	-1.26155379803135	-0.6211472518123798	-1.341125842409717	5.182723721021337	-0.1025877203383787	1.302001573510466	-1.515337950584401	4.389647676616379	4.389647676595211	0.1806291755063392	0.1196648395878041	0.7432418825490663	0.1159025482617523	1.446334375202886e-07	9.496681451882054e-07	-5.060407931582284e-07	-4.986978529938354e-08	8.831805483631052e-07	4.364919587789588e-07	1.436543971542197e-07
1.78	0.06313822943266596	0.05252613437030657	0.9297270156709968	0.2059812403423312	-0.282576095122633	-0.3066811020898319	-0.532331325165241	0.2530913024382636	0.2530913024382036	-0.1459990952849748	-0.1737751079526039	0.0130810681832522	0.01901691601967478	0.410528934594992	0.4052888753292013	0.1825052880277872	-1.927166106742108	0.1527917608047715	-0.5507889727360153	1.01534097391961	-1.606270355313429	-1.606270355313623	-0.2058532055342759	0.01300151538251665	-0.1633402515788542	0.1085861157354898	-0.0006208287456788915	-0.01917826715353569	-0.00916865061207355	-0.1550982433135447	0.1001549727306519	0.00653704156052292	0.08499800129325423	-7.948655488756632	-4.409969968343999	3.632861052339404	7.767353703956489	-596.5856184488539	-72.04410670580049	-23.09710596276058	-1.340129120856416	-0.7133556240506574	-1.313557674613356	5.527093964499954	-0.1425088448852343	1.42175072475829	-1.686990740583181	4.686580337891355	4.686580337891648	0.2653443360105386	0.1287526861847675	0.792749823279347	0.09248978818315295	1.33384799409593e-07	8.535880375111761e-07	-4.573787025985376e-07	-5.567466621321909e-08	8.733510334122935e-07	4.012612225172514e-07	1.268390826352598e-07
1.79	0.06717650082131979	0.05654183634050872	0.9314872008967389	0.186987853477744	-0.281056129689165	-0.3121172422315434	-0.5222668380984824	0.2372641675152301	0.2372641675152137	-0.148044443771866	-0.1736388746174178	0.01148639672165939	0.02010623679828877	0.3970333906201834	0.3976903453657344	0.1695933530119161	-1.871033703556356	0.151122108580355	-0.5362830298887233	0.9971869188941015	-1.558759434774281	-1.55875943477437	-0.2031214774398908	0.01423242058135221	-0.1555724441496529	0.1092046393306458	0.008073988838733713	-0.02103688238194933	-0.009729941657619003	-0.1554162652019316	0.0999778355993602	0.005010727418726014	0.07798142955192942	-8.321129701112467	-3.720707026149664	3.567329496718561	9.142221424006571	-599.6443523202798	-72.44992930103027	-22.89078002659443	-1.368084768242437	-0.8072913443733745	-1.270588693166659	5.727937947948229	-0.1911638847219407	1.488523251873804	-1.93504096452858	4.842905802378985	4.842905802394578	0.2914379295051227	0.1182533659096985	0.7720528974776902	0.03545067875587578	1.276744699619887e-07	7.954281344445627e-07	-4.238686622726241e-07	-6.269838030122894e-08	8.974558727907076e-07	3.786702589980705e-07	1.154907691072438e-07
1.8	0.07107705322372346	0.06047671507869991	0.9331201513167038	0.1685701155354728	-0.2795552548726378	-0.3174036215073494	-0.5123949771981802	0.2219240533756963	0.2219240533756986	-0.1500596048011402	-0.1734907334443739	0.009970054673306019	0.02119952621956908	0.3829851373474474	0.389124228927007	0.1570583268723469	-1.812036322277184	0.1489736374158596	-0.5208367995550617	0.9768157406288718	-1.508866198617035	-1.50886619861702	-0.1998157140114027	0.01538308294725657	-0.1476743689309628	0.1093798442687636	0.01676880642313096	-0.02289549761038059	-0.01029123270336277	-0.1557342870903105	0.09980069846806035	0.003484413276910468	0.07096485781060376	-8.688266393373704	-3.031007134694177	3.500162915944881	10.45663411099305	-602.6475427208549	-72.83689064919044	-22.66495412224445	-1.450670980442216	-0.9068729191025425	-1.238175899352969	6.100089583183986	-0.2382726329010376	1.609808222032159	-2.130415388527635	5.163043461510973	5.163043461511098	0.3801514028310913	0.1127041195985236	0.8188033811773217	0.003826056775546386	1.229436280337992e-07	7.368247550608161e-07	-3.932342155854164e-07	-7.020671080074392e-08	9.244203248589497e-07	3.569679478267334e-07	1.045384198941926e-07
1.81	0.07483463010097156	0.06432096883672064	0.9346297574845007	0.1507563750434383	-0.2780782451191375	-0.3225306590503002	-0.5027387621306832	0.2070944236079864	0.2070944236079856	-0.1520388348630589	-0.1733312889342719	0.008533007859132828	0.02229224423606355	0.3684430222265034	0.3795512527245595	0.1449326850337034	-1.750213406317118	0.1463377955073819	-0.5044034505195619	0.9539947777826048	-1.456650952366465	-1.45665095236648	-0.1959409829922812	0.01648594258675678	-0.1397325342596001	0.109071767153352	0.02581811452869659	-0.02491402364545813	-0.01093401368939112	-0.1567358767067999	0.1000035677280637	0.001880575095859887	0.06368308113282137	-8.982025349107683	-2.31445591531408	3.421825922811271	11.94541497357899	-606.1859340390414	-73.2815530156258	-22.42201920531724	-1.469091144524122	-1.008817930799115	-1.189092777358647	6.298137394276504	-0.2898942631474149	1.685276279290234	-2.422810996194359	5.312068096486476	5.312068096481821	0.4046122128211552	0.1060095996691271	0.7822569172344906	-0.06198171681418042	1.220817618072979e-07	6.764696442243928e-07	-3.739583637710963e-07	-7.962927612570411e-08	9.62680247052012e-07	3.387758134293792e-07	9.515012972525198e-08
1.82	0.07844416395367607	0.06806423124071964	0.9360202403436635	0.133575812669369	-0.276630324643384	-0.3274883274958987	-0.493323731544355	0.1927992068807284	0.1927992068807057	-0.1539766219625089	-0.1731614292850384	0.007175456073097008	0.02337911005718093	0.3533765324414634	0.3689259581226618	0.1332336651455274	-1.685400698682702	0.1431557818658561	-0.4869629800848044	0.9285788443956491	-1.401983590529636	-1.401983590529683	-0.1915271215184229	0.01746611076799084	-0.1317753633034857	0.1082094051933538	0.03486742263426817	-0.02693254968054995	-0.01157679467558112	-0.157737466323273	0.100206436988063	0.0002767369147951905	0.056401304455051	-9.268205924906789	-1.597520153548943	3.341473971494243	13.37319449364046	-609.6330408474668	-73.69597660998001	-22.16452269879174	-1.55554591326171	-1.117336598992343	-1.152851509259475	6.698047918054002	-0.3475069795106979	1.811232501883695	-2.649409496665597	5.65346657876275	5.65346657876252	0.4879774937783837	0.08816582794530553	0.8218706381278708	-0.1070309121417391	1.217868751752896e-07	6.101146117979505e-07	-3.551004642469766e-07	-8.970201004471466e-08	1.000914311574848e-06	3.192247967706796e-07	8.535507371320426e-08
1.83	0.08190064998324077	0.07169597925507945	0.9372959821876287	0.1170578515093854	-0.2752168937298423	-0.3322663510883838	-0.4841761758871272	0.1790624426172361	0.1790624426172204	-0.1558675305140625	-0.1729820859504439	0.005897327248377333	0.02445456093248994	0.3378260880238306	0.3572469217831397	0.1219911380762396	-1.617676601637077	0.1394328379606484	-0.4684741469148255	0.9004976807162259	-1.344953819429594	-1.344953819429644	-0.1865660693805088	0.01837008252481035	-0.123854454541045	0.1067791473333352	0.04387339834450899	-0.02900494205115194	-0.01226987301480442	-0.1591710349974673	0.1006791086520047	-0.001284320820392247	0.04926622273009012	-9.514297358659546	-0.9013262082425664	3.258879719613044	14.86215995013728	-613.7561366418871	-74.21698697307077	-21.89510586125864	-1.569008600217512	-1.219718315333908	-1.098273943601862	6.886821113856533	-0.3993766511429831	1.892921753050165	-2.952660753992366	5.790035989683473	5.790035989683251	0.5134986092948507	0.08656816409776796	0.7766041434700383	-0.176299509586796	1.24043396718499e-07	5.167599322164245e-07	-3.381233500287582e-07	-1.027005026369516e-07	1.039032016581662e-06	2.935588099359256e-07	7.372957140717474e-08
1.84	0.08519878858977385	0.07520563067326304	0.938461634633333	0.1012325774230572	-0.2738436299663738	-0.336854443743469	-0.4753224700567794	0.1659084367875635	0.16590843678755	-0.1577061626371342	-0.172794691835355	0.004698288140915628	0.02551265397186776	0.321707047838111	0.3445066388874188	0.1112157854933978	-1.546863283949859	0.1351223518507543	-0.4489767926050367	0.8698088790203743	-1.285431903767209	-1.285431903767261	-0.1810718358227179	0.0190762668635302	-0.1159574198518871	0.1047378380071226	0.05287937405475467	-0.03107733442175654	-0.01296295135412646	-0.1606046036716491	0.1011517803159474	-0.002845378555580595	0.04213114100513313	-9.74930709432445	-0.2050149769878692	3.173917622632076	16.28905687401876	-617.7342331352959	-74.69473351437871	-21.61686918664498	-1.669265066879392	-1.329585910231858	-1.059416611970279	7.315892046372796	-0.4650154204479848	2.012936729845662	-3.170937099951479	6.151895491231302	6.151895491231132	0.5946137777536854	0.04860834432539139	0.8170958234715774	-0.2292412053804806	1.268028058029509e-07	4.194594193684311e-07	-3.212141700551508e-07	-1.16357547222523e-07	1.07964171777209e-06	2.667574492011135e-07	6.175487288616105e-08
1.85	0.08833339148557269	0.078582615304058	0.9395219987960094	0.08613000537137858	-0.2725161241597189	-0.3412422265387358	-0.4667890985903925	0.1533613868608735	0.1533613868608592	-0.1594867988470589	-0.1726006736064236	0.003577910113277965	0.02654750142806819	0.3051263631223111	0.3307155665977228	0.1009398860949343	-1.473134423019115	0.1302953134490005	-0.4284155304072679	0.8364331826196103	-1.223557543379581	-1.223557543379624	-0.1749289354926547	0.01968785959678494	-0.108117479252617	0.1021464411263824	0.06148436826164622	-0.03298830205046382	-0.01364873893156011	-0.1620393162857278	0.1014087634945718	-0.004264894706552585	0.03539467940592437	-10.09095823502646	0.4470322407055972	3.097684361173211	17.82561128216496	-622.3445761133189	-75.27632911555779	-21.33365350175331	-1.665571788711015	-1.430105606640935	-0.9990149169009932	7.478882233684725	-0.5040968274539254	2.102415741761129	-3.485720656146455	6.268279814728714	6.268279814730304	0.6431131182846905	0.06144698370714433	0.7675563167810282	-0.2868705027319313	1.32170944007598e-07	3.016898964506373e-07	-3.046573989754625e-07	-1.334308302735173e-07	1.133178649165007e-06	2.340663363597504e-07	4.796871899991699e-08
1.86	0.09129956721124224	0.08181644166829487	0.9404821363020777	0.07178022175244932	-0.2712393984925623	-0.3454194577566195	-0.4586024510372184	0.1414456952384953	0.1414456952384898	-0.1612022090621487	-0.1724017370009809	0.002535954119358304	0.02755387860079896	0.2880216138153405	0.3158749855757977	0.09117045417177774	-1.396305597397984	0.1249663239506544	-0.4068664771287522	0.8004640963785838	-1.159160242903948	-1.15916024290398	-0.1680266368565107	0.02005994216530675	-0.1002730131082919	0.09904378131319708	0.07008936246852551	-0.03489926967917641	-0.01433452650900312	-0.1634740288998233	0.1016657466731875	-0.005684410857533024	0.02865821780671641	-10.41675478139337	1.098463652872352	3.019082708486944	19.29579204727718	-626.7396069344107	-75.79960012685812	-21.04857631908384	-1.774077985113903	-1.539487656677424	-0.9581231169088877	7.935884984450207	-0.5654056397664815	2.210494945995046	-3.689615068004169	6.656483508832314	6.656483508832243	0.7464934389697889	0.0007063113788289069	0.8180009324828642	-0.3314937918694486	1.375094969905915e-07	1.927226322478398e-07	-2.904193756926658e-07	-1.491595256403568e-07	1.186215243700545e-06	2.046506974869848e-07	3.538310407821155e-08
1.87	0.09409257092529254	0.08489672968665822	0.9413471939875869	0.05821301137019969	-0.2700184558871626	-0.349376046244758	-0.4507888526706204	0.1301855928046637	0.1301855928046511	-0.1628451015568467	-0.1721998235481752	0.001572141901348412	0.02852656509311902	0.2704913253706104	0.300016256149534	0.08192468441017592	-1.31663230481741	0.1191265410675563	-0.3842845025200053	0.7618345833365499	-1.09244672435876	-1.092446724358872	-0.1604513343559835	0.02027776852443941	-0.09249098042339342	0.09539451959754072	0.07849295499023957	-0.03663904994850664	-0.01505750821190686	-0.1654039142593829	0.1025508862056134	-0.007289172901081548	0.02216941865450986	-10.57910647191088	1.808626358418453	2.923238765244056	20.682320456938	-631.5825558691229	-76.21663479742689	-20.764642941752	-1.755701389728354	-1.634052551475745	-0.8950076533019883	8.058672575288814	-0.6076224842426428	2.307111898940684	-4.012768463422819	6.740808866403507	6.740808866391644	0.7781230119028851	0.02551792488695543	0.758077256575475	-0.3964743830228033	1.426684254135453e-07	1.371976531003724e-07	-2.902594640338517e-07	-1.567246529248292e-07	1.236214078744858e-06	1.951218648521309e-07	3.008647572691847e-08
1.88	0.09670763233176359	0.08781343301758326	0.9421223532259768	0.04545765814983461	-0.2688587826849245	-0.3531018023506832	-0.4433741792426702	0.1196050301240918	0.1196050301240847	-0.1644092261552772	-0.1719970924064337	0.000686104574203896	0.02945979256396068	0.2524331523029053	0.2831580480881307	0.07319076474790867	-1.233934165019727	0.112712443318011	-0.3607000006862114	0.7206791086497705	-1.023252292251917	-1.023252292252108	-0.1522730576031085	0.02022347995183249	-0.08471803493520678	0.09115197701752281	0.08689654751198872	-0.03837883021783661	-0.01578048991481676	-0.1673337996189217	0.1034360257380469	-0.008893934944626813	0.0156806195023241	-10.72078413023241	2.517566781181123	2.824851878409	21.99908171320761	-636.1368073023521	-76.56002818133777	-20.48495407349007	-1.879654909709282	-1.739383383705049	-0.855753097041982	8.540854427872283	-0.6802686130559593	2.411000391004457	-4.194807396953448	7.152666221163401	7.152666221163483	0.8670882894393028	-0.05371667496905912	0.8161834931407901	-0.45014996474168	1.473257073476373e-07	7.947851800703084e-08	-2.882718306762644e-07	-1.641206848648514e-07	1.283740189239319e-06	1.836368411611885e-07	2.436371463300963e-08
1.89	0.09913999008533096	0.09055648851314317	0.9428127703823175	0.03354353337308093	-0.2677658461696846	-0.3565863191760846	-0.436384564280383	0.1097278621750186	0.1097278621750052	-0.1658883394780689	-0.1717955536182442	-0.0001227090265154903	0.0303477370720637	0.2339494015923582	0.2652755275252663	0.06497256632091734	-1.1483477100472	0.1057886529738076	-0.3360238910384012	0.6767863416924991	-0.9517442292665228	-0.9517442292666087	-0.1434235835608725	0.02004255579090471	-0.07705241744006529	0.08634499855089116	0.09508162276760732	-0.0403881967053505	-0.01648090344795774	-0.1693858605449986	0.1039141222509643	-0.0100460385715991	0.009256618752349767	-10.99388459352664	3.053866239730957	2.752917191070975	23.5828189600765	-640.8644419504315	-77.28553457761411	-20.2124804960435	-1.846110605119747	-1.839350084042241	-0.7926002558296446	8.648999740156173	-0.7113574289960101	2.522883520470137	-4.55514266286963	7.215435055747996	7.215435055763733	0.9127536874566298	-0.006584026431179819	0.7405933570004362	-0.5097234401666723	1.48346052237482e-07	5.85175230608763e-09	-2.730332150025688e-07	-1.702907755576097e-07	1.313339046747362e-06	1.579694323135995e-07	1.555149115513487e-08
1.9	0.1013848352410965	0.09311538606478065	0.9434234561463277	0.0225015648876834	-0.266744732194664	-0.3598186814512464	-0.4298476032512244	0.100578886599496	0.1005788865994982	-0.16727518271527	-0.1715970848196234	-0.0008550979564235753	0.03118486146499182	0.2149306327461785	0.2463264593036467	0.05724448628181959	-1.059502906746142	0.09834793527386357	-0.3102690906385572	0.630148322025048	-0.8776138175403053	-0.8776138175402862	-0.1338190404850013	0.01960948203891725	-0.06943310077293641	0.08098795398255014	0.1032666980232265	-0.04239756319286116	-0.01718131698106642	-0.1714379214710791	0.1043922187638839	-0.01119814219856757	0.002832618002372489	-11.24183729045414	3.588305160847547	2.678375486082329	25.09089178544922	-645.24247524057	-77.92047132562335	-19.95029351769213	-1.986658536836213	-1.952692915455774	-0.7577294194632818	9.192524093578383	-0.7836540842041267	2.626738541411212	-4.743857938989616	7.677135969328057	7.677135969328151	1.018102096166245	-0.1041465931809625	0.8069233275385814	-0.5601631850834624	1.489723370325712e-07	-6.205295560043467e-08	-2.584430768696226e-07	-1.754139363776035e-07	1.339629174112444e-06	1.340032001007273e-07	7.417147755608759e-09
1.91	0.1034374713074605	0.09547954299148884	0.9439593305093195	0.01236282564796211	-0.2658004354530646	-0.3627883186208012	-0.4237915372546477	0.09218301762688273	0.09218301762686376	-0.1685623970871215	-0.1714039756342383	-0.001512005645869913	0.03196566580866026	0.1955122703094932	0.226330879421267	0.05000393096478176	-0.9677111546539998	0.09042592495942083	-0.2835151853625399	0.5805873035669551	-0.8011263543009693	-0.8011263543009547	-0.1235093887219145	0.01893541741065132	-0.0619609940944293	0.07507992313978709	0.1112965650712603	-0.04394239504345075	-0.01793142983359038	-0.1741837320091935	0.1058271391310933	-0.01290993139589777	-0.003506032475894356	-11.21594827695147	4.324927233939514	2.563536109880532	26.52907906357221	-649.6821902963643	-78.13753640201425	-19.70127149991058	-1.932097153521122	-2.049130988983159	-0.6959201767846589	9.252565425132914	-0.8092869645599376	2.721232849538661	-5.13385985826453	7.699594226707506	7.699594226706822	1.054532423353004	-0.06061810024358615	0.7154718660336111	-0.6200311342343933	1.460914869843364e-07	-7.903134913660513e-08	-2.496243888493477e-07	-1.712194213299915e-07	1.33647160320518e-06	1.25177439936837e-07	5.315937053386194e-09
1.92	0.1052933893381524	0.09763851602650164	0.9444250590013487	0.003158016860772201	-0.2649379213065069	-0.3654861134718251	-0.4182454086544649	0.08456503183173533	0.08456503183173349	-0.1697430877999517	-0.1712199234356735	-0.002094568762925615	0.0326846082238287	0.1755870256154198	0.2052896809645707	0.04321531208930709	-0.8727168162378185	0.08199141626515508	-0.2559006269328575	0.5281608427470948	-0.7220371820427891	-0.7220371820427793	-0.1125143086799058	0.01779808467862164	-0.05456418629484569	0.06861556828255753	0.119326432119292	-0.04548722689404613	-0.01868154268598158	-0.1769295425473414	0.1072620594982925	-0.01462172059323946	-0.009844682954151002	-11.16023210020932	5.05888354532429	2.446201820621362	27.8865579271122	-653.7016253602578	-78.24729828274309	-19.4684428133771	-2.088034988314233	-2.16181663031877	-0.6673421311506634	9.833041358386236	-0.8861537601687584	2.798869172144207	-5.316946411343369	8.19747777309683	8.197477773096852	1.155187751950564	-0.1968002139336731	0.7918635517542292	-0.6714279879766606	1.429943975671027e-07	-9.927566654385266e-08	-2.400235936936833e-07	-1.67032791568608e-07	1.328902285224234e-06	1.150025932001818e-07	2.8733601384809e-09
1.93	0.1069481381799374	0.09958190948094645	0.9448251238571442	-0.005082214860580462	-0.2641620651705719	-0.3679027184805586	-0.4132384301039983	0.07774958471625408	0.07774958471624244	-0.1708104681682426	-0.1710483276504302	-0.002604005498751477	0.03333619647478921	0.1552775925318542	0.1832160013874795	0.03685954472563691	-0.7747865669817183	0.07310163509233034	-0.2272308747630903	0.4727618493407893	-0.6406202390660529	-0.640620239066074	-0.1008442351038113	0.01649357842317767	-0.04733677902551325	0.06161518750621454	0.1266131477394399	-0.04757889076570376	-0.01934256929054284	-0.1795671061294078	0.1081052392689942	-0.01544927307260486	-0.01571878307990231	-11.25058857376457	5.437949768845679	2.381382549677571	29.40013342598134	-657.5931870004798	-79.0412608025036	-19.25450777732163	-2.015190943423756	-2.256126718388917	-0.61016781132833	9.854460235891429	-0.9020902728924556	2.929486855858149	-5.722328506680529	8.178604736853634	8.178604736849104	1.19049898939978	-0.1014301997169945	0.6861352407454506	-0.7273226353296702	1.374375853275072e-07	-1.566698679846017e-07	-2.215263298729631e-07	-1.629358569380741e-07	1.27114934428017e-06	8.948188669832614e-08	-3.452257445690414e-09
1.94	0.1083972339958576	0.1012993695202225	0.9451635362848324	-0.01232685538404719	-0.2634774468417743	-0.3700269342443004	-0.4087996320278807	0.07176126746591559	0.07176126746591485	-0.1717576314349807	-0.1708906078014178	-0.003041576976639429	0.03391518501541296	0.1344564204465104	0.160102997930829	0.03088482646782074	-0.6735985766588394	0.0637438548373797	-0.1974227779347163	0.41452474787828	-0.556611209013652	-0.5566112090137006	-0.08847088836928134	0.01502289743304569	-0.04019113470726899	0.05409562621521041	0.1338998633596237	-0.04967055463736269	-0.02000359589506793	-0.1822046697114516	0.1089484190397071	-0.01627682555196799	-0.02159288320563678	-11.30585699713111	5.813561626403853	2.31404259009601	30.82665265537008	-660.9939596143336	-79.71047166534599	-19.06220065832236	-2.19038278867029	-2.369681406230294	-0.5911323099798741	10.48458957174196	-0.979753576593962	3.026538103865565	-5.884568022584395	8.715895188229702	8.715895188230377	1.295842383637591	-0.2300351608712295	0.7755109615369697	-0.7752640909087704	1.312535451315435e-07	-2.097336749538153e-07	-2.024018528943899e-07	-1.580104027793717e-07	1.20913943856203e-06	6.450474417638552e-08	-9.422463225523785e-09
1.95	0.1096361496653411	0.1027806134656931	0.9454440196427066	-0.01854470732171654	-0.262888464120036	-0.3718479391155257	-0.4049582714326583	0.06662484450740859	0.06662484450739121	-0.1725776049370948	-0.1707484716751024	-0.003408464048822303	0.03441654024936186	0.1132372032916869	0.1359786760879292	0.02525729774769794	-0.5694184614144312	0.05398723153938628	-0.1666572955950872	0.3532479235075479	-0.4702247552120441	-0.4702247552120748	-0.07540166276328811	0.01331480529533517	-0.0331909990688164	0.04610535456131417	0.1411958300028431	-0.04995525629142049	-0.02079522482196974	-0.1861857107750522	0.1122878738232259	-0.01931526885637845	-0.027583009818752	-10.63813582393325	7.029521966404249	2.105018956094222	31.95498803432318	-663.986372424147	-78.6076238801386	-18.89384594938539	-2.101134657507336	-2.458899472208584	-0.5415535919470148	10.46772386176984	-0.9834150554595785	3.119712503746705	-6.324156793748203	8.667316662852526	8.66731666285488	1.330746848597261	-0.1546455071839379	0.6615551807349415	-0.8213746989728563	1.1534747161187e-07	-1.956763676142165e-07	-1.73555571969092e-07	-1.402428959340551e-07	1.081146578845699e-06	4.795284334313023e-08	-9.883786038117989e-09
1.96	0.1106601844675322	0.104015595812956	0.9456696296255958	-0.02370415783476061	-0.2623990073010876	-0.3733576573224067	-0.4017446625110351	0.06236574532424635	0.06236574532424575	-0.1732632293432484	-0.1706261063235708	-0.003705491701473616	0.03483589956750323	0.09148024699217475	0.1108506782892964	0.01991015147080672	-0.4619182917308394	0.04383867427908638	-0.1351654450660544	0.2889744131596467	-0.3811464539413895	-0.3811464539414039	-0.06160106917661121	0.01106874247910769	-0.02621925080093823	0.03769644305370699	0.1484917966460501	-0.0502399579454676	-0.02158685374878094	-0.1901667518386768	0.1156273286067443	-0.0223537121607792	-0.03357313643187795	-9.930918975085712	8.241094561960017	1.893807925795709	32.99144578251004	-666.4178267055439	-77.36431660737482	-18.7520029616124	-2.297930617608472	-2.570416597376519	-0.5350558213335745	11.14860045957866	-1.058140369055276	3.171811741746319	-6.483905218018521	9.254264682038976	9.254264682039318	1.442115979774273	-0.3376292965745679	0.769833487422488	-0.8589920616508236	9.935312303246049e-08	-1.837264828017102e-07	-1.445114837510442e-07	-1.22498510831747e-07	9.501987464019091e-07	3.065100029271392e-08	-1.051882019105236e-08
1.97	0.1114647110645605	0.1049942006758482	0.9458430228113525	-0.02777340611710109	-0.2620128607684036	-0.374547918562058	-0.3991892522670658	0.05900951010777094	0.05900951010774388	-0.1738075902064393	-0.170527465726959	-0.003933602431191825	0.03516895335828803	0.06934736661873442	0.08469072206719967	0.01479180735459089	-0.3513757341772507	0.03332689002848221	-0.1027147771393178	0.221622332627775	-0.2896656027867238	-0.2896656027867286	-0.04717342063385469	0.008632535998396884	-0.0194319187538461	0.02883578196499309	0.15367769196227	-0.05619413869305161	-0.02192408751455266	-0.191935333104249	0.1132611010058679	-0.01843730476869733	-0.03830635406768051	-10.70098863559845	6.705744261854387	2.103504492833589	34.9172101342827	-668.1679717042925	-81.69933221403764	-18.63867906207045	-2.182629426999778	-2.665738657859977	-0.4966150546967348	11.09043070624873	-1.057226732342626	3.307508450273772	-6.933654922438597	9.160247306298341	9.160247306299627	1.457695745313976	-0.2006484268164747	0.6288258720554858	-0.911334439793768	8.126224178432138e-08	-2.218278830076515e-07	-1.107694723301861e-07	-1.053032671258935e-07	7.490703116810003e-07	-4.461970415276485e-09	-1.52794986770658e-08
1.98	0.1120455763218759	0.1057058152718717	0.9459659542863608	-0.03072055936331955	-0.2617337379340798	-0.375408510296013	-0.3973219219187543	0.05658113379763564	0.05658113379763482	-0.1742047532934479	-0.170453993615781	-0.004094711278698427	0.03541105427672325	0.04674797905385175	0.05745262491556361	0.009817809321106069	-0.2374992845036687	0.02243393460668861	-0.06923154392712666	0.1513584340292766	-0.1955746726673405	-0.1955746726673365	-0.03216151393959334	0.006035045397803598	-0.01281887435863352	0.01950586858379606	0.1588635872784729	-0.06214831944062905	-0.02226132128014272	-0.1937039143698678	0.1108948734049837	-0.01452089737661402	-0.04303957170348953	-11.42469772828979	5.165054575076828	2.310879126738278	36.74390208421901	-669.2736918391535	-85.87805889444627	-18.55594313427643	-2.391232055897411	-2.786044783283991	-0.5061866047873909	11.81537888357729	-1.134374603293172	3.378324798837254	-7.066268831344164	9.776280474982448	9.776280474982626	1.558967610075213	-0.3698861205510009	0.7349759570470119	-0.9528425201472929	6.291157247248612e-08	-2.584461511481821e-07	-7.643819629014671e-08	-8.785777289377012e-08	5.464882896738228e-07	-3.957629556525279e-08	-1.997325286781717e-08
1.99	0.1123983854430801	0.1061398965312086	0.9460396642301382	-0.03251329793100662	-0.2615650117314212	-0.3759297217092811	-0.3961739349953957	0.05510576244635748	0.05510576244633391	-0.1744486844338602	-0.1704073350810037	-0.004190658244545837	0.03555793088864843	0.02370387484598909	0.02920432701498722	0.004920360414829004	-0.1204737420189029	0.01128763229443574	-0.03491194097818921	0.0775990172393653	-0.09907155514388974	-0.09907155514388745	-0.0164886077891157	0.003226807009055247	-0.00638023230343224	0.009840206059540604	0.1675349285837507	-0.04844051127672883	-0.02371487963529538	-0.2028770646660592	0.1265620097674131	-0.03344753554325845	-0.05048729676460574	-7.351049011165956	12.64421852806693	1.149803023240829	36.52402988255334	-669.3277540784526	-71.32087143816973	-18.50522239560527	-2.277493869185772	-2.868123021299567	-0.4820968212608338	11.73234691927967	-1.108291294745944	3.473586493653342	-7.626768114052476	9.651538331537385	9.651538331537042	1.591844658500028	-0.2467569135444635	0.5968480859623505	-0.9777917069468139	3.19611820713788e-08	-2.231325141162574e-07	-1.35275862198007e-08	-5.827512813754718e-08	2.734072842825671e-07	-7.475631115154566e-08	-2.142117873835676e-08
2	0.1125174546689933	0.1062867146659676	0.94606428512731	-0.03311854007618018	-0.2615084552017939	-0.3761047754029112	-0.3957827402421891	0.0546082644584022	0.05460826445838995	-0.17453180800446	-0.1703908517732291	-0.004222510838599548	0.03560727815765465	0	0	0	0	0	0	0	0	0	0	0	0	0	0.1762062698890581	-0.03473270311283701	-0.02516843799033739	-0.2120502149622526	0.1422291461298449	-0.05237417370991221	-0.05793502182569808	-3.226225075865258	20.11663949142538	-0.01273081304619844	36.20536354994779	-668.6447912538301	-56.59705165691779	-18.48810728902597	-2.523186183523173	-2.977250606165744	-0.5107689064977926	12.50501879040471	-1.162640599729667	3.496792404687615	-7.83418892123528	10.28996799907019	10.28996799907025	1.722107937802968	-0.4535998446122971	0.7232940066936736	-0.9877512272040663	1.010791670271487e-09	-1.878188770843327e-07	4.938302385054533e-08	-2.869248338132424e-08	3.262788913114721e-10	-1.099363267378385e-07	-2.286910460889636e-08
