inDegrees=no
num_controls=7
num_derivatives=13
num_iterations=180
num_multipliers=7
num_parameters=0
num_slacks=7
num_states=26
objective=5.020931
objective_accelerations=0.361307
objective_balance=0.028287
objective_effort=0.173552
objective_height=4.412964
objective_ligament=0.044821
solver_duration=1999.751585
status=Solve_Succeeded
success=true
DataType=double
version=3
OpenSimVersion=4.4-2022-07-23-0e9fedc
endheader
time	/jointset/ground_pelvis/pelvis_tilt/value	/jointset/ground_pelvis/pelvis_tx/value	/jointset/ground_pelvis/pelvis_ty/value	/jointset/hip_l/hip_flexion_l/value	/jointset/hip_l/hip_adduction_l/value	/jointset/hip_l/hip_rotation_l/value	/jointset/back/lumbar_extension/value	/jointset/patellofemoral_l/patellar_flexion_l/value	/jointset/knee_l/knee_flexion_l/value	/jointset/knee_l/knee_adduction_l/value	/jointset/knee_l/knee_rotation_l/value	/jointset/ankle_l/ankle_angle_l/value	/jointset/subtalar_l/subtalar_angle_l/value	/jointset/ground_pelvis/pelvis_tilt/speed	/jointset/ground_pelvis/pelvis_tx/speed	/jointset/ground_pelvis/pelvis_ty/speed	/jointset/hip_l/hip_flexion_l/speed	/jointset/hip_l/hip_adduction_l/speed	/jointset/hip_l/hip_rotation_l/speed	/jointset/back/lumbar_extension/speed	/jointset/patellofemoral_l/patellar_flexion_l/speed	/jointset/knee_l/knee_flexion_l/speed	/jointset/knee_l/knee_adduction_l/speed	/jointset/knee_l/knee_rotation_l/speed	/jointset/ankle_l/ankle_angle_l/speed	/jointset/subtalar_l/subtalar_angle_l/speed	/forceset/tau_hip_flexion_l	/forceset/tau_hip_adduction_l	/forceset/tau_hip_rotation_l	/forceset/tau_knee_flexion_l	/forceset/tau_ankle_angle_l	/forceset/tau_subtalar_angle_l	/forceset/tau_lumbar_extension	lambda_cid13_p0	lambda_cid13_p1	lambda_cid13_p2	lambda_cid13_p3	lambda_cid13_p4	lambda_cid13_p5	lambda_cid14_p0	/jointset/ground_pelvis/pelvis_tilt/accel	/jointset/ground_pelvis/pelvis_tx/accel	/jointset/ground_pelvis/pelvis_ty/accel	/jointset/hip_l/hip_flexion_l/accel	/jointset/hip_l/hip_adduction_l/accel	/jointset/hip_l/hip_rotation_l/accel	/jointset/back/lumbar_extension/accel	/jointset/patellofemoral_l/patellar_flexion_l/accel	/jointset/knee_l/knee_flexion_l/accel	/jointset/knee_l/knee_adduction_l/accel	/jointset/knee_l/knee_rotation_l/accel	/jointset/ankle_l/ankle_angle_l/accel	/jointset/subtalar_l/subtalar_angle_l/accel	gamma_cid13_p0	gamma_cid13_p1	gamma_cid13_p2	gamma_cid13_p3	gamma_cid13_p4	gamma_cid13_p5	gamma_cid14_p0
0	-0.04423693143246041	0.070999410182096	0.8961428823491211	0.1955292361009247	-0.319945069965563	-0.5237100817376901	-0.137903700187828	0.07015350928391871	0.07015350928391206	-0.1745329251994329	-0.1561709006758781	-0.06701017130107029	0.006488904620081925	0	0	0	0	0	0	0	0	0	0	0	0	0	0.09145161893555968	-0.1275697119074563	-0.04053207402619802	-0.2640618478021181	0.2657118768476147	-0.008836673123514001	-0.03034870917829175	49.99825496803891	-8.6310990367763	5.283007209452755	-39.81744094041605	-523.6952545554066	-89.72408397994262	-41.00366859446906	-1.283181806670311	-0.1332028817218918	-0.546119690107129	5.84308203004856	-2.091213808180937	2.948958848859796	-2.219233587166963	8.464579365282232	8.464579365281697	0.2526241209828429	-0.2662051228918128	3.864802529947871	-0.1787069195344704	-4.664783728805214e-08	1.044153169321676e-07	1.008829089565191e-07	2.634022521611994e-08	-1.550377874157699e-08	-4.377640382201412e-08	-8.573679486466347e-09
0.01	-0.04429561641156988	0.07099294721576713	0.8961164770606317	0.1958090073825418	-0.3200479472674317	-0.5235621180543567	-0.1380176320928869	0.07056499874533607	0.07056499874530138	-0.1745228582004087	-0.1561794191894165	-0.06682202682600313	0.006478993672611687	-0.01166992091560308	-0.001296698249913028	-0.005263768740738216	0.05569704795791403	-0.02048265693400863	0.0294314930873113	-0.02258420248626902	0.08192297722813345	0.08192297722812829	0.001984736275588785	-0.001725846711671201	0.03744112786226104	-0.001983720965107359	0.08741530496125559	-0.1275622448433367	-0.03950043412099222	-0.2571601017571241	0.2540959266360901	-0.003883585325061183	-0.02714690439100612	46.41184906518956	-10.13923027080348	5.506263168182048	-37.65359087004392	-524.4574768224126	-93.04884109211942	-41.01144249683173	-1.09884731713171	-0.1285137767185242	-0.5139152232309985	5.394423038828196	-2.012897927064523	2.916047926798585	-2.247686800113452	7.999921358380149	7.999921358379804	0.1671014229024143	-0.1290872159702569	3.655599838810923	-0.2084619179739685	-8.073724907253902e-08	1.022887876881786e-07	1.563777165311097e-07	4.865419564937041e-08	-1.413576507073886e-07	-9.24711129939787e-08	-1.722778842892892e-08
0.02	-0.04446899061647134	0.07097339517091995	0.8960379521332998	0.1966380305157703	-0.3203528723968522	-0.5231246787625359	-0.1383513406669629	0.07178447087037641	0.07178447087037543	-0.1744938023096068	-0.1562058587242462	-0.06626510468742436	0.006449194068895349	-0.02293784515624601	-0.002617815703661445	-0.01042392776846725	0.1098503703224247	-0.04040956551017524	0.05789512169989141	-0.04395533380277096	0.1615965327283187	0.1615965327283165	0.003797594233404213	-0.003584204249963062	0.07375553270234878	-0.003977731249218211	0.0833789909870897	-0.1275547777791777	-0.03846879421555833	-0.2502583557120548	0.2424799764246291	0.001069502473466845	-0.02394509960368366	42.87797303267582	-11.65811778220124	5.733016051751001	-35.713445206758	-524.5097348644365	-96.22998946222965	-41.03442174141063	-1.202782471678074	-0.1380867224891548	-0.525397747505291	5.534336911367922	-1.980064136612512	2.755385953913558	-1.976619353213413	8.014695019692617	8.014695019693717	0.2182484574282207	-0.2927072882159856	3.639457925513011	-0.1807647833352583	-1.148266608570259e-07	1.001622584441897e-07	2.118725241057004e-07	7.096816608262087e-08	-2.672115226732002e-07	-1.411658221659433e-07	-2.588189737139149e-08
0.03	-0.04475325839304781	0.07094059491820473	0.8959081984662052	0.1980015479362231	-0.3208540841601779	-0.5224069892375114	-0.138892738312439	0.07378999886639738	0.07378999886642869	-0.1744468950859358	-0.1562513432066918	-0.0653502118917977	0.006399854823956399	-0.03384320803454655	-0.003936687238293136	-0.01551926847270422	0.1626097474841708	-0.05971633376065398	0.08554439179974183	-0.06415512847036921	0.2391493829682909	0.2391493829682867	0.005602331665117709	-0.005481948573513503	0.1090651956906453	-0.005851732581423608	0.07974513728305424	-0.1215832633729443	-0.03762254682744381	-0.2448707775032978	0.2356814022055142	-4.206143425746667e-05	-0.02105106524007321	40.63722220626553	-10.92676587471309	5.780603075865883	-34.03596730712214	-524.8623638842562	-94.29023351213992	-41.07178357309662	-1.023550563779334	-0.127940945481676	-0.5005256060215221	5.110215820145654	-1.888551246274309	2.754911363511356	-2.016299499887158	7.571632710841443	7.571632710840452	0.1644028191068448	-0.1336701069960154	3.453036542985422	-0.1849987644127484	-1.425869478649159e-07	1.278214672875805e-07	2.509661878799505e-07	9.442588111086168e-08	-3.656384969760938e-07	-1.679499344647722e-07	-2.93615612092283e-08
0.04	-0.04514440727198957	0.07089477523483642	0.8957277067172406	0.1998853546686037	-0.3215448772214083	-0.5214157642463848	-0.139631061899861	0.07656026590179649	0.07656026590179588	-0.174381377201272	-0.1563148775528215	-0.06408695925478895	0.006332919374445467	-0.04431406562774069	-0.005221701834279385	-0.02057154414249916	0.2139082327086292	-0.07832582509147593	0.1126022149192171	-0.08334052219210382	0.3145443405959393	0.314544340595928	0.007519726419383483	-0.007194176999927169	0.1434275009788362	-0.007496972163614828	0.07611128357902057	-0.1156117489667398	-0.03677629943970535	-0.2394831992945093	0.2288828279863799	-0.001153625342019281	-0.01815703087642405	38.44568064222735	-10.20324016851559	5.82853664666038	-32.56861930485227	-524.5555372439651	-92.21304334138524	-41.12242894483769	-1.115881414656599	-0.13131533476024	-0.5167847406168867	5.242158523910403	-1.840608752681141	2.637096557838536	-1.773739164040561	7.58311649722785	7.583116497227992	0.2407799219387086	-0.255604108788675	3.449986385491678	-0.1350124333325139	-1.702167374547318e-07	1.56094815060608e-07	2.897216837407915e-07	1.179071785018858e-07	-4.634999682343911e-07	-1.942822818796189e-07	-3.2734535457279e-08
0.05	-0.04563845976644668	0.07083624556793955	0.8954967529581458	0.2022754919558496	-0.3224183832942741	-0.5201573123537161	-0.140555805529043	0.08007413202214318	0.08007413202214478	-0.1742963884763265	-0.1563951968993194	-0.06248474924869579	0.006250592291092945	-0.05442782536314389	-0.006480170464830447	-0.02562175502932639	0.263876780493001	-0.09626147204838029	0.1389647973615139	-0.1014368755175208	0.3878608079899094	0.3878608079899012	0.009463898323806803	-0.008864121932224536	0.1768437450646692	-0.008940764471661644	0.07224294261170283	-0.1115459147669315	-0.03585225870131511	-0.2342117643624221	0.2205857040928147	-0.0002394820691410862	-0.01510117567244316	35.82495171340434	-10.2335784979294	5.938683685846478	-30.85160112955575	-524.5535792799463	-91.9132517183898	-41.18497777645058	-0.9488481415287918	-0.1224796944376989	-0.4996148564363114	4.837812165341984	-1.753005227366429	2.617297709588686	-1.801884197456225	7.150707112077625	7.150707112078013	0.1691810778774872	-0.121819119455164	3.261816516982177	-0.1449664658729298	-1.906433175182603e-07	1.590403857219802e-07	3.247453313824952e-07	1.321891468118862e-07	-5.366595642342016e-07	-2.22859382642131e-07	-3.734196661979878e-08
0.06	-0.04623159483597496	0.07076525780128966	0.8952152019714386	0.2051580365728684	-0.3234678383487421	-0.518638942912192	-0.1416563728476113	0.08431012186675718	0.08431012186675604	-0.1741923689816919	-0.1564920415819284	-0.06055350218237392	0.006154646517393496	-0.06413058064037984	-0.00771332178488426	-0.03069098966499987	0.3123896986630294	-0.1135156214121363	0.1645857246903477	-0.1185052600694685	0.458969085447721	0.4589690854477159	0.01132588035556187	-0.01049924422472024	0.2092349130246221	-0.01022071023299719	0.06837460164445715	-0.1074800805671336	-0.03492821796298581	-0.2289403294303036	0.2122885801992537	0.0006746612037291318	-0.01204532046839731	33.24936101538436	-10.27117218634564	6.049247951273399	-29.33003626979409	-523.9469607257055	-91.4888045872507	-41.25794030290078	-1.033680523022963	-0.1262518726609539	-0.520589490386136	4.951032601041766	-1.704309234051472	2.488765535145951	-1.568145409346567	7.141478509996182	7.141478509996287	0.2243419474050871	-0.2486395808283858	3.244971160315474	-0.1022431239903482	-2.107666045491031e-07	1.609195236628616e-07	3.596118485728668e-07	1.46083774950054e-07	-6.087790812757599e-07	-2.51530999335071e-07	-4.200137491555935e-08
0.07000000000000001	-0.04692007504621663	0.07068208655379876	0.8948827373321093	0.2085192093575496	-0.3246864574611972	-0.5168681002025598	-0.142922232544011	0.08924679312579434	0.08924679312580412	-0.1740700346280179	-0.1566053554464225	-0.05830316345914083	0.006046845692720243	-0.07349837860822464	-0.008912949024499042	-0.03581156658750761	0.3596070261240543	-0.1300886968370661	0.1894745118570551	-0.1345068104901478	0.5279986096252025	0.5279986096252272	0.01312779442475042	-0.01214607119200377	0.2406680664864165	-0.01130340613327547	0.06460637152772043	-0.1029901525672005	-0.0340480576870772	-0.224459970273706	0.2048463909374661	0.001037458734069935	-0.009066562304160784	30.90154727274156	-10.11752939871126	6.138839199413154	-27.81949711277099	-523.6811566016647	-90.67647662109928	-41.33962605166682	-0.8782841846556645	-0.1155919615512974	-0.5093586811730533	4.571380405110914	-1.615938410578643	2.472642725369417	-1.59217955006361	6.72871431791968	6.728714317924062	0.1562095250296091	-0.1200396716801864	3.06775555563515	-0.1059395130420699	-2.255759522955744e-07	1.572912906732484e-07	3.898533995292029e-07	1.549150534054878e-07	-6.566324755918474e-07	-2.762576167951746e-07	-4.627425699426498e-08
0.08	-0.04770022418634287	0.07058716427152333	0.8944987535459571	0.2123454149341364	-0.3260672336706734	-0.5148516281376755	-0.1443433116829449	0.09486276461588955	0.09486276461589016	-0.1739300624559668	-0.1567346046639557	-0.05574343957798514	0.005929286571045036	-0.08246436661566406	-0.01006352874179686	-0.04099481902962939	0.4053962570441946	-0.1459470408165931	0.2137115957412155	-0.149549148576201	0.594829131654507	0.5948291316545609	0.01485344402809426	-0.01368631483936516	0.271111944609158	-0.01217236963337515	0.06083814141106299	-0.09850022456726935	-0.03316789741135415	-0.2199796111170327	0.1974042016757006	0.0014002562644228	-0.006087804139876368	28.59510990601942	-9.969304317798102	6.227207726165601	-26.48738079791012	-522.8628995850773	-89.75050520855733	-41.42822898919239	-0.9533185309417131	-0.1164423681977169	-0.5331245943089448	4.665413292864864	-1.561362944970943	2.35842487863654	-1.376302942421227	6.701678080360805	6.701678080360797	0.2090890542361701	-0.2273229168439981	3.047116092504723	-0.05949664395471198	-2.400424652495055e-07	1.533077434300549e-07	4.19796565567214e-07	1.634196641394549e-07	-7.029203136030656e-07	-3.007297181757403e-07	-5.052220189767674e-08
0.09	-0.04856841875315827	0.07048098596668086	0.8940625130191908	0.2166231646066943	-0.3276031031018773	-0.5125962383329681	-0.1459097023922376	0.1011367213012746	0.1011367213012642	-0.1737731944210791	-0.1568791888956783	-0.05288394664234448	0.005804162721293376	-0.09110960980559676	-0.01116181661028125	-0.046268320598657	0.4499187348694963	-0.1611054864611451	0.2372571042873609	-0.1635758400879343	0.6595968105666278	0.6595968105666321	0.01650122428142413	-0.01521631706614739	0.3006236657593109	-0.01281386159456636	0.05709321897026168	-0.09431328656700408	-0.03230332211165038	-0.2160833082774843	0.1901433259927519	0.001986283445665865	-0.003126290885520747	26.32866218603833	-9.914893447134958	6.318954384586602	-25.10739557576203	-522.4010788100768	-89.09138852916966	-41.52181304824377	-0.8104046605342079	-0.1049418327415653	-0.5268594116026692	4.31039369748883	-1.474944270149564	2.336168667250072	-1.392879276064978	6.309513741411445	6.309513741404224	0.1398606074145078	-0.1136504314060597	2.878733960369822	-0.06076398154100505	-2.49397642037971e-07	1.370131587184199e-07	4.458093229525668e-07	1.660386800376335e-07	-7.282733352224365e-07	-3.240379404915178e-07	-5.510907082873384e-08
0.1	-0.04952112124138427	0.07036414081583947	0.8935730581820537	0.2213390847915298	-0.3292869287687168	-0.5101086824778752	-0.1476117654207527	0.1080473949647368	0.1080473949647358	-0.1736004009643722	-0.1570386354608357	-0.04973422972838224	0.00567376625006178	-0.09936595089612099	-0.01219689794158116	-0.05163768110382301	0.4930303594998257	-0.1755382879437941	0.2601448058193679	-0.1766836124202671	0.7221725272696993	0.7221725272696633	0.01803852839608279	-0.01665878152536031	0.3291567402734328	-0.01322689392934481	0.0533482965295603	-0.09012634856671473	-0.03143874681191189	-0.2121870054378664	0.1828824503098457	0.00257231062695765	-0.0001647776311323576	24.09961044156215	-9.86492172182926	6.409000394231981	-23.88859373195336	-521.4401131171162	-88.33188346859201	-41.61839234729077	-0.8755381110598568	-0.1038010607609699	-0.5522963815366237	4.383242653870439	-1.416234112590334	2.226863475808875	-1.192519106541021	6.263285638550978	6.263285638552809	0.1869938265019495	-0.2098153633301755	2.851386765298381	-0.01380471867224251	-2.583034705921098e-07	1.196362849985702e-07	4.714765499069167e-07	1.681402810051933e-07	-7.517859334227437e-07	-3.472438437686326e-07	-5.972573527870482e-08
0.11	-0.05055480041997156	0.0702372541193302	0.8930293426560848	0.2264798875836961	-0.3311115011891769	-0.5073957161228398	-0.1494400609556262	0.1155736067950797	0.1155736067950801	-0.1734126044089602	-0.1572125350548711	-0.04630375533977021	0.005540504264411925	-0.10730335722359	-0.01316885649725068	-0.05712366065925618	0.5349001509986494	-0.1892493618640996	0.2823414037783931	-0.1888356226919961	0.7827109004174452	0.7827109004174585	0.01951148898936376	-0.01810790285868204	0.3567807198377268	-0.01337813926809289	0.04964758535761784	-0.08598782723944019	-0.03059624630724938	-0.2088533935728789	0.1759320291781448	0.003141400405837196	0.002762258853086132	21.94264750763736	-9.815897490748187	6.494264212418489	-22.62815908700957	-520.8463818257098	-87.6285352448005	-41.71592670204519	-0.7428805544832606	-0.09212185339188973	-0.5496350601305965	4.054309727426202	-1.32958334425695	2.199933505848142	-1.205561207832462	5.895284434095253	5.895284434101481	0.126132530917163	-0.1104083619084972	2.694269410336891	-0.008749478903151722	-2.613800728273388e-07	9.582771780828035e-08	4.879962336204067e-07	1.656941417908181e-07	-7.574071730325556e-07	-3.643432694452835e-07	-6.342479359343109e-08
0.12	-0.05166586139401923	0.07010100211717939	0.8924301900710448	0.2320324807567563	-0.3330693922113412	-0.5044640086782356	-0.1513856804372866	0.1236944366131462	0.1236944366131501	-0.1732103411765841	-0.1574005154309511	-0.04260176798384691	0.005407136817889125	-0.1148423099867503	-0.01406995906988612	-0.06272509291805622	0.5753884356789837	-0.2022020082846598	0.3038930237333706	-0.2001484017774462	0.841096124813546	0.8410961248135993	0.02093186378968565	-0.01947493793501814	0.3834593337356983	-0.01324798610392446	0.04594687418572242	-0.08184930591215808	-0.02975374580260542	-0.2055197817078633	0.1689816080464577	0.003710490184732709	0.005689295337329515	19.81924744779133	-9.770188585312862	6.577131027261167	-21.51157146013141	-519.8051024765568	-86.83753446240436	-41.8123609571096	-0.7958473981979712	-0.08962986415429135	-0.5753869222099974	4.106941290172601	-1.264548612641288	2.097867874999325	-1.024672869285133	5.832655888221979	5.832655888221986	0.1764766679101563	-0.1933981119330852	2.662313632033723	0.04247498191098217	-2.63801705813252e-07	7.129648843030063e-08	5.034881034866091e-07	1.627370205335289e-07	-7.610181476321994e-07	-3.807565740432306e-07	-6.702075009520851e-08
0.13	-0.05285072324729927	0.06995609296474772	0.8917743698927184	0.2379838281511704	-0.3351531232425922	-0.501320175031968	-0.1534398990903373	0.1323890182387651	0.1323890182387709	-0.1729940917968343	-0.1576021801724415	-0.0386374526417568	0.005276511421498535	-0.1220672666300478	-0.01489843213737173	-0.06845934809046961	0.614653653950339	-0.2144183403357832	0.3247712267059547	-0.2105599242035582	0.89746224905667	0.8974622490566377	0.02230411002365188	-0.02084135829507072	0.4092476683889262	-0.0128299447114679	0.04229420545898991	-0.07784360201806093	-0.02893620133616203	-0.2027268637232774	0.162309900696968	0.004323948671622997	0.008586603808379381	17.76006291141812	-9.748726712010052	6.656706214916301	-20.36274216509642	-519.1378443558476	-86.15510881582186	-41.90564708386992	-0.6764171863460442	-0.0774076608320175	-0.5756579074092207	3.802174493359227	-1.181359290198241	2.06735266847393	-1.029081234649222	5.484911495608678	5.484911495595747	0.1155880157639674	-0.1056908073569448	2.513661083215637	0.04847549526894902	-2.623132172761111e-07	3.815465565962529e-08	5.137868864533604e-07	1.558049195261596e-07	-7.519478277376161e-07	-3.948229605878548e-07	-7.056498043725472e-08
0.14	-0.05410595414480852	0.06980330875508357	0.8910605645441374	0.2443210002078447	-0.3373552543521243	-0.4979706481239554	-0.1555941708287236	0.1416365252674729	0.1416365252674649	-0.1727645220718086	-0.157816994479385	-0.03441994041288528	0.005151467794503685	-0.1289161188313318	-0.01564497051638109	-0.07432212696897386	0.6525533681313883	-0.2258820239409192	0.3450316760819783	-0.220159018844648	0.9516812054298368	0.9516812054297149	0.02359593284258013	-0.02210485102774824	0.4340987110920845	-0.0121316322247753	0.03864153673227026	-0.07383789812397824	-0.02811865686977381	-0.1999339457386976	0.1556381933474653	0.004937407158491039	0.01148391227946201	15.7306422771144	-9.729701121624124	6.733499902625087	-19.34110677939159	-518.0742455145673	-85.39766159499248	-41.99375346404779	-0.7206265097951369	-0.07324292645917117	-0.6010916634281711	3.833840472111429	-1.114018923443836	1.974317155687215	-0.8621873122806274	5.403222314230571	5.403222314229747	0.1603919849025807	-0.1728125864581105	2.47485524201964	0.09852920075812015	-2.602854016323421e-07	3.825153455474691e-09	5.233693815719116e-07	1.483245454498139e-07	-7.411283637748635e-07	-4.08565634297538e-07	-7.410207613657937e-08
0.15	-0.05542816812896473	0.06964346159839715	0.8902874306487062	0.2510310665712285	-0.3396683723073577	-0.4944218679375633	-0.157840080903983	0.1514161286229028	0.1514161286229014	-0.1725223915237369	-0.1580444379997057	-0.02995835959828236	0.005034824375374579	-0.1354667710430386	-0.01630996880685289	-0.08032571424750748	0.6892342552560751	-0.2366181782049348	0.3646186275844232	-0.2288943167099002	1.003884210873373	1.003884210873338	0.02481196431004765	-0.02337179136067814	0.4580621108332538	-0.01115172213046209	0.03504964720680986	-0.06994486991975415	-0.02733033467959785	-0.197649951536531	0.1492380211809954	0.00556943071253943	0.01434146726059442	13.76254792923998	-9.723787561869699	6.805886313972024	-18.28677294270285	-517.3825033901538	-84.72482630956624	-42.07471044354872	-0.6133126812253379	-0.06092502522949611	-0.6032994992666983	3.551339055542577	-1.034962221548311	1.934946030715951	-0.859899098803773	5.075566362701886	5.075566362715562	0.09954202645797121	-0.1017425562123103	2.333758495134308	0.1044643203956839	-2.537653022538056e-07	-3.990069589990623e-08	5.244626187995296e-07	1.366491230426308e-07	-7.186281503194785e-07	-4.183599519231344e-07	-7.729572584176623e-08
0.16	-0.05681409425611702	0.06947740510982806	0.8894535994326493	0.2581011670504355	-0.3420851615139654	-0.4906804058595056	-0.1601694835729259	0.1617071073734132	0.1617071073734289	-0.1722686340012262	-0.1582841724832788	-0.02526180955527478	0.004929328538514155	-0.1416585474293872	-0.016886836892918	-0.08646159109407583	0.7245601912965816	-0.2466162742156618	0.3835680544145786	-0.2368575375813815	1.053956284448378	1.053956284448437	0.02592132772907695	-0.02456304367368175	0.4810925567731703	-0.009902115771040937	0.03145775768133981	-0.06605184171554852	-0.02654201248928632	-0.1953659573344142	0.1428378490145026	0.006201454266553495	0.01719902224175008	11.82054165779729	-9.719547153500054	6.875233021025322	-17.34406694127675	-516.3444032578331	-83.98907243523631	-42.14660461531312	-0.6488513447233618	-0.0556168855779525	-0.6275495770351189	3.562850255275426	-0.9664072727861112	1.84681222122931	-0.7077719135263374	4.977035940524294	4.97703594052475	0.1390583752149566	-0.1576749824728889	2.288264481768964	0.1524684537796406	-2.465052973189543e-07	-8.517417890372492e-08	5.241576253156997e-07	1.242827514986041e-07	-6.942040487123661e-07	-4.275039520760579e-07	-8.043280797144804e-08
0.17	-0.05826052485738823	0.06930601273941399	0.8885577024692135	0.2655184583324015	-0.3445983669793602	-0.4867528262102817	-0.1625743518021287	0.1724887600570711	0.1724887600570628	-0.1720042757617594	-0.1585358672791882	-0.0203393901360274	0.0048376727434278	-0.1475719767087478	-0.01737623551784455	-0.09273833131271006	0.7586745197265062	-0.2559059740706064	0.4018482905981441	-0.2439919600666471	1.102020732622848	1.102020732622894	0.02692575392391024	-0.0257591788170735	0.5032363366387204	-0.008387877981416932	0.02793260509903855	-0.06228482825942786	-0.02578565780203092	-0.1935638170194416	0.1366996072641792	0.006854927363545545	0.02001508593166966	9.93761443882236	-9.729217410598295	6.940230520648404	-16.37573043474372	-515.6729436700506	-83.33873205960749	-42.20762664207625	-0.5542596681208792	-0.04326664362773321	-0.6309537535631937	3.302170725045431	-0.8924710072497422	1.803609122515603	-0.6976551869062414	4.668137495142965	4.66813749514078	0.07749922953201636	-0.097983939646892	2.154163641285769	0.1570333364134966	-2.370972304295493e-07	-1.37242950711577e-07	5.196048405641027e-07	1.091820584939738e-07	-6.631974704900468e-07	-4.356067599767814e-07	-8.367024243130084e-08
0.18	-0.05976442394117464	0.06913019332421479	0.8875983946017342	0.2732701822163019	-0.3472009133763855	-0.4826454482381012	-0.1650468398103604	0.1837404548703031	0.1837404548702914	-0.171730600362759	-0.1587990036584406	-0.01520018713765762	0.004762385705209622	-0.1531522439312175	-0.01777224584994114	-0.09914377190277029	0.7914467116842148	-0.2644844605415931	0.4195277190055249	-0.2503814933870754	1.147964710366702	1.147964710366735	0.02778475963532134	-0.02685136033544599	0.5244492725977782	-0.006628364397406293	0.02440745251672985	-0.05851781480331691	-0.02502930311457674	-0.191761676704516	0.130561365513842	0.007508400460516954	0.02283114962160034	8.077036739964825	-9.739930519449667	7.002115626102351	-15.50392937324059	-514.7063644641952	-82.6374041242799	-42.25559632108803	-0.5822189333450315	-0.03693922701207477	-0.6532896513203205	3.29442296083222	-0.8241645959944902	1.726650665992395	-0.5587940805587823	4.552941854401109	4.552941854401665	0.1099742785305401	-0.1368842574690698	2.102095700470389	0.2015236126569041	-2.27275079307941e-07	-1.906216577105683e-07	5.142332044837795e-07	9.35542673764561e-08	-6.309219811129888e-07	-4.435088561180447e-07	-8.69270219186565e-08
0.19	-0.06132279930647664	0.06895086923742044	0.8865743604404231	0.2813435883782324	-0.3498857830831614	-0.4783645242306757	-0.1675792308691356	0.1954415911943878	0.1954415911943875	-0.1714489220404561	-0.159073012628831	-0.009853272185112784	0.00470595657800056	-0.1584696892626431	-0.01807677618497379	-0.1056816281332569	0.8230146552227261	-0.2723730205802856	0.4365585714732184	-0.2559787273560148	1.191915231546412	1.191915231546445	0.02852959291414241	-0.02793453568797336	0.5447818046693591	-0.00461624590678043	0.02094163198048924	-0.05485768013500489	-0.02430588753166602	-0.1903827083117612	0.1246468169961785	0.008178950919534829	0.0256118035080305	6.264243736056849	-9.761246635514414	7.059773768524725	-14.608057661113	-514.0960862192957	-82.01172196834166	-42.28809908546081	-0.4985421794695301	-0.02482249587789364	-0.656943785729373	3.054984465854015	-0.753765552344221	1.676439417275123	-0.5424894030340029	4.264026318211696	4.264026318211252	0.05357081156816169	-0.0915569267576279	1.976022677149163	0.2072131528203257	-2.199755741328357e-07	-2.463299108476644e-07	5.128755011761903e-07	7.871295768962774e-08	-6.055864004942768e-07	-4.555874717979358e-07	-9.104415326303083e-08
0.2	-0.0629327560943848	0.06876897733544964	0.8854843656814441	0.2897260748586427	-0.352646051159233	-0.4739162643225485	-0.1701640545371955	0.2075718165439518	0.2075718165439758	-0.1711604287935619	-0.1593573579032903	-0.004307593768523117	0.004670880072808719	-0.1634685284511733	-0.0182858088852311	-0.1123358914363983	0.8532627753809765	-0.279564134400482	0.4529948991456036	-0.2608680152438345	1.233782515464352	1.23378251546438	0.02914774455337361	-0.02891862114502157	0.5642019654068278	-0.00235783999396003	0.01747581144425369	-0.05119754546669462	-0.02358247194863178	-0.1890037399190255	0.1187322684785128	0.008849501378548133	0.02839245739446735	4.470182559799645	-9.783053572453701	7.114324565108128	-13.79474217259016	-513.2407779121423	-81.3462712202917	-42.3037236392703	-0.5184977047658226	-0.01783970005711048	-0.6765710658512842	3.03045828478001	-0.6846753522952639	1.607745706930781	-0.4172048643347729	4.136294402047046	4.136294402046889	0.08463795061258636	-0.1170662783732671	1.91962143364784	0.2507810970957524	-2.13236656945842e-07	-3.025558409043393e-07	5.124097829292086e-07	6.404642165406368e-08	-5.817930218218641e-07	-4.685942029308553e-07	-9.535247390896487e-08
0.21	-0.06459138142526664	0.06858546499044643	0.8843272392993219	0.2984049399810702	-0.3554748467752568	-0.4693068271845147	-0.1727940287931687	0.2201107520929581	0.2201107520929776	-0.1708663182303708	-0.1596514356151715	0.001427893590950389	0.004659609909101165	-0.168208085154892	-0.01840051782192054	-0.1191051451943625	0.8822951963199113	-0.2860828092314337	0.4687940865898835	-0.2650121969345188	1.273663724768607	1.273663724768615	0.02965423524829167	-0.0298827848127866	0.5827463084765205	0.000143040310663309	0.01407915017209642	-0.04765319316264375	-0.02289752434032459	-0.1880376526742271	0.1130535974286877	0.009528166881152727	0.0311326424410668	2.728470368616292	-9.812486384002977	7.164306211347093	-12.9665686624808	-512.7312780188181	-80.74890292663969	-42.30126925761829	-0.4444182590955041	-0.005852930024390169	-0.6795819589768853	2.807365692582532	-0.6186564845664768	1.551146466086083	-0.395828968762595	3.862923004055768	3.862923004052734	0.03064493246366127	-0.08387284890464368	1.7994381981454	0.2556190380777672	-2.077364058844487e-07	-3.605677670861733e-07	5.133745952821691e-07	4.937931588452432e-08	-5.603960579389386e-07	-4.837602132258822e-07	-1.001162350843573e-07
0.22	-0.06629594904437595	0.06840129226816613	0.8831019244939787	0.3073676756517073	-0.3583654677268057	-0.4645423699314544	-0.1754620056955156	0.2330382774968912	0.2330382774969104	-0.1705677446995209	-0.1599547112513292	0.007344343872023536	0.004674524056626247	-0.1726569860954135	-0.01841788434065266	-0.1259735760806323	0.9100368850241406	-0.2919292015052404	0.4839989221505434	-0.2684685445182785	1.311500486450503	1.31150048645049	0.03004033808449932	-0.03075820599761135	0.6003945497268289	0.002879022252571264	0.01068248889991925	-0.04410884085859192	-0.02221257673194192	-0.1870715654294471	0.1073749263788607	0.01020683238375638	0.03387282748765012	1.00282939271493	-9.842072201776086	7.211272994743801	-12.21138883002877	-512.0141763999517	-80.12065012496409	-42.27966726674944	-0.4603665521262673	0.001628783534256916	-0.6964064915124089	2.772311837838974	-0.550218840866263	1.488875330206805	-0.2796380429497943	3.727404877575167	3.727404877575022	0.06056037887052333	-0.09931778178523359	1.740401069770905	0.2978014245526211	-2.025497411839668e-07	-4.19031844185769e-07	5.147015672806847e-07	3.471206587853556e-08	-5.396057813444912e-07	-4.994728764733413e-07	-1.049952976596126e-07
0.23	-0.0680437577642768	0.06821742434286895	0.8818074413807094	0.3166017493173099	-0.361311285208566	-0.459629040482275	-0.1781609758681437	0.2463343169874436	0.2463343169874312	-0.1702658367620818	-0.160266640926325	0.01343293232638573	0.004717958630581752	-0.1768588723829165	-0.01833950911953143	-0.1329347828106875	0.9365650224723724	-0.2971260614308543	0.4985670493881814	-0.2712164977850772	1.347372474147446	1.347372474147438	0.03032483971242515	-0.03161593113918143	0.6171766276370063	0.0058457637718844	0.007355223949706019	-0.04068709719221444	-0.02156852155905932	-0.1864934599118818	0.1019093166214209	0.01089826660588368	0.03657252344186441	-0.6771469046443237	-9.880447988475	7.25421407434115	-11.44090906618603	-511.6385779601117	-79.56385399010766	-42.23802406909667	-0.393214177583204	0.01337692157765521	-0.6978451965165909	2.561135576638268	-0.4881915438859246	1.425694053737289	-0.2560251349714299	3.466876304945915	3.466876304946837	0.009923923644506501	-0.07712634320490848	1.625110214521061	0.3018017997867332	-1.987750339475e-07	-4.758133245037854e-07	5.170710104822884e-07	2.080416501842562e-08	-5.21517034789468e-07	-5.161073374776523e-07	-1.099782669642469e-07
0.24	-0.06983220824916249	0.06803482717581805	0.8804429727135867	0.32609471853305	-0.3643058256846793	-0.4545730472340775	-0.1808841558067275	0.2599790324727961	0.259979032472758	-0.1699615780345762	-0.1605867731453309	0.01968494137242515	0.00479219887656357	-0.1807853390912328	-0.01816373269140241	-0.1399706868513192	0.9618159950535259	-0.3016738003755469	0.5125316819536189	-0.2733104977089193	1.381235685412069	1.381235685412069	0.03051049609598599	-0.03239871479523015	0.6330786680623786	0.009040156657839481	0.0040279589994261	-0.03726535352583921	-0.0209244663860601	-0.1859153543943592	0.09644370686397165	0.01158970082800178	0.03927221939602987	-2.343237438083037	-9.918785930738171	7.294329051213309	-10.73606237269878	-511.086484474579	-78.98383753675134	-42.1755574620887	-0.4052826362888313	0.02110902493572385	-0.711345953627709	2.516878864423298	-0.4203946446819971	1.368176395766735	-0.1488473743583827	3.325649591110992	3.325649591111346	0.04079132999754254	-0.08432948468098064	1.564393572809742	0.3433316978809602	-1.954037431293233e-07	-5.32114062884208e-07	5.1973830259906e-07	7.113221057138166e-09	-5.042001539599946e-07	-5.330051692696354e-07	-1.149909239058467e-07
0.25	-0.07165871717322835	0.06785446185769616	0.8790077955361831	0.3358341118384925	-0.3673427018331822	-0.4493805731122351	-0.1836249153813199	0.2739526385511823	0.2739526385511482	-0.1696559155456383	-0.1609146246902896	0.02609167264370604	0.004899477382961846	-0.1844737031575476	-0.01789374670875292	-0.1470718464817482	0.985852586304402	-0.3055986758546713	0.5258642361680251	-0.2747378721423934	1.413156404282175	1.41315640428217	0.03060713728433722	-0.03315966484984153	0.648122865132685	0.01245001408923875	0.0007671869672011559	-0.03393763765177425	-0.02032152903732553	-0.1856918713169156	0.09116355905465215	0.01227032267485683	0.04193243554151073	-3.972756516937191	-9.954700739224897	7.329339111936416	-10.00626774391735	-510.8672354814715	-78.45171076377643	-42.09163001082336	-0.3441956063395809	0.03228177717918704	-0.710665646026979	2.315536484019121	-0.3631162264744361	1.300851875207214	-0.1241507175301207	3.075937378899464	3.075937378898466	-0.008157826458674879	-0.07007916175068805	1.452699187248413	0.3450108751681973	-1.939134320425505e-07	-5.828180932750342e-07	5.250736188949108e-07	-5.065554051330894e-09	-4.892564948997872e-07	-5.506150456341724e-07	-1.199919820591488e-07
0.26	-0.07352082620086996	0.06767726407785039	0.8775013738268199	0.3458075685021514	-0.3704157431818675	-0.4440577620600593	-0.1863768423481879	0.2882355826870491	0.2882355826870244	-0.1693497383127479	-0.1612497060149992	0.032644499168311	0.005041894085553835	-0.1879053598053126	-0.01753022503617338	-0.1542195932432427	1.008628666699253	-0.3089068404116665	0.5385990680196169	-0.275543976163379	1.443103296909843	1.44310329690983	0.03061344488418482	-0.03384467074042954	0.6622977187272834	0.01606779589658911	-0.00249358506512371	-0.03060992177770842	-0.01971859168846355	-0.1854683882395235	0.08588341124532316	0.012950944521706	0.04459265168691221	-5.59011236097812	-9.990386788044299	7.361619159326601	-9.33647171212573	-510.4964167482445	-77.90270180148489	-41.98568126386061	-0.3539411525787698	0.03981616292165344	-0.720663379840813	2.264776693218412	-0.2970524602561441	1.248631923203861	-0.02459329186061558	2.930884342623336	2.93088434262325	0.02272461229683332	-0.06914065187631808	1.39052487766801	0.3849165730711329	-1.93025034469827e-07	-6.317311771091896e-07	5.312627029280668e-07	-1.676043512689807e-08	-4.750722668057449e-07	-5.684527762619267e-07	-1.249893286001957e-07
0.27	-0.07541609629524439	0.06750415428836275	0.8759232767868181	0.3560027116276949	-0.3735188919282948	-0.4386106921687207	-0.1891336964033211	0.3028083836351567	0.3028083836351368	-0.1690439286574306	-0.1615914631058855	0.03933481140660156	0.005221468491736679	-0.1911077770250255	-0.01707708889127013	-0.1614016235838586	1.03019125496295	-0.3116265638485841	0.5507171438038196	-0.2757318537846796	1.47113403296929	1.471134032969282	0.03053428651939214	-0.0344946335763945	0.6756218037039083	0.0198772418040577	-0.005667318677517302	-0.02741074383116717	-0.01916226507962691	-0.185615778317581	0.08080775852446591	0.01362552596185168	0.04719582602051866	-7.163974201809321	-10.02680149831272	7.389145039497943	-8.647539413830463	-510.4484062897545	-77.41084500323267	-41.85725323767682	-0.2972509197831513	0.05025496921826778	-0.7173384546024314	2.070696731017745	-0.2449671960196604	1.178615523283041	-0.001637835243012632	2.690764536690566	2.690764536691381	-0.02541061475467723	-0.06099259494219559	1.281884242255348	0.3835237597532416	-1.940912313680147e-07	-6.767794783583722e-07	5.41453303145182e-07	-2.726141103281654e-08	-4.629539097263338e-07	-5.881844211451091e-07	-1.302856808405915e-07
0.28	-0.07734216234444397	0.0673360143861126	0.8742732863247238	0.3664072200034757	-0.3766463448912151	-0.4330453974960854	-0.1918895798022668	0.3176518112036719	0.3176518112036552	-0.168739345496526	-0.1619393335242464	0.04615407128157702	0.005440050389027874	-0.1940645507693436	-0.01653624758867599	-0.1685982776617053	1.050501716749547	-0.3137676837099047	0.5622440242782052	-0.2753498449250936	1.497228620992144	1.497228620992141	0.03036814599910529	-0.03506733623178192	0.6880872460643568	0.02386929411826705	-0.008841052290035628	-0.02421156588462574	-0.01860593847070642	-0.1857631683956896	0.07573210580359847	0.01430010740199078	0.04979900035402509	-8.727033161059641	-10.06290585442756	7.414106852051328	-8.014317124705777	-510.2686358089665	-76.90755190955969	-41.70592559988659	-0.3048124574997441	0.0573571944597579	-0.7235881272869664	2.014351397798533	-0.1813317451367399	1.130392861240465	0.08938400431677693	2.543654735304677	2.543654735304433	0.005328181198014873	-0.05368861576081793	1.218796354432613	0.421437854419245	-1.958535852010476e-07	-7.204512817005782e-07	5.530691009072688e-07	-3.733716043995603e-08	-4.515713423233667e-07	-6.085906108315948e-07	-1.356885282615773e-07
0.29	-0.07929668865398863	0.06717370440692839	0.8725512973144576	0.3770087879126823	-0.3797924216724006	-0.4273678877552698	-0.1946387627705379	0.3327467468059006	0.3327467468059067	-0.1684368212113751	-0.1622927392152648	0.05309377136254207	0.005699407815909416	-0.1968034050423559	-0.01591237154085823	-0.175795819134762	1.069607968115707	-0.3153574284929571	0.5731579413107518	-0.274397412537515	1.521444263450549	1.521444263450531	0.0301265168375268	-0.03560482352052356	0.6997125467222697	0.02802903511394484	-0.01194224212187015	-0.02115331231581077	-0.0180936154147659	-0.1862426728972166	0.07080237108535102	0.01499132643261306	0.05235619156191278	-10.26402838289354	-10.10710430184822	7.436137783014435	-7.353995169851264	-510.4048111959061	-76.47865604963846	-41.53133367182238	-0.2528158227035215	0.06690127847735382	-0.71737103920384	1.828181773791336	-0.1342405090734533	1.056770033221365	0.1115732849508365	2.313411044021906	2.313411044019726	-0.04049538421059642	-0.05231156154920453	1.113333893766213	0.4173216289142214	-2.06285278267378e-07	-7.568544407122919e-07	5.861119891675127e-07	-4.210618963308843e-08	-4.56555053823205e-07	-6.411023034877158e-07	-1.43363687493324e-07
0.3	-0.08127748228836833	0.06701803288192903	0.870757426113083	0.3877953022890885	-0.382951684834255	-0.421584263062333	-0.1973757413291428	0.3480744172412945	0.348074417241318	-0.1681370306017009	-0.1626512263344086	0.06014551184454484	0.006001178534102128	-0.1993180157354119	-0.01520855675170894	-0.1829747158833851	1.087491010192527	-0.316404959843367	0.5834670147016825	-0.272908962991024	1.543775587625491	1.543775587625457	0.02982141090095572	-0.03608362185399807	0.7104953262720058	0.03235195238050964	-0.01504343195384508	-0.01809505874699835	-0.01758129235876139	-0.1867221773987943	0.06587263636709279	0.01568254546322551	0.05491338276968789	-11.79129283024981	-10.15103664743309	7.455876756837942	-6.746094285497326	-510.4248382097658	-76.04323090381951	-41.33311070327724	-0.2599637415083965	0.07334494272599884	-0.7198591824002546	1.769709539930464	-0.07288905860825412	1.009424132917249	0.1965874360993404	2.166791078611944	2.16679107861177	-0.007367173800491794	-0.04195082470739366	1.050292132797204	0.4540731085966097	-2.201358656792341e-07	-7.90391092100713e-07	6.276049976242124e-07	-4.478242775590821e-08	-4.679930724959805e-07	-6.783879973149604e-07	-1.519349696926947e-07
0.31	-0.08328227487152766	0.06686978586635263	0.8688919267134135	0.3987544695974704	-0.3861188424827063	-0.4157005256273308	-0.2000952879768519	0.3636160386710404	0.3636160386710517	-0.1678407363259473	-0.1630142221939375	0.06730087110721508	0.006346863108898175	-0.2016031228612301	-0.01442878726204333	-0.1901151322706037	1.104136927305365	-0.316944060854713	0.5931823179500731	-0.2709208570530917	1.56423985593575	1.564239855935763	0.02942552906019731	-0.03650560026338599	0.7204375935019148	0.03680575395780458	-0.01806848649649469	-0.01508408204682051	-0.01711449454323108	-0.1875430068569698	0.06113811966131586	0.01629844052142144	0.05742050147120791	-13.28000624820624	-10.16467542427828	7.465839184827512	-6.108881769051798	-510.7651186841495	-75.59664395807434	-41.11287773629404	-0.2071688770027434	0.0820926984612685	-0.7097223917212687	1.5812066394313	-0.03203088038687055	0.9377209022497031	0.2118485975112562	1.939949255570754	1.939949255577783	-0.05754774936881561	-0.04069350248498194	0.9453207196481265	0.444206422327496	-2.125928411896201e-07	-8.300412682441274e-07	6.104832115564396e-07	-5.913493726832373e-08	-4.377412223028292e-07	-6.799429373378615e-07	-1.533946508686438e-07
0.32	-0.08530879546172643	0.06672969649494753	0.8669553052449039	0.4098739308454613	-0.3892889131928703	-0.4097226076635514	-0.2027925682802112	0.3793530436935542	0.3793530436935522	-0.16754877068062	-0.1633811122682612	0.07455147838249611	0.006737720247473445	-0.2036636171424008	-0.01357702791745123	-0.1971991296513746	1.11954979811704	-0.3169875721856221	0.6023031204564533	-0.2684556941203017	1.582852306179523	1.582852306179582	0.02895568481322727	-0.03686246480999177	0.7295449287942389	0.04138646513636217	-0.02109354103926093	-0.01207310534664261	-0.01664769672762993	-0.1883638363151859	0.05640360295553298	0.01691433557961317	0.05992762017263036	-14.75844174995789	-10.17804598783495	7.473397558993329	-5.525894659245007	-510.9820264265479	-75.14507334984754	-40.87148155292713	-0.2150411725788305	0.0877429137112366	-0.7085753811107016	1.523100279698259	0.02622887747912963	0.8905239845151571	0.291998835070953	1.796427465314497	1.796427465314499	-0.02215965504280858	-0.02892805215096476	0.8833057452801681	0.4794550288491021	-1.957482463080625e-07	-8.723494986288432e-07	5.678767322171566e-07	-7.856408651534613e-08	-3.893633421679705e-07	-6.659627670110477e-07	-1.517623315996271e-07
0.33	-0.08735501684209009	0.06659846469825179	0.8649481551673488	0.4211417583118559	-0.3924570250420261	-0.4036566197065157	-0.2054626527583339	0.3952672737040175	0.3952672737040012	-0.1672616838499405	-0.1637515197201151	0.08188912103107014	0.007175018905851034	-0.2055418167929053	-0.01265837253227454	-0.2042139184050818	1.133805200072962	-0.3165590047449364	0.6107987977407877	-0.2654914377789118	1.59968693790519	1.599686937905178	0.02844922649967736	-0.03720533357672912	0.737845266986683	0.04608879818127754	-0.02405704786688253	-0.009228064911306016	-0.01622301347640742	-0.1894938962629742	0.05177234969158446	0.01756624667691487	0.06239737056982465	-16.2236831265914	-10.20644845459893	7.480016369427945	-4.911457896379254	-511.5151814851077	-74.78598839057429	-40.60653865955997	-0.168369964077948	0.09555371533211715	-0.6954602495284966	1.345194693957751	0.0625716858574574	0.8146051214263575	0.3091035926688486	1.580997572021437	1.580997572010684	-0.06684284755031357	-0.03479074847699185	0.7826146492673843	0.4680292654494208	-1.777978696131431e-07	-9.076197867253558e-07	5.181813740889741e-07	-9.706008406563972e-08	-3.409847130344972e-07	-6.467465646269035e-07	-1.486402150720375e-07
0.34	-0.08941885233952131	0.0664767448282898	0.8628713512768512	0.432545826705883	-0.3956185710150772	-0.3975085718724273	-0.2081010017612465	0.4113406533409	0.4113406533408714	-0.1669800523879945	-0.1641249207515594	0.0893056104201766	0.007659822259305085	-0.2071864405550632	-0.01167464257069857	-0.2111298922399017	1.146797983645628	-0.3156743969644848	0.6187150958664734	-0.262108599077675	1.614682231464	1.614682231463916	0.02786461106455896	-0.03746118072513959	0.7453142769007611	0.05088740415166001	-0.0270205546945844	-0.006383024475966016	-0.01579833022511053	-0.1906239562107903	0.04714109642763505	0.01821815777421907	0.0648671209669474	-17.68215811047594	-10.23444755216003	7.484757530774013	-4.340581385063427	-511.9751723045789	-74.43051461902432	-40.31582617850597	-0.1683259949094408	0.1007578289910362	-0.6888123973332333	1.27057660304721	0.1174369454323043	0.7746481527854183	0.3757153070403615	1.428559831942849	1.428559831942848	-0.0377910793564986	-0.01152372848558105	0.7170400896069098	0.4987096139424888	-1.593193583207971e-07	-9.395286695498908e-07	4.651002828078845e-07	-1.151103972234658e-07	-2.926057261703423e-07	-6.250295708123924e-07	-1.448065535851294e-07
0.35	-0.09149822156104707	0.06636516335219619	0.8607259027637698	0.4440739913454793	-0.3987690671215063	-0.3912844299903821	-0.2107032399347354	0.4275551972244873	0.4275551972244648	-0.1667044119014873	-0.1645007269115895	0.09679279060196784	0.008193113276637494	-0.2086518238239976	-0.01063227918417963	-0.2179368759695407	1.15862916912555	-0.3143563711619741	0.6260184915191619	-0.2582748865673075	1.627928947562054	1.627928947562063	0.02725309240060061	-0.0376862745851457	0.7519866156195832	0.05578176420593688	-0.02991222984330207	-0.003617753768659786	-0.0154175704134387	-0.1920235675832895	0.04266720471956557	0.01881529786298726	0.0672886949474267	-19.10856126287391	-10.2403275817671	7.481462564361594	-3.749028761453712	-512.6841259220494	-74.07708575704504	-39.99735719899611	-0.1302901446010622	0.1073573510135293	-0.6732563978981067	1.108538178486546	0.1493045569383983	0.6938429508665962	0.3968215811358163	1.22811654311044	1.228116543124408	-0.0744989418208236	-0.02583267120323127	0.6220267022643736	0.4865432273137356	-1.422002796302817e-07	-9.694774095485344e-07	4.126558162303819e-07	-1.32287852810087e-07	-2.479063949527065e-07	-6.047335466604423e-07	-1.409755241771586e-07
0.36	-0.09359117374560912	0.06626428186147376	0.8585130614059683	0.4557142975714712	-0.4019043191380552	-0.3849901226159366	-0.2132652165115029	0.4438932860779254	0.4438932860779161	-0.1664352199379918	-0.1648783501015244	0.1043426333587962	0.008775696699741353	-0.2099030331615437	-0.009534645496461238	-0.2246084611839342	1.169226300926345	-0.3126255789883469	0.6327481943460924	-0.2540562797328924	1.639391225435057	1.639391225435159	0.02657490646043047	-0.03782458670295434	0.757846791908186	0.06074588530595226	-0.03280390499207202	-0.000852483061348155	-0.01503681060168351	-0.1934231789558087	0.03819331301149795	0.01941243795176182	0.06971026892785598	-20.53160311480545	-10.2452982963316	7.476312400295476	-3.190470217059819	-513.3688734586431	-73.73437934884943	-39.64941783742483	-0.1254912086317095	0.1118118892308747	-0.6617326942841408	1.023765867221764	0.1999902196556302	0.6599095876338741	0.4526941718499347	1.071672186932495	1.071672186932492	-0.0511245345988473	0.00583261995392338	0.5546076035630271	0.5126618230901634	-1.257922887622622e-07	-9.984008440690196e-07	3.605443533439859e-07	-1.490087367440781e-07	-2.051318066886341e-07	-5.851807989473701e-07	-1.371458715489397e-07
0.37	-0.09569578825500755	0.06617463129921977	0.8562342073511939	0.4674548171608158	-0.4050202676914922	-0.3786315507733204	-0.2157829280742343	0.4603374274116849	0.4603374274116716	-0.1661729006920948	-0.1652571667904542	0.1119471555412819	0.009408288198750028	-0.2109868762171492	-0.008387573731812748	-0.2311333008500258	1.178675417577112	-0.3105024616472064	0.6388717688722689	-0.2494281665573611	1.649147753090387	1.649147753090456	0.0258812896859687	-0.03792457058031935	0.7629257750943449	0.06577937630477931	-0.03561846976762982	0.001760364306085625	-0.01470018724316054	-0.1950587227074431	0.03385778288675425	0.02000459377161576	0.07207889385516519	-21.923728229787	-10.25077501248411	7.468109488579047	-2.624033635462877	-514.2539308654862	-73.44069948695362	-39.27060591828134	-0.09486085135736927	0.1173077855129709	-0.6435401801172616	0.8751750096426653	0.2277923880797994	0.5743057907850851	0.4765498289697731	0.8842769715697391	0.8842769715648504	-0.07975565111929836	-0.0157030896406839	0.4647309234438398	0.4998574324940117	-1.100013043615212e-07	-1.019378237472793e-06	3.063825166717882e-07	-1.636449202123273e-07	-1.658593188140854e-07	-5.632140534340656e-07	-1.323580474435624e-07
0.38	-0.09781024719443193	0.06609668204769825	0.8538909687842895	0.4792837660057905	-0.4081131210921705	-0.3722145983043058	-0.2182526225174991	0.4768704608053436	0.4768704608053293	-0.1659177726943886	-0.1656365411577768	0.1195985050050895	0.01009144754659	-0.2118719191660388	-0.007194383349966817	-0.2374853636099379	1.186912152053416	-0.3080065484366058	0.6444243196254682	-0.2444528558392154	1.657169637415178	1.657169637415215	0.02513665682153	-0.0379361223800421	0.7672122481725647	0.07085945507220853	-0.03843303454321385	0.004373211673525459	-0.01436356388459886	-0.1966942664590844	0.02952225276201448	0.0205967495914787	0.07444751878244578	-23.31567775741122	-10.25519033759986	7.458490555961836	-2.081373719826456	-515.1604377170311	-73.16471772414005	-38.85987508324795	-0.08573118728847556	0.1210356126703147	-0.6271773130482153	0.7812894323292132	0.2745493935476581	0.5457048330384334	0.5221336803728628	0.7247435208247349	0.7247435208247586	-0.06132775259422408	0.0235190354823863	0.3961055819751524	0.5219793768105691	-9.456289508493934e-08	-1.035815035952732e-06	2.510490378362752e-07	-1.770898462715812e-07	-1.285880311621217e-07	-5.398678806063428e-07	-1.270226967798089e-07
0.39	-0.09993274352824759	0.06603087217174891	0.8514851031530321	0.491189364838419	-0.4111792193889537	-0.3657450791862402	-0.2206707210445441	0.4934753389578171	0.4934753389578108	-0.1656701415630151	-0.1660157546433257	0.127288873671676	0.01082564461900198	-0.2125958568905736	-0.005961429359713889	-0.2436527167065797	1.194007588137463	-0.3051592267770274	0.6493891068707551	-0.2391168605714915	1.6635242324669	1.663524232466953	0.02438015821121473	-0.03788934145153987	0.7707322233821026	0.07598104889075276	-0.04116954784296802	0.006915831798004038	-0.01406987078920258	-0.1985150211025885	0.02535248320753274	0.02111021596688133	0.07675942402956194	-24.66677143085609	-10.2282143944261	7.438874748226148	-1.533643679841834	-516.2136601180549	-72.86034492877387	-38.41654805609214	-0.06097727954815602	0.1253132139989048	-0.6062802741008977	0.643691561402835	0.2979919931850774	0.4582025828862159	0.546830799865205	0.5485784003931367	0.5485784003954836	-0.08436556389279666	-0.002095373420221433	0.3105221732844633	0.5075512229653861	-7.42162892616969e-08	-1.051974699902165e-06	1.781775635406341e-07	-1.929853841294396e-07	-8.360014236820019e-08	-5.075730381775835e-07	-1.194613276748423e-07
0.4	-0.102061529682214	0.0659775694200611	0.8490186107975823	0.5031599222048764	-0.4142152107809365	-0.3592286448131982	-0.2230339599489345	0.5101353152414203	0.5101353152414194	-0.1654303863474768	-0.1663939709185763	0.1350105578269263	0.01161111799731726	-0.2131298831955846	-0.004692958497663094	-0.2496107084483663	1.199903858819923	-0.3019851674765651	0.6538073706205394	-0.233480931308034	1.66818926364051	1.668189263640579	0.02356147365519639	-0.03773668032121186	0.7734753459052949	0.08111471625285926	-0.04390606114273438	0.009458451922487818	-0.01377617769383158	-0.200335775746088	0.02118271365305549	0.02162368234229322	0.07907132927666229	-26.02049114329248	-10.19970957932033	7.417794684221086	-1.001410617223034	-517.3284933401429	-72.57878259764438	-37.94036180627885	-0.04774890338365043	0.1281389870298425	-0.5853050420771678	0.5414563520118257	0.3398969217244264	0.4364001339379294	0.5821204795196101	0.3868307452025181	0.3868307452025154	-0.07376494173482845	0.04469507584755469	0.2407350447059999	0.5243940855230034	-5.081211837660035e-08	-1.06796172266866e-06	9.438078059770009e-08	-2.104075326159369e-07	-3.380519056781323e-08	-4.697036146858836e-07	-1.105132585573166e-07
0.41	-0.1041949633622722	0.06593710779229582	0.8464935992496736	0.5151839222518375	-0.417217866892426	-0.3526709986820448	-0.225339140337901	0.5268338687718821	0.5268338687718959	-0.1651987730169195	-0.1667704082735184	0.142755943196536	0.01244804905537449	-0.2135286256758671	-0.003394610837995958	-0.2553509835287754	1.204701046626266	-0.2984986863778496	0.6576284540034337	-0.2275106254274392	1.6712489994319	1.671248999431911	0.02275569069516327	-0.03753619820153944	0.7754763693338504	0.08626882893991675	-0.04655644189720994	0.01179440187265153	-0.01352572523956397	-0.2023116795878757	0.01714532799121412	0.02215781618587276	0.08132042458725286	-27.33700624418848	-10.18576758111677	7.397976503578391	-0.4831403412059558	-518.5324055403854	-72.36735022270001	-37.43134222909462	-0.0316740770986282	0.1313525985680176	-0.5622988375371849	0.4196156966865871	0.3602392892394271	0.3408667061559607	0.6111638011395528	0.2246999226001741	0.2246999225914878	-0.08497229295388498	0.009943337587980092	0.1609512964512851	0.5106827301051571	-4.132808424001778e-08	-1.071733521960139e-06	5.321803559967783e-08	-2.185505897644054e-07	-8.757443807210037e-09	-4.529893002349244e-07	-1.059168969989313e-07
0.42	-0.1063315318984854	0.06590976362975356	0.8439124029316579	0.5272500473172076	-0.4201842150758685	-0.346077960863924	-0.2275832820363003	0.5435548506455642	0.5435548506455821	-0.1649754149799378	-0.1671443970957347	0.1505175718613354	0.01333647381426398	-0.2137568544260632	-0.00206946545306008	-0.2608476624697553	1.208328862502247	-0.2947235818673627	0.6608857080139614	-0.2212731931944278	1.67267493228301	1.672674932282963	0.02191041494247883	-0.03724697377943181	0.776724004943244	0.09141345641929642	-0.04920682265169206	0.01413035182281783	-0.01327527278539519	-0.2042875834296493	0.0131079423293767	0.02269195002945913	0.08356951989783455	-28.66013496882695	-10.17018450793858	7.377345481104364	0.03042976972642219	-519.8552777501067	-72.18630863766626	-36.88651848684437	-0.01364615736630895	0.1334985320835482	-0.5365858141912982	0.3075819659392988	0.3976216040786919	0.3236342594646114	0.6355457500029782	0.06007015714653577	0.06007015714653792	-0.08166350026507857	0.0624435363346105	0.09005748087354272	0.522497043987425	-4.128143094988526e-08	-1.067223813810929e-06	4.095972310668014e-08	-2.204027375311598e-07	-4.874631752736343e-10	-4.506174325912469e-07	-1.042708456501327e-07
0.43	-0.108469612232814	0.06589578549015852	0.841277498397409	0.539346775323452	-0.4231114326318451	-0.3394552143169569	-0.229763720072262	0.560282106560509	0.5602821065605254	-0.1647605718444126	-0.1675151176872607	0.1582879858675267	0.01427627705004992	-0.2138356988881056	-0.0007231786454801705	-0.2660878698928631	1.210830927091256	-0.2906788249563789	0.663565739906901	-0.2147742863945052	1.672516549986988	1.672516549986956	0.02105881358733347	-0.0368874855461396	0.7772385123691544	0.09654140150681566	-0.05176670667439605	0.01637527067583592	-0.01306691369037064	-0.2063592917052371	0.009251530332816896	0.02314710784130965	0.08574839611520267	-29.92979815365329	-10.12555178071051	7.347385909265499	0.5264387767358267	-521.2076357016616	-71.96974696358183	-36.30693837643564	-0.001448924671082853	0.1355970903523228	-0.510931429091627	0.1936773878691835	0.4141785612805071	0.2254256720958503	0.6630822856212601	-0.0927268164415016	-0.09272681643922019	-0.08698021306103378	0.02417183160481543	0.01407284666671655	0.5072392477071952	-4.471963136692073e-08	-1.05622328875719e-06	4.006037722514103e-08	-2.189548027148941e-07	7.168383553662421e-10	-4.523015371030595e-07	-1.034333662557754e-07
0.44	-0.1106077700785748	0.06589535088569047	0.8385915531443847	0.5514629557120818	-0.4259969474533764	-0.3328086198474828	-0.231877965212098	0.5769999917738108	0.5769999917738121	-0.1645542590744407	-0.1678819493234742	0.1660599300426205	0.01526721893802576	-0.2137723567120541	0.0006392415723392672	-0.271055806224811	1.21221933897976	-0.2863830349785054	0.6656552925153313	-0.2080346139691978	1.670800791952369	1.670800791952352	0.02020434183531952	-0.03646918272171691	0.777030038723742	0.1016411868572565	-0.05432659069710555	0.01862018952885528	-0.01285855459548593	-0.2084309999808066	0.005395118336260502	0.02360226565316571	0.0879272723325642	-31.20673873267841	-10.0791968949603	7.316640711355455	1.020037019817366	-522.6874714347178	-71.78488482029219	-35.69613922661113	0.01479117025252974	0.1367252141314131	-0.4821315959593135	0.08485142583825014	0.4478282174566057	0.2055384025627116	0.6836988750799682	-0.2514049905728307	-0.2514049905728367	-0.08223757963878368	0.07420645456071796	-0.05453873339104376	0.5168650965717375	-5.072561872608001e-08	-1.040440056510639e-06	4.753079621520312e-08	-2.150752281006136e-07	-3.285149978107195e-09	-4.569742526768122e-07	-1.031916767225853e-07
0.45	-0.112744565121498	0.06590860427689692	0.8358573448304351	0.5635874475236307	-0.4288383247091667	-0.3261439949250335	-0.2339237245875543	0.5936930023215998	0.5936930023216181	-0.1643565120498964	-0.1682442359731158	0.17382620689124	0.01630895122658424	-0.2135634502399231	0.002012762868880962	-0.2757353859335852	1.212495149672394	-0.2818583202300072	0.6671739191084388	-0.2010858345695156	1.667549806205663	1.667549806205658	0.01934435436748843	-0.03597757855177761	0.7761083755405247	0.1066938614499259	-0.05680115830345744	0.02075403913408954	-0.01268800460022272	-0.2105848808440377	0.001690118777230192	0.02400024437975335	0.09003775265855245	-32.43859067912724	-10.01254366336921	7.278820715306382	1.500484489868199	-524.1888377798729	-71.5840429146559	-35.05768176835236	0.02744540791200389	0.1378218471028741	-0.4533015763682355	-0.02860781193685294	0.4600094932524369	0.1105757645568439	0.7051814554146854	-0.3996514599127901	-0.3996514599110361	-0.08814077195663618	0.03824282150734425	-0.1285566050067297	0.4979150694396892	-4.871695582595786e-08	-1.026236417422834e-06	2.416088820928354e-08	-2.142938443651282e-07	1.294119655892786e-09	-4.46770004732845e-07	-9.880779671791689e-08
0.46	-0.114878570095258	0.06593562413300602	0.8330778546357912	0.5757091867015214	-0.4316334115395295	-0.3194670735412791	-0.2358990533724138	0.6103459617932901	0.6103459617933159	-0.1641674171883622	-0.1686012854963826	0.1815797518091833	0.01740089954683457	-0.2132143428790382	0.003392534552873686	-0.2801121823636278	1.211668812248512	-0.2771249498932687	0.6681145847764307	-0.1939484958497296	1.662790576731225	1.662790576731231	0.01847390923560445	-0.03542175744996676	0.774483652588521	0.1116843931956019	-0.05927572590981797	0.02288788873932164	-0.01251745460505324	-0.2127387617072586	-0.002014880781799159	0.02439822310634021	0.0921482329845342	-33.67736263416849	-9.944331528184616	7.240356091807891	1.978071230258346	-525.8110377768179	-71.41435474697671	-34.39515470462008	0.04283134800336059	0.1379752916215801	-0.4215749402130122	-0.1355781974648358	0.4895593351046598	0.0899462175395658	0.7214107391007561	-0.5530537361194048	-0.5530537361194195	-0.08432911244935005	0.08704984093504006	-0.1951506871483526	0.5044365271730277	-4.029657271841063e-08	-1.013296452862026e-06	-2.388128139342106e-08	-2.159910133326786e-07	1.273839566387141e-08	-4.246641859747022e-07	-9.111016433606587e-08
0.47	-0.1170084248533894	0.06597645658172789	0.8302561520643563	0.5878172695361774	-0.4343801453294168	-0.3127837220355149	-0.2378021167656321	0.6269439325060042	0.6269439325060323	-0.1639868689455695	-0.1689525096121453	0.189313607725437	0.01854246287684437	-0.2127347404715963	0.00477391404470634	-0.2841733236596224	1.209767629886609	-0.2721933569096819	0.6684588022905564	-0.1866406380806604	1.656561097344837	1.656561097344841	0.01763804697473828	-0.03481320856053655	0.772174864670591	0.1166131649205581	-0.06164869056520242	0.02484534794397984	-0.01238727116962924	-0.2149875805878373	-0.005557779240504051	0.02478352847870215	0.09417682158750726	-34.86535227474631	-9.878336155694948	7.200907001957895	2.430204568260063	-527.4406679023299	-71.27625975050539	-33.71208732065685	0.05383082917382931	0.1381697499223556	-0.3901288735432699	-0.2443781373314087	0.4993377818575958	-0.007947936529586856	0.7390050029116481	-0.6942478032850621	-0.6942478032854362	-0.08302565523240053	0.0492350005506459	-0.2656757287066716	0.4849963634514947	-4.290836587890223e-08	-9.883462325463273e-07	-2.514320730426607e-08	-2.109939964826084e-07	1.179769887857251e-08	-4.205083246909427e-07	-8.87221742252092e-08
0.48	-0.1191328223590358	0.06603109291975953	0.8273954890501112	0.5999009425708575	-0.4370766874890922	-0.3060998498455865	-0.2396313952397396	0.6434723378721834	0.6434723378722045	-0.1638146414998596	-0.1692973527214796	0.1970209891855928	0.01973289369776279	-0.2121228923817753	0.006153312414829849	-0.2879042709256383	1.20678685225357	-0.267086623851218	0.6682187216095368	-0.179191512027516	1.648877507422986	1.648877507422987	0.01680974982078723	-0.03414555616696177	0.7691887613690068	0.1214578913772972	-0.06402165522059271	0.02680280714863089	-0.01225708773428011	-0.2172363994684094	-0.009100677699210809	0.02516883385105503	0.09620541019047994	-36.06056868539473	-9.810952999623831	7.16109731308631	2.881796961821373	-529.1939053583826	-71.16835263460142	-33.01195947655215	0.06928048447923194	0.1375790672797136	-0.3555361342172502	-0.351497251692085	0.5245873500800803	-0.02691342148948665	0.7496643959158298	-0.8438758432121286	-0.8438758432121373	-0.08281609106631639	0.09887054176396488	-0.3306137638792468	0.4876274735295684	-5.509525542297471e-08	-9.529720166697809e-07	1.41965877249934e-08	-2.001869315644146e-07	1.077804236365234e-10	-4.319316717811762e-07	-9.094255287785703e-08
0.49	-0.1212504096459797	0.06609949617600189	0.8244992135503618	0.6119494004303903	-0.4397213572177215	-0.2994210932478971	-0.2413856011837904	0.6599166944050708	0.6599166944050808	-0.1636507418557663	-0.1696350572575521	0.2046951553502546	0.02097127903616135	-0.2113742689452502	0.007525527001575685	-0.2912921372428213	1.202730859275273	-0.261824178331075	0.6674380048972648	-0.1716329489032269	1.639762068914084	1.639762068914087	0.01597383874987611	-0.03338451293661395	0.7655364718650888	0.1262003835039019	-0.06630863541522312	0.02867466369677787	-0.01216052717859321	-0.2195365626027556	-0.01250293623644042	0.02548883866473263	0.0981600095753473	-37.21229503289855	-9.718879140229546	7.112844093988026	3.321900115582327	-530.9333197650133	-71.02870639639968	-32.29812169677575	0.08071795150246218	0.1367318900346914	-0.3216092252713644	-0.4587068003762423	0.5306340338385038	-0.1179147011908193	0.761461452686568	-0.9801189870268255	-0.9801189870267053	-0.0835693340340386	0.06635631265967587	-0.3987698925128403	0.4648859459315917	-6.943141902853354e-08	-9.132856150800418e-07	6.60213780107353e-08	-1.870840642598783e-07	-1.538299621384213e-08	-4.459654669904626e-07	-9.435760389484614e-08
0.5	-0.1233598977629066	0.06618155942524404	0.8215708199184802	0.6239520870642472	-0.4423126903149759	-0.292752996598352	-0.243063719660197	0.6762629483264152	0.6762629483264058	-0.1634951194661772	-0.1699648243415105	0.2123295519501038	0.02225655446856725	-0.2105030583781818	0.008885311014792773	-0.2943278973521004	1.197632607117865	-0.2564192975766464	0.6660867319812032	-0.1639740184988837	1.629256985113274	1.629256985113277	0.01515429892174453	-0.03255806574668772	0.7612348484065806	0.1308359101787336	-0.0685956156098279	0.03054652024491422	-0.01206396662297332	-0.2218367257370917	-0.01590519477367401	0.02580884347839519	0.1001146089602448	-38.37037832755109	-9.625619358427345	7.064319052421576	3.759579001244103	-532.7816761100756	-70.91814627991363	-31.57380927806445	0.09379791058794257	0.1350929525739279	-0.2851148926364497	-0.5599490875142744	0.5530743969372005	-0.1410246622473836	0.7697378519266986	-1.121804901594131	-1.121804901594156	-0.0795418425103965	0.1119513336796572	-0.4604805547972776	0.4662343831749681	-8.579042880960896e-08	-8.695406857602392e-07	1.295967520672843e-07	-1.718204417681961e-07	-3.445105114077275e-08	-4.624561545470926e-07	-9.889705243121529e-08
0.51	-0.1254599966456834	0.06627714496521973	0.8186138775442577	0.6358985011863536	-0.4448493470430787	-0.286101023527312	-0.2446649090003892	0.6924972179056277	0.6924972179056402	-0.163347790825309	-0.170285824925544	0.2199176987667086	0.02358754092063452	-0.2094978293620566	0.01022851028905187	-0.2969986421077515	1.191481473055602	-0.2508946857275853	0.6642113125431812	-0.156253837745766	1.617375300593052	1.617375300593064	0.01431582582913722	-0.03163502982120275	0.7562906785825639	0.1353374471935635	-0.07078764060220061	0.03227306932723938	-0.01199804028790444	-0.2242125239748504	-0.01916976970971671	0.02610141900020748	0.1019874139310511	-39.48517842223387	-9.526299879854477	7.012856222097819	4.182842340035521	-534.6198836304684	-70.81937577011816	-30.84207845880479	0.1067320694434988	0.1334075887526691	-0.2487727756101272	-0.6679925034177459	0.5548182600631896	-0.2253695908553244	0.7746599561402865	-1.254574509833069	-1.254574509831717	-0.08545821172108535	0.08356221096827263	-0.5269939502757386	0.4386395400437071	-1.017220236898488e-07	-8.155459270841965e-07	1.973034588648273e-07	-1.537015533158546e-07	-5.540298464742579e-08	-4.743574240618356e-07	-1.029199500054728e-07
0.52	-0.1275494739038359	0.066386057332718	0.8156320840207626	0.6477783445802759	-0.4473302249164539	-0.2794707184519111	-0.2461885961792209	0.7086060257831279	0.708606025783148	-0.1632087385492045	-0.1705973786525003	0.2274532821342583	0.0249628479787316	-0.2083787334531732	0.0115506765193079	-0.2992981272066214	1.184318461479922	-0.2452635266316169	0.6617531328541323	-0.1484735862272001	1.604164644768955	1.604164644768976	0.01349902597312348	-0.03066869433630545	0.7507221585956725	0.1397000313846618	-0.07297966559451859	0.03399961840955193	-0.01193211395297673	-0.2265883222125872	-0.02243434464576444	0.0263939945220024	0.1038602189019151	-40.60476078616813	-9.426358743737781	6.9615411841121	4.599870225150466	-536.5419396865171	-70.74792606233211	-30.1080723517305	0.1165712891396277	0.1308863437732785	-0.2108629612802139	-0.7623245901978727	0.5743838463186706	-0.2575767124527359	0.7817520050163798	-1.387599162369259	-1.387599162369229	-0.07520719519166466	0.1206112455621328	-0.585350587372217	0.4384438184286556	-1.172174809161747e-07	-7.5109215886097e-07	2.692258113164457e-07	-1.326691281689627e-07	-7.827724323542827e-08	-4.815756139419998e-07	-1.06415754761249e-07
0.53	-0.1296270866303911	0.06650806942805221	0.8126292018562786	0.6595813722615524	-0.4497543364029271	-0.2728675486712803	-0.2476343859823031	0.724576062226815	0.7245760622268608	-0.1630780141464681	-0.1708987863625931	0.2349300580699709	0.02638096710039195	-0.2071241847240418	0.01284669578787158	-0.3012135587768054	1.176121530927861	-0.2395474350497755	0.658786481025304	-0.140682900427504	1.589630254284058	1.589630254284094	0.01264669747083339	-0.02960744778766275	0.7445325408581784	0.1438931409681849	-0.07508980312196578	0.03569683854343204	-0.01188892268659396	-0.2290501168020816	-0.02556073087290472	0.02658685609075858	0.105657527681353	-41.68407100187041	-9.282913309681501	6.895008688406467	5.020171391266873	-538.4636155057539	-70.60364260931107	-29.3806581019532	0.1328465056955271	0.1281783799934554	-0.1721892762865352	-0.8732029592696208	0.5719453212769789	-0.3304510762247932	0.7779479617702794	-1.518195793951976	-1.518195793949856	-0.09020891815264767	0.09974466802411192	-0.6508717984270457	0.4052255508867589	-1.212975976380115e-07	-6.911630530295241e-07	2.985805133778936e-07	-1.181423801032966e-07	-8.41077767401374e-08	-4.689182665789526e-07	-1.049545898876343e-07
0.54	-0.1316915639014765	0.06664288544839099	0.8096091041718131	0.6712974655030024	-0.4521209422721474	-0.2662968937405661	-0.2490022247085213	0.7403943874051832	0.7403943874052388	-0.1629558056768652	-0.1711894089454655	0.2423419169420106	0.02784011352240224	-0.2057516423590766	0.01411146152022219	-0.3027412312029434	1.166931573513422	-0.2337624031815291	0.6552501628714007	-0.1328833708548372	1.573822391703077	1.573822391703127	0.01179583935234673	-0.02851166889867137	0.7377387458611223	0.1479054914546131	-0.07719994064935064	0.03739405867730587	-0.01184573142040127	-0.2315119113915466	-0.02868711710004681	0.02677971765950818	0.1074548364608514	-42.76596160233083	-9.138894664035513	6.828246724338278	5.429920695409383	-540.4338937506174	-70.48219884475654	-28.65993582427048	0.1401700163064502	0.1246356365306281	-0.1333111324709971	-0.9609299626733314	0.5881719035996995	-0.371509977467769	0.7835207596105485	-1.642293581586183	-1.64229358158611	-0.07491311843096218	0.1275177136318807	-0.7061860392846682	0.4022919990096804	-1.127479759293494e-07	-6.362399566528145e-07	2.808390916034074e-07	-1.108134024253697e-07	-7.108142291864939e-08	-4.34270963117033e-07	-9.800911819001256e-08
0.55	-0.1337417951097746	0.06679017686200522	0.8065756790472272	0.6829168742176813	-0.4544293676338149	-0.2597643609317103	-0.2502920243008372	0.756048421457034	0.756048421457048	-0.1628420130973853	-0.1714688295902225	0.2496828956417786	0.0293384909426042	-0.204274028521925	0.01534044215483138	-0.3038766084265712	1.156787127741922	-0.2279158639461864	0.6511606874119825	-0.1250839167403172	1.556780337662709	1.556780337662709	0.01096428317623261	-0.02736973186202877	0.7303600760283592	0.1517342394896842	-0.07921343885073691	0.0389050298812771	-0.01182149717331921	-0.234074964615865	-0.03170701695699809	0.0269835969347627	0.1091653159807214	-43.81427972224669	-9.006397986340493	6.764301909820769	5.832616981489379	-542.4017534095698	-70.41523756151499	-27.94553149193117	0.1546464392444784	0.121051056504879	-0.09358601938862145	-1.065654045221239	0.5839319822589054	-0.4421007880397693	0.7770523676394865	-1.765754621748619	-1.765754621756084	-0.08711159104648311	0.107986393667403	-0.7682721379465316	0.3678685095420413	-1.027815851460598e-07	-5.776008878160641e-07	2.581851456882683e-07	-1.027732516544221e-07	-5.810304482036407e-08	-3.952505445788515e-07	-9.00101142852902e-08
0.5600000000000001	-0.1357766323053368	0.06694956243788112	0.803532913149989	0.6944299480424861	-0.4566791201933753	-0.2532756097690215	-0.2515040504259525	0.7715259163071836	0.7715259163071571	-0.1627365030244478	-0.1717367399256091	0.2569471747066847	0.03087409630391429	-0.2026728398117675	0.01653029397255749	-0.3046093857333901	1.145664595537104	-0.2220278427605534	0.6464938336381284	-0.1173286774151189	1.538514551362884	1.538514551362834	0.01013933804632745	-0.02620960702590867	0.72239881888862	0.1553510796762046	-0.0812269370520404	0.0404160010852613	-0.01179726292628042	-0.2366380178401633	-0.03472691681394425	0.02718747621003847	0.110875795500659	-44.8664812478834	-8.873331697333068	6.70039290579397	6.228775621982513	-544.4355901731024	-70.37285779671255	-27.23734472566469	0.164884990907669	0.1168098731539791	-0.05279114910921795	-1.156547249336897	0.5964682936577778	-0.4869856403549271	0.7746778017462412	-1.887040033477434	-1.887040033477503	-0.07359090918915663	0.1311552735273902	-0.8227035006799065	0.3599104292995329	-9.111507147321711e-08	-5.145026520272649e-07	2.296361708043461e-07	-9.387969317184951e-08	-4.518223758992198e-08	-3.50982387949156e-07	-8.07468717320471e-08
0.5700000000000001	-0.1377949112488015	0.06712063260214411	0.800484832202041	0.7058271149193686	-0.4588697853999208	-0.2468362818873566	-0.2526387374150884	0.7868148089832155	0.7868148089832028	-0.1626391211938041	-0.1719928438117313	0.2641290163841764	0.0324448417679497	-0.2009624101391471	0.01767580576540636	-0.3049384828973374	1.133611968391736	-0.2161030571679965	0.641279756129255	-0.109623168834424	1.519070880941984	1.51907088094193	0.009336611289896546	-0.02500872749723449	0.7138769250226302	0.1587567669613192	-0.08315165053764936	0.04187117175792504	-0.01178482977768102	-0.2392389483899033	-0.03761763495405154	0.02731697461186862	0.1125017634842338	-45.87743121632187	-8.708998919135418	6.624433032358319	6.622515626304329	-546.4164537309277	-70.27920520725678	-26.53548884668299	0.1772051104942364	0.1122140952627334	-0.01272843090948514	-1.25313931951334	0.5908168006141638	-0.5524782390716294	0.7663201229330295	-2.00198088005088	-2.001980880051621	-0.08373644055025101	0.114955188201174	-0.8808426683147814	0.3247625579331897	-8.002831358289614e-08	-4.543535988637084e-07	2.034156871781393e-07	-8.519810714072338e-08	-3.357690517286561e-08	-3.086961762806275e-07	-7.203115014952623e-08
0.58	-0.1397954692645297	0.0673029163369179	0.7974355083962792	0.7170990517503314	-0.461001136128827	-0.2404518666673645	-0.2536968027710746	0.8019034748882987	0.8019034748883137	-0.1625497912070481	-0.1722368587234543	0.2712228570552576	0.03404841704079957	-0.199128654264317	0.01877300807471913	-0.3048579572961573	1.120618586351305	-0.2101649472330634	0.635511301303658	-0.1020043507856449	1.498469197174899	1.498469197174839	0.008528969266259637	-0.02379181214200981	0.7047986176063903	0.1619170414390652	-0.08507636402315993	0.04332634243060535	-0.01177239662895275	-0.2418398789396388	-0.04050835309415462	0.02744647301372208	0.1141277314678891	-46.89338951719444	-8.543510963015095	6.547971676929475	7.014098691469592	-548.4769913101728	-70.20958078052421	-25.84029759514668	0.1895502313496467	0.1071479764467248	0.02913340391629668	-1.344698228349568	0.5991331621330311	-0.5978611036996069	0.7573396953631288	-2.118642702714641	-2.118642702714614	-0.07457396263034527	0.1343624388375002	-0.9339862107299582	0.3108278678258136	-6.969658647911513e-08	-3.980453416772127e-07	1.802276572829109e-07	-7.679257825566708e-08	-2.368474925696279e-08	-2.689911022359446e-07	-6.402847913352744e-08
0.59	-0.1417771299575095	0.06749591608977662	0.7943890357046494	0.7282365270546272	-0.4630730373591989	-0.2341278614354423	-0.2546791234047153	0.8167804929075203	0.8167804929075093	-0.1624684482255182	-0.1724685792158231	0.2782232123634339	0.03568239359041497	-0.197182597385814	0.01981780601437837	-0.3043675402317366	1.106725010203146	-0.2042172609029705	0.6291931174925679	-0.09448186948270293	1.476752179268905	1.476752179268835	0.007742323885311188	-0.02255672940184665	0.6951841361544423	0.1648317450734126	-0.08689677501831022	0.04466428568481652	-0.01177017544419819	-0.2444773396850748	-0.04325822841982856	0.02754078820981699	0.1156569476637568	-47.86144915024318	-8.368221982120806	6.466625981985903	7.389750396063866	-550.4571204535583	-70.13375428366817	-25.15227190729527	0.2002676608116026	0.1017608566117733	0.0693483995440061	-1.434405160249149	0.5923000067054148	-0.6633387073351461	0.7463883167773109	-2.225553576492086	-2.225553576493684	-0.08035171825965601	0.1174408557248255	-0.9884418631986169	0.2748519568448324	-5.946132501583084e-08	-3.426353495844639e-07	1.568809993634109e-07	-6.838903373942819e-08	-1.444503311479573e-08	-2.298783328665745e-07	-5.605260587361543e-08
0.6	-0.1437387032327626	0.06769908685280904	0.7913495376920314	0.739230523027011	-0.4650855189986163	-0.2278699463791364	-0.2555868820315205	0.8314348762992861	0.8314348762992576	-0.1623949000762764	-0.1726880769479796	0.2851247703069368	0.03734412924549511	-0.1951111707188623	0.02080721010945821	-0.3034630214937473	1.091922719966984	-0.1982810290425606	0.6222932661806196	-0.08709194941905067	1.453942271684897	1.453942271684817	0.006970002807061662	-0.0213472600969191	0.6850391446716381	0.1674688625319857	-0.08871718601336272	0.04600222893903846	-0.0117679542593558	-0.2471148004305039	-0.04600810374550107	0.02763510340592627	0.1171861638597084	-48.83540078420894	-8.191544346407895	6.384651652259548	7.766766996368175	-552.5273033814074	-70.08159018604921	-24.47208763928323	0.2146241890394227	0.09606920753081283	0.1119537386300052	-1.526441045950185	0.5968422681964544	-0.7141946038711929	0.7308274475052179	-2.337220638317381	-2.337220638317359	-0.07170910209054696	0.129239751790387	-1.040088216901255	0.2553106326709677	-4.93625271415421e-08	-2.884960739657971e-07	1.333099408242099e-07	-5.998829637907747e-08	-6.128280554986732e-09	-1.916034579159403e-07	-4.811464163450925e-08
0.61	-0.1456790118937976	0.06791185995856838	0.7883211449605348	0.7500721634919183	-0.4670386694684654	-0.2216837623162458	-0.2564213891897058	0.8458558458505793	0.845855845850523	-0.1623289307708805	-0.1728954339565393	0.2919223086287583	0.03903090361210587	-0.1929321728386199	0.02173702023362838	-0.3021467732860477	1.076264403800819	-0.1923527702928047	0.6148560570252133	-0.07983570081163391	1.430080328982985	1.430080328982887	0.006225317239056347	-0.02012279374741814	0.6743851742145769	0.1698372123117252	-0.09043163936192766	0.0472328618428822	-0.01177026651608441	-0.2497601150644773	-0.04861721969520826	0.02769440030174187	0.118616534322957	-49.75964873559991	-8.005463781108226	6.297868426113663	8.124970101543706	-554.4865835393314	-70.0193194614013	-23.80053611164209	0.2222961575130211	0.08986731405882097	0.151772872198715	-1.606671374909852	0.5902667657416837	-0.7716412383399258	0.7190907783778447	-2.436368863698654	-2.436368863701253	-0.07566228778040782	0.1192703936220219	-1.090564884195757	0.2203042828143782	-3.993809116156555e-08	-2.349192453372568e-07	1.130698242801626e-07	-5.112041650847992e-08	4.701094390590166e-10	-1.545869124398615e-07	-4.060841507612798e-08
0.62	-0.1475969788620317	0.06813361724540901	0.785307977213187	0.7607529919005819	-0.4689326475333403	-0.2155745817782974	-0.2571841204196116	0.8600330584193222	0.8600330584192665	-0.1622703711218674	-0.1730905022382218	0.2986108045611937	0.04073990290295197	-0.1906428321585173	0.0226040463257112	-0.3004180246639914	1.059760308716244	-0.1864465480479991	0.606892561191223	-0.07273676376349267	1.405190875178254	1.405190875178139	0.005488071526059201	-0.01888951471423223	0.6632306667940273	0.1719138473790239	-0.09214609271037695	0.0484634947467737	-0.01177257877260439	-0.2524054296984456	-0.05122633564489894	0.02775369719763174	0.1200469047862856	-50.69048381145718	-7.817792470980481	6.210332389312994	8.487748025417616	-556.5434153834805	-69.97984550796683	-23.13851703840205	0.2366927490114603	0.0835124011133106	0.1944538215013756	-1.695596829632021	0.5924349672064284	-0.8194519395879858	0.6993651356501547	-2.542722858880941	-2.542722858880937	-0.07022113108890288	0.1310022885273884	-1.140195609598961	0.196967690182777	-3.155113501899237e-08	-1.822077197704497e-07	9.795423388250582e-08	-4.153385585288727e-08	4.424864716545885e-09	-1.195062584630988e-07	-3.37664003342466e-08
0.63	-0.1494915267640979	0.06836371557356238	0.7823141508058833	0.7712646949353591	-0.4707676416514003	-0.209547528332673	-0.2578766948495779	0.873956367389626	0.873956367389548	-0.1622190763241626	-0.1732730450162622	0.305185324097433	0.04246826523410908	-0.1882480607468817	0.02340389911486798	-0.2982791474905493	1.042447277232364	-0.1805569910766542	0.5984338238634416	-0.06581184687324004	1.379310886480506	1.379310886480489	0.004774929445920561	-0.01761636306693908	0.651594722178615	0.1737082764261575	-0.09375147510385257	0.04962054534643082	-0.01177660351243829	-0.2550337798732746	-0.05368787414044682	0.02776177169527212	0.1213732410093195	-51.5686677416562	-7.612303010364721	6.114482705134108	8.832455651229129	-558.4657439821173	-69.90660100802674	-22.48700308696128	0.2436717424002875	0.076456583175269	0.2338224415099898	-1.769109655048328	0.5865088967096549	-0.871752389335591	0.6839962693013847	-2.634635838910452	-2.63463583889585	-0.07127354869097872	0.1258871927242327	-1.187078274473782	0.1631425704829816	-2.330515254075295e-08	-1.299207984248836e-07	8.417251531291211e-08	-3.181101906398252e-08	7.714685786967047e-09	-8.440805984450946e-08	-2.7150240499108e-08
0.64	-0.1513615664710171	0.06860145940267881	0.7793437567255627	0.7815992769858393	-0.4725438816328247	-0.2036075958123104	-0.2585010318499257	0.887616076680196	0.8876160766801289	-0.1621747955076637	-0.1734427731599006	0.311641127310128	0.04421306426743858	-0.1857411931288162	0.02413314651832223	-0.2957315592673391	1.024336111857185	-0.1746957207208769	0.5894683761371637	-0.05908927783943823	1.352470939235209	1.352470939235289	0.004085275277200021	-0.01632658782388455	0.6394874020847462	0.1752011878134668	-0.09535685749731677	0.05077759594614034	-0.01178062825198767	-0.2576621300481184	-0.0561494126359731	0.02776984619299687	0.1226995772323364	-52.45358856552544	-7.404985761395349	6.017601537537302	9.18404182220605	-560.484671049081	-69.85396595297023	-21.84809451279046	0.2591119902974647	0.06939132397277023	0.2761960314550324	-1.855223607892015	0.5867776440929514	-0.9207940192872365	0.6588955643600256	-2.734714568390794	-2.734714568390675	-0.06552354880527433	0.1343270076796756	-1.234470705290304	0.1366641582179127	-1.529539620274846e-08	-7.834537604464052e-08	7.262593332007283e-08	-2.185982767331155e-08	9.890292780683493e-09	-4.928046209637268e-08	-2.091254023743029e-08
0.65	-0.1532058975689516	0.06884613485552966	0.7764008799933603	0.7917487497597077	-0.4742616466214361	-0.1977597445041371	-0.2590593130250801	0.901002688638374	0.9010026886383663	-0.1621372944848787	-0.1735994357997541	0.3179735635260429	0.04597129444074717	-0.1830960571043777	0.02478960650837788	-0.292775801865517	1.005419513700442	-0.1688659724707801	0.5800163372828756	-0.05261879503615093	1.32470091162504	1.324700911625031	0.003416318608446129	-0.01500987233020554	0.6269256191431054	0.176388084962931	-0.09684633834597596	0.05182099076659318	-0.01178418419919159	-0.2602807001259707	-0.05845711546715378	0.0277538296245185	0.1239149574215739	-53.28215760085659	-7.195152785028473	5.918126122919134	9.508375470159432	-562.3562879445974	-69.79860084819325	-21.22354079343878	0.2715582001865616	0.06191961956589665	0.3154656500390222	-1.930718560485102	0.5797643782412529	-0.9702527343672688	0.6333489617410241	-2.820724597710044	-2.820724597723435	-0.06737881182129751	0.129765665946495	-1.278166923883866	0.1011876591703002	-6.500891979173051e-09	-2.814715902045421e-08	5.664311042721081e-08	-1.262580693116069e-08	1.321961871372113e-08	-1.346050806447733e-08	-1.419853240057133e-08
0.66	-0.1550229085483086	0.06909700416488969	0.7734896008462745	0.8017048884238118	-0.4759213759349923	-0.1920089823676806	-0.2595544445075194	0.9141070847723824	0.9141070847724218	-0.1621064424459663	-0.1737430469155153	0.3241781549454844	0.04773969061872248	-0.1802771694131541	0.02537191782016	-0.2894120422439812	0.9856692899069074	-0.1630885857097515	0.57005054179388	-0.04645933929573991	1.296027774399669	1.296027774399572	0.0027554785032589	-0.01371628300714809	0.6139184427901486	0.1772343887467805	-0.09833581919475541	0.05286438558702863	-0.01178774014644833	-0.2628992702038361	-0.06076481829833594	0.02773781305601514	0.1251303376107103	-54.1173915333282	-6.983381806313344	5.817461385538387	9.841083048868489	-564.321050833468	-69.76126105889605	-20.61421465280965	0.2938623236545188	0.05456158831803176	0.3577964753977837	-2.021948735250234	0.5763053462793355	-1.02354534622873	0.5966901517847999	-2.915336491430914	-2.915336491430911	-0.06390023609192592	0.1297017735553722	-1.323549387553512	0.06854548509497033	3.728579806589225e-09	1.953273963837119e-08	3.25483041743071e-08	-4.703183946303769e-09	1.865860213580324e-08	2.362546888629084e-08	-6.6135621405238e-09
0.67	-0.1568109377534324	0.06935331152425409	0.7706139744919803	0.8114595763839089	-0.4775235216821982	-0.1863602834442099	-0.2599895209247601	0.9269203697879025	0.9269203697879222	-0.1620820448748699	-0.1738736275463148	0.3302505254036995	0.04951496129642449	-0.1773029878634565	0.02587599435972042	-0.285647294512095	0.9651429046828855	-0.1573472843274579	0.5596124905530352	-0.04061083056085084	1.266489983460538	1.266489983460425	0.002128737119902534	-0.0123956264950714	0.6004865116865025	0.1777653981480221	-0.09970874466880666	0.05382725576437407	-0.01178690471328233	-0.2654895806193757	-0.06292060098096008	0.02768940695817752	0.1262365996098262	-54.89643106259888	-6.76427151169398	5.712071899634988	10.1491523052717	-566.1240649167199	-69.70722383910363	-20.02083175976983	0.3030468307868914	0.04629684845219594	0.3957084944112496	-2.08679450131545	0.572029528036023	-1.065446836475571	0.5706982730846545	-2.993886870353876	-2.993886870356274	-0.06134957944687653	0.1338850770532522	-1.363382020574841	0.03721604224024442	1.382511544469404e-08	6.374446626902075e-08	7.326016494326759e-09	2.430026708325565e-09	2.420220348386574e-08	5.961976824389009e-08	7.756937541331825e-10
0.68	-0.1585684549910267	0.06961425288134941	0.7677779745294704	0.8210052382747133	-0.4790684570168118	-0.1808182673978459	-0.2603677588468986	0.9394340995989946	0.9394340995989867	-0.1620637724156268	-0.173990874114571	0.3361865031411169	0.05129390954305936	-0.1741747759073692	0.02629871736634611	-0.2814867638871087	0.9438640760453741	-0.151646503191897	0.5487139663736619	-0.0350916402762082	1.23611673351342	1.23611673351329	0.001530456136971973	-0.0110494705022194	0.5866398986306688	0.1779699025333226	-0.1010816701427253	0.05479012594171285	-0.011786069280225	-0.2680798910348915	-0.06507638366359235	0.02764100086032641	0.1273428616090686	-55.68238053665645	-6.542936152910038	5.60516827637351	10.46819876445745	-568.021316234247	-69.6687258971768	-19.44396536774526	0.3246684049324927	0.03829088173105547	0.436953054017783	-2.172437417948101	0.5682012969327894	-1.115639933934431	0.5308264617355497	-3.082428293028519	-3.082428293028463	-0.05820815600674573	0.1348016697104427	-1.406485777991057	0.003244481906754615	2.365577878748394e-08	1.010198488433188e-07	-2.015123403980679e-08	7.984412702499778e-09	2.995504068388899e-08	9.343071241515157e-08	7.773520918009094e-09
0.6899999999999999	-0.1602940183004207	0.06987900402163735	0.764985522868904	0.8303345695650917	-0.4805565797777681	-0.1753875198673163	-0.2606923886224788	0.9516400649792418	0.951640064979247	-0.1620512773302371	-0.1740945273044978	0.341981994083909	0.05307327998609854	-0.1709177606458402	0.0266370672734643	-0.2769407520295823	0.9218905944770341	-0.1459893999885462	0.5373570689109354	-0.02988761872336647	1.204948980088527	1.204948980088457	0.0009693160205559431	-0.009687625451593695	0.5723916306855806	0.1778408019673093	-0.102348915775906	0.05568904447622037	-0.01177844381312596	-0.2706059629208212	-0.06709743966205707	0.02755832799637756	0.1283502506536456	-56.41645712068327	-6.312110581470866	5.492535761435707	10.76599975171699	-569.7359818031073	-69.60279588630169	-18.8840634440503	0.3292354220405883	0.02944289235965669	0.472854462401964	-2.226542744934651	0.5627604608139195	-1.157472775475733	0.5071944195076902	-3.1530557504561	-3.153055750447199	-0.05493881977887051	0.1359042283606541	-1.443988408607579	-0.03051089257103547	3.282257794650904e-08	1.342831476381657e-07	-4.672986074455067e-08	1.278690543302291e-08	3.545375822068032e-08	1.244356778306275e-07	1.429295752975265e-08
0.7	-0.1619864079901432	0.07014670583042784	0.7622404171690692	0.8394408181960753	-0.4819884723809312	-0.1700726929360287	-0.260966577299034	0.9635305314486012	0.9635305314486042	-0.1620443680221298	-0.1741847563827455	0.3476330041260819	0.0548494547101346	-0.1675400519732031	0.02688885106686245	-0.2720175717407636	0.8992475441623889	-0.1404004716340859	0.5255298465268529	-0.02500342047255128	1.173016951334177	1.173016951334166	0.0004133006913486954	-0.008364648176091128	0.5577437185068971	0.1773307587326685	-0.1036161614089085	0.05658796301071643	-0.01177081834633807	-0.2731320348067076	-0.06911849566053371	0.02747565513240895	0.1293576396983947	-57.1577840366369	-6.078737996737982	5.378038148574018	11.0777442618246	-571.5473852467097	-69.54990413645334	-18.34147889949254	0.3488070871541659	0.02097765898702035	0.5123867402762399	-2.306351167209124	0.5545663271546507	-1.209704918205646	0.4668618013302736	-3.235283358920109	-3.235283358920108	-0.05718319856496743	0.127028114685825	-1.486414624710164	-0.07294405181873613	4.053315889598583e-08	1.587457465297013e-07	-7.133731259773105e-08	1.594008390779545e-08	4.039505198005988e-08	1.492855930721233e-07	1.976302131746418e-08
0.71	-0.1636444819878875	0.07041649251341657	0.7595463941670599	0.848317441684261	-0.4833648309311607	-0.1648785871817408	-0.2611935120164929	0.9750979906113082	0.9750979906112944	-0.1620428998969275	-0.1742620621683464	0.3531355877156721	0.05661859978868148	-0.1640567081142842	0.02705420751911377	-0.2667271662062529	0.8759729544407613	-0.134888826546271	0.5132020045903223	-0.02044065829860487	1.140358267637875	1.140358267637927	-0.0001198434630075689	-0.007122896184606434	0.5427089819614428	0.1764231731377026	-0.1047290061593169	0.05731765636605525	-0.01176172032399917	-0.2756673048906215	-0.07091027579537619	0.02739876819083308	0.1302311025048536	-57.81453835356578	-5.865052704984095	5.26938197122765	11.330930899514	-573.1636285985944	-69.53155701758861	-17.81647646727188	0.3508030311405405	0.01217657041213657	0.5463556060432161	-2.353643194404091	0.5468281385929928	-1.257697505575351	0.4424131336627801	-3.29865763688739	-3.298657636878035	-0.05138497868922064	0.118780264244157	-1.521595012141387	-0.1109464843791629	4.675990814015427e-08	1.876550418876572e-07	-8.245020161661431e-08	2.091702892526695e-08	4.30263718897866e-08	1.73079921829541e-07	2.373666599038491e-08
0.72	-0.1652671815478669	0.07068750514734128	0.7569070728495965	0.8569581932112584	-0.4846866001227131	-0.1598104345816636	-0.2613765331705695	0.9863353635846971	0.9863353635846311	-0.162046764204293	-0.1743277441293909	0.3584859055712705	0.05837641287707011	-0.1604651644201732	0.0271340412540556	-0.2610772348315722	0.8520731519285456	-0.1294825998985222	0.5003392156858503	-0.0162207077952153	1.106999713465483	1.106999713465598	-0.0006531858100928642	-0.006039883278551715	0.5272905717088544	0.1750643607009895	-0.105841850909912	0.05804734972133915	-0.01175262230210783	-0.27820257497453	-0.07270205593022894	0.02732188124917536	0.1311045653111662	-58.47887849764545	-5.648898055885019	5.159028997049821	11.60051316883712	-574.8802454621688	-69.52471908187111	-17.30926209032414	0.3704470541926078	0.003873115525094311	0.5842919083102051	-2.43139372532668	0.5334826391414244	-1.316694311793936	0.3982994672189302	-3.37525745413835	-3.375257454138315	-0.05722283711075195	0.09528029759983657	-1.563149366137068	-0.1631894201681792	4.940499464737148e-08	2.272977425093869e-07	-6.099000793202107e-08	3.029616904580497e-08	4.00818928520753e-08	1.943262832115976e-07	2.409826452415539e-08
0.73	-0.1668533250794293	0.07095887142536525	0.7543260241307008	0.8653568529022853	-0.4859547592319934	-0.1548732581134915	-0.2615192343209353	0.9972357597957533	0.9972357597957435	-0.1620560026326535	-0.1743830835838027	0.3636801898249038	0.06011849449419177	-0.1567322287204291	0.02712325592494487	-0.2550746207750321	0.8275524929172875	-0.1241612381901954	0.4870160919487344	-0.01239712669994426	1.07297363687106	1.072973636871164	-0.001186033918655259	-0.00504235874432907	0.5115079067947427	0.1732848568675218	-0.1068731083685033	0.05881519834625163	-0.01172825719718348	-0.2805813178059028	-0.07441599250459309	0.02718748705791818	0.1318882486986231	-59.10861058130892	-5.40622137927705	5.035759265418893	11.86876737266065	-576.3808013077416	-69.44345708893594	-16.81997762278608	0.3794111779580142	-0.005940697628709021	0.6169369682903821	-2.478348467839495	0.5296513016629647	-1.352096505687399	0.3627467675582106	-3.432171415308658	-3.432171415310265	-0.05001416317618521	0.09983681836975301	-1.594565497167657	-0.1954328198835865	5.309752856672393e-08	2.587147124719872e-07	-5.432412537335774e-08	3.702395619433408e-08	3.950759957257754e-08	2.137575361808929e-07	2.585809413548479e-08
0.74	-0.1684012003839776	0.07122965258199797	0.7518067397151632	0.8735071167074188	-0.4871700670511964	-0.1500717079028773	-0.2616260277929799	1.007792717510209	1.007792717510287	-0.1620703092151761	-0.1744288781354883	0.3687148993407744	0.06184076068198942	-0.1528115190169846	0.02701701697580505	-0.2487243741599347	0.8023939747534499	-0.1189123418825006	0.4732139641709412	-0.009039172129587816	1.038312014148062	1.038312014148156	-0.001666816645099362	-0.00413090272865318	0.4953756241558537	0.171101274836156	-0.107904365827224	0.05958304697123239	-0.01170389209220042	-0.2829600606372827	-0.07612992907891918	0.02705309286679107	0.1326719320859282	-59.74631549356251	-5.160699713729298	4.91038102612375	12.15554483217283	-577.9848015270077	-69.37314554084084	-16.34869142322793	0.408001854932688	-0.01521760848076085	0.6538184200216174	-2.558965555842583	0.5189895590150362	-1.412495119929332	0.3051741622360355	-3.502366679853143	-3.502366679853199	-0.04680976068708175	0.07806659389049017	-1.633072911092592	-0.2440050597478184	5.958325558510374e-08	2.681964006769088e-07	-8.710973915050833e-08	3.668146875083929e-08	4.525380164831601e-08	2.283485000494914e-07	3.134653995363807e-08
0.75	-0.1699089362930006	0.07149889465705919	0.7493526598679346	0.8814027269982599	-0.4883331734757077	-0.1454104360027042	-0.2617016361658639	1.018000004548285	1.018000004548335	-0.162089070850045	-0.1744657980059803	0.3735866220989977	0.06353930817367963	-0.1486993932546072	0.02681569045046468	-0.2420366093392981	0.7766245943503861	-0.113718245456418	0.4589821810621919	-0.00617319209729719	1.003048625082266	1.003048625082315	-0.002085458630012745	-0.003251802841347997	0.4789166968569371	0.1685457599464099	-0.1087653726198147	0.06013935775690918	-0.01166890915052419	-0.2853395897489103	-0.07760015641919453	0.0269568093776665	0.1333081346272584	-60.2915064080236	-4.955939542726132	4.800652294951796	12.36965926521257	-579.3626460557811	-69.3805351265251	-15.89542608800104	0.4182568215131734	-0.0249390274573843	0.684513314839251	-2.601448847954156	0.5182240339464292	-1.437223728536513	0.2637064762969288	-3.552847367319419	-3.552847367325989	-0.0393503194161466	0.09301154622688114	-1.660120493544236	-0.2707256351828348	6.603521137920329e-08	2.754679617170037e-07	-1.218768622355502e-07	3.57571186837146e-08	5.125067025497042e-08	2.421857159967081e-07	3.691924938755088e-08
0.76	-0.1713744631674767	0.07176565369628751	0.7469671092292633	0.8890375385719876	-0.4894446180660502	-0.1408932226980494	-0.2617513054279121	1.02785175322622	1.027851753226257	-0.1621120106851635	-0.1744938909055963	0.3782921920133824	0.06521042033015347	-0.144369712107312	0.02652040980922696	-0.2350185324484821	0.7502342313306815	-0.1085799750486829	0.4444022450658916	-0.003851349962148111	0.9672043421214079	0.9672043421214136	-0.002502456695830056	-0.002365508550988142	0.462145055387899	0.1656142077928716	-0.1096263794123837	0.06069566854262375	-0.01163392620881869	-0.2877191188605322	-0.07907038375945441	0.02686052588861172	0.1339443371685929	-60.84496721428436	-4.748619108992992	4.68924480696785	12.6047712067223	-580.8484251707147	-69.39758056577278	-15.46015592691061	0.4515129319162804	-0.03400843166026227	0.7198808340575139	-2.683162079170777	0.507824355345541	-1.48212569743952	0.196346582807751	-3.618545458865449	-3.618545458865416	-0.04648097686785162	0.07950547450142587	-1.695615745116901	-0.319212512506286	7.238720434943326e-08	2.761975463492115e-07	-1.625092528719502e-07	3.311045525064537e-08	5.798951179313601e-08	2.537918380966343e-07	4.27413791241119e-08
0.77	-0.1727956723547192	0.07202897740086538	0.7446533406707015	0.8964055306428496	-0.4905049570544797	-0.1365238081491669	-0.261780450182054	1.037342305582107	1.037342305582109	-0.1621388710336382	-0.1745132864295143	0.3828285109332771	0.06685033728085304	-0.1398372031519309	0.02612750785217072	-0.2276845580089565	0.7232705294731505	-0.1035029801498683	0.4294107325945287	-0.002071845442510231	0.9308206561210034	0.9308206561210188	-0.00286982199049682	-0.001534774557803418	0.4450664809414459	0.1622944493918105	-0.1103798753070098	0.06129286218061476	-0.01158834171344901	-0.2899546716486459	-0.08038571188445284	0.02668921125437235	0.1344801221976414	-61.33811804965148	-4.508968593717966	4.560913550281054	12.82160177428807	-582.0888149056395	-69.31552621723057	-15.04283758380939	0.4593582333220638	-0.04444835019594279	0.7477615696843863	-2.717021603125553	0.5053761157342714	-1.518113945084405	0.1546157002128868	-3.661110553503228	-3.661110553501814	-0.03186320595174401	0.0816552454774107	-1.721798270347148	-0.3495894596941104	7.71109555448761e-08	2.71897838888916e-07	-1.981847572475786e-07	2.983085402156277e-08	6.382604713576937e-08	2.599188472720445e-07	4.74743640516829e-08
0.78	-0.1741705087812131	0.07228786863137909	0.7424144330206919	0.9035010762223081	-0.4915149782822044	-0.1323063987096343	-0.2617946272282708	1.046466455001447	1.046466455001364	-0.1621694048151543	-0.1745250150366787	0.387192480113517	0.06845481025638429	-0.1350951599576204	0.02563391499640157	-0.2200463507380694	0.6957449330523674	-0.09851642290763596	0.4140012231991763	-0.0008578083760251635	0.8939237548055872	0.8939237548056119	-0.003237143292592263	-0.0008321252146079191	0.4276751074574863	0.1585254127592221	-0.1111333712017665	0.06189005581850181	-0.01154275721852169	-0.2921902244367579	-0.0817010400094855	0.02651789661995337	0.1350159072266151	-61.84001390896683	-4.266289503927263	4.430389078378723	13.06328467216725	-583.441629618064	-69.23973851734983	-14.64342552025782	0.493419779702193	-0.05414661140286829	0.7807274003298296	-2.795540991821171	0.4897368240291119	-1.565725082237422	0.08325309217719844	-3.721188521867806	-3.721188521867805	-0.04647217835356314	0.05388854450357413	-1.758175552618236	-0.4090681588117407	7.645442957145729e-08	2.509796010360015e-07	-2.174809852832669e-07	2.445980616217522e-08	6.668104896273109e-08	2.479409615664456e-07	4.8608435697374e-08
0.79	-0.1754970233380844	0.0725413395214158	0.7402533738292963	0.9103187641876097	-0.4924756232033391	-0.1282454267111058	-0.2617992984249138	1.055219197881904	1.055219197881874	-0.1622034502345316	-0.1745306109968142	0.3913810172586445	0.07001929774097707	-0.1301834850722912	0.02504541744550728	-0.2121198406748806	0.6677140447932544	-0.09363384268463339	0.398113921273956	-0.0001561862595528557	0.8565496291150503	0.8565496291150501	-0.003573918918993378	-0.0003291620706832706	0.4099834643181623	0.1542869931930723	-0.1117849566354275	0.06228747257527387	-0.01149075349599481	-0.2943352258867987	-0.08285327910316506	0.0264118520119595	0.1354767391586384	-62.27304453183293	-4.077171554784822	4.323431664568228	13.22937971081981	-584.5684993962744	-69.25670611183067	-14.26202092283835	0.4936823753452144	-0.06342411621169931	0.8054736253151519	-2.818653114863095	0.4843478636624158	-1.612080103023469	0.05165347977719589	-3.756813318386343	-3.756813318390081	-0.02754990349290212	0.04215174182888848	-1.781972444570209	-0.4440031129509445	7.525313500050723e-08	2.290140029287881e-07	-2.361489130700591e-07	1.9236198589377e-08	6.925657694556544e-08	2.3450165952553e-07	4.958007447729763e-08
0.8	-0.1767736929396263	0.07278848087808767	0.7381729519017329	0.9168537851959422	-0.493388076473799	-0.1243456972028919	-0.261799346059119	1.063595941760294	1.063595941760342	-0.1622409173399027	-0.174532447017055	0.3953911752223839	0.07153884617842139	-0.125126168891081	0.02436800832343226	-0.203918897971617	0.6392115416578708	-0.08887809277257962	0.3817527251343704	6.69041927171651e-05	0.8187239543949245	0.8187239543948993	-0.003921480493772034	-8.013722707811687e-05	0.3919992711796084	0.1495376033295496	-0.1124365420690274	0.06268488933209808	-0.01143874977337995	-0.2964802273368317	-0.08400551819682611	0.02630580740406008	0.1359375710906957	-62.71494267264602	-3.885682414833949	4.215161266554498	13.4221316583304	-585.8107343822444	-69.27942362339132	-13.8986933769332	0.5225480388783975	-0.07192892563904238	0.8356139283448063	-2.889863967075272	0.4643707618393432	-1.660503925110478	-0.01245324066384283	-3.811498327785548	-3.811498327785546	-0.04862936802906197	0.003100884439640683	-1.816685552464275	-0.5112622182863734	7.202841421015553e-08	2.031582095913221e-07	-2.524831542180948e-07	1.456022636676771e-08	7.079405922164103e-08	2.156342396677239e-07	4.99483911843707e-08
0.8100000000000001	-0.1779992051944209	0.07302854486759537	0.736175881915985	0.9231014471898109	-0.4942535084726201	-0.1206119409316873	-0.2617987594076547	1.071592247702886	1.071592247702843	-0.1622816751525964	-0.1745328371875743	0.399220304983526	0.07300868466847958	-0.119964718367848	0.02364402699639126	-0.1954521903947029	0.6102422457435812	-0.08422011303625464	0.3649428391270963	4.803438475015881e-05	0.7804678510946617	0.7804678510946744	-0.004227942108579405	-5.149725662470761e-06	0.3738053819732539	0.144378370883217	-0.113457683530728	0.06328809180778526	-0.01135957756412704	-0.298157992492704	-0.08533213389517677	0.02621276294060492	0.1367666259374793	-63.20336542535328	-3.694788758792999	4.110521954473739	13.50591143072548	-587.0067780976169	-69.21885732469327	-13.55330021945415	0.5146801972346773	-0.07274496718410176	0.8586498971098446	-2.912251038333808	0.4647703034889987	-1.699543624392974	0.003037394069068745	-3.843083834204306	-3.843083834198608	-0.02131258044932957	0.008567173258745089	-1.823924057681418	-0.5260105682241755	6.927425598349105e-08	1.806349829530069e-07	-2.674592818754804e-07	1.044013972758819e-08	7.208274644671814e-08	1.991648218502238e-07	5.040945720447262e-08
0.82	-0.1791727556163497	0.07326134659764305	0.7342647691509552	0.929057058497596	-0.4950727089292868	-0.1170479460577123	-0.2617984332053244	1.079203909111843	1.079203909111745	-0.1623254291858607	-0.1745327035851045	0.402866859162014	0.07442537947199086	-0.1147338023170541	0.02291555643142967	-0.1867274538279709	0.5808014044401716	-0.07963178434155145	0.3478004456855381	1.481437408387785e-05	0.7417950476720938	0.7417950476721445	-0.004520724613093521	2.461738640393363e-05	0.3554841546484846	0.138908866020187	-0.1144788249923427	0.06389129428355182	-0.01128040535468518	-0.2998357576485688	-0.0866587495934998	0.02611971847729444	0.1375956807843082	-63.70078835841051	-3.501781282419635	4.004930775640964	13.6175670031557	-588.3205111293539	-69.16277678905601	-13.22570919636527	0.5364411443905759	-0.07282677322316929	0.8872197263083943	-2.984173044899263	0.4504405535148966	-1.727005411967439	-0.01532328120311793	-3.894838352246476	-3.894838352246478	-0.04589354597043567	-0.005943193430466362	-1.842153176147236	-0.5733167016260331	6.850141381445694e-08	1.721436161005893e-07	-2.767170369406542e-07	8.660623966007613e-09	7.232387556232797e-08	1.927922547287487e-07	5.126104664785386e-08
0.83	-0.1802937349732693	0.07348683900739372	0.7324421548278067	0.9347160600464435	-0.4958463134088544	-0.1136571120591774	-0.2617984302979757	1.086426819269648	1.086426819269596	-0.1623718556913518	-0.174532451911144	0.4063295922054676	0.07578594353841867	-0.1094564626760983	0.02218210381111401	-0.1777560365678052	0.5509316334536124	-0.07509754375542467	0.3303158587768887	-1.134106286833279e-05	0.7027217335706856	0.7027217335707042	-0.004760465286364646	2.405936288165004e-05	0.3370427515475594	0.1331580507994915	-0.1154121988960592	0.06442750154427888	-0.01120103502570651	-0.3013739416648228	-0.08786656859210816	0.0260407966417635	0.1383559573095051	-64.14705130080146	-3.329117675481907	3.908583222045003	13.68844578579457	-589.4251247426679	-69.12262119585647	-12.91582399678094	0.5242238126806262	-0.07372632537008543	0.9080233657239275	-2.998466387989259	0.4536846025161804	-1.766718065562232	0.004172106894522921	-3.923375880353195	-3.923375880357997	-0.01237832328777689	0.002592401587094318	-1.848078931348518	-0.5828416412660603	6.759705182367717e-08	1.637202885562945e-07	-2.848587773975818e-07	6.944147071766138e-09	7.241819212006061e-08	1.863017220915456e-07	5.194561720307294e-08
0.84	-0.1813617722460343	0.07370497252715431	0.7307104388052303	0.9400743464329303	-0.496574821724291	-0.1104426304767818	-0.2617986021889925	1.093257036698193	1.093257036698175	-0.162420552402645	-0.1745322649156514	0.4096073222070546	0.07708762391084431	-0.1041453854858352	0.02144377843341301	-0.1685477937135096	0.5206583719688519	-0.07061255151510552	0.3125299624582998	-2.014522638593044e-05	0.6632565018186685	0.6632565018186553	-0.004974765770928718	1.168167537106385e-05	0.3184835462752992	0.127132127219807	-0.1163455727998039	0.06496370880497938	-0.01112166469684568	-0.3029121256810761	-0.08907438759072503	0.02596187480618541	0.139116233834688	-64.6024652970445	-3.154599028046781	3.811650716357262	13.78807914854039	-590.6510353465403	-69.08593490893585	-12.62357148566595	0.5431886542520885	-0.07380132470028435	0.934584845134384	-3.064871144539497	0.4405908843535115	-1.787267293955113	-0.01185302651613559	-3.973221882368261	-3.973221882368255	-0.04080550822895315	-0.008307126227744646	-1.865713610414294	-0.6283383734236735	6.605830010447717e-08	1.556251506158864e-07	-2.876173885676737e-07	5.531740008219237e-09	7.180435398685617e-08	1.792421793196551e-07	5.182456723892154e-08
0.85	-0.1823765809584655	0.07391569149984845	0.7290719380316898	0.9451280451954471	-0.4972586716482418	-0.1074075760061984	-0.2617987692110025	1.099690755545015	1.099690755545042	-0.1624710693391916	-0.1745322222176784	0.4126989148387868	0.07832779606965992	-0.09881358532672797	0.02069864713312809	-0.1591177853966517	0.4900265605129532	-0.06616288598635288	0.2944357594711691	-1.216979971812177e-05	0.623431598389136	0.623431598389155	-0.005120327151458924	-6.111302456623521e-07	0.2998184956768237	0.1208636743708944	-0.117149404787048	0.06541640356342809	-0.01104529657019221	-0.3043076486173893	-0.09011866311390863	0.02589091804250374	0.1397668392722763	-64.98921070818834	-3.000761284982748	3.72395356295857	13.84015587485586	-591.611372161209	-69.05988787241786	-12.34891639170122	0.5285940719170787	-0.07507351189314557	0.9524094213345129	-3.07055547134119	0.4463720569519143	-1.827231702282748	0.007286229188289982	-3.9954852910102	-3.995485291005375	-0.0001695113138436338	0.002640792685629012	-1.869364170237214	-0.6318831824370738	6.427057159209593e-08	1.471240894920597e-07	-2.890908211710497e-07	4.153346347214021e-09	7.093966167160656e-08	1.716996338547686e-07	5.147588483579911e-08
0.86	-0.1833379879942717	0.07411891826369954	0.7275287774605924	0.9498737819783555	-0.4978981813829438	-0.1045548105457232	-0.2617988237980606	1.105724553213989	1.10572455321406	-0.1625227895012019	-0.1745322362175396	0.4156033642873994	0.07950412681162371	-0.09346505016053393	0.01994533666480879	-0.1494797532248716	0.4590659760480084	-0.06174451366496825	0.2760721604364073	2.341704156110585e-06	0.5832722662490248	0.5832722662490758	-0.005215410865942132	3.420807072398021e-07	0.2810549096514265	0.1143638438494995	-0.1179532367743183	0.06586909832187123	-0.01096892844345358	-0.3057031715537111	-0.09116293863709335	0.02581996127881056	0.1404174447098415	-65.38523022633157	-2.845304392331404	3.636003038640979	13.92184386718949	-592.6962824273315	-69.03636065153778	-12.09182754929558	0.5465356556694678	-0.07543715830717036	0.9761896161187972	-3.130625746348752	0.4343322428798677	-1.841146503481407	-0.01054581107483912	-4.04010762448395	-4.040107624484012	-0.03070997501956078	-0.005657922913958662	-1.885420695798643	-0.6746139079202335	6.108857303789971e-08	1.363498585410889e-07	-2.83367253800816e-07	2.965427740442243e-09	6.867018593690391e-08	1.61452273309105e-07	4.985246077443883e-08
0.87	-0.1842457934512825	0.07431458318827083	0.7260829942777716	0.9543082895980751	-0.4984936597160565	-0.1018870779688388	-0.261798719411786	1.111355180697287	1.111355180697352	-0.1625751293496195	-0.1745322145928325	0.4183197386380373	0.08061436210965191	-0.08808813469587101	0.01918761290877643	-0.1396463415037814	0.4277798388977231	-0.05735805074410395	0.2574350310317721	1.571760222291926e-05	0.5428057683193043	0.5428057683193263	-0.005249754034398616	3.218330331055492e-06	0.2622080306012428	0.1076463316916171	-0.1186706097354489	0.06627307302402334	-0.01089606849253588	-0.306914489882077	-0.09206431051329536	0.02575034165132305	0.1409984184367468	-65.7191733504185	-2.705590025918801	3.555466173346141	13.94731248737077	-593.523875296134	-69.00208773696015	-11.85230340553596	0.5344580465628632	-0.07594489870325954	0.9915115651757458	-3.13596046469808	0.4398039399002667	-1.880856690815689	0.00685659912765696	-4.057049879400133	-4.057049879404445	0.01063971609772146	0.003098519120473832	-1.886103152234472	-0.6758402113351329	5.785551565124893e-08	1.257141791872385e-07	-2.768666943263324e-07	1.835944337374775e-09	6.626258792175756e-08	1.511699230008147e-07	4.813530927250756e-08
0.88	-0.185099592042708	0.07450266989239138	0.7247364641351758	0.958428265293226	-0.4990454732953194	-0.09940688879237557	-0.2617985658048441	1.116579717400856	1.116579717400902	-0.1626277253889384	-0.1745321965815189	0.4208472878696517	0.08165631821777836	-0.08266367704327408	0.01842969257465713	-0.1296291451798186	0.3961595911342536	-0.05301156289481175	0.2385634803526895	1.218585550083816e-05	0.5020541103022225	0.5020541103022158	-0.005266649048601154	-3.806112475185257e-07	0.2432898858468096	0.1007080058692185	-0.1193879826965749	0.06667704772615483	-0.01082320854150317	-0.308125808210452	-0.09296568238950714	0.02568072202379171	0.1415793921636649	-66.06245793663183	-2.56447907573831	3.47497908236289	14.00294995455926	-594.4784905050916	-68.9694647728444	-11.63035251597491	0.5560440932563009	-0.07547647392457654	1.012946536693294	-3.197447868985575	0.4263372285654675	-1.888030758370886	-0.01392734003268101	-4.09713964195617	-4.097139641956169	-0.02722034416875566	-0.00695296115441076	-1.899673836648558	-0.7187766408234664	5.428468444989893e-08	1.159950719374156e-07	-2.652260332391178e-07	1.093032281889681e-09	6.294125789752201e-08	1.406561019551481e-07	4.579811470218356e-08
0.89	-0.185898971314931	0.07468317499923281	0.723490971367605	0.9622305241811107	-0.4995539946144663	-0.0971165898062577	-0.2617984869550032	1.121395407611459	1.121395407611538	-0.1626803151112338	-0.1745322308432348	0.4231853291512709	0.08262787068779887	-0.07720892338059079	0.01767125497404293	-0.1194439808967331	0.3642496505970628	-0.04869822786332732	0.219465704343499	3.51985336330438e-06	0.4610450438717721	0.461045043871771	-0.005250502002565106	-4.979998251108e-06	0.2243088444011831	0.09357080625552468	-0.1199882832967388	0.06700825521678373	-0.01075695607842897	-0.3091657377058888	-0.09372040534413685	0.02562216013394795	0.1420640732980323	-66.34163573983672	-2.445893080854845	3.405505940026076	14.0105283724677	-595.1638379015205	-68.94552349258896	-11.42600768284371	0.5406814571515771	-0.07603838957109821	1.025127487543929	-3.194144245883923	0.433035552511682	-1.925208759025469	0.005654130457792102	-4.108632079769673	-4.108632079768851	0.01616464007627885	0.002966756434141945	-1.898741628200131	-0.7159312141648789	5.063947653704095e-08	1.062294791897172e-07	-2.530142615446268e-07	3.89319896807052e-10	5.950667793403127e-08	1.300739032000457e-07	4.336886383073856e-08
0.9	-0.1866437049596529	0.07485609353277985	0.7223480954655505	0.9657124082436581	-0.5000195418008858	-0.09501818012760152	-0.261798496692992	1.125799838770529	1.125799838770625	-0.1627327168808363	-0.1745322750620646	0.4253332755524973	0.08352710324317754	-0.0717345515428105	0.01691237791577304	-0.1091057720765331	0.3320846260679506	-0.04441673634896518	0.200185618861011	-5.531718286632818e-06	0.4198022999941133	0.4198022999941174	-0.005229058513072893	-2.372028955558351e-06	0.2052709097683384	0.08624402294092823	-0.1205885838969508	0.06733946270738124	-0.01069070361521305	-0.3102056672013425	-0.09447512829877758	0.0255635982440406	0.1425487544323666	-66.63017298022891	-2.326179521457171	3.336436289670587	14.04855486954546	-595.9781140939617	-68.92266396793067	-11.23929471332789	0.5599677282757288	-0.0755643654557285	1.043555444116181	-3.248464667369856	0.4199685251410087	-1.924492653030398	-0.01400445393507401	-4.143875131397805	-4.143875131397899	-0.02616105547751431	-0.005511489894602114	-1.911052474092257	-0.7566933810040024	4.639925493211906e-08	9.60920024590151e-08	-2.362336049919253e-07	-7.95125055872984e-13	5.516609845649889e-08	1.189446827694565e-07	4.020316255032572e-08
0.91	-0.187333632434886	0.0750214287529434	0.7213093166757151	0.9688714701281734	-0.5004424248764903	-0.0931134974950252	-0.2617985584055918	1.129790761059108	1.129790761059107	-0.1627848192818464	-0.1745322824878286	0.4272905919600781	0.08435218169227165	-0.06625013283264733	0.01615543434254344	-0.09862940929674362	0.2996939417938098	-0.04016550260202455	0.1807262639707921	-4.012748785489291e-06	0.3783512536695744	0.3783512536695642	-0.005193311187947666	5.020046512680955e-07	0.1861858406681926	0.07874383531821376	-0.1210818868111642	0.06760651545859261	-0.01063322263375958	-0.3110689537624725	-0.09507464514789891	0.02551285471169431	0.1429486788841595	-66.85180472552111	-2.227912895153254	3.278024635752838	14.02989405537462	-596.5272166968161	-68.90095525087979	-11.07025824745606	0.5428025756704774	-0.0756441905380219	1.052773427997815	-3.239438831660856	0.4268863309312184	-1.960324421823689	0.007649777511537702	-4.150362455864189	-4.150362455866254	0.01817021972605468	0.003091105554761664	-1.908208530321871	-0.7508441662035295	4.215068197836519e-08	8.60591221613022e-08	-2.191833953111147e-07	-3.441111712739871e-10	5.076138526465889e-08	1.078919682236638e-07	3.700760055938994e-08
0.92	-0.1879686909963624	0.07517921756991834	0.720375920860295	0.9717056114651026	-0.5008229585083344	-0.0914041419143139	-0.2617985209873036	1.133366244269868	1.133366244269761	-0.1628366186909489	-0.1745322803221371	0.429056862796188	0.08510142572247859	-0.06076076879112134	0.01540309727805197	-0.08802917719344376	0.2671005165506858	-0.03594684759665442	0.1611202084883282	1.42944254718384e-05	0.3367144844297447	0.3367144844297211	-0.005168460134084426	-4.537390838655391e-07	0.1670617954742009	0.07107713916356416	-0.1215751897253685	0.06787356820978928	-0.01057574165218676	-0.3119322403236104	-0.09567416199702811	0.02546211117931478	0.1433486033359658	-67.08278458589781	-2.12876017927352	3.220328509966285	14.04179294816432	-597.2066082621791	-68.8798733675747	-10.91893556025972	0.560956794548316	-0.07464306370811578	1.068329308818252	-3.289012861166491	0.4134527768269132	-1.953832771479375	-0.0106468129839348	-4.181019714455969	-4.181019714455884	-0.02834030972990165	-0.006277445362992846	-1.918847692861476	-0.7899950873910319	3.781859553629151e-08	7.707220619348151e-08	-1.994376543492133e-07	-2.194374610440264e-10	4.571533492974268e-08	9.760431252583582e-08	3.351343146322483e-08
0.9299999999999999	-0.1885487593519244	0.07532951633579664	0.7195491073218909	0.9742127859822047	-0.501161448421417	-0.08989158965442512	-0.2617982900781342	1.1365245102941	1.13652451029404	-0.162888146129786	-0.1745323026764598	0.4306317458925754	0.08577326688235178	-0.05524379974153568	0.01465852468347608	-0.07731673423969621	0.2342972055150515	-0.03175535434342815	0.1413707254819564	2.616222314918254e-05	0.2949152127435468	0.2949152127435332	-0.00513775133189699	-3.195110637067624e-06	0.1479128572578129	0.06327141284225542	-0.1219726069928702	0.06808402190757099	-0.0105276615316909	-0.3125964816844412	-0.09614231535741199	0.02542349591402492	0.1436696024636644	-67.25397779350359	-2.052700484950347	3.174718777437434	14.00008969575411	-597.6191135365008	-68.86188202463731	-10.78537816856547	0.5484340191339536	-0.07408406019201207	1.075229431018311	-3.281565117146445	0.4213889187199495	-1.9884103146037	0.006244796354258711	-4.18291309993344	-4.182913099931999	0.01867666866009339	0.002819626187797666	-1.913207780175054	-0.7788031338901801	3.34801929058319e-08	6.809915797758555e-08	-1.794698589676528e-07	-1.00083922062277e-10	4.064315894312347e-08	8.729976696735903e-08	2.998847676530606e-08
0.9399999999999999	-0.1890733846051978	0.07547242543515721	0.718829923741497	0.9763908124104718	-0.5014581451381392	-0.08857711307447801	-0.261798112246769	1.139264077160627	1.139264077160606	-0.1629393864418996	-0.174532334022672	0.4320150814279692	0.08636646243313365	-0.04967214833313432	0.01392516397450477	-0.06650318559132494	0.2012708987840375	-0.02758820832422013	0.1215050725000786	3.678829259698274e-06	0.2529746528880804	0.2529746528880768	-0.005111034791030345	-2.252112618910807e-06	0.1287522832755216	0.05534801734537106	-0.1223700242603787	0.06829447560534022	-0.01047958141112991	-0.3132607230452775	-0.0966104687178008	0.02538488064870899	0.143990601591361	-67.43448620009086	-1.975982728268056	3.130114783903701	13.98884663384254	-598.162868140811	-68.84421575428786	-10.66962162403235	0.5718932663114757	-0.07240068658720751	1.088550447742993	-3.333612000242436	0.4085833300232593	-1.977066766580594	-0.01751705129706908	-4.209277348309648	-4.209277348309531	-0.02913876199405217	-0.005540571448730667	-1.92117484604214	-0.8135289225061582	2.905877751372769e-08	5.930837164412732e-08	-1.565836340705683e-07	-5.065263377129101e-11	3.522761724840696e-08	7.677324038321024e-08	2.605891130148163e-08
0.95	-0.1895421615990276	0.07560804895630785	0.7182193183493283	0.9782377139985482	-0.5017132737634495	-0.08746185978606776	-0.2617982242312286	1.141583621846515	1.141583621846515	-0.1629903216623348	-0.1745323462395485	0.4332067530937155	0.08687989502980055	-0.04408752160677978	0.01320065961750982	-0.05560725909049032	0.1680965180564126	-0.02344031710731856	0.1015316485150398	-2.195068427725897e-05	0.2109194016305158	0.2109194016305141	-0.005075584837352699	2.291690955601741e-08	0.1095799247421633	0.04732359367511175	-0.1226207207074452	0.06842804694600117	-0.01044463716272198	-0.3137656432732517	-0.09690648803429638	0.02535284495955134	0.144192153063165	-67.54211917921307	-1.921630545117275	3.096785141229	13.93092398281819	-598.4249367163839	-68.83319829754988	-10.57171197972025	0.5511079181581763	-0.07230740673749264	1.091714831155935	-3.311284538790722	0.4174902097983449	-2.009553424291339	0.005532852535194211	-4.205885878905118	-4.205885878904944	0.01995697993988734	0.003120501160652649	-1.915582118434221	-0.799127650344939	2.462859794854678e-08	5.055567216897493e-08	-1.336275754920808e-07	3.066015602674491e-11	2.978680493761391e-08	6.630953934060981e-08	2.211742873857081e-08
0.96	-0.1899552202171234	0.07573646101459211	0.7177179924381484	0.9797524850933902	-0.5019270038381382	-0.08654675537947276	-0.2617984687599859	1.143482166646945	1.143482166646961	-0.1630408883620451	-0.1745323339139212	0.4342066380218378	0.08731263767755267	-0.03852847318599106	0.0124828714012325	-0.04464728939355426	0.1348448001380603	-0.01930849819942423	0.08147529613696605	-2.283004112583109e-05	0.1687746757959407	0.1687746757959393	-0.005037330648028402	2.656386719124719e-06	0.09039493575074334	0.03921002756248723	-0.1228714171545403	0.06856161828664956	-0.01040969291424028	-0.3142705635012338	-0.09720250735079534	0.02532080927036835	0.1443937045349467	-67.65903386523453	-1.866796456993622	3.064683827802448	13.90333029583626	-598.8189168814766	-68.82230340767153	-10.49167317778198	0.5667776051983295	-0.07105745844369059	1.101359086963279	-3.349079438387913	0.4053688682218122	-1.993652445187608	-0.01256701995967813	-4.227172263711738	-4.227172263711919	-0.02857791486471338	-0.00546888339251088	-1.923700937654458	-0.831357410979197	2.003365192952391e-08	4.251900562997243e-08	-1.093586437032178e-07	7.113451741573854e-10	2.387090504458213e-08	5.702695847911842e-08	1.795190471283592e-08
0.97	-0.1903127349563923	0.07585774819708647	0.7173265477284656	0.9809343066052071	-0.5020994893980244	-0.08583262456355155	-0.2617986423341606	1.144958892561049	1.144958892561011	-0.1630910151571429	-0.1745323084030845	0.4350146649066425	0.08766388580637688	-0.03297024829714556	0.01177765832199857	-0.03363482505698879	0.1015016042472269	-0.01519084542614195	0.06134084189867554	-1.252971356766932e-05	0.1265630145861535	0.1265630145861527	-0.004986548947750739	1.93703753861365e-06	0.07121380224240199	0.03103294035414149	-0.1230523949449115	0.06864986057708898	-0.01038516166536953	-0.3145482184463773	-0.0973925110493036	0.02530434370017051	0.144541463645963	-67.72389666479536	-1.83623088729231	3.046038559776847	13.81990652771668	-598.9511807252791	-68.8124113218618	-10.42953726422262	0.5509796708452499	-0.06978897474384341	1.102217856752117	-3.329623309875219	0.4146406476548769	-2.024834866474406	0.00773182053053096	-4.21928969788812	-4.219289697887906	0.02213220591588694	0.002535745667389756	-1.914813445666682	-0.8118785163967417	1.54446374691677e-08	3.450751680878384e-08	-8.504322054773073e-08	1.390606125073658e-09	1.795274590196741e-08	4.77550626099968e-08	1.378265534708205e-08
0.98	-0.1906145404987516	0.07597207610037236	0.7170454332120985	0.9817821594290279	-0.5022308629970242	-0.08532013688067837	-0.2617987322527441	1.146013276533399	1.146013276533306	-0.1631405889365431	-0.1745323082444838	0.4356309816787151	0.0879331642349904	-0.02738663380358968	0.0110910155595366	-0.02258125073044666	0.06805106253862991	-0.01108610602191978	0.04114666952739825	-6.098929326373475e-06	0.08430628744532939	0.08430628744533032	-0.004926727509799452	-2.414057713272856e-06	0.05205291320435194	0.02281608752041608	-0.1232333727352589	0.06873810286752195	-0.01036063041644987	-0.3148258733915219	-0.09758251474781657	0.025287878129957	0.144689222757003	-67.79799900090917	-1.805326781671202	3.028799798239636	13.7665956919456	-599.2156326943801	-68.80253978182959	-10.38531635729751	0.5718555261404205	-0.06734339508930642	1.109581084958612	-3.370548601940648	0.4027861944097929	-2.005596071784954	-0.01334092862310008	-4.236185449919111	-4.236185449919086	-0.02676996732997954	-0.006195232606777052	-1.9196520435962	-0.8393105360551247	1.104543288614401e-08	2.730171495764093e-08	-5.924007366027119e-08	2.024296925130133e-09	1.196229077269852e-08	3.882508649670795e-08	9.49419510072105e-09
0.99	-0.1908604299004786	0.07607963102783596	0.7168750047047485	0.9822951092098633	-0.5023212381175933	-0.08500981883481074	-0.2617987735861923	1.14664495721991	1.146644957219789	-0.1631895092400309	-0.1745323521470516	0.4360558121466534	0.08812015027785314	-0.02179125945380304	0.01042315790029165	-0.01150308223698573	0.03453438570950505	-0.006989593907925921	0.02091523626041394	-2.906793493835787e-06	0.04203122028013551	0.04203122028013606	-0.004856049629896139	-5.067817470090672e-06	0.03291872349074539	0.01458178402654798	-0.1232542482733908	0.06873532380461596	-0.01035119052388801	-0.3149624627017544	-0.09755868962768922	0.02527698050155357	0.1447064168994625	-67.78498294153079	-1.799403580375064	3.023892975346539	13.64983368447268	-599.1902200316911	-68.80066108621118	-10.35902775213052	0.553376741388716	-0.06602822595591949	1.107141213383751	-3.342903058281004	0.4129872751816052	-2.03216825797546	0.007038430766863283	-4.222962836126782	-4.222962836126857	0.02418110250715058	0.00288920795484305	-1.909469884526427	-0.8153900713445383	6.642600305300327e-09	2.007933661530402e-08	-3.343103253397692e-08	2.655029830008406e-09	5.96665101906846e-09	2.987228833217686e-08	5.205079725181513e-09
1	-0.1910503658883117	0.07618060312378433	0.716815399178702	0.9824727570554282	-0.5023706674059667	-0.0849018653823768	-0.2617988051691076	1.14685392813751	1.146853928137356	-0.1632376838773393	-0.174532384656115	0.4362894672275991	0.08822481332271846	-0.01619595102437373	0.009774449256487605	-0.0004166544697518257	0.0009906754850782882	-0.002896939582432507	0.0006737508406160546	-4.148814438404758e-06	-0.0002356663373490794	-0.0002356663373490345	-0.004777594275728263	-1.353526277809451e-07	0.01381783580579681	0.006351487921003839	-0.1232751238115311	0.06873254474170028	-0.0103417506312568	-0.3150990520119921	-0.09753486450756557	0.02526608287312931	0.1447236110419172	-67.78117014987006	-1.793220865151456	3.020488261811098	13.56283345418806	-599.2970572527663	-68.79878412061514	-10.35066124845161	0.5718423420689642	-0.06351359200112411	1.111232939713205	-3.375955281001033	0.4020146367096941	-2.007606502347686	-0.01422775997836708	-4.234549340377235	-4.234549340377234	-0.02521447247706519	-0.004677987686982763	-1.912991637864602	-0.8385090583903462	1.884223938096979e-09	1.123246213595426e-08	-7.044356001878766e-09	2.995889007422705e-09	-5.370819219560235e-10	1.868292914590541e-08	8.517616901457677e-10
1.01	-0.1911843621932739	0.07627516788815904	0.7168666621862827	0.9823149114728522	-0.5023791829031742	-0.08499633615962039	-0.2617988533096292	1.146640289337038	1.146640289337028	-0.1632850638694006	-0.1745323562666606	0.4363322387635574	0.08824720259289978	-0.0106045779423158	0.009140101883410969	0.01066694710147996	-0.03255640879562488	0.001194015380063568	-0.01956619053416701	-4.454887973098539e-06	-0.04248882582824454	-0.04248882582824488	-0.004699061951005024	4.230152272737418e-06	-0.005262006560079822	-0.001871766861922053	-0.1232654537457873	0.0687617890454861	-0.0103400523798114	-0.3149222697519025	-0.09758405139418681	0.02526780164449151	0.1447094397706863	-67.78603257131225	-1.79707317447709	3.025622886001619	13.49905444894345	-599.1701077335623	-68.78240627340284	-10.36021702379059	0.5525944062748595	-0.06315490222005063	1.10657601186792	-3.343577857876606	0.4126600024807277	-2.031933224510479	0.007221629169155264	-4.220208355071023	-4.220208355071065	0.02428784639206075	0.002760547940252515	-1.905252222948199	-0.8139562972635754	-2.874152429106368e-09	2.385587656604495e-09	1.934232053021938e-08	3.336748184837003e-09	-7.040814862980507e-09	7.493569959633943e-09	-3.501556344889976e-09
1.02	-0.1912624828444173	0.07636343726035115	0.7170286916587837	0.9818216964762118	-0.5023467840354661	-0.08529315540450612	-0.2617988737788484	1.146004217121335	1.146004217121461	-0.1633316783859134	-0.1745323308764011	0.4361842575384192	0.08818741479344751	-0.005020820260225512	0.008515370819965425	0.02173663851431715	-0.0660832073271911	0.005285933401010691	-0.03979594268762668	1.385446902337938e-06	-0.08472234938415379	-0.08472234938415378	-0.004624499168482666	-7.352083583612081e-07	-0.02433271640591729	-0.01008392600564299	-0.1232557836800595	0.068791033349256	-0.01033835412826161	-0.3147454874918215	-0.09763323828081416	0.0252695204158197	0.1446952684994457	-67.80007996211471	-1.800690445050361	3.032287820221355	13.46476466744506	-599.1753195338308	-68.76613089631424	-10.38768021025558	0.5703192620754547	-0.06159033007492022	1.108450908034289	-3.371898131173638	0.4022072483999227	-2.005568658082983	-0.01299847829639107	-4.230622153379999	-4.230622153379844	-0.0260083809172271	-0.006544160793262352	-1.911165133856784	-0.8362899305493369	-7.314365583687076e-09	-6.128311101100826e-09	4.535444303507797e-08	3.39666590665886e-09	-1.347263576929465e-08	-4.028940740781916e-09	-7.663752571597776e-09
1.03	-0.1912848402149092	0.0764454631578932	0.7173013054856515	0.980993475276987	-0.5022734357258254	-0.08579210904425857	-0.2617988788760595	1.144945931623159	1.144945931623086	-0.1633776207152799	-0.1745323741487753	0.4358455347338233	0.08804556767098695	0.0005441624577846868	0.007886957071815184	0.03277951551607439	-0.09954122381001694	0.009386767155449048	-0.05998422891361493	-8.481184557571417e-06	-0.1269289973532509	-0.1269289973532517	-0.004567299568117562	-7.292178468323415e-06	-0.04341825589632007	-0.01828234817670171	-0.1231349705745078	0.06882329404146902	-0.01034628051104794	-0.3143070276053562	-0.09770484540907774	0.0252766473120856	0.1445721066405961	-67.80616347712517	-1.812958583984804	3.045938437394452	13.469302430352	-598.9141880848155	-68.7422537473617	-10.43305157594091	0.5488095496602114	-0.06389394865278537	1.10121037505241	-3.329783123838026	0.4144678269316727	-2.023884384796556	0.004107800308203887	-4.214820794027024	-4.214820794027244	0.02108137508661646	0.002395970808285785	-1.908211010109415	-0.8111519077635428	-1.175133217487367e-08	-1.46388121473608e-08	7.136274356006677e-08	3.453716878933853e-09	-1.990372287933624e-08	-1.555485094644415e-08	-1.182399857577162e-08
1.04	-0.1912517034036238	0.07652111950766019	0.7176841489382981	0.9798312679695326	-0.5021589898010486	-0.08649263070225911	-0.2617991649284187	1.143465752710223	1.143465752709947	-0.1634230915997214	-0.1745324615037709	0.4353157640036279	0.08782182961733957	0.00607801609565716	0.007241461264953127	0.04378256367008423	-0.132880428972879	0.0135054564285256	-0.08010954633719741	-5.480558085374388e-05	-0.1691010323364472	-0.1691010323364498	-0.004530210184824872	-9.551711452487096e-06	-0.0625423015258194	-0.02646211224293763	-0.1230141574689542	0.06885555473367216	-0.01035420689378669	-0.3138685677188945	-0.09777645253734601	0.02528377420833014	0.1444489447817513	-67.8214438999801	-1.824957963137198	3.06107786335887	13.50335577741378	-598.785165959022	-68.71867592081307	-10.49631108831728	0.5640934460479329	-0.06500674181730534	1.100485138484813	-3.348135867180876	0.4057783521275696	-1.992974897601825	-0.02029003126362422	-4.223699556199837	-4.223699556199875	-0.03003042433169969	-0.005684673368095527	-1.918866361676129	-0.832558309584789	-1.681149660724343e-08	-2.220838323545062e-08	9.479878365913409e-08	5.222080670753561e-09	-2.576043033325587e-08	-2.291810497839659e-08	-1.612686419584158e-08
1.05	-0.1911635787000235	0.0765903598368405	0.7181767752800857	0.9783363357075222	-0.502003281571806	-0.08739397946735458	-0.2617993633087866	1.141564084853885	1.141564084853655	-0.1634683720514631	-0.1745325048089214	0.4345947523907146	0.08751654803921601	0.01152134491602541	0.006616199218032254	0.0547311744785494	-0.166078091164754	0.01763756017669318	-0.1001444562428611	8.350955113633777e-05	-0.2112207848486777	-0.2112207848486751	-0.00453274555785292	2.624745227793375e-06	-0.08164745562246496	-0.03457557549041664	-0.1231278115804671	0.0689472082983868	-0.01036231296573801	-0.3130401722060013	-0.09790669346525809	0.02533335763976631	0.1445805760316171	-67.84023385347638	-1.867647846855459	3.095807115351752	13.41346677362021	-598.5383306574464	-68.67527949112801	-10.57744608583215	0.5306146258963457	-0.05984531191661862	1.090313141858782	-3.301393150059348	0.4171168994993805	-2.006402218605273	0.0411492920414952	-4.204345855899444	-4.204345855898652	0.0135997288041142	0.004950761468013097	-1.9044573251757	-0.7979553031309254	-2.189113597215016e-08	-2.974855026234763e-08	1.181544406198914e-07	7.043922988184031e-09	-3.15991884229217e-08	-3.015127600492062e-08	-2.04341866789083e-08
1.06	-0.1910217883030486	0.0766536356703941	0.7187785405479241	0.9765102644726177	-0.5018062142024159	-0.08849520796781572	-0.2617961271364992	1.13924157292099	1.139241572920811	-0.1635138848924162	-0.1745323699582547	0.4336830657585315	0.08713068883445702	0.01681115477099937	0.006048562139617516	0.06561034888028512	-0.1991082235513706	0.02177728445838157	-0.1200854934107909	0.0006321049475773372	-0.2532698476475004	-0.2532698476474925	-0.004576688027182697	2.607945318387446e-05	-0.1006773053797882	-0.04257763756995524	-0.1232414656919779	0.06903886186310287	-0.01037041903771997	-0.3122117766931052	-0.09803693439316891	0.02538294107120658	0.1447122072814837	-67.86827134350408	-1.909933543702913	3.13185903580609	13.35301456649471	-598.4237704659503	-68.6323738692008	-10.6764328053852	0.5333896529690852	-0.05348174811608292	1.086597857138915	-3.314629906129204	0.4073024588316701	-1.97420035005515	0.06176602162664072	-4.209561613518235	-4.209561613518269	-0.03831184359206464	-0.003429023113117909	-1.903805493811672	-0.8102780759968231	-2.782058180556551e-08	-4.392376580053186e-08	1.41088922840697e-07	6.936375842409464e-09	-3.725513496103818e-08	-4.407323565165596e-08	-2.501535724817287e-08
1.07	-0.1908279929020551	0.07671160105310894	0.7194887035212402	0.9743547894578978	-0.5015677605920629	-0.0897953526834387	-0.2617848747679138	1.136498976781834	1.136498976781767	-0.1635601375737858	-0.1745320466388728	0.4325815589330864	0.08666539162564361	0.02190793052511537	0.005561991979081546	0.07640584106752031	-0.2319511158149526	0.02590942944183613	-0.1399332742544209	0.001737218123199499	-0.2952319478635556	-0.2952319478635507	-0.004684222139877597	2.539186310252479e-05	-0.1196015470152739	-0.05046142535530056	-0.1234916708511454	0.06915442444933796	-0.01037995141841645	-0.3110239362641636	-0.09822762150773694	0.02547383180217824	0.1449935617832127	-67.89969299484734	-1.981797654402004	3.1865982534674	13.21661858197452	-598.1429688726547	-68.58624241441805	-10.79325434728818	0.4918209708063444	-0.04362167159557211	1.073555532190225	-3.263771429427827	0.4155491428125919	-1.988563567584034	0.1527113688184488	-4.186913390715564	-4.186913390716001	0.00146043300366079	-0.0003381872118623445	-1.883360850079735	-0.7743821429699133	-3.379523011071003e-08	-5.845190945101864e-08	1.64001002149803e-07	6.726201597528234e-09	-4.290135748045522e-08	-5.835098192712598e-08	-2.961109420500116e-08
1.08	-0.1905844298566884	0.07676522532990368	0.7203063275429633	0.9718719550119341	-0.5012881098069378	-0.09129367453070129	-0.2617590057869251	1.1333372838075	1.133337283807558	-0.1636077786706477	-0.1745321201074267	0.4312914842209541	0.08612186593634313	0.02676468364616849	0.005180340955598529	0.08710255856172784	-0.264580109796746	0.03001671941369729	-0.1597209197407321	0.003555427430362307	-0.337089214682269	-0.3370892146822672	-0.004854371128096628	-5.327813722104585e-05	-0.1383908827172688	-0.0582233336673033	-0.1237418760104326	0.06926998703559178	-0.01038948379908813	-0.3098360958352319	-0.09841830862228802	0.02556472253319454	0.1452749162848223	-67.94040866420643	-2.05309305427306	3.242455244453586	13.10869458211696	-597.994669179535	-68.54082188629931	-10.9278983521329	0.4853851263565642	-0.03249792070556376	1.066842918533421	-3.271850249771453	0.4023314565132602	-1.962173278590955	0.2043852479347974	-4.188594934050017	-4.18859493405006	-0.0508348186967712	-0.01902550516081971	-1.876824307113588	-0.7859021813279135	-3.6731186080543e-08	-6.312916612066559e-08	1.795266489676465e-07	7.170161546444775e-09	-4.737817027574998e-08	-6.554687382900099e-08	-3.199977065200446e-08
1.09	-0.190293391958675	0.07681552616478582	0.7212303945096269	0.9690639387613825	-0.5009673362823673	-0.09298917813025766	-0.2617116804901171	1.129757589339001	1.129757589339162	-0.1636574090619481	-0.1745328792627873	0.4298142176368234	0.08550165882888237	0.0314110355712208	0.004894217698007882	0.09769110520914762	-0.2969804890726552	0.03415188036555893	-0.1793393760322357	0.00600279456001427	-0.3788267616275249	-0.3788267616275214	-0.005070176788375617	-6.590022140415643e-05	-0.157036973113214	-0.06576390082168296	-0.1237808987595043	0.06933120687066108	-0.0104086335511081	-0.3085363100556137	-0.09839826387405227	0.02564519629123649	0.1453627302954094	-67.89717470516892	-2.137835952887171	3.304194894317338	12.96878864400734	-597.5549890361208	-68.49364200273088	-11.08035956995401	0.4494795273042769	-0.02450923481255712	1.051890670474373	-3.217736618794016	0.4211683104874525	-1.955644776234367	0.2788868399453235	-4.162890081658622	-4.162890081658403	-0.006734021833524909	0.01255200702280798	-1.854686985616339	-0.730018048148524	-3.943593719877619e-08	-6.705689878090085e-08	1.944902846176765e-07	7.663892575324187e-09	-5.176600624420935e-08	-7.220392898505902e-08	-3.422051858195587e-08
1.1	-0.1899568466810677	0.07686339782578665	0.7222597529692902	0.9659331977475847	-0.50060479916909	-0.09487965888709546	-0.261637086643127	1.12576120829969	1.12576120829993	-0.1637091536262947	-0.1745327781224373	0.4281512530327762	0.08480766923674635	0.03586615956526089	0.004694506179339144	0.1081608571616917	-0.3291250624403034	0.03836943715602729	-0.1987163511959147	0.009009137468265859	-0.4204265288485908	-0.4204265288485867	-0.005277205734260886	0.0001187803772010105	-0.175530486700413	-0.07297983060228785	-0.1238199215088187	0.0693924267056583	-0.01042778330330551	-0.307236524276015	-0.09837821912582767	0.02572567004915251	0.145450544305797	-67.8632218206877	-2.221835587571372	3.366822712791346	12.85586147957665	-597.2474027615673	-68.44769877648621	-11.2505646094994	0.4471395401541002	-0.01521557292113173	1.043083979558229	-3.220689068119271	0.4188106242342907	-1.913877053026518	0.3161804036547364	-4.161038989211894	-4.161038989212133	-0.04907947581815388	0.02043503139595203	-1.846308945364313	-0.7209747065734572	-4.493014699884765e-08	-8.624569496024581e-08	2.096211669212685e-07	5.172859671982731e-09	-5.613239738941283e-08	-9.156685548208956e-08	-3.767464429912881e-08
1.11	-0.1895766781491493	0.07690969818014873	0.7233931823325974	0.9624823021941463	-0.500199701467688	-0.09696261438221744	-0.2615296979768219	1.121349533236737	1.121349533236965	-0.1637630641739092	-0.1745299189128393	0.4263040821599139	0.08404308005479205	0.04013633480275414	0.004579416861604096	0.1185017808669521	-0.3610078794674941	0.04266149663261139	-0.2178386323615569	0.01255830188516772	-0.4618832502407136	-0.4618832502406879	-0.005505654810477809	0.0004725592190355166	-0.1938814862997635	-0.0798893766700392	-0.1237522506497459	0.06938650461333704	-0.01045226121716996	-0.305741896811992	-0.09829386508082345	0.02583240917229684	0.1454425155556528	-67.79279439811111	-2.332667448612138	3.444053284045777	12.72537366160095	-596.6963681204431	-68.43073778246956	-11.43845431663502	0.4122729546946529	-0.007577371327774802	1.026099174819522	-3.16515543344094	0.4360859406604199	-1.906018978072147	0.3877403746316296	-4.134195358839042	-4.134195358835643	-0.009855208535582586	0.04581239269601427	-1.826172631455035	-0.6686591341026396	-5.070330266710287e-08	-1.069605974915014e-07	2.247687738902167e-07	2.383350375419246e-09	-6.049664405229073e-08	-1.122003691132171e-07	-4.125210779502388e-08
1.12	-0.1891547445770289	0.07695526328930775	0.724629321454719	0.9587139629877504	-0.4997513467052652	-0.09923571575492278	-0.2613841264835652	1.116524049630911	1.116524049631169	-0.1638192847292357	-0.1745229292987725	0.4242740658582125	0.08321085249671464	0.04421916760615367	0.004547457138723177	0.1287028089246091	-0.3926137930315676	0.04702084936077387	-0.2367455267167603	0.01664570285902068	-0.5031882374179004	-0.5031882374178509	-0.005739207287177073	0.0009448613456314152	-0.2120995724684979	-0.08650750582685164	-0.123684579790644	0.06938058252110796	-0.01047673913066871	-0.304247269347975	-0.09820951103578322	0.02593914829561619	0.1454344868054985	-67.73166162105386	-2.44238532634832	3.521692206136327	12.62061382640337	-596.2769408859998	-68.4153469611645	-11.64397906903319	0.4096710533353978	0.001410346049662575	1.015104850037556	-3.165308375495806	0.4322692745500637	-1.870799690938581	0.4238277150449656	-4.130692146224725	-4.130692146224513	-0.05010015591457213	0.0441396883484974	-1.819726259241107	-0.6626913243855364	-5.399644264100672e-08	-1.190774311494194e-07	2.310297346115617e-07	7.118125753619815e-10	-6.278511624923759e-08	-1.247030211304936e-07	-4.291917878361039e-08
1.13	-0.1886928165816702	0.07700091827042903	0.7259667295361917	0.9546309736754145	-0.4992589506589145	-0.1016963253436605	-0.2611951904849022	1.111286364490137	1.111286364490249	-0.1638780058428729	-0.174510205695717	0.422062602736802	0.08231413643318336	0.04814289246250843	0.004596794798986386	0.1387510708044559	-0.4239319498787997	0.05148203972313457	-0.2553071610379363	0.02121442541500461	-0.544313194256727	-0.544313194256715	-0.006003441392540836	0.001656309158808371	-0.2301632771014712	-0.0927610145355188	-0.123434302710895	0.06931067867867083	-0.01050275586931073	-0.3026208051807571	-0.0979018531818858	0.02603648362779091	0.1452598057871094	-67.58076131146319	-2.566940219933203	3.605356013035733	12.45955992217248	-595.5497108684262	-68.39348003491916	-11.86710855000936	0.3801905626874476	0.008683628770679479	0.9955133560304334	-3.107254194713998	0.4565688398687178	-1.838495982460333	0.4843338071190224	-4.098049073596262	-4.098049073602005	-0.01436614975880674	0.09315410669212042	-1.795235223259178	-0.5954833385735852	-5.69795806531166e-08	-1.301195061981699e-07	2.361798645519563e-07	-8.19978787631978e-10	-6.481411663794305e-08	-1.361893154460384e-07	-4.43474507087833e-08
1.14	-0.1881923578655685	0.0770474642587041	0.7274037855362774	0.9502363658235311	-0.4987212377243834	-0.1043404814115558	-0.2609583794044309	1.105638499456791	1.105638499456764	-0.1639393255199176	-0.1744886662587844	0.4196713940374752	0.08135712474367189	0.05192531175494342	0.004725658569484699	0.1486323926472024	-0.454937500941113	0.05608422699707744	-0.2734548225492414	0.02622071922074717	-0.5852242159309372	-0.5852242159309633	-0.006258919974367005	0.002708028127580783	-0.2480486880517933	-0.098566631022836	-0.1231840256311309	0.06924077483625155	-0.0105287726077412	-0.3009943410135477	-0.09759419532798272	0.02613381895999514	0.1450851247687262	-67.43909391437364	-2.69005032943779	3.688985554732523	12.32271482685783	-594.9527189431534	-68.37399233282251	-12.1077634919818	0.3814099405514647	0.01731556809666984	0.9817168426175168	-3.102787218512065	0.4604686568665027	-1.788005128964382	0.5113419649967029	-4.087905113301468	-4.087905113301366	-0.04834905120704315	0.1121939194676043	-1.784067522710898	-0.5731128801155468	-6.102773389148755e-08	-1.528754620142954e-07	2.356073268463492e-07	-5.253415851756467e-09	-6.573209184792564e-08	-1.559436830847112e-07	-4.581052888215357e-08
1.15	-0.1876547729446192	0.0770956947400607	0.7289387703857076	0.9455333379641897	-0.4981368368119294	-0.1071638286390818	-0.2606693663672485	1.0995826712285	1.099582671228589	-0.1640033783808668	-0.174454937010484	0.4171022252953422	0.08034422067429231	0.0555663956130404	0.004933540807599885	0.158331535715079	-0.4856051963410504	0.06081722348048748	-0.2911433557904278	0.03165316446314043	-0.6258961992209515	-0.6258961992209927	-0.006552174111553395	0.004084892082252102	-0.2657541481688273	-0.1039433791835867	-0.1227891147192706	0.06909002633022683	-0.01055312407396259	-0.2992020258548984	-0.09714190415019633	0.02623913363463622	0.1447786678220629	-67.2333624339165	-2.833228667285721	3.781966363773551	12.14820865330889	-594.0663187692419	-68.36546580208099	-12.36588437271415	0.3516646825698865	0.02448784475902068	0.9590434911564469	-3.039331827648214	0.4828815339206064	-1.74862558222251	0.5698872409539056	-4.050050860996564	-4.050050860998892	-0.0199146618838876	0.1575295513029592	-1.759160368744783	-0.5093334219758012	-6.523687780359561e-08	-1.774021207371173e-07	2.341697347291371e-07	-1.012547377767978e-08	-6.648212139135708e-08	-1.76947875760601e-07	-4.727886846513506e-08
1.16	-0.187081535770262	0.07714639670241655	0.7305697527562734	0.9405255189254684	-0.4975044726566722	-0.1101619308311447	-0.2603238905902207	1.093121481982504	1.093121481982666	-0.1640703839966064	-0.17440601973902	0.4143569269295282	0.07927967359572069	0.05905576243639001	0.005219954769333414	0.1678318968743184	-0.5158957368175268	0.06567687555761538	-0.3084058154526848	0.03751326718926659	-0.6662964194767732	-0.6662964194768296	-0.006849470925122772	0.005745632750362203	-0.2832746127876674	-0.1088952328611799	-0.1223942038074178	0.06893927782410419	-0.01057747554043426	-0.2974097106962481	-0.09668961297245068	0.02634444830908966	0.1444722108754324	-67.03675428334786	-2.974524521935221	3.874321367463048	11.9962213735423	-593.3080761212402	-68.36015422732336	-12.64142081404377	0.3510665336019925	0.03302191282032373	0.9419604608900622	-3.027356233819841	0.4857997756100828	-1.702790413178467	0.5968734617432895	-4.033552506462996	-4.033552506462887	-0.04915758648363768	0.1689692621553702	-1.747068423072152	-0.4881339834840381	-6.822739072229881e-08	-2.020260671448383e-07	2.249801078048899e-07	-1.558976528249132e-08	-6.568925744385035e-08	-1.955999719660455e-07	-4.769451068150196e-08
1.17	-0.1864741292618065	0.07720035722776966	0.7322946967449689	0.9352167007036228	-0.4968229805762734	-0.113330454883751	-0.2599177571341244	1.086257730797951	1.086257730798109	-0.1641406127749153	-0.1743392987336412	0.4114373374893917	0.07816753915824359	0.06240035797833433	0.005585395847364383	0.177118609616762	-0.5457980990183146	0.07063535245873304	-0.3252395812973777	0.0437805083419856	-0.706397994891791	-0.7063979948918352	-0.00719778644262773	0.007619237890510266	-0.3006120851790505	-0.1134737853887391	-0.1218399416865289	0.06870421913015012	-0.01059838161600743	-0.2954786203162097	-0.09605612092483416	0.02644428972378021	0.1440205528232504	-66.76499208038612	-3.12921114777513	3.971791302241821	11.80120816059607	-592.2578905313568	-68.35217291972265	-12.93436195525288	0.3223782073915493	0.04028761391531345	0.9162701062391511	-2.961206349796299	0.5029259244022802	-1.664797107199514	0.6517120887883188	-3.990077085659631	-3.99007708565787	-0.02792239144058105	0.1996866093013668	-1.722423058570636	-0.4340231325143691	-7.100029096360826e-08	-2.266673863534342e-07	2.144061889508148e-07	-2.115981278353292e-08	-6.462087680153318e-08	-2.138320509446247e-07	-4.792217122525908e-08
1.18	-0.1858340323693514	0.0772583686456273	0.7341113565461524	0.9296109528324625	-0.4960914928714543	-0.1166655420822321	-0.2594469387371459	1.078994640453932	1.078994640454068	-0.1642143754798554	-0.1742532155829422	0.4083453060430606	0.07701135774646611	0.06559383923632059	0.006030133270235821	0.1861750593719316	-0.5752816666826203	0.07567600044144916	-0.341718444625461	0.05045025536479116	-0.7461642513723477	-0.7461642513723803	-0.007556256242400201	0.009618061804928833	-0.3177630140264043	-0.1177046277212006	-0.1212856795655564	0.06846916043615166	-0.01061928769188812	-0.2935475299361498	-0.09542262887724064	0.02654413113838682	0.1435688947711652	-66.50216407448475	-3.281747655443586	4.068249185110668	11.62672118692704	-591.3328694943524	-68.34875662744513	-13.24473169078684	0.3208436768103792	0.04888118178840533	0.8959078634352552	-2.943597326523411	0.5022339919297901	-1.631809909856549	0.6773746357606056	-3.966488719570781	-3.966488719570813	-0.05118844293713753	0.1940130170094776	-1.709759714266315	-0.4185919444645023	-7.171386989444191e-08	-2.463016028678617e-07	1.959341248572945e-07	-2.62751163175379e-08	-6.200594071531076e-08	-2.260112806999299e-07	-4.663449430140531e-08
1.19	-0.185162740679177	0.0773212217921708	0.7360173829576215	0.9237125171131458	-0.495309247578791	-0.1201635029446514	-0.2589074727318583	1.071335644339322	1.07133564433933	-0.1642919783814695	-0.1741466124349182	0.4050826978995373	0.07581448853986729	0.06863695972390775	0.00655344494734905	0.1949867452198486	-0.6043242013003908	0.08078441385183939	-0.3578184168828058	0.05750834561498536	-0.785568253949128	-0.7855682539491246	-0.007963372833789631	0.01171121484734539	-0.3347256391611324	-0.1216152914204849	-0.1205802166035989	0.06813588657945324	-0.0106309307966237	-0.2914779641651277	-0.09464002508947111	0.02665188376722614	0.1429766986669491	-66.17474834399712	-3.453404265769202	4.172753248463486	11.41714951121112	-590.1268264758852	-68.36286250575149	-13.57260099458161	0.291915711023905	0.05599204503049884	0.8672655887698533	-2.872390352682815	0.516839482898382	-1.590832115485423	0.7298362080295744	-3.917339441514041	-3.917339441508602	-0.03536374000450081	0.2182843103342276	-1.684584638134129	-0.369192045723676	-7.200051635846959e-08	-2.648977615066689e-07	1.758246404092549e-07	-3.12961436632548e-08	-5.907037728096163e-08	-2.369356514699223e-07	-4.503266204890049e-08
1.2	-0.1844618438888705	0.07738969523235688	0.7380102195562299	0.9175260942829913	-0.4944755792585649	-0.1238208117759985	-0.258295463826394	1.063284611515981	1.063284611515879	-0.1643736305435655	-0.1740188141839648	0.4016514493596557	0.07458013500366277	0.07151485926313232	0.007154191998757307	0.2035370967997716	-0.6328790888493244	0.08596060595441227	-0.3735880384126272	0.06495883540041146	-0.8245715931172041	-0.8245715931171642	-0.008366108335762684	0.01385708238882147	-0.3514910932981834	-0.1252014936422994	-0.119874753641655	0.06780261272278398	-0.0106425739014921	-0.289408398394093	-0.09385742130168635	0.02675963639612702	0.1423845025627081	-65.85602534604848	-3.622716412045696	4.275943998796693	11.22588579765813	-589.0421422247462	-68.38302922761132	-13.91807053120802	0.2877994871378798	0.06436825664740313	0.8436410098364859	-2.846067912756047	0.5157897303663258	-1.565739764351896	0.7558545428069944	-3.88635603782991	-3.886356037829907	-0.05031222505385463	0.204555916821385	-1.670325514730913	-0.3536996489705491	-6.953540079821999e-08	-2.758485138269811e-07	1.443587500734129e-07	-3.534533152253147e-08	-5.397928859848304e-08	-2.393053813577293e-07	-4.122693349180535e-08
1.21	-0.1837328873926064	0.07746455892539691	0.7400872199075339	0.91105652442046	-0.493589816649032	-0.1276339474423256	-0.2576071590310802	1.054845619839696	1.054845619839631	-0.1644594499829826	-0.1738692282755372	0.3980535576653774	0.07331152540690347	0.07425518506648883	0.007830910870944924	0.2118155740620046	-0.6609496789750704	0.09120761113796554	-0.3889799548831706	0.07275543235349971	-0.8631493430863637	-0.8631493430863388	-0.00878688597740121	0.01607475395890338	-0.3680492103241699	-0.1284576858030901	-0.1190279455484041	0.06745859309199248	-0.0106401679684798	-0.2871988690531426	-0.09291295568067795	0.02682709899387252	0.1416542787160174	-65.47164899821067	-3.78158494157051	4.372397026003503	11.00701762517657	-587.688219092467	-68.35427492234849	-14.28129130297584	0.2639625759684184	0.07117034701038871	0.8128317370184827	-2.774772451274149	0.5315130716352138	-1.517078381699666	0.7995585752659955	-3.83186742239412	-3.831867422396356	-0.03636219771809108	0.2325781332627465	-1.642867557765181	-0.3021337029619059	-6.641674175720455e-08	-2.849834821466506e-07	1.101957133392178e-07	-3.91637075037786e-08	-4.83762626695737e-08	-2.396433840360174e-07	-3.689777956237003e-08
1.22	-0.1829771649485038	0.07754655913605991	0.7422455811619807	0.9043088050789122	-0.4926511125558083	-0.1315992344320058	-0.2568392890054951	1.046023174074521	1.046023174074519	-0.1645491575316215	-0.1736970245801792	0.394291222248594	0.07201224294787037	0.07686804883119688	0.008581495523355413	0.2198092774283197	-0.6885089846524328	0.09654890269292274	-0.4040183030854756	0.08087188145484009	-0.9012624108929287	-0.9012624108929186	-0.009143730179006111	0.01838063977543246	-0.3843798377994624	-0.1313360660970221	-0.1181811374551316	0.06711457346125015	-0.01063776203551938	-0.2849893397121783	-0.09196849005964838	0.02689456159171346	0.1409240548693254	-65.09557804413065	-3.938258684533997	4.467654243687682	10.80352280145579	-586.4508649780332	-68.33405898907215	-14.66243356641193	0.2623070794082129	0.07914141269197164	0.7866862306529098	-2.74381102307935	0.5346470046471189	-1.495026110704249	0.819824972457428	-3.793419605310972	-3.793419605310967	-0.03752553704712216	0.2221987661108218	-1.624827604592101	-0.2781372755988103	-6.319448987875944e-08	-2.946661095666885e-07	7.631096326089766e-08	-4.306129709723594e-08	-4.280392289038628e-08	-2.394577199995453e-07	-3.272371252968013e-08
1.23	-0.1821958629287288	0.07763643449656855	0.7444824228135823	0.8972880116858495	-0.4916585707715351	-0.1357129197676036	-0.2559888193120237	1.036821987832407	1.036821987832385	-0.1646423557666206	-0.1735013245899375	0.3903667358353937	0.07068597200939247	0.07937608863758322	0.009405773574591115	0.227507873750873	-0.7155616323225306	0.1019748644022846	-0.4186534231944785	0.08926321534447894	-0.9388876410282985	-0.9388876410282934	-0.009486821394530933	0.0207729921849751	-0.4004754942703718	-0.1338555955409118	-0.1171611621690372	0.06657381829346549	-0.01061911782435063	-0.2827112664371947	-0.09085616054657919	0.02700596979216945	0.1400320720176897	-64.64888641172179	-4.136344312759204	4.580891600324106	10.55557710355014	-584.953011099713	-68.39531133960078	-15.06143704534575	0.2426155940169225	0.08589097262042336	0.7537622724539026	-2.672779270965024	0.5488970022981342	-1.437979668009994	0.8549613129328556	-3.73398971601771	-3.733989716018447	-0.03137540569774119	0.2497923157919736	-1.595661135362801	-0.22943633061491	-5.994434762100633e-08	-3.044961836675948e-07	4.250113651300541e-08	-4.69802134324422e-08	-3.72398447668932e-08	-2.391310687706379e-07	-2.859139966149862e-08
1.24	-0.181389967878338	0.07773491663184577	0.7467947136162891	0.8899993342897018	-0.4906113041205242	-0.1399710012456917	-0.2550532015365088	1.027247166289257	1.027247166289227	-0.1647387198121453	-0.1732812933081293	0.3862825475640803	0.06933639066610921	0.08178665495449697	0.01030285047706941	0.2348991076493458	-0.7420857852722272	0.1074938760403392	-0.4328975315839484	0.09790149786274931	-0.9759894710983775	-0.9759894710983773	-0.00977689228575913	0.02324689809115803	-0.4163202094221789	-0.1359981470580357	-0.1161411868828077	0.06603306312570341	-0.01060047361310752	-0.2804331931621985	-0.08974383103350869	0.02711737799266051	0.1391400891661691	-64.21030792251946	-4.331875065089767	4.692426092680851	10.32093303333364	-583.5684239533005	-68.46656632375529	-15.47822164266703	0.2428123815137016	0.09370118294048339	0.7252137458367995	-2.638112078999193	0.5532569903856622	-1.416823766797655	0.8692146981837376	-3.688739592252818	-3.688739592252818	-0.02692147218779069	0.2385094654388855	-1.574639340771629	-0.2027416902456534	-5.754221260089509e-08	-2.81102325626658e-07	5.498456272650896e-08	-4.144969262914388e-08	-3.948633188722026e-08	-2.248034257468464e-07	-2.828549267631055e-08
1.25	-0.180560445803047	0.07784272405140669	0.7491793382986055	0.8824481361524997	-0.4895084186093872	-0.1443697621574702	-0.2540300073010519	1.017304062268385	1.017304062268409	-0.1648375966264634	-0.1730363503245216	0.3820411830176029	0.06796719412513991	0.08409948895691066	0.01126974789688545	0.2419701021926129	-0.7680534004128381	0.1130971547238433	-0.4467817511196082	0.106777689854137	-1.012532601501421	-1.012532601501468	-0.009994181269454932	0.02575225823808341	-0.4319081267318542	-0.1377821363580604	-0.1150131000359704	0.06554485386932304	-0.01056219705425092	-0.2779897564654172	-0.08851710406441156	0.0271515227585875	0.1381363705228524	-63.72422193740157	-4.491174655780952	4.785626578762156	10.08340068727057	-581.9328056792915	-68.43628973418281	-15.91283224942121	0.2227800215485713	0.09984500259840146	0.6896742632312736	-2.561018532292278	0.5659551250978336	-1.363312707078754	0.9028725433946491	-3.622284157685409	-3.622284157692361	-0.01851883571447017	0.2581404003248081	-1.544196655998834	-0.1573455103286562	-5.539671135007019e-08	-2.476538565427951e-07	8.147778917832933e-08	-3.305947374445609e-08	-4.409654269975599e-08	-2.062386404693401e-07	-2.913757694518625e-08
1.26	-0.1797083431653429	0.0779605326413851	0.7516329993172864	0.8746402754037628	-0.4883490819478612	-0.1489051835966417	-0.252916840926921	1.006998490064817	1.006998490064877	-0.1649385235754398	-0.1727660355172604	0.3776452735520406	0.06658193409908039	0.08630276743707142	0.01230308456056787	0.2487063749222872	-0.7934183075814488	0.1187841061179618	-0.4602296370604168	0.1158959255966609	-1.048483107638675	-1.048483107638768	-0.01018691922331666	0.02832126282522655	-0.4472291932388642	-0.1392108440759982	-0.1138850131890489	0.06505664461289695	-0.01052392049520716	-0.2755463197686479	-0.08729037709534128	0.02718566752441953	0.1371326518796341	-63.24589463955252	-4.648349618422045	4.877613352140288	9.857877134611746	-580.4070551228014	-68.41636032461585	-16.36529379074061	0.2209012770631142	0.1069890317137505	0.6582693831182325	-2.517570484599224	0.5699915325085447	-1.329557047827409	0.9176234484109594	-3.570214739094829	-3.570214739094724	-0.02201126622097378	0.2512383534824461	-1.521269180238584	-0.131685373828263	-5.059700619436671e-08	-2.310722250454628e-07	6.822781965527977e-08	-3.051302995627314e-08	-4.151772752715416e-08	-1.904630718549643e-07	-2.58479045729867e-08
1.27	-0.1788347120597332	0.07808900252134865	0.7541523187415863	0.8665817766954891	-0.4871325365752124	-0.1535728323541113	-0.2517113857214363	0.996336447045845	0.9963364470458894	-0.1650414464650516	-0.1724698444763356	0.3730974895322396	0.06518400604629222	0.0884054141114307	0.01340135910881075	0.2550981510237013	-0.8181738892145597	0.124535620456146	-0.4732244511933081	0.1252295744845601	-1.083816820066324	-1.083816820066396	-0.01039851073131569	0.03092048901817957	-0.4622805318872405	-0.1403220361630268	-0.1126103662739083	0.06442872348590467	-0.01047294450901872	-0.2730236985829326	-0.08593225581433121	0.02723423957497332	0.1359882231916629	-62.71183608933803	-4.825654727156572	4.977499593096918	9.60721618981208	-578.64872711953	-68.43382437650014	-16.83561359542847	0.2022430521699719	0.1128108609057057	0.6207208576620575	-2.43841785152439	0.5793386559671909	-1.273113289953133	0.9464044565936739	-3.498644105191933	-3.498644105188886	-0.02088844345098803	0.2647945248689856	-1.490017616964246	-0.09289547705984189	-4.490061053025828e-08	-2.201888494895261e-07	4.155109473531423e-08	-2.994083451150407e-08	-3.651018735957335e-08	-1.756298061673218e-07	-2.115899009231574e-08
1.28	-0.1779405951494702	0.07822876798569994	0.7567337737537021	0.8582789490011202	-0.4858581546048829	-0.158368163191705	-0.2504115602575467	0.9853243279804801	0.985324327980497	-0.165146516339767	-0.1721475552189812	0.3684006018439881	0.06377655420244947	0.09039992836770788	0.01456220143811599	0.2611334924854987	-0.8422841048019553	0.1303514256540957	-0.4857660530835304	0.1347699772770315	-1.118498316917654	-1.118498316917705	-0.01061631625378631	0.0335409061178238	-0.4770499269287012	-0.1411156022868447	-0.1113357193587134	0.06380080235887037	-0.01042196852253948	-0.2705010773972406	-0.08457413453334528	0.02728281162543971	0.1348437945037611	-62.1852151790116	-5.000747836552674	5.075994213061681	9.366450353835486	-576.9959658991177	-68.46300379700538	-17.32377028973001	0.199274793446693	0.1195025879262158	0.5869824551949107	-2.388497275456199	0.5828497044616729	-1.238914599293619	0.9589742293253961	-3.439771623830996	-3.439771623830846	-0.02325406911529032	0.2554765348206959	-1.464880458855507	-0.06816018118612975	-3.703566857032077e-08	-1.994414695670042e-07	9.164230347114174e-09	-2.764954730467767e-08	-3.023466364154933e-08	-1.522951135074243e-07	-1.490777416542899e-08
1.29	-0.1770270089679361	0.0783804527262473	0.7593737738583356	0.8497382159466571	-0.4845253693880521	-0.163286527211386	-0.2490154207541473	0.973968728484496	0.9739687284845024	-0.1652540110295869	-0.1717990320859377	0.3635574459336257	0.06236261448084603	0.09230138270323178	0.01578473212311949	0.2668039782488532	-0.8657495456931104	0.1362144579943695	-0.4978216668402687	0.1444846577601169	-1.152502390099581	-1.152502390099663	-0.01088961557161409	0.03616869346979057	-0.4915297250138774	-0.1416222734573669	-0.1099181229902453	0.06310280572338348	-0.01035834754914469	-0.2679161336756794	-0.08304084341138315	0.02729337112565572	0.1335615632964433	-61.59160602219013	-5.167102765100339	5.168573968329204	9.097537293313364	-575.1220515643203	-68.46231478496874	-17.82970221816172	0.1831954227045453	0.1251213558361522	0.5476948068446801	-2.308620041072488	0.5893727536086076	-1.176130080093767	0.9817251113743963	-3.362845124689817	-3.362845124694742	-0.03043929636646576	0.2671629810737907	-1.431810299993487	-0.03437895983978066	-2.835752174944738e-08	-1.749950880070128e-07	-2.536393634167379e-08	-2.471360068707978e-08	-2.348364609210912e-08	-1.257723857329314e-07	-8.07069519621133e-09
1.3	-0.1760948853092279	0.07854466138305442	0.7620686014545904	0.840966217974266	-0.4831336852968593	-0.1683228964318761	-0.2475213324151999	0.9622766642648173	0.9622766642648305	-0.1653644529992046	-0.1714240844502686	0.3585710358790833	0.06094511637256624	0.09410742380273149	0.0170669846900716	0.2720989908097877	-0.8885370883893563	0.1421312005265726	-0.5093670932462014	0.1543597443861756	-1.185791261654161	-1.185791261654277	-0.01120577221944027	0.03882580664932429	-0.5057007557648463	-0.1418272796220693	-0.1085005266216815	0.06240480908792484	-0.01029472657554842	-0.2653311899541188	-0.08150755228941496	0.02730393062591573	0.1322793320892003	-61.00505506316798	-5.331517886965056	5.260040642390773	8.83596288008213	-573.3496028083713	-68.47577828217166	-18.35329043993302	0.1801921462418627	0.1314469643159366	0.5118878147109244	-2.252917636474411	0.59359174284754	-1.136877129132503	0.9910554579200647	-3.296731298361702	-3.296731298361721	-0.03182553511496598	0.2613417003340953	-1.403126992014073	-0.007827180022171854	-1.9362818849676e-08	-1.496352198216386e-07	-6.077773964921253e-08	-2.158385633957562e-08	-1.640082956736889e-08	-9.790521421887139e-08	-1.074427430919708e-09
1.31	-0.1751451193598733	0.07872197765896322	0.7648144801530258	0.831969727890278	-0.4816826188992944	-0.1734721656550334	-0.2459278105160919	0.9502553671239949	0.9502553671239552	-0.1654783465157976	-0.171022514560903	0.3534444694743881	0.05952697049869927	0.09583200719983492	0.01840463052681741	0.2770115518118264	-0.9106409304391869	0.1480909548206776	-0.5204026581100851	0.164363318607835	-1.218337859051771	-1.218337859051878	-0.01157383225856776	0.04149144705034091	-0.5195572128936768	-0.14175205464914	-0.1069744126103816	0.06163969875143011	-0.01021513970586157	-0.2626376838300878	-0.07990963248803844	0.0272953160015229	0.1308828661490064	-60.38766710267555	-5.491340991946323	5.348874192405749	8.578732389700907	-571.3756653505128	-68.47889165975066	-18.8943449421765	0.1665319702063459	0.1361739248972994	0.4711592992098082	-2.17111333766552	0.5985226119767991	-1.074278306499272	1.007810880143799	-3.214079481408192	-3.214079481406916	-0.03944863298197601	0.2696422461698546	-1.368615587628053	0.02270486059713832	-1.023697128864688e-08	-1.238969071771771e-07	-9.655844955594802e-08	-1.837382436111028e-08	-9.180553467147206e-09	-6.948105886984798e-08	5.9877899784597e-09
1.32	-0.1741785194697963	0.07891292049954812	0.7676075282727333	0.8227558002161133	-0.480171683890932	-0.1787292669551198	-0.2442336923795947	0.9379125129049984	0.9379125129049216	-0.1655959511117247	-0.1705941948602912	0.3481809963955437	0.05811107837949078	0.09747421194740741	0.01979229762529127	0.2815328750642621	-0.9320246064261444	0.1541049226861662	-0.5309335086332853	0.1744789918636924	-1.250102677287283	-1.250102677287382	-0.01194798808450639	0.04417576889873443	-0.5330820905949277	-0.1413765286903438	-0.1054482985989944	0.06087458841497431	-0.01013555283619985	-0.2599441777060374	-0.07831171268664835	0.02728670137719878	0.1294864002088741	-59.77701375843994	-5.649418210484943	5.43678242763187	8.326282408626211	-569.500011445811	-68.49835246747875	-19.45259256560442	0.1637164163356803	0.1414512166615488	0.4336402647903005	-2.108884423899771	0.6044344571242601	-1.035934260995741	1.013475264759669	-3.140375465942159	-3.14037546594217	-0.03304469247719371	0.2650779898094852	-1.336811106498154	0.05223301715120117	-1.593495921854731e-10	-8.693645164086793e-08	-1.287489509184765e-07	-1.263555080509547e-08	-2.354082702657164e-09	-3.438610699400846e-08	1.346121371490221e-08
1.33	-0.17319586745311	0.07911798643896678	0.7704438153008135	0.8133316250280123	-0.4786004067251992	-0.184089256058879	-0.2424379618920623	0.9252560086225655	0.9252560086225589	-0.1657173524776262	-0.1701391185183982	0.3427839568124018	0.05670032813036344	0.0990426897492134	0.02122853669023128	0.2856570476744537	-0.9526832439258408	0.1601583992689259	-0.5409848962769912	0.184679296383096	-1.281056112184745	-1.281056112184768	-0.01232619829928508	0.04683732030915783	-0.5462652207827864	-0.140724364925687	-0.1037823402094133	0.06002302613870712	-0.01004721675853536	-0.2572298456841204	-0.07653218793195944	0.02723343969801118	0.1279566669944839	-59.09981346545508	-5.795218191517632	5.517548472126382	8.047495918977098	-567.440302020039	-68.48884552154794	-20.02766031656519	0.1513928989380675	0.1458565266351441	0.3916846292381321	-2.025270500334836	0.6070145362644966	-0.9778116688053274	1.025136656569456	-3.051522184655571	-3.051522184644118	-0.03930390364954507	0.2663337909902453	-1.299975898776063	0.07910650624454281	1.035216913660535e-08	-4.48600191979812e-08	-1.593027395623224e-07	-5.744696529903733e-09	4.292859158778755e-09	3.749943298467711e-09	2.112209915927054e-08
1.34	-0.1721979347710391	0.07933764402407983	0.7733193198290167	0.8037046800474525	-0.4769683527381563	-0.1895473731696239	-0.2405398626371265	0.9122942310545585	0.9122942310546205	-0.1658423548892371	-0.1696574986475128	0.3372569035426123	0.05529757920890686	0.1005303450244195	0.02271062676416415	0.2893763750888426	-0.9725785649187484	0.1662602869481905	-0.5505591100305871	0.194952745344051	-1.311157334402498	-1.311157334402445	-0.01266819722091624	0.04948447469283913	-0.5590848279244988	-0.1397762631561651	-0.1021163818197835	0.05917146386244714	-0.009958880681018578	-0.2545155136621831	-0.07475266317726835	0.02718017801883797	0.1264269337801349	-58.42906288899861	-5.939594078261263	5.597751082673629	7.77127764804818	-565.4764544745674	-68.49823494321114	-20.61906975716527	0.147551911015714	0.1506214184601208	0.3526712256297579	-1.956221122541995	0.6141166764252464	-0.940499482973759	1.028104153069962	-2.969932930000251	-2.969932930000234	-0.02580243384768889	0.2621985844610723	-1.264106497268893	0.1114206181242587	2.012562606735746e-08	-3.020766868230406e-10	-1.844527551727938e-07	2.050192399730284e-09	9.916481356461569e-09	4.154061754095501e-08	2.822339304537967e-08
1.35	-0.1711854834802654	0.07957233885376322	0.7762299800713192	0.7938825876753862	-0.4752751140064668	-0.1950989581810799	-0.2385387653121269	0.8990357914416462	0.8990357914416957	-0.1659706367379751	-0.1691496768203527	0.3316034831037903	0.05390565819665075	0.1019480744691423	0.02423437613265546	0.2926865496324214	-0.9917070159738471	0.1723927721706532	-0.5596811415869924	0.2052715515919163	-1.340377460928273	-1.340377460928252	-0.01298046157847171	0.05207102334082729	-0.571535031324511	-0.1385629522620122	-0.1003525251644669	0.05824054544634378	-0.009857984588292647	-0.2517228146885366	-0.07290969808293793	0.02709974534274929	0.1247944485310408	-57.73030187817007	-6.074612181826246	5.67364946800602	7.502229605906588	-563.3476445257315	-68.49366864208162	-21.22621007377376	0.1371121751975398	0.1541598826057468	0.3098253749824454	-1.87121844950845	0.6136378782060256	-0.8865134832757672	1.034493651057204	-2.875090917408027	-2.875090917412927	-0.0327787472908058	0.2555140380144663	-1.225840891532987	0.1330498577865603	2.953005209909023e-08	4.549662085847077e-08	-2.069008842665782e-07	1.029709865658541e-08	1.502844372226786e-08	7.915860375844788e-08	3.504489115235923e-08
1.36	-0.1701592091522455	0.0798224528144439	0.7791716690203095	0.7838731985222683	-0.4735203857359431	-0.2007394552063601	-0.2364343349665654	0.8854897428827661	0.8854897428828051	-0.1661018092924005	-0.1686162633001078	0.3258274879049352	0.05252722299988125	0.1032949524737461	0.02579445296362998	0.2955821164264328	-1.010037921129531	0.178558194715085	-0.5683415127954721	0.2156193494562786	-1.368679123595727	-1.368679123595738	-0.01324633835928096	0.05460281331068662	-0.5835997799311466	-0.1370791000588294	-0.09858866850912272	0.05730962703024305	-0.009757088495536326	-0.2489301157148887	-0.07106673298860755	0.02701931266666409	0.1231619632819707	-57.03782191227418	-6.20844843663788	5.749265984950275	7.233764048022519	-561.3140124908273	-68.51020860846086	-21.84834187009976	0.1333816229919187	0.1578869109567649	0.2697496757162673	-1.796711942658978	0.6207041408190558	-0.848167413388643	1.033902476369368	-2.786240158336089	-2.786240158336142	-0.01652491849844659	0.2512468488353146	-1.187015538593546	0.1655288799302478	3.811015697834514e-08	1.00832906030056e-07	-2.212432200633327e-07	2.132211691131114e-08	1.790513396644285e-08	1.187175353787121e-07	4.160373572131115e-08
1.37	-0.1691197966616788	0.08008834023196278	0.7821402289259426	0.773684496594319	-0.4717039181163646	-0.2064643390314067	-0.2342263648470122	0.8716653701030551	0.8716653701030883	-0.1662354676042171	-0.1680579858562003	0.3199327971909534	0.05116485538258503	0.1045769022600897	0.02738785774500023	0.2980596597593855	-1.027564587651292	0.1847374461642922	-0.5765523595211915	0.2259718911179806	-1.39603195573443	-1.396031955734431	-0.01348314764128581	0.05704354689970791	-0.5952697033825559	-0.1353537953458872	-0.09670972540999995	0.05631353848763122	-0.009649685071203911	-0.2461121454861174	-0.069080214405771	0.02687616914022867	0.1214167240674358	-56.29368441802291	-6.3177906726769	5.813776973188436	6.956008264056377	-559.1297494978388	-68.47770003709476	-22.48455678300025	0.124008389159298	0.1607990534012884	0.2262299565064899	-1.709959381808106	0.6168725174845783	-0.7950690040410618	1.035512510633231	-2.685293333038814	-2.685293333037238	-0.02691361973071845	0.2390775877257896	-1.146673906609499	0.1821237182055739	4.623946122733871e-08	1.613850594347694e-07	-2.311527001507742e-07	3.386641516487232e-08	1.955940976910074e-08	1.593379215161169e-07	4.801894163665421e-08
1.38	-0.1680678833267081	0.08037030805563018	0.7851314589237894	0.763324664926178	-0.4698255906081917	-0.2122688364640838	-0.2319149528109296	0.8575723712836694	0.8575723712837088	-0.166371424946166	-0.1674755828816682	0.313923468610819	0.04982095930266408	0.105795121354583	0.029010534193332	0.300116134869216	-1.044263869167987	0.1909301724340165	-0.5842642343220107	0.2363077327621877	-1.422404331529187	-1.422404331529177	-0.01370614439045959	0.05942791944034032	-0.6065273531617598	-0.1333847925837703	-0.09483078231086794	0.05531744994503208	-0.009542281646727352	-0.2432941752573556	-0.06709369582292986	0.0267330256138124	0.1196714848529023	-55.5560302459669	-6.426282736131918	5.878478332862875	6.677879201530317	-557.0457322834427	-68.46946075456431	-23.13278627409095	0.1206354846218776	0.1637412443490728	0.1855360310917991	-1.631234941645694	0.6233991049224497	-0.7483730284086086	1.030562472870395	-2.590148889546829	-2.590148889546825	-0.01376241193223406	0.239974639157545	-1.104560804152448	0.2142684897652087	5.38323421638867e-08	2.16355441549411e-07	-2.425905419465621e-07	4.469294625146063e-08	2.266072186790999e-08	1.962452474832574e-07	5.407210194464805e-08
1.39	-0.1670040741121788	0.08066863764371664	0.7881411455133537	0.7528019753419762	-0.4678853309245951	-0.2181479979013403	-0.2295003641675262	0.843220639223174	0.8432206392231731	-0.1665096007007316	-0.1668697182400051	0.3078036534553321	0.0484978801667068	0.1069565768840353	0.03065873466863441	0.3017503971483628	-1.060129867884885	0.1971214283390789	-0.5914776890858836	0.246599945171283	-1.447767905498283	-1.44776790549821	-0.0139300817868107	0.06173911761595875	-0.6173620754388567	-0.1311930405737493	-0.09284400152488885	0.05419765401491053	-0.009430658466354011	-0.2404504814842733	-0.06500235990290996	0.02656499764495509	0.1178203338154815	-54.77860321653014	-6.52937570364236	5.94054150381846	6.394421731954669	-554.8263225626797	-68.46136012290094	-23.79120020855304	0.1123808868508058	0.1658738069345574	0.1417590795428564	-1.542653612964569	0.6169520454410671	-0.694225914220336	1.027043012876365	-2.483347831532947	-2.48334783152339	-0.02683847851125628	0.2257660902015202	-1.061874923450088	0.2273121429459003	6.11050995107497e-08	2.679947666038507e-07	-2.549404705682992e-07	5.449435822227521e-08	2.662558788539029e-08	2.309367149616931e-07	5.990920277728855e-08
1.4	-0.1659289542824058	0.08098355210811883	0.7911650522763526	0.7421249515153532	-0.4658831660395195	-0.2240965727290027	-0.2269831549224431	0.8286204941867951	0.8286204941867618	-0.1666500416442515	-0.1662409268799128	0.3015777016802822	0.04719785526811485	0.108057244403243	0.03232750945648105	0.302960169556185	-1.075130717651894	0.2033112127298562	-0.5981469124035049	0.2568318530982699	-1.472086926705056	-1.472086926704919	-0.01415918218415004	0.06401326312907883	-0.6277546770744243	-0.1287739451107142	-0.09085722073892522	0.05307785808479657	-0.009319035285896395	-0.2376067877111992	-0.06291102398288623	0.0263969696761099	0.115969182778042	-54.00748995777489	-6.631626703239232	6.002771925367038	6.109030819340888	-552.7064183385487	-68.47867681590733	-24.45883866514861	0.10847788257295	0.1678561068579217	0.1006380568268972	-1.458205151668049	0.6231048020654433	-0.6395267391582615	1.018501576448723	-2.381238337082126	-2.381238337082153	-0.01479501212987898	0.2325641066578846	-1.016136675846578	0.2597371803680414	7.004131523200945e-08	3.231376745994161e-07	-2.749965271716893e-07	6.413912584113382e-08	3.348748007393725e-08	2.707122690301533e-07	6.693448180493346e-08
1.41	-0.1648430788932043	0.08131524330102219	0.7941989429604188	0.731302197706904	-0.4638191896762284	-0.2301092049422698	-0.2243640504222164	0.8137824475446434	0.813782447544621	-0.1667928685916597	-0.1655897204255359	0.2952500466026945	0.04592303752016799	0.1091084898407091	0.034012322860429	0.3037473014174951	-1.089270361095542	0.2094805717807205	-0.6042883499438712	0.2669714234436362	-1.495337358261953	-1.495337358261915	-0.01440664504535319	0.06622057399736296	-0.6376981795912334	-0.12615501477332	-0.08877795088679782	0.05190523861164062	-0.00920673719949046	-0.2347387893441792	-0.06071349052411723	0.02615824141361945	0.1140254904351688	-53.19937083809968	-6.703046350909033	6.052541225119001	5.828062616973514	-550.4770651599521	-68.44034090504805	-25.134812831522	0.1020472373040973	0.1690485444476676	0.05716004566997174	-1.369390797710757	0.6133385549308216	-0.5877096568909967	1.009041238095444	-2.26920463783827	-2.269204637853035	-0.02974146474499732	0.2136459522175928	-0.9717153935977232	0.2681312697203596	8.005877889662715e-08	3.805579115067134e-07	-3.000615669631544e-07	7.368207463122105e-08	4.22324392736777e-08	3.137924793821296e-07	7.47320766593313e-08
1.42	-0.1637469711770335	0.08166383354542188	0.7972385868220756	0.7203425380926164	-0.4616936223027616	-0.2361805030100227	-0.2216440789236339	0.7987174447723574	0.7987174447723406	-0.1669381740760247	-0.1649166745873992	0.2888253048291392	0.04467544113745424	0.1101037097969988	0.03570731975574661	0.3041108050742861	-1.102511878819098	0.2156294147649385	-0.6098800833008431	0.2770052527695981	-1.51747815273264	-1.517478152732701	-0.01465488957173353	0.06838113987780248	-0.647172016268028	-0.1233296720641158	-0.08669868103469477	0.0507326191384889	-0.009094439113191308	-0.2318707909771501	-0.05851595706534408	0.02591951315113949	0.1120817980922707	-52.39691422908251	-6.774060765815524	6.102916054464157	5.542413236811035	-548.3396631719975	-68.42870562832336	-25.81836257418517	0.09727278633767766	0.1698928051318608	0.01591241592305855	-1.278580007649634	0.6190015887361656	-0.5295859024793779	0.9973533725678508	-2.159310919840224	-2.159310919840187	-0.01495134516531627	0.2232151090889657	-0.9222035078436516	0.3010196547300513	8.928378582376218e-08	4.384322529762529e-07	-3.211173858475464e-07	8.325868663447194e-08	5.124118048620262e-08	3.55216490032783e-07	8.194136229955424e-08
1.43	-0.1626411353901238	0.08202941211650296	0.8002797650322054	0.7092548889227649	-0.4595067475074672	-0.2423051108410296	-0.2188244274914938	0.783436641521987	0.7834366415220108	-0.1670860027995549	-0.1642224262362834	0.2823081854795305	0.04345701786061894	0.111054499309453	0.0374083529597513	0.3040549765227107	-1.114863358535641	0.2217381870736406	-0.6149530389960051	0.2868999743653055	-1.53848656862994	-1.538486568629932	-0.01490949702100504	0.07045651819207852	-0.6561690240411238	-0.120324256453377	-0.08452512009866915	0.04944083484490758	-0.008986943322971277	-0.2290187822214772	-0.05621864766322873	0.02564652546858164	0.1100474949000151	-51.56005332237227	-6.833745045421118	6.148656748812032	5.257267010309184	-546.1243941562218	-68.41111963759261	-26.50885148761948	0.09263897275819356	0.1702217587260594	-0.02679666898748352	-1.190243428033906	0.6057156583045581	-0.4828053447580026	0.9817726591352485	-2.042235955186201	-2.042235955175856	-0.03045098093630791	0.1978408035175804	-0.8760021686725817	0.304868914896525	9.794860781578015e-08	4.966275993949636e-07	-3.393391002976281e-07	9.285909504702817e-08	6.043638829397175e-08	3.954697388256045e-07	8.873477418492942e-08
1.44	-0.1615260603202771	0.0824120036557623	0.8033182917211616	0.6980483626608698	-0.4572590048678115	-0.2484777792173324	-0.2159065806221847	0.7679516283065503	0.767951628306603	-0.167236324704842	-0.1635077957798057	0.2757035855008652	0.04226956202002135	0.1119515663842591	0.03910991339139795	0.3035805008395551	-1.126287297227281	0.2278029836370333	-0.6194921923601001	0.2966443402035361	-1.558320145747693	-1.558320145747615	-0.01515352591540399	0.07245756094317844	-0.6646681420794212	-0.1171361848166095	-0.08235155916267069	0.04814905055132892	-0.008879447532970883	-0.2261667734657835	-0.05392133826110886	0.02537353778603391	0.1080131917077328	-50.7280425322873	-6.893235717261062	6.195115954085098	4.964799510051379	-543.9904952772198	-68.42023499851513	-27.2058311795681	0.08652829880809337	0.1699982506602582	-0.06781701039298131	-1.093071802669076	0.6102064396742848	-0.4228254362660075	0.9672822210724831	-1.924343163930607	-1.924343163930585	-0.01283563419080482	0.2083479964537514	-0.8226255608839811	0.3375508599357666	1.07130650649235e-07	5.591266053576045e-07	-3.592069103150436e-07	1.029144627401667e-07	7.123446236900424e-08	4.383382508470563e-07	9.601598065896969e-08
1.45	-0.1604022262735097	0.08281159831286065	0.8063500046165468	0.6867321640152824	-0.4549509144205783	-0.2546933371669715	-0.2128921704364976	0.752274211174398	0.7522742111744359	-0.1673890644570261	-0.1627737119108178	0.2690164925577323	0.04111478980762993	0.1128056239383636	0.04080703870005225	0.3026934477449758	-1.136790965956715	0.2338040475325851	-0.6235351559401763	0.3062066199863332	-1.576955167680292	-1.576955167680198	-0.01538909688634523	0.0743418748489601	-0.6726625348883725	-0.1137904065803053	-0.08010006091491133	0.04681186446872004	-0.008780563160535044	-0.2233355015828355	-0.05152427607594445	0.02502011515030343	0.1059028243088956	-49.86512446360553	-6.916451298378015	6.228076917794204	4.68301511352078	-541.8095700250457	-68.36882297200015	-27.90903057116635	0.08339861340171714	0.1692963814527374	-0.1094262866676908	-1.004797561339577	0.5933944826006249	-0.3823024551083312	0.9460393147846156	-1.801886187998157	-1.801886187995674	-0.02804138863479078	0.1758082438501112	-0.7746311655845389	0.3372101071650582	1.167098452002216e-07	6.249302070414773e-07	-3.80338686571662e-07	1.133191741666095e-07	8.326330875639966e-08	4.832149114190634e-07	1.036717436921635e-07
1.46	-0.1592701408252623	0.08322810956514243	0.8093707916154507	0.6753157720517462	-0.4525831457107673	-0.2609467788796573	-0.2097830697614032	0.736416682926912	0.7364166829269255	-0.1675439846309656	-0.1620213178715037	0.2622520986815732	0.03999429913793922	0.113601846680068	0.04249323242808673	0.3013953215433098	-1.146325960816514	0.2397386361523352	-0.6270689449694461	0.3155824380851829	-1.594342368815831	-1.59434236881572	-0.0155896102608451	0.0761195950031292	-0.6801283286846775	-0.1102798762765091	-0.07784856266718272	0.04547467838611215	-0.008681678788262424	-0.220504229699873	-0.04912721389077671	0.02466669251457896	0.1037924569100295	-49.00600092436313	-6.940087776856335	6.262345139142695	4.390493042045441	-539.6960092189133	-68.34438858715893	-28.61841923911337	0.07496133632809973	0.1678119345362961	-0.1500316318103259	-0.8993370287420428	0.5969113845139647	-0.3209905261047141	0.9299898842830305	-1.674779004518363	-1.674779004518351	-0.005824114902529029	0.187029246131248	-0.7169057583547569	0.3705012734341665	1.2426258505706e-07	6.87422330521034e-07	-3.93913475276062e-07	1.23105803205611e-07	9.478341866114052e-08	5.221689763022081e-07	1.099372079435931e-07
1.47	-0.158130291892932	0.08366141748574393	0.8123765842684947	0.6638087242743238	-0.4501564412200742	-0.2672331133558294	-0.2065813197399394	0.7203915217452994	0.7203915217453236	-0.167700831644835	-0.1612517929624091	0.2554156853401432	0.03890962697479668	0.1143603301225804	0.04416491106772715	0.299697389487191	-1.154922605243936	0.2455859556399958	-0.6301096621194189	0.3247265722411649	-1.610475070572033	-1.61047507057195	-0.01578066416456709	0.07776908368981068	-0.6870630542240596	-0.1066324736327068	-0.07550427165427863	0.04392093367573865	-0.008599587632846057	-0.2177757323098268	-0.04664513398200609	0.02433957607455226	0.101599505971782	-48.12031994864937	-6.982733941060814	6.302995855946253	4.0971016748783	-537.5901664076579	-68.39365791422625	-29.33419410869368	0.07514421429454031	0.166357090801027	-0.1895246997627631	-0.8156858332956332	0.5761819072237221	-0.2822654147825511	0.9004760863320481	-1.550319714757951	-1.550319714762255	-0.02578318153383199	0.1513956380714238	-0.6680304946029018	0.3650958007241746	1.301266126687748e-07	7.471548888303268e-07	-4.011907743536132e-07	1.323773635884113e-07	1.058795814970026e-07	5.561875447779672e-07	1.150440898768859e-07
1.48	-0.156983087652959	0.08411134444516642	0.8153634274595275	0.6522205385159139	-0.447671755599237	-0.273547185624569	-0.2032893581959016	0.7042114727554115	0.7042114727554409	-0.1678595966284434	-0.1604662757748057	0.2485126698347449	0.03786207604626659	0.1150729082083588	0.04581704019228392	0.2976054291410719	-1.162553557013494	0.2513348621809192	-0.6326165034829503	0.3336247426001984	-1.625319930471709	-1.625319930471655	-0.01597320420535976	0.07931805070188359	-0.6934487614783605	-0.102855629354068	-0.07315998064140825	0.04236718896536699	-0.008517496477524023	-0.2150472349197735	-0.04416305407323235	0.02401245963453149	0.09940655503350239	-47.23718921936204	-7.025695175040404	6.344567280624321	3.790209403032059	-535.5337640222771	-68.46747792902497	-30.05684639860968	0.06578026498131977	0.1639020315195612	-0.2288372898103639	-0.7061984971691989	0.577228795166539	-0.2142153688164559	0.8807971248933735	-1.417210633213223	-1.417210633213265	-0.00612134231666133	0.1669249112095387	-0.6071021013385677	0.396389600401491	1.21659560314615e-07	8.139349051116536e-07	-3.510142842863213e-07	1.50260737396806e-07	9.232982783576454e-08	5.624716882949789e-07	1.138098560778203e-07
1.49	-0.1558291205906443	0.08457766805631728	0.8183273766486384	0.6405611517697944	-0.4451300944534424	-0.2798840372571903	-0.1999095487947991	0.6878896802724375	0.6878896802724627	-0.1680199800347199	-0.1596660905818157	0.241548636334449	0.03685298046810698	0.1157148289985273	0.04744163951173931	0.2951215993130702	-1.169160045424813	0.2569757591358192	-0.6346610191782508	0.3422874243836471	-1.638814105944977	-1.638814105944954	-0.01610876424920538	0.08070357811023481	-0.6992631556986751	-0.09894674760847386	-0.07077289956445995	0.04089687509240541	-0.008451019491818604	-0.2123263584124991	-0.04160634169178975	0.02353077098007237	0.09716774875255733	-46.33652219328502	-6.992745462245531	6.360499530205112	3.515625401167347	-533.4766573643774	-68.39390798387818	-30.78468300044215	0.06253140057368527	0.1608702295826508	-0.2675694801013749	-0.6133289195909977	0.5542175408558053	-0.1855588702955229	0.8515467196093647	-1.281872657026101	-1.281872657030752	-0.01793923297002713	0.1220232149089117	-0.5543557212627032	0.3905247275049225	1.002394164528378e-07	8.870847391753955e-07	-2.489084078765755e-07	1.759278656475648e-07	5.65039573406093e-08	5.436881784838923e-07	1.068442292129694e-07
1.5	-0.154668907637519	0.08506006393014749	0.8212646048093079	0.6288406091582638	-0.4425326848590566	-0.2862385318868461	-0.1964446039729553	0.6714396757042044	0.6714396757042229	-0.1681818522209557	-0.1588525188028809	0.2345293093641731	0.03588345116057684	0.1163220863702555	0.04903149272815173	0.2922612234528194	-1.174784730095244	0.2624845518988798	-0.6361451028898976	0.3506518267486465	-1.650962347523946	-1.650962347523955	-0.01627096019511048	0.08199536788902463	-0.7045074554743819	-0.09494237522821793	-0.06838581848754408	0.03942656121944726	-0.008384542506172857	-0.2096054819052209	-0.03904962931034368	0.02304908232562089	0.09492894247158028	-45.44160550976159	-6.960176649578437	6.378078154487146	3.233694161271774	-531.5186790436281	-68.35086844895257	-31.50786342905258	0.05884758129327605	0.1569528109109619	-0.3041464962602036	-0.5098377489915464	0.5508079567986597	-0.1021289720857407	0.8211412412035436	-1.148023854353564	-1.14802385435359	-0.01144852272855324	0.1481773852972629	-0.4930832124170136	0.4154877273338556	8.155810523163124e-08	9.456235535466551e-07	-1.639528854970509e-07	1.956959932031117e-07	2.941778779228606e-08	5.246908998539485e-07	1.005427634659191e-07
1.51	-0.1535028830447129	0.08555817155555667	0.8241713678553854	0.6170688882259833	-0.4398808625578768	-0.2926053425274162	-0.1928974881864368	0.6548750933963591	0.6548750933963809	-0.1683452553340597	-0.1580267064888471	0.2274604711982767	0.03495448570939702	0.1168746146547157	0.05058269809399572	0.2890319843866226	-1.179389966990254	0.2678535819404044	-0.637124739147392	0.3587160288867908	-1.661719490974378	-1.661719490974398	-0.01641365118392247	0.08315058270812078	-0.7091599898570879	-0.09083669672745943	-0.06589530405234992	0.03771589976734226	-0.008351087218732553	-0.2069812098071425	-0.03635584905239643	0.02259705823104495	0.09260632951245959	-44.50177535295067	-6.951351850340473	6.402864644741393	2.926674694351886	-529.5515993105236	-68.3862642074504	-32.22259552778259	0.05220036635587233	0.1531476381645968	-0.3412225471546251	-0.4104682437263902	0.5259083697450142	-0.08195821516999241	0.79076444991915	-1.004384526047512	-1.004384526049268	-0.0161280519062464	0.09670658733745834	-0.4362750079034661	0.4100571849309609	6.556084999818383e-08	9.898435686192818e-07	-9.580471006714369e-08	2.096831000773507e-07	1.089652517185843e-08	5.054841277815245e-07	9.489217561431332e-08
1.52	-0.1523315841861944	0.08607157988237293	0.82704405652373	0.6052561946079568	-0.4371761583878974	-0.2989791649830785	-0.189271389428578	0.638209974666878	0.6382099746669037	-0.1685101750900483	-0.1571898394151935	0.2203481203972123	0.03406696689792182	0.1173769395125121	0.05209163300957119	0.2854463479062208	-1.182979267244095	0.2730609256585522	-0.6375474659084338	0.3664484210169066	-1.671069631851191	-1.671069631851222	-0.01657428877068236	0.08420631981208251	-0.7132099825080362	-0.08665304728733647	-0.06340478961718088	0.03600523831524327	-0.008317631931324794	-0.2043569377090615	-0.03366206879444485	0.02214503413648011	0.0902837165533117	-43.56887454004281	-6.941959787343017	6.428299086508303	2.615899685179667	-527.7017105532917	-68.45161827173352	-32.925696464574	0.04880689596053131	0.1484987208572505	-0.3754259791012137	-0.3066504207578249	0.5184706921232972	0.009252927204775096	0.7547792395978399	-0.8666233396297368	-0.8666233396297603	-0.01503784231812613	0.1282818422703814	-0.3725748660654604	0.4310819152067518	5.08272100032008e-08	1.031311002222154e-06	-3.818266997448433e-08	2.225101672672635e-07	-5.901403521248179e-09	4.886773702498235e-07	9.037035544822651e-08
1.53	-0.1511555828580128	0.08659984006893406	0.8298791340006484	0.5934128455448879	-0.4344202141038471	-0.3053546561564678	-0.1855696156466058	0.621458568286448	0.6214585682864603	-0.1686766191844378	-0.1563431005087955	0.2131983484188568	0.03322169576843743	0.1178141645675542	0.05355048302458501	0.2815136605677329	-1.18551450794087	0.2780970374172552	-0.6374605537967055	0.3738448650768857	-1.678965242851142	-1.678965242851155	-0.01671453063622641	0.08512249697313905	-0.7166396010158583	-0.08238972760334094	-0.06087159624219575	0.03433726909455417	-0.008312114490409526	-0.2017031492185954	-0.03089074804509182	0.02156697394913383	0.08792187596778421	-42.61544146376036	-6.87354773877871	6.435325580376027	2.322060600697327	-525.8418445569214	-68.40526527576306	-33.61379593081621	0.0397775412966327	0.1431380124606915	-0.4105189238490045	-0.2005870911221523	0.4914298281362979	0.02201579060252815	0.7228564441407243	-0.7140868264809677	-0.7140868264781465	-0.01334871235417971	0.07044404296394519	-0.3123983575955808	0.4254982263452731	3.743616119908614e-08	1.069853818013412e-06	8.255351322349313e-09	2.341046922925796e-07	-2.086828991657625e-08	4.744206281676408e-07	8.704785094800357e-08
1.54	-0.1499754898330758	0.08714240072977272	0.8326732188416566	0.5815494188354524	-0.4316148590201302	-0.3117265571212498	-0.1817957215330462	0.604635594426759	0.6046355944267581	-0.1688444319682309	-0.1554877681527898	0.2060174316525325	0.03241936608206306	0.1181952788634156	0.05495172786508025	0.2772478207241901	-1.186994796517044	0.2829430855916547	-0.6368294241871489	0.3808724873345761	-1.685383127703218	-1.685383127703212	-0.01684802664903443	0.08592500973182046	-0.7194389401018805	-0.07806475866537256	-0.0583384028672327	0.03266929987387401	-0.008306597049552304	-0.1990493607281221	-0.02811942729573278	0.02098891376180373	0.08556003538223005	-41.66997968118127	-6.804734258152811	6.443424257710946	2.02652389535529	-524.1157515000052	-68.3905783607065	-34.28340828316101	0.03758474412442442	0.136977685953525	-0.4420564801121989	-0.09565999663780526	0.4804579752625938	0.1180964267704493	0.6810148791400905	-0.5710781100546265	-0.5710781100546088	-0.01368867177090843	0.1055489617953544	-0.2465189817054831	0.4434117660013256	3.300681155216765e-08	1.091875012025529e-06	1.201985984990986e-08	2.387552455213356e-07	-2.299748905831073e-08	4.749369692264156e-07	8.792864042753143e-08
1.55	-0.1487918514884111	0.08769867976368219	0.8354230347916306	0.5696764043576268	-0.428762070501952	-0.3180893304806912	-0.1779534984761801	0.5877558480845465	0.5877558480845417	-0.1690137126725386	-0.154624907460033	0.1988116936944823	0.03166051861933279	0.1185212737900097	0.05629326439196683	0.2726647604253343	-1.187429288961705	0.2875782659634628	-0.6356348181594936	0.3875037439323439	-1.690311576252709	-1.690311576252712	-0.01700732067088417	0.08662892462899978	-0.7215988382878469	-0.07369631467230664	-0.05569507662947249	0.03071363891303228	-0.008345199677979365	-0.1965256620159608	-0.02518030634104517	0.02046953465897442	0.08311639388669653	-40.67011363557825	-6.774527205802518	6.461784190755486	1.689843131570065	-522.4073423701676	-68.48831368746345	-34.93091607190799	0.02841173775542487	0.1311661660910841	-0.4740227917531888	0.009447139856474033	0.4494876968355659	0.133790803650627	0.6439240341908399	-0.4155629208882197	-0.4155629208895694	-0.01676618414930253	0.0500652187221385	-0.1842189546313776	0.4346570338092305	3.890289789071373e-08	1.09486042442255e-06	-3.338293981321109e-08	2.354051355931857e-07	-1.033543984264469e-08	4.924744712954232e-07	9.365235557938061e-08
1.56	-0.1476052922203139	0.08826805906886746	0.8381255017412199	0.5578044031570004	-0.4258640422543158	-0.3244374281572774	-0.1740470142565181	0.5708344503181427	0.5708344503181331	-0.169184529600431	-0.153755557125284	0.191587658011055	0.03094557486010334	0.11877946354974	0.05757178212023937	0.267778020647244	-1.186792141076901	0.2919910314830928	-0.633894287616335	0.3937247198939403	-1.693713412541874	-1.693713412541886	-0.01715527136302418	0.08722293812789433	-0.7230984851773794	-0.06928401796524042	-0.05305175039172827	0.02875797795220154	-0.008383802306478755	-0.1940019633037881	-0.02224118538635029	0.01995015555616465	0.08067275239113993	-39.67776862397939	-6.743247764999285	6.480252997344266	1.349848299479277	-520.8267099756667	-68.61709693271661	-35.55265465439531	0.02402371075167567	0.124373926230704	-0.5027923759591092	0.1186680692551427	0.4359750048269831	0.2272813298710877	0.5989587519058094	-0.2657556579894443	-0.2657556579894235	-0.01142000582895	0.08356868213839662	-0.1144687224186982	0.452182308801384	3.739596516939779e-08	1.104637024755052e-06	-4.713760440321878e-08	2.360635245410329e-07	-7.751672068096149e-09	4.959446591810042e-07	9.574355070634741e-08
1.57	-0.146416539709959	0.08884988306057924	0.8407776261724632	0.545944239116619	-0.4229230446103932	-0.3307654937759098	-0.1700803874934431	0.5538868058529545	0.553886805852933	-0.1693567166142475	-0.1528809128804001	0.1843519760709295	0.03027496109844925	0.1189593644825524	0.05877970221973505	0.2626013714176837	-1.185057615841033	0.2961656787540272	-0.6316273189550435	0.3995254497751229	-1.695550732454548	-1.695550732454554	-0.01728192864052564	0.08768717032063783	-0.723924475461967	-0.06483521368980195	-0.05037157760357164	0.02684742228344944	-0.008453612012748583	-0.1914691443559607	-0.01921358725411452	0.01929859431151229	0.07820003170285476	-38.66362147316016	-6.651119036932493	6.48072752941329	1.025172344192497	-519.2699405914641	-68.63396695944238	-36.14490124093599	0.01319023482497784	0.1170529507180274	-0.5319300302969172	0.2282672141032126	0.4016651053823638	0.2402108323576578	0.5593526643723225	-0.1030263285146262	-0.1030263285137291	-0.01308313043591037	0.02502770256184654	-0.04961735920013892	0.4415794359356207	2.663525862325439e-08	1.122902610006905e-06	-2.133210015183527e-08	2.417325370838761e-07	-1.776575609494434e-08	4.818307043373022e-07	9.329409580221131e-08
1.58	-0.1452263448002196	0.08944339663306775	0.8433766183446423	0.5341069048212653	-0.4199416093903295	-0.3370681284683088	-0.1660580089199274	0.5369287269545194	0.5369287269544858	-0.1695301291091948	-0.1520021908706356	0.1771114435924143	0.02964890536935375	0.1190679434265198	0.05990969827558566	0.2571515688344277	-1.182226192071147	0.3000785467111867	-0.6288081023697719	0.4048750819822188	-1.695800299191552	-1.695800299191552	-0.01740036758703292	0.08803849110216085	-0.7240685928554086	-0.06037241145354191	-0.04769140481542888	0.0249368666147046	-0.008523421719074083	-0.1889363254081246	-0.0161859891218735	0.01864703306687305	0.07572731101455082	-37.65766104293932	-6.558145546582439	6.481740396154128	0.6984359735663076	-517.8514017171456	-68.68300594952005	-36.7039665303774	0.009759312982707123	0.108789117501679	-0.5574230466982393	0.3380477760587027	0.3836191420720063	0.3377309146671061	0.5087392170884565	0.05179497714448655	0.05179497714448249	-0.009776339630097716	0.06098639989429678	0.02190585581047898	0.4549819009656955	2.256628586366924e-08	1.130699200520643e-06	-1.920793155471365e-08	2.418397426307941e-07	-1.416288346075162e-08	4.776394075634363e-07	9.287143649547383e-08
1.59	-0.1440353668965042	0.09004781097572356	0.8459198208355961	0.5223032544433287	-0.4169224076165805	-0.3433397774272412	-0.1619845349180267	0.5199760751958532	0.519976075195839	-0.1697047731436547	-0.15112046062529	0.1698728848201236	0.02906750148159052	0.119111497024584	0.06095854781108709	0.2514486949310409	-1.178313117064709	0.3037135093023957	-0.6254331829042865	0.409741011825406	-1.694453725527158	-1.694453725527158	-0.01752311406357302	0.08828610651118673	-0.7235240222957349	-0.05590673315886391	-0.04492711785410815	0.02283668651247215	-0.008638136853836919	-0.1865109087566146	-0.01300464278410125	0.01800288225901841	0.07319667857079447	-36.60566810205319	-6.476137989371578	6.484144092652149	0.344143894432286	-516.4854629338789	-68.78387834764104	-37.22635540342753	-0.0007996885281646787	0.1007854977134779	-0.5827505098008714	0.4465178777654922	0.3460754593616602	0.3507324868872833	0.4637138820930461	0.2175182958663641	0.2175182958663404	-0.01255577186047496	0.003405517552013186	0.08863527588617871	0.442436710470974	2.757895181441262e-08	1.124287869604081e-06	-4.922271848837423e-08	2.343987815403853e-07	7.92014464199559e-09	4.869145753129184e-07	9.51994283566343e-08
1.6	-0.1428444440711571	0.09066228433896219	0.8484047883979876	0.5105444509184209	-0.4138683280885759	-0.3495750051866386	-0.1578647628148628	0.5030451751207888	0.5030451751207923	-0.1698804510369279	-0.1502369029446161	0.162643352277398	0.02853076956012452	0.119056927752788	0.06192150239214861	0.2455045831219763	-1.173256821465108	0.3070540975622557	-0.6215238624628794	0.4141347022349609	-1.691449962471585	-1.691449962471586	-0.01760713934789335	0.08840397816602251	-0.7222633469424468	-0.05143801819410133	-0.04216283089279968	0.0207365064102436	-0.008752851988652454	-0.184085492105097	-0.009823296446325539	0.01735873145117141	0.07066604612702317	-35.55994450525407	-6.393057897011726	6.486406211365756	-0.01612234538044972	-515.2296021023853	-68.91217447052458	-37.71386887549713	-0.009865260989291472	0.09161012661368365	-0.605670627833804	0.5666918946911568	0.3247442758022144	0.4446111098514357	0.4142913303620095	0.3832328553801036	0.3832328553800943	-0.002032101186128573	0.03503764905626987	0.1651268145333704	0.4555892349826071	3.671458556204756e-08	1.112538244256326e-06	-9.28444936966432e-08	2.242742979933477e-07	3.761896467647903e-08	5.03238970979242e-07	9.884289458040568e-08
1.61	-0.1416543992666739	0.0912859467220713	0.8508292048961899	0.498841621096976	-0.4107823936740264	-0.3557683069134811	-0.1537036695352459	0.4861524529858846	0.4861524529858873	-0.1700570257617278	-0.1493526287891542	0.1554299499088045	0.028038624083485	0.1189344788255638	0.06279464200145415	0.2393445147095672	-1.167115556687141	0.3100777072826956	-0.6170485546235939	0.4179990287272608	-1.686809432895583	-1.686809432895594	-0.01770203859358957	0.08842846685336581	-0.7202944552222689	-0.0469940277560745	-0.03934456162150594	0.01854301156323411	-0.008908560138451191	-0.1817711953708017	-0.006535848964128632	0.01668127078379938	0.06810102922993007	-34.48868608278073	-6.297357382260818	6.483657321001592	-0.3766808410014832	-514.0841244952215	-69.04443118219665	-38.1679013141913	-0.0160970683876001	0.08275634669462051	-0.6262844649010525	0.6668516245705854	0.2828128221921237	0.4622764184416817	0.35976456452725	0.5471961773048735	0.5471961773032706	-0.0122008268607593	-0.01725454115885872	0.2312025290843075	0.4382133909720392	5.193159681009748e-08	1.09291463462256e-06	-1.565365766099593e-07	2.101916188227822e-07	7.855107781027332e-08	5.299609778229065e-07	1.044266854890281e-07
1.62	-0.1404661114234227	0.09191785859499457	0.8531909988068767	0.4872060054943534	-0.4076678944618674	-0.3619141984024352	-0.1495064807395338	0.4693146827804601	0.4693146827804615	-0.1702343458771088	-0.1484687915507604	0.1482399228930777	0.02759080039977757	0.1187055355063938	0.06357140035498299	0.2329800656188932	-1.159813977700329	0.3127670570842247	-0.6120418148853257	0.4213538054540914	-1.680459576575796	-1.680459576575818	-0.01775621746326194	0.08831659475141944	-0.7175882763691186	-0.04257365960767532	-0.03652629235022627	0.01634951671622634	-0.009064268288279656	-0.1794568986365031	-0.003248401481929826	0.01600381011643096	0.06553601233282223	-33.42049209449095	-6.200894615230397	6.480529834224313	-0.7504084593751698	-513.0012612936939	-69.19807377391358	-38.58846821652273	-0.03116413937840925	0.07233387545832698	-0.6465467634868146	0.7987547364603478	0.2578922920200592	0.5508974896479251	0.3123813772681611	0.7250982041372175	0.7250982041371465	0.006111974018658263	0.007765491198330953	0.3125842411278527	0.4508647770570745	6.598901888862685e-08	1.070810058836007e-06	-2.140913070720103e-07	1.961588038179351e-07	1.181722917880149e-07	5.529829970969449e-07	1.0908861955259e-07
1.63	-0.1392805020452903	0.09255704661755751	0.855488222140679	0.4756489255609767	-0.4045282389488432	-0.3680072170388141	-0.1452785283472466	0.4525488189247711	0.4525488189247794	-0.170412201148517	-0.1475865597515405	0.1410805930905411	0.02718697054415659	0.1183971612005446	0.06424832930056626	0.2264367069831408	-1.151405588604613	0.3151021682838423	-0.6064735969637813	0.4241457471064191	-1.672419523782339	-1.672419523782383	-0.01780857419979074	0.08810733310463871	-0.7141514004074195	-0.03819958706389986	-0.03365283176398834	0.01406441899341135	-0.009263299161974796	-0.1773066841827886	0.0001586377010710601	0.01529701024544129	0.06293813042319711	-32.32593272844621	-6.093340938760984	6.472246341020349	-1.122112696529482	-512.0851051001731	-69.36309965440599	-38.97600507725009	-0.03357761505042628	0.06272584090758915	-0.662378624671307	0.8913179601516233	0.2119607714242237	0.5731358303150728	0.2489616747094974	0.8874865747766618	0.8874865747732998	-0.009833826182446928	-0.03870670981813535	0.3782125980927884	0.429458553910684	7.818499519503097e-08	1.044722879488403e-06	-2.617939717570296e-07	1.822060339212149e-07	1.556891676468289e-07	5.700655626407942e-07	1.12270730785923e-07
1.64	-0.1380985571179892	0.09320247461693612	0.8577191822459134	0.4641818169113607	-0.4013671042763255	-0.3740418831185954	-0.1410253843153375	0.4358721611485809	0.4358721611485979	-0.1705903648530284	-0.1467071075122295	0.1339594267125017	0.02682663742614784	0.117972645340205	0.06481939571812034	0.2197274199053126	-1.141819720947924	0.3170628889831246	-0.6003713035659424	0.4263921333785233	-1.662618360675814	-1.66261836067588	-0.01781790408407275	0.0877606827697831	-0.7099555914696464	-0.03387431208520914	-0.03077937117775918	0.01177932127059632	-0.009462330035668862	-0.1751564697290751	0.003565676884072415	0.01459021037445178	0.06034024851356356	-31.23158284942318	-5.985249493435272	6.463305524732798	-1.513448646933022	-511.1893029489058	-69.54345320865428	-39.33137540430459	-0.05439245027646483	0.05116136985247604	-0.6797324519019676	1.034250448654643	0.1830141919529938	0.6577125849068538	0.2032703012234977	1.077320266750837	1.07732026675084	0.0147173444680312	-0.01971224641665125	0.4643708363426872	0.44110526404012	9.130987326725654e-08	1.015596566199398e-06	-3.104329400504215e-07	1.673610327180251e-07	1.95605645962297e-07	5.876103014173345e-07	1.153949642517179e-07
1.65	-0.1369212665277115	0.09385307656532731	0.8598823223495647	0.4528161152165735	-0.3981882949011377	-0.3800126810572446	-0.1367527669132263	0.419302132134974	0.4193021321349705	-0.1707686091267601	-0.1458315643087691	0.126883942427173	0.02650921848612745	0.117464571348433	0.06528164589603569	0.2128791977886254	-1.131121347967041	0.3186304853348908	-0.5936995275330987	0.4280348458624239	-1.651085328572484	-1.651085328572567	-0.01782341440444488	0.0873257091826574	-0.705011529460288	-0.02962075734571162	-0.02785746078886767	0.009403237992390902	-0.009704630160515771	-0.173206641740046	0.007078564705434759	0.01386854607547292	0.05771662201579579	-30.11831041519585	-5.871190076585032	6.450184994663393	-1.89480388547921	-510.5147551688946	-69.75089239173289	-39.65582316629236	-0.05217332934692429	0.04088266865443396	-0.6905238097283013	1.117500307106866	0.1332983170323249	0.6853362858369056	0.1302965448106971	1.236587622604135	1.236587622601616	-0.006939214454479548	-0.0588158101260977	0.5289146509732199	0.4156822772080246	1.060603294296693e-07	9.811517685129405e-07	-3.607104396584634e-07	1.509546267285139e-07	2.397214285769086e-07	6.059638433510839e-07	1.184179116243209e-07
1.66	-0.135749688368496	0.09450772618087633	0.8619763488884138	0.4415633711684542	-0.394995876370385	-0.3859140760008919	-0.1324666174217086	0.4028564920304926	0.4028564920304737	-0.1709466593025212	-0.1449610560202417	0.119861796915486	0.02623397543316256	0.1168301591278878	0.06562892914968903	0.2059047069448851	-1.119228191614088	0.3197847200964138	-0.5864907045657047	0.4290985512598188	-1.637740578849951	-1.637740578850051	-0.01777908449140492	0.08675369978490911	-0.6992878367412981	-0.02543913467407654	-0.02493555039998281	0.007027154714182792	-0.009946930285319179	-0.171256813751025	0.01059145252679534	0.01314688177648912	0.0550929955180241	-29.00202865186523	-5.756862708732754	6.43611463520746	-2.303331129586408	-509.8129531654962	-69.96667512529184	-39.95095456706181	-0.07966009603109431	0.02816798500006081	-0.7049861973126162	1.273207123068726	0.1003418739043353	0.7651219718168963	0.08746888392239109	1.439663790591343	1.439663790591376	0.0246853911504619	-0.04711940854117552	0.6202969782689203	0.4267188504676249	1.214495864549871e-07	9.450266676722475e-07	-4.109082596433723e-07	1.341001853960505e-07	2.856344119569001e-07	6.246694222256935e-07	1.213774573410002e-07
1.67	-0.1345848974719941	0.09516526962916863	0.8640001047078425	0.4304351439770924	-0.391794047089448	-0.3917405105496157	-0.1281730006849979	0.3865531232720162	0.3865531232719963	-0.1711242408568178	-0.1440966813907161	0.1129006938153394	0.02600007794665929	0.1161045738296605	0.06585910784313026	0.1988314776051383	-1.106214838292655	0.3205052084921947	-0.5787072672024107	0.4295240747460081	-1.622622745705682	-1.62262274570573	-0.01773002087515508	0.0860983361588859	-0.692800016699836	-0.02135671968282377	-0.02196986198716404	0.004580402391859464	-0.01023264690409545	-0.1695475968206629	0.01421445995549305	0.01240554052472997	0.05244925151928983	-27.86915643002311	-5.633523688164287	6.416756465909273	-2.69465539750125	-509.3858442388712	-70.20610470013506	-40.21869282451025	-0.07254388701589279	0.01736579222740701	-0.7106645264820469	1.345745737350276	0.04647461500865859	0.7984159682371093	0.004985880549898432	1.594381920006493	1.594381920014294	-0.003809924794948371	-0.07828445739687538	0.6829698217155643	0.3964671052299349	1.380600804240938e-07	9.056892225661032e-07	-4.609537509369973e-07	1.163892059079429e-07	3.349832203295299e-07	6.440480128990068e-07	1.242157940095899e-07
1.68	-0.133428069656535	0.09582449946053762	0.8659526935890385	0.4194431195790776	-0.3885872984660365	-0.3974864184547758	-0.1238781503535086	0.3704102406137113	0.3704102406136943	-0.171301097129273	-0.1432395683210131	0.1060084579765332	0.02580649746642348	0.1152375429195427	0.06596620576502794	0.19167131929833	-1.091987632944431	0.3207685885917265	-0.5703853758530595	0.4293452702155051	-1.605643358814943	-1.605643358814939	-0.01763402812519608	0.08530138782230377	-0.6855143844731464	-0.01737573342053871	-0.01900417357435444	0.00213365006952789	-0.01051836352282461	-0.1678383798903141	0.01783746738418492	0.01166419927295683	0.04980550752055523	-26.72982208751657	-5.510309530510507	6.396269236212898	-3.121641707040594	-508.8804765390428	-70.44635669396358	-40.46123604450639	-0.1079492184091608	0.003551830691334222	-0.7223719907249181	1.515977528426967	0.008920214654500857	0.8728127690283679	-0.0333967194160299	1.81197453988528	1.811974539885263	0.03407121789230452	-0.07543635065296361	0.7798594153143787	0.4064331046740779	1.529036327120844e-07	8.639900533648326e-07	-5.038791442269663e-07	9.908382519254745e-08	3.810232627051018e-07	6.58447463101943e-07	1.260485961268692e-07
1.69	-0.132280417954957	0.09648418319210429	0.8678333530902449	0.4085990281595004	-0.3853802440311063	-0.4031462163739195	-0.1195883915225037	0.3544461989792565	0.3544461989792503	-0.1714769337505696	-0.1423908222584261	0.09919297001928352	0.0256521342218744	0.1142713743992584	0.06594891818544982	0.1844528644547571	-1.076633682617314	0.3205595257217567	-0.5614813041178095	0.4284970266186873	-1.586852642104305	-1.586852642104254	-0.01752906975444257	0.08442985016063891	-0.6774498247243218	-0.013519043925217	-0.01600229091552917	-0.0004278944392163777	-0.01084574040930842	-0.1664057862235468	0.02153469203753581	0.01095801285317597	0.04714905679308243	-25.58731692766587	-5.400523150034484	6.375186097902574	-3.522539622374039	-508.7089302032741	-70.76585198555594	-40.68101741705289	-0.09417974865023228	-0.007598175099170532	-0.7226502252626067	1.574639206944622	-0.04825784820096055	0.9132622782637052	-0.1269585848049596	1.959444015211036	1.959444015218029	-0.0005874276091765458	-0.09582360926925775	0.83979107625378	0.3719065833552032	1.640476508552381e-07	8.173460243393915e-07	-5.318968323217805e-07	8.262766690751773e-08	4.201355762743335e-07	6.624218379450273e-07	1.257760602773425e-07
1.7	-0.1311430737545456	0.09714304822331185	0.8696416144441976	0.3979143833276111	-0.3821777678869543	-0.4087141619952118	-0.1153103992084647	0.338679429267618	0.3386794292676241	-0.1716515799030082	-0.1415513537995292	0.09246213502383933	0.0255356618145571	0.1131760426864899	0.0658024656932065	0.1771916898476078	-1.060098315406574	0.3198529304366602	-0.5520149162829452	0.426991966822257	-1.566188974251347	-1.56618897425125	-0.01739593435473402	0.08344586708513399	-0.6685837921120071	-0.009797565974136663	-0.01300040825670727	-0.002989438947966255	-0.01117311729577245	-0.1649731925567869	0.02523191669088248	0.01025182643338567	0.04449260606561247	-24.43550758608189	-5.290931750025877	6.352496764760114	-3.96594120517156	-508.4173562560807	-71.07860984210528	-40.87930694062693	-0.1337818569059821	-0.02228115184171735	-0.7309159434401994	1.75226090515154	-0.09058626837084398	0.9852759889512005	-0.1647599593384947	2.186564768349375	2.186564768349332	0.03970662368331733	-0.09792543342097632	0.9401539880123466	0.3793907958257992	1.672735826284156e-07	7.745776400502235e-07	-5.365240174177714e-07	7.041168317958706e-08	4.422312512357933e-07	6.515588568483981e-07	1.228540572398875e-07
1.71	-0.1300173850890789	0.09779979099711988	0.8713771066147037	0.3874010892902623	-0.378984865433408	-0.4141846841552041	-0.1110507481729046	0.3231287538431365	0.3231287538431277	-0.1718246381174848	-0.140722299399509	0.08582400837936616	0.02545575479224344	0.1119395334593497	0.06552341392322053	0.1699055172703766	-1.042363904918357	0.3186368376663278	-0.5419970260161807	0.4248221509280712	-1.543627417769582	-1.543627417769504	-0.01721457998350196	0.08234543803945352	-0.6589064566018457	-0.006212345955297553	-0.00995217187433569	-0.005566845521169337	-0.01154516859836678	-0.1638300122112149	0.02908118669329189	0.009494376142956845	0.04181551386283765	-23.25869650721294	-5.158771814069123	6.320860337357938	-4.388102720211812	-508.4575840346457	-71.38593979060897	-41.05334179036014	-0.1219262625971792	-0.03410522511998505	-0.7275693691085635	1.813507260960924	-0.150758785764813	1.024023470261076	-0.260505808683888	2.338733544936395	2.338733544933649	0.007587202686655084	-0.1191357346326414	1.001810850570471	0.3437499469423321	1.522879157506467e-07	7.407232386544844e-07	-4.87353045616466e-07	6.794810093298466e-08	4.251886573993756e-07	6.065699570904266e-07	1.138382796701972e-07
1.72	-0.1289047296772812	0.0984530656461195	0.8730397167685886	0.3770710345858557	-0.3758068515084486	-0.4195522318275832	-0.1068162779771312	0.3078132504748401	0.3078132504748196	-0.1719958353164794	-0.1399048561088468	0.07928671259360502	0.02541083243852379	0.1105693919530451	0.06510884073152076	0.1626152865233736	-1.02345044881797	0.3168752247199815	-0.5314200187605364	0.4219557988648741	-1.519154563013962	-1.519154563013903	-0.0170237312585319	0.08112364521413111	-0.6484176203695874	-0.002800632255284295	-0.006903935491950303	-0.008144252094370886	-0.01191721990094593	-0.1626868318656407	0.03293045669570276	0.008736925852530454	0.03913842166007292	-22.07335357302363	-5.026669113584951	6.287592804263896	-4.849520344975728	-508.3879592284244	-71.68511835018376	-41.20314555310843	-0.1605083127388444	-0.04938543618448756	-0.731727577394548	1.988070027585722	-0.1996903035736584	1.097099386727221	-0.304067193140755	2.568824423120322	2.568824423120276	0.04160549443091767	-0.1221981893493654	1.102454132431699	0.3446895320606236	1.412025875889234e-07	7.021190825782654e-07	-4.484746504254289e-07	6.303549919589657e-08	4.159736814993091e-07	5.672724540475716e-07	1.058398084103008e-07
1.73	-0.1278063952224409	0.09910151025851606	0.8746294776565217	0.3669359221838934	-0.3726491704409919	-0.4248111493205181	-0.1026140765403147	0.2927519871755311	0.2927519871755241	-0.1721649821754035	-0.139100088080221	0.07285835981693535	0.02539919494456024	0.1090728159281863	0.06455632982996602	0.1553416508276035	-1.003369579933577	0.3145665045519098	-0.5202729548122296	0.4183635291111147	-1.492769272072532	-1.49276927207256	-0.01679606882092767	0.07980818579920466	-0.637113519860537	0.0004447527500959202	-0.003812281581848724	-0.01082672509951023	-0.01233201267806087	-0.1618288729446656	0.03688493728271548	0.008018845752109122	0.0364437244959187	-20.87433639518352	-4.910846389284864	6.253250292079738	-5.294812594652758	-508.6464638102195	-72.06477275238264	-41.32905350238925	-0.1479499527808609	-0.06173796255578742	-0.724380711359435	2.048453734712882	-0.2606581644361907	1.137183427335335	-0.4049507745663359	2.722685860989813	2.722685860976473	0.01483557165983419	-0.1395775551156124	1.165323316383353	0.3101573845887871	1.400074040286014e-07	6.514709057051146e-07	-4.356952887818573e-07	5.191288375079125e-08	4.266073082235618e-07	5.424067069609045e-07	1.004209352930957e-07
1.74	-0.1267237700689357	0.09974371895281411	0.8761466623583589	0.3570076901539454	-0.3695174156334222	-0.4299558614682784	-0.09845142658264969	0.2779644376718977	0.2779644376719145	-0.172331554619304	-0.1383091461932652	0.06654723510660453	0.02541915018061264	0.1074275316864691	0.06386165711182211	0.1481000493041745	-0.9820743744153118	0.3116899727433479	-0.5085789497258066	0.4140455030344419	-1.464411803877688	-1.464411803877806	-0.01650884825393906	0.07835841688222604	-0.6249720071018213	0.00351791374795847	-0.0007206276717058707	-0.01350919810464377	-0.01274680545511665	-0.1609709140236832	0.04083941786973433	0.007300765651697376	0.03374902733179229	-19.66570908821467	-4.794920633411998	6.216852332764788	-5.781291505968161	-508.7789257232263	-72.43119256509382	-41.43140758703574	-0.1902499561105155	-0.07781779950232137	-0.7253207429263406	2.230937354360172	-0.3132526316717054	1.206487614350439	-0.4492184577234519	2.963259873802808	2.963259873802783	0.05351712030779112	-0.1490600897598011	1.269936582364725	0.3102447305570856	1.396890833956339e-07	5.994950165012839e-07	-4.248913470960325e-07	4.038393983520111e-08	4.382261342336012e-07	5.187423928457307e-07	9.521808643231314e-08
1.75	-0.1256582632171574	0.1003782716549748	0.8775916650727409	0.3472983050469848	-0.3664172764278859	-0.4349807676958616	-0.09433572863353321	0.2634702024302933	0.2634702024302897	-0.1724949633930158	-0.137533161170517	0.06036167633344877	0.02546896196736402	0.1056469474477184	0.06302474463305099	0.1409108612949128	-0.9595982207969165	0.3082375508363433	-0.4963113556606589	0.408968964684007	-1.434099881525238	-1.434099881525276	-0.01616263489863159	0.07681622876706531	-0.6119978108949264	0.006412516775491145	0.002412646198513219	-0.01625380850748954	-0.01320395319913155	-0.1604153168342204	0.0449432752486527	0.006588148639998084	0.03104063089607063	-18.4310394609465	-4.681650392650518	6.1759918267773	-6.257174082815449	-509.2482018370697	-72.84426172117415	-41.5106166981856	-0.1760082813158635	-0.09024515199367625	-0.7140699697620354	2.286612994025294	-0.3762964914134141	1.250623157431317	-0.5556398394178576	3.11544542583275	3.115445425844807	0.0267493047369113	-0.1602387124815864	1.332472720392625	0.2742468988076338	1.418327240587002e-07	5.437913195997744e-07	-4.196337768300355e-07	2.771415059863429e-08	4.526110966998882e-07	4.984513328428263e-07	9.062176721456305e-08
1.76	-0.1246113713324803	0.101003731796362	0.878965105479063	0.3378198132018987	-0.3633546733456632	-0.4398802524118259	-0.09027454973106258	0.2492891438141787	0.2492891438141654	-0.1726545948608433	-0.1367732861369568	0.05431012183846972	0.02554675554638172	0.1037045382666331	0.06204314495712479	0.1337875876921998	-0.9358957220406717	0.3041827480814007	-0.4834946474021379	0.4031416937049976	-1.401776478778122	-1.401776478778079	-0.01575338707954121	0.07513641904841105	-0.5981711514664022	0.00911427220127361	0.005545920068760413	-0.01899841891034698	-0.01366110094304705	-0.1598597196447723	0.04904713262756361	0.005875531628279681	0.02833223446038468	-17.18533889484432	-4.568299819930776	6.132821177139109	-6.777145468519585	-509.5701361856779	-73.2385752977535	-41.56714384528794	-0.2226149445774375	-0.10675523893334	-0.7121378616165956	2.476206381930068	-0.4337288012593447	1.31631045302511	-0.5993649834383453	3.365555952736031	3.365555952736065	0.0661240130643645	-0.1765844104585048	1.440429226690597	0.2716752102070375	1.447970120980405e-07	4.867767493650365e-07	-4.158254579538419e-07	1.46179397721058e-08	4.682283776078627e-07	4.79044760565439e-07	8.617873170827923e-08
1.77	-0.123584603599741	0.1016186591469188	0.880267714977464	0.3285842292791425	-0.3603356418729225	-0.4446486342872734	-0.08627556742882399	0.2354411880880506	0.2354411880880518	-0.1728098655451224	-0.1360306133358292	0.04840103314375845	0.02565056979665581	0.1016194172531876	0.06091810781084781	0.1267495555431232	-0.9110146242124625	0.2995172159419049	-0.4700890187029088	0.3965264855782518	-1.367473445895931	-1.367473445895891	-0.01529149027109141	0.07337630870788675	-0.5835024779303728	0.01161256591496935	0.00871547982317428	-0.02181567631638712	-0.01415728037281525	-0.1596142919353174	0.05329806048951079	0.005186592673788788	0.02561504270496635	-15.9139909728008	-4.465212621972718	6.086133979411408	-7.28705210076682	-510.2337003142331	-73.69501495649138	-41.60156894868662	-0.2059067729789419	-0.1190127606185134	-0.6972487905549382	2.525027356222787	-0.4989128184244842	1.366675740684448	-0.7118409019548303	3.513844212465751	3.513844212465234	0.03762542837953718	-0.1790819680812322	1.501722534427364	0.2334918375538596	1.503258231882371e-07	4.256656999639596e-07	-4.165460496707841e-07	1.891614769470713e-10	4.876966536461106e-07	4.624022124302925e-07	8.221470780032757e-08
1.78	-0.1225795762957879	0.1022216091643841	0.8815004215745738	0.3196036495092591	-0.3573664552012065	-0.449280162543265	-0.0823465856427836	0.2219464961420394	0.2219464961420537	-0.1729602366785661	-0.1353062131625708	0.04264295840788039	0.02577828406118721	0.09935645250972042	0.05964767833884545	0.1198070074339597	-0.8848948914659842	0.2942137878772275	-0.4561239235111768	0.3891415904650193	-1.331123722753537	-1.331123722753503	-0.01477347691687846	0.07148189347809066	-0.5679683596996142	0.0138942750527838	0.01188503957757267	-0.0246329337224549	-0.01465345980250298	-0.1593688642259066	0.05754898835143191	0.004497653719250026	0.0228978509495712	-14.62973860194353	-4.362080873896828	6.036808417440658	-7.845362238163233	-510.7223405505995	-74.1261155861889	-41.61456819136821	-0.2581836905817997	-0.1358337040784162	-0.6930410536339454	2.723933365583897	-0.5613079862956671	1.428203751525698	-0.7533023807357007	3.774894004776574	3.774894004776046	0.07734732221697997	-0.2034453883128605	1.61351816563644	0.2283582950307702	1.565055856912324e-07	3.646173668377607e-07	-4.183359999404928e-07	-1.436732351023957e-08	5.083447052310259e-07	4.468384076599274e-07	7.845149049816955e-08
1.79	-0.1215979210108516	0.1028111406189984	0.8826642506372874	0.3108901149814418	-0.3544535029379584	-0.4537690529364949	-0.0784955072992178	0.2088252594177633	0.2088252594177715	-0.1731052370215577	-0.1346011215411774	0.03704444938350943	0.02592767619492026	0.09694167573410586	0.05823465014117727	0.1129780794151081	-0.8576039680231076	0.288264340552865	-0.4415631984916126	0.3809436181051287	-1.292777666358418	-1.292777666358396	-0.01422005482044396	0.06951184567930331	-0.5515880238726872	0.01594348632763536	0.01508762181859292	-0.02752383805214165	-0.01518601095714442	-0.1594507747438708	0.06195724355620174	0.003839692956313317	0.02017510582084586	-13.31682968013773	-4.272382882998151	5.983869957941834	-8.393849491014649	-511.5599603389316	-74.62537733761452	-41.60697828447093	-0.2380662810449636	-0.1476400126631374	-0.6748169513133243	2.762885111857614	-0.6285940159543641	1.483725946244186	-0.8726136850510866	3.916340228603027	3.916340228601478	0.04531199091978426	-0.1975519311397275	1.672123497625496	0.1871102004787085	1.649636781390226e-07	3.037885406736347e-07	-4.238687051448843e-07	-2.937078191952388e-08	5.331219712292771e-07	4.350502046662972e-07	7.53910963162892e-08
1.8	-0.1206414018156719	0.1033858212646257	0.8837603907647519	0.3024557323436949	-0.3516034113300476	-0.4581095922657129	-0.07473032248353684	0.1960978590117809	0.1960978590117762	-0.1732445086760568	-0.1339164838888751	0.03161411015868813	0.02609634197275488	0.09432923455875385	0.0566775165414409	0.1062692203841321	-0.8290645134514991	0.2816416568105976	-0.4264537107091539	0.3719628848878231	-1.252356459094361	-1.252356459094351	-0.01362773922149091	0.06739109966139499	-0.5343343997895742	0.01774900387313989	0.01829020405958882	-0.03041474238184777	-0.01571856211176019	-0.1595326852618716	0.06636549876094917	0.003181732193341234	0.01745236069213022	-11.98864290538858	-4.182771423765942	5.927988954716773	-8.99690588155741	-512.1882108361713	-75.09166611106008	-41.57977058749007	-0.2977165705293085	-0.1646547844920449	-0.6690272560588302	2.973639591330243	-0.6959552698766699	1.537956304104609	-0.909854552218707	4.189924178564302	4.18992417856374	0.08512602272067124	-0.233585032137054	1.788175816873668	0.1796195491613553	1.737851936889311e-07	2.435499102176517e-07	-4.298118751979719e-07	-4.436120467169028e-08	5.588860186705364e-07	4.239230287387397e-07	7.246685621274465e-08
1.81	-0.1197117916449763	0.1039442261324837	0.8847901100770864	0.2943125591817483	-0.3488228987091218	-0.4622960593346345	-0.0710591340877762	0.1837847099771646	0.1837847099771714	-0.1733777346886719	-0.133253432709306	0.02636055312966776	0.02628180372761237	0.09155700038139554	0.05497973466289056	0.09969688296710133	-0.7993572321375573	0.2743445315276153	-0.4107482045299236	0.3621405661330508	-1.20991898019327	-1.209918980193257	-0.0130089477877783	0.06519311406246794	-0.5162279303828335	0.01930144184744499	0.0215276888817892	-0.03336885810017667	-0.01628465509457912	-0.1599681021520821	0.07095662382777365	0.002549037153039506	0.01472093007735406	-10.62413190052858	-4.104814750462969	5.867479843991414	-9.591551821619873	-513.1680111703506	-75.62108480479927	-41.5341071678883	-0.2723438085163171	-0.1759125491701308	-0.6478782885497306	3.001218241648465	-0.7640084387693666	1.600644684930016	-1.038554756763442	4.323801265711436	4.323801265712222	0.05150315210174213	-0.2168855618552792	1.844262785010204	0.1367973602930029	1.840422304922064e-07	1.856425528088328e-07	-4.373763814034091e-07	-5.930013657824091e-08	5.885478528116789e-07	4.154069097221702e-07	7.008042471862654e-08
1.82	-0.1188109772094916	0.1044849386496296	0.8857547977544455	0.2864728480009829	-0.3461188407972822	-0.4663227119597427	-0.06749019572349448	0.1719065640355204	0.17190656403554	-0.1735045232972623	-0.1326131574333542	0.02129253685120175	0.02648153814995835	0.08857008751695306	0.05313904639900489	0.09326289338906271	-0.7683721172147185	0.2663507149942222	-0.3944908219467836	0.3515128785919998	-1.165355840498982	-1.165355840498964	-0.01234025841786101	0.06283591894015232	-0.4972262496786559	0.02060353737086635	0.02476517370397295	-0.03632297381850861	-0.01685074807734924	-0.1604035190423171	0.07554774889458851	0.001916342112728189	0.01198949946257496	-9.241449451999875	-4.02723304116379	5.803824794057045	-10.24932011196629	-513.8971075732063	-76.1086863372923	-41.47134360553392	-0.3406523079461584	-0.1932360615590987	-0.6413576882603987	3.229206313109624	-0.8352935199588359	1.648331584886542	-1.070928309474419	4.615056337203668	4.615056337203593	0.09510560996158167	-0.2654269368147651	1.967218076361083	0.1295510589845997	1.951055471461691e-07	1.279616283805297e-07	-4.46224021346679e-07	-7.454265893223416e-08	6.207704202734796e-07	4.081749269946093e-07	6.79156019624301e-08
1.83	-0.1179407563258398	0.1050065520077712	0.8866559163140223	0.2789486989554162	-0.3434981364070795	-0.4701837218536186	-0.06403199694198497	0.1604841355451119	0.1604841355451321	-0.1736244369624528	-0.1319967274436572	0.01641881925058594	0.02669301642688825	0.0854387525413746	0.05116007003788941	0.08698545984302837	-0.736240630505088	0.2576742835595585	-0.3776165873559068	0.3399844890484209	-1.118767101970007	-1.118767101969895	-0.0116234792506651	0.06042543069992139	-0.4773632626594873	0.02165447908176317	0.02802762180660173	-0.03934586856146407	-0.01744445659259431	-0.1612109590686024	0.08030348055281532	0.001333330310590505	0.009255111202032932	-7.828901048529067	-3.97051844531177	5.736711878118437	-10.8898466308522	-514.9982905124074	-76.6822702859976	-41.39403618622179	-0.304666140245302	-0.2037827172152566	-0.6170997518454022	3.237699121123844	-0.9011501254354012	1.72122609400776	-1.215152575989534	4.735182798938916	4.735182798952704	0.06276054131702184	-0.2326329619274763	2.018960038378946	0.08726798974731953	2.097971231282253e-07	7.129965236454673e-08	-4.608457631101955e-07	-9.115133829971909e-08	6.645162876782419e-07	4.067215575675873e-07	6.674801852688105e-08
1.84	-0.1171029072015211	0.1055076647435363	0.8874950278253246	0.2717523806311881	-0.3409676627652702	-0.4738731380620192	-0.06069335371574908	0.149538474477624	0.1495384744776442	-0.1737366235417126	-0.1314051569752399	0.01174835572489826	0.02691388457344805	0.08209573565054122	0.04903892192368876	0.08086148373414097	-0.7028059729460858	0.2483045653162917	-0.3601720848522524	0.3276017675372443	-1.070002355913252	-1.07000235591306	-0.01079484123473616	0.0578640146876836	-0.4565754346929512	0.0224815112968631	0.03129006990917094	-0.04236876330443255	-0.01803816510776728	-0.162018399094944	0.08505921221101732	0.0007503185084230624	0.006520722941469852	-6.394011633460954	-3.914683332669273	5.666275702576081	-11.60733413231396	-515.7903560072942	-77.20220930095026	-41.30436829816453	-0.3829886909971699	-0.2216704121761165	-0.610666200831006	3.489840482983933	-0.9739508816794338	1.762385167442015	-1.241794702993962	5.050257842759738	5.050257842756838	0.117477379708155	-0.2956124912161315	2.152186265834608	0.08476915982521546	2.236881515744175e-07	1.779574906437311e-08	-4.743826126813935e-07	-1.066934304189034e-07	7.055043715110997e-07	4.053555147567118e-07	6.568839128250373e-08
1.85	-0.1162992953416837	0.10598689704983	0.8882737178221657	0.2648961975994469	-0.3385344039568912	-0.4773850220214903	-0.05748308194979251	0.1390906821596725	0.1390906821597089	-0.1738403704902185	-0.1308395059132385	0.007290109711794116	0.02714168727486146	0.078584039103701	0.0467861458874148	0.07490126899918675	-0.6682184057076325	0.2382196869881499	-0.3421104344286267	0.3143159677036697	-1.019199823419482	-1.019199823419366	-0.009962995871250685	0.05524137474788263	-0.4349250784183348	0.02302583995152762	0.0345575415520721	-0.04545951821704429	-0.01865622873396298	-0.1632360675290825	0.09001062520183113	0.0002048979905514502	0.003807008865535907	-4.920686421839018	-3.875288528691805	5.590904125087467	-12.30352917074853	-516.9640975334377	-77.79686217623136	-41.20421983900115	-0.3416372946737117	-0.2303152757102169	-0.5848350860043484	3.47507406130324	-1.044822377567053	1.842266435887995	-1.392465316097823	5.148680639302608	5.148680639293107	0.06470305110848151	-0.2493874234031462	2.193784408551105	0.03134772890841452	2.334263396783158e-07	-1.932565202253983e-08	-4.822915840049398e-07	-1.167026011875281e-07	7.321864530647029e-07	4.044424787670967e-07	6.518878677982964e-08
1.86	-0.1155320758789428	0.1064429547804896	0.8889935784764219	0.25839226208349	-0.3362058071456321	-0.4807134471855063	-0.05440976672068112	0.1291616011039851	0.1291616011039951	-0.1739360659977579	-0.1303008407862387	0.003052832081490481	0.02737334986494572	0.07481725623103642	0.04440400679689044	0.06909561521713105	-0.6323564697880669	0.2273721658926049	-0.3234803257623981	0.3002104601677497	-0.966260103461035	-0.9662601034609792	-0.009184553050185541	0.05246682768644025	-0.4123817581326823	0.02325348903104311	0.03782501319482541	-0.04855027312970762	-0.01927429236023642	-0.1644537359633461	0.09496203819256654	-0.000340522527422076	0.001093294789578696	-3.421269321975431	-3.837333625717612	5.512188472476193	-13.08944665777716	-517.7763565026528	-78.32682015408052	-41.09556527417942	-0.4340059561620708	-0.2475430230261786	-0.5797540102513062	3.744714219206368	-1.12647943516007	1.876076815962553	-1.405736243463011	5.477695335695167	5.47769533569547	0.1067968712240472	-0.3259939155444025	2.330779068041851	0.02143324479539874	2.423283979194712e-07	-5.566330899615224e-08	-4.880954749009832e-07	-1.262951228540785e-07	7.572672949890313e-07	4.020202992736217e-07	6.444292961048916e-08
1.87	-0.1148034389841763	0.1068745735492021	0.8896562051129375	0.2522526177022866	-0.3339893870910421	-0.4838525561417418	-0.05148205256593791	0.1197720266020204	0.1197720266020387	-0.1740242527430762	-0.1297902725691631	-0.0009547570546025421	0.02760571732517601	0.07086863488319561	0.04189896793314266	0.06345426070688277	-0.5953551508534149	0.2157877322510167	-0.3042511107040942	0.2851864419066268	-0.911289487666228	-0.9112894876660979	-0.008449169093933862	0.04961632466863085	-0.3889818826704292	0.02317430697175405	0.0411044312999812	-0.0516927278837598	-0.01991383528069109	-0.1661087976452282	0.1001108679605864	-0.000841019944382045	-0.001614990376670896	-1.883316721243815	-3.818889745623412	5.42887750972855	-13.84749335802938	-518.976708302069	-78.94151599910253	-40.98048025815768	-0.381498586877727	-0.2551290827990781	-0.5524866535505673	3.710457142913045	-1.192976598178104	1.959963132829059	-1.572623948533972	5.561529044513713	5.561529044524819	0.05737584147749841	-0.2692203254670246	2.367740436381975	-0.02937881987428128	2.46153953422545e-07	-8.724251956758345e-08	-4.811185203443313e-07	-1.333579892580347e-07	7.726263248784787e-07	3.904354627924272e-07	6.220196696496008e-08
1.88	-0.1141155299754452	0.1072805129763271	0.8902631861079228	0.2464895097928891	-0.3318925216267745	-0.4867966490909798	-0.04870895646002575	0.110943115126643	0.1109431151266454	-0.1741049923120986	-0.1293091377483572	-0.004723717705860116	0.02783593598709677	0.06667167902404963	0.03926813847939605	0.05796648691105751	-0.5570491754260265	0.2034612478286326	-0.2844771243632004	0.2692868504016218	-0.8541274981458152	-0.8541274981456073	-0.007695117791611156	0.04658014842810815	-0.3646560611655803	0.02282372936913687	0.04438384940509009	-0.05483518263780369	-0.02055337820128522	-0.1677638593271224	0.105259697728596	-0.001341517361336951	-0.004323275542949981	-0.3154732908972449	-3.802588144239338	5.342376851252244	-14.7097735147053	-519.7636358760415	-79.47988687010205	-40.86111298151952	-0.4836728584231168	-0.272701141025921	-0.5490378673667058	4.005645517753648	-1.274889591319277	1.985031072480551	-1.58085089223944	5.915970080816316	5.915970080817273	0.1105303404382087	-0.3631285600870608	2.515968276561023	-0.03284586387023596	2.49493650657965e-07	-1.168344858307417e-07	-4.738833233789292e-07	-1.397897893783842e-07	7.861981499403097e-07	3.790874879358591e-07	6.00533464597867e-08
1.89	-0.1134704901725277	0.1076595600089136	0.8908160874285137	0.2411151766449937	-0.3299225802616701	-0.4895400906392288	-0.0460996237535742	0.1026960605787122	0.1026960605787033	-0.1741783453031549	-0.1288588487628073	-0.008245080032564973	0.02806118444559595	0.06229183946704283	0.03652246675722923	0.05263597415343504	-0.5176008627855503	0.1903998382781905	-0.26412032619644	0.2524323894518513	-0.7949191263962005	-0.79491912639611	-0.006982645313773956	0.04344701562894101	-0.3394626779232901	0.02217663038981402	0.04765503779552264	-0.05805581821767489	-0.02121030777561928	-0.1698883688015275	0.1106108611949992	-0.001778205656787695	-0.007006178150595762	1.293120491516423	-3.813897967802319	5.252013145901618	-15.53861833366947	-520.9350081286399	-80.12051215818028	-40.73966677708117	-0.4217898956681406	-0.2783490429215286	-0.5215709649642033	3.946942078581145	-1.340777914181342	2.074695499967613	-1.759838911774791	5.977902029728954	5.977902029710786	0.05045019158008547	-0.2930636590067272	2.544102743115181	-0.08796957514208562	2.493108754528944e-07	-1.320189308589241e-07	-4.647758689500869e-07	-1.416463589425863e-07	7.868127400019224e-07	3.694567598578309e-07	5.857420647219195e-08
1.9	-0.1128705788434475	0.1080105805532564	0.8913163810245273	0.2361418302117759	-0.3280870552475282	-0.4920772259435747	-0.04366325469970993	0.09505201600981728	0.09505201600981687	-0.1742448046714382	-0.1284408227090852	-0.01150989264783616	0.02827849638226618	0.0576459842568677	0.03366284083065355	0.04744494199561369	-0.4768518324896319	0.176577977636752	-0.2432158755819247	0.2346941198849217	-0.7335255023387875	-0.7335255023388159	-0.006316393230984163	0.04012756206276587	-0.3133461188789118	0.02123642500334366	0.05092622618598005	-0.06127645379750103	-0.02186723734993277	-0.1720128782758611	0.1159620246614557	-0.002214893952158065	-0.009689080758296898	2.93557834916581	-3.828185120420384	5.158752004393793	-16.48734113855289	-521.6390104614969	-80.67268643589159	-40.61838649821444	-0.5368759890567872	-0.2954919819076695	-0.5211417474064813	4.265789048842034	-1.426979809518589	2.094561562031561	-1.757612615671255	6.353020542375936	6.353020542376595	0.1012862614286831	-0.4003927134886618	2.700603436978668	-0.09146714529974653	2.483681356502239e-07	-1.470158351435337e-07	-4.541753211137079e-07	-1.431504353208296e-07	7.851488121571602e-07	3.585459176662821e-07	5.687178496428098e-08
1.91	-0.1123180094099284	0.1083324648119886	0.8917654857339655	0.2315817199049785	-0.3263933713270625	-0.4944023420638554	-0.04140925152487472	0.08803222920658973	0.08803222920658116	-0.1743047456855192	-0.1280564548369338	-0.01450912532327248	0.0284850248963665	0.05283051552802463	0.03069556181207442	0.04239531589595707	-0.4349470920875408	0.1620405912014884	-0.2217090057544164	0.2159406829593851	-0.6700542079802204	-0.6700542079802211	-0.005656952399555258	0.03671786606883357	-0.2863369831789037	0.02003521629075371	0.0541922883136849	-0.06448761777516927	-0.0225385628047393	-0.1746308814222261	0.1215454979785301	-0.002647188598097685	-0.01236007570207647	4.62583898969404	-3.846613350520422	5.059141321195077	-17.39112606587051	-522.7219855441217	-81.27637813095185	-40.49950769008453	-0.4594742738912527	-0.3001412305575445	-0.4938270333638158	4.186315746938225	-1.484786118096869	2.193555507416168	-1.959084049339117	6.400821473567461	6.400821473571168	0.05042199789765997	-0.315533579205431	2.725602462867227	-0.1394860537654129	2.406617109289136e-07	-1.603436268103452e-07	-4.302862419502514e-07	-1.415173223440395e-07	7.632060749456594e-07	3.362420598643986e-07	5.318215792555549e-08
1.92	-0.1118147130555158	0.10862411720679	0.8921647033839835	0.2274473568444079	-0.3248485948824645	-0.4965094283230002	-0.03934775768296524	0.08165848286513173	0.08165848286513175	-0.174357662490517	-0.1277070390321118	-0.01723335987643757	0.0286785336594356	0.04779136843544735	0.0276164680445043	0.03746753011154037	-0.3917023832436313	0.1467964824635568	-0.1996099033546809	0.1961922533000768	-0.6043174099828377	-0.6043174099828147	-0.004911551412216472	0.03313714860050544	-0.258346494424681	0.01863247479709363	0.05745835044136342	-0.06769878175282168	-0.02320988825945022	-0.1772488845686002	0.1271289712956139	-0.003079483244015523	-0.01503107064589617	6.353906084469556	-3.86907529947031	4.957219777650009	-18.43124967559014	-523.2844927355019	-81.77939224159819	-40.38526854140181	-0.5816116618036399	-0.3178549317058454	-0.4967736843584972	4.533782737205694	-1.56832427005224	2.213008076476976	-1.956611162425594	6.806121270139077	6.806121270138944	0.1184782926106121	-0.4345970083678282	2.896874047821604	-0.1317737015137841	2.325676184857128e-07	-1.721704095231718e-07	-4.064455120275592e-07	-1.393639706676118e-07	7.393751306938821e-07	3.142297291751333e-07	4.958916877759627e-08
1.93	-0.1113625845947428	0.1088844766306745	0.8925152451347909	0.223751297063443	-0.3234597341259071	-0.4983924156322888	-0.0374890994288033	0.07595265682207208	0.07595265682207428	-0.1744030093982345	-0.1273938789829802	-0.01967309583702359	0.02885688847129508	0.04259341772251345	0.02444004820505981	0.03265417539016647	-0.3472889091397225	0.1308547830958628	-0.1768887982461489	0.1753739540111894	-0.5364752185137852	-0.5364752185137751	-0.004161049336162452	0.02946627965997795	-0.2294391843755213	0.01699971540183555	0.06069252300923932	-0.0711835472521356	-0.02389313765939542	-0.1804091063675791	0.1328526945277766	-0.003273674122718081	-0.01765823598844984	8.110361548758597	-3.989903987502168	4.859544285726512	-19.42918530446683	-524.2133500389112	-82.54583510166742	-40.27782566356188	-0.495007435902773	-0.319865531298092	-0.4714827644896812	4.428255624623458	-1.625167663361626	2.316523828823076	-2.1692558402477	6.829146151918246	6.829146151916102	0.05278091610402744	-0.3376655451732128	2.911903363267766	-0.1847787238793059	2.200638057060077e-07	-1.669232153844183e-07	-3.831547547185611e-07	-1.312929037828055e-07	6.940658313589591e-07	2.955335193918989e-07	4.70954356371034e-08
1.94	-0.1109636597730708	0.1091126058519176	0.8928180800586921	0.2205059971990465	-0.3222339053416742	-0.5000452194703363	-0.03584358747315522	0.07093642830703384	0.07093642830703363	-0.1744409623349923	-0.1271182943649012	-0.02181890992115705	0.0290177653561325	0.03715064061499242	0.02117042751623255	0.02792616473028346	-0.3015503999302164	0.1141900879988231	-0.1535732091063456	0.1535629935972048	-0.4663979043795354	-0.4663979043795478	-0.003432757220057332	0.02562206238832977	-0.1995621191341763	0.01513688939267906	0.06392669557712756	-0.07466831275144772	-0.02457638705938329	-0.1835693281665407	0.1385764177599456	-0.003467865001414687	-0.02028540133099905	9.908753953082909	-4.115660831167894	4.759896144070128	-20.57978818551669	-524.5661983253232	-83.19892116809682	-40.17930639288516	-0.630576940721072	-0.3364951015823787	-0.4797048720603193	4.798789758325154	-1.712923415921421	2.331904882731202	-2.155143387445003	7.2531458031785	7.253145803176498	0.1140363006207828	-0.469266674591965	3.090825086258674	-0.1777870242934807	2.070937868475572e-07	-1.615336639504553e-07	-3.591919492062238e-07	-1.229590059696733e-07	6.469296652395579e-07	2.762010682203156e-07	4.449547262955704e-08
1.95	-0.110620034452744	0.1093076104945192	0.8930740347123766	0.2177240249349387	-0.3211782007504362	-0.5014616537215797	-0.03442159162201162	0.06663152871317256	0.06663152871316792	-0.1744718202663317	-0.1268815708750563	-0.02366133202393538	0.0291588779975422	0.03153280481168193	0.01781635426136429	0.02327061597586707	-0.2546129938132198	0.09683670446419593	-0.1296030458435966	0.1306625746494676	-0.3942027102679462	-0.3942027102679555	-0.00273456783186627	0.02170072431013847	-0.1687553152321636	0.01305648646460574	0.06712174247420917	-0.07758103871166327	-0.02527346648175745	-0.1872742480672504	0.14482222536321	-0.004157163171987774	-0.02287312018634214	11.82825522713953	-4.050152016334513	4.632672601467799	-21.66617132055964	-525.2682435688076	-83.45495794871874	-40.09167148556035	-0.5336156805986567	-0.3370051777441583	-0.4575025671353059	4.675897437250071	-1.763615405801208	2.446199685218024	-2.383531445716738	7.259594598925166	7.259594598926772	0.04828812281351866	-0.3568904502196607	3.100669420015335	-0.2274854595595792	1.868975737685509e-07	-1.539375744407455e-07	-3.248123965421262e-07	-1.105512287674871e-07	5.714770639607413e-07	2.470068755293209e-07	4.024894668268125e-08
1.96	-0.110333833246542	0.1094686460565109	0.8932836293405162	0.2154183630117821	-0.3202994439112591	-0.5026350608127662	-0.03323380801979935	0.06305995873718993	0.06305995873718949	-0.1744955807308249	-0.1266847253811425	-0.02519067381212495	0.02927832290317213	0.02566581778985121	0.0143766113942716	0.01865415962135098	-0.2062883317417062	0.07880053758685378	-0.1049677770939954	0.1067205438105824	-0.3197319808053134	-0.3197319808053117	-0.002013263847861436	0.01764646320046837	-0.1369460562164389	0.01080334223672116	0.07031678937141124	-0.08049376467187354	-0.02597054590414584	-0.1909791679678803	0.1510680329665091	-0.004846461342535185	-0.02546083904161868	13.79351369297495	-3.991364250668173	4.505046210055148	-22.92143954408371	-525.3414843381457	-83.58747249074709	-40.01680135507998	-0.6804071844251175	-0.3536290240272449	-0.4718863920802601	5.076240949228534	-1.84948008446444	2.46492598010162	-2.363465765674578	7.708252873387179	7.708252873386793	0.1186592197834845	-0.4958512808877236	3.291316109001068	-0.2123352842557457	1.663988175795394e-07	-1.453886301692817e-07	-2.902985529512046e-07	-9.782296168233644e-08	4.949016380736291e-07	2.178645473228359e-07	3.603071902872017e-08
1.97	-0.1101072305742983	0.1095949210909359	0.8934471997078459	0.2136021018235779	-0.3196044249341647	-0.5035589337466928	-0.03229099295418273	0.06024381274686807	0.06024381274687937	-0.1745124215644377	-0.1265290144667292	-0.02639718934830848	0.02937424659528836	0.01961112499966906	0.01086848297937447	0.01405569816052292	-0.1567398078543387	0.0600869973074185	-0.07971860047885726	0.08166898590275389	-0.2431246610401831	-0.2431246610401843	-0.001378593244664286	0.01345083335103155	-0.1041936923747159	0.008346777943525409	0.07344721970231671	-0.08558219128475421	-0.02665911545990608	-0.195278307416705	0.1564956740021753	-0.003591252195929012	-0.02798131693490787	15.55262392622487	-4.702992808042392	4.456853643062699	-24.12476871800378	-525.7345848413978	-85.51887465716248	-39.95633181352311	-0.5745282681557008	-0.3509031376860379	-0.4544002752330489	4.927788582946646	-1.899695581471053	2.568174409084709	-2.60202331477515	7.692849158517316	7.692849158517122	0.03227582789535138	-0.3881799630877633	3.29170949307994	-0.2674731833824661	1.38714662527908e-07	-1.142093853061582e-07	-2.525952998482135e-07	-7.74830598767793e-08	3.916591277395013e-07	1.899540006234559e-07	3.248457583148328e-08
1.98	-0.1099424804183226	0.1096858151637188	0.8935646706101377	0.2122880519691391	-0.3191000222762229	-0.504227662733096	-0.03160389796993178	0.05820491548030899	0.05820491548030825	-0.1745236347225492	-0.1264166120759962	-0.02727127865181029	0.02944457340816647	0.01329531453583337	0.00730041906585461	0.009434266613782841	-0.1058460649887473	0.04067727375646438	-0.05393898758912332	0.05557652753739661	-0.1642822360573956	-0.1642822360573964	-0.0008877287491635074	0.008984758456948053	-0.07046080968011072	0.005683966389091946	0.07657765003323337	-0.090670617897637	-0.02734768501586821	-0.1995774468654689	0.161923315037859	-0.002336043049313033	-0.03050179482820533	17.36165352244765	-5.421770968680118	4.40798381348531	-25.51107408494198	-525.4429567676754	-87.31472505314241	-39.91180886059201	-0.7326307191558223	-0.3656161237517746	-0.4764804092626672	5.345284744873282	-1.988716738768227	2.571013235020786	-2.571645857180311	8.15527391691859	8.155273916918892	0.08989799824415132	-0.5499402898170587	3.487419879577494	-0.2535847365033084	1.109144599780572e-07	-8.365408204736777e-08	-2.145595158033261e-07	-5.71820219801432e-08	2.878168750253318e-07	1.615772314262551e-07	2.884306797833747e-08
1.99	-0.1098419048710951	0.1097407542266384	0.8936357365561092	0.21148928386027	-0.318792997627761	-0.504635218904149	-0.03118334803948283	0.05696521336770884	0.05696521336767643	-0.1745304982964414	-0.1263494051089407	-0.02780322329871796	0.02948739242305508	0.006776709420865662	0.003678117871379107	0.004763453304745863	-0.0536614796584197	0.02063027675749213	-0.02742162225564289	0.02834715985622242	-0.08327890704655636	-0.0832789070465615	-0.0004745683016267677	0.004465628506627317	-0.03575370532296879	0.002870248937466141	0.07964884562117407	-0.08896889385756473	-0.02810266309503921	-0.2044623979562262	0.1710538740056425	-0.007144213350833015	-0.0329753851994871	20.08326427053365	-3.767227465757763	4.095214063621682	-26.82083857873525	-525.4571152775511	-83.71103950619157	-39.88443800256176	-0.617928015314321	-0.3619325342174898	-0.4646977916175447	5.191967785314985	-2.027273174424653	2.714704605565788	-2.826527027962118	8.129751844059454	8.129751844058832	0.01856026436055259	-0.4015618115473145	3.488520737928165	-0.2966785366382775	7.748595376456171e-08	-8.335994659875236e-08	-1.603959810764651e-07	-3.876588366617929e-08	1.548871168791234e-07	1.10588671084738e-07	2.057637431360662e-08
2	-0.1098078058965453	0.1097591911942288	0.8936596311690116	0.2112197460763537	-0.3186893593480833	-0.5047730801372629	-0.03104068074671915	0.05654692243536625	0.05654692243536429	-0.1745329232265989	-0.1263271219342258	-0.02798286389722509	0.02950179160599825	0	0	0	0	0	0	0	0	0	0	0	0	0	0.08272004120924051	-0.08726716981748037	-0.02885764117386449	-0.2093473490469532	0.1801844329734619	-0.011952383652323	-0.03544897557070294	22.85815682344131	-2.122786857954215	3.784939024142115	-28.32657476646839	-524.7358526352633	-79.96691836701135	-39.87518610870475	-0.7842515803354044	-0.3767794591324846	-0.4950084084044448	5.640663610491677	-2.105372690472218	2.751864619453275	-2.795204292189931	8.610389524061992	8.610389524064209	0.1021795690621174	-0.5392400010783743	3.696740072742876	-0.2648910336713901	4.40574475510662e-08	-8.306581115013695e-08	-1.062324463496041e-07	-2.03497453522154e-08	2.195735873291496e-08	5.960011074322082e-08	1.230968064887577e-08
