inDegrees=no
num_controls=7
num_derivatives=13
num_iterations=96
num_multipliers=7
num_parameters=0
num_slacks=7
num_states=26
objective=4.950025
objective_accelerations=0.558162
objective_balance=0.011532
objective_effort=0.150871
objective_height=4.178489
objective_ligament=0.050970
solver_duration=1061.951343
status=Solve_Succeeded
success=true
DataType=double
version=3
OpenSimVersion=4.4-2022-07-23-0e9fedc
endheader
time	/jointset/ground_pelvis/pelvis_tilt/value	/jointset/ground_pelvis/pelvis_tx/value	/jointset/ground_pelvis/pelvis_ty/value	/jointset/hip_l/hip_flexion_l/value	/jointset/hip_l/hip_adduction_l/value	/jointset/hip_l/hip_rotation_l/value	/jointset/back/lumbar_extension/value	/jointset/patellofemoral_l/patellar_flexion_l/value	/jointset/knee_l/knee_flexion_l/value	/jointset/knee_l/knee_adduction_l/value	/jointset/knee_l/knee_rotation_l/value	/jointset/ankle_l/ankle_angle_l/value	/jointset/subtalar_l/subtalar_angle_l/value	/jointset/ground_pelvis/pelvis_tilt/speed	/jointset/ground_pelvis/pelvis_tx/speed	/jointset/ground_pelvis/pelvis_ty/speed	/jointset/hip_l/hip_flexion_l/speed	/jointset/hip_l/hip_adduction_l/speed	/jointset/hip_l/hip_rotation_l/speed	/jointset/back/lumbar_extension/speed	/jointset/patellofemoral_l/patellar_flexion_l/speed	/jointset/knee_l/knee_flexion_l/speed	/jointset/knee_l/knee_adduction_l/speed	/jointset/knee_l/knee_rotation_l/speed	/jointset/ankle_l/ankle_angle_l/speed	/jointset/subtalar_l/subtalar_angle_l/speed	/forceset/tau_hip_flexion_l	/forceset/tau_hip_adduction_l	/forceset/tau_hip_rotation_l	/forceset/tau_knee_flexion_l	/forceset/tau_ankle_angle_l	/forceset/tau_subtalar_angle_l	/forceset/tau_lumbar_extension	lambda_cid13_p0	lambda_cid13_p1	lambda_cid13_p2	lambda_cid13_p3	lambda_cid13_p4	lambda_cid13_p5	lambda_cid14_p0	/jointset/ground_pelvis/pelvis_tilt/accel	/jointset/ground_pelvis/pelvis_tx/accel	/jointset/ground_pelvis/pelvis_ty/accel	/jointset/hip_l/hip_flexion_l/accel	/jointset/hip_l/hip_adduction_l/accel	/jointset/hip_l/hip_rotation_l/accel	/jointset/back/lumbar_extension/accel	/jointset/patellofemoral_l/patellar_flexion_l/accel	/jointset/knee_l/knee_flexion_l/accel	/jointset/knee_l/knee_adduction_l/accel	/jointset/knee_l/knee_rotation_l/accel	/jointset/ankle_l/ankle_angle_l/accel	/jointset/subtalar_l/subtalar_angle_l/accel	gamma_cid13_p0	gamma_cid13_p1	gamma_cid13_p2	gamma_cid13_p3	gamma_cid13_p4	gamma_cid13_p5	gamma_cid14_p0
0	0.04785772631857969	0.1081567844430968	0.9028569883372911	0.1266917050730164	-0.3701410416323857	-0.2259177995822642	-0.2144974744115991	0.2051547269256932	0.2051547269256735	-0.1745308948434757	-0.161090826421941	0.09024399430361882	0.07892889196694201	0	0	0	0	0	0	0	0	0	0	0	0	0	0.108524775475137	-0.07701248733107131	-0.00931935958498491	-0.2452961904769173	0.1799941359303131	-0.06931621666228659	-0.04191887840682903	28.08233207874634	25.82814630080487	-5.131043612896372	-22.13589860713074	-440.8863054422087	-65.74172216094119	-26.27951263433723	-2.600092170141527	-0.7953661400999802	-0.7354409796832518	9.586141319522078	-0.1819021090479999	2.935830340508313	-3.376302015529955	9.509151569394009	9.509151569393733	1.967751584646019	-0.7804244021413964	3.405052437332535	0.7888128881051331	-1.623049346579626e-09	4.613214238420798e-07	-8.114449079247291e-08	4.162625806273869e-08	5.938238527752738e-09	1.943600214658613e-07	5.556944241111538e-08
0.01	0.0477342133988371	0.1081173887632986	0.902821322802329	0.1271571697308705	-0.3701492703685011	-0.2257648928564455	-0.2146696419827118	0.2056182080036772	0.2056182080034432	-0.1744342288150089	-0.1611192304598967	0.09041029589367462	0.07896800871517945	-0.02460847433797417	-0.00786605712519828	-0.007111677029701234	0.09271454975973871	-0.001636384413582062	0.03045503896846203	-0.03419199966396388	0.09226279044626637	0.09226279044626723	0.01923349792084226	-0.005630476443425582	0.03307007408652846	0.007779166274242981	0.1055100666118158	-0.08366602154034507	-0.008510518302668382	-0.2409664745664735	0.1713447945346195	-0.06087564179176524	-0.03959996508284241	25.74894742350615	22.29176211792836	-4.248331051480046	-20.66912424460186	-441.5372655588477	-72.77651386722876	-26.27951202736014	-2.37710957452522	-0.7802553484834842	-0.6958153826630868	9.057352973448788	-0.1531581101315029	3.081421103523971	-3.404421757881023	9.019817900621048	9.019817900621328	1.886261019189533	-0.4468335789813345	3.229460135561296	0.7657782147998259	-1.205700155450006e-08	6.791213752059078e-07	-6.866602925032612e-08	7.168600260137669e-08	-1.420680355828051e-07	2.173946584290237e-07	8.334696049057387e-08
0.02	0.0473674388339206	0.1079997265422971	0.9027151836334592	0.1285384281202	-0.3701735932492942	-0.2253112196552868	-0.2151764841136781	0.2069913120094936	0.206991312009487	-0.1741482053824811	-0.1612024341254957	0.09090159327283102	0.07908357906970227	-0.04865232903191433	-0.01565330824064326	-0.01409472678155579	0.1831587462894275	-0.003218828931943959	0.06015329507726037	-0.06693491196997126	0.181924585627661	0.1819245856276661	0.03787148077712457	-0.01095992542836304	0.06499915782298539	0.01529072125711199	0.1024953577490968	-0.09031955574943015	-0.007701677017748387	-0.2366367586560027	0.1626954531391107	-0.05243506692101933	-0.03728105175858239	23.45805201528794	18.758654819373	-3.378384067312288	-19.26566746391252	-441.4444240806407	-79.65508474678765	-26.2792873473048	-2.4871682413346	-0.7796049381493831	-0.7097155241139541	9.132070673512032	-0.1711141300043627	2.784473768575698	-3.08648454393861	8.988952516419751	8.988952516420161	1.84864857173325	-0.7202189104438929	3.176854367318103	0.7352906298298613	-2.249095376242049e-08	8.969213265697358e-07	-5.618756770817934e-08	1.017457471400147e-07	-2.900743096933629e-07	2.404292953921861e-07	1.111244785700324e-07
0.03	0.04676272963474754	0.1078046638292686	0.902539628922475	0.1308133404254248	-0.370213386188258	-0.2245653502430321	-0.2160032357097991	0.2092486673830368	0.2092486673829946	-0.1736785992014127	-0.1613383902516757	0.09170677462099538	0.07927314351959139	-0.07219106880917903	-0.02333692753966577	-0.02101148984473258	0.2714341280071058	-0.004725410746184166	0.08890595633839767	-0.09818391089026518	0.269116931874816	0.2691169318748159	0.05594117580064668	-0.0161523392742887	0.09586036500816339	0.0225893720848774	0.09936692490515793	-0.08628753886757301	-0.006933008715340696	-0.2329002694009624	0.1576520492052752	-0.05372556797998348	-0.03490421900100352	21.75242625187135	19.49541535285234	-3.356093371204795	-18.06339019528813	-441.5197612210564	-77.51446025340309	-26.2785380188676	-2.272455966682195	-0.7593739316594654	-0.6820064747256201	8.61683290810311	-0.1384034836330664	2.90350372378564	-3.109383111385148	8.519919760790311	8.519919760789108	1.769989903914102	-0.4069387039078166	3.014266980271216	0.7220982275165885	-2.983693832873456e-08	1.014597751936572e-06	-4.669436442177414e-08	1.209138452592343e-07	-3.99645150273819e-07	2.489092890968832e-07	1.270870683768894e-07
0.04	0.04592558721363413	0.1075334382220731	0.9022950366253973	0.1339593187452841	-0.3702678396006761	-0.2235353859344177	-0.2171355324041865	0.2123650550354577	0.2123650550354553	-0.1730315240829242	-0.1615239077327124	0.09281527065823182	0.07953468366141143	-0.0951389734168351	-0.03088588707403966	-0.02790224400023878	0.3573719492130507	-0.006150923620426099	0.1169722743556602	-0.128043931622961	0.3537310413990559	0.3537310413990447	0.07336526827426594	-0.02087219640985789	0.125662095639482	0.02968585964330506	0.09623849206170447	-0.0822555219856015	-0.00616434041317635	-0.2291637801455162	0.1526086452716114	-0.05501606903877073	-0.03252738624320593	20.0857446272695	20.23771240853559	-3.34880017582649	-16.91611478414655	-440.9051746928573	-75.22123223887704	-26.27660178874142	-2.369001207412708	-0.7526729852197644	-0.7045137425798434	8.664558571165387	-0.1549003420048199	2.647205119800789	-2.808688906418949	8.47330517183684	8.473305171836058	1.719528061752488	-0.6257075683726616	2.964959056546125	0.6948579759621517	-3.711925345913922e-08	1.130209774705532e-06	-3.726271285198218e-08	1.398573733491876e-07	-5.084235076887061e-07	2.570891870642925e-07	1.428060514152391e-07
0.05	0.04486147056467002	0.1071873474789134	0.9019814606370625	0.1379538521314159	-0.3703361237656492	-0.2222296140029142	-0.2185591026811516	0.2163154129618842	0.2163154129618513	-0.1722133274699135	-0.1617557383447445	0.09421659535162738	0.07986626803483189	-0.1175868335053566	-0.03831303115630455	-0.0348215231174215	0.441151449458603	-0.00748497120493177	0.1440535173964904	-0.1564459343616576	0.43591076989534	0.4359107698953305	0.09016396070352627	-0.02541339032631256	0.1544194284921984	0.03660528796499121	0.09278021365170799	-0.08039949581729337	-0.005233886998350184	-0.225453339697736	0.1466040745595114	-0.05389902678976193	-0.02995698894880654	18.23478920386328	19.93994074424725	-3.145148919493788	-15.67633046586647	-440.5313567516012	-75.07027613541842	-26.27275884791718	-2.168040839385988	-0.734822435193924	-0.6870229776164057	8.177153965420962	-0.1196780452640619	2.719335532538662	-2.822327546154641	8.025811904138317	8.025811904139177	1.643714777003875	-0.3562768237160123	2.803640566753771	0.6864528933325579	-3.954720737650922e-08	1.165046820634091e-06	-5.068808856417898e-08	1.489951407667293e-07	-5.70866532332549e-07	2.729022739085688e-07	1.509237795625011e-07
0.06	0.04357580282885083	0.1067675678318382	0.9015984142612888	0.1427746821627887	-0.3704171526221663	-0.2206568793137021	-0.220259967303225	0.2210746692162483	0.2210746692162388	-0.1712304089438178	-0.1620305712002703	0.09589999740698042	0.08026624021808149	-0.1394491907863449	-0.04562366785713218	-0.04179632148797735	0.5226312782710397	-0.008699861933049157	0.1703648258898846	-0.1835028006427269	0.5155107070161812	0.5155107070161746	0.1063096508724096	-0.02947264506012236	0.1820775680296813	0.04336342160909452	0.08932193524095068	-0.07854346964903876	-0.004303433582362468	-0.2217428992506675	0.1405995038471923	-0.05278198454089099	-0.02738659165481927	16.41943376554702	19.64607650750203	-2.953705346914568	-14.48451632223072	-439.5310513640187	-74.78083766008453	-26.26602077271328	-2.2519006459059	-0.7293715089324054	-0.7156175932544756	8.204624284542328	-0.1310689707272346	2.493218210313593	-2.539661614893448	7.957346896748353	7.957346896747831	1.588927609676992	-0.5293197318437454	2.745120393499329	0.6625990404454863	-4.177076713754092e-08	1.196482814906212e-06	-6.507586542509109e-08	1.577200340506957e-07	-6.313585955965585e-07	2.890367581792394e-07	1.587214548722437e-07
0.07000000000000001	0.04207394843730367	0.1062753024748826	0.9011451595515821	0.1483997209804653	-0.3705097175188231	-0.2188261596233712	-0.2222242563723079	0.2266179202257672	0.2266179202256705	-0.1700891175163216	-0.1623450160708889	0.09785480215083001	0.08073313427389996	-0.1608250823473481	-0.05280406412291525	-0.04887395447549013	0.6019899852066617	-0.009790521709474835	0.1956487733417798	-0.2091381156794206	0.5927134009560664	0.5927134009560638	0.1218316355626366	-0.03332905938285109	0.2087073056316233	0.04999526619094879	0.08578261773812125	-0.07603763433812165	-0.003339816426495398	-0.2185405355913949	0.1352604609012481	-0.05209416977521149	-0.02477018947422174	14.779287465973	19.53843875426198	-2.826777879524058	-13.43796239684957	-438.7986493003579	-74.09503080121826	-26.25538414817969	-2.065929831021871	-0.7085411242134309	-0.706863259784878	7.743520609697042	-0.09483866805304689	2.526479969702569	-2.542931823827442	7.537784716164097	7.537784716164996	1.516480088330525	-0.3007488318717684	2.595523410489574	0.660278982895411	-4.088250688811977e-08	1.135400484175658e-06	-8.618059718061592e-08	1.558257278433408e-07	-6.547473763393824e-07	2.924138898642638e-07	1.561676864915668e-07
0.08	0.0403612358461699	0.1057119996675064	0.9006205230903428	0.154806752209822	-0.3706125438506407	-0.2167465010671168	-0.2244383916669156	0.2329204089892745	0.232920408989263	-0.1687960770040536	-0.1626954143947988	0.1000706288640827	0.08126570713870522	-0.1816208307012908	-0.05983115794125706	-0.05607267179454874	0.6790297606072814	-0.01075214896402991	0.2201525990766721	-0.2334720457469065	0.6673582578381722	0.6673582578381749	0.1366594678382585	-0.0366633356809471	0.2342819619114787	0.05649918340639826	0.08224330023541299	-0.07353179902712831	-0.002376199269676588	-0.2153381719321659	0.1299214179553542	-0.05140635500944669	-0.02215378729358882	13.17098408128719	19.43525859472216	-2.712022377168311	-12.42915237254154	-437.5009470838669	-73.27969920090318	-26.23963223828479	-2.135872004493654	-0.6987110194442396	-0.7398344595636458	7.740837977541903	-0.1052624663531512	2.33719386691304	-2.279384621051836	7.445779485192579	7.445779485192305	1.45009712675592	-0.4248921269172539	2.534104129081938	0.6370135671644448	-3.97934840573791e-08	1.068349229251382e-06	-1.077186808648254e-07	1.532463119913844e-07	-6.757423969195491e-07	2.949679665437626e-07	1.529460830340886e-07
0.09	0.03844296766691222	0.1050791978071649	0.9000231398490812	0.1619735502069711	-0.3707243406719899	-0.21442705603229	-0.2268889339337809	0.2399574704667103	0.239957470466613	-0.1673580213495354	-0.1630780934104865	0.1025372018866953	0.08186279609187165	-0.2019369013444459	-0.06670097435998427	-0.06343112525371995	0.7539447708433954	-0.011582301015632	0.2436037161913401	-0.2564272432222411	0.7396325032872212	0.7396325032872171	0.1508332348656106	-0.03978265045962322	0.2588602962051049	0.06290360947006587	0.07858579090021432	-0.07108821903398313	-0.001376647608409914	-0.2124848143137873	0.1247894385853276	-0.05042840545863973	-0.01946510853127547	11.6298541347268	19.2071409240268	-2.592002010939202	-11.49291719524246	-436.5065781401835	-72.71930055231429	-26.21757974231748	-1.965073641221157	-0.6768503806715109	-0.7380585962925185	7.309076133721389	-0.06828720046487087	2.329217411648608	-2.272212650280554	7.05498638473679	7.05498638473589	1.383419812253694	-0.2420185438865933	2.393876238750947	0.6397543181277487	-3.589492506153415e-08	9.283524269139886e-07	-1.405775636678235e-07	1.417165720397079e-07	-6.656859758055528e-07	2.912286263304024e-07	1.422093370957893e-07
0.1	0.03632441897181153	0.1043785510971188	0.8993513305117879	0.1698779470239311	-0.37084371813905	-0.2118770704707616	-0.2295627532432959	0.2477046222605585	0.2477046222605447	-0.1657817473605228	-0.1634892790521644	0.1052443938840862	0.08252344874410704	-0.2216769338673743	-0.07340012788217702	-0.07095789100087371	0.8265495245625115	-0.01226827810329906	0.2662607044222055	-0.2781274542778152	0.8093763211353028	0.8093763211352933	0.164303134754112	-0.04236466086005024	0.2824057568686477	0.06921192322012146	0.07492828156565652	-0.06864463904076423	-0.0003770959466027904	-0.2096314566951366	0.1196574592154297	-0.04945045590772009	-0.01677642976855777	10.11691316842025	18.98311990674896	-2.482952540751424	-10.58508017633506	-435.0095927768914	-72.04089669322006	-26.18788465015607	-2.020664380448173	-0.6645784401374235	-0.7734969171601611	7.278786674142351	-0.07642747356617295	2.17836809015254	-2.028387337099675	6.939693964999236	6.93969396499924	1.309323698985698	-0.3174312512674903	2.327529403065224	0.6177911044419682	-3.174937387535036e-08	7.81942829199617e-07	-1.744316815581877e-07	1.293999904089351e-07	-6.52899757619542e-07	2.869360186978899e-07	1.308119192910441e-07
0.11	0.03401086365902717	0.1036117767214299	0.8986032860661738	0.1784977719242989	-0.3709692505071032	-0.2091058222847764	-0.2324468820466021	0.2561374495364854	0.2561374495364556	-0.1640740631631232	-0.1639251592419188	0.1081821486853947	0.08324680149070056	-0.2409389795555002	-0.07992313249648572	-0.07868341702418451	0.8970317027131542	-0.01281268666537609	0.2878552026347979	-0.2984963799204113	0.8767730442261655	0.8767730442261616	0.1771142179269457	-0.04472191232238775	0.3049774065505524	0.07544703957379331	0.07119353001603267	-0.06609447720442584	0.0006253916253870876	-0.2071468901599359	0.1148312754306476	-0.04836113009972003	-0.01403668379571258	8.69159946695417	18.71116304385796	-2.384282329535416	-9.765961375000552	-433.8387122892344	-71.46377829814924	-26.14926866352363	-1.86468531592313	-0.6413936272116239	-0.777073601906044	6.875376559465349	-0.03969532263530355	2.129982163196865	-2.01085620853388	6.57722207658173	6.577222076582596	1.249186856710509	-0.18149632639265	2.196834138946871	0.6245354131677477	-2.595608760292425e-08	5.678695788841066e-07	-2.129177685612691e-07	1.086050511736487e-07	-6.196783273773316e-07	2.67791014669699e-07	1.121928479965972e-07
0.12	0.03150754575877076	0.1027807258685711	0.8977769877289284	0.1878109072409718	-0.3710994765157901	-0.2061226308213724	-0.2355286423124662	0.2652317561623518	0.2652317561623347	-0.1622418308877852	-0.1643819367929307	0.1113405902611707	0.08403213810329875	-0.2596294513606882	-0.08625542331616147	-0.08660866932709459	0.9652116078214449	-0.01320700623169144	0.3086493599027541	-0.317653746790768	0.9416721911351013	0.9416721911351016	0.1892127503108819	-0.04654413309175296	0.3265431117602013	0.08160869642096973	0.06745877846644539	-0.06354431536826288	0.001627879197922195	-0.2046623236249779	0.110005091645727	-0.04727180429195895	-0.0112969378226689	7.290878847123015	18.44313297368742	-2.295642303166672	-8.966495330275079	-432.2263813494416	-70.77969671116016	-26.10034605126602	-1.90634960386042	-0.6264356812108981	-0.8134421730800242	6.818332065671949	-0.04640967441389313	2.018299901225331	-1.786075582651792	6.440178728613924	6.44017872861371	1.166813541206164	-0.210425112673111	2.126340508614034	0.6030992031428209	-1.997766255676305e-08	3.461936709729626e-07	-2.519243015320715e-07	8.685748748841703e-08	-5.841608058928516e-07	2.46977202057724e-07	9.276235496173427e-08
0.13	0.02881972259263358	0.101887317122234	0.8968703401688455	0.1977951984890282	-0.3712329319951936	-0.2029368127620678	-0.2387955141254206	0.2749633940170166	0.274963394016909	-0.1602919316311593	-0.1648558115667401	0.1147099075130932	0.08487879144318598	-0.2778413248044103	-0.09239145012493044	-0.09475624987474851	1.031266257988552	-0.01345891274162013	0.3283806667908953	-0.3355240079934884	1.004246859564251	1.004246859564244	0.2006485939924761	-0.04814449575854358	0.3471578879494035	0.08771294762949398	0.06366407513945183	-0.06093520724623393	0.002609166714150743	-0.2025238931019668	0.1054543814982847	-0.04603545741977636	-0.008512088493029066	5.969508569852231	18.11083450514622	-2.212149522887346	-8.254043331339844	-430.9569178225261	-70.23610177348552	-26.03981665503608	-1.764510055008968	-0.6019379626387209	-0.8208430445464497	6.44198228051224	-0.01079687322180904	1.93055468966406	-1.758010218187749	6.104814786009761	6.104814786008797	1.114218580027405	-0.1219406789468808	2.004685452220905	0.6127157250748421	-1.330733450262212e-08	6.996898207159191e-08	-2.932584855526859e-07	5.793550890013978e-08	-5.37128156529025e-07	2.095623515396569e-07	6.761634267290053e-08
0.14	0.02595259992397773	0.1009335977514233	0.8958811313934983	0.2084286263964219	-0.3713681496864844	-0.1995576799124689	-0.2422351903162206	0.2853085193330188	0.2853085193329961	-0.1582312241779438	-0.1653431097344997	0.118280500382539	0.08578621282423231	-0.295489351863321	-0.09831754821088956	-0.10312091237996	1.095038939686968	-0.01355944860911499	0.3473123179612488	-0.3522146223604204	1.064369683431169	1.064369683431154	0.2113743896097054	-0.04922881183591987	0.3667982352645045	0.09376230465271389	0.05986937181257991	-0.05832609912426099	0.003590454231574009	-0.2003854625791233	0.1009036713508042	-0.04479911054768133	-0.005727239163247247	4.669351491054395	17.78210778322282	-2.137548412143566	-7.554024190683259	-429.3047407554493	-69.59691451430132	-25.9663089907664	-1.793580326898042	-0.584449936648987	-0.8568585645915491	6.361938371933653	-0.0161355459271545	1.858368757667802	-1.55014621549409	5.9498098161675	5.94980981616709	1.024803928333101	-0.1072157947903332	1.931454733793752	0.5921203660818869	-6.541571550828803e-09	-2.137796766215342e-07	-3.349137248905158e-07	2.802395584247694e-08	-4.885072136645988e-07	1.69857702689715e-07	4.168198290076047e-08
0.15	0.0229114165737023	0.09992167610246463	0.8948071227143817	0.2196891119611479	-0.3715036811267115	-0.1959945008570675	-0.2458355334823109	0.2962433177213658	0.2962433177212324	-0.1560665779078103	-0.1658401725756037	0.1220428180751801	0.08675387216644864	-0.312653767663143	-0.1040291754933132	-0.1117168841330501	1.15667990874574	-0.01352362927407361	0.3651905374624996	-0.3676642324707655	1.122187776490887	1.122187776490883	0.2214367823481014	-0.05010302646248084	0.3855067671120613	0.09976075963574592	0.05603382914411614	-0.0556419428612944	0.00452616833320515	-0.1985731058666635	0.09660955176726418	-0.04344191271223044	-0.002907025875064073	3.440212484904551	17.40059534155282	-2.068392772455114	-6.932652201931913	-428.0092444334595	-69.07917137588645	-25.87854302971521	-1.663822327409073	-0.558873452255545	-0.8664719104415599	6.008446824454051	0.01702919834544009	1.732641060399918	-1.513901650876437	5.637468788152552	5.637468788154536	0.979164568399672	-0.06546667606278903	1.816760644229579	0.6024687700715498	-2.908449047020405e-10	-5.385500213751052e-07	-3.726306825904632e-07	-7.602748816763922e-09	-4.372600980149594e-07	1.083770092443577e-07	1.119442778950574e-08
0.16	0.01970139904124488	0.098853767315038	0.893646053231779	0.2315546613468004	-0.3716381366685699	-0.1922565211038575	-0.2495846793979171	0.3077442289876318	0.3077442289876071	-0.1538048661859456	-0.1663435660390512	0.1259874627330886	0.08778126819962716	-0.3292561882983392	-0.109514975904468	-0.1205330730770998	1.21605170386871	-0.01334426893402225	0.3822724575255955	-0.3819751722639677	1.177592259041749	1.17759225904176	0.2307874799587646	-0.0504949362679885	0.403263628319333	0.1057096428450818	0.05219828647598674	-0.05295778659825358	0.005461882435781354	-0.1967607491541463	0.09231543218379566	-0.04208471487668682	-8.681258667831388e-05	2.229188765480544	17.02223661005362	-2.006964748537438	-6.318220328688184	-426.3859127060734	-68.477113329536	-25.77519083322869	-1.681181293972785	-0.5392845623952727	-0.9009020027834662	5.90810358477293	0.01257265507481995	1.699108870036812	-1.322412152065518	5.467087714396595	5.467087714396587	0.8824649027864337	-0.01075483057976237	1.74112060573671	0.5822060113425916	5.875052232256098e-09	-8.700768791268661e-07	-4.096989821382888e-07	-4.41707725633234e-08	-3.855804362595203e-07	4.330967315975569e-08	-2.004306537760307e-08
0.17	0.01632780413096746	0.09773214185296412	0.8923956797741517	0.2440032332393323	-0.3717701565277108	-0.1883528875421338	-0.2534709324490184	0.319787718163858	0.3197877181638265	-0.1514529489342344	-0.1668498694542704	0.1301050801299642	0.08886790120088386	-0.3453716184341525	-0.1147698045576675	-0.1295764351334269	1.273290371673993	-0.01303755719609865	0.3983229234545306	-0.395089997397383	1.23071169593497	1.230711695934976	0.2394833139761832	-0.05069169157149075	0.4201065193681411	0.1116096479794445	0.04834688796091274	-0.05024337860872618	0.006326741215157374	-0.1952802377492342	0.08828508847960256	-0.04058956658476914	0.002756967396357227	1.092125697351288	16.58189071290956	-1.948076406131918	-5.787090436549779	-425.1318460947242	-68.02332357392798	-25.65500553252648	-1.563031546061402	-0.5125452401721768	-0.9113512554672644	5.575914567967692	0.04325802296205326	1.538333329669548	-1.27820161029237	5.175294654787053	5.175294654786275	0.8460457091577295	-0.01308299107267819	1.632840648011075	0.592996878326829	1.046302762925856e-08	-1.233783334877621e-06	-4.397986595755257e-07	-8.499977743230856e-08	-3.411038822772178e-07	-4.625410422811862e-08	-5.471245317218802e-08
0.18	0.01279579338479245	0.09655917545967997	0.8910538131062787	0.2570130250478416	-0.3718984017515043	-0.1842926857460536	-0.2574827705347125	0.3323505863046347	0.3323505863046036	-0.1490174927307771	-0.1673559298446115	0.1343865198960388	0.09001335407625323	-0.360939355476974	-0.119783162146521	-0.1388317151261913	1.328295687061744	-0.01258934186572841	0.4135861043973812	-0.4070921791832994	1.281468051948275	1.281468051948275	0.2474952703111175	-0.05044633130848718	0.436028102159273	0.1174736176675508	0.04449548944601761	-0.04752897061924703	0.007191599994106108	-0.1937997263442238	0.08425474477540433	-0.03909441829289953	0.005600747379562438	-0.02953417024888437	16.14409564252883	-1.895588256502548	-5.259273739858923	-423.5996283453121	-67.49660584581693	-25.51669658913683	-1.571642675374312	-0.4909903495261187	-0.9432855900709441	5.461433101266292	0.04087337356407818	1.541651872819867	-1.099883482565689	4.994471538413335	4.994471538413157	0.7456893662894675	0.07766828272128375	1.556858954201416	0.5749989220912408	1.474682534145029e-08	-1.603693086628183e-06	-4.685549881721672e-07	-1.266501762526048e-07	-2.980158791909416e-07	-1.405400871684313e-07	-9.004341101544317e-08
0.19	0.009110608884314043	0.09533729071858074	0.8896183285581005	0.2705621129537931	-0.3720215768572138	-0.1800848683772767	-0.2616088784831864	0.3454096086725821	0.3454096086726194	-0.1465051504450157	-0.1678586010227699	0.1388226486837924	0.09121718509595349	-0.376004688398085	-0.1245516674744714	-0.1482964827890072	1.381149841678278	-0.01202683391599496	0.4278504332853057	-0.4179512963647117	1.329947054434694	1.329947054434697	0.254862168783035	-0.05001979718800768	0.4510467853816961	0.123283192829227	0.04061196101414584	-0.04470054741954213	0.007969760189459387	-0.1925856509350151	0.08040997754678908	-0.03753317024641694	0.008481548293474318	-1.107609109413679	15.67877807084978	-1.848783130087683	-4.784705874366806	-422.4485093503155	-67.04586099145151	-25.35903000609682	-1.460036155958948	-0.4634896793308783	-0.9528236326777547	5.141610895202997	0.06709534686124255	1.349773445165466	-1.052208714066413	4.716228814413288	4.716228814413816	0.715211307453577	0.03530393474193057	1.451684958310425	0.5828477923462358	2.559407775340321e-08	-1.963008555024155e-06	-5.654286106288661e-07	-1.733731419557406e-07	-2.092452082950909e-07	-1.777074217553693e-07	-1.187245902595749e-07
0.2	0.005277559543525668	0.09406897911322137	0.8880872460776356	0.2846285832565895	-0.3721384957151774	-0.1757382177099449	-0.2658382341790987	0.3589417439076603	0.3589417439076266	-0.1439225349307177	-0.1683549752678088	0.1434044266941789	0.09247889406309891	-0.3905123235383611	-0.129068534998547	-0.1579513015835197	1.431772166429044	-0.01133809231891927	0.4413527641087196	-0.4277417286716085	1.376090625347394	1.3760906253474	0.2615499160473758	-0.0491869447463171	0.4651579466860211	0.1290492071565164	0.03672843258239026	-0.04187212421989912	0.00874792038318626	-0.1913715755255878	0.07656521031816946	-0.0359719221999824	0.01136234920751065	-2.172399194501757	15.21547595603304	-1.807257471769753	-4.312130254680672	-421.0592526636241	-66.53251821474643	-25.18130789505562	-1.460103119207178	-0.4406627887512071	-0.9812958164102917	5.015067128112704	0.06612010303241787	1.389252259917679	-0.8861465076625765	4.527385223669667	4.527385223669645	0.6098591247740672	0.1589319469633583	1.375354570581735	0.5662867552138057	3.789987565419195e-08	-2.319969738230219e-06	-6.774394094989112e-07	-2.212233447439518e-07	-1.10322833441557e-07	-2.021817233748906e-07	-1.459280409261235e-07
0.21	0.001301843680071776	0.09275676584497028	0.8864586547031766	0.2991908085584738	-0.3722479416786199	-0.1712614721880217	-0.2701598199724692	0.3729242224145959	0.3729242224146602	-0.1412759567805018	-0.1688423069993731	0.1481229587964602	0.09379807794260631	-0.4045365696903958	-0.1333294525465288	-0.1677929939285016	1.480298611670656	-0.01053655790041456	0.453874905509986	-0.4364061333768887	1.420017387290126	1.420017387290142	0.2676554224553978	-0.0482167373696924	0.4783999044593935	0.134774740870114	0.03286450984413977	-0.03904478756988242	0.009411074122915581	-0.1905002264746384	0.07299494725735294	-0.03429659939257355	0.01424958101234614	-3.161716689171658	14.69872084237111	-1.767838754291105	-3.92248405421268	-420.054556818256	-66.16262301388257	-24.98340914495892	-1.359432752846166	-0.4121525002074278	-0.9895271043021452	4.715303965075663	0.08981616871873674	1.16546323014509	-0.8311929582525641	4.267198649262833	4.267198649264313	0.5938879057333603	0.07537207633626107	1.276247568408812	0.5742227938491308	5.052455631206245e-08	-2.698006997912702e-06	-7.966062683134697e-07	-2.746770067651979e-07	-5.215317912623098e-09	-2.393012100285558e-07	-1.745589534114646e-07
0.22	-0.002811284122832671	0.0914032741487618	0.8847308621731156	0.3142270724613523	-0.3723488430863698	-0.1666631516221048	-0.2745629709141499	0.387334343935083	0.3873343439350353	-0.1385717252650931	-0.1693180752680845	0.1529694367140117	0.09517422438213327	-0.4179947114282116	-0.1373242205900238	-0.1777915327039745	1.526579886627857	-0.009629181183533692	0.465667772907839	-0.4440547583338307	1.461619228020367	1.461619228020395	0.2730805891401067	-0.0468742522601167	0.4907471097405147	0.1404417191603655	0.0290005871058944	-0.03621745091990671	0.01007422786040943	-0.1896288774234351	0.06942468419654116	-0.03262127658517935	0.01713681281720357	-4.141276372744633	14.18383765191917	-1.732807177260466	-3.527848780387124	-418.8740179694075	-65.74045452644137	-24.76323630615516	-1.34688223636329	-0.3874328878538862	-1.012665102508493	4.56603307123045	0.08728856270752006	1.243397459234908	-0.6829905579949741	4.062400981171574	4.062400981171845	0.4737911801113887	0.2333874935533982	1.196404072131448	0.5545756705445049	6.322996678185235e-08	-3.081379973158835e-06	-9.175847878734743e-07	-3.295492660606298e-07	1.014580560151459e-07	-2.796220093490927e-07	-2.035512486357404e-07
0.23	-0.007056570940056233	0.09001116538631701	0.8829022938305269	0.3297156920463435	-0.3724401812892852	-0.1619516828230609	-0.2790371442008081	0.4021494858355753	0.4021494858356808	-0.1358160440706346	-0.1697798888325911	0.1579351107091185	0.09660679162558815	-0.4309700056373743	-0.1410513919440358	-0.1879421536538059	1.570776935923886	-0.008625635336252423	0.4765063311355157	-0.4506147527583605	1.501030950067758	1.501030950067803	0.277956045755846	-0.04543603369343869	0.5022444346870795	0.1460591701749795	0.02513703926670266	-0.03339827483949603	0.01060722476936588	-0.1889973418788594	0.06603663638891126	-0.03081717355682321	0.02004564668995507	-5.072070932023336	13.60948673557	-1.694006986084318	-3.198966675881092	-418.0468796760574	-65.46759670721119	-24.51861203924877	-1.258950018109651	-0.3585066147511194	-1.019238234591746	4.291489878450251	0.1094171001714633	0.9861083876140417	-0.6177319489584006	3.823869510100091	3.823869510102418	0.4788718953970711	0.1067691740987761	1.104796761139854	0.5640570812432194	6.930561325008319e-08	-3.465543119663922e-06	-9.892919973499412e-07	-3.830137960721893e-07	1.68934874377309e-07	-3.777122933156162e-07	-2.357674561729721e-07
0.24	-0.01142883010035541	0.08858315543921638	0.880971623749765	0.3456352719282407	-0.3725209781328257	-0.1571354237651316	-0.2835719630445624	0.4173474072955148	0.4173474072954752	-0.133014718511878	-0.1702257741836674	0.1630114379647317	0.09809527883205423	-0.4433891800432248	-0.1445044575211927	-0.1982118803385414	1.612771946006332	-0.007520909311649961	0.4866258246864308	-0.4561838697539359	1.538175139858234	1.538175139858294	0.2822094620952699	-0.0436886096918341	0.5128777618424751	0.1516257117625278	0.02127349142770565	-0.03057909875910907	0.01114022167523868	-0.1883658063338721	0.06264858858131742	-0.02901307052844128	0.02295448056286703	-5.99698257946457	13.03671925751397	-1.658443442673716	-2.857872447220013	-417.1129676060308	-65.15493353404821	-24.24737435945751	-1.235658275700733	-0.3326117324829337	-1.036486249489301	4.125625228513861	0.1075245981716017	1.099584523882477	-0.4848150722040805	3.608894529788698	3.608894529788567	0.3493831248482208	0.29522858053853	1.023604513897568	0.5443937851312951	7.348704143215435e-08	-3.849932029385854e-06	-1.046921689659683e-06	-4.360761177169283e-07	2.252126768635848e-07	-4.923081443238505e-07	-2.689047815139055e-07
0.25	-0.01592273819979719	0.0871219861410318	0.8789376910377446	0.3619642009124532	-0.3725903731721552	-0.1522224147179111	-0.2881573304231699	0.4329057544731978	0.4329057544733305	-0.130173662635878	-0.1706536814035153	0.1681898445750414	0.09963904418229888	-0.4553011605182106	-0.1476825559679515	-0.2085874412321036	1.652653072216377	-0.006349540953386726	0.4958611607743634	-0.4607305665875226	1.573123669903705	1.573123669903776	0.2859070969159488	-0.04185016964396063	0.5226636682698942	0.1571110526372528	0.01741894521816272	-0.02768304875570578	0.01152547638398866	-0.1879462912215135	0.05945466279275329	-0.02718405744327187	0.02587874930763483	-6.87426941637374	12.45172240555326	-1.628844443623805	-2.576144135263535	-416.5050613074063	-64.89293749563018	-23.94747106790787	-1.155275225310527	-0.3034717667628047	-1.039960113132277	3.865250754367733	0.1239454726652506	0.8182231943157913	-0.4157410821250317	3.382293759631681	3.382293759633479	0.3650212924305348	0.1343933754953213	0.9349597981997249	0.5489056918440732	7.503390693993359e-08	-4.190690739391316e-06	-1.086367457677664e-06	-4.850770370494491e-07	2.683245851793019e-07	-6.180028689503516e-07	-2.9871546452023e-07
0.26	-0.02053302756236856	0.08563042328518117	0.8767996288960196	0.3786811200461944	-0.3726476540242785	-0.1472205093012011	-0.2927833935887472	0.4488024792551356	0.4488024792550958	-0.1272986168857643	-0.1710619558905986	0.173461885467834	0.1012373232319313	-0.4666654326697188	-0.1505831690544044	-0.219037766279425	1.690369975911119	-0.005098071874640481	0.5044050985850187	-0.4643230271486606	1.60585066065739	1.605850660657473	0.2890074370067435	-0.03976206325276629	0.5316046183387346	0.1625284516400138	0.0135643990086095	-0.02478699875242183	0.01191073108974751	-0.1875267761089066	0.05626073700415345	-0.02535504435821158	0.02880301805246335	-7.748251176700716	11.86781482892463	-1.60132336003384	-2.279973105217483	-415.8380585351464	-64.60353101241067	-23.61699319703162	-1.126116611005086	-0.2771146604218317	-1.051439080241136	3.692780725453206	0.1235447422680453	0.9613048684268878	-0.2939678177143304	3.164586671431837	3.164586671431802	0.2299241788713293	0.3451618492024888	0.8546132421817135	0.5308054107384299	7.573771239193943e-08	-4.517487785487505e-06	-1.119994369922282e-06	-5.327783076420602e-07	3.072234073604403e-07	-7.472492331346981e-07	-3.274616219794797e-07
0.27	-0.02525444163660611	0.08411127500657732	0.8745567370437116	0.3957647213554482	-0.3726921356639902	-0.1421373713851524	-0.2974404488106915	0.4650156353781625	0.4650156353782032	-0.1243951480393079	-0.1714489909874998	0.1788192244965886	0.1028893536155959	-0.4775299755685903	-0.1531959122731032	-0.2295449878706773	1.725996217258502	-0.003788174269849834	0.5120955527879901	-0.4669335108776642	1.636421099184868	1.636421099184955	0.2916157813176093	-0.03762276215759533	0.5397339059298946	0.1678667085665856	0.009811403519595877	-0.02198646436854497	0.01211807941282218	-0.1874922550654466	0.0535343464088504	-0.02345753281412957	0.03168879375341992	-8.481793072424932	11.24150617339621	-1.580679138760035	-2.133560229215833	-415.4857670849614	-64.44912757665767	-23.25424866160488	-1.05351715907166	-0.2458770550141859	-1.050957764006218	3.444443537540501	0.13702683158054	0.6537770700034249	-0.2214126962781672	2.949419729875503	2.949419729876051	0.2648638406291431	0.151464664642343	0.7725291844426567	0.5345577759545689	4.484195454910315e-08	-4.74997014859427e-06	-8.156581371765729e-07	-5.559256466430519e-07	2.308549166222501e-07	-1.103288136504047e-06	-3.798803232612289e-07
0.28	-0.03008187994577608	0.08256749471530224	0.872208654162403	0.4131939646178022	-0.3727230554152301	-0.1369811566523213	-0.302118973679081	0.4815237253438522	0.4815237253438236	-0.121467880893065	-0.1718140029882672	0.1842539449346345	0.1045946109569941	-0.4878702796571721	-0.1555095715886487	-0.2400759720795708	1.759498366532281	-0.002385694185170914	0.5190204619418231	-0.4686169564380485	1.664837429171125	1.664837429171215	0.2937670969658597	-0.03535744406371026	0.5470809001954301	0.1731738431866712	0.006058408030358054	-0.01918592998490475	0.01232542773489892	-0.1874577340220663	0.05080795581342679	-0.02156002127034897	0.0345745694543183	-9.214156546120451	10.6153944074257	-1.560526032112546	-1.97203479593892	-415.1160385634197	-64.28017897058288	-22.85782638391439	-1.021268848946994	-0.2172978797912442	-1.056191603769363	3.26796231073256	0.1420612382456152	0.8081958585990567	-0.1085601839904971	2.733764963187517	2.733764963187533	0.1385184463482107	0.3703652489450651	0.6981545770567503	0.5245809494410983	2.691557724542205e-09	-4.948860980773294e-06	-3.909514692288294e-07	-5.703277497346996e-07	1.134323144333399e-07	-1.540102464788602e-06	-4.407303415208546e-07
0.29	-0.03501012193730546	0.08100205948914323	0.8697552097945117	0.4309475289134874	-0.3727400787161133	-0.1317587947866604	-0.30680975579361	0.4983050149003062	0.4983050149003731	-0.1185224990338987	-0.1721555796428466	0.189758010917438	0.10635200476939	-0.4976913214597771	-0.1575295863269475	-0.2506078229975531	1.790871269675097	-0.001005915638187754	0.5253100079085902	-0.4693955104056874	1.691071553617778	1.691071553617862	0.295265038481055	-0.03295978508413113	0.5536056124663623	0.1782977105722738	0.002284552382287905	-0.01654324518454458	0.01237809810299914	-0.1875067245303565	0.04804847041327784	-0.01948390767393168	0.03749031744016216	-9.960013048850115	9.90619634276799	-1.518124470416269	-1.808735984601998	-415.0298041094223	-64.30947132669024	-22.42663514964694	-0.9495180095766086	-0.1872850539370264	-1.050904016286897	3.020465111911631	0.1385771366715739	0.5178061327724897	-0.0409095940431838	2.515988496143581	2.515988496142417	0.1479729445296943	0.1741371661960851	0.6104499048867743	0.506029290082035	-3.870969854442399e-08	-4.995310990762337e-06	3.85712806502413e-08	-5.666768192422966e-07	2.22896990469713e-10	-1.905618228779031e-06	-4.877407751363755e-07
0.3	-0.04003397357958984	0.07941783775898316	0.8671966024813457	0.449004524399791	-0.3727427760367709	-0.1264778430279277	-0.3115040047659898	0.5153381961635229	0.5153381961634983	-0.1155636295720923	-0.1724732455184413	0.1953234880935004	0.1081605851870345	-0.5069922098087797	-0.1592668723888605	-0.2611085611345229	1.8201846046521	0.0004795018586488842	0.5307384405576739	-0.4693103280090188	1.715215770494001	1.715215770494078	0.2964646176132509	-0.03057528835529095	0.5593631388483058	0.1834111642363687	-0.001489303265522934	-0.01390056038409303	0.01243076846883451	-0.1875557150383267	0.04528898501320149	-0.0174077940773624	0.0404060654261772	-10.70601815654509	9.194582755559958	-1.472548099489231	-1.640660359881343	-414.9633301066999	-64.36030271221793	-21.96000091868735	-0.9172381582264072	-0.1607521445141809	-1.049969047566843	2.856048677570021	0.1631890282161902	0.6359731950621834	0.06418708887102102	2.315783449101525	2.315783449101514	0.07884596974835134	0.3677327987970665	0.5447173992589246	0.5224982051394915	-7.981551910132442e-08	-4.981643493408853e-06	4.699933304458893e-07	-5.55906382547733e-07	-1.113249828060743e-07	-2.243016249104169e-06	-5.29293344385207e-07
0.31	-0.04514824427535569	0.07781766509919712	0.8645332121501227	0.4673442724874254	-0.372730707043777	-0.1211454309436648	-0.3161929742902949	0.5326021848152837	0.532602184815146	-0.1125957115958249	-0.1727663732259583	0.200942550359519	0.1100194290033805	-0.5157706215536096	-0.1607201433866703	-0.2715542259463867	1.847419320862692	0.001940543239173328	0.5356150097657704	-0.4683380814938993	1.737236663910366	1.737236663910419	0.2970694811052381	-0.02805729904700295	0.564324695823457	0.18834156711511	-0.005386655176807954	-0.010932686686017	0.01237277275034256	-0.1875764761097453	0.04253032728421634	-0.01566676842767191	0.04343805285355503	-11.48815353969868	8.646654014721337	-1.466581178027971	-1.445208511877022	-415.1648527292544	-64.10173791274046	-21.45715599270686	-0.8444716271927217	-0.1305976789801065	-1.039602348934244	2.605310429861944	0.1390068105165607	0.3937920296091079	0.1355677364072634	2.093556274771837	2.093556274768296	0.04314004933770924	0.192868173025442	0.4530069575294076	0.4766197536716039	-1.072775289516814e-07	-4.987235970146531e-06	7.290250268700024e-07	-5.505966139393883e-07	-1.873619140355929e-07	-2.456126580628293e-06	-5.542157069775654e-07
0.32	-0.05034756487748267	0.07620436310911964	0.8617658177405932	0.4859459932045799	-0.3727037386134635	-0.1157681945181384	-0.3208678564887336	0.5500760451984527	0.5500760451983998	-0.1096233782822246	-0.1730345138053843	0.2066074546174677	0.1119272385334	-0.5240021910816717	-0.1618927384471453	-0.2819093767958106	1.872579130555618	0.003459389321552918	0.5397033088108955	-0.4664928628357747	1.757190116801441	1.757190116801471	0.2973476850137693	-0.02557786269146183	0.5685315372340526	0.1932043069710579	-0.00928400708813688	-0.007964812987984972	0.01231477703316194	-0.1875972371813135	0.03977166955519324	-0.01392574277806283	0.04647004028092645	-12.27300742289464	8.096217410567212	-1.456805236051177	-1.250684557032738	-415.4300352664416	-63.89598131352482	-20.91624642756257	-0.807869714872743	-0.1046169570473293	-1.03186625507884	2.441067374036906	0.1747499685872352	0.4783191624677683	0.238781517472001	1.902295344043737	1.902295344043805	0.01351405305713758	0.360022208247478	0.3937742863476827	0.5089656005807031	-1.288074471904976e-07	-5.001202348662975e-06	9.131043957412728e-07	-5.476610488467911e-07	-2.479593024098825e-07	-2.615198786586757e-06	-5.719075449366745e-07
0.33	-0.05562649989218407	0.07458075051403108	0.8588954186470865	0.5047889352053446	-0.3726616006813683	-0.1103532678028971	-0.3255201110711798	0.5677390233651779	0.5677390233650786	-0.1066504907575229	-0.1732777380401259	0.2123106134474354	0.1138829158726772	-0.5317013211168701	-0.1627814942243934	-0.2921458183938094	1.895674293589627	0.004968380804666564	0.543169164413133	-0.4638265689024396	1.775066313968115	1.775066313968152	0.297176948624882	-0.02307481509953295	0.5719803577395316	0.1979077382030611	-0.01300487328421786	-0.005515441743615554	0.01213368496061648	-0.1880673109584983	0.03751220049250305	-0.0120519594580494	0.0493990015003843	-12.89940181585887	7.465894337246954	-1.440593900500493	-1.182914427862377	-415.9264304534207	-63.94983138509319	-20.33926152149641	-0.7384410630248782	-0.07387127888796087	-1.015893094683071	2.193468570592009	0.1394302147415808	0.2633683449752181	0.300276043802801	1.679517043194332	1.679517043195289	-0.04101287089249682	0.1944164909909507	0.3022764885444361	0.448192210226499	-1.500626258908454e-07	-5.037239557700558e-06	1.084409456824865e-06	-5.459378332827044e-07	-3.07309415711947e-07	-2.767613551507253e-06	-5.902951027204065e-07
0.34	-0.06097992749027432	0.07294967708300494	0.8559233831410952	0.5238527743969468	-0.3726042815391291	-0.1049071526144578	-0.3301417581717863	0.5855706105315304	0.5855706105315204	-0.1036810396737365	-0.1734961377077974	0.2180446285936369	0.1158850595894176	-0.5389007077593123	-0.163384905634663	-0.3022366592927154	1.916758568724005	0.006495631350513995	0.545941003450317	-0.4603713664675517	1.790911916743388	1.790911916743431	0.2966603967947563	-0.02061294925456922	0.5747028004808654	0.2024975824637225	-0.01672573948035822	-0.003066070499248603	0.01195259288884192	-0.1885373847357592	0.03525273142980265	-0.01017817613805241	0.0523279627197958	-13.52768723219884	6.830693709384335	-1.417654527586355	-1.122045194353825	-416.4821535936849	-64.06893412999518	-19.72903419529456	-0.7079210363214176	-0.04754808365176545	-1.002746115260308	2.038889794110734	0.1784017811340044	0.3395158494569863	0.396563217782505	1.496176465763573	1.496176465763575	-0.05564903519058398	0.3517858588542909	0.2484987335184839	0.4862482063122615	-1.711865857071485e-07	-5.083818058927341e-06	1.249613355980014e-06	-5.447936503292495e-07	-3.660638155466801e-07	-2.916848643096181e-06	-6.090149445994809e-07
0.35	-0.06640271422495585	0.0713139831967861	0.8528512830162017	0.5431172477626574	-0.3725318512070641	-0.0994363432123581	-0.334725058642824	0.6035504440958719	0.6035504440957846	-0.1007188780695969	-0.1736900683285979	0.2238022001827386	0.1179321694802	-0.5455698169581202	-0.1637074736485878	-0.3121485612952691	1.935803955612375	0.007987842292200682	0.5481109552180224	-0.4561605143555316	1.80472430472793	1.804724304727902	0.2957279983632012	-0.01819056447932555	0.5766963627829483	0.2068971535200456	-0.02054522129691092	-0.0006028867532021072	0.01168336591529699	-0.1890111062357044	0.03294980842659772	-0.0084698084980414	0.05534765586208194	-14.19513259005328	6.277384215444094	-1.41142059418161	-1.021268966601348	-417.2919710744991	-64.06422486374856	-19.08858398876127	-0.6334169459339212	-0.01776034667138783	-0.9802688325802424	1.787508674854361	0.1346063994834837	0.1387700895837728	0.4525782154952943	1.274319345128616	1.274319345117977	-0.1193280344188118	0.1850468957101145	0.1573258938869958	0.413374437759145	-1.912108037953489e-07	-5.041498922390046e-06	1.421767657546027e-06	-5.323610909631689e-07	-4.232165102068151e-07	-3.02403278221674e-06	-6.204049134457571e-07
0.36	-0.07188959426848289	0.06967643379314595	0.8496810925533175	0.5625622041049777	-0.3724445036358318	-0.09394722724274174	-0.3392624041912278	0.621658511416056	0.6216585114160139	-0.09776749900723875	-0.1738602586798947	0.2295762155779234	0.1200225876580389	-0.5517193695278683	-0.1637560091189218	-0.3218547268908828	1.952855164046904	0.00947907918576436	0.5496023169520035	-0.4511803819401582	1.816558667925636	1.816558667925537	0.2945038884404192	-0.01586489535003267	0.5779915616983827	0.2111592398750504	-0.02436470311345999	0.001860296992987357	0.01141413894206859	-0.1894848277356206	0.03064688542345251	-0.006761440857839042	0.05836734900431334	-14.86348689938688	5.718208555251326	-1.397368180707611	-0.9316596809210237	-418.1449742556587	-64.13145127833535	-18.42115983352231	-0.6040097105094023	0.007258425066272554	-0.9615988338723241	1.64005410334251	0.1782069715094201	0.2037978427120671	0.5504192784530925	1.100571508396312	1.100571508396292	-0.1139913334359852	0.3324427296640867	0.1088260561885665	0.4587512660485389	-2.106597723642342e-07	-4.95267948302231e-06	1.597557554219261e-06	-5.140238423966376e-07	-4.795313898525453e-07	-3.109221038507691e-06	-6.279607948594927e-07
0.37	-0.07743531369141295	0.06803975338257216	0.8464149786314392	0.5821676561783568	-0.3723424632488395	-0.08844586452848573	-0.3437463418855536	0.6398749935156666	0.6398749935155633	-0.09483029514817083	-0.174007366731486	0.2353596732539323	0.1221546101675895	-0.5573395655309724	-0.1635355844201447	-0.3313234057195841	1.967910033262786	0.01092368173754995	0.5505605618920049	-0.4454935144728659	1.826414562275991	1.826414562275974	0.2929017211172061	-0.01358487740978536	0.5785889016379799	0.2152136034929569	-0.0281247240867607	0.004128551368513005	0.01105507690461396	-0.1902272872575277	0.0286050652255278	-0.005162447467410859	0.06135807613153647	-15.46934615212635	5.205188941555471	-1.401637584589591	-0.872652475303583	-419.2511205956379	-64.18050439642525	-17.73007278040073	-0.5283193295955038	0.03600630707583284	-0.9329046445068186	1.389383358128963	0.1270553447989133	0.02487084892701271	0.5948668486045554	0.8797460829087325	0.8797460829208928	-0.1892566334763336	0.1717998471469188	0.01834424490788858	0.3746090851335177	-2.287283094481737e-07	-4.854528555221888e-06	1.767106476983939e-06	-4.942127673168156e-07	-5.303955073839125e-07	-3.176642862585852e-06	-6.344553628257615e-07
0.38	-0.08303469403125875	0.06640659158194402	0.8430554974738467	0.6019138929493836	-0.3722260831467995	-0.08293831275894296	-0.3481700016316621	0.6581803640956302	0.6581803640955842	-0.09191029840313546	-0.1741324708993029	0.2411457355857353	0.1243263423484134	-0.5624515529094998	-0.1630522871297914	-0.3405281740337125	1.981012103575343	0.01234702220066492	0.5508401280033592	-0.4391247922960707	1.834336364008492	1.834336364008557	0.2910624657255371	-0.01146411863184361	0.5785124928600842	0.2191011741297582	-0.0318847450597833	0.006396805744564869	0.01069601486635212	-0.1909697467791633	0.02656324502782752	-0.003563454076237394	0.06434880325881137	-16.07494651390864	4.685140238340533	-1.396808271957564	-0.829604213027695	-420.3827425948224	-64.30715805889508	-17.01876134156901	-0.5023679855941031	0.05983294338135325	-0.9088167309577563	1.249494322677458	0.1739545537752973	0.06806207698273231	0.686790220353617	0.7137529848256353	0.7137529848256251	-0.1614089471271476	0.3005908972031255	-0.02592368731018939	0.4253926698274928	-2.460080285407156e-07	-4.751045348317074e-06	1.933089128943727e-06	-4.735595056579703e-07	-5.781449037070721e-07	-3.233912439685274e-06	-6.403434659649063e-07
0.39	-0.08868258614391314	0.06477955959747	0.8396053887412345	0.6217813696791102	-0.3720957882148723	-0.07743058798604792	-0.3525267116441076	0.6765553128380374	0.6765553128380866	-0.08901039421336979	-0.1742368607487275	0.2469276837735345	0.1265357891191211	-0.5670418088751669	-0.1623116141573752	-0.3494399900883311	1.992164778924958	0.01370223306186853	0.5506021563621516	-0.4321097925821848	1.840341429296548	1.840341429296579	0.2888861191649725	-0.00944924448744114	0.5777724889303418	0.2227501767243387	-0.03567879629981986	0.00847935126220099	0.01027038292543455	-0.1918490289100788	0.02458228021463353	-0.002055997816957408	0.06737666987540437	-16.6813797350685	4.207343154611489	-1.401401661989455	-0.7714326322476766	-421.7664037816014	-64.41218745821192	-16.29062361889863	-0.424634583232684	0.08746568848837875	-0.8744459772288929	1.000342916974714	0.1150140221755321	-0.08567924219477402	0.7249674884772931	0.4972185441041879	0.4972185440990282	-0.2511880344847638	0.1469205552693487	-0.1139160877356532	0.3294598929841421	-2.64937558076083e-07	-4.595356861879568e-06	2.122336455699242e-06	-4.419023344391563e-07	-6.399950166620283e-07	-3.271167863070047e-06	-6.434482882993359e-07
0.4	-0.09437383685246947	0.0631611905855828	0.8360677454611734	0.641750810917502	-0.37195219924039	-0.07192843342102716	-0.3568100491311044	0.6949809792820442	0.6949809792820837	-0.08613334159480442	-0.1743221048797681	0.2526990564536365	0.1287806870835163	-0.571123272088076	-0.1613196926124289	-0.3580350835234599	2.001405005309366	0.0150058307182722	0.5497260864201092	-0.4244502872054361	1.844479904316953	1.84447990431695	0.2864921516459076	-0.007634975054607751	0.5763973913234273	0.2261914128673754	-0.03947284753969315	0.01056189678038191	0.009844750981996182	-0.1927283110406831	0.02260131540167248	-0.0005485415568665205	0.07040453649196664	-17.28633922892345	3.721326794544241	-1.395590011191552	-0.733416914453902	-423.1572198533735	-64.59946303352638	-15.54907698905303	-0.4006094350426091	0.1100826578872302	-0.8454722070598116	0.8670045296360098	0.1636319128153183	-0.05955758318392931	0.8156913529261333	0.3404349312954136	0.3404349312954121	-0.2049331388271553	0.2604699548897442	-0.1529424227448446	0.3838393795188101	-2.848948383791123e-07	-4.407147053765959e-06	2.326076530688161e-06	-4.033902687403617e-07	-7.106291826007264e-07	-3.295955452993236e-06	-6.448192635750905e-07
0.41	-0.1001032477520087	0.06155397708222104	0.8324458710394573	0.6618029167817235	-0.3717959690239509	-0.06643732587082844	-0.3610138708011606	0.7134385399906014	0.7134385399905173	-0.08328187152461351	-0.1743896959655379	0.258453459509919	0.1310586880555931	-0.5746780632532642	-0.1600827935162692	-0.3662758637491825	2.008702538997232	0.01623193552498853	0.5483891432718486	-0.416217164503535	1.846721110564918	1.846721110564953	0.2837847753484699	-0.005924205071915567	0.5743813312972457	0.2293701946044159	-0.04322519292440372	0.01249467259179253	0.009360862906096251	-0.1939184203415493	0.02086032648082549	0.0007953877566305913	0.07341527613967215	-17.84389993304726	3.311365422701074	-1.417135811360859	-0.7055400699822462	-424.858140511135	-64.71645569496073	-14.7996363914863	-0.3208263584600613	0.1364481506977394	-0.803938203322213	0.6140384908324247	0.1009028043012483	-0.1872864698910586	0.8416550741419594	0.1194235230507688	0.119423523056477	-0.306729308014729	0.120599214081016	-0.2413894826421755	0.2795071938975444	-2.93045969034913e-07	-4.216355251902247e-06	2.432036561286008e-06	-3.743242619501749e-07	-7.344884695331199e-07	-3.253710487254031e-06	-6.377624342825735e-07
0.42	-0.1058657890434467	0.05996032349286406	0.8287434773608856	0.6819185801232965	-0.3716277171515318	-0.06096289250993279	-0.3651324547751401	0.7319092047718281	0.7319092047718211	-0.08045809310380617	-0.1744413356125886	0.264184611627918	0.1333673987696595	-0.5777493504665802	-0.1586077098114733	-0.3741389348946121	2.014116500783911	0.01741016191974006	0.5463912485538377	-0.407402747988825	1.847100718873034	1.847100718873107	0.2809538217385238	-0.004444687324311858	0.5717472036675723	0.2323333612655041	-0.04697753830926176	0.01442744840339261	0.008876974831179794	-0.1951085296424425	0.01911933756004806	0.002139317070386427	0.07642601578718629	-18.39709137230791	2.892198179022472	-1.427571302820524	-0.7061107446907924	-426.517897855452	-64.91389768535562	-14.04764246427856	-0.3039086446681878	0.1577195796143283	-0.769930391001165	0.4902901493988216	0.1540562304226767	-0.1917478971333094	0.9319501154878224	-0.03188465667445129	-0.0318846566744516	-0.2296486013287703	0.2142195078729522	-0.2765559434433049	0.3407163643285993	-2.931929304383555e-07	-4.023812945801178e-06	2.471705036364485e-06	-3.516623628946372e-07	-7.266359740883584e-07	-3.166019721065749e-06	-6.249918391810589e-07
0.43	-0.1116565663943582	0.05838253708625549	0.8249644053652531	0.7020791311073488	-0.3714481005112691	-0.05551080924545999	-0.3691600843787495	0.7503745621549966	0.7503745621549787	-0.07766383810934287	-0.1744789705254331	0.2698863641754209	0.1357043583107623	-0.5803133450944173	-0.1569165676791016	-0.3816039757396152	2.01767972853849	0.01848892244347864	0.5439559522474462	-0.3980419434393789	1.845670495719639	1.845670495719711	0.277840528755373	-0.003122333309264768	0.5684995684984665	0.2349939012433317	-0.05091915763312203	0.01639641038535884	0.008370237276312288	-0.1961516949680389	0.01697844520179818	0.003291944797568515	0.07955576361699684	-19.10959577188381	2.581373787278536	-1.452272108258146	-0.5298167829065417	-428.4193625983051	-64.92208043648088	-13.29280459324494	-0.2187671476580651	0.1796936946254956	-0.7242123181891168	0.242198974051383	0.08112791197770192	-0.2804083567066312	0.9503300186866375	-0.2435065360027399	-0.2435065360029902	-0.3611377687997883	0.0856137154542455	-0.3645848145409195	0.2193526991690528	-2.54593041970109e-07	-3.835784337972123e-06	2.040024544405232e-06	-3.546342562609606e-07	-6.216617837790563e-07	-2.872957746749611e-06	-5.591122773447359e-07
0.44	-0.1174702081467211	0.05682263853388547	0.8211127986837827	0.7222658863460504	-0.3712584278760847	-0.05008527651585702	-0.3730916690580659	0.7688166342283217	0.7688166342283558	-0.07490250966947716	-0.1745045078243267	0.275552496869043	0.1380660492285738	-0.5823222307549523	-0.1550301389637597	-0.3886458720621335	2.019357351715587	0.0194213609122586	0.5410811415685027	-0.3881937631293716	1.842443656913016	1.842443656913088	0.2743685108925885	-0.002025164608858029	0.5646232328934969	0.2372796366075484	-0.05486077695689033	0.01836537236781975	0.00786349972035588	-0.1971948602934626	0.01483755284373688	0.004444572525471546	0.08268551144675357	-19.81875123822578	2.261952942508125	-1.466451873975576	-0.3787334641721855	-430.2910382090731	-65.01241707088381	-12.53514578416664	-0.1928868512077997	0.1967768962082145	-0.6853014865041688	0.1131692339022884	0.1247918194313984	-0.2796507716425081	1.029425267600016	-0.3912077873202587	-0.3912077873202406	-0.3013935772553779	0.1691824449465942	-0.4022960306162501	0.2657554416069393	-1.874428430700912e-07	-3.651081613080341e-06	1.261034287260279e-06	-3.764942072012871e-07	-4.451242393590397e-07	-2.428569619076107e-06	-4.540997926511851e-07
0.45	-0.1233015373296538	0.05528261446620787	0.8171929700657281	0.7424605393533016	-0.3710594064242196	-0.04469196841268848	-0.3769222270807356	0.7872177652732043	0.7872177652728974	-0.07217521322847888	-0.1745203170641037	0.2811771409770535	0.1404498109884454	-0.5838683423346851	-0.1529360041426783	-0.3952390342624144	2.019263418501038	0.02035989381075615	0.537514935739927	-0.3778444869089038	1.837478931438401	1.837478931438433	0.2710438349901898	-0.001166760437847278	0.5602144744565472	0.2394110948369403	-0.05846470699114888	0.01990081441064724	0.007290782957329391	-0.1991122680086667	0.01373417688500143	0.005534626424190637	0.08560826016757545	-20.21377071750827	1.948376124268639	-1.520024600437219	-0.4925955265593096	-432.4717900700883	-65.22177336682546	-11.77499887522136	-0.1242123301934642	0.2214550972219501	-0.6342743261663042	-0.1171782483327345	0.07511846331198611	-0.4053022593818668	1.048681973671136	-0.5945665333301274	-0.594566533336102	-0.3555343167766131	0.0397484762822826	-0.4739800193797027	0.1780529903029963	-1.646294459634548e-07	-3.564423680052669e-06	1.00454652652284e-06	-3.828472191489349e-07	-3.772495684447196e-07	-2.267282985817549e-06	-4.172995832689995e-07
0.46	-0.129146075432157	0.05376467641117435	0.8132096196777947	0.7626449522985043	-0.3708516527557466	-0.03933636172201534	-0.3806470917063298	0.8055601567419373	0.8055601567418036	-0.06948266948891638	-0.1745284264482253	0.2867549346468792	0.1428531297259481	-0.5849640146678166	-0.1506129364349438	-0.4013502260378321	2.01730933931859	0.02116780423956247	0.5335408590745797	-0.3670550837123816	1.830695741731856	1.830695741731848	0.2674179702858999	-0.0004851933426452983	0.5552531452537806	0.2411910321342194	-0.0620686370261792	0.02143625645274721	0.006718066200966855	-0.2010296757243941	0.01263080092598857	0.006624680321806535	0.08853100888788133	-20.6060529674328	1.630017164089143	-1.567919671991351	-0.6231420858047056	-434.6264142995321	-65.47653219132299	-11.01311240595102	-0.1027990018873998	0.2425634735387412	-0.5889074015314215	-0.2588599596770533	0.09866732549439566	-0.3612249389947901	1.117450662810753	-0.7549006337067481	-0.7549006337067991	-0.3616313376334622	0.1338150297874648	-0.512810183779696	0.1954512551853332	-1.772854902915228e-07	-3.556201580516285e-06	1.166060762911409e-06	-3.767946799024398e-07	-3.963051963349555e-07	-2.332477548090946e-06	-4.350691941359054e-07
0.47	-0.1349991964529909	0.05227095907505862	0.8091676108571642	0.7828007480485426	-0.3706365571917624	-0.03402235941706494	-0.3842620271232655	0.8238258959628089	0.8238258959624339	-0.06682791046789337	-0.1745307406774502	0.2922803241404082	0.1452722881227082	-0.5855738463813539	-0.1481075361671194	-0.4069659832947734	2.013560466337298	0.02184050003438906	0.529168928791118	-0.3558736588724316	1.822173409647409	1.822173409647402	0.2635390559268854	-2.021015462880325e-05	0.5497331322785987	0.2425903491931346	-0.0660358570647223	0.0229953291376285	0.006107881348362012	-0.2023375393917382	0.01041137089406406	0.007760188934342748	0.09165779163479237	-21.36644655332239	1.316827596753146	-1.571471393425144	-0.3894837490216164	-436.9278123455792	-65.70483346939632	-10.2505776759048	-0.02715503426648159	0.257902700001895	-0.5351577005410887	-0.4763352052987366	0.05007175247205344	-0.489186218744089	1.1272395149473	-0.9426147467064837	-0.9426147467062408	-0.4007121651548903	-0.003401006849470501	-0.5854891335071218	0.1050408199456929	-1.815911836124618e-07	-3.345044346690177e-06	1.296615409539603e-06	-3.471232733850519e-07	-4.067938206651052e-07	-2.273189776651114e-06	-4.315884427867092e-07
0.48	-0.1408558317466045	0.05080297062094091	0.8050719949014108	0.802910368221139	-0.3704150344606585	-0.02875487824409829	-0.3877633980677351	0.8419980688124182	0.8419980688123168	-0.064211878725214	-0.174529653271078	0.2977477350483676	0.1477040134677946	-0.5856668692220081	-0.1454671600353405	-0.4120716530623873	2.008074223838312	0.02245323766911444	0.5242366326786613	-0.3443421892180583	1.811982467527254	1.811982467527249	0.2596725143630141	0.0001951342270448244	0.5436574281386303	0.2437044218000664	-0.07000307710365777	0.02455440182214986	0.005497696501346672	-0.2036454030593546	0.008191940861992764	0.008895697546247619	0.09478457438141379	-22.1242375438725	0.9972322921797336	-1.567204996472088	-0.1711987782976122	-439.2083306030539	-65.98915202893433	-9.488825723875856	0.0005627726893305685	0.2695586463296065	-0.4868899036659113	-0.6063338632155453	0.08667569347461289	-0.4732981047932031	1.187459625695326	-1.088622640848296	-1.088622640848308	-0.3591567786050014	0.08388726851942212	-0.6239484167371095	0.1384023647887349	-1.78649402474383e-07	-2.957754732159779e-06	1.400299468828606e-06	-2.969524726325494e-07	-4.098469324714066e-07	-2.105860734441307e-06	-4.096639808348583e-07
0.49	-0.1467110843471912	0.04936217040393659	0.8009279092949619	0.8229567067106413	-0.3701875899728169	-0.02353827846727367	-0.3911476181910934	0.8600602203551002	0.8600602203555183	-0.06163486247717986	-0.174526627221867	0.3031519665705893	0.1501456307092319	-0.5853110028609241	-0.1426582269921375	-0.4166540573391636	2.000904846673152	0.02302938631935312	0.5190058162715661	-0.3324493036321383	1.800184015759893	1.800184015759904	0.2557439992530161	0.0003863528822176111	0.537129016479334	0.2445838492537829	-0.07353293299728261	0.02581629042782239	0.004839635475557605	-0.2059485642053964	0.007407757339246325	0.009811630265038543	0.09763852080073583	-22.4432234879998	0.7548889703042364	-1.642329549576403	-0.3594720905659013	-441.6656335433079	-66.23310037170745	-8.729517171093304	0.06396868880877124	0.2917045637417718	-0.4302863220299808	-0.8155637906866388	0.04214986497415715	-0.5599771260000639	1.198082798250471	-1.264950430223992	-1.264950430221635	-0.4080643839172187	-0.01662520803347137	-0.6763843381972999	0.05770128451459875	-2.096088634223782e-07	-2.645246939517134e-06	1.917111341854041e-06	-2.28414730808126e-07	-5.008271468209765e-07	-2.093792199959358e-06	-4.435199912678332e-07
0.5	-0.152560604259979	0.04795048830344851	0.7967407255192763	0.842922686598969	-0.3699545709156972	-0.01837638759788459	-0.3944113335039529	0.8779964885833573	0.8779964885834894	-0.05909680448375255	-0.1745223618598339	0.3084890946166713	0.1525950398949732	-0.5845203316603225	-0.1396435367320905	-0.4206912869097237	1.992002503607064	0.02356815153646918	0.5132948511712504	-0.3202412271177955	1.78680580457079	1.786805804570819	0.2518808638743024	0.0004429966552898374	0.5302367329131907	0.2452628106615569	-0.07706278889088491	0.02707817903413358	0.004181574439954294	-0.2082517253511169	0.006623573816776415	0.01072756298492615	0.100492467219962	-22.76043310414422	0.506652748229715	-1.710138253172167	-0.5669920210533117	-444.1139509515852	-66.53428879038415	-7.976256392616734	0.08752374059266717	0.3107100896983657	-0.3778549624227183	-0.9529270434012931	0.07919900684923406	-0.5693278434378567	1.250497811379859	-1.404574525196347	-1.40457452519641	-0.3460808323485108	0.05697229209827623	-0.6967227981066513	0.09830915559964964	-2.724753757455023e-07	-2.403122038062964e-06	2.822749392513768e-06	-1.425904562101297e-07	-6.745622812112703e-07	-2.227851202162451e-06	-5.298752698277032e-07
0.51	-0.1583998265511612	0.04656979956033244	0.7925159835750815	0.8627908130308894	-0.369716949318547	-0.01327151608446258	-0.3975517962785096	0.895790826954182	0.8957908269528446	-0.05659988040535181	-0.1745174010338137	0.3137550504345562	0.1550491303777073	-0.583250555083026	-0.1364793167783429	-0.4241595765892011	1.981354807048595	0.02396306545102482	0.5075856117294938	-0.3078148482922773	1.77179824085893	1.771798240858954	0.2475501451405585	0.0005253363534258567	0.5228757414396782	0.245525555137045	-0.08092067397803666	0.0285043783456582	0.003492036073307065	-0.2099739554460208	0.004701228779057841	0.01156400006768905	0.103510636551142	-23.46749873717922	0.3299120660334555	-1.753605127974777	-0.3400581353944083	-446.7326932078589	-66.66121907344386	-7.254167135752467	0.1577098494453229	0.3214923667267897	-0.3168396312487916	-1.160928953068825	0.02033576185908682	-0.5863522797451859	1.244179843481666	-1.588276889579342	-1.58827688957997	-0.4698824907049215	-0.0191680672501266	-0.7676903938533743	-0.01423280755690543	-3.066512722796837e-07	-2.001809169040851e-06	3.440270840578565e-06	-5.506599270965792e-08	-7.769457583199672e-07	-2.149951550382675e-06	-5.71249810971054e-07
0.52	-0.1642241500299382	0.04522119590045897	0.7882594540019841	0.8825444148989376	-0.3694752389466517	-0.008226663022687751	-0.4005669008797539	0.9134272037676816	0.913427203767545	-0.05414492652559756	-0.1745122233900065	0.3189450157233702	0.1575049503249764	-0.5815405691794786	-0.1332265200835691	-0.4270488126902554	1.969097590850475	0.02438590649015141	0.5012911608792328	-0.2951695924529888	1.755213493331128	1.755213493331147	0.2434868225337091	0.0004863610148419493	0.5150386270909689	0.2456087035692449	-0.0847785590663537	0.029930577654915	0.002802497741660093	-0.2116961855419661	0.00277888374050186	0.01240043714663103	0.1065288058815827	-24.16990568554765	0.14269927601893	-1.784371104989641	-0.1453852361028341	-449.3011758898168	-66.87534028202001	-6.571775896954974	0.175565605843216	0.3284254379038363	-0.2620442467381208	-1.27483097133103	0.08478443176474655	-0.6863701251393485	1.29427321413365	-1.720011288384818	-1.720011288384848	-0.2926016069701223	0.032709284752512	-0.791947373145829	0.06238994694114741	-3.115510302537192e-07	-1.438059598418794e-06	3.763795755383223e-06	3.419335742599302e-08	-8.065214218760134e-07	-1.855767557804052e-06	-5.667256404648948e-07
0.53	-0.1700292288111942	0.04390558196187652	0.7839769112307174	0.902167637241481	-0.3692293121318118	-0.003245352158300566	-0.4034545026201153	0.930890236493644	0.9308902364940317	-0.05173106847628979	-0.1745068281697831	0.324054465306393	0.1599604757814631	-0.579394959652395	-0.1298789696831104	-0.4293618270594573	1.955279541817231	0.0247918270693247	0.4949052562030159	-0.2823315023274625	1.737159599550329	1.737159599550382	0.2392923918475863	0.0005621455729812649	0.5067939152792211	0.2454516667901124	-0.08848542990115336	0.0311251387576321	0.002169803330873261	-0.2137644352943243	0.001323116940004763	0.01303837683550776	0.1094222050208345	-24.74097466727197	0.04570134001875659	-1.860366218522877	-0.04898637827898182	-451.9020197463278	-66.96972557422338	-5.929440157476823	0.246068790761994	0.3405307486720436	-0.20140726788105	-1.475430845733137	0.01681640666291581	-0.6251062979517882	1.281464905588235	-1.882983404198228	-1.882983404193268	-0.4818089497081256	-0.008869941116432299	-0.8493914179646141	-0.06174703212729125	-3.066127213607115e-07	-1.007033267200876e-06	3.908140577045991e-06	9.682216392561541e-08	-8.073087750864221e-07	-1.580296176577745e-06	-5.520850174846395e-07
0.54	-0.1758104494642672	0.04262396570880819	0.7796741428685858	0.9216446512983862	-0.3689796620040958	0.001670018527653012	-0.4062131458604581	0.9481657492858898	0.9481657492859572	-0.04935894376694159	-0.1745014516988955	0.329079736104724	0.1624130315617988	-0.5767689435406467	-0.1264269829807468	-0.4310939308632726	1.939855933727344	0.02513056907503485	0.4881031251633985	-0.2693778924488736	1.717709506518721	1.717709506518809	0.2351401551506332	0.0004826108325721088	0.4982028701564768	0.2450147683395256	-0.09219230073590143	0.0323196998613424	0.001537108905531685	-0.2158326850463182	-0.0001326498600763987	0.01367631652612608	0.1123156041599815	-25.30822889650213	-0.06064079784457847	-1.924959389987246	0.01185798328383177	-454.4627125862447	-67.15592427309547	-5.327146523500446	0.2716469227758637	0.3493126982846989	-0.1458621336608468	-1.595942782659926	0.07134871707108649	-0.7696153978203357	1.31737716474611	-1.99925113854647	-1.999251138546458	-0.284162809136122	0.001645425041741417	-0.861214035345291	0.006417612649789677	-2.907897427424642e-07	-7.22849668940732e-07	3.854243593530491e-06	1.299873902321847e-07	-7.762452317442103e-07	-1.325528110039108e-06	-5.262517236819799e-07
0.55	-0.18156321506697	0.04137734544213607	0.7753570055204061	0.9409596555014476	-0.3687267458965524	0.006516131303275311	-0.4088416379652622	0.9652398102896242	0.9652398102896128	-0.04702840269372748	-0.1744969022282302	0.33401741641031	0.1648600430849646	-0.5737151847759716	-0.1228837341955061	-0.4322295464098465	1.922881758875478	0.0254477653733093	0.4810797681933118	-0.2563072663938851	1.696859974554089	1.696859974554097	0.2309561175795832	0.0004222955636231624	0.4892728838618632	0.2443414908076549	-0.09582822015942519	0.03341633485936941	0.0009811594948020248	-0.2181739492206856	-0.001426887532755911	0.01412416026083128	0.1151428244003959	-25.85466776899109	-0.06664315684565938	-2.030024546900897	0.1106098781550021	-457.2133480639197	-67.21570405736516	-4.764478038359412	0.3325709491164478	0.3588610077927877	-0.08196427115492566	-1.78765986352398	0.01061134498042797	-0.675129927374359	1.303894643695079	-2.164109744597343	-2.164109744609576	-0.4873427287966823	-0.009919895858402437	-0.91796551172528	-0.1114736493945959	-2.748488572180311e-07	-4.851660514870208e-07	3.784962044589329e-06	1.557031911573135e-07	-7.409972500930657e-07	-1.09175670558858e-06	-5.029899962682655e-07
0.5600000000000001	-0.1872833769628478	0.04016656367114598	0.7710316014155614	0.9600970169505396	-0.3684709165742753	0.01129072369298554	-0.4113390259459546	0.9820981148699229	0.9820981148697762	-0.04474006569546821	-0.1744929658888617	0.3388639819359189	0.1672988671901518	-0.5702482021791774	-0.1192592838443413	-0.4327472821962146	1.904327382940647	0.02571321202268281	0.4737990479923243	-0.2431570676260838	1.674558221822446	1.674558221822373	0.2266993401002037	0.0003599845748403078	0.4799799141590252	0.2433772847442029	-0.0994641395834404	0.03451296985684599	0.000425210085186676	-0.2205152133951988	-0.002721125205574318	0.01457200399469313	0.1179700446404355	-26.39834467207672	-0.08066737246995398	-2.125198635800306	0.1759719505969215	-459.9339100022645	-67.36153351358404	-4.240771518663348	0.3542916891996668	0.3655530114695064	-0.02228618161976972	-1.911982999252867	0.06099878729072779	-0.821088044001081	1.333291707308558	-2.289695291948526	-2.289695291948643	-0.2987107908020838	0.001246281073920903	-0.9338107169901947	-0.05176809366696716	-2.587664834061753e-07	-3.032824110010275e-07	3.697219017137373e-06	1.724796816247142e-07	-7.007279424712017e-07	-8.831812956437788e-07	-4.828141485212851e-07
0.5700000000000001	-0.1929668911571858	0.03899237585538892	0.766704098972686	0.9790412411682903	-0.3682125249591214	0.01599145083617745	-0.4137045036117954	0.9987264546190224	0.9987264546191494	-0.04249452272115214	-0.1744894773194062	0.3436159600031682	0.1697268165169074	-0.5663833293231962	-0.1155698379652196	-0.4326486823046374	1.884262446900121	0.02596018463394104	0.4662990028090349	-0.2299358195779182	1.650884926309776	1.650884926309732	0.2224060796646522	0.000326493444753822	0.4703634068885261	0.2421668661268516	-0.1031176544891275	0.03536097564961783	-4.650709467326933e-05	-0.2228245887331669	-0.004203295974090629	0.01499292963375457	0.120770743694276	-27.00917660512887	-0.07925453345898179	-2.213684032466381	0.3413523266127402	-462.6777665389917	-67.518842224035	-3.755082468920258	0.4132670184277886	0.3719429710432477	0.04147609567348951	-2.092028872260399	0.005251397873092678	-0.7220053908809798	1.31693824835113	-2.439772655559695	-2.439772655555621	-0.4951086239764754	-0.006651061985324332	-0.9834278770788103	-0.1629395030663462	-2.408771972109093e-07	-1.107159808932658e-07	3.584692534809855e-06	1.893344489279083e-07	-6.570976541374645e-07	-6.661701706120044e-07	-4.585880086189428e-07
0.58	-0.1986096202360301	0.03785534301740442	0.7623806911329528	0.9977771600324437	-0.3679519226378991	0.0206156690004546	-0.4159376894181999	1.015111336218219	1.015111336218293	-0.04029200734291248	-0.1744865245111041	0.3482702015687138	0.1721412095060285	-0.5620911790820635	-0.1118282882898282	-0.43192836156778	1.862666312227221	0.02615535323839514	0.4584972522102735	-0.2166986957385104	1.625866591811786	1.62586659181177	0.2180938210673487	0.0002528322372050593	0.4604326138180757	0.2406660172176127	-0.1067711693951261	0.03620898144227348	-0.0005182242803367939	-0.2251339640711597	-0.005685466742576478	0.01541385527276012	0.1235714427478463	-27.61808658774356	-0.0854734173126479	-2.29261819129906	0.4760165049318207	-465.4054823233002	-67.7586912671605	-3.306318436253197	0.439747166229952	0.3759737707233461	0.1020579874362075	-2.218222725727586	0.05063798592944714	-0.8814291270959935	1.336466865556939	-2.558703089012499	-2.558703089012579	-0.3025104231524397	-0.006787734419381707	-0.9966678769805567	-0.1098541520448831	-2.206347227953884e-07	9.576291941958691e-08	3.439889925202537e-06	2.062911581567866e-07	-6.090902746440792e-07	-4.38172998025104e-07	-4.290870696305482e-07
0.59	-0.2042074856646916	0.03675593491178399	0.7580675723659727	1.016289853468433	-0.3676893927532968	0.02516070383474219	-0.4180384794441213	1.031239588601814	1.031239588602006	-0.03813256559076678	-0.1744841044227567	0.3528237142579905	0.174539469351943	-0.5574167038510739	-0.1080490748642721	-0.4305911856410776	1.839630923428408	0.02634410447290733	0.4504731176628302	-0.203476400623104	1.599572161712456	1.599572161712459	0.2137807274067768	0.0002240828937054404	0.4502228072270085	0.2389371840560071	-0.1102465814790261	0.03698554945951792	-0.0009006829659752386	-0.2276393702726855	-0.006922688021506694	0.01564255929194544	0.1262006967051157	-28.16794835954379	0.006947388344931177	-2.416403223513187	0.6204288201721979	-468.0992562294826	-67.84154360977563	-2.89320281800016	0.4910687810992478	0.3795770687683681	0.1650621302982768	-2.382436619255891	0.001480391729945902	-0.7687640228905627	1.312547158143805	-2.696489089191779	-2.696489089189045	-0.4977415682930033	-0.001338825232550607	-1.040199501973781	-0.2121479487208921	-2.012755731143502e-07	2.644462932132993e-07	3.28786948860792e-06	2.179788178556159e-07	-5.618144777934827e-07	-2.363331252909261e-07	-4.01544813799244e-07
0.6	-0.2097566521251188	0.03569445532847808	0.7537709283052627	1.034564945083953	-0.3674252780164514	0.02962432564267726	-0.4200075592541679	1.047098561460702	1.04709856146092	-0.03601666132162504	-0.1744820558858276	0.3572737163909986	0.1769188908561395	-0.5523513854374835	-0.1042425838269232	-0.4286334203137408	1.815145948137661	0.02647232368815631	0.4422146469425222	-0.1903566525632251	1.5720106868612	1.572010686861223	0.209386324514879	0.0001785219135031393	0.439730502563791	0.2368983488743031	-0.113721993563207	0.0377621174766118	-0.00128314165344592	-0.2301447764742543	-0.008159909300441089	0.01587126331094453	0.1288299506621378	-28.71742702687461	0.09336586541838679	-2.532450326231912	0.7375693792889779	-470.7945383217142	-67.99935150877485	-2.5144035797253	0.5179158027500895	0.3814292930817778	0.2261758675630424	-2.508140024114264	0.03853158207655892	-0.9282963616693499	1.315957454451374	-2.812112039397502	-2.81211203939745	-0.3187722694176004	-0.01015006176060325	-1.053167491410775	-0.1718545560649289	-1.831660047650196e-07	3.796628246140776e-07	3.125638467494686e-06	2.222127001704729e-07	-5.155736027302471e-07	-7.14962621045062e-08	-3.767733780438245e-07
0.61	-0.2152533414140093	0.03467112395848469	0.7494969306834227	1.052588274945593	-0.3671599641317349	0.03400417066552264	-0.4218459612924089	1.062675879304033	1.062675879304174	-0.03394471518355151	-0.1744803831893482	0.3616175342470864	0.179276698716198	-0.5469226093707457	-0.1004239178103318	-0.4260636555448574	1.789290531678112	0.02658441641751014	0.4337157189327966	-0.177354167190011	1.543258148792715	1.543258148792737	0.2049934568305728	0.0001482783140838364	0.4289927584926481	0.2346156361599489	-0.1171158842812089	0.03839686432879685	-0.001575781809404651	-0.2326353682873584	-0.009432365937106059	0.01602323264047317	0.1313541164381053	-29.28444059239626	0.2196394141201125	-2.65880382632978	0.9189296641709291	-473.4088294292603	-68.10155858439634	-2.168561188413864	0.5649319675719521	0.3820960655545307	0.2876465481008937	-2.658683460213901	-0.003852683910583545	-0.8167993489547949	1.287832263268385	-2.935962290109026	-2.935962290109259	-0.5009097223851848	-2.638879356547767e-05	-1.090108828723715	-0.2640504296429882	-1.652701264533774e-07	4.835968730310677e-07	2.954987442254492e-06	2.247170921232774e-07	-4.698217383290048e-07	8.141218767812492e-08	-3.514360035466066e-07
0.62	-0.2206938282504368	0.03368598141057827	0.7452516846625823	1.070346162441949	-0.3668938094801862	0.03829780474260607	-0.4235552508400171	1.077959844246776	1.077959844246838	-0.03191697086325812	-0.1744791259047261	0.365852768469712	0.1816101652890072	-0.5411108949465741	-0.09660481940952977	-0.4228831001137809	1.762057475085002	0.02664047705585583	0.4249724577898579	-0.1645341544362984	1.513340106742843	1.513340106742865	0.2005459609683522	9.543952423514418e-05	0.4180137758712071	0.2320300914247112	-0.1205097749994356	0.0390316111809397	-0.00186842196580195	-0.2351259601004722	-0.01070482257375032	0.01617520196995776	0.1338782822138564	-29.85218765873649	0.34077837202005	-2.778325723403011	1.076553296074267	-476.0404241081213	-68.27264414489032	-1.854202695129281	0.5945034742368425	0.3815157699237973	0.3483340000016057	-2.783668050826443	0.02732516387478013	-0.9771629883122736	1.279462930551051	-3.04521283567479	-3.045212835674787	-0.3296979050004844	-0.01466909984698002	-1.101415201470539	-0.2324209602419107	-1.477030020458711e-07	5.701732553191527e-07	2.771382564511283e-06	2.245607296729242e-07	-4.248221980231371e-07	2.159692322241576e-07	-3.252279540620068e-07
0.63	-0.2260744341498997	0.03273898737871325	0.7410412664861253	1.087825133352435	-0.3666271538038982	0.04250269810061817	-0.425137266209329	1.092939025088918	1.092939025088947	-0.02993355206038525	-0.1744783362387301	0.3699771319601076	0.1839165923697718	-0.5349502775950978	-0.09279789204782646	-0.4190996257926736	1.733517433148564	0.02668401515700912	0.4159710489794541	-0.151913061636053	1.482312378365383	1.482312378365346	0.1961241545714591	5.679809847032813e-05	0.4068229136724729	0.2292064837003324	-0.1237682951908533	0.03958103872002888	-0.002072392075951546	-0.2376538163634037	-0.01189346948624151	0.01622151311335466	0.1362622944583081	-30.40136129901352	0.5162291291938869	-2.919845079729328	1.26830429759589	-478.5753588226686	-68.3562315827363	-1.569788775411506	0.635838906580054	0.3797403487945012	0.4084112276939262	-2.922075999279187	-0.008572889166634295	-0.8671600709176081	1.246811123596213	-3.15904357362116	-3.159043573630071	-0.5004079096873545	0.001220210102843677	-1.133299131397284	-0.3150731182476551	-1.30914237578523e-07	6.401798833156701e-07	2.586347147389714e-06	2.223194211361665e-07	-3.813618523602556e-07	3.335915355696225e-07	-2.996871279328514e-07
0.64	-0.2313916342676483	0.03182995444636517	0.7368716944687859	1.105012123096691	-0.3663603509510883	0.0466164713218423	-0.4265943949168736	1.107602430500317	1.107602430500321	-0.02799474850211628	-0.1744779966120895	0.3739885113480491	0.1861932348853493	-0.5284297386045603	-0.08901259950614183	-0.4147138682902325	1.70366124184304	0.02666991236206149	0.4067484304285472	-0.1395568220823899	1.450185020594352	1.450185020594256	0.1916229120684383	5.431634485161238e-06	0.3954169553808486	0.2260731783874973	-0.1270268153824667	0.04013046625917927	-0.002276362187105393	-0.2401816726263327	-0.01308211639867916	0.01626782425688741	0.1386463067025599	-30.95247662314881	0.6876041735282798	-3.055669697061596	1.440074934566636	-481.1435730700113	-68.50174635005716	-1.313927115695773	0.6664878020491146	0.377188805919915	0.468790636268308	-3.04689792464368	0.0157969846544819	-1.02140493641306	1.22649228123461	-3.265138714388997	-3.265138714388995	-0.3455851262259926	-0.01721410749135283	-1.144434420048765	-0.2943604779333638	-1.154297519298184e-07	6.824209770938846e-07	2.39891461022873e-06	2.165844191573255e-07	-3.404806977207567e-07	4.228367050114329e-07	-2.75264351750657e-07
0.65	-0.2366419598134682	0.03095863230042012	0.7327489550340469	1.121894228405431	-0.3660937803991488	0.05063674499555398	-0.4279292769987379	1.121939272343343	1.121939272343383	-0.02610090978912848	-0.1744781166172598	0.3778848808121046	0.1884373056913625	-0.5215781212833961	-0.08525840730304327	-0.4097353164585064	1.672548984525963	0.02663663914501398	0.3972789315420496	-0.1274743010789516	1.417011173916977	1.417011173916901	0.1871227159950373	-3.160535146708023e-05	0.3838263051775959	0.2226912050604971	-0.1301557660993877	0.04057656949533275	-0.002395450538184389	-0.242701438732658	-0.01421045422723822	0.01624652521252098	0.1408982705547939	-31.48669814533296	0.8916414779875902	-3.203849796752275	1.63807284262129	-483.5858303451392	-68.59566132162988	-1.085292390805225	0.7030851645417137	0.3735903594723884	0.5271299759456654	-3.175023895130911	-0.01441090427642667	-0.9140329622481714	1.190925991984583	-3.369281863029007	-3.36928186302619	-0.5054913178317016	0.003196316998587312	-1.170946774654825	-0.3679671024622924	-1.002461433037769e-07	7.143406075997563e-07	2.20697490004404e-06	2.091521019719759e-07	-2.997118639946266e-07	4.998702400379906e-07	-2.507138380701662e-07
0.66	-0.241822051892593	0.03012466326289959	0.7286789496214899	1.138458884289008	-0.3658278468652582	0.05456146156088552	-0.4291449750741506	1.13593922087586	1.135939220875965	-0.02425272393068	-0.1744785780300363	0.3816644304832934	0.190645986495629	-0.5143830452665519	-0.08154197782123536	-0.4041670638537734	1.640171356813253	0.02654250875231998	0.3876370087563382	-0.1157200207920474	1.382806358494917	1.38280635849486	0.182492341124237	-6.284989155492041e-05	0.3720529968066961	0.2189951780383523	-0.1332847168164825	0.04102267273134869	-0.002514538887120225	-0.2452212048389781	-0.0153387920558269	0.01622522616789552	0.143150234406861	-32.02379499001093	1.092334445729963	-3.347100666712454	1.8194130989814	-486.0751883558239	-68.7449574398554	-0.8826505369212905	0.7351795411851956	0.3696362616616438	0.5867307908696774	-3.299972003770359	0.003625549525269309	-1.055889716255886	1.160844137927818	-3.471332463326148	-3.471332463326151	-0.3716208857058003	-0.01605561831859357	-1.180966053578375	-0.3571712169624169	-8.561270980489088e-08	7.273867052647725e-07	2.006793502044575e-06	1.986161226947246e-07	-2.591484170815142e-07	5.545739292766572e-07	-2.259297472499335e-07
0.67	-0.2469286118631295	0.02932761893881324	0.7246675125691733	1.154693770377716	-0.3655629383773045	0.05838838086000658	-0.4302448487052504	1.149592225591851	1.149592225591918	-0.02245068994295778	-0.174479332608439	0.3853254519550185	0.1928164987918864	-0.506874762636365	-0.07787776451736385	-0.3980264629191412	1.606611398717994	0.02643288366391736	0.3777037627501035	-0.104328834537401	1.347639597529624	1.347639597529651	0.1779099284257583	-9.603989664204987e-05	0.3601253941639341	0.2150604755346017	-0.1362146318942322	0.04141382507432292	-0.002558930037175437	-0.2476926695579472	-0.01638118538565207	0.01612057982628963	0.145204141280325	-32.53252543283087	1.333345543626212	-3.507159952607456	2.032223306700862	-488.3401382369688	-68.80845892628554	-0.7047921804688694	0.7667811723067215	0.3632205545334605	0.6417608770734893	-3.413182769136328	-0.0195259957273299	-0.9686611693801934	1.117136503271233	-3.562554107699886	-3.562554107687288	-0.5021696007311546	0.002250211100480258	-1.202512335285433	-0.4189812494208563	-7.195438428807765e-08	7.278393373750737e-07	1.807142578844669e-06	1.869384418950854e-07	-2.210636533392938e-07	5.924256620647278e-07	-2.014549037924746e-07
0.68	-0.2519584632976908	0.02856689808572227	0.7207202887526661	1.170587221874097	-0.3652993800317804	0.06211464387375367	-0.4312330343469981	1.162888921459271	1.162888921459323	-0.02069460370995706	-0.1744805789062961	0.3888664264071837	0.1949461917666377	-0.4990413380713266	-0.07427728362215572	-0.3913244166918355	1.571884438353424	0.02627248026735332	0.3675057516809616	-0.09338242292120799	1.311544588781572	1.311544588781684	0.1733027901747914	-0.0001611937935287602	0.3480435928947626	0.2108313137372907	-0.1391445469722209	0.04180497741727812	-0.002603321186855973	-0.250164134276914	-0.01742357871545255	0.01601593348466226	0.1472580481535485	-33.04505368963007	1.571768794995959	-3.663090338244329	2.231860190712686	-490.6655393415205	-68.92017688054683	-0.5505523238003001	0.8002079281555625	0.3568897799288128	0.6990198494043699	-3.533372457632663	-0.006530112106935527	-1.108842728837292	1.071889210237218	-3.656982019878027	-3.656982019878033	-0.3765659962033947	-0.02244839667843407	-1.21180577886053	-0.4160630756745118	-6.024627473540995e-08	7.031050383759457e-07	1.608552605243884e-06	1.729773580506702e-07	-1.879362559388578e-07	5.965734819516072e-07	-1.775985550605635e-07
0.6899999999999999	-0.2569084388984727	0.02784184207232201	0.7168428570860194	1.186127725167233	-0.3650375490824476	0.06573763724495306	-0.43211393633469	1.175820160565682	1.175820160565715	-0.01898456247860909	-0.1744824615177799	0.3922858942737499	0.1970323323388931	-0.4908998745897503	-0.07074637206131058	-0.384070545502252	1.536025111429361	0.02608268284975481	0.3571058795398017	-0.0828770223138567	1.274556187609788	1.274556187609834	0.1686420154296156	-0.0002043674790402947	0.3358265541754412	0.2063416920640729	-0.1419806652841963	0.04214270855607282	-0.002575244647017771	-0.2525261760293416	-0.01848410703751866	0.01586495652794496	0.1492143245497924	-33.56199395330587	1.8322150745886	-3.82382213844466	2.466747174169168	-492.8395201349383	-68.98139109487747	-0.4187627715448937	0.8292032206960731	0.3493565707109451	0.7522433876019413	-3.640882425172629	-0.02711663627446931	-1.003728548993651	1.028008332130823	-3.741793657034995	-3.741793657044903	-0.5202944640574096	0.006711454972436683	-1.230137739396408	-0.473962822274606	-4.256731951259191e-08	5.526026508973487e-07	1.217757927804573e-06	1.309789633534757e-07	-1.323698010760018e-07	4.81138647409822e-07	-1.344962391874352e-07
0.7	-0.2617753823319373	0.02715172811983959	0.7130406986580419	1.201303901267997	-0.3647779985232457	0.06925699807635219	-0.4328921557470871	1.188377110762135	1.188377110762198	-0.01732302124499351	-0.1744843832041986	0.3955824947889247	0.1990718664725896	-0.4824349046067221	-0.06728887143858646	-0.3762697689579216	1.499018999890074	0.02581640224457134	0.3467792437091759	-0.07284590786061781	1.236686806789751	1.236686806789731	0.1636027906691851	-0.0001690087861395142	0.3234701226189849	0.2015100260257122	-0.144816783596628	0.04248043969514111	-0.002547168111433845	-0.2548882177818271	-0.01954463535943082	0.0157139795717889	0.1511706009455804	-34.0833385794659	2.090507759024176	-3.980869434628574	2.691890937872961	-495.0840339870298	-69.08385073081493	-0.3082716544529689	0.8649092284459508	0.3422075923044202	0.8084009203537801	-3.762729380677644	-0.02182674962395866	-1.094195466730375	0.9770319794148558	-3.833177949528683	-3.833177949528546	-0.4522559992542191	-0.006741920995699964	-1.239684346287778	-0.4844719487030348	-1.179102540041114e-08	1.262218757863625e-07	4.053529322678374e-07	2.747937065663463e-08	-2.758218790848101e-08	1.033934741212843e-07	-4.917696313357089e-08
0.71	-0.2665562469397482	0.02649580812782037	0.7093192370519457	1.216104544284746	-0.3645210386870651	0.07266958917280086	-0.4335724222928232	1.200551072735482	1.200551072735621	-0.01570960525117343	-0.174486568834448	0.3987550312046445	0.2010622290696152	-0.4736918901666118	-0.063907794901554	-0.367934511278588	1.460928019528195	0.02556423270532068	0.3357393860390356	-0.06329767182493597	1.197964839655083	1.197964839655072	0.1590282038770289	-0.0002572046310079302	0.311018382245478	0.196509157841539	-0.1473924077339456	0.0427335796620455	-0.00250135430496933	-0.2573077606143349	-0.02032297931498334	0.01553657080041553	0.1529119703310984	-34.5059523789859	2.350515236055022	-4.146782556094539	2.858000764716933	-497.1299271699539	-69.17402211369658	-0.2179041050182674	0.8859149325432791	0.3341483533408702	0.8593036412048773	-3.859520238256082	-0.02858041628565598	-1.108812602023726	0.9301788353244788	-3.912820559244758	-3.912820559243468	-0.4679061199576036	-0.008263820226837431	-1.250742674655425	-0.5158467829843743	1.025967889296706e-08	-1.628583113144612e-07	-1.671793079998142e-07	-4.382194435459115e-08	4.743508486455764e-08	-1.545299415592874e-07	1.17064367545859e-08
0.72	-0.2712482979269923	0.02587331703496106	0.7056837711125397	1.230518829923009	-0.3642669342182694	0.07597179535523853	-0.4341599145942504	1.21233359214472	1.212333592144749	-0.01414350434425539	-0.1744893175035897	0.4018024854583531	0.2030009924788553	-0.4646721804962879	-0.06060309160660388	-0.3590706356198431	1.421747524193997	0.02524532875808148	0.3247022609738867	-0.05429105900205251	1.15839829396806	1.158398293968058	0.1541397730541319	-0.0002816166355434292	0.2984536902010356	0.1911901884689506	-0.1499680318713749	0.04298671962715592	-0.002455540474069024	-0.2597273034466341	-0.02110132327117122	0.01535916202554416	0.154653339716539	-34.93386858244741	2.608372738049412	-4.308837171962446	3.024351141768293	-499.2647116992297	-69.28014009148937	-0.1464735699048705	0.920248274489089	0.3269329438878909	0.9141245162360526	-3.980632375141115	-0.03517363122051734	-1.093648945731969	0.8687073368552931	-4.002093659999535	-4.002093659999337	-0.5150248054021838	0.006014847071152948	-1.262274680474972	-0.548092186385904	1.124861465820073e-08	-1.205232859769557e-07	-1.607083458938032e-07	-3.740327874536466e-08	5.059291530608624e-08	-1.232284250826949e-07	1.360668727724086e-08
0.73	-0.2758488270599835	0.02528345863211257	0.7021395178857635	1.244536076885419	-0.364016250219082	0.07916325328405011	-0.4346600806566704	1.223716416524239	1.223716416524257	-0.0126273217076301	-0.1744920090041577	0.4047237976382607	0.2048851696979065	-0.4553866864399108	-0.05738418682655864	-0.349697899219537	1.381532677892786	0.02488554803675904	0.3135350071759195	-0.04584352773340032	1.118041736986752	1.118041736986698	0.1491040309334807	-0.000262306626944235	0.2857952543988347	0.1856037529733795	-0.1523994759470362	0.04321577749074122	-0.002430700313043326	-0.2619035379713666	-0.02195113472516671	0.01518247211891444	0.1562488408878519	-35.36953515883314	2.857535356778533	-4.458380098755773	3.227969968644913	-501.1202450219093	-69.35285236312266	-0.09276564336649985	0.9397430525725464	0.3170230180495862	0.9611753572492401	-4.067288869385757	-0.0372431605523533	-1.136399041563207	0.8175698846715733	-4.071166457467724	-4.071166457475631	-0.4967621654604853	-0.0009900326416236677	-1.269654604474314	-0.5701118793303229	1.222661581764699e-08	-7.63064984039853e-08	-1.538333757943433e-07	-3.056249408079599e-08	5.341000698551456e-08	-9.148728816471148e-08	1.571901021895356e-08
0.74	-0.2803550926361464	0.02472532003166207	0.6986914574540551	1.258146099762479	-0.3637693366007057	0.08224141158595445	-0.4350788126338179	1.234691929385891	1.234691929385897	-0.01116127914228477	-0.174494683226694	0.4075181201452653	0.2067122440323627	-0.4458194691291044	-0.05425913112700695	-0.3398320766062528	1.340302707120597	0.02449125259686692	0.3020423355886108	-0.03800424195267685	1.076935990394594	1.076935990394487	0.1441117588102845	-0.0002781610341645273	0.2730557556213679	0.1797696115503218	-0.1548309200225017	0.04344483535439307	-0.002405860153165461	-0.2640797724960965	-0.02280094617916186	0.01500578221239778	0.1578443420593486	-35.81070781221344	3.104674839650884	-4.604188634415515	3.432936753218176	-503.0715688921034	-69.4404110927191	-0.05553743592359999	0.9765929253751329	0.3081631277890199	1.012741758831728	-4.183657269336774	-0.0420765749342559	-1.15873250360001	0.7470582392698587	-4.151931582169524	-4.151931582169467	-0.5063308059110585	-0.001018036092188871	-1.278487275528361	-0.5976333718829897	1.317545802832679e-08	-2.707167820310867e-08	-1.45881051045686e-07	-2.259605860198147e-08	5.531846196600879e-08	-5.857383006968576e-08	1.839685961148689e-08
0.75	-0.2847643675124095	0.02419794543664557	0.6953444510791911	1.271338960062047	-0.3635265123570777	0.08520339452809599	-0.4354222720613061	1.245252798963087	1.245252798963075	-0.009745217673040941	-0.1744974658674926	0.4101846796403405	0.208479793236653	-0.4359902466429498	-0.05123274923928945	-0.3294929798083941	1.298112064441705	0.02406360239650201	0.2903232830999321	-0.03080562592613995	1.035125851885645	1.035125851885575	0.1390812643688285	-0.0002830633193022126	0.2602444330562794	0.1736930117161699	-0.1570054138695098	0.04362436996999956	-0.002387977225455784	-0.2661559669530779	-0.02348755301833965	0.01481611103112989	0.1592193959960592	-36.18376012357633	3.345737256874842	-4.749270822080696	3.609953577680378	-504.7248484859891	-69.4984261277704	-0.03351958237643055	0.9928758833597224	0.2973281860732479	1.055937773039292	-4.260359764711948	-0.04459004302836859	-1.183117494320543	0.6885659279842966	-4.212370039036267	-4.212370039030735	-0.50429123981186	-0.0009584394899605497	-1.284209264034543	-0.6197408694947544	1.477423962595617e-08	3.102672877097011e-08	-1.460113747938665e-07	-1.358905640441294e-08	5.841690758581316e-08	-2.012573744198641e-08	2.294950187113964e-08
0.76	-0.2890739923691962	0.02370032515386828	0.692103124498861	1.284105195535298	-0.363288260775559	0.08804726177083513	-0.4356972847997669	1.255392204144439	1.255392204144445	-0.008380037643768601	-0.1745004439541059	0.412722775006346	0.2101851629265374	-0.4258894652318523	-0.04830826867916308	-0.3186961176994155	1.254977741860926	0.0235767201784807	0.2784191956985504	-0.02431490415404253	0.9926431112255476	0.9926431112255143	0.133935470865447	-0.0003172501950523868	0.2473629298097738	0.1673337086694954	-0.1591799077166145	0.04380390458576498	-0.002370094301359358	-0.2682321614101187	-0.02417415985743871	0.0146264398502274	0.1605944499326718	-36.56254641688231	3.585103716165876	-4.890998936614023	3.789127295304212	-506.4808091022488	-69.56941401131203	-0.02536847785583202	1.030904710363837	0.2877828622706278	1.104294821055744	-4.372393249714348	-0.05392297846537063	-1.195739486140262	0.6054793883824107	-4.286452012399368	-4.286452012399365	-0.5293906182960754	-0.006874954214044517	-1.292523411812016	-0.6541740143872217	1.829684180895632e-08	1.153613525937278e-07	-1.700663380926871e-07	-1.501976719332462e-09	6.503772549797562e-08	3.470487340242724e-08	3.305153101746596e-08
0.77	-0.2932813520293159	0.02323143945505211	0.6889720108837057	1.296435505371991	-0.3630549668162377	0.09077126969551229	-0.4359108748190079	1.265103507367006	1.265103507367007	-0.007066667080201413	-0.1745034314614414	0.4151317808158254	0.2118258991207074	-0.415538946943277	-0.04548554710298153	-0.3074534467725897	1.210929434022983	0.02307385740998497	0.2663442529427141	-0.0185259204155982	0.9495078157284511	0.949507815728437	0.1287265552097482	-0.0002835953556728143	0.234428090736975	0.1607708758628553	-0.1611829334231431	0.04392437552685605	-0.002359020981797364	-0.2701875231180021	-0.02477256913526006	0.01446002627949922	0.1618333271395949	-36.89695060869074	3.800061254971161	-5.021368352096943	3.941181875854785	-508.0219677923743	-69.65732723916661	-0.02523351644549746	1.043655214304712	0.2770169574289492	1.145241036495965	-4.444265243052266	-0.04968175839890877	-1.219051175509819	0.5471847593171292	-4.343534113851053	-4.34353411384815	-0.5184234105868852	0.007955661579364653	-1.295474459027482	-0.6637421179121124	2.102591468692157e-08	1.819749380224227e-07	-1.868656650020983e-07	8.119343399034131e-09	7.032404241624584e-08	7.799799989676636e-08	4.071938124867391e-08
0.78	-0.2973839005413105	0.02279028100242545	0.6859555215394186	1.308320688991845	-0.3628269442510777	0.09337339229156612	-0.4360702596222319	1.274380164475505	1.274380164475505	-0.005805741947469294	-0.1745061884286385	0.4174111361737805	0.2133997261459873	-0.4049272356066858	-0.04276281944126102	-0.2957712635257164	1.165952498496319	0.02252244134724056	0.2540421299786958	-0.0134738609674772	0.9057138884119043	0.90571388841191	0.1234463846988356	-0.0002711421736714007	0.2214328395036298	0.1539518748918316	-0.1631859591297992	0.04404484646777144	-0.002347947662415674	-0.2721428848259217	-0.02537097841311718	0.01429361270847777	0.163072204346396	-37.23821250415908	4.015775308491349	-5.151351175332699	4.09936852365967	-509.6806668688806	-69.75128018864493	-0.02520592635223562	1.083143319967168	0.2677840793782709	1.192197285065307	-4.558118787458442	-0.06363363731480652	-1.241175527776308	0.4580945303185016	-4.418178376289499	-4.418178376289438	-0.5436415893387546	-0.01111528568902671	-1.304605843921518	-0.7054076472636279	2.113289073085851e-08	1.900320487576946e-07	-1.796898455812883e-07	9.592936253476902e-09	7.12007038764375e-08	8.316726506042588e-08	4.034385767340406e-08
0.79	-0.3013790894201936	0.02237582074816554	0.6830579423361094	1.319751766024108	-0.3626046237424988	0.09585147854421182	-0.4361829338750525	1.283215858228736	1.283215858228788	-0.004597936462286013	-0.1745087999362915	0.4195602828151941	0.2149042052470199	-0.3940665475032739	-0.04014847382781647	-0.2836814307604574	1.120130600806529	0.0219352583403258	0.241543670250294	-0.009204533407157867	0.8613398687928014	0.8613398687928076	0.118105637854556	-0.0002523436156865842	0.2083898797637587	0.1469071064303761	-0.1649047450752739	0.04416245036285979	-0.002345081477616719	-0.2738564675849675	-0.02587112350866891	0.01411610744922207	0.1640612667650654	-37.5245585856873	4.224633340947753	-5.277890281519928	4.249826594492464	-510.9129362810923	-69.7862045649459	-0.02517707818887367	1.094132460793913	0.2553755901578724	1.226862606956955	-4.614068144989917	-0.05720526036304183	-1.258857697975402	0.3898202974114434	-4.459770780794447	-4.459770780794293	-0.530618765489262	0.008175129474898837	-1.305120540225618	-0.7095476582919807	2.079259490259621e-08	1.957303717917117e-07	-1.710537162389214e-07	1.14306636377022e-08	7.096135868891621e-08	8.693692525822997e-08	3.964294778267331e-08
0.8	-0.305264351236983	0.02198692710760695	0.6802831587273931	1.330720655502549	-0.3623883639895593	0.09820364489898366	-0.4362572211662616	1.291605260380562	1.29160526038056	-0.003443803952010467	-0.1745112639177355	0.421578803958983	0.2163371294208951	-0.3829418231891721	-0.0376494967009978	-0.2712121446070528	1.073514987706769	0.02131029021415593	0.2288581504177228	-0.005796468705920637	0.816455568130747	0.816455568130753	0.1127117896695683	-0.000241636940386269	0.1953077399756559	0.1396408894606996	-0.1666235310197239	0.04428005425769464	-0.002342215290069272	-0.2755700503439508	-0.02637126860444607	0.01393860218938311	0.1650503291847472	-37.81778443173618	4.434114420354909	-5.403864643757432	4.407103014521613	-512.2670538913445	-69.82616621481034	-0.02514553519108909	1.135950562105498	0.2447103820529576	1.268087962694444	-4.716861869452496	-0.07119066116548534	-1.27858754860984	0.2858419585037924	-4.520234584879906	-4.520234584879941	-0.5542618574803116	-0.01273366222530853	-1.312441853568048	-0.7496973489075275	1.879100354902249e-08	1.926674833639253e-07	-1.569935786164863e-07	1.462089070397682e-08	6.657684595274701e-08	8.550805272571418e-08	3.773346014880215e-08
0.8100000000000001	-0.309037029201935	0.02162249328345668	0.677634951230854	1.341219319815495	-0.3621785383337944	0.100428075136409	-0.4363015745324328	1.299543246244962	1.299543246245009	-0.002343947241938728	-0.1745135934319859	0.4234663628692649	0.2176963396384898	-0.371544233749474	-0.03525175100727371	-0.2583671741740857	1.026071710602368	0.02064772404830484	0.2159964771810292	-0.003206900129670837	0.7710542190247226	0.7710542190247339	0.1072473157938846	-0.0002239967544845621	0.1822030071043811	0.1321679214338434	-0.1683010085596283	0.04440142829696385	-0.002344497853544792	-0.2770992488887212	-0.02683625965799014	0.01376921175703984	0.1660337621026969	-38.08772924108034	4.630401130128686	-5.521345862080318	4.516520487634287	-513.4833337435518	-69.8523240016697	-0.02511341810995514	1.149095752724745	0.2351376707563839	1.302041269446687	-4.779982105067686	-0.06484503583261757	-1.294632825871728	0.2256099650328389	-4.563200170537515	-4.563200170536297	-0.5443435480307515	0.009033909118503975	-1.309633129088133	-0.751094166934189	1.692842436426608e-08	1.893624005978734e-07	-1.432526643924791e-07	1.751828335051491e-08	6.247760537211308e-08	8.390922465781422e-08	3.583515425545667e-08
0.82	-0.3126942447489467	0.02128160311778975	0.675117061375814	1.351239167062725	-0.3619755494279726	0.1025229535185263	-0.4363240130802671	1.307024595598887	1.307024595598891	-0.001299095949759912	-0.1745157423343865	0.4252228456257908	0.2189798206483433	-0.3598493395967801	-0.03294076500433227	-0.2451486163072353	0.9777515745326771	0.01994294022096212	0.2029477793574274	-0.001413505239526662	0.7251282660357239	0.7251282660357388	0.1017107061014654	-0.0002055145637539459	0.1690925092258442	0.1244950479126021	-0.169978486098197	0.04452280233632724	-0.002346780417328568	-0.2786284474334728	-0.02730125071170651	0.01359982132475633	0.1670171950219534	-38.36435051230552	4.827089046064376	-5.638014206917444	4.633032585272178	-514.8222221236689	-69.88286643944789	-0.02507938229421806	1.195411504705088	0.2273584438963193	1.342805449471116	-4.892233662510522	-0.07963419346361029	-1.315992465991191	0.1266072212874479	-4.625155361474842	-4.625155361475274	-0.56868902082738	-0.01256526125897721	-1.313594855020638	-0.7896784477842858	1.565115957452987e-08	1.850375521970194e-07	-1.308558486881678e-07	1.918268896658342e-08	5.957951070952239e-08	8.159479433566519e-08	3.398392937485089e-08
0.83	-0.3162333037162338	0.02096339357159321	0.6727331507103232	1.360771783497348	-0.3617797872911943	0.1044864968975444	-0.4363321224757113	1.314044114912089	1.314044114912149	-0.0003100077672140738	-0.1745176141536858	0.4268481715987942	0.2201856335339915	-0.3479365140956145	-0.03071503625107911	-0.2315782506087665	0.9286564780545506	0.01920401629012344	0.18973283292466	-0.0003087909187226237	0.6786926258829628	0.6786926258829679	0.0960941395738205	-0.0001657996408667707	0.1559690231081284	0.1166374369685727	-0.1715366301693762	0.04461983114290622	-0.002354100832236208	-0.2799445832504864	-0.02774905737952113	0.0134545156734077	0.1679281711268252	-38.61720715310657	4.999613705265628	-5.739930596645233	4.730627888258828	-515.9332567422722	-69.91290197830996	-0.02504738568603699	1.19311134636433	0.2181004008019138	1.372453493285517	-4.935429660628055	-0.07183320973850847	-1.328421349929718	0.08734106541437653	-4.665220440901172	-4.665220440901776	-0.5600288029601	0.01268251319769519	-1.312264368324902	-0.7883305900080498	1.418848099069877e-08	1.797417520644756e-07	-1.185456344387347e-07	2.089303771705494e-08	5.653888085648739e-08	7.935739026664949e-08	3.19759151801955e-08
0.84	-0.3196524557738262	0.0206670253748833	0.6704866039744658	1.369809992563347	-0.36159157673706	0.1063170556886043	-0.4363321972271121	1.320596787404018	1.320596787404005	0.0006225370832345829	-0.1745190002949715	0.4283421549349802	0.2213119646757399	-0.3358679576526595	-0.02857249510700489	-0.217675830380546	0.8788701007699133	0.01843262368553968	0.1763508617714626	0.0001934245195170803	0.6317589017811821	0.6317589017811797	0.09040203967708046	-0.0001083789525651024	0.1428239818632564	0.1085986991326988	-0.1730947742389169	0.04471685994953561	-0.002361421246626502	-0.2812607190674846	-0.02819686404758081	0.01330921002199024	0.1688391472333223	-38.87654583498825	5.172294889942513	-5.840754483885797	4.835515141946866	-517.1682818909233	-69.94672442527117	-0.0250142691882898	1.226557693063383	0.2107209220605038	1.409216355421495	-5.030489823812553	-0.08612792821248826	-1.349397410076983	0.006107444780809993	-4.724772151278873	-4.724772151278851	-0.5837956946464368	-0.00902410817569689	-1.317905880451956	-0.825903826152977	1.183145351770415e-08	1.697625376967216e-07	-1.066531448540092e-07	2.282499452758803e-08	5.281072832013293e-08	7.749152459510062e-08	2.921162311777151e-08
0.85	-0.3229502916167825	0.02039178559887936	0.6683806647036533	1.37834700373346	-0.3614112806837584	0.1080129972153369	-0.4363293454403077	1.326677809295492	1.326677809295486	0.001497755896960163	-0.1745197497297269	0.4297047970173683	0.222357091061181	-0.3236858253721152	-0.02647747659551009	-0.2034643312503964	0.828427439557355	0.01761729305963841	0.1628095786501929	0.0003653528234720582	0.5843803434666045	0.5843803434666024	0.08463057548254753	-4.284310079407066e-05	0.1297225344983564	0.1004053502280451	-0.1748921300341579	0.04487725829168812	-0.002380852676611828	-0.2821302770464054	-0.02882763525814074	0.01315340481931313	0.1700092961494853	-39.18243026132179	5.344294548907671	-5.926173499473871	4.873077303983853	-518.2983390930631	-69.90089717263548	-0.02497883094838819	1.21605107541753	0.2085947332768663	1.434280501118136	-5.066855426542122	-0.08062273298126646	-1.360644837814501	0.0209985052169873	-4.754173002063974	-4.754173002063798	-0.5754676682075894	0.01413123065514453	-1.303540355324912	-0.8192485338777822	9.768069031871055e-09	1.601382506979612e-07	-9.504632084054786e-08	2.432857319395062e-08	4.93623341961298e-08	7.539583156423114e-08	2.656448710298787e-08
0.86	-0.3261259041209667	0.02013743649150775	0.666418273186002	1.386376448060086	-0.361239415357363	0.1095726956959027	-0.4363251217742938	1.332283090537716	1.33228309053772	0.002314930891708195	-0.1745198860462647	0.4309369693879472	0.2233196443353233	-0.3114232898968523	-0.02439436138053812	-0.1889662797482894	0.7773567320821915	0.01674647830567945	0.1491022525423819	0.0004678004078195247	0.536610771931332	0.5366107719313303	0.07879327583395243	1.424470304561029e-05	0.1167300395008	0.09208407687313025	-0.1766894858297588	0.04503765663369477	-0.00240028410461517	-0.282999835025321	-0.02945840646871652	0.01299759961635306	0.1711794450652889	-39.49459345769573	5.516267625428872	-6.010302279825045	4.917870738513288	-519.5525653576286	-69.85808835995968	-0.02494307998234835	1.242638332007164	0.208340262755936	1.466526829812986	-5.156099076333587	-0.09722475382392547	-1.382606007385105	-0.007788699147367722	-4.802974795417919	-4.802974795417869	-0.5969627854589472	-0.01071371776181803	-1.29611540698325	-0.8514887162051412	9.349085274142541e-09	1.525015569655655e-07	-8.503922402616636e-08	2.343323425295846e-08	4.748058718129427e-08	7.201310532116616e-08	2.457342495499026e-08
0.87	-0.3291786598692834	0.01990383483920065	0.6646021739121933	1.393892470419968	-0.3610765036442122	0.1109946045664243	-0.4363201803580065	1.337408930871178	1.337408930871099	0.003073408055720549	-0.1745194432435147	0.4320397338815981	0.2241984109044425	-0.2991278339695425	-0.02233006479708608	-0.1742175511085963	0.7257815515909356	0.01582730873930382	0.1352576873140356	0.0005089914355539854	0.4885121469445638	0.488512146944564	0.07289315969072462	7.036713534004524e-05	0.103837663221735	0.08365009960816124	-0.1782003399560459	0.045100650667027	-0.002423408683761126	-0.2836360218270561	-0.02999983331434252	0.012893432438949	0.1721239134136544	-39.74562043070344	5.641228284128092	-6.071079873448689	4.942122237726952	-520.3954651588085	-69.84260693056305	-0.0249108379676811	1.223005192661622	0.2048645297357667	1.48445863599069	-5.16815306971437	-0.09054173264844166	-1.388632008992214	0.008349269939327594	-4.820083091693898	-4.820083091693959	-0.5878621190978432	0.01317521372092566	-1.283570079334497	-0.8422367813909614	8.825354043214473e-09	1.444701658164883e-07	-7.510316992168622e-08	2.262288661857798e-08	4.541239832909867e-08	6.855581649116157e-08	2.254587352900269e-08
0.88	-0.332108459864409	0.01969075418744693	0.6629346444757692	1.400890755867827	-0.3609230393616945	0.1122774177389765	-0.4363151717779681	1.342052429606496	1.342052429606499	0.003772618840283182	-0.1745185592185036	0.4330140203442672	0.2249922607909609	-0.2868321392595725	-0.02029016126986159	-0.1592523122713378	0.67380934973187	0.01485699218877673	0.1212831129483584	0.0004812331114104342	0.4401424523022953	0.440142452302298	0.06693999993376322	0.0001024891674477615	0.09103443330402661	0.07510074035325615	-0.1797111940845057	0.04516364470009952	-0.002446533262919588	-0.2842722086288615	-0.03054126015972689	0.01278926526126329	0.1730683817598672	-40.00270837144327	5.765952182667408	-6.130337182376576	4.972790119098158	-521.3641273726587	-69.82948652559799	-0.02487888720055358	1.242686088538987	0.2034616515104032	1.509828869326054	-5.235503349895667	-0.1074541506542178	-1.408607834851263	-0.02157856952956945	-4.857188726518022	-4.857188726517872	-0.607571508205766	-0.01551379779923554	-1.27828613471198	-0.8745651141924456	7.608677989581623e-09	1.338276994493647e-07	-6.563709066732296e-08	2.237478916639794e-08	4.211082501436715e-08	6.460526747063353e-08	2.027693149477374e-08
0.89	-0.3349152666536914	0.0194979855449412	0.6614177717216781	1.407367413352961	-0.3607795187786608	0.1134199331559412	-0.436310697408211	1.346211042175124	1.346211042175126	0.004412023754037834	-0.1745174246062592	0.433860788707828	0.2257001359405734	-0.2745234787558793	-0.01826395961121984	-0.1440938528397773	0.6214619012310871	0.01383831441019347	0.1072033070674963	0.0004085677548908793	0.3915512438564721	0.3915512438564769	0.06093339668058421	0.0001195966744432237	0.0783406070650647	0.06646156632900808	-0.1810976299453324	0.04524059949883499	-0.002474629476115203	-0.2846319117694152	-0.03102963723067158	0.01268115805339006	0.1739373807932987	-40.22178806363399	5.879725749457433	-6.1809877508294	4.955429674676766	-522.0342221080967	-69.76369103679062	-0.02484937542365266	1.225818935622087	0.2021449967427254	1.523120171341172	-5.24340008720222	-0.1003930960928129	-1.410146132298952	-0.0008715002737650366	-4.864413190728453	-4.864413190728317	-0.5983229849663457	0.009592563301365604	-1.261719009279043	-0.8605148499225443	6.356950609931476e-09	1.228403633612552e-07	-5.62516456660299e-08	2.215622443759933e-08	3.867282953815551e-08	6.017158430948886e-08	1.803227335696537e-08
0.9	-0.3375988142570541	0.01932546803376243	0.6600533367001573	1.413318789455687	-0.360646448674333	0.1144211546805207	-0.436307101887985	1.349882877401871	1.349882877401857	0.004991138985105909	-0.1745162650112634	0.4345812611808443	0.226321235089266	-0.2621803020786924	-0.01623993500446922	-0.1287647657572603	0.5687530732490027	0.01276689644635237	0.09302433448279956	0.0003054631359312797	0.3427869839261082	0.3427869839261143	0.05488206338369682	0.0001074857155094285	0.06577525519448837	0.05774554016948472	-0.182484065806157	0.04531755429730373	-0.002502725688865997	-0.2849916149099879	-0.03151801430169031	0.01257305084503004	0.174806379826731	-40.44676037420019	5.993174141224403	-6.230036596743816	4.943868638778659	-522.8304047986393	-69.69942849149226	-0.02482066139986336	1.249589323237817	0.2030262411321214	1.543954399517332	-5.307779246155933	-0.118002187705853	-1.428441175618214	-0.02766642202244338	-4.891799023426176	-4.891799023426234	-0.6165175169475596	-0.02135749098531691	-1.252591261034997	-0.8899355412477163	4.824812622142967e-09	1.090940695052598e-07	-4.751127468929848e-08	2.217392149585217e-08	3.414345677010304e-08	5.187282802341136e-08	1.598188639052166e-08
0.91	-0.3401587611064725	0.0191732006138686	0.6588430086438638	1.418741295662051	-0.3605243209483362	0.1152801509069731	-0.436304656642266	1.353066197615957	1.353066197615996	0.005509509082099445	-0.1745152902477397	0.4351766968565277	0.2268548659415436	-0.2498019365336946	-0.01421167263532883	-0.1132760152455466	0.5156889340524835	0.01165175922328781	0.07875964782806606	0.0001799561952088653	0.2938473857718066	0.2938473857718093	0.04878601615060629	8.547530216108414e-05	0.05333051690587601	0.04897262742797559	-0.1837222431283676	0.04536489414139022	-0.002530831502360097	-0.2851886443239114	-0.03192460417721907	0.01249337688642491	0.1755855032716876	-40.62601337681865	6.077680042414579	-6.264660677808471	4.890278942207371	-523.4140060507009	-69.64772336563051	-0.02479719249822765	1.233031682149439	0.2030121233964528	1.5550659205248	-5.314614203821757	-0.1093014197686383	-1.427756237307434	-0.005537316118697387	-4.899494002997582	-4.899494002997931	-0.6070239195596073	0.007075443658301404	-1.237614595793476	-0.8721800755857824	3.290909043016424e-09	9.516079804465171e-08	-3.882643370689452e-08	2.213953348634012e-08	2.963210811243779e-08	4.349812905191907e-08	1.391303845248982e-08
0.92	-0.3425947099980355	0.01904127299538508	0.6577883142013938	1.423631383887082	-0.3604135509805773	0.1159960455014561	-0.4363035753627634	1.355759231090187	1.355759231090196	0.005966743588224836	-0.1745145959362929	0.4356482452526955	0.2273005254794094	-0.2373807105079073	-0.01217197472240785	-0.09763804299249444	0.4622694769591551	0.01049534479376729	0.0644040080970513	3.266981367252603e-05	0.244729635954907	0.2447296359549067	0.04265494519471684	5.139529551071614e-05	0.04099779929651088	0.04015127728712675	-0.1849604204496696	0.0454122339854023	-0.002558937315130579	-0.285385673737808	-0.03233119405290608	0.01241370292759178	0.1763646267175353	-40.81097499438398	6.161773657690012	-6.297606433311135	4.841667712271771	-524.1235965660507	-69.59694015258982	-0.02477490223945458	1.258161419395887	0.2053133498881473	1.573798747785004	-5.378842825517703	-0.126257628997142	-1.446631790874521	-0.03202231018813045	-4.927429355945824	-4.927429355945795	-0.6235222615074644	-0.02377140964601854	-1.230187125185749	-0.8996230211159378	1.739349550509557e-09	7.935775053791735e-08	-3.069689266776515e-08	2.158429479917917e-08	2.530100055864489e-08	3.436400322627907e-08	1.165958079857666e-08
0.9299999999999999	-0.3449062498156149	0.01892983088721223	0.6568906964744884	1.42798556153107	-0.3603145232543436	0.1165680064638395	-0.4363039633494119	1.357960230700787	1.357960230700759	0.006362475203963674	-0.1745142348793047	0.4359970248943108	0.2276578073276984	-0.2249200762250724	-0.01011123973114102	-0.08186542554922094	0.4085112077536451	0.009304485691275665	0.04997673617191303	-0.0001045287408119252	0.1954438203935001	0.1954438203935096	0.03648540283495531	2.048852067187447e-05	0.02877639235674289	0.03130194346174699	-0.1860705519685147	0.04545633467452006	-0.002587263569233734	-0.285391746875671	-0.03265976387002111	0.01234743703579497	0.1770749780307689	-40.95224366971395	6.225698182082758	-6.319688602306138	4.743819356056911	-524.6118159006445	-69.53274626895178	-0.02475783288665368	1.241092577292726	0.2072388640272561	1.582009023701889	-5.382543773245116	-0.1163569018778658	-1.442481632541495	-0.003707875852888697	-4.933129435341482	-4.933129435339959	-0.6145559770934653	0.007199085340437046	-1.215374975205722	-0.8780682903847412	2.157975028344868e-10	6.334786963989954e-08	-2.259397009774778e-08	2.093336183048268e-08	2.097617047931993e-08	2.50092516552566e-08	9.402291827703631e-09
0.9399999999999999	-0.3470929676614644	0.01883915318700874	0.6561514080782376	1.431800511522001	-0.360227575489327	0.1169953533591321	-0.4363055511708061	1.359667577799953	1.35966757779987	0.006696334245338046	-0.1745141930107027	0.4362241389670308	0.2279264998923074	-0.2124163161595942	-0.008019093128533985	-0.06597217686152108	0.3544239463410899	0.008079352548661111	0.035481194678447	-0.0002072972061784782	0.1459991336679823	0.145999133668	0.03028043031988354	-1.244238444882449e-05	0.01666468554365395	0.02243342055093572	-0.1871806834870377	0.04550043536369602	-0.002615589823196202	-0.2853978200135046	-0.03298833368716397	0.01228117114407532	0.1777853293443083	-41.09910651123919	6.289176157466512	-6.340070723459257	4.650152838116621	-525.2262231285586	-69.46891659964611	-0.02474219615639598	1.266786575924688	0.2115956721559981	1.597924996670266	-5.444641266926626	-0.1331124370217938	-1.460285704540112	-0.02513629236557832	-4.95920358876812	-4.959203588768403	-0.6306082925696225	-0.02417623570265648	-1.208247099850325	-0.9034608382025642	-9.396566984800567e-10	4.461960702786814e-08	-1.484089026462975e-08	1.902473259017606e-08	1.673384435014434e-08	1.275484743063439e-08	7.094648405357645e-09
0.95	-0.3491544532954694	0.01876954688952217	0.6555715983028279	1.435073077170224	-0.3601530114698549	0.1172774709846013	-0.4363079863372619	1.360879708889574	1.360879708889546	0.006967966135050846	-0.1745144348164905	0.4363306035994792	0.2281064594411132	-0.1998740833132573	-0.005897470587991505	-0.04997523869459023	0.3000459888780059	0.006830067393338559	0.02093427108193718	-0.0002748676122792175	0.09640280573560921	0.09640280573561849	0.02404105181676115	-3.530256689789825e-05	0.004638195595589441	0.01355736243169098	-0.1881394867834042	0.04555904216628966	-0.00264583931614058	-0.2851552295150506	-0.03334622911872405	0.01223220960815456	0.1783887992746625	-41.23587113925083	6.332558982570077	-6.344899487713519	4.570206212042063	-525.5780765455112	-69.3843690872003	-0.02473375765303276	1.248952074851826	0.2131533568066314	1.602761696775901	-5.440850750386917	-0.1213448369788197	-1.453099554438857	0.003162853488509334	-4.963490153299068	-4.96349015329998	-0.6213318919939217	0.008751047255009543	-1.198355903574725	-0.8798505860412258	-2.07508628910807e-09	2.576107186589582e-08	-7.085796002614251e-09	1.704927664903924e-08	1.250099500876626e-08	3.564130288237412e-10	4.78115674594434e-09
0.96	-0.3510903145138529	0.01872129837980206	0.655152194603103	1.437800567690935	-0.3600910419583751	0.1174138786006971	-0.4363109511538106	1.361595148148306	1.361595148148348	0.007177058387143136	-0.1745148868327525	0.4363171021436552	0.2281976239512772	-0.1872914330323651	-0.003747535575240118	-0.03389096172452751	0.2454089208394509	0.005560450950313979	0.006339192796131024	-0.0003132272894380813	0.04666076749017554	0.046660767490181	0.01777250280124306	-5.448447851064697e-05	-0.007328532804050686	0.004674412822224215	-0.1890982900797634	0.04561764896907725	-0.00267608880923004	-0.2849126390165592	-0.03370412455022754	0.01218324807258938	0.178992269205005	-41.37816944560447	6.375480114143546	-6.348020578124838	4.493807305947154	-526.0565058323455	-69.29981082202312	-0.02472687764111255	1.274870062835221	0.217258166598557	1.615392757296655	-5.496463382021374	-0.1371786945625555	-1.469916642399459	-0.01929414657645359	-4.988345651379891	-4.988345651379262	-0.6364423950489499	-0.02344058153570296	-1.196294790164006	-0.9048391362466871	-2.834053198829274e-09	4.453412765033791e-09	7.071695226736033e-10	1.381747873229474e-08	8.446309277981533e-09	-1.474978870412993e-08	2.357718229665411e-09
0.97	-0.3529001484466101	0.01869464710966187	0.6548940008264361	1.439980587296738	-0.3600418215955526	0.1174041635942889	-0.4363141933573715	1.361812480009498	1.361812480009501	0.007323332994697279	-0.1745154668210476	0.4361840869719426	0.2281999491046877	-0.1746674370670103	-0.001582228765843457	-0.01774005704287028	0.1905698893912358	0.004283761314951325	-0.008286044388867129	-0.0003357016585261851	-0.003214902873813405	-0.003214902873812951	0.01147955974769269	-6.015730397875511e-05	-0.01927928630184145	-0.0042104051825929	-0.1899465779109712	0.04573496060837309	-0.002712936297569106	-0.2842833163250681	-0.03429977788564535	0.01214973887017169	0.1794988541875094	-41.57752120785215	6.403870451443224	-6.328482318925285	4.51912954402535	-526.2346294124197	-69.16620471133278	-0.02472871364198596	1.257352781856677	0.2162425290076839	1.616100711440378	-5.481388736974301	-0.1228949509646617	-1.459405561237321	0.006202684948907985	-4.990253873319052	-4.990253873320102	-0.6261498592370301	0.01107294634237231	-1.195184668282736	-0.8804549499924756	-3.605847205058958e-09	-1.685071773538469e-08	8.478310110183582e-09	1.060011754239871e-08	4.393293340181053e-09	-2.977463437452605e-08	-7.328759545809287e-11
0.98	-0.3545835047360421	0.01868966402579494	0.6547975483741545	1.441611463445836	-0.3600053642996933	0.1172480805552238	-0.4363176749509062	1.361530439938167	1.361530439938213	0.007406592251818175	-0.1745160628218048	0.4359314204571839	0.2281133957145739	-0.1619959043628299	0.0005861016794115399	-0.001542696847375151	0.1355802295129208	0.00300783756180663	-0.02293441376133432	-0.0003611053465507689	-0.05321361901421116	-0.05321361901421639	0.005169432745029319	-5.768695365253281e-05	-0.03125880134745661	-0.01310129588312408	-0.190794865742671	0.04585227224819742	-0.002749783786998071	-0.283653993633508	-0.03489543122082168	0.01211622966878339	0.1800054391695117	-41.78240976191537	6.43180339896007	-6.307241359531674	4.547782833835168	-526.539950342118	-69.03247408295965	-0.02473210657644632	1.284377410600021	0.2178628937706263	1.62468386006425	-5.526589068041623	-0.1370255181191482	-1.47454307989329	-0.01988001036126439	-5.012954806661504	-5.012954806661012	-0.6398791848716801	-0.02181194637700069	-1.202047099728153	-0.906053675389373	-4.78810829956007e-09	-3.804193302160952e-08	1.555105268880136e-08	7.844731611654062e-09	3.93710777876481e-10	-4.219608604307997e-08	-2.746447303608033e-09
0.99	-0.3561399143962898	0.01870640086092093	0.6548632216902095	1.44269184070837	-0.3599816327253608	0.1169454723419372	-0.4363213788213916	1.360747922063515	1.360747922063521	0.007426687842647274	-0.1745165540776193	0.4355588122794249	0.2279379799061224	-0.1492777397780621	0.002764008580210985	0.01467721900911443	0.08048399650523773	0.00174042599739516	-0.03758588821240863	-0.0003766451036616631	-0.1032983660540363	-0.1032983660540345	-0.001150425189138028	-3.841685938791851e-05	-0.04326806754634348	-0.02197716299703064	-0.1914545696456253	0.04596008042883551	-0.002786503327555096	-0.2827939583148428	-0.03541301490048193	0.01210067491157194	0.1803871457486126	-41.93805928295531	6.434943150275986	-6.272482340645945	4.536381598370552	-526.5341360607629	-68.88178774183231	-0.02474141569526161	1.26677968659926	0.2181670974169578	1.620623578002009	-5.502823989508187	-0.1213089575103417	-1.460255396896359	0.008062594776007546	-5.00749509469562	-5.007495094694791	-0.6280626898211563	0.01411931411629924	-1.2011550928178	-0.8776410996088021	-5.969193622832691e-09	-5.924422382902335e-08	2.262439761397299e-08	5.082107978050959e-09	-3.600718570173833e-09	-5.461488558059432e-08	-5.422537656819196e-09
1	-0.3575688936698699	0.01874499926689124	0.6550910897907419	1.44322091892631	-0.3599705172630668	0.116496388230418	-0.4363251473783723	1.359464304630054	1.359464304630079	0.007383580135549994	-0.1745167880672336	0.4350659536970202	0.2276739478524913	-0.1365098270259417	0.004958415848275178	0.03089626004817443	0.02532042060249851	0.0004846151565457733	-0.05222959343073514	-0.0003740427342031761	-0.1534335307759589	-0.1534335307759513	-0.00747122680853665	-6.233693590365988e-06	-0.05530888225917597	-0.03082454491962497	-0.1921142735488684	0.04606788860997593	-0.002823222869191499	-0.2819339229961189	-0.03593059857994291	0.01208512015532269	0.1807688523274173	-42.09930925910284	6.437668240670803	-6.236063504177129	4.528342213579883	-526.6562863542656	-68.73108849886405	-0.02475213905561984	1.294327044070341	0.221162967223783	1.62450889657835	-5.540057647052974	-0.1347053734068198	-1.472989233343741	-0.01625158504285689	-5.023038343080987	-5.023038343080692	-0.6400679219180264	-0.0192293320705039	-1.20835680251692	-0.9003566371268836	-7.035053365713117e-09	-8.153191571296072e-08	2.975677250142266e-08	1.61018946431886e-09	-7.090132921306662e-09	-6.677377627623078e-08	-8.38583122603046e-09
1.01	-0.3588699441908296	0.0188056478852849	0.6554810404644765	1.443198227747088	-0.3599718880105627	0.1159009769298354	-0.43632871528491	1.357679288188822	1.357679288188846	0.007277294840922384	-0.1745166399319544	0.434452554410085	0.2273216508042353	-0.1236911482287584	0.007176502607395732	0.04708347725706984	-0.02985053867693756	-0.0007563414529270613	-0.06684576859975849	-0.0003289150434857247	-0.2035578394998165	-0.2035578394998362	-0.01378241950706811	3.52763516443156e-05	-0.06737368177207431	-0.03962494173618075	-0.1925974409756539	0.04615635536085512	-0.002861711237272666	-0.280774863578925	-0.03641999361917881	0.01209512899324449	0.1810325302063064	-42.22345677667575	6.410514143409201	-6.180853754640197	4.488130437524394	-526.4208559398768	-68.56178304217148	-0.02476792791670468	1.277007614924797	0.2229103679123204	1.614266393877647	-5.504397607331132	-0.1184299051755657	-1.45491031651298	0.01648848676953491	-5.005337165607884	-5.005337165611966	-0.6261467220226182	0.01575472685168136	-1.205953691506937	-0.8683806484815664	-8.100913108593543e-09	-1.038196075968981e-07	3.688914738887233e-08	-1.861729049413239e-09	-1.057954727243949e-08	-7.893266697186725e-08	-1.134912479524172e-08
1.02	-0.3600425340603463	0.01888863313880128	0.6560325509624665	1.442624070467386	-0.3599855961442236	0.1151596081460323	-0.4363315132057294	1.355393386654638	1.355393386654626	0.00710799726336294	-0.1745160939854718	0.4337184246948129	0.2268816498989049	-0.1108176967362598	0.009425742872819302	0.06320822489927232	-0.08497279951404621	-0.001982862080779602	-0.08142109008201433	-0.0002200457270961163	-0.2536105493664741	-0.2536105493665227	-0.02007368333363425	7.332855813150136e-05	-0.07945496791820687	-0.0483653163352009	-0.19308060840165	0.04624482211206035	-0.002900199607335582	-0.27961580416174	-0.03690938865843386	0.01210513783172554	0.1812962080859896	-42.35330010264166	6.383029186751679	-6.124074203246245	4.45124436699536	-526.3137916057159	-68.39271903365419	-0.02478481586690602	1.305281583133249	0.2273936684845554	1.61201498323978	-5.530317958587596	-0.1318181770828349	-1.464818495990273	-0.00350325990078753	-5.008718571640989	-5.008718571640977	-0.6360821475250394	-0.01992089982012064	-1.211654129163482	-0.8883521936197558	-1.050903013881573e-08	-1.271816116571026e-07	4.469398446699477e-08	-2.809333640753046e-09	-1.551731708234726e-08	-9.095504382192597e-08	-1.448639722179965e-08
1.03	-0.361086335410537	0.01899438560454121	0.6567449276096857	1.441499113975935	-0.3600114987821107	0.1142727363855546	-0.4363318341669463	1.352607401442993	1.352607401443058	0.006875890856384647	-0.1745151571002453	0.432863541525875	0.2263546538579109	-0.09795565022498842	0.01174190409285967	0.0792497707420356	-0.1399922631462274	-0.003197201561751013	-0.09594325396518621	0.000273978728602889	-0.303566367567188	-0.3035663675672541	-0.02634544514247545	0.0001119138242424303	-0.09151065952128534	-0.0570163039186764	-0.1938479924864373	0.04637573048415602	-0.002944300170362734	-0.2780245168913582	-0.03764341946651905	0.01213902435021146	0.1818730814804414	-42.54849111957451	6.335866953749579	-6.04045706228275	4.358741051418098	-526.1730254053756	-68.19467474790194	-0.02480442931358655	1.274704260173879	0.2362996700447823	1.597620190464493	-5.483825959982448	-0.1161748768823771	-1.44443456062378	0.09357412783564645	-4.985991090850676	-4.98599109085284	-0.6224211403918096	0.01542994871303915	-1.200884895975827	-0.8508160995594476	-1.293084367196998e-08	-1.505545780864526e-07	5.250568340420571e-08	-3.731179926762305e-09	-2.046986602958948e-08	-1.029760276735604e-07	-1.762544494282031e-08
1.04	-0.3620019086806143	0.01912381414673866	0.6576171988764655	1.4398247497695	-0.360049531423409	0.1132409391409595	-0.4363236711210519	1.349322462520028	1.349322462520052	0.006581127242314464	-0.1745138980205661	0.4318884297968734	0.2257416791293165	-0.08517208071166274	0.0141609581643216	0.09518714881148639	-0.1948543425563272	-0.004408862773836801	-0.1104061868940659	0.00147675636542502	-0.3534012916304929	-0.3534012916305764	-0.03260512466440772	0.0001377674458040082	-0.1035006799282216	-0.06556105385608328	-0.1946153765694341	0.0465066388563374	-0.002988400736192574	-0.2764332296210679	-0.03837745027485321	0.01217291086874397	0.182449954876701	-42.74954004401759	6.288515216263608	-5.955421707343365	4.269225608231981	-526.161713129535	-67.99717904023937	-0.02482467234753311	1.289586183543914	0.2479722387690284	1.591181428577297	-5.498841114171472	-0.1312825233057964	-1.452972305131911	0.1382473763212312	-4.984539744159171	-4.984539744159131	-0.6336656901433279	-0.02246722873018733	-1.198519889934777	-0.8671046644060909	-1.457231784574707e-08	-1.751080829336488e-07	6.044649809562952e-08	-6.31590567714069e-09	-2.488641433930765e-08	-1.177055812769824e-07	-2.067659270801901e-08
1.05	-0.3627902044489417	0.01927798461497533	0.6586482397577871	1.43760281929356	-0.3600996444898624	0.1120648571601199	-0.4362995913416727	1.345539869123147	1.34553986912327	0.006223851802162234	-0.1745124177778559	0.4307937492727302	0.2250438506305293	-0.07251828156948273	0.01669408474774565	0.1109951943140924	-0.2494774003212926	-0.005612061115736922	-0.1247965855304699	0.003494278384959667	-0.4030883756057615	-0.4030883756058156	-0.03884624415639346	0.0001563088660857055	-0.1154242817935286	-0.07398248916353742	-0.195246775251067	0.04663221159654123	-0.003030609296286593	-0.2746341042185155	-0.0390243461009178	0.0122262449458055	0.1829633350987873	-42.90125398336019	6.216474840083987	-5.857764258002169	4.119095559058247	-525.9004019577204	-67.7923513420793	-0.02485009197372293	1.248594642995124	0.2591234412263186	1.571735238654618	-5.43588657244393	-0.1145880135214181	-1.430057440348046	0.2567664342671889	-4.956436127464641	-4.95643612745975	-0.6188052322121014	0.01372148003159571	-1.187620842672791	-0.8263157451024717	-1.618940641454363e-08	-1.996984796064027e-07	6.839134765437251e-08	-8.9525964107806e-09	-2.928621262910319e-08	-1.325197776851476e-07	-2.372499359959827e-08
1.06	-0.3634528986531728	0.01945811446366657	0.6598365849196447	1.43483628854724	-0.3601617394444583	0.1107452744333695	-0.4362506839777694	1.341261276205863	1.341261276205965	0.005804271136017356	-0.1745108107903819	0.4295801646283551	0.2242624772224343	-0.06005176788962675	0.0193528342552359	0.1266480049187615	-0.3037743966775907	-0.00680524041319971	-0.139106336064995	0.006442273184352908	-0.452601195711211	-0.4526011957112347	-0.04506616978778311	0.0001631163913355226	-0.1272815039726228	-0.08227003571849595	-0.1958781739309121	0.04675778433683336	-0.003072817858759618	-0.2728349788160366	-0.03967124192723102	0.01227957902291111	0.1834767153226651	-43.05898748900007	6.144396526415449	-5.758853568403401	3.971148854682548	-525.7692000732218	-67.58852443660432	-0.02487554180587413	1.252129091078802	0.2730968235824643	1.560134448989925	-5.433628832438188	-0.1292787144184355	-1.43684268475627	0.3243419322911245	-4.949686970195385	-4.949686970195116	-0.629426918024185	-0.02481400773681995	-1.185243952691896	-0.8403269139070493	-1.784029387708956e-08	-2.25127669498449e-07	7.663515507806455e-08	-1.163791898812504e-08	-3.409787347433823e-08	-1.480388589032949e-07	-2.681533825976077e-08
1.07	-0.3639917293304548	0.01966548536409334	0.6611806349942428	1.431528357080543	-0.3602356914394841	0.1092830308227064	-0.4361676953412543	1.336488494033024	1.336488494033149	0.005322628459905935	-0.174509162037356	0.4282483461660815	0.2233989617582248	-0.04773390423503295	0.02214496586001909	0.1421312979166336	-0.3577621676398218	-0.007982082013714371	-0.1533265322126289	0.01030823600113199	-0.5019196633621281	-0.5019196633621387	-0.05125674728182158	0.000165479467109436	-0.139070559653039	-0.0904061678303632	-0.1963947548834777	0.04689290888076811	-0.003114993821306952	-0.2707679702749863	-0.0403507100352684	0.01236029105460172	0.183917718570396	-43.20611975905586	6.046063005416352	-5.641469013733793	3.813161709501506	-525.3834556256303	-67.3776765899473	-0.02490566702675978	1.218683202706556	0.2858114308526032	1.53781205797599	-5.373893770276427	-0.111428541151745	-1.412264485456549	0.4406407349588792	-4.917584313155437	-4.917584313153315	-0.6130658616045119	0.01259141129652007	-1.174006877931347	-0.7961930930277813	-1.94929791531328e-08	-2.506014760510959e-07	8.489486451584963e-08	-1.432582836566652e-08	-3.893144190230942e-08	-1.635954339943135e-07	-2.990791397144366e-08
1.08	-0.3644079677311923	0.0199014856009534	0.6626785950653776	1.427682039395899	-0.36032132018215	0.1076790539694785	-0.4360414636207562	1.331223595653554	1.331223595653664	0.004779241469266582	-0.1745075236643696	0.426798983046532	0.2224548976262603	-0.03553331257813842	0.02507870154189408	0.157430004226122	-0.4114516402884643	-0.009140589945642985	-0.1674529845878216	0.01509088996139244	-0.551024437037681	-0.5510244370376772	-0.05741503263624828	0.0001610403853723622	-0.1507904354220583	-0.09837976927027164	-0.1969113358351741	0.04702803342508662	-0.003157169785769702	-0.2687009617339325	-0.0410301781433178	0.01244100308694397	0.1843587218190011	-43.35948125217164	5.947897892941937	-5.523057899901605	3.656327318869597	-525.1287460867627	-67.16835398938434	-0.02493509013644278	1.228674691538632	0.3014176390010432	1.523217111313192	-5.373969169720604	-0.1256119807013037	-1.418093930268159	0.5076801609865937	-4.906948175122586	-4.906948175122102	-0.6229684901018834	-0.02617443923922807	-1.171407970412189	-0.8078207795153285	-2.092299601694972e-08	-2.739977901514131e-07	9.254836383184903e-08	-1.703107196415573e-08	-4.297169239596038e-08	-1.778591359361461e-07	-3.280474275441334e-08
1.09	-0.3647028082566107	0.02016754065657719	0.6643285443470665	1.42330047281134	-0.360418428175152	0.1059343245891973	-0.4358629079357904	1.325468813017385	1.325468813017387	0.004174442916422124	-0.1745059677721263	0.425232741603689	0.2214319339585202	-0.02345881022400678	0.02815694221802442	0.1725214082119854	-0.464794536312868	-0.01027636149873898	-0.1814731440870936	0.02076778005551668	-0.5998868680298092	-0.5998868680298201	-0.06353813968289011	0.0001491733543556195	-0.1624485304683573	-0.1061830321725345	-0.1971238453274274	0.04713579859123133	-0.003194252698610448	-0.2665086739991163	-0.04150834209977174	0.0125435500458047	0.1845758235264864	-43.42342035648485	5.821327409870352	-5.396388420599155	3.443358789105213	-524.533094816726	-66.96547628923517	-0.02496905473710726	1.193233595307391	0.3147181811122015	1.496325994697562	-5.30438121737354	-0.1068658757328414	-1.391055784499704	0.6198233854012722	-4.8691000467453	-4.869100046747769	-0.6060432066388819	0.01116633525098507	-1.161629230090256	-0.7620537554554008	-2.23360707189668e-08	-2.972360341738357e-07	1.001557384646691e-07	-1.973763447076052e-08	-4.695158174243481e-08	-1.920244670948884e-07	-3.568667774932876e-08
1.1	-0.3648776246409112	0.02046511629880053	0.6661282524591081	1.41838749098675	-0.3605267551103241	0.1040499778490745	-0.4356231573595153	1.319226764174197	1.319226764174166	0.003508601013976557	-0.1745045587161652	0.4235501954186803	0.2203318427197861	-0.01152848435162066	0.03138281886180429	0.1873817702967803	-0.5177346882802331	-0.01138437837668875	-0.1953764565760585	0.02732986822066624	-0.6484776784414417	-0.6484776784414698	-0.0696237025172269	0.000131673134707479	-0.1740513838487161	-0.1138052834697271	-0.1973363548202026	0.04724356375779208	-0.003231335612988326	-0.2643163862642812	-0.0419865060560189	0.01264609700548289	0.1847929252334447	-43.49378786956947	5.695110044588367	-5.268892997452513	3.230679135377791	-524.0685151643465	-66.76485906773867	-0.02500151885443038	1.199839395189272	0.3309448325311804	1.477008731099527	-5.293420358312896	-0.1200610456720921	-1.394724528206862	0.6847197751911016	-4.852624059023538	-4.852624059023598	-0.6154596476408892	-0.02730107696558567	-1.160359637223781	-0.7716184585011995	-2.372216974431932e-08	-3.201013017705633e-07	1.074207787944666e-07	-2.235102491754244e-08	-5.088473037403548e-08	-2.059289479437097e-07	-3.847407749972472e-08
1.11	-0.3649338075305322	0.02079569340934133	0.6680753420389565	1.412947196890139	-0.3606460100314368	0.1020272224723481	-0.4353134796382151	1.31250026132575	1.312500261325686	0.002782100061389727	-0.1745033550795363	0.4217518776844973	0.2191564563458046	0.0002705068964949497	0.03475773253521768	0.2019907569367217	-0.5702473338832957	-0.01246039394136263	-0.2091514301880401	0.03474473236435274	-0.6967679170651363	-0.6967679170651262	-0.07566901000821219	0.0001086184528415979	-0.1856044995055348	-0.12123898122543	-0.1973052954960802	0.04732705400844906	-0.003265642777270417	-0.2619220124683458	-0.04239801388949609	0.01278376120195247	0.184823292940251	-43.51787815234389	5.535813508589862	-5.125015528185523	3.002002935389349	-523.2741534102718	-66.57668213325734	-0.02503766055290632	1.166716869058419	0.3445289798066162	1.446024270196892	-5.218670067375968	-0.1004430034106377	-1.365452669061948	0.7907281813148416	-4.808969324751099	-4.808969324745365	-0.597993319250357	0.01013155489570244	-1.151657808129965	-0.7242528829955586	-2.510557120200537e-08	-3.429292717247215e-07	1.146515856939619e-07	-2.495509815834207e-08	-5.481320493414877e-08	-2.198073437615388e-07	-4.125202372566873e-08
1.12	-0.364872642931788	0.02116077252562796	0.6701671576131549	1.40698407965625	-0.3607758393465065	0.0998674035812438	-0.4349254815859931	1.305292506978926	1.30529250697886	0.00199536062992477	-0.1745023941459465	0.4198382547380936	0.2179077315044906	0.01194101332202588	0.03828322001097272	0.2163269691668747	-0.622299315729297	-0.01349925716788386	-0.22278915945474	0.04299393440233076	-0.7447279781171817	-0.744727978117133	-0.08167139827609408	8.313251869358898e-05	-0.1971124262911131	-0.1284729769367537	-0.1972742361722068	0.04741054425919459	-0.003299949942222397	-0.2595276386724134	-0.042809521722904	0.01292142539861579	0.1848536606468074	-43.54863804685353	5.377122546749585	-4.980592509301075	2.772728137654541	-522.6108657226482	-66.39149802446823	-0.02507141205808494	1.174142430672037	0.3610595929997328	1.422453849141869	-5.201287606900681	-0.1126305780415576	-1.367275659150573	0.851587354048995	-4.786588544693799	-4.786588544693724	-0.6068758030201962	-0.02778732742191761	-1.151321862975384	-0.7316780496251949	-2.63728485510685e-08	-3.62744425558819e-07	1.201333982897002e-07	-2.708603402223874e-08	-5.803268925962752e-08	-2.318730901046268e-07	-4.357485559520604e-08
1.13	-0.3646953515520852	0.02156186364886862	0.6724009025116974	1.400502811547207	-0.3609158692077241	0.09757191509988415	-0.4344510058223962	1.29760691620271	1.297606916202701	0.001148825360883853	-0.1745017283446149	0.4178097737544477	0.2165876742801108	0.02349946249730259	0.04196055037480616	0.2303694235558377	-0.6738684321055664	-0.01449903482128107	-0.2362833662222574	0.05202547235042749	-0.7923233775327642	-0.7923233775327748	-0.08762568022936973	4.980443095775924e-05	-0.2085759959821629	-0.1355018721531324	-0.1969516653057438	0.04748192070542539	-0.003330567473913113	-0.2569668579820494	-0.04308669405266622	0.01307782747319172	0.1846552515709036	-43.51243836957918	5.194098020701258	-4.827182333049831	2.514753714994728	-521.5923100865313	-66.20193274766916	-0.02510764415176969	1.144023579751506	0.3748957333120244	1.387240871110038	-5.121845987796652	-0.09250152095248493	-1.336769837887623	0.947575118802928	-4.735986473659296	-4.735986473668225	-0.5882623609816189	0.008865897604676001	-1.142730203905767	-0.6829598958256912	-2.762561038655373e-08	-3.821829773779086e-07	1.253965865974688e-07	-2.91578277140225e-08	-6.116354980577689e-08	-2.437122552633718e-07	-4.584079817019247e-08
1.14	-0.3644030101968679	0.02200049327079479	0.6747734918815966	1.393508427807507	-0.3610656668778522	0.09514222922036035	-0.4338824870585638	1.289447377265605	1.289447377265626	0.0002430356781787684	-0.1745014015346714	0.4156668859375428	0.2151984351759326	0.03495100842442447	0.04579091974807338	0.2440958634383092	-0.7249224418740936	-0.01545281895322124	-0.2496286390831718	0.06180253444304014	-0.8395176102950991	-0.8395176102951697	-0.09352228096263426	1.533422538048966e-05	-0.2199937929426496	-0.1423093528967676	-0.1966290944387674	0.0475532971516544	-0.003361185007450991	-0.2544060772917341	-0.04336386638249318	0.01323422954776381	0.1844568424955219	-43.48310079884137	5.011885656461073	-4.6734570418878	2.255338564134386	-520.7039971049464	-66.01632499383209	-0.02514057694015746	1.15276178104069	0.3916673948866867	1.359250947843623	-5.098266285352374	-0.1034318737500469	-1.337488877829957	1.000692182951856	-4.706355214044407	-4.706355214044439	-0.5953395590179276	-0.02801575098993904	-1.142167316862427	-0.6873951550762458	-2.883945448983215e-08	-4.002181575103299e-07	1.305292960016338e-07	-3.093113283431031e-08	-6.405959953183995e-08	-2.545318356300373e-07	-4.798476301804114e-08
1.15	-0.3639966553211545	0.02247818865915625	0.67728169691799	1.38600617379945	-0.3612247787858192	0.09257986026972026	-0.4332126219787875	1.280818005719241	1.280818005719295	-0.0007214432602308345	-0.1745014684892687	0.4134100343601915	0.2137422134509389	0.04630249335457191	0.04977334709786823	0.2574853616010743	-0.775430389167312	-0.01636115240737204	-0.2628174591403988	0.07228340003980095	-0.8862789026831498	-0.8862789026831847	-0.09936358312013323	-2.985818412038144e-05	-0.2313695777062382	-0.1488969130258775	-0.1960256232214841	0.04757597328351647	-0.003387865237488967	-0.2516677874199192	-0.04355860840130609	0.01343524169409353	0.1840334501043366	-43.40143500126332	4.79141862538496	-4.502532225437391	1.984038362238334	-519.4666971559467	-65.85993807188368	-0.02517518643169931	1.123717955291716	0.4053021973731322	1.319818444044111	-5.012367195306069	-0.08327383873901734	-1.305481674391979	1.088721526253347	-4.64933672089861	-4.649336720893246	-0.5770963915786425	0.007064574126771514	-1.134266023978462	-0.6386741078174869	-3.004741568010255e-08	-4.180412000622082e-07	1.356422818506029e-07	-3.265931758913942e-08	-6.692015459905275e-08	-2.65197292714179e-07	-5.01102893722527e-08
1.16	-0.3634773103748832	0.02299646267948473	0.6799220007747208	1.378001778669663	-0.3613927219798221	0.08988642249752991	-0.4324345606873882	1.271723357155054	1.271723357155156	-0.001744049389984084	-0.1745020202558562	0.4110396285416338	0.2122212685914572	0.05754902253630792	0.05390664614147907	0.2705156275058859	-0.8253506662205292	-0.01721907616116028	-0.2758424033865267	0.08344177676517156	-0.9325730138597303	-0.9325730138597292	-0.1051477191761194	-8.162819135783256e-05	-0.2427046411846792	-0.1552539797945534	-0.1954221520041688	0.04759864941525938	-0.003414545469988501	-0.2489294975481933	-0.04375335042014619	0.01363625384026596	0.1836100577131959	-43.32686702452303	4.572077430320316	-4.331653477603441	1.710561872558491	-518.3583636583051	-65.70821981727799	-0.02520555054193227	1.131770631358057	0.4218417336500744	1.287404496252996	-4.980732237352284	-0.0933499336773614	-1.304713715610042	1.136194408673562	-4.612918971750477	-4.612918971750501	-0.5839063387152822	-0.02933127053680593	-1.134023059832626	-0.6412964829890964	-3.084562111622875e-08	-4.254156936191587e-07	1.350728469481631e-07	-3.27026526248423e-08	-6.874128347419178e-08	-2.699311363967368e-07	-5.0504330540705e-08
1.17	-0.362846014493981	0.02355682769135658	0.6826907554872054	1.369501184382813	-0.3615690021110755	0.08706358340009859	-0.4315416291351274	1.262168170241855	1.262168170242904	-0.002824248309168245	-0.1745031545452717	0.4085560701593552	0.2106378867251508	0.06869039698389862	0.05819181525450971	0.2831695561490948	-0.8746604013683646	-0.01802557502553213	-0.2886938774962491	0.0952516319712656	-0.9783786522185653	-0.9783786522185411	-0.1108814346579719	-0.000140487156420418	-0.253999277829438	-0.1613788171298343	-0.194556259668577	0.04769218550453185	-0.003437438765767375	-0.2460465918022169	-0.04380839356496031	0.01380497155452899	0.1829804051207474	-43.19366568273502	4.361419290026233	-4.167783128588537	1.416359052572141	-516.9412363583791	-65.48945000220151	-0.02523658393180717	1.102354431941039	0.4356668736670855	1.244509090708	-4.889929610902541	-0.07259284824710807	-1.270690934623408	1.219445818898545	-4.551518663403981	-4.551518663400651	-0.5665704574847078	0.006552919072011583	-1.126044583099084	-0.591488260765797	-3.157065588197205e-08	-4.309243748555861e-07	1.334886940544002e-07	-3.244512163927261e-08	-7.037680052931761e-08	-2.736057634004401e-07	-5.058917792598595e-08
1.18	-0.3621038981525105	0.0241608068690658	0.685584073894592	1.360510725652881	-0.3617530058280681	0.08411316422627696	-0.4305273860823607	1.252157500465978	1.252157500468039	-0.003961477644069958	-0.1745047341984877	0.4059597932873908	0.208994574305098	0.07971311465073276	0.06262947930895207	0.295428366486347	-0.9233235548123701	-0.01876379330702224	-0.3013584186447976	0.1077040768702152	-1.02366958639556	-1.023669586395512	-0.1165538023224197	-0.0001707009789784537	-0.2652483391262552	-0.1672400905438527	-0.1936903673339068	0.04778572159330256	-0.003460332061533341	-0.2431636860563306	-0.04386343670979036	0.01397368926799705	0.1823507525273931	-43.0675051732216	4.151734736089483	-4.00377205911855	1.118717125574487	-515.6504015998657	-65.27732799908	-0.02610948630361541	1.10803927520648	0.4523407219325882	1.208380835061727	-4.851415896586313	-0.07969381710086816	-1.26732712337505	1.264712347244485	-4.509978135382422	-4.50997813538251	-0.5716367752342419	-0.0236022420352331	-1.124907990244054	-0.588583698736111	-2.851013235836741e-08	-3.748975509843026e-07	1.073286124625566e-07	-2.616411509021559e-08	-6.449916229786868e-08	-2.353953495157914e-07	-4.28691743134711e-08
1.19	-0.3612520881646886	0.02480990255064845	0.6885979269893758	1.351036975372001	-0.3619442167347345	0.08103692998067054	-0.4293856793201696	1.241696616581186	1.241696616582042	-0.005155268551829857	-0.1745068980927223	0.4032511995173635	0.2072936752515234	0.09062857370571649	0.06721246560687121	0.3072674886610961	-0.9712993220078547	-0.01946543248164308	-0.3138548089885795	0.1207252321068948	-1.068402704085351	-1.068402704085299	-0.1221905142731462	-0.0002571091734211129	-0.2764617195573698	-0.1728930048825688	-0.1924964266212098	0.04771885267015261	-0.003479897543378351	-0.2400954728369079	-0.043892260432371	0.01424112546174894	0.1814401196636779	-42.89887306877061	3.871035259224077	-3.804788982595175	0.8367018866410344	-513.9532440384093	-65.16679371095378	-0.03772414751146359	1.08025106396594	0.4646954362457623	1.160452210095494	-4.751582873976578	-0.06345023985315666	-1.235789257397648	1.334010592456962	-4.439299266887431	-4.43929926688671	-0.5576502802356085	-0.0004149818238934335	-1.118265502314809	-0.5465997882520816	-2.466479796989792e-08	-3.061133662980054e-07	7.607352126257426e-08	-1.86343392170209e-08	-5.706391870212979e-08	-1.885014515445328e-07	-3.353109183555947e-08
1.2	-0.3602917332176594	0.02550551166571447	0.6917279261661892	1.341087282270473	-0.362142054287608	0.07783673297810655	-0.4281111223095138	1.230791537383276	1.230791537382987	-0.006405018954199294	-0.1745097770435438	0.4004307294564766	0.2055376561571986	0.1014221064935442	0.07193216600562825	0.3186575828923406	-1.01851211892126	-0.02008912254466176	-0.326150970033085	0.1342741265666744	-1.112508649019537	-1.112508649019478	-0.1277457012336212	-0.0003137123148855993	-0.287623597299264	-0.1782640986937978	-0.1913024859092774	0.04765198374682542	-0.003499463025974814	-0.2370272596175424	-0.04392108415489118	0.01450856165527284	0.1805294867992093	-42.73633113976577	3.589177872654746	-3.603080872361643	0.5470562686865913	-512.3673591047375	-65.0692147936299	-0.06409935822188767	1.083654021775045	0.4796835421003418	1.118575246360876	-4.69882184017043	-0.06410399478016003	-1.22728126351948	1.370260191864346	-4.384543584261353	-4.384543584261285	-0.5553317771838011	-0.01764123143872572	-1.114607452399691	-0.5322195932380658	-2.361417654486658e-08	-2.676839587170473e-07	6.576865306515095e-08	-1.253928647810163e-08	-5.532233823247806e-08	-1.616660518085661e-07	-2.914396235283858e-08
1.21	-0.3592240171509576	0.02624900310054639	0.694969550742821	1.33066924751991	-0.3623458147187773	0.07451449522534669	-0.4266985208957852	1.219448534512486	1.219448534512285	-0.007709988282782792	-0.1745132607344061	0.3974988796598515	0.2037292027034974	0.1121005095370409	0.07678891022906389	0.3295890000013336	-1.064966105846228	-0.02065033961680479	-0.338261974093205	0.1483305354090179	-1.155985129048937	-1.155985129048907	-0.1332388703047996	-0.0003780702935285619	-0.2987372380104701	-0.1833805483141941	-0.1899156632454262	0.04773975350011887	-0.003519637696714247	-0.2338201715395847	-0.04387076770983078	0.01467598550561613	0.1794626199295023	-42.54800251797301	3.357888827732257	-3.422739387720145	0.2688841224112811	-510.5516557308861	-64.82373883529789	-0.1066731520950078	1.056842739224959	0.4920871403434506	1.068664108415317	-4.599380396965776	-0.0502319686402177	-1.19784938381959	1.435988114589638	-4.313175749035325	-4.313175749039849	-0.5449487892059015	-8.862269647440463e-05	-1.108387457843886	-0.4944215127386397	-2.32272994486518e-08	-2.364638106986069e-07	6.043946283083531e-08	-6.78498048357275e-09	-5.493300275527198e-08	-1.395945454034812e-07	-2.593268420647545e-08
1.22	-0.3580501351951142	0.02704174543318741	0.6983181373235915	1.319790534244385	-0.3625548076017382	0.07107217955078188	-0.4251428240168072	1.207673971734046	1.20767397173399	-0.009069617165689046	-0.1745172391133791	0.3944561644406245	0.2018709719803317	0.1226552843240264	0.0817823455674499	0.3400499837201756	-1.110647823903473	-0.02113561289737954	-0.3501665544157561	0.1628932196181843	-1.198820630548577	-1.198820630548578	-0.1386776120607825	-0.0004126499369701853	-0.3097966818161808	-0.1882195525865151	-0.1885288405818985	0.04782752325376264	-0.003539812369960288	-0.2306130834616296	-0.04382045126460155	0.01484340935663636	0.1783957530594615	-42.3653707761775	3.124694929283811	-3.238779286833239	-0.01882853096495252	-508.8425629424805	-64.59463027272179	-0.1668206225406632	1.05892837047259	0.5070217650905892	1.02448856833075	-4.544368066625722	-0.04891523646603776	-1.185996516005315	1.471515265228786	-4.256347878309796	-4.256347878309898	-0.5444463141445048	-0.01168556439738696	-1.103768071300286	-0.4767305236222815	-2.282975633012489e-08	-2.026693511952163e-07	6.59741663563985e-08	-1.259826008681946e-09	-5.423749255861747e-08	-1.148718432828976e-07	-2.426347767719927e-08
1.23	-0.3567713038883796	0.02788509210739483	0.7017689236561381	1.308458938274579	-0.3627683060997235	0.06751181657031048	-0.4234391871715314	1.19547436881654	1.195474368816595	-0.01048337855352949	-0.1745215077222012	0.3913031432999073	0.1999656889766216	0.1330873224066831	0.08690808942360949	0.3500223954758431	-1.155528920908241	-0.0215499699586917	-0.3618617436906291	0.1779027247624211	-1.240979556030886	-1.240979556030861	-0.1440711065629745	-0.0004299210345049717	-0.3207951677903688	-0.1927880071671812	-0.1868226083709732	0.04767294513491002	-0.00355586202121369	-0.2273237694319152	-0.04369286045606817	0.01513895296118953	0.1770607862603503	-42.12544388478443	2.803735881148842	-3.015593825307873	-0.312766472377171	-506.8029519663277	-64.52588116572772	-0.245909980402742	1.031792717217014	0.5185168133653097	0.9708737266536712	-4.438614811125818	-0.0355788456397607	-1.154661297909352	1.525954437605084	-4.17760080176197	-4.177600801758082	-0.5362921173143043	0.004932749839224754	-1.096042364166608	-0.4395302585382646	-2.242934159020625e-08	-1.681818078304929e-07	7.443376435577534e-08	4.203633826306299e-09	-5.345955070672683e-08	-8.943535770044911e-08	-2.300944427560036e-08
1.24	-0.3553888619628147	0.02878032944366049	0.7053168853557346	1.296682804475919	-0.3629855247492794	0.06383582546419596	-0.421583398015107	1.18285678946049	1.182856789460697	-0.01195097310603656	-0.17452561291562	0.388040506598708	0.1980161959604536	0.1433774080915342	0.0921604779790979	0.3594850571302285	-1.199555389661967	-0.02187964320706244	-0.3732921795527804	0.1933236818500292	-1.282415918256012	-1.282415918255958	-0.149444245027493	-0.0003799668412298759	-0.3317197939120914	-0.1970615550778338	-0.1851163761604758	0.04751836701611278	-0.003571911670677588	-0.2240344554021516	-0.0435652696474603	0.0154344965658372	0.1757258194608047	-41.89138851408027	2.481188489779292	-2.789166774417501	-0.6163979276504151	-504.8636354117922	-64.47358682267367	-0.3452890170212128	1.030537890911232	0.5323507049565183	0.9225385480744271	-4.37344241641735	-0.03197847387743605	-1.133045833460511	1.553805653902898	-4.111835226873188	-4.111835226873017	-0.5403751066095814	0.00175949376574051	-1.08899610080693	-0.4177491896188038	-2.091493166253008e-08	-1.18358963791016e-07	7.020617979708048e-08	1.126645843319838e-08	-4.983849609018334e-08	-5.352090848228406e-08	-1.892478662271591e-08
1.25	-0.3539041875633899	0.02972868594601376	0.7089568723563241	1.284470749462753	-0.3632056360036975	0.06004637527124626	-0.419571506780231	1.169828555600939	1.169828555601035	-0.01347180359225313	-0.1745291596972318	0.3846689889469551	0.1960254063725735	0.1535336877439046	0.09752783782840733	0.3684215130503	-1.242700149119523	-0.02212218863011216	-0.3845871455143509	0.2091117402044602	-1.323096989073515	-1.323096989073477	-0.1546784421446186	-0.0003249855023122566	-0.3425686786178853	-0.2010371153172892	-0.1832182437208118	0.04762532080390523	-0.003600659027597337	-0.220504485182402	-0.04348491444791621	0.01556418096384848	0.1742067741608507	-41.67767806208834	2.249775368381559	-2.595018426973239	-0.839014309927293	-502.6281665618949	-64.17228996804546	-0.4662923684715854	1.004605745612902	0.5414850698755048	0.8655657784627273	-4.26167381267823	-0.01733252250956573	-1.126129347207225	1.599882187983091	-4.026160775370556	-4.026160775373074	-0.5084411264770123	0.00803820885513847	-1.080580850393449	-0.378571288032011	-1.906339161224309e-08	-6.389517349470595e-08	6.213905314844297e-08	1.88133013263245e-08	-4.535702576854756e-08	-1.44354965848891e-08	-1.398349268325821e-08
1.26	-0.3523186638188129	0.03073122733585055	0.7126834972490114	1.271831910634485	-0.3634275607015768	0.05614429394482975	-0.4174000197094714	1.156397527479981	1.156397527480018	-0.01504367587227735	-0.1745320225148576	0.3811894332091476	0.1939966388129121	0.1635472771247554	0.1029974554758029	0.3768126355498576	-1.284912152667282	-0.02224233189286779	-0.3958184062639822	0.2252428490297014	-1.362974770538282	-1.36297477053826	-0.1596526037502299	-0.0002431739674399241	-0.3533274111207854	-0.204657149433681	-0.1813201112816639	0.04773227459195311	-0.003629406388061098	-0.2169745149626935	-0.04340455924821091	0.0156938653623703	0.1726877288603743	-41.46909986444278	2.015800178531272	-2.39650905518569	-1.073986613838225	-500.4858772387366	-63.89108588497387	-0.6102363258008766	1.001999836607132	0.5528022645739582	0.8134718639717164	-4.18689123445782	-0.007498041818318419	-1.120304791072518	1.622415748064807	-3.951177356326174	-3.951177356326163	-0.4883680043065507	0.007125532957256505	-1.07096566022786	-0.3466439650056085	1.787864752028558e-08	-4.442800697825211e-07	-6.574451284806903e-07	-7.373042283913432e-08	4.256606280660845e-08	-3.211017800061936e-07	6.126078986863905e-08
1.27	-0.3506336727815297	0.03178896989488992	0.716491280337067	1.258775561777557	-0.3636504623706788	0.0521340914652792	-0.4150657244173117	1.142571790169395	1.142571790169359	-0.01666803692595168	-0.1745327105638529	0.3776026409481533	0.1919327254581085	0.1734222214331087	0.1085671335296875	0.3846486751991414	-1.326192523788386	-0.02231422661755675	-0.4062313239280576	0.2416621747286451	-1.402028759017503	-1.402028759017491	-0.1651500179354374	0.0001138582686120715	-0.3640089934043934	-0.2080587346643771	-0.1791430440273877	0.0475946042376325	-0.003626437085457557	-0.2134384218287381	-0.04322366739279159	0.01592503950089923	0.1709361429358765	-41.20488042284954	1.712442576621799	-2.16916168500658	-1.316407665501263	-498.0979556439819	-63.75480791412979	-0.7784396955307717	0.9759365187179343	0.5614152458702979	0.7544120552086023	-4.073838781916026	-0.003124111285251743	-1.003048019481581	1.658585779537971	-3.860957159347878	-3.860957159349505	-0.5701036530461848	0.05082292966624325	-1.063493023375464	-0.3264968172212299	6.667558499140987e-08	-9.715733061325461e-07	-1.617406693549189e-06	-2.000885277676298e-07	1.58678887278225e-07	-7.445760686027387e-07	1.602560820869019e-07
1.28	-0.3488507933429946	0.03290288216848415	0.7203745722295753	1.245311363463151	-0.363873300771693	0.04801950725557414	-0.4125658569084218	1.128359823460839	1.128359823460777	-0.01834530722521895	-0.1745296621187829	0.3739096851622006	0.1898368800479728	0.183124957372426	0.114231398386777	0.391914396440456	-1.366482044148483	-0.02222967828146748	-0.4166947522087678	0.2583572923767588	-1.440220650121827	-1.440220650121825	-0.1702344532177154	0.0005041249341839581	-0.374560116125932	-0.2110435604999288	-0.1769659767737541	0.04745693388123123	-0.003623467756380292	-0.2099023286946045	-0.04304277553801136	0.01615621363563974	0.1691845570108338	-40.94516045893276	1.407112301979097	-1.938345903238036	-1.581761561418313	-495.7842491263791	-63.66441784121887	-0.9722333698996429	0.9675581627994263	0.5717196252150774	0.6994081823778368	-3.988721082256719	0.02379057033571912	-1.130406914400209	1.677574137898766	-3.778757881346515	-3.778757881346558	-0.4057722237205253	0.01377241886052243	-1.044873747813774	-0.2632920859769914	9.278596809937385e-08	-1.126617484106561e-06	-2.049114047025134e-06	-2.452836993907431e-07	2.184284084249327e-07	-8.418394889290141e-07	2.084650207688908e-07
1.29	-0.3469717047901963	0.03407388433680204	0.724327645409516	1.231449197582506	-0.364094735326595	0.0438011164147044	-0.4098978760636904	1.113770275797332	1.113770275797515	-0.02007265554401836	-0.1745223305585517	0.3701118172794943	0.1877128719981784	0.1926608736209937	0.1199819633448851	0.3986012109084545	-1.405776532301522	-0.02203494131957857	-0.4269365440355201	0.2752715061724941	-1.477535187401193	-1.477535187401199	-0.1752170039407417	0.0009962235571124424	-0.3849892730031673	-0.2136959550977998	-0.1745588930268412	0.04733422480782416	-0.003532141942047467	-0.2063333627264335	-0.04278658954885112	0.01628419673398679	0.1672273300200601	-40.66415870877772	1.155037327890406	-1.729917728827566	-1.798064509460535	-493.2528773970628	-63.46612694254048	-1.192973335735601	0.9418300134004332	0.5786112695525528	0.6385174536250431	-3.873611473869241	0.02108002738067907	-0.9638577036971422	1.703239440775179	-3.684796611108431	-3.684796611109792	-0.5418870294338016	0.07153180977276795	-1.038353519156272	-0.2564369041191814	1.103888933211529e-07	-1.142068265189574e-06	-2.282726071153876e-06	-2.600427710243387e-07	2.570416908247999e-07	-8.167738336539407e-07	2.376290768747774e-07
1.3	-0.3449982127434188	0.03530276942238667	0.7283446266090587	1.217199327061887	-0.3643134695582729	0.03948174917859523	-0.407059774192941	1.098812183769216	1.098812183769368	-0.02184930747924333	-0.1745091573668104	0.3662103744556646	0.1855642952509222	0.2020056561698838	0.125807981840125	0.4046960003609473	-1.444022972136516	-0.0216896136275333	-0.4368900313372942	0.2923814975828171	-1.51392952307562	-1.513929523075633	-0.1800951759770383	0.00167245121040198	-0.395275104339496	-0.2159572999927322	-0.172151809280145	0.0472115157363282	-0.003440816158397467	-0.2027643967585002	-0.04253040355894861	0.01641217983597577	0.1652701030289894	-40.38671523437279	0.9001540199607564	-1.517120993363481	-2.041388207076397	-490.7831990224838	-63.32204044629551	-1.442072251189288	0.9293314228641264	0.5868103326419373	0.5810031792766879	-3.779111418647309	0.05390871636754659	-1.072746009405406	1.716729660816124	-3.594717560358573	-3.594717560358597	-0.3848964863751859	0.05059822493063051	-1.016208639631871	-0.1850821453903433	1.293539679897838e-07	-1.149272064700326e-06	-2.518148814839691e-06	-2.742426055286955e-07	2.997675595575469e-07	-7.67690171946195e-07	2.662582347161577e-07
1.31	-0.3429321614037171	0.03659025341798376	0.7324195675374013	1.202572213800729	-0.3645282151221165	0.03506478914241234	-0.4040498043261242	1.083494803085873	1.083494803085998	-0.02367494895052282	-0.1744882839973556	0.3622067506146439	0.1833946957570661	0.2111714509361259	0.1316972396174316	0.4101889242560754	-1.481212949659474	-0.02123765085248382	-0.4464489692151412	0.3096328681165069	-1.549378747730711	-1.549378747730718	-0.1850175891511364	0.002540040755925309	-0.4054214118393493	-0.2179020436201323	-0.1695737067763363	0.04704236917738965	-0.003257535261688665	-0.1990872805539723	-0.04235666257607639	0.01647168066656669	0.1631434108524109	-40.13571537690363	0.6815703314011379	-1.312314857765097	-2.19114137759819	-488.102520174216	-63.10657777432014	-1.72100378656599	0.9052357569158054	0.5911883348696669	0.5180194586662454	-3.660915349787194	0.04461596068764431	-0.8892835438528959	1.732399599971331	-3.494905749571432	-3.494905749570773	-0.5437164779593739	0.1099222867939461	-1.009647413154696	-0.189567151568075	1.488833617149677e-07	-1.153059257559712e-06	-2.75432171377058e-06	-2.882107560795106e-07	3.441972140567728e-07	-7.086561932877703e-07	2.946657918479567e-07
1.32	-0.3407754456656559	0.03793687095827226	0.7365463541975018	1.187578805878156	-0.3647376858776611	0.03055387655395726	-0.4008667089839154	1.067827953989623	1.067827953989896	-0.02554937510166264	-0.1744577181390148	0.3581025025770383	0.1812075694909082	0.2201385358388832	0.1376346907784065	0.4150651467125958	-1.517281904409094	-0.02063465197279846	-0.4556805417682395	0.3270065926632533	-1.583823205645279	-1.583823205645281	-0.1898521121266157	0.003610948998679446	-0.4153999436589005	-0.2194626544536787	-0.1669956042730588	0.04687322261795777	-0.003074254356760979	-0.1954101643494092	-0.04218292159331934	0.01653118149624544	0.161016718675337	-39.88728165114153	0.4594470341215352	-1.102386362696917	-2.3723027662256	-485.4694021760091	-62.95292695530418	-2.031353362905326	0.8895894501669949	0.5964490093758658	0.4576628915550742	-3.554906863979635	0.08411593729357442	-1.007272944456881	1.741200463427406	-3.393764212253779	-3.393764212253859	-0.3673184466516384	0.09126196437489009	-0.9826535035711256	-0.1082555866204733	1.69620701865104e-07	-1.124219902764659e-06	-2.986369792995485e-06	-2.974187381444529e-07	3.915797865210566e-07	-6.135503392434289e-07	3.240477909462655e-07
1.33	-0.3385299995795738	0.03934307642922005	0.7407188128676856	1.172230239390515	-0.3649406072455952	0.02595246205733414	-0.3975094821698452	1.051821673406772	1.051821673406735	-0.02747219773914263	-0.1744155597163794	0.353899271168824	0.1790063797119029	0.2289134567529348	0.1436112393418942	0.419320971434314	-1.552234991677832	-0.01992720868710891	-0.4645605674501866	0.3444477206349195	-1.61725534082084	-1.617255340820842	-0.1946846979036567	0.004855041530497268	-0.4252130063576915	-0.2207143486343889	-0.1642269276333592	0.04663992701171969	-0.002790949032421076	-0.1917508351343861	-0.04196380054308142	0.0164909237177079	0.1587150522948722	-39.63036719273084	0.2890615880032638	-0.9120135815350017	-2.493751861130936	-482.687779234472	-62.71690770648703	-2.374823956117281	0.8658697040715576	0.5989218097615829	0.393791189239749	-3.436027856073656	0.06798999202405963	-0.8218027517721708	1.746911536638624	-3.291375416845401	-3.291375416845358	-0.5372062783071143	0.1454588181841062	-0.9756707784814246	-0.1239220836786204	1.909087234736743e-07	-1.080506680656552e-06	-3.216537439707369e-06	-3.044566433996591e-07	4.403085421752932e-07	-5.019999537731551e-07	3.538740209410714e-07
1.34	-0.3361979190259402	0.04080918019178671	0.7449306795704378	1.156538038390598	-0.3651356678871119	0.02126356022962847	-0.3939775755615494	1.035486384022789	1.035486384022563	-0.02944254176135412	-0.1743600651841831	0.349598901508525	0.1767946138411168	0.2374654293488623	0.1496143491021824	0.4229467532264095	-1.586008806856722	-0.01906250668881836	-0.4731780080004642	0.3619425515107025	-1.649624965861919	-1.649624965861919	-0.1993563890837505	0.006278170886271761	-0.4348275940744057	-0.2215778728103752	-0.1614582509939762	0.04640663140588551	-0.002507643707679646	-0.1880915059192972	-0.04174467949266838	0.01645066593983115	0.1564133859140455	-39.37478988348259	0.1140989114266887	-0.7154133970326896	-2.650915787903581	-479.9372920374585	-62.55060541173091	-2.753219649476089	0.8449997865421583	0.6017612487362615	0.3316543056305123	-3.31905244600997	0.1155676798132587	-0.9547559181237925	1.751941044250714	-3.181262185357141	-3.181262185357151	-0.335139527262391	0.1270693291648421	-0.9429585071553972	-0.030621585676293	2.121478842726085e-07	-1.010908204875088e-06	-3.432431831346658e-06	-3.070792702350104e-07	4.899172423005487e-07	-3.641285768611668e-07	3.831325465996993e-07
1.35	-0.3337813623091011	0.04233541550230266	0.7491756514907598	1.140513905833977	-0.3653215588243602	0.01649008138718818	-0.3902706774728895	1.018832710606717	1.018832710606737	-0.03145941703753214	-0.174289541287223	0.3452033399413019	0.174575738856974	0.2458061763353841	0.1556334015679094	0.4259400609162119	-1.618611837122977	-0.0180957324008491	-0.481462841311644	0.379433907681608	-1.680920327342539	-1.680920327342515	-0.2040027891037019	0.007865657289653733	-0.4442462914779629	-0.2221408633016491	-0.1585307330526224	0.04603470483996701	-0.002116763306267862	-0.1844478128707255	-0.04154386615349231	0.0163372261904122	0.1539583782847452	-39.13009271487395	-0.02300271989655218	-0.5296180704838535	-2.730303707176645	-477.0669421302251	-62.33931406975167	-3.168136555541821	0.8226654752758648	0.6020190030714517	0.2671450443629438	-3.200020762856394	0.09085307644110227	-0.7567480918976004	1.747259122567752	-3.075349097127555	-3.075349097123915	-0.5271409207055812	0.179707155745185	-0.9355907001792259	-0.06011361019489556	2.333626146667247e-07	-9.283671022569451e-07	-3.641189595449651e-06	-3.074942578604344e-07	5.399659146613135e-07	-2.13096704228322e-07	4.121072200902382e-07
1.36	-0.3312825874582898	0.04392184968899071	0.7534473516967208	1.124169924485473	-0.3654970578641029	0.01163547400087562	-0.3863889605787215	1.001871748382238	1.001871748382638	-0.03352230645021277	-0.1742021187541702	0.3407147383313907	0.1723530388020529	0.2539090561446396	0.1616541243366009	0.4282924103543147	-1.649978565226196	-0.01698412718689219	-0.4894037167940952	0.3969063126148266	-1.711082727531681	-1.711082727531632	-0.2085592163773856	0.009657898085866498	-0.4534356026104469	-0.2223428869665739	-0.1556032151115175	0.0456627782745479	-0.001725882904958888	-0.1808041198220684	-0.04134305281411508	0.01622378644180049	0.1515033706551257	-38.8855999684798	-0.1655333280402785	-0.336712859690345	-2.84920793329285	-474.2115683766265	-62.20490764974008	-3.621218715827516	0.7974263510888692	0.60209530932942	0.203462655290574	-3.071792013402611	0.1445338650105164	-0.8859643523785821	1.748150796713289	-2.954669927061318	-2.954669927061404	-0.3171449780089646	0.1680202077301505	-0.8970812529404308	0.04157177959320706	2.550027516917136e-07	-8.09797181508197e-07	-3.844647480594598e-06	-3.022589127890048e-07	5.923004777333375e-07	-2.939601895637701e-08	4.424957687447137e-07
1.37	-0.3287039026166272	0.0455684607460521	0.7577393828018981	1.107518341044481	-0.365660987101053	0.006703152514774578	-0.3823328122978321	0.9846147841242276	0.9846147841242937	-0.03563069145362081	-0.1740959937642838	0.3361353332584063	0.1701297057363899	0.2617851766899537	0.1676638873258834	0.4300057193905825	-1.680123503125462	-0.01578239305400901	-0.4970093352633184	0.4143110768841488	-1.740111448194876	-1.740111448194831	-0.2130972990861414	0.01160449751811723	-0.462402761072801	-0.2222696845415039	-0.1525722468749181	0.04534340675112486	-0.001229660406496093	-0.1771672169355659	-0.04117483727259388	0.01588850016961057	0.1489376374838211	-38.67465486300748	-0.1860485378805775	-0.1858715523665237	-2.864150503374358	-471.2981271168939	-61.84946792109949	-4.114014212699151	0.7763132882259944	0.5997286674619816	0.1391845165730059	-2.953617699546986	0.1115693008244073	-0.6897406825190936	1.734799240237775	-2.847268814436854	-2.847268814437404	-0.5191853171157017	0.2127899519589972	-0.8901525306863661	-0.001110260455945107	2.768755329679609e-07	-6.715240008442742e-07	-4.045206994434365e-06	-2.939335420239835e-07	6.458851372880813e-07	1.721704232275757e-07	4.736575303794672e-07
1.38	-0.3260477348931276	0.04727503180775217	0.7620453308951929	1.090571753620177	-0.3658121837739914	0.001696398826345443	-0.3781029843746246	0.9670734735238253	0.9670734735237219	-0.03778386636381086	-0.1739694407519176	0.3314675327232349	0.1679088437480962	0.2694056325142206	0.1736461252643353	0.4310758079779182	-1.708979361879077	-0.01443761438527364	-0.5042901572655301	0.4316422410813366	-1.767951995997602	-1.76795199599756	-0.2175171977871677	0.01374350258985972	-0.4711146950472906	-0.2218486714932053	-0.1495412786386755	0.04502403522787675	-0.0007334379064372226	-0.1735303140490414	-0.04100662173097929	0.01555321389768203	0.1463719043121302	-38.46235175727884	-0.2136544663772952	-0.02606961980679067	-2.923359363607736	-468.3835059368731	-61.57997505595652	-4.647974427488934	0.7462934068793253	0.5965902991635191	0.07481856550417049	-2.813976184272394	0.1731427721807174	-0.8210050589766266	1.733430782286349	-2.717035354967405	-2.717035354967404	-0.2935081764631233	0.2065013356280441	-0.8460363553672706	0.1111339042387988	2.961429296746685e-07	-5.071626762485912e-07	-4.199596455189226e-06	-2.802903013403415e-07	6.961055092920022e-07	3.880346105416213e-07	5.00469252163347e-07
1.39	-0.3233165677137654	0.04904125029881145	0.766358771216114	1.073342963374956	-0.3659494670737893	-0.003381661778264747	-0.3737005446423844	0.9492597195130457	0.949259719512931	-0.03998089846723935	-0.1738207969648151	0.3267138734374761	0.165693572336489	0.2767804333603856	0.1795883307465859	0.4315028716540557	-1.736549168303295	-0.01300309661620474	-0.5112595507048043	0.4488128043727547	-1.79458365829488	-1.794583658294909	-0.2218775104084771	0.01602420925777488	-0.4795676564156854	-0.2211569066365061	-0.1462921058921874	0.04422436063807054	-0.0001255560298185919	-0.1700670434631021	-0.04078913905655446	0.01529597739607309	0.14360722776855	-38.22632656443217	-0.2899542494865091	0.1536500625462456	-2.930244323344138	-465.3866423250384	-61.4821913634335	-5.224328144848503	0.7259907906712406	0.5915979734597431	0.01039524806993548	-2.694015461038796	0.1316933056368257	-0.6250499096135682	1.703933953501346	-2.604066331723491	-2.60406633173418	-0.5056298410444297	0.2438683188837559	-0.8375021041330237	0.05606532609622305	3.138555001060062e-07	-3.272326205968522e-07	-4.326432819748264e-06	-2.634734931246189e-07	7.443181613059175e-07	6.124313231752457e-07	5.246849824233194e-07
1.4	-0.3205130690525216	0.05086660330483311	0.7706732311696756	1.055845368547534	-0.3660717877906182	-0.0085274450018956	-0.3691273863070589	0.9311860819463167	0.931186081946337	-0.04222120110383606	-0.1736483435138005	0.3218771693227199	0.1634867920833934	0.2838719288940317	0.1854730282568102	0.4312797345061459	-1.762740278309214	-0.01144509779247821	-0.5178346810724986	0.4657859617014693	-1.819928707176789	-1.81992870717689	-0.2261713044729704	0.01850543538614839	-0.487723660846379	-0.2201504397913566	-0.1430429331460681	0.04342468604836339	0.0004823258481742107	-0.1666037728771735	-0.04057165638206622	0.01503874089460775	0.1408425512245851	-37.9882824179027	-0.3731458396382656	0.3419394618272699	-2.982813573214326	-462.371997152721	-61.47356714556715	-5.844077291762068	0.6896323443753756	0.5850887047584487	-0.05522159930529177	-2.53823690061261	0.1978389831120998	-0.7421524446608628	1.693949589745553	-2.45971267189372	-2.459712671893821	-0.2802044650999321	0.2466052277194927	-0.7866449678267546	0.1740743019288413	3.314756810172804e-07	-1.228285613082484e-07	-4.463829706134131e-06	-2.419118271990381e-07	7.939189379622924e-07	8.583731405290073e-07	5.520209576995315e-07
1.41	-0.3176399658528431	0.05275045736587562	0.7749822435332965	1.038092602994649	-0.3661781273355935	-0.01373749390386099	-0.3643855640670651	0.9128653734134938	0.912865373413478	-0.04450405160200171	-0.1734504905218058	0.3169603281075099	0.1612913340391037	0.2907032970683756	0.1912816724410597	0.4304155880496727	-1.787578255658556	-0.009803489029975401	-0.5241347932170507	0.482546003617614	-1.843988785672182	-1.843988785672187	-0.2303614814457524	0.02109436686448848	-0.4955912634011214	-0.2188892214406677	-0.1399050085076377	0.04304754048633863	0.00118285330455129	-0.1629598309030642	-0.04065737720745422	0.01430874134582495	0.138126924999728	-37.90069842647715	-0.1907232324219914	0.4491024490423225	-2.828587655143568	-459.4282301586379	-60.92996063578043	-6.507852108919994	0.6731048560786711	0.5762941374899102	-0.1179106265418709	-2.421345732669979	0.1509303112092173	-0.56732894277297	1.662159090576451	-2.345642090065807	-2.345642090051242	-0.4828885620998654	0.2685518787414578	-0.7788048019548913	0.1104639868408376	3.490358087405135e-07	9.748360034431887e-08	-4.608090931707435e-06	-2.172660037620492e-07	8.444219956362663e-07	1.118319275950859e-06	5.813850922362996e-07
1.42	-0.3146999058110231	0.05469190624120595	0.7792794345408068	1.02009850415211	-0.3662673290952654	-0.0190092215959101	-0.3594771158883192	0.8943107667653591	0.8943107667653524	-0.04682769671979978	-0.1732260452607804	0.3119664134862171	0.1591101518553636	0.2972632973273376	0.196991991114374	0.4289154632841471	-1.811006936230915	-0.00801754073192827	-0.5301704390983892	0.4991111494548854	-1.866708330235733	-1.86670833023564	-0.234330228367812	0.02382388917686893	-0.5031383420621427	-0.2172952676818773	-0.1367670838694647	0.04267039492458593	0.001883380760377275	-0.159315888928925	-0.04074309803272343	0.01357874179747636	0.1354112987745654	-37.80927323994297	-0.01790407121910027	0.5680003155819137	-2.725735485089844	-456.456887120728	-60.48682539190757	-7.215913548900185	0.6353587612988163	0.565423602571638	-0.1824172611157469	-2.25637754521608	0.226706890220985	-0.6892591920182157	1.65497037397077	-2.191605885525131	-2.191605885525129	-0.2359184549554566	0.2747233945274724	-0.7225401890822093	0.2406213835492018	3.598349189483912e-07	3.274094946577143e-07	-4.664698794708486e-06	-1.881326995677924e-07	8.793275528426183e-07	1.353479479391547e-06	6.014005082750328e-07
1.43	-0.3116956051865247	0.05668997598397466	0.7835584824892935	1.001877013796122	-0.3663382893710947	-0.02433957001812809	-0.3544044297546771	0.8755355989231822	0.8755355989231101	-0.04919076268575264	-0.1729735888897792	0.3068986244144156	0.1569461018229455	0.3035396963393491	0.2026052624714351	0.4267891265440842	-1.833049468598128	-0.006178570547266032	-0.5357592796164677	0.5153610762438513	-1.88809797902386	-1.888097979023876	-0.2383532682616923	0.02673639025892035	-0.5103633083988065	-0.2154982583347008	-0.1331732338374071	0.04129826634698912	0.002692658467941402	-0.1563849027282987	-0.04017316985250142	0.01310811146183391	0.1323492234455116	-37.48588846044349	-0.006294127647997847	0.7216779836473328	-2.759357480301043	-453.4941837712192	-60.52256903233525	-7.967974265773494	0.615241412901019	0.5567462986905337	-0.2433091448996317	-2.14189232677193	0.1625530608148339	-0.4720962520237862	1.60025367682978	-2.078679625445482	-2.078679625461508	-0.4960582466939154	0.3090176017316485	-0.7140175763974747	0.1521621294852622	3.658546891885176e-07	5.64131303438247e-07	-4.659344797960182e-06	-1.558272107002945e-07	9.032072907528925e-07	1.571118592983481e-06	6.148073474444651e-07
1.44	-0.3086302483835878	0.05874367191959644	0.7878131536174885	0.9834423578675575	-0.3663908477494308	-0.02972148679955252	-0.3491711943840657	0.8565533275431348	0.8565533275429823	-0.05159617134893409	-0.1726901066804941	0.301760277135156	0.1548006061678378	0.3094745330213477	0.2081172296849924	0.4240400992259654	-1.853640050737275	-0.004337161233604694	-0.5404841109473503	0.5312209968516559	-1.908129037811559	-1.908129037811682	-0.2427987677591324	0.03002905680850894	-0.5172499835530363	-0.2135843922201665	-0.1295793838055542	0.03992613776963132	0.003501936174545305	-0.1534539165276435	-0.03960324167217893	0.01263748112657084	0.1292871481162059	-37.15949560749341	-0.001216808769429919	0.8832607304131225	-2.838500703138512	-450.4980196701555	-60.65461104226146	-8.755494794197656	0.5670462952959385	0.5451627738710988	-0.3069553767269179	-1.965987499603249	0.2271947160208827	-0.5164573545790806	1.57696913773834	-1.919887885439355	-1.919887885439335	-0.3204103756673777	0.3507564880349089	-0.6548819525950642	0.2639927370208739	2.81167640889859e-07	1.299165914271346e-06	-3.506499901942277e-06	3.114535130092898e-09	7.112736776423748e-07	1.680231389049591e-06	5.309721719416147e-07
1.45	-0.3055073380231078	0.06085187035973386	0.7920372184621103	0.9648095524562179	-0.366423809411921	-0.03515337655141381	-0.3437810052232217	0.8373781164740235	0.8373781164738912	-0.0540409168506923	-0.1723750354398142	0.2965552395414139	0.1526767450692516	0.3150628728469581	0.2134956749757985	0.420672059505878	-1.872675159121868	-0.002249991944858958	-0.5457845042805196	0.5467586973994415	-1.926666918879914	-1.92666691887999	-0.2461843163329942	0.03302879723586276	-0.5236958755488432	-0.2111610834430394	-0.1263419780506202	0.03938880650346899	0.004354542120508671	-0.1499638865942378	-0.03976328933317932	0.0115111958101382	0.1264480821571157	-37.13695354139044	0.3774794612459889	0.944537338745958	-2.597088594702856	-447.6124762992736	-59.98886694356207	-9.550861112064759	0.5480455693842891	0.5302430505483491	-0.3668115866234367	-1.835374586866442	0.2000775722704367	-0.5201403250874397	1.533449825479831	-1.783859731510512	-1.783859731503503	-0.3523128776593623	0.2810925275340885	-0.6300780503791416	0.2351159895930535	1.268307140703484e-07	2.416833569537661e-06	-1.472545922556657e-06	2.592948354141264e-07	3.536262414266086e-07	1.706011477015518e-06	3.724690208868341e-07
1.46	-0.3023298807157593	0.06301306478155111	0.7962245862461353	0.9459937755451909	-0.3664357794741228	-0.04063493223709785	-0.3382371831944764	0.8180249022913677	0.8180249022914305	-0.05652045499367046	-0.1720286648535485	0.2912876159822519	0.1505778402667446	0.3203839224002628	0.2187164260209608	0.4167006871067264	-1.890234350665617	-0.0001388411773313425	-0.5504172977097443	0.5619475704345038	-1.943729660507359	-1.94372966050739	-0.2497572960834178	0.03628892596119512	-0.5297671766368809	-0.2085931330045225	-0.1231045722959804	0.03885147523724699	0.005207148067964366	-0.1464738566608948	-0.03992333699418738	0.01038491049359305	0.1236090161977464	-37.11309282381891	0.7517355912828214	1.011330421698825	-2.379021422634035	-444.7343086276351	-59.36421770815452	-10.34986706505063	0.5135882408343804	0.513623924742595	-0.4276219125397572	-1.670804131434936	0.2319910117772064	-0.382937373790217	1.507203635193532	-1.624859997257548	-1.624859997257542	-0.3578966109796802	0.4028341476307062	-0.5799637710408532	0.2929210692990448	8.252852437550748e-08	2.812003049916048e-06	-8.824154002691587e-07	3.423051261293967e-07	2.649478929403045e-07	1.782424986981425e-06	3.29507970793532e-07
1.47	-0.2991005506743802	0.0652256181182	0.8003692907881478	0.9270097009376487	-0.3664267181801915	-0.0461585432572685	-0.3325435497070388	0.798508315091071	0.7985083150910858	-0.05903765869292005	-0.171647838900699	0.285961051943916	0.1485050139456756	0.3254230031274027	0.2237600270250481	0.4121435962715275	-1.906309854754076	0.00197192473275831	-0.5542709433982772	0.5767019627386133	-1.959330362916084	-1.95933036291615	-0.2536257563548694	0.03989174658268604	-0.5354772969881531	-0.2059229030237743	-0.119687425811786	0.03769048697459404	0.006016917188387574	-0.1432111954449283	-0.04008112886954984	0.009554702849133906	0.1206122844620753	-37.06964726525042	0.9682659725478573	1.132635633185337	-2.13190996553054	-441.9343012893381	-59.13596307013118	-11.15070829560657	0.4902270580053376	0.4946464277681008	-0.4841534783864211	-1.535289016944988	0.2037916548240959	-0.3810836503288981	1.447982380599673	-1.48914449722575	-1.489144497231055	-0.3923615107163604	0.3410551704119247	-0.5561887518360884	0.2612759122258936	1.299219489512276e-07	2.605090717887811e-06	-1.495471092230135e-06	2.810070755373599e-07	4.004104508952265e-07	1.90103301528065e-06	3.828320048347986e-07
1.48	-0.2958225980118854	0.06748759111279407	0.804465544259932	0.907872998195301	-0.3663959147723199	-0.05171959183112049	-0.3267046872260535	0.7788434270397926	0.778843427039757	-0.06159175514994424	-0.171230574911428	0.2805794561851338	0.146460330314367	0.3301084466286595	0.2286003576099947	0.4070104730611959	-1.920759977618278	0.004209581610844894	-0.5579048084445513	0.5909933691459556	-1.97338983070665	-1.973389830706751	-0.2571358476458668	0.04357653324434985	-0.5407735207260558	-0.2029645950524882	-0.1162702793278369	0.03652949871185782	0.006826686308852858	-0.1399485342290013	-0.04023892074491967	0.008724495204562061	0.1176155527261827	-37.02459835317733	1.181419703153147	1.258016306558465	-1.91359398357811	-439.1258412868158	-58.96298121484501	-11.95200453978295	0.4428607956573425	0.4729698409147792	-0.5428283875662883	-1.34572788658366	0.257369205376607	-0.3389812453385012	1.414606455839881	-1.316613073625646	-1.316613073625658	-0.2862228148887942	0.419227355665417	-0.4971844483665791	0.3505366674068457	1.402446940798802e-07	2.743860154446328e-06	-1.649505526170928e-06	2.884670731327061e-07	4.426522418181073e-07	2.02349280499035e-06	4.110970834785731e-07
1.49	-0.2924995094113867	0.06979698403480444	0.8085076507159131	0.8885997703014914	-0.3663422340681973	-0.05731671505934553	-0.3207253997429417	0.7590457603155927	0.7590457603154354	-0.06417890861601559	-0.1707768819203634	0.2751471177948892	0.144446557636806	0.334449532963647	0.2332464249188093	0.4013198726549632	-1.933618635927116	0.00652850008841959	-0.5614220251240978	0.604775195074898	-1.985874486603028	-1.985874486603049	-0.2603069059422227	0.04719722221162931	-0.5456127065531241	-0.1997646069364424	-0.1126704971777354	0.03543633809488475	0.007606815396529049	-0.1371296544740843	-0.03976835976782107	0.007546809769262427	0.1145007371791785	-36.81337134793845	1.562508839176818	1.303939692893418	-1.819917699407479	-436.4553739262845	-58.50422672423874	-12.75281269815918	0.4207914876724889	0.4557334009343981	-0.5957417208457079	-1.215867528707887	0.2193086960520804	-0.3430206499030632	1.346630800883645	-1.174121615198739	-1.174121615186497	-0.3338968610159485	0.3385983807042443	-0.4649392159919918	0.3081415211398881	1.170612481698377e-07	3.195072727996716e-06	-1.38865536151656e-06	3.580737681281864e-07	4.006368010004903e-07	2.14943399443644e-06	4.167127216669225e-07
1.5	-0.28913479816051	0.07215189927491611	0.8124901379970922	0.8692059692794148	-0.3662653330738738	-0.06294599620853897	-0.314610961972657	0.7391313010788143	0.7391313010787888	-0.06679804256910746	-0.1702859602972992	0.2696688568331535	0.1424654671678921	0.3384329767088486	0.2377048212302527	0.3950866381008831	-1.944874603262878	0.008853639650244506	-0.5643363926292713	0.6180234265823649	-1.996748333201609	-1.996748333201548	-0.2635319451988994	0.0510222597167513	-0.5499580350247979	-0.1964281533229394	-0.1090707150279845	0.03434317747756135	0.008386944486909355	-0.1343107747193567	-0.03929779879084291	0.006369124333415031	0.1113859216319251	-36.5999398413539	1.939457236802399	1.354813073212824	-1.750504049755414	-433.7731527232955	-58.09562734221276	-13.5526959379406	0.3713322776996126	0.435435641440912	-0.6513552171357624	-1.025189691968342	0.2586134222265207	-0.2184114104639306	1.307887571544575	-0.9944512140662199	-0.9944512140662075	-0.2970190069529028	0.4600970632341266	-0.398412977287259	0.3778297668985342	9.657490410320589e-08	3.430952372618466e-06	-1.169833184423602e-06	3.962138207539959e-07	3.708303183394004e-07	2.181679644845708e-06	4.087921483129433e-07
1.51	-0.2857320273549107	0.07455026622851779	0.8164076467412738	0.8497078783772424	-0.3661648014071759	-0.06860237845144326	-0.308366849626173	0.7191162959595323	0.7191162959594386	-0.06944843481083504	-0.1697560668464522	0.2641495571220081	0.1405188698742554	0.3420641593769839	0.2419174158038069	0.3883305334451324	-1.954448760309559	0.01126985680382129	-0.5668928019789713	0.6306942643626673	-2.005966208097801	-2.005966208097877	-0.2664892619431244	0.05496282577926669	-0.5538280445468134	-0.1928514348064844	-0.105786875104925	0.03320126925873886	0.009131846955346783	-0.1308837661469488	-0.04005336365005973	0.005326598312483158	0.1084362193676315	-36.7856778775634	2.280149387760365	1.465663189214433	-1.268848259690598	-431.2592344336167	-57.7573377601819	-14.35166878976143	0.3504725567270547	0.4065797691482618	-0.7003559237869526	-0.8792895394396563	0.2354905852744817	-0.2668162752077028	1.230965128122104	-0.8425585815074191	-0.8425585815278553	-0.2860207508004874	0.3618893919784636	-0.3700885324272992	0.3531346562922884	7.873171984311664e-08	3.455805746890141e-06	-9.921984351408266e-07	4.035165638575271e-07	3.529886146717074e-07	2.122103666998889e-06	3.876060876474817e-07
1.52	-0.2822946524635794	0.07698924080862124	0.8202550708720983	0.8301228937388809	-0.3660396346242702	-0.07428283690348109	-0.3019991722525228	0.6990176915003981	0.6990176915003976	-0.07212658676798268	-0.1691865971324048	0.2585937985970919	0.1386091481182367	0.3453537938594701	0.2458263465306041	0.3810697154296102	-1.962253350493079	0.0137806628915265	-0.5691516344480626	0.6427364320169684	-2.013468201158473	-2.013468201158686	-0.269083888393116	0.05893751241054557	-0.5572497977795756	-0.1890530457991005	-0.1025030351821775	0.03205936103957618	0.0098767494256627	-0.1274567575747304	-0.0408089285093977	0.004284072291037841	0.1054865171031411	-36.96910519183403	2.618349577824117	1.579295381082145	-0.8121877131807516	-428.7269858640848	-57.45734076512609	-15.1503085824321	0.3030226405691762	0.3747028720898739	-0.7522978890900401	-0.6712763193363431	0.2775312090521148	-0.1588960343421933	1.182153546344056	-0.6512748469624878	-0.6512748469624851	-0.2244809481061692	0.4669211769870548	-0.308761719436098	0.4221638650845846	1.006259390855272e-07	3.582752506796769e-06	-1.336332837798697e-06	4.076759343454681e-07	4.301047668443269e-07	2.351572446939549e-06	4.359071741109068e-07
1.53	-0.2788260401055038	0.07946594651525782	0.8240274662222964	0.8104681295310822	-0.3658897831439816	-0.07998302507470932	-0.2955144364329229	0.6788523658008599	0.6788523658009131	-0.0748314682458536	-0.1685771131014596	0.2530060311385175	0.1367373361419212	0.3482957216592399	0.2494763595642762	0.3733347200862833	-1.968414028861059	0.01620120124286171	-0.5708386678440105	0.6541005219323962	-2.019312300768615	-2.019312300768552	-0.2718372788022408	0.06296684092731904	-0.560206630717565	-0.1852689800986296	-0.09874034973599219	0.03048258977920298	0.01056069237716849	-0.1251994846515327	-0.03996321141229079	0.003038149701863508	0.1022602183737715	-36.66384437318136	3.020565647104197	1.612762481380454	-0.7946063872184475	-426.4665351891634	-57.18401090169157	-15.94477512506754	0.2788623955218966	0.354467022206696	-0.7951548531910436	-0.5456083869512455	0.2260712333796314	-0.165907634277228	1.097005218085699	-0.5084065066000764	-0.508406506558826	-0.2920396458927447	0.3716372193318203	-0.2744477876502602	0.3622860355004904	1.647411495493434e-07	3.818173488940532e-06	-2.234846964393498e-06	4.084954714293443e-07	6.081136408472772e-07	2.888151282029405e-06	5.580383543987729e-07
1.54	-0.2753301915602875	0.08197801565287008	0.8277203007198131	0.7907603295812958	-0.3657153750631456	-0.08569854370830683	-0.2889193660133842	0.658637113307572	0.6586371133075712	-0.0775621379397525	-0.167927196079133	0.2473916346092285	0.1349045164452037	0.3508010312927086	0.2528990327257376	0.3651575448934026	-1.97286049888594	0.01869198300243148	-0.5722177269221721	0.6648033520056073	-2.023453559921171	-2.023453559920833	-0.2742415315544549	0.06702411065648191	-0.5625756119223512	-0.1812545898792698	-0.09497766428986892	0.02890581851877927	0.01124463532767934	-0.122942211728325	-0.03911749431519476	0.001792227112634147	0.0990339196443636	-36.35820231876853	3.416345787938734	1.65453221518133	-0.8042598530443786	-424.2283708257002	-56.99987077821324	-16.72710741045016	0.2156990073083617	0.3292348976481859	-0.8407338590007523	-0.3284346507167915	0.2915798906990972	-0.09730117078490633	1.049901577900437	-0.3107067554455357	-0.3107067554455374	-0.1546534167239967	0.4725094194651391	-0.1911913727948705	0.4682287688626481	1.896614171040947e-07	3.966573307285713e-06	-2.654818172777048e-06	4.163028836209376e-07	6.873580432236473e-07	3.161941744175323e-06	6.178719305296864e-07
1.55	-0.271811451792191	0.08452298585640804	0.8313292101615082	0.771016891983498	-0.3655157055493336	-0.09142629576725282	-0.2822206637391105	0.6383891212399921	0.6383891212400314	-0.08031509439901573	-0.1672365742818346	0.2417563558764902	0.1331129516741163	0.3528838246301138	0.2560376993816765	0.3565576244801064	-1.975526182095124	0.02123872477028225	-0.5732430516166158	0.6748067242315844	-2.025850642940163	-2.025850642939894	-0.2763356557957524	0.07111652818930771	-0.564400897271783	-0.1770464137440189	-0.09157829465327047	0.0274920550242789	0.01192919932437464	-0.12000195880944	-0.03945736945764681	0.0004043167760130271	0.09601389200062001	-36.4606223346798	3.914732249900884	1.714789212304943	-0.3839811440207633	-422.157678936336	-56.59751591373648	-17.49288146511468	0.1951292731582724	0.2976744552517021	-0.8795022543757854	-0.190478737188078	0.2356956999837457	-0.09113665251794134	0.955998251786402	-0.1601973364254669	-0.1601973364358622	-0.2341952584683371	0.3796572646829642	-0.1661771861692085	0.3985609073760734	1.694222939157956e-07	4.014709610819492e-06	-2.523424714525926e-06	4.321615432192481e-07	6.528085978563557e-07	3.132954298364112e-06	6.059278323058537e-07
1.56	-0.2682737721355024	0.08709764110764112	0.8348501441746933	0.7512558288373511	-0.3652906737418173	-0.09716149877990292	-0.2754258391012115	0.6181259606900058	0.6181259606900191	-0.08308847276687352	-0.1665046184402386	0.2361052282762282	0.1313637584386837	0.3545890090156512	0.2588360422647589	0.3475624591914882	-1.97638560855106	0.02376444174439992	-0.5737079176607895	0.6840278247312076	-2.02648725641114	-2.02648725641094	-0.2783259132624961	0.07529091950181575	-0.5657453854272901	-0.1727802827479797	-0.08817892501677278	0.02607829152961784	0.01261376332059415	-0.1170617058905893	-0.03979724460015054	-0.0009835935608257457	0.09299386435683704	-36.56438793357917	4.407597774266717	1.782503469326221	0.01105717228168719	-420.1408019809289	-56.28326311704716	-18.23751550214614	0.1401772169341566	0.2611701430773659	-0.9197828340651358	0.03281669993283719	0.287374931952504	0.01479055926908423	0.8934472326293216	0.04138715415725075	0.04138715415725113	-0.1338800618132244	0.488904175401818	-0.09503193400936712	0.4798197410205827	1.446482266807367e-07	4.20217974237018e-06	-2.35809509900072e-06	4.657861259513498e-07	6.055789668533146e-07	3.137176900001378e-06	6.023235676157049e-07
1.57	-0.2647210159991311	0.08969865313645298	0.8382792474896313	0.7314951760082317	-0.3650404037675921	-0.1028998614438974	-0.2685426852280754	0.5978653933548139	0.5978653933548228	-0.08588038755368495	-0.1657314719742152	0.2304433001430961	0.1296577548130996	0.3558922110946314	0.2613161078108401	0.338202624294518	-1.975449180426435	0.02628588239908997	-0.5738832872166605	0.6924719405350143	-2.02532700034275	-2.025327000342525	-0.2800315628287933	0.07934512788203313	-0.5665429517377235	-0.1684036198435847	-0.08456871324292305	0.0243847509664125	0.01323055784392457	-0.1147540267729545	-0.03922577334437131	-0.002579641924003951	0.08987460265703537	-36.40120539966878	4.980922885032379	1.795347451278508	0.1624353009310314	-418.3721953199736	-55.91436034316903	-18.95623854409378	0.114911098842961	0.2339971615515573	-0.9523195066260953	0.1684453953678054	0.2337646576910712	-0.02094982691682508	0.8002423494974295	0.1981037611324159	0.1981037611362533	-0.1844703380646484	0.3643718368028194	-0.05737124582222056	0.4186049322592499	1.142054793872281e-07	4.563817158942004e-06	-2.150345286882911e-06	5.216181126006906e-07	5.424991038055869e-07	3.18291206094924e-06	6.091440948426613e-07
1.58	-0.2611573239628962	0.09232298030095992	0.8416131053177764	0.7117527653656711	-0.3647650721817348	-0.1086374276262467	-0.2615790204778523	0.5776253803658988	0.577625380365908	-0.08868847142281945	-0.1649176448909304	0.2247763458936099	0.1279959208899793	0.3567761889922068	0.2634990694037773	0.3285133618329983	-1.972737171236181	0.02877676407238518	-0.5735486213285822	0.7001300001485123	-2.022376387156262	-2.022376387156011	-0.2815597297561864	0.08342704296111267	-0.5667506086986317	-0.1639463422547845	-0.0809585014691309	0.02269121040298505	0.01384735236740397	-0.1124463476554042	-0.03865430208867725	-0.00417569028749228	0.08675534095726797	-36.24112703448378	5.549577846346069	1.814892719289376	0.2963433081808002	-416.6859242250703	-55.63179185171689	-19.64425786003059	0.05633238065253572	0.2017493524490868	-0.9856683469750324	0.3879329130585084	0.2812631356735196	0.116797648058947	0.7362359945673016	0.3994585777767575	0.3994585777767589	-0.09838353403240796	0.4944455151745024	0.02294993589624924	0.4959426779019049	8.509124483879148e-08	4.756439259452226e-06	-1.945994719541141e-06	5.557004674724086e-07	4.790084086446156e-07	3.150280017623503e-06	6.023598742469312e-07
1.59	-0.25758698715645	0.09496748746626296	0.8448484947643287	0.6920467829453506	-0.3644647568024562	-0.1143694356915883	-0.2545427398305812	0.5574240869800176	0.5574240869800346	-0.09151031225138116	-0.164062959714224	0.2191102494939399	0.1263793598172568	0.3572235139990685	0.265336248031144	0.3185188148081988	-1.968141760101424	0.03128083835102098	-0.5727650735653262	0.7069763604919794	-2.017571629846048	-2.017571629845778	-0.2827767410957651	0.08751153505785333	-0.5663827410158646	-0.1593568272133769	-0.07759509915784601	0.02083244450123901	0.01443223555083771	-0.109649769406943	-0.03898596344721716	-0.005679761539058124	0.08377842809371562	-36.37834577974179	6.095275418610148	1.878150701878453	0.7354934392981481	-415.1698970637879	-55.41709977965391	-20.29667681757424	0.02879867452329699	0.1648973727959806	-1.013129422581917	0.5429930116534405	0.2338707073005365	0.07280656165953636	0.6363707315003608	0.5674709195091122	0.5674709195118379	-0.1279783827188769	0.3654219317684129	0.05674105243692357	0.4412688876602311	5.777999187295249e-08	4.719683431021716e-06	-1.746257412966854e-06	5.602654649316402e-07	4.149601556156705e-07	3.0112924827836e-06	5.771120673204138e-07
1.6	-0.2540142038771923	0.09762840546882123	0.8479825824321624	0.6723962841959682	-0.3641396224537397	-0.1200908736350556	-0.2474424886444192	0.5372801384896508	0.5372801384896171	-0.09434324688324816	-0.1631674354414643	0.2134504389446919	0.1248088564890257	0.3572654835588051	0.2667812368548226	0.3082530060894244	-1.961640437047906	0.03374055796335641	-0.57143459695402	0.7129241079260558	-2.01090740806122	-2.010907408060932	-0.2837784903872915	0.09159486214838662	-0.5654934386142946	-0.1547347933559723	-0.07423169684641232	0.01897367859941469	0.01501711873356908	-0.1068531911584372	-0.03931762480578225	-0.007183832790719911	0.080801515230337	-36.52114265738044	6.638741916023677	1.945429882116178	1.162259595330179	-413.7723447637431	-55.28209558596442	-20.90869660958755	-0.02473870877315888	0.1233113917120089	-1.039920685769999	0.769115296810498	0.2723922024134578	0.2261834176690551	0.5565134126888429	0.7713514726994198	0.7713514726994339	-0.05533112442199144	0.4942125139332759	0.1272368796574791	0.5024464411015654	3.194027131137037e-08	4.838900135442464e-06	-1.578388856188349e-06	5.794961393093578e-07	3.642938218649178e-07	2.950258111367857e-06	5.678925644628623e-07
1.61	-0.2504430551189862	0.1003019084740621	0.851012776827289	0.6528201845935351	-0.3637900860398042	-0.1257973585792929	-0.2402873333415979	0.5172122322302056	0.5172122322301081	-0.09718464997575885	-0.1622320176701048	0.2078023342266075	0.1232848777991926	0.3568887125084662	0.2678624541644518	0.2977511374658828	-1.953263719644051	0.03615679552766386	-0.5697735220706439	0.7179555444407566	-2.00235242440669	-2.002352424406549	-0.2844686222124823	0.09548154719828761	-0.5640207506308351	-0.1500504382815612	-0.07059002702799035	0.01704976925544176	0.01548753056473121	-0.1047760210902297	-0.03845016131149192	-0.009087587382761759	0.0776849828126962	-36.31531434263903	7.349235996237417	1.923841753035161	1.274081742040188	-412.5937341236475	-54.90742249665123	-21.47593412169432	-0.05547108387250125	0.09211950520401885	-1.060467409295895	0.9193209406785389	0.2243183187700197	0.1498822092496699	0.4537475405522741	0.9456664852260838	0.9456664852038202	-0.07007248469938482	0.3345980040238352	0.1734625396764362	0.452322735676072	8.271061046067096e-09	5.188176325818818e-06	-1.457526705358624e-06	6.203586871418421e-07	3.333658190494987e-07	3.004204656002749e-06	5.823148101070353e-07
1.62	-0.2468779390274475	0.1029845421733209	0.8539369230444498	0.6333373263608325	-0.3634167714931772	-0.1314844702375865	-0.2330864059196888	0.4972394947419154	0.4972394947418736	-0.1000317980408256	-0.1612579927477008	0.2021721919447579	0.1218079211991133	0.356058950229886	0.2686073756584054	0.2870433704963221	-1.942992163099965	0.03849618450524251	-0.5675599397641508	0.7220785317431748	-1.991873653816315	-1.991873653816322	-0.2849274849629771	0.09931629238842127	-0.5619009513679225	-0.1453303754045519	-0.06694835720951564	0.01512585991129036	0.01595794239668281	-0.1026988510221271	-0.03758269781728064	-0.0109913419750597	0.07456845039518482	-36.11424319414278	8.05694555385757	1.906831012395345	1.375302943903428	-411.5244321951305	-54.60673743713853	-21.99920952863287	-0.1153369544221771	0.05605222857747418	-1.081100354973799	1.148083124856208	0.2570224850676272	0.3366849022925116	0.3748235702319552	1.156108859868208	1.156108859868227	-0.009077309482892171	0.4838245419800963	0.2566591355488173	0.5095880016214647	-1.137859575064254e-08	5.346128569138473e-06	-1.340889661069911e-06	6.370929902062677e-07	3.108657420773043e-07	2.983349950413902e-06	5.809536436398035e-07
1.63	-0.2433233504724353	0.105672782701942	0.8567530864886623	0.6139668405005485	-0.3630202146492483	-0.137146765500992	-0.2258489178581369	0.4773812199303914	0.477381219930244	-0.1028819394403792	-0.1602457719828289	0.1965663722428245	0.1203786028559287	0.3547877811235143	0.2689682388893764	0.2761660840352859	-1.930769349742495	0.04080618154749301	-0.5648148234612168	0.7252548615813611	-1.979449200312175	-1.979449200312115	-0.2850499951724183	0.1031071146269095	-0.5591685364431934	-0.1405264875126037	-0.06364197998070172	0.01309803944886619	0.01638390289580936	-0.1000179799515795	-0.03780598575293589	-0.01273822074226615	0.07166614025438861	-36.26969364057862	8.716753756947982	1.945651933175686	1.813272625444328	-410.6927206507098	-54.41435457662266	-22.47905080625328	-0.1436522362590427	0.01534991483223869	-1.094468701134496	1.309728886839547	0.216188803913299	0.2564910976657442	0.2644048420409891	1.335322370908143	1.335322370918227	-0.005493053861595	0.3233982433673555	0.2958510173718652	0.4661480342618252	-2.45758114530309e-08	5.196955529025029e-06	-1.231035024649664e-06	6.15095110879865e-07	3.018947039587069e-07	2.842419553676434e-06	5.542559472042661e-07
1.64	-0.2397836026780109	0.1083624811717665	0.8594597918863702	0.5947286524629453	-0.3626009177368895	-0.1427789963807128	-0.218584593067917	0.4576571314087806	0.4576571314087816	-0.1057316369765774	-0.1591963055603182	0.1909907403594344	0.118997395161916	0.3530907981166997	0.2688989638990857	0.2651517611954749	-1.916532598559102	0.04304419819421493	-0.5615470630234252	0.7274458774767668	-1.965036395799196	-1.965036395799068	-0.2848387124693891	0.1067654240087946	-0.5558633876609889	-0.1357082455694602	-0.06033560275212688	0.01107021898607067	0.01680986339722651	-0.09733710888143847	-0.03802927368878981	-0.01448509951001289	0.06876383011358171	-36.42908345561768	9.375320584119127	1.986877996121277	2.238503136012671	-409.9518230185701	-54.28184448031212	-22.91567379740886	-0.2004997345116252	-0.0299754156742848	-1.108507630728735	1.550870690040525	0.2426264059617608	0.4412137292641204	0.1777607816754408	1.553779061635817	1.553779061635822	0.05768127301108154	0.4573219706597949	0.3712059070445703	0.5124588118607502	-4.08898926013117e-08	5.208293466530046e-06	-1.128415300389829e-06	6.11046343026816e-07	2.878077496499585e-07	2.760955245256187e-06	5.4203461997032e-07
1.65	-0.2362629423073677	0.1110494596575226	0.8620558174318511	0.5756425686430068	-0.3621596380916589	-0.1483765522843906	-0.2113034708509931	0.4380869897188007	0.438086989718847	-0.1085775535595593	-0.1581115007403924	0.1854511248006404	0.1176644586928357	0.3509622427494704	0.2684362340350458	0.2540425212089745	-1.900364084793841	0.04518827258468902	-0.5578413027167703	0.7286075571996646	-1.948670305203817	-1.948670305203726	-0.2843280594955762	0.1101973019042909	-0.5519543862451713	-0.1308859745492835	-0.05664628361973709	0.008648552591382601	0.01708120695177102	-0.09562953453269772	-0.03685458735908388	-0.0163776091997413	0.06565639212609428	-36.16123175224755	10.07210127143806	1.965157054620218	2.280634516262584	-409.511489686533	-54.20350001321818	-23.30998063181649	-0.2308950507366207	-0.06336537776901018	-1.113706258236931	1.697843578236164	0.1962041686100056	0.3540937081348867	0.0597202605186038	1.7261568538654	1.726156853859824	0.05107631457626789	0.2862013581316227	0.4167121781149592	0.4652964328136664	-6.265848827990424e-08	5.500525614867397e-06	-1.03845667241072e-06	6.384085202521397e-07	2.647679420084456e-07	2.783556591391092e-06	5.551469388391619e-07
1.66	-0.2327659398130063	0.1137300221234362	0.8645404357623406	0.5567277703324288	-0.3616977364599459	-0.1539332832796366	-0.2040158620982492	0.4186901354939666	0.4186901354939047	-0.1114176998123556	-0.1569923610093333	0.1799537922398534	0.1163793819710972	0.3483592228659849	0.2676157599306064	0.242870318197293	-1.882275496689913	0.04716859549594538	-0.5533820813393343	0.7287431846394911	-1.930378902793386	-1.930378902793332	-0.2836846463213707	0.1136324061652683	-0.5474067880587661	-0.1261362961004089	-0.0529569644868718	0.006226886196772172	0.01735255050453263	-0.09392196018369108	-0.03567990102933128	-0.01827011888935081	0.06254895413900735	-35.89571986500161	10.76793344855277	1.945140605500897	2.311816536720207	-409.1327959548751	-54.17318455779314	-23.66354357152914	-0.2953926377637651	-0.1015242637535331	-1.121100235764964	1.934885557773792	0.2098761101182136	0.5919059434204577	-0.02744967493931795	1.938841424645907	1.9388414246459	0.08423331308941008	0.4579672437562733	0.4989252611628475	0.4979402976005374	-1.039462782906707e-07	5.711965982374217e-06	-6.982659694157241e-07	6.595065233835791e-07	1.642826986696195e-07	2.577971718548425e-06	5.355649943813928e-07
1.67	-0.2292974391015233	0.116400415644973	0.8669131239203398	0.5380042847906129	-0.3612159107301172	-0.159443875365441	-0.196731914213249	0.3994866564872233	0.3994866564871266	-0.1142480967733144	-0.1558404150470035	0.1745054466907769	0.1151427056042208	0.3452718706383375	0.2663880199996453	0.2316676331674403	-1.86207988402808	0.04917203394793219	-0.5486233333479985	0.7278699839502942	-1.909970205984697	-1.909970205984691	-0.2823639289086328	0.1167289977048831	-0.5421632407809791	-0.1212096205397799	-0.04970369662903819	0.00434493990070362	0.01755565195185214	-0.09146642912607755	-0.03565344190007888	-0.02036958460449736	0.05973241237770444	-36.03274591694109	11.594190136804	1.938525635530521	2.70080606123163	-409.0387716415073	-53.84298083396877	-23.97845680310452	-0.3257893505950403	-0.1445025519657384	-1.11985516504709	2.113120139342423	0.1910066516308578	0.4349890070194169	-0.1437165282327544	2.143808110005853	2.143808109998482	0.1616230977458409	0.2314194016239356	0.5521025537507034	0.4874445308100596	-1.825501751129476e-07	5.768951474763836e-06	1.203095828743681e-07	6.686288995708278e-07	-8.425999526701715e-08	1.936148485895677e-06	4.534793112109824e-07
1.68	-0.2258618884794107	0.1190563110283588	0.8691737847223482	0.5194929995791877	-0.3607149648280117	-0.1649034540153271	-0.1894619905876045	0.3804976493086908	0.3804976493086605	-0.1170641601313178	-0.1546583203109455	0.1691125432330151	0.1139547786620506	0.3417692049976269	0.2647161323003985	0.2204648469992171	-1.839835430608056	0.05099262995565008	-0.5431793941554968	0.7259383327682495	-1.887484537135006	-1.887484537135049	-0.2808179258007333	0.1196621609469097	-0.5363183697966295	-0.1163864111585228	-0.04645042877127348	0.002462993604456396	0.01775875339995012	-0.08901089806870144	-0.03562698277094808	-0.02246905031989499	0.05691587061648797	-36.17036491097559	12.42012363455532	1.932451342140722	3.093860067116721	-408.968344578912	-53.51021534292811	-24.25734756920724	-0.3784553203774406	-0.1903538174100462	-1.121120463439084	2.344653709411809	0.1733076212643033	0.7289441836538026	-0.2391397735094308	2.354235832846071	2.354235832845938	0.1292904521214761	0.4252815842389379	0.6191900024760847	0.4772470617263349	-2.289348548879251e-07	5.751613735850718e-06	6.17536855628789e-07	6.612204163254343e-07	-2.065396937099302e-07	1.517896795712479e-06	3.975398419069283e-07
1.69	-0.2224632140227079	0.121693323579685	0.8713226166379119	0.5012137775725652	-0.3601966275745552	-0.1703049872102902	-0.1822171209236336	0.3617433760494131	0.3617433760494409	-0.1198637625382331	-0.1534473910714771	0.1637809672260319	0.1128146498943386	0.3378845530447636	0.2626154089533891	0.2093135876421321	-1.815655357506827	0.05266123926606645	-0.5370464419510399	0.7228552830655756	-1.863016793596034	-1.863016793596052	-0.2790270461738157	0.1224683361458628	-0.5298877822782546	-0.1116323926474389	-0.04298894599122786	3.255893215218328e-05	0.01777331289266883	-0.08714073722576088	-0.03500510661596005	-0.02418804358405487	0.05399341196040763	-36.10995105775861	13.05513069455515	1.946549395677116	3.284924881346154	-409.3060662859976	-53.66061827503783	-24.50323708804518	-0.4056718811266239	-0.2304589602953701	-1.110314028313697	2.507687650491889	0.1607951985168616	0.5677835101163964	-0.3699351135887123	2.545962679214989	2.545962679218778	0.2162408333782019	0.1999930792571616	0.671506535637812	0.4746284248617878	-2.078605489701199e-07	5.578661731397496e-06	4.419411681054029e-07	6.192004461429461e-07	-6.445624533786143e-08	1.567748022574899e-06	3.96344007885557e-07
1.7	-0.2191058264352372	0.1243072234241492	0.8733602988886091	0.4831869570049571	-0.3596621727054957	-0.175642728328953	-0.1750084912656732	0.3432443640385615	0.3432443640385395	-0.1226430053259844	-0.152210058561526	0.1585169997760571	0.111722091147547	0.3335118311565686	0.260093590928005	0.1982349140259805	-1.789355142805078	0.05421615307997289	-0.5304209788955774	0.7186903315652818	-1.836432287465384	-1.836432287465376	-0.2767460019308628	0.1249428150061616	-0.5227966583950926	-0.1068724069738677	-0.0395274632109967	-0.002397875740236048	0.01778787238434824	-0.08527057638277241	-0.03438323046102381	-0.02590703684831685	0.05107095330458143	-36.04493561077319	13.69050072142724	1.959256052379249	3.470091617452056	-409.5728294399803	-53.79190870424213	-24.71924434529928	-0.4760693074448059	-0.2745727530842675	-1.106603315252449	2.768682029515268	0.1505685219622425	0.8274463538550634	-0.4555201330339402	2.777588351181386	2.777588351181502	0.2273233753282782	0.3589423165083527	0.7512972754342943	0.4784404942239709	-1.912425323114504e-07	5.372757252506355e-06	3.048350448816486e-07	5.779646280397681e-07	4.151449656933187e-08	1.574728865213393e-06	3.898346288683534e-07
1.71	-0.2157944894345404	0.1268938081890526	0.8752876829761495	0.4654335740277156	-0.3591127595762564	-0.1809110549524152	-0.1678470908902667	0.3250217098206323	0.3250217098206629	-0.1253973683203907	-0.1509490991766237	0.1533272309644049	0.1106771282306945	0.3286813789796192	0.2571532577247418	0.187265375271034	-1.760976285512202	0.05564109784028086	-0.523147310284411	0.7133974539538199	-1.807744582140475	-1.807744582140433	-0.2740673956159165	0.1271926762528873	-0.5150486302481915	-0.1021265273109033	-0.0360707291813384	-0.004575490686218916	0.01765391429785227	-0.08362347503303023	-0.03356075015062822	-0.02779187165574462	0.04817756816232875	-35.94913168736512	14.40488555470576	1.945222393746001	3.619171927390691	-410.26243198551	-53.79767212426142	-24.90462763529478	-0.497695603686873	-0.3141772004795377	-1.088592215884838	2.924223744836763	0.1339249580724227	0.6920472554183281	-0.5950150104424193	2.967386183796373	2.967386183801281	0.297841230625148	0.1495357842332588	0.8029620518303942	0.4709169365518827	-1.848739809487933e-07	5.091062082407997e-06	2.562549195470513e-07	5.385323597190034e-07	6.442601360730774e-08	1.483107824136854e-06	3.711040963607349e-07
1.72	-0.2125336894418162	0.1294489069026146	0.8771060790640849	0.4479743268565307	-0.3585500034984287	-0.1861037008616286	-0.1607443879780201	0.3070965375681809	0.3070965375681466	-0.1281230028576937	-0.1496673356279198	0.1482182237277228	0.1096792751573133	0.3234044295680956	0.2537963806597396	0.1764373141050801	-1.730527981592827	0.05688474280089899	-0.5152848360463923	0.7069508389328335	-1.776935894389546	-1.776935894389471	-0.271000310459087	0.1291036477187503	-0.5066443434007925	-0.09745043827917593	-0.0326139951514829	-0.006753105632239921	0.01751995621006675	-0.08197637368316416	-0.03273826984024881	-0.02967670646320427	0.04528418302030251	-35.84799596507838	15.11903196485658	1.930434355530909	3.763041345962004	-410.8681522367263	-53.78087688927917	-25.05939470900548	-0.565368754360724	-0.3578815254313006	-1.078307797453986	3.182571354814859	0.1143085620241836	0.9452074792256796	-0.6862676149394026	3.201784836385068	3.201784836384962	0.3050191437045956	0.2911643603360842	0.8825490155346714	0.46448236797669	-1.78300450651696e-07	4.779849646082879e-06	2.274899001190428e-07	4.964847857886422e-07	8.321926396620567e-08	1.368538874147253e-06	3.479674338851834e-07
1.73	-0.2093278722989053	0.1319683393884994	0.8788170156304224	0.4308299641166757	-0.3579755718511916	-0.1912141165433601	-0.1537119805280375	0.2894900606462101	0.2894900606462212	-0.1308159728854376	-0.1483675294113143	0.1431965589737167	0.1087280093003291	0.3176836635223286	0.2500187939184595	0.165783850968232	-1.697992604920572	0.05797418491518815	-0.5067011314110191	0.6993355877322983	-1.744000789363943	-1.74400078936393	-0.2675263418371789	0.1307907689344791	-0.4975812450317348	-0.09281076582420796	-0.02920697495228741	-0.008933504443416271	0.01725959348257021	-0.08044120921013813	-0.03197270621583496	-0.03142951260675812	0.04244742815488142	-35.77956342768451	15.77832277650312	1.928092912845133	3.918129343215779	-411.9020374796222	-53.91157083698303	-25.18442246473046	-0.586765801267766	-0.3983132538991223	-1.053768255627484	3.341776581278195	0.1015143886712333	0.8296408846885617	-0.8284133732489877	3.393120757705746	3.393120757696483	0.3794017103374036	0.09745267015066532	0.9344058868334529	0.4618298416839168	-1.712071523422684e-07	4.393789856111339e-06	2.489703278113126e-07	4.478055440625187e-07	9.15697666745846e-08	1.195780583699532e-06	3.136580847052302e-07
1.74	-0.2061815298708027	0.1344478728058842	0.8804224370286242	0.4140215062951081	-0.3573911953123224	-0.1962357573929324	-0.1467615774901879	0.2722236842590074	0.2722236842589796	-0.1334720400295321	-0.1470528586486849	0.138268768331243	0.1078227641993783	0.3115094866133279	0.2458165669597633	0.155334280478034	-1.663346997934459	0.05887372113106612	-0.4975298696158115	0.6905499565063121	-1.70891578745603	-1.708915787456077	-0.2636197336591282	0.1320765568685741	-0.4878695210929866	-0.08824628707215781	-0.02579995475278124	-0.0111139032545143	0.01699923075368162	-0.078906044736837	-0.03120714259135137	-0.03318231875018238	0.03961067328968523	-35.70529518577499	16.43816050255239	1.923874058737286	4.070766374776492	-412.8375609449635	-54.01097011704458	-25.28053967425853	-0.6560509270085402	-0.4428095689137554	-1.037529268124039	3.604617417586244	0.07632738234182475	1.062718911192721	-0.9203436200301797	3.631764212847052	3.631764212846988	0.3915470549327889	0.2108977040095874	1.012274129473621	0.4494436273932437	-1.629385511931301e-07	4.009373963659981e-06	2.669939802508214e-07	3.996214605709232e-07	1.041622788326434e-07	1.029563734421342e-06	2.79846595522882e-07
1.75	-0.2030991185661831	0.1368832753385089	0.8819244908683097	0.3975699895090231	-0.3567986761294598	-0.2011619956682254	-0.1399050221050697	0.255318861375368	0.2553188613753808	-0.136086907605126	-0.1457266412997936	0.1334413648076186	0.1069629073185185	0.3048969646153085	0.241193893851326	0.1451193361704821	-1.626599284014819	0.05959859482416038	-0.4876167740134675	0.6805607947057571	-1.671681937959755	-1.671681937959818	-0.2592830936136596	0.1330909692589387	-0.4775009311558539	-0.08373573760006396	-0.02237454404648846	-0.01326070034698087	0.01661168665211992	-0.07761714820003808	-0.03025210767182298	-0.03486712827584474	0.0367857030053059	-35.58701025173648	17.06773574688307	1.916510624549878	4.166977615491574	-414.1799825104943	-54.21040363952873	-25.34858355698743	-0.6752590841126357	-0.4824395610328816	-1.007020259981276	3.763373348796137	0.06529842694742476	0.9708282655151066	-1.068251332825971	3.824178437525553	3.824178437523039	0.4659174217309712	0.03531663827839005	1.065778207549306	0.4497065941122153	-1.513700613017271e-07	3.629573629630674e-06	2.753120714037317e-07	3.528276290455028e-07	1.286650482917269e-07	8.817132391960628e-07	2.474329440261172e-07
1.76	-0.200085113731162	0.1392703624642019	0.8833256866153357	0.381496654856057	-0.3561999619968458	-0.2059860583113414	-0.1331543681125072	0.2387973736106749	0.2387973736106435	-0.1386561697919393	-0.1443925591004672	0.1287209725397075	0.1061477251297772	0.2978281927008579	0.2361534855734249	0.1351626619461739	-1.587710571309465	0.06011271108344218	-0.4770947431807212	0.6693696779949818	-1.632248763683177	-1.632248763683257	-0.2544986558731145	0.1336495269184346	-0.4664672699500703	-0.07931134864818268	-0.01894913333998199	-0.01540749743949385	0.01622414254952906	-0.07632825166312669	-0.02929707275231538	-0.03655193780155262	0.03396073272117021	-35.46183781885566	17.69837946344125	1.906380493436427	4.262922662838542	-415.4011743500291	-54.36966501343847	-25.38941357232364	-0.7473009102959636	-0.526356602805704	-0.9858752514753816	4.032817174728722	0.03417589557919641	1.184505957273343	-1.160734602074861	4.071629168907319	4.071629168907226	0.4811065939477251	0.1197267578361057	1.145288383204666	0.4322115233508445	-1.384026200983189e-07	3.242063125380627e-06	2.816276197790007e-07	3.056622122274047e-07	1.579833054083334e-07	7.365551885276116e-07	2.146021551875494e-07
1.77	-0.197143941469488	0.1416049685802829	0.8846287137156158	0.3658227334144305	-0.3555970799017789	-0.2107009541151289	-0.1265218313445439	0.222681043937246	0.2226810439372147	-0.1411754078108777	-0.143054299340586	0.1241142105928903	0.105376435034352	0.2903304185328455	0.2306982244541026	0.1254934913700521	-1.546711069230992	0.06042845080958453	-0.4657813691355889	0.6569319242906234	-1.590642805924793	-1.590642805924853	-0.249274831045078	0.1339163157633762	-0.4547738358036408	-0.07495995041467306	-0.01553533387689727	-0.01749854644404441	0.01573054309708314	-0.07522728324004929	-0.02824342640232435	-0.03813942558446556	0.03116456357367533	-35.32014270733369	18.28813077336163	1.89789379230105	4.32697899913104	-417.0253039950321	-54.64201557439015	-25.40397268483475	-0.7624249365694215	-0.56549389276315	-0.9497806003858356	4.187881980345678	0.02455711585963127	1.120245641349537	-1.316158451791537	4.261203056360114	4.261203056363218	0.5545938534216552	-0.03275944326874842	1.198129739364747	0.4341852892433309	-1.210634560448947e-07	2.83045833919077e-06	2.816852219741408e-07	2.573355913696886e-07	2.02349961454699e-07	5.998110270992462e-07	1.804678121558473e-07
1.78	-0.1942800288028378	0.1438829454799146	0.8858365805821915	0.350569680044776	-0.354992183588516	-0.2152996176758211	-0.1200198446530572	0.206991998636827	0.2069919986367969	-0.1436400928963586	-0.1417159545704042	0.1196277347493349	0.1046481751844391	0.2823762737043651	0.2248276422835596	0.1161306152052977	-1.503536956914963	0.06051555472485508	-0.4538482945618047	0.6432596626993555	-1.546791889084173	-1.546791889084212	-0.243588069169441	0.133666528964636	-0.4424100492971024	-0.07070529954547074	-0.01212153441349914	-0.01958959544859557	0.01523694364424807	-0.07412631481691943	-0.02718978005235279	-0.0397269133673794	0.02836839442650978	-35.16996719625708	18.87944058099947	1.885683815296084	4.391690755933914	-418.4964167450414	-54.86459033527085	-25.39329296679552	-0.8385750423908345	-0.6094208130490024	-0.9246163692019997	4.467739222239505	-0.0115512665953283	1.308446063003845	-1.407636179457464	4.520620985354362	4.520620985354264	0.5736940034674578	0.01641162909999372	1.279358855227388	0.4128620504894961	-1.028357792349225e-07	2.421248105944176e-06	2.792505476444997e-07	2.097607739680531e-07	2.517437327933494e-07	4.689591595315791e-07	1.467858299896785e-07
1.79	-0.1914977445909432	0.14610016357988	0.8869524515184791	0.3357589150464483	-0.3543874978110547	-0.2197748538930583	-0.1136610133322341	0.1917523743029808	0.1917523743028944	-0.1460456824496544	-0.1403816825255222	0.1152681681544526	0.1039620183004435	0.2740027485370664	0.2185474624385082	0.1071004733007083	-1.458244595109731	0.06038307074391407	-0.4410923294949172	0.6282968803341755	-1.500748831208604	-1.500748831208605	-0.2374521136923757	0.1330932192018051	-0.4293896511993948	-0.06654097855665164	-0.008710254015142627	-0.02160290068484091	0.01465175766332753	-0.07324688737806634	-0.0259812087507309	-0.04122606882492629	0.0255940718722732	-34.98542353161992	19.43349289387604	1.871276373630654	4.410889454413931	-420.3636788038581	-55.19006754833406	-25.35856069584734	-0.8484448391573168	-0.6475680677543366	-0.883603476445199	4.615675835071638	-0.02018542455424798	1.275172880628358	-1.572057435818843	4.703752345743196	4.703752345748936	0.6455246068270515	-0.1083926865785497	1.330468399105047	0.4156844085432339	-8.149830777703235e-08	2.020418807998999e-06	2.680929054781243e-07	1.648172686626989e-07	3.187324076549955e-07	3.587303204763547e-07	1.146871108528759e-07
1.8	-0.1888015363478196	0.1482525295818878	0.8879797429606462	0.3214122119012415	-0.3537853545655613	-0.2241193302292042	-0.1074581014692222	0.1769847013792559	0.1769847013792286	-0.1483875167908577	-0.1390559816598096	0.1110422231629506	0.1033169980834281	0.2651610799596013	0.2118572226920329	0.09841471638124345	-1.410724586288266	0.0600070483345338	-0.427696318344152	0.6120757711382786	-1.452401607049646	-1.452401607049608	-0.2308370267352558	0.1319522931348157	-0.4156857286191789	-0.06247796614922006	-0.005298973616485845	-0.02361620592095897	0.01406657168258057	-0.07236745993910924	-0.02477263744903801	-0.04272522428231143	0.0228197493182329	-34.79019249839993	19.98942655856304	1.852283793958303	4.429755319003508	-422.0368583706626	-55.45557935698988	-25.30110220183279	-0.9322037244254845	-0.6914327933329092	-0.855739372177176	4.913268625485798	-0.0602589522833956	1.436455279779523	-1.659301545601651	4.981454242032098	4.981454242031936	0.6695202994780051	-0.09711163173148757	1.416063751730003	0.3926003342121155	-5.912791183483774e-08	1.624906579313435e-06	2.513865613554518e-07	1.208927673477664e-07	3.949172375348221e-07	2.5837268186654e-07	8.349858210282413e-08
1.81	-0.1861957320502712	0.150335979929468	0.8889220083785464	0.3075511288694558	-0.3531881574097307	-0.2283255694674971	-0.1014241172522916	0.1627113370496473	0.1627113370495875	-0.150660992040633	-0.1377433225407633	0.1069565031164085	0.1027120583180783	0.2559203806661359	0.2047652924113233	0.09009985869554063	-1.361113744655049	0.05939077602449682	-0.4134431772604781	0.5945068055242794	-1.401880167664665	-1.401880167664628	-0.2237782888942811	0.1304765933026152	-0.4013440765960885	-0.05852678629273735	-0.001904665848252187	-0.02558262855390732	0.01341070725521426	-0.07171295507385529	-0.02343602016788969	-0.04408342792006499	0.02007543069641735	-34.5665272333823	20.48588102566663	1.835102860833606	4.412486968166752	-424.1114229448688	-55.86688309629796	-25.22294433221932	-0.9319410016973164	-0.7281966351195591	-0.8100153464739409	5.041714511454336	-0.06873811227563822	1.435992511461358	-1.83783407908253	5.146145802012259	5.146145802012118	0.736193318574655	-0.1882307019147569	1.460372939283693	0.3936866451095163	-3.267746417964066e-08	1.250396774203345e-06	2.127628445054052e-07	8.09933317949995e-08	5.074268797364615e-07	1.970062850160934e-07	5.590530538043847e-08
1.82	-0.1836847223396831	0.1523464862763022	0.8897829939436444	0.2941974987698384	-0.3525984083253972	-0.2323860274971933	-0.09557225069346104	0.1489549185169147	0.1489549185169005	-0.1528614513536433	-0.1364485067286256	0.1030176309924261	0.1021460923180411	0.2462021625772333	0.1972684225428176	0.08215874582082267	-1.309233999853276	0.0585174340379906	-0.3985400766248147	0.5756522395190553	-1.349012447668451	-1.349012447668414	-0.2162338393665887	0.1283836317523932	-0.3863161441055879	-0.05468321308651689	0.001489641920333462	-0.02754905118675152	0.01275484282788665	-0.0710584502085022	-0.02209940288669099	-0.04544163155768811	0.01733111207487535	-34.32872249343414	20.98433677852263	1.812489923958163	4.388859217651323	-425.9320792641487	-56.20614290422491	-25.12682215859908	-1.027707483514444	-0.7724207108912141	-0.7809904099803014	5.367049259196563	-0.1116728875774559	1.566447190177528	-1.916421623847539	5.450710364278654	5.450710364278833	0.7666626368211904	-0.2205639753355858	1.553319845213026	0.3710790041597907	-6.594380910328167e-09	8.817520488027937e-07	1.771013475283333e-07	4.228142943318692e-08	6.174641990983121e-07	1.356053409440193e-07	2.864545468944467e-08
1.83	-0.1812728841908316	0.1542800666427155	0.8905665311302252	0.2813731618144262	-0.3520186171454316	-0.2362931217892798	-0.08991571538023219	0.1357381232645627	0.1357381232645096	-0.1549841371161532	-0.1351764265402773	0.09923224320585147	0.101618014939944	0.2360872400718022	0.1893837681399748	0.0746134432114631	-1.255256474934622	0.05739878971456323	-0.3827686958144498	0.5554437939974717	-1.29395251913582	-1.293952519135787	-0.2082191019181671	0.1259250899504349	-0.3706442535162284	-0.05094733309178406	0.004811467267452951	-0.02939441857345161	0.01205202555935488	-0.07062061016364511	-0.02062158786208212	-0.04669439639169068	0.01466483248170346	-34.06079548015636	21.43959392617567	1.787776603865211	4.318883174157661	-428.1652252671552	-56.64973289736619	-25.01483165778227	-1.015143571807104	-0.8060740045828418	-0.7314275688657468	5.46963025448648	-0.1183371281156922	1.598981701400226	-2.104710387111204	5.592750389778648	5.592750389777892	0.8315706228677361	-0.2745803253751063	1.591707629361694	0.3725247696139403	1.783556262250391e-08	5.395001820951624e-07	1.547698399796457e-07	8.913426430668534e-09	7.16376065681115e-07	7.404893437462127e-08	2.886021139714035e-09
1.84	-0.1789645470546344	0.1561328832251768	0.8912765898142186	0.2690999053374579	-0.3514512877933907	-0.2400392026382785	-0.08446759539637946	0.1230837505559021	0.123083750555893	-0.1570241372394137	-0.1339321479785262	0.09560709111787687	0.1011268328162903	0.2255019600565734	0.1811156657524182	0.06746304530335165	-1.199017904164524	0.05602506845553228	-0.3663373880067292	0.5339691736441152	-1.236527938922271	-1.236527938922242	-0.1996967115091259	0.1228233064385048	-0.3542690043842918	-0.04730416219768411	0.008133292615002495	-0.03123978596008371	0.01134920829101917	-0.07018277011871113	-0.01914377283744138	-0.04794716122561092	0.01199855288889777	-33.77554400850552	21.896841315739	1.75700824644385	4.23637492456424	-430.090206036385	-57.01014906520415	-24.88915887898925	-1.121778985475485	-0.8491103078330218	-0.7020094697307921	5.819258429485114	-0.1626882746983926	1.698432589648799	-2.169656590202994	5.92364070046213	5.923640700461969	0.8681932289446945	-0.3492123173297442	1.693991553729538	0.3525371840333426	4.190094391695064e-08	2.063140782603963e-07	1.327100015827148e-07	-2.311540357468149e-08	8.15077755479603e-07	1.565595401503267e-08	-2.210926086460433e-08
1.85	-0.176763971695102	0.1579011393215223	0.8919171915440345	0.2573994006698385	-0.3508989307222866	-0.2436166054055853	-0.07924109657635042	0.1110145186961807	0.1110145186960671	-0.1589765062852523	-0.1327207875603464	0.0921488747558703	0.1006715523138047	0.2145339157769482	0.1724715295011335	0.06072256258285947	-1.140697548423548	0.05440127973732201	-0.3490308496603317	0.5111101174106492	-1.176915523205955	-1.17691552320595	-0.1906945165471279	0.1193353748991856	-0.3372571315048313	-0.04376924087095109	0.01141267209498872	-0.03300786244074742	0.0106180499225787	-0.06999943335161733	-0.01754699943427778	-0.0490564714031788	0.009371473257839392	-33.4648244112738	22.29576795026206	1.725896086030148	4.143683136728285	-432.396728498597	-57.50549065221245	-24.75212571669137	-1.096218266879156	-0.8816828296013998	-0.6500790857125514	5.896242045884148	-0.1689642345247093	1.763591763468967	-2.377101083973972	6.040490719931593	6.040490719928079	0.9285749356028871	-0.3655699693282848	1.722352392339362	0.3514120529257915	6.407515859977343e-08	-7.984338067138127e-08	1.120594469105212e-07	-4.819727365722074e-08	9.126891532094575e-07	-2.632675288116963e-08	-4.314050672709654e-08
1.86	-0.1746754570019565	0.1595810305461864	0.8924923861641415	0.2462936631395103	-0.3503641595512154	-0.2470175773281671	-0.07424980250747726	0.09955350073607072	0.09955350073606234	-0.1608363849204338	-0.1315477037370823	0.08886429057010053	0.1002511095137723	0.2030898267905495	0.1634426914161201	0.05438162336163683	-1.080064476703418	0.05250788845339498	-0.3310512190606012	0.4869282234150953	-1.114885158981035	-1.11488515898105	-0.1811986293540786	0.1151679874760503	-0.3195425691339566	-0.04033662170690136	0.01469205157544617	-0.03477593892120746	0.009886891554865274	-0.06981609658426847	-0.01595022603092715	-0.0501657815804754	0.006744393626975371	-33.13354896334678	22.69664845324536	1.688129461692752	4.029529068286221	-434.3423400818384	-57.90632454787882	-24.60615836715431	-1.216987926831626	-0.9260506745777495	-0.622100769877012	6.281801625315561	-0.2166087878420156	1.833051040315506	-2.434224142621398	6.407230402182876	6.407230402183253	0.9669316751545362	-0.4851034940927579	1.834529452013533	0.3320767514968306	8.570866409003468e-08	-3.576604334487495e-07	9.209423682778021e-08	-7.220518273628334e-08	1.007873654743837e-06	-6.656967855968855e-08	-6.348381409925314e-08
1.87	-0.1727032613172969	0.1611687843958038	0.8930062253177211	0.2358046617840024	-0.3498495989927473	-0.2502343637182702	-0.06950741730974166	0.08872374684472983	0.08872374684468157	-0.1625989170860931	-0.130418304453198	0.08575999834456274	0.09986443867331993	0.1912702456141854	0.1540470004674896	0.04845013656829554	-1.017350067593993	0.0503589672917351	-0.3121935545662972	0.4613301504650654	-1.050659761581362	-1.050659761581368	-0.1712248488582818	0.1105959598064766	-0.3011967097932972	-0.03701337426323194	0.01786389717270596	-0.03641783853178611	0.009151063536494381	-0.06988555023794453	-0.01421475715366794	-0.05115307303322716	0.004214026300337287	-32.77116167872911	23.04850130779321	1.647428131404437	3.89390019003395	-436.6634447878265	-58.41492610073271	-24.45377627978123	-1.176321419330337	-0.9555110199127559	-0.5688514480055871	6.324121621152631	-0.2207259068034454	1.92897778893006	-2.65539872278839	6.491091836043958	6.491091836044921	1.024916035489553	-0.4606070556624125	1.852475720806569	0.3301876102257183	1.040592923397441e-07	-5.848393060029224e-07	7.629004746671557e-08	-8.969261429423842e-08	1.088323429377121e-06	-9.624964684513086e-08	-7.965035206580101e-08
1.88	-0.1708516370857107	0.1626607447929498	0.8934627138405763	0.2259543767330399	-0.3493578660712043	-0.253259202736439	-0.06502757281183359	0.07854842641278466	0.07854842641278285	-0.164259248487075	-0.1293380963765051	0.08284273702156883	0.09951054808118799	0.1789755361863351	0.1442840009218518	0.04291149721678087	-0.9523212157887472	0.0479423610710663	-0.2926617446743219	0.4344200834513969	-0.9839984670943225	-0.983998467094322	-0.1607584764145793	0.1053297460459844	-0.2821363886240495	-0.03378057204260166	0.02103574277011263	-0.03805973814231471	0.00841523551835816	-0.06995500389156951	-0.0124792882763591	-0.05214036448591258	0.001683658973785735	-32.38498438626747	23.40209603451814	1.599700890727053	3.72586307487779	-438.5728892610835	-58.81805513882205	-24.29757599675116	-1.31201357713032	-0.9995123939781109	-0.5435312815118296	6.744690164479507	-0.2701457996440451	1.967880119849841	-2.69662295534994	6.894409819656016	6.894409819655666	1.065450064735202	-0.6239407122762443	1.977421817732361	0.3139877068891532	1.217051082632546e-07	-8.035463783926179e-07	6.120679899630686e-08	-1.062334499543128e-07	1.164997492973687e-06	-1.246905565273997e-07	-9.514065242420863e-08
1.89	-0.1691247981941355	0.1640532984111572	0.8938658091675369	0.2167647273422726	-0.348891563673821	-0.2560843759404528	-0.06082396335374005	0.06905068672249602	0.06905068672252326	-0.1658125258204774	-0.1283126276559414	0.08011923161219675	0.09918847648053704	0.1663137840423044	0.1341666196769268	0.0377674971546817	-0.885218887759465	0.04527162600899189	-0.2722593254664337	0.4060775713636453	-0.9151366810051034	-0.9151366810051021	-0.1498172892183068	0.0996466248381017	-0.2624439796258417	-0.03064954763491344	0.02408928015363736	-0.03961741542334665	0.007696025727547798	-0.07029639687375715	-0.01063693060512822	-0.05296399554622758	-0.0007520505479183964	-31.97419126202827	23.68964813941171	1.551829174817698	3.56563921574959	-440.8160891875077	-59.36006267332382	-24.14018196778523	-1.255040133614265	-1.026891365147008	-0.4905932984957261	6.751477353493638	-0.2723612391149047	2.093436495955311	-2.936700857903674	6.944004545103574	6.944004545103824	1.120221645229717	-0.5580650883613562	1.983237290910331	0.3104547481174275	1.342410348218244e-07	-9.608328995898818e-07	5.135037198315176e-08	-1.159114653547539e-07	1.214297651554055e-06	-1.441482913366649e-07	-1.057282301236014e-07
1.9	-0.1675269336441632	0.1653428701418324	0.8942193127078881	0.2082577958780613	-0.3484533334029915	-0.2587021222174448	-0.05691050612100176	0.06025395320144949	0.06025395320144718	-0.1672540375622449	-0.1273475036000529	0.07759626766281792	0.09889727411204353	0.1531806678754782	0.1236876234154028	0.03299313989494461	-0.8157776304765491	0.04232793576191373	-0.2511763592706784	0.3763896383794108	-0.8437972332539444	-0.8437972332539405	-0.1384053580957792	0.09326081309752035	-0.242028096625808	-0.02760672561086779	0.02714281753741411	-0.04117509270444922	0.006976815936300272	-0.07063778985598781	-0.008794572933979707	-0.05378762660663802	-0.003187760069254233	-31.53657123560214	23.97871962265997	1.49661317692935	3.360114966927163	-442.6021809438417	-59.78584494462156	-23.98427670072738	-1.406286381690831	-1.071835397296727	-0.4696027210395715	7.212476015205895	-0.3247368366450117	2.103989517423282	-2.965707134647264	7.389942152043705	7.389942152043705	1.159598849985725	-0.7644788188157601	2.122116618098779	0.2963472301607993	1.460577570265191e-07	-1.110470129114936e-06	4.201632661967234e-08	-1.248712814813412e-07	1.259069112160322e-06	-1.627306834912038e-07	-1.156987722516557e-07
1.91	-0.1660622048720717	0.1665259103438504	0.8945269234850137	0.2004556696958418	-0.3480457997556526	-0.2611047547188232	-0.05330121395932864	0.05218170067774435	0.05218170067771058	-0.1685791006487961	-0.1264483779982933	0.07528063483314192	0.09863602818049998	0.1396877780513497	0.1128617329004555	0.0285826464032338	-0.744257020753295	0.0391338217093877	-0.2292385337389983	0.3452411241644088	-0.7702371431398088	-0.7702371431398072	-0.1265290359575309	0.08644740941335434	-0.2209764714761625	-0.02465544752505304	0.03003477958462922	-0.04255336841945215	0.006294541987294921	-0.07126050965315882	-0.006829379578182264	-0.05452424609741997	-0.005497063044901076	-31.07269562535757	24.23553305464758	1.43497266657591	3.176306464295483	-444.6858606699579	-60.27301879611932	-23.83248963190745	-1.332398757324359	-1.09679444803748	-0.4184745047016173	7.180451633015086	-0.3233154497016647	2.255399541496449	-3.22357403538952	7.401486550551546	7.401486550550979	1.213165462541937	-0.6572624374100254	2.114961530444125	0.2927617662145415	1.514735604817248e-07	-1.192028662757316e-06	3.733147793830699e-08	-1.274391240706292e-07	1.26353516079708e-06	-1.73522526018678e-07	-1.20177697794798e-07
1.92	-0.164734726693187	0.167598925926826	0.8947920889589295	0.1933804692472751	-0.3476715206008904	-0.2632846648708043	-0.05001023703390095	0.04485753787711141	0.04485753787711352	-0.1697830972007002	-0.125620884692171	0.07317917346836365	0.09840394376349793	0.1257305492453176	0.1016826996069218	0.02450407925298648	-0.6703924837449197	0.03567703725104602	-0.2066318893890842	0.3127265911310537	-0.6941792886475449	-0.6941792886475425	-0.1141920511473701	0.07893435396144972	-0.1991938036446277	-0.02177442270231744	0.03292674163245465	-0.04393164413440388	0.005612268038185258	-0.07188322944985141	-0.004864186222184306	-0.055260865588083	-0.007806366020234419	-30.57914293037443	24.49343362503787	1.365979826108401	2.933226690291517	-446.2717337890493	-60.63405358222879	-23.68747966838172	-1.499154178072931	-1.142463953012727	-0.4032174527470474	7.681261472229827	-0.3772709178084169	2.237753281070097	-3.238910898318635	7.889495027669025	7.889495027669643	1.251731384367707	-0.9044091723632586	2.268325154477999	0.2822965775451469	1.562412649358641e-07	-1.267534852896447e-06	3.306595284117175e-08	-1.29518470277949e-07	1.263462181534824e-06	-1.838450673098732e-07	-1.241779742164094e-07
1.93	-0.1635485813015787	0.168558429365925	0.8950181004390703	0.1870543451841397	-0.3473330076161568	-0.2652343408964896	-0.04705178562182462	0.03830513729845968	0.03830513729847354	-0.1708614307959346	-0.1248706729432956	0.07129872372757433	0.0982002897939359	0.1114240273119071	0.09015845366619382	0.0207429505471599	-0.5944405929442705	0.0319827276798316	-0.1831938354083348	0.2787325159227245	-0.6158822304756572	-0.6158822304756546	-0.1013996979587845	0.07099441672494179	-0.1767755313254809	-0.01896688274567259	0.03555524617398352	-0.04531244725196832	0.005008040348284548	-0.07266628540788721	-0.003061302616616651	-0.05568494665161412	-0.009924536092300268	-30.13523401146142	24.62588732361646	1.315165501472344	2.789152564791233	-448.1020371622253	-61.23586757138528	-23.55175442688493	-1.407585230120217	-1.166359647658486	-0.3556178768549553	7.610925264897903	-0.3717521942494272	2.413234296976806	-3.514332138096434	7.862624976328956	7.862624976328436	1.304013261223463	-0.7557777358157342	2.246646406162246	0.2785997894763084	1.53636843252874e-07	-1.274195635686117e-06	3.357023351465398e-08	-1.260411701403802e-07	1.211757759921266e-06	-1.888293070383959e-07	-1.227336168806064e-07
1.94	-0.1625077379351853	0.1694008993990015	0.8952078891726847	0.1814994945051263	-0.347032685970643	-0.2669463558142726	-0.04444021022304451	0.03254827005446347	0.03254827005446807	-0.1718096356642473	-0.1242032589140062	0.06964607033708038	0.0980244346408894	0.09667014421279967	0.0782760184024081	0.01725952994771721	-0.51613780690706	0.02803876940975497	-0.1590996678116136	0.2433513884743102	-0.5350726217285457	-0.5350726217285452	-0.08816630576542767	0.06237481002756502	-0.1536345335851397	-0.0162146593989374	0.03818375071528531	-0.04669325036955472	0.004403812657855395	-0.07344934136582469	-0.001258419011002047	-0.05610902771514838	-0.01204270616460562	-29.65897682755544	24.7591883982314	1.256776036384717	2.57187151745057	-449.3966262933089	-61.7015828966203	-23.42782500633606	-1.588626411213613	-1.214101817622919	-0.3476758314704573	8.151440519541691	-0.4272006575811138	2.368976004264494	-3.516321346336237	8.392005142713375	8.39200514271355	1.339939185321418	-1.040343064536782	2.412870238718321	0.2712332555634115	1.504588974184685e-07	-1.275093717433708e-06	3.404971862388385e-08	-1.221372831891911e-07	1.156318630538139e-06	-1.929779990610527e-07	-1.208055795413124e-07
1.95	-0.1616162082445818	0.1701229047720065	0.8953641592969624	0.1767381261599408	-0.3467729358027169	-0.268413562424846	-0.04218993227260699	0.0276108274759266	0.02761082747588584	-0.1726233274584577	-0.1236243021786657	0.0682281296108586	0.09787584978775153	0.08155627200512316	0.06607553231440838	0.01402636292769026	-0.4357492398503238	0.0238726104784829	-0.1342374448341877	0.2064674215364201	-0.4519959457561407	-0.4519959457561369	-0.07449952574276528	0.05330846445940859	-0.1298204308895644	-0.01350390036232955	0.04088551418317367	-0.04758490570533538	0.003778798703214376	-0.0751739643605828	0.001777659167003832	-0.05698789790791862	-0.01418153949107162	-28.82547042243579	25.07492058797097	1.115085099025345	2.141097874898982	-450.8617517383713	-61.81018658351537	-23.31795536725322	-1.484701424851746	-1.230470888904094	-0.3061700862287923	8.040569315745145	-0.4169629009217165	2.560460680427224	-3.809951380882414	8.328511525502435	8.328511525502716	1.390738069734317	-0.8559507887242823	2.385637113243456	0.2709251158865649	1.383913272371228e-07	-1.18666993302906e-06	3.414487248720222e-08	-1.116213006268866e-07	1.042991530726677e-06	-1.841757016427871e-07	-1.113805021479053e-07
1.96	-0.1608782040359598	0.1707214155072244	0.8954890911612547	0.1727922443886273	-0.346555975102117	-0.2696290237584222	-0.04031559739423043	0.02351675419720152	0.02351675419720636	-0.17329821332049	-0.1231392429963077	0.06705232127725054	0.0977543581026135	0.06596504782527006	0.05357709084500473	0.0109918779506083	-0.3530404921133738	0.01948087594633545	-0.1087506124189557	0.168162774064026	-0.3663987617437852	-0.3663987617437824	-0.06040511936030973	0.04359529946047225	-0.1052080550633076	-0.01079602579864651	0.04358727765030523	-0.04847656104119034	0.003153784749154729	-0.07689858735585028	0.004813737344865406	-0.05786676810081986	-0.0163203728180133	-27.95696025324872	25.39064765101571	0.9663970014531197	1.623636157665895	-451.7545430370588	-61.77440552763525	-23.22437742617264	-1.684096805650168	-1.273692893902235	-0.307939422881658	8.615476655584017	-0.4723157777564383	2.493897891825733	-3.80045745323753	8.896106750702977	8.896106750702334	1.425464457279498	-1.169706950692494	2.572524864856138	0.2706563609786748	1.259859585358077e-07	-1.096274667884347e-06	3.455132960952802e-08	-1.009776816339842e-07	9.267660733977877e-07	-1.755075572532408e-07	-1.018264305893125e-07
1.97	-0.1602977154849027	0.1711930981508681	0.895584612469316	0.1696841372850918	-0.3463839328249585	-0.270585704078658	-0.03883185572882143	0.02029014806059269	0.02029014806062352	-0.1738300015607012	-0.1227532889330001	0.06612575788544245	0.09765978734566379	0.05008478575196772	0.04066996030227866	0.008133480076468002	-0.2681738735063878	0.01489574048586369	-0.08248981188377889	0.1283497307838154	-0.2784989764214112	-0.2784989764214113	-0.04588071307554933	0.03348717019493037	-0.08002019428156804	-0.00812726554463542	0.04466491651580676	-0.04952249204166555	0.00302764100939237	-0.07616500928482446	0.003280777782448136	-0.05722386309682948	-0.01740984392298685	-28.48757092966806	25.14191901004782	1.077353014701254	2.380414375230181	-452.8074263561987	-62.6907584763881	-23.14894224083542	-1.547173431578585	-1.312659548069234	-0.2715134317446252	8.483321875144769	-0.4562705969791363	2.706501430884177	-4.107102002596259	8.800453163827466	8.80045316382744	1.476562868132236	-0.9475828349732853	2.504566012855815	0.2637365729192132	1.055578749852184e-07	-9.590567351630893e-07	4.235123913328061e-08	-8.730269741438246e-08	7.417046250300312e-07	-1.700255472957786e-07	-8.920874760755704e-08
1.98	-0.159877466059294	0.1715330222063583	0.8956522051062348	0.1674369098499407	-0.3462586735357633	-0.2712769103342005	-0.03775331934364027	0.01795524752539686	0.01795524752539079	-0.1742144189069763	-0.122471659546445	0.06545360296707349	0.09759165433431363	0.03391722274237914	0.02722537321433311	0.005406143722117215	-0.1808645584238425	0.01012427835392131	-0.05565579948778539	0.08712171801644962	-0.188057641466095	-0.1880576414660958	-0.0309309406285443	0.02273036410983814	-0.05432636037887714	-0.005508476678376615	0.0457425553808597	-0.05056842304243703	0.002901497269342173	-0.0754314312141008	0.001747818219847183	-0.0565809580932097	-0.01849931502810104	-28.98061391498096	24.89312971255794	1.180870568343634	3.039736454538346	-453.2482071292896	-63.45360152571998	-23.09348389097995	-1.741556992908697	-1.381184202944573	-0.2817271189239647	9.104015950695388	-0.5095811120507746	2.608540263989068	-4.083451350669033	9.404416677290911	9.40441667729068	1.510537689727907	-1.299442314602263	2.67371948904802	0.2606620834284953	8.500266693548284e-08	-8.20109550368269e-07	5.008513151824795e-08	-7.352811653841037e-08	5.559133191568109e-07	-1.643550441402829e-07	-7.643053144688385e-08
1.99	-0.1596206460393313	0.1717369020918648	0.8956929264883726	0.1660734398897961	-0.3461820700780482	-0.2716965203518024	-0.03709476826558512	0.01653651781722354	0.01653651781675191	-0.1744474817675902	-0.122299865147791	0.06504189236492879	0.09754975289339558	0.0173247268419579	0.01356616086260255	0.002729253962748556	-0.09148016868830389	0.00516260524474284	-0.02815656273885688	0.04433158795555745	-0.09527346563333391	-0.09527346563333446	-0.01562730599296752	0.01156257604128014	-0.02780258500332149	-0.0028426734125399	0.05002748268764345	-0.0479924665605972	0.001789234862762432	-0.0822375138105874	0.01315964148586401	-0.06199934412466377	-0.02158898410301005	-25.66156505668125	27.03802295909277	0.4130569935824349	0.686289175332742	-453.5921921057688	-59.67559147561155	-23.05941130639828	-1.636401662143876	-1.355963464031029	-0.2619790095771397	8.908044958807082	-0.4944837137387403	2.837048530093661	-4.415330281170601	9.27765028128143	9.277650281280904	1.548368134407689	-1.035316752300755	2.673676802502177	0.2739612018290141	5.828192067714924e-08	-5.97293640005586e-07	5.4617192672129e-08	-5.492309782847264e-08	3.34723924268579e-07	-1.495426208801584e-07	-5.586645610869772e-08
2	-0.1595334121331486	0.1718046551112996	0.8957066171518998	0.1656142927217419	-0.3461560880121586	-0.2718378513720032	-0.03687182577763221	0.01605807631599966	0.01605807631589903	-0.1745258899252831	-0.122241722570434	0.06490181356466114	0.097535393835868	0	0	0	0	0	0	0	0	0	0	0	0	0	0.05431240999565649	-0.04541651007868559	0.000676972460756494	-0.08904359640592704	0.0245714647527093	-0.06741773015583952	-0.02467865317792752	-22.30187274666062	29.18181532929338	-0.3614565196069265	-1.773831700458984	-453.2768083671039	-55.73659322371296	-23.04792200832588	-1.888003181217546	-1.362573905117372	-0.2921999596001524	9.523171741247852	-0.5497675391638438	2.740005461974742	-4.391742929602671	9.902274637404963	9.902274637404785	1.575271961205638	-1.378399909146381	2.929481414602879	0.296036112769484	3.156117441881562e-08	-3.744777296429029e-07	5.914925382601004e-08	-3.631807911853493e-08	1.135345293803472e-07	-1.347301976200338e-07	-3.530238077051159e-08
