inDegrees=no
num_controls=7
num_derivatives=13
num_iterations=151
num_multipliers=7
num_parameters=0
num_slacks=7
num_states=26
objective=5.456782
objective_accelerations=0.801668
objective_balance=0.026181
objective_effort=0.245872
objective_height=4.263200
objective_ligament=0.119860
solver_duration=1699.217314
status=Solve_Succeeded
success=true
DataType=double
version=3
OpenSimVersion=4.4-2022-07-23-0e9fedc
endheader
time	/jointset/ground_pelvis/pelvis_tilt/value	/jointset/ground_pelvis/pelvis_tx/value	/jointset/ground_pelvis/pelvis_ty/value	/jointset/hip_l/hip_flexion_l/value	/jointset/hip_l/hip_adduction_l/value	/jointset/hip_l/hip_rotation_l/value	/jointset/back/lumbar_extension/value	/jointset/patellofemoral_l/patellar_flexion_l/value	/jointset/knee_l/knee_flexion_l/value	/jointset/knee_l/knee_adduction_l/value	/jointset/knee_l/knee_rotation_l/value	/jointset/ankle_l/ankle_angle_l/value	/jointset/subtalar_l/subtalar_angle_l/value	/jointset/ground_pelvis/pelvis_tilt/speed	/jointset/ground_pelvis/pelvis_tx/speed	/jointset/ground_pelvis/pelvis_ty/speed	/jointset/hip_l/hip_flexion_l/speed	/jointset/hip_l/hip_adduction_l/speed	/jointset/hip_l/hip_rotation_l/speed	/jointset/back/lumbar_extension/speed	/jointset/patellofemoral_l/patellar_flexion_l/speed	/jointset/knee_l/knee_flexion_l/speed	/jointset/knee_l/knee_adduction_l/speed	/jointset/knee_l/knee_rotation_l/speed	/jointset/ankle_l/ankle_angle_l/speed	/jointset/subtalar_l/subtalar_angle_l/speed	/forceset/tau_hip_flexion_l	/forceset/tau_hip_adduction_l	/forceset/tau_hip_rotation_l	/forceset/tau_knee_flexion_l	/forceset/tau_ankle_angle_l	/forceset/tau_subtalar_angle_l	/forceset/tau_lumbar_extension	lambda_cid13_p0	lambda_cid13_p1	lambda_cid13_p2	lambda_cid13_p3	lambda_cid13_p4	lambda_cid13_p5	lambda_cid14_p0	/jointset/ground_pelvis/pelvis_tilt/accel	/jointset/ground_pelvis/pelvis_tx/accel	/jointset/ground_pelvis/pelvis_ty/accel	/jointset/hip_l/hip_flexion_l/accel	/jointset/hip_l/hip_adduction_l/accel	/jointset/hip_l/hip_rotation_l/accel	/jointset/back/lumbar_extension/accel	/jointset/patellofemoral_l/patellar_flexion_l/accel	/jointset/knee_l/knee_flexion_l/accel	/jointset/knee_l/knee_adduction_l/accel	/jointset/knee_l/knee_rotation_l/accel	/jointset/ankle_l/ankle_angle_l/accel	/jointset/subtalar_l/subtalar_angle_l/accel	gamma_cid13_p0	gamma_cid13_p1	gamma_cid13_p2	gamma_cid13_p3	gamma_cid13_p4	gamma_cid13_p5	gamma_cid14_p0
0	0.05504538718809735	0.1043876889263367	0.9051195148381023	0.1266917050730164	-0.350512506359013	-0.2411445827426661	-0.2144974744115991	0.2051547269256784	0.2051547269256735	-0.1340062237467717	-0.1664184257013104	0.09024399430361882	0.1004555652606966	0	0	0	0	0	0	0	0	0	0	0	0	0	0.114367061772366	-0.05025498557371063	-0.004348135811794319	-0.2006594026191871	0.07267910888137732	-0.04785854369284607	-0.05493679848167673	-7.091421379704304	20.35326450223293	-1.614500531012206	27.3149578464243	-447.4966858991148	-68.26183512330995	-26.16463453780514	-6.461905153470718	-2.850447540933712	-0.9892346959175393	15.87231762302165	-0.126039060387487	2.729841175457381	-4.239097174934202	8.418412089957505	8.418412089957506	1.890551992093028	-0.5959821635571753	-0.2928457701476564	-0.2648419855114926	1.011544204561679e-08	2.11946460065044e-07	-5.701503847151566e-08	1.094028966668433e-08	8.041299626251643e-08	9.683971187790446e-08	2.877979501412316e-08
0.01	0.05473296722304105	0.1042468257582955	0.9050714442811244	0.1274652909734485	-0.3505181848486376	-0.2410058904466435	-0.2147145225689677	0.2055647221956698	0.205564722195671	-0.1339136186370528	-0.1664419113744272	0.09022764689292012	0.1004424329544543	-0.0622333882211452	-0.0280458342763276	-0.009588189247398677	0.1540399492400977	-0.001139693125433374	0.02764194008343899	-0.04308399270820823	0.08160332333794194	0.08160332333794323	0.01839936584565618	-0.00463780500740256	-0.003274923944807182	-0.002631301415770396	0.1113716205111923	-0.05406794851537616	-0.003972023498606774	-0.1981453850307264	0.06942686776570436	-0.04313873711999166	-0.05236500132467677	-7.809121522275557	18.29628192283077	-1.134831312063929	26.92176843912202	-447.7069076116449	-72.19368888446073	-26.16476600961102	-6.066466294843961	-2.762629283516212	-0.9397066343178029	15.06824846683403	-0.1085599041608361	2.766908462542593	-4.29420450383769	7.971927100341897	7.971927100342081	1.796410874572542	-0.3887948793405442	-0.3456250521629019	-0.2630269616203408	-1.948524957212034e-09	2.799455315542683e-07	-3.144939846221291e-08	2.539087884266572e-08	-9.876887628706741e-08	6.958248618179152e-08	3.994130164704898e-08
0.02	0.05380573124808424	0.1038293086649839	0.9049282727126396	0.12975895934474	-0.3505353853626292	-0.2405936711422381	-0.2153526414904352	0.2067788776279942	0.2067788776279924	-0.1336406634701471	-0.1665099981395675	0.09017838837366816	0.1004028370856522	-0.1229632019785896	-0.05533078505409319	-0.01902020230136975	0.3040164941733962	-0.002304404872460201	0.05470540167710568	-0.08421415281934773	0.1608320324610611	0.1608320324610637	0.0360700114421345	-0.008920218415153057	-0.006582221710242845	-0.005292712511967344	0.1083761792500468	-0.05788091145702175	-0.003595911185694038	-0.1956313674421603	0.06617462665007433	-0.03841893054709901	-0.04979320416770728	-8.488167379981052	16.23789880766235	-0.6610713989142217	26.61744269744006	-447.146486318991	-75.97444080590755	-26.1649710727967	-6.161190260730436	-2.698270841221447	-0.9579994572320146	15.05963676166185	-0.1310427847061852	2.614145477502916	-3.848330655520439	7.943489246992963	7.943489246992963	1.744807942257465	-0.5249038436267862	-0.2993205342735099	-0.2708639215968595	-1.401249196004086e-08	3.479446030434925e-07	-5.883758452910162e-09	3.98414680186471e-08	-2.779507488366513e-07	4.232526048567857e-08	5.110280827997479e-08
0.03	0.05227803481181829	0.1031427275975691	0.9046912024830676	0.1335331472489264	-0.3505642401368578	-0.2399144129950116	-0.2163916496760715	0.2087739520098821	0.208773952009877	-0.1331944174382469	-0.1666197971117908	0.09009599186377129	0.1003366459509239	-0.182318531018548	-0.08185722724740932	-0.0283934661187586	0.4501350581515999	-0.003461544781273297	0.08104243691771762	-0.1232747746870817	0.2377825682014221	0.2377825682014238	0.05305679443092674	-0.01296973935608147	-0.009904718585016419	-0.007941032565656893	0.1047628044040626	-0.05555917021982993	-0.003196973554374445	-0.1931194931725054	0.06504657431347309	-0.03914627559979009	-0.04690930308550791	-8.810356066739509	16.55822887449656	-0.6527793179557346	26.11298762038628	-446.2753213446982	-74.60631239194736	-26.16496544456518	-5.784066943588488	-2.610592704826419	-0.9269895339605487	14.28506170300568	-0.1073509466969305	2.627926297198325	-3.888021509212399	7.510784114708197	7.510784114708083	1.6573133547965	-0.3345102776865982	-0.3498483416158993	-0.2611977684522271	-2.146103366409541e-08	3.71100415549349e-07	1.734571502080565e-09	4.91343677287325e-08	-3.976099849284282e-07	2.135650484514737e-08	5.784715692438688e-08
0.04	0.05016451254155323	0.1021947297489329	0.9043603996773281	0.1387479398903121	-0.3506045265807213	-0.2389748957454058	-0.2178118827917482	0.2115265214246017	0.2115265214246002	-0.1325819636009282	-0.1667679981050934	0.08998014356961943	0.1002440952714191	-0.2401283687768817	-0.1076141412983708	-0.03776671753487863	0.5921374416140501	-0.004590738799210026	0.1067572221526547	-0.1604591388273059	0.3123310390278026	0.3123310390278033	0.06931157252396984	-0.01660062263143348	-0.01327257856125849	-0.01056462146724067	0.101149429558091	-0.05323742898264582	-0.002798035923062165	-0.1906076189028541	0.06391852197686555	-0.03987362065249176	-0.04402540200328908	-9.097980733270708	16.87761849539665	-0.6501770115520817	25.68947283265566	-444.715846219294	-73.09792684781893	-26.16420332805433	-5.852092004405391	-2.544365212750628	-0.9579969769782463	14.23640065851117	-0.1254536065309211	2.489695476367943	-3.473079110018475	7.46307626419687	7.46307626419684	1.598406963107646	-0.4411763105115266	-0.3083931545673502	-0.265917691175757	-2.881441195992781e-08	3.933316247771979e-07	8.98285382708547e-09	5.832092332611901e-08	-5.160419501654051e-07	5.174083810198992e-10	6.450043014635538e-08
0.05	0.04747973560479132	0.1009929940138101	0.9039355310127525	0.1453636661330813	-0.3506558856791959	-0.2377821033222685	-0.2195937432017819	0.2150134335407315	0.2150134335407231	-0.1318103398819343	-0.1669513080460251	0.08983063652373537	0.100125608315038	-0.2965674252625268	-0.1326019360006141	-0.04722778187224307	0.7303203885510886	-0.0056711301633832	0.1316917909055089	-0.1956085012274376	0.384654231637738	0.3846542316377361	0.08488716887322366	-0.01998698787309995	-0.01663428705336111	-0.01312202474906446	0.09703608437377347	-0.05263407286697038	-0.002315509237605415	-0.1882122895688453	0.06273394683187923	-0.03887900551098888	-0.04088595884611802	-9.277866519421755	16.42581529108244	-0.5195058544289638	25.05024459983035	-442.9764755313522	-73.11873821451404	-26.1620829398492	-5.500865016352693	-2.456314402004958	-0.9433803013233362	13.5061295290597	-0.0978997202357593	2.478929022487054	-3.490198512150261	7.057354921691544	7.057354921691189	1.518305934641103	-0.2762185980606497	-0.3508649944424416	-0.2491023715005452	-3.148252580453835e-08	3.667726031779244e-07	-8.113323588255265e-11	6.157065702938747e-08	-5.744760943762519e-07	-1.59132728759777e-08	6.599746453757342e-08
0.06	0.04423835759402339	0.09954531477105583	0.9034154078769615	0.153340599408766	-0.3507177622550877	-0.2363432469220508	-0.2217179639772463	0.2192116604154086	0.2192116604154083	-0.130886726206666	-0.1671662520328022	0.08964735133334871	0.0999818571808756	-0.3514485835764899	-0.1568028428246555	-0.05681761177794787	0.8643788481985153	-0.006694234282564379	0.1559700175680833	-0.2289312119131482	0.4545939907396572	0.4545939907396525	0.09970956377474594	-0.02292743179741733	-0.02002820746189679	-0.01561745702348741	0.09292273918942608	-0.05203071675130982	-0.001832982552067513	-0.1858169602348737	0.0615493716868761	-0.03788439036950867	-0.03774651568895426	-9.427771186564287	15.97391198910045	-0.3947013697318318	24.48525961198989	-440.6356524038833	-73.01001345349896	-26.15779564739678	-5.540512370068891	-2.38698763711034	-0.9837500906463185	13.41150320058888	-0.1139961575325321	2.358427058311975	-3.107748767134247	6.986389562593633	6.986389562593559	1.447766673561342	-0.3519920470417269	-0.3148355378540875	-0.2535234896956365	-3.395336535646586e-08	3.381592560701404e-07	-9.83195269413364e-09	6.457041928448253e-08	-6.303840145438929e-07	-3.215833665056981e-08	6.727739413591775e-08
0.07000000000000001	0.04045500321007876	0.09785951461436548	0.9027984517218515	0.1626391754682784	-0.3507895175133098	-0.2346657268787954	-0.2241654181462633	0.2240983695769358	0.2240983695769243	-0.1298183233579203	-0.1674094219607437	0.08943022359665009	0.09981362690642843	-0.4049612626737889	-0.1802256953376846	-0.0666105668148535	0.9946524516089889	-0.007641982139369424	0.1794202630863855	-0.2602669158321813	0.5223546647746976	0.5223546647746889	0.1138447013267136	-0.02562989911855179	-0.02340358703952443	-0.01801264083798029	0.08836749227530531	-0.05090830069696935	-0.001305401097054284	-0.18347606350964	0.0607639977968019	-0.03716570733360564	-0.03437892327200918	-9.45974325001683	15.63476271361568	-0.303367825609889	23.7792680367486	-438.2357651512334	-72.58023470305781	-26.15051810807252	-5.217479657509559	-2.300197131831049	-0.9827371003026574	12.73270399070798	-0.08298866281833206	2.321278349371798	-3.102575295523021	6.611916334543428	6.611916334542924	1.377501641910504	-0.217886996395291	-0.3498150817768392	-0.2301731530905464	-3.188033057730095e-08	2.684757949636047e-07	-3.568893152562165e-08	6.192044954989793e-08	-6.333734654548389e-07	-4.350852161400216e-08	6.444176324749823e-08
0.08	0.03614435523956211	0.09594343331785826	0.902082432238354	0.1732199705777761	-0.3508703151627144	-0.2327571133702001	-0.2269174481727203	0.2296508874809149	0.2296508874809142	-0.1286123462644719	-0.1676773191462627	0.08917915688136273	0.09962191332868342	-0.4569073008890244	-0.2028590707880312	-0.07663027745546841	1.120822658196724	-0.008502712518728351	0.2021887106359899	-0.2898463834006116	0.5877557392331009	0.587755739233089	0.1272244127145204	-0.02787288330951803	-0.02681600317954648	-0.02031411768305344	0.08381224536117872	-0.04978588464262002	-0.0007778196419460046	-0.1811351667844321	0.05997862390672131	-0.03644702429769642	-0.03101133085506264	-9.466324880887758	15.29622743178826	-0.2179119473823041	23.14076021969674	-435.3230389650237	-72.03245715932357	-26.13926647126211	-5.227184193656074	-2.229092224573927	-1.029101211388173	12.59082383604115	-0.09659266204331982	2.222067464572442	-2.756501497013666	6.514469647266218	6.514469647266259	1.296681440729191	-0.2600954210080926	-0.3222428503330733	-0.2347820958117359	-2.951414261548491e-08	1.961426490829561e-07	-6.258501741344748e-08	5.890598097726949e-08	-6.329488215750303e-07	-5.454290794445643e-08	6.134061232767458e-08
0.09	0.03132110527227035	0.09380494986549219	0.9012648370254597	0.185043630806048	-0.3509592354359863	-0.230625079127299	-0.2299555680540807	0.2358466450149271	0.2358466450149375	-0.1272759989912857	-0.1679664559657829	0.08889408401484725	0.09940781532569717	-0.5074816004591945	-0.2247025852544818	-0.08693729460823697	1.24322770666611	-0.009263097690036004	0.2241010285102347	-0.3174910353284899	0.6510081482287189	0.6510081482287229	0.139919178459229	-0.02987838621193507	-0.03020133840602842	-0.02248460768775792	0.07892898064248885	-0.04876242164535186	-0.0002293432599619965	-0.1789547895383416	0.05953922958289392	-0.03547035709777905	-0.02746750344171815	-9.343634457254476	14.83465588589195	-0.1261371477981043	22.33103011020874	-432.4572024468371	-71.68901756460176	-26.1230748640518	-4.933375712882365	-2.141714160784884	-1.038907972844947	11.96309701952435	-0.06304726517690425	2.158266003984738	-2.725463409215822	6.172471406393519	6.172471406395902	1.237026242575662	-0.1593810284914301	-0.3470878725562769	-0.205072586822427	-2.36526998853548e-08	8.38463307211866e-08	-1.012020626380372e-07	5.008927969894707e-08	-5.964570622249274e-07	-6.500799857273737e-08	5.405065731967907e-08
0.1	0.02599994773443212	0.09145208464784055	0.9003426904399123	0.1980708918524365	-0.3510552167250726	-0.2282774312946273	-0.2332615377284299	0.2426632956150463	0.2426632956150458	-0.125816473640407	-0.1682733684750267	0.08857507599331679	0.0991726343958593	-0.5564888149967318	-0.2457354238451457	-0.09754055198610205	1.361542821820979	-0.009914915681436846	0.2453114285898552	-0.3434163419979945	0.7119343524516885	0.7119343524517082	0.1518600282532946	-0.03142802125966317	-0.03360303418253582	-0.02453070305336936	0.07404571592378922	-0.04773895864808561	0.0003191331218693787	-0.1767744122922608	0.05909983525905494	-0.0344936898978656	-0.0239236760283648	-9.200217952368341	14.37449255978012	-0.04034061597706734	21.58195922858293	-429.1675695891998	-71.23916202819171	-26.10086298646769	-4.913767187129337	-2.066957049416633	-1.088349256407473	11.77283717313775	-0.0748792260619752	2.0816839056476	-2.412632445338873	6.049228692736518	6.049228692736527	1.145898250600572	-0.1689218500703114	-0.3255149603382511	-0.2099031679931654	-1.74839820107575e-08	-3.196323357298934e-08	-1.408495218702546e-07	4.076249202891528e-08	-5.567945674488646e-07	-7.542304122720088e-08	4.639245579843768e-08
0.11	0.02019562423275386	0.08889292241691729	0.8993128352823299	0.2122624592828998	-0.351157132963312	-0.2257220749707965	-0.2368173089271934	0.2500785410465992	0.2500785410466054	-0.1242409425842377	-0.1685946416320168	0.08822223448501164	0.09891775402140611	-0.6041159232583281	-0.26595940933166	-0.1084863357590271	1.47609555195725	-0.01044689999485444	0.265639850501082	-0.367458815736189	0.7707347540992935	0.7707347540993181	0.1631240837821273	-0.03275397546219552	-0.03696515424840933	-0.0264200571986668	0.06890893207175576	-0.04663639674576359	0.0008666721310755989	-0.1747423658284814	0.05896782939202465	-0.03340485202128566	-0.02024185764832571	-8.955286307418659	13.85903167355948	0.04148696693986516	20.70247528620449	-426.0137521014435	-70.86723805426918	-26.07159772553003	-4.648173897672784	-1.979469383171247	-1.106181929677529	11.19523029700741	-0.03912237691520228	1.990446012959138	-2.358192535299504	5.738439812894479	5.738439812895216	1.098330351762185	-0.1035631097567944	-0.3415450199238057	-0.1746295403656369	-8.799012169341598e-09	-1.831511616609933e-07	-1.894446514093424e-07	2.592152207308353e-08	-4.976824988183255e-07	-8.777634341059294e-08	3.508644116326786e-08
0.12	0.01392283139805282	0.0861356503141482	0.8981718244886289	0.227579301887349	-0.3512637219132735	-0.2229670294920327	-0.2406051324027886	0.2580703892770619	0.2580703892770597	-0.1225564367432377	-0.1689270005118945	0.08783577487800517	0.09864474450498638	-0.6501826815998181	-0.285357398214313	-0.1197716792098024	1.586597856618947	-0.01084945802561103	0.2852492595762716	-0.3898267973639651	0.8272549122317722	0.8272549122318014	0.1736549852204614	-0.03364516584120556	-0.04032665392276333	-0.02815653144666987	0.06377214821971869	-0.04553383484343915	0.001414211140170126	-0.1727103193647097	0.05883582352498676	-0.03231601414470429	-0.01656003926827817	-8.69411902031198	13.34572693558947	0.1172611272018689	19.8764466557107	-422.5224660375647	-70.40046328749368	-26.03417040365841	-4.601697203107905	-1.901757728644431	-1.156261191977541	10.96275207822293	-0.04899396952979065	1.937881338440182	-2.077734023255131	5.593179989711216	5.593179989711163	0.9992674325008372	-0.08196908536585107	-0.3253908820344255	-0.179327188534329	1.686826121662794e-10	-3.383141868044835e-07	-2.390451371626853e-07	1.046098107390348e-08	-4.363850848108791e-07	-1.003474275635275e-07	2.337055988608362e-08
0.13	0.007196350791868423	0.08318851078879368	0.8969161202616754	0.2439823083050861	-0.3513736887747341	-0.2200203468768467	-0.2446075015699402	0.2666168497268186	0.2666168497268183	-0.1207699903049719	-0.1692672056049411	0.08741590391128057	0.09835520927208839	-0.6948541249324031	-0.303930516548111	-0.1314283816661812	1.693334576766592	-0.0111222814525423	0.3039690534642063	-0.4103748233607407	0.8816645970085845	0.8816645970085872	0.1835123218337495	-0.03432592381475144	-0.04364555185766317	-0.02972443030648583	0.05843143282384541	-0.04437832243204052	0.001943213689219851	-0.1707997360034921	0.05890858366766775	-0.03107544700701539	-0.0127595807396065	-8.366944285108175	12.76334619009774	0.1944784468227354	18.95668857080892	-419.2420717282878	-70.05325606423169	-25.98753825179162	-4.360955466413214	-1.814088622218559	-1.179342886281723	10.42881357379041	-0.01310303152675795	1.821321666678145	-2.00250498209512	5.308971224844115	5.308971224840203	0.9605949464902381	-0.05067607015024136	-0.3348526912429847	-0.1415226778341607	9.929086790147154e-09	-5.090327851392625e-07	-2.901869951008879e-07	-8.703118703969182e-09	-3.720354956480355e-07	-1.145943510560951e-07	9.424827739134364e-09
0.14	3.093823873596066e-05	0.08005984013280673	0.895542055387395	0.2614326182424472	-0.3514857191709153	-0.2168900076722385	-0.2488071846159022	0.2756962287249833	0.275696228724974	-0.1188886448664222	-0.1696121276610731	0.08696290127680197	0.0980507947619664	-0.7379690709881391	-0.3216636243407912	-0.14344380867524	1.796058560544445	-0.01126216496954849	0.3219805774604676	-0.4292895731257614	0.9338386219125073	0.9338386219124842	0.1926347852769334	-0.03458855846034208	-0.04695298747357587	-0.03113238689146043	0.05309071742796309	-0.04322281002064299	0.002472216238211371	-0.1688891526422958	0.05898134381033646	-0.02983487986933073	-0.008959122210925622	-8.027738558078095	12.18383555891285	0.265554189811776	18.08284290632454	-415.7054699817662	-69.62250267373199	-25.93061150471466	-4.290397747737958	-1.733755620420934	-1.228006102513557	10.16020480426449	-0.02240598754478972	1.796227360105519	-1.751078776904049	5.146048015133347	5.146048015133402	0.8522927984799694	0.001655580225199303	-0.3230984182370666	-0.1473387335660938	1.979883019522775e-08	-6.818969797762882e-07	-3.415414560990711e-07	-2.837805417545461e-08	-3.072649168085855e-07	-1.290724248024051e-07	-4.828470045023861e-09
0.15	-0.007558581045626707	0.07675804143170763	0.8940459563814516	0.279891307464197	-0.3515984291591902	-0.2135840459423698	-0.2531871986564609	0.2852868342468228	0.2852868342468265	-0.1169193131367092	-0.1699587126764705	0.08647706110370663	0.09773322767255024	-0.7796813227278619	-0.3385525419945661	-0.1558346446350623	1.895023381773808	-0.01125123390957769	0.3390801907770495	-0.4464459177827483	0.9839201604949468	0.9839201604949152	0.2011293748882218	-0.0346743015891052	-0.05020730594035307	-0.03234545128652348	0.04767018403325482	-0.0420279714837807	0.002948806371316501	-0.1672430385627602	0.05942672946056997	-0.02848185684932551	-0.005107971461695833	-7.575902458879209	11.55015685295382	0.328825722492003	17.08452360126624	-412.4630286937606	-69.31143018730192	-25.86237668178322	-4.073603769409483	-1.64492998744146	-1.253479782055172	9.666247390246193	0.01727506140597934	1.647114957003643	-1.657814729693977	4.88485985431985	4.884859854318516	0.8325721938435905	-0.005613818336234075	-0.3254600413022748	-0.1028004581441126	1.561295376774894e-08	-7.655645883477144e-07	-2.728514643524973e-07	-4.031900180707494e-08	-3.166475816878376e-07	-1.626023809208605e-07	-2.597677884949773e-08
0.16	-0.01555761582385422	0.07329165952415337	0.8924241775280422	0.2993199702198353	-0.3517101433551398	-0.2101110307514215	-0.2577307566275092	0.2953673857694072	0.2953673857694033	-0.1148681294806243	-0.170304540034906	0.08595890544986264	0.09740462790604987	-0.8198721697603757	-0.3545802656318205	-0.1685797781684704	1.99005326732213	-0.0110630065040881	0.3553912696764042	-0.4619983592236462	1.031827822058209	1.031827822058169	0.2090051705551207	-0.03443702707423021	-0.05341608362330151	-0.03333892230829614	0.04224965063858528	-0.0408331329469177	0.003425396504261056	-0.1655969244831958	0.05987211511080884	-0.02712883382931711	-0.001256820712435821	-7.115757233013677	10.91994451962563	0.3859241288738866	16.12451964199008	-409.0370197971492	-68.9275708235696	-25.78180293062597	-3.986116806296077	-1.561516817116884	-1.298865617230741	9.373217668056439	0.01305328155895515	1.638520476660111	-1.430298133686241	4.711272611297964	4.711272611298099	0.7285340096020658	0.0662591089528233	-0.3139902614714015	-0.1034200589080543	9.112034073730979e-09	-8.345409945083361e-07	-1.843894450950231e-07	-5.098611614742335e-08	-3.382437220031109e-07	-1.992702941359045e-07	-4.826073652790586e-08
0.17	-0.02395138047908721	0.06966929936322559	0.8906731402498657	0.319679800771052	-0.3518194941167762	-0.2064787692859319	-0.2624214227627413	0.3059163057209452	0.3059163057209372	-0.1127420152219475	-0.1706466355586474	0.08540876383931033	0.09706670893886937	-0.8586261177821923	-0.3697478987129978	-0.1816825802002102	2.081267291804886	-0.01077816561081455	0.370927060812431	-0.4758751714335713	1.077606800574451	1.077606800574444	0.216122650084293	-0.03394010002693985	-0.05660226142940805	-0.03420820794273533	0.03666671194512568	-0.03954676318310359	0.003859306752018002	-0.1639772888904248	0.06028899780510043	-0.02564262375219299	0.002706406922387522	-6.674378714895278	10.23706177707108	0.4492636988752217	15.16500493166138	-405.9387395847659	-68.64779311911025	-25.68792035434571	-3.781825505182901	-1.47281691975632	-1.324291252971225	8.898669830196621	0.04069494689200748	1.490997720866433	-1.327418306361755	4.458815693208506	4.458815693213346	0.6889457558974036	0.04769635549489856	-0.3194607425163336	-0.07302981861642971	8.48685182284845e-09	-9.422361047635548e-07	-1.612458171225653e-07	-6.500699511468813e-08	-3.338554290243986e-07	-2.203179008488574e-07	-6.61338537830984e-08
0.18	-0.03272504295555251	0.06589957679825816	0.8887894142000071	0.3409324065654561	-0.3519250973787489	-0.2026951720513214	-0.2672430661284153	0.316912536501918	0.3169125365019214	-0.1105476080016925	-0.1709825044413593	0.08482705461022992	0.09672122771476348	-0.8958517340063378	-0.3840527464397524	-0.1951175325049342	2.1686083159601	-0.01031350657032113	0.3856584235001624	-0.4881938053121335	1.121289987947544	1.121289987947568	0.2226637628663624	-0.03319169886453266	-0.05972960732895737	-0.03485137369335976	0.03108377325166183	-0.03826039341929566	0.004293216999880943	-0.1623576532976752	0.06070588049938687	-0.02415641367507203	0.006669634557218351	-6.228125974725385	9.557477674224536	0.5073354391532093	14.2269956760396	-402.7300563015307	-68.32482132832742	-25.57975386007213	-3.680450446761825	-1.38895974623239	-1.365295671827599	8.598617602547982	0.04901691100292786	1.477634787001052	-1.118662467413693	4.29211438266818	4.292114382668038	0.6132606601814535	0.1165539319761945	-0.3022238801600564	-0.05819608214514026	8.994341850160715e-09	-1.057395061591226e-06	-1.506936862652915e-07	-7.967438292569588e-08	-3.244580886637131e-07	-2.383543641397205e-07	-8.315668854706868e-08
0.19	-0.04186371569699551	0.06199113239826738	0.8867696904994214	0.3630395861851664	-0.3520253569040003	-0.1987684841712912	-0.2721798135758771	0.3283353101743753	0.3283353101743799	-0.1082909016548252	-0.1713100588750941	0.08421433493554305	0.09637021760139919	-0.9316324923078995	-0.3974898885491964	-0.2088755517743303	2.252190857097737	-0.009713324216702382	0.3995540868819961	-0.4989041445041573	1.16292072760802	1.162920727608033	0.2285798032915722	-0.03227897969286727	-0.06280371099612768	-0.03531825931045028	0.02548749448581228	-0.03698015549944414	0.004666414588123111	-0.1610231519545256	0.06142544097180255	-0.02262299750974151	0.01065724964395824	-5.70321484421733	8.856518946485476	0.554079802704459	13.22739013691883	-399.9088727488952	-68.09174207639623	-25.45638982022754	-3.489330178191322	-1.29917116034936	-1.388371228725377	8.142566296692376	0.06946382257664391	1.32673522700991	-1.009488693777541	4.046968167767096	4.04696816776533	0.565925987695799	0.08466275895638035	-0.3084440758501573	-0.03588880832860181	6.63891259517164e-09	-1.180505670815765e-06	-1.320900719590403e-07	-9.382794205312221e-08	-3.383201830387905e-07	-2.590476244128354e-07	-1.022605992806999e-07
0.2	-0.05135268435272092	0.05795270063377211	0.884610923371296	0.385963490001715	-0.3521188256207102	-0.1947065990347931	-0.2772161182249948	0.3401640741254405	0.3401640741254442	-0.1059780048528704	-0.1716272797472831	0.08357118613101458	0.0960155478304964	-0.9659109168629734	-0.4100502193406511	-0.2229262180129184	2.331953155328203	-0.0089553448616653	0.4126978747932509	-0.5081052456434058	1.202488043669683	1.202488043669685	0.2339018538769776	-0.03112498655340906	-0.06581543329748321	-0.03558330520104609	0.01989121571991778	-0.03569991757962038	0.005039612176421678	-0.1596886506114105	0.06214500144420082	-0.02108958134444811	0.01464486473068143	-5.175885192254764	8.159002729942058	0.5958602270619553	12.24016973514465	-397.0280631630233	-67.82999861112138	-25.31690509980568	-3.379983697464188	-1.213597482634581	-1.423825065666018	7.834569021113746	0.08057631128659228	1.327259692885308	-0.8168148568586695	3.879429662905301	3.87942966290527	0.4944626922205558	0.1648087255347722	-0.2897476069971857	-0.01782813684623492	3.647279055226709e-09	-1.305383313906274e-06	-1.116972391085719e-07	-1.078673170286416e-07	-3.573510406884819e-07	-2.803312840153397e-07	-1.218269713409225e-07
0.21	-0.06117707887597222	0.0537930446679334	0.8823102568667993	0.40966611900549	-0.352204124851217	-0.1905173055958758	-0.2823368282071234	0.3523782508147886	0.3523782508147917	-0.103615073677239	-0.1719322202592428	0.08289814426485827	0.09565899535168475	-0.9987161637163122	-0.4217350101386094	-0.2372458259792172	2.407942368020646	-0.008081657273474178	0.4250386846122692	-0.51579702579453	1.240010250390887	1.240010250390885	0.2385905676681734	-0.02983099841781103	-0.06878288329455282	-0.03569755853220965	0.01421348453344868	-0.03439925449604539	0.005357050495141333	-0.1584913688538767	0.06290023461348593	-0.01948682251367419	0.01870815032876375	-4.658643253239981	7.437700317570179	0.6362199559389637	11.2761507714218	-394.5884919044584	-67.66154749698696	-25.16048608260772	-3.193013387994377	-1.124047465972424	-1.441912365170285	7.386560205613464	0.09441258358287757	1.169107666524482	-0.7094008461611623	3.638084761398758	3.638084761398184	0.4417669453355691	0.1165269339300405	-0.298776313575322	-0.003556703067562096	8.489779750414481e-09	-1.421496579118998e-06	-1.464470315706097e-07	-1.277844283377704e-07	-3.2435768157651e-07	-2.782757075018518e-07	-1.346339033508592e-07
0.22	-0.07132196950950011	0.04952091527659563	0.8798652175420276	0.4341097326986495	-0.3522799576856454	-0.1862082808507437	-0.2875272642411469	0.3649575432882776	0.3649575432882826	-0.101208117119118	-0.1722232542745854	0.08219572137522918	0.09530223378519816	-1.030010138918672	-0.4325449044404623	-0.2518007820679075	2.480150093205233	-0.007062065645377004	0.4366441360358687	-0.5220504560225205	1.275511200498922	1.275511200498917	0.2427069303700236	-0.02834368722789772	-0.07169163799216001	-0.03562512273601873	0.008535753346947794	-0.03309859141248402	0.005674488813933063	-0.1572940870963688	0.06365546778276147	-0.01788406368291859	0.02277143592683428	-4.140179553371775	6.719854699422188	0.6718365273413212	10.31547267850225	-392.1171932317849	-67.47557822227812	-24.98747667816623	-3.077729367268377	-1.038618183413581	-1.470894690144312	7.078271519542513	0.1097571192678059	1.180188013801625	-0.5291448722319364	3.475178340271509	3.475178340271505	0.3799924743514286	0.2034733363978555	-0.278008547104778	0.01950968862462914	1.531560556842062e-08	-1.535391014489244e-06	-1.951569823396108e-07	-1.491895741617369e-07	-2.781936346767756e-07	-2.703114636172266e-07	-1.457295847151539e-07
0.23	-0.08177256405092662	0.04514507680487592	0.8772735208258085	0.4592570477972334	-0.3523449253492901	-0.181787244650833	-0.2927727520160783	0.3778820498845203	0.3778820498845064	-0.09876266034122483	-0.1724989952145065	0.08146459666044724	0.09494709712972701	-1.059859045944824	-0.4424747367515939	-0.2665650695160897	2.548685964377686	-0.005909794501690237	0.4474420982511262	-0.5268123469589678	1.309054292903659	1.309054292903651	0.2462973476169735	-0.02677923905508549	-0.07452242108088862	-0.03537376766642674	0.002823422424573671	-0.03179788324219496	0.005920284223425142	-0.1563616374092676	0.06464956074685456	-0.01626326968550511	0.02689845149077855	-3.572555573444242	5.99676352185302	0.6955015477632803	9.324156791590308	-390.1497962948458	-67.36802379332283	-24.79692605091727	-2.901006831319884	-0.9479885715921701	-1.483225610180022	6.647204778388249	0.1214808268576633	1.011377891155096	-0.4144984037135148	3.243530452989126	3.243530452988739	0.3352199306573697	0.1367244169333681	-0.2840296265019689	0.03248473646702303	1.311228570421096e-08	-1.628329325190257e-06	-1.900614505146978e-07	-1.647120016156312e-07	-2.859810291721423e-07	-2.715776600794892e-07	-1.615983618821247e-07
0.24	-0.0925141547548182	0.04067437544671876	0.8745333752675023	0.4850709135799995	-0.3523976665585138	-0.1772618733156147	-0.2980588161402461	0.3911319185572754	0.3911319185572654	-0.09628396867466968	-0.1727583329008864	0.08070548082742941	0.09459538128901986	-1.088209371412227	-0.4515174817279505	-0.281490550485332	2.61346023004179	-0.004616774760457348	0.4575111630970792	-0.5301657258699022	1.340583615804969	1.340583615804959	0.2493539080955436	-0.02506303651384763	-0.07728986163941787	-0.03494095978321175	-0.002888908497831525	-0.03049717507190737	0.006166079633107949	-0.1554291877221963	0.06564365371094275	-0.01464247568809703	0.03102546705470627	-3.00752170380966	5.277967846891565	0.7140940197160872	8.34198064400033	-388.2151848848732	-67.25474413994644	-24.58725793563843	-2.7780130555187	-0.8612007164586434	-1.503133394356347	6.325950417872662	0.1379068387770435	1.034408539940775	-0.247442467129296	3.072424439586133	3.072424439586114	0.2732211206754261	0.2338242100830229	-0.265340041064976	0.05580025134919762	8.329209930796778e-09	-1.715280171700061e-06	-1.695929236629522e-07	-1.78553652392362e-07	-3.091831212089666e-07	-2.75481125212291e-07	-1.78830880707003e-07
0.25	-0.1035318360397084	0.03611766739966483	0.8716432816981263	0.5115138955574087	-0.3524369676243884	-0.1726395867747761	-0.3033714019399834	0.40468714286654	0.4046871428665339	-0.09377752231599386	-0.1730001105758752	0.07991898047380848	0.09424868333572128	-1.115081185994068	-0.4596782506975715	-0.2965419785098188	2.674526066303396	-0.003222180433179545	0.4668259429897325	-0.5321252564486051	1.370137720006412	1.370137720006403	0.2518608307250843	-0.02327785258704862	-0.07999775511088004	-0.03437031191702988	-0.008673592079477011	-0.02919763459623343	0.006343420740992308	-0.1546458494719169	0.06669458960152411	-0.01298746543769607	0.03523354923831955	-2.450926753222074	4.551392396621396	0.7275263868213824	7.387804603990558	-386.7685786679498	-67.21999119402939	-24.35693500907495	-2.604908420898381	-0.77166982147844	-1.508282736079467	5.905385351765579	0.1437182526519444	0.8618824920156567	-0.1362817089729863	2.848411106026032	2.848411106026183	0.2279324601462756	0.1530805288436319	-0.271701211794748	0.06223800209128848	1.881561901282377e-09	-1.775948328618013e-06	-1.414657661090039e-07	-1.895906897584132e-07	-3.382214402408635e-07	-2.722058494116984e-07	-1.94431234618491e-07
0.26	-0.1148108640226903	0.0314837206960615	0.8686022468025886	0.5385492329217236	-0.3524616262424017	-0.1679277784793923	-0.3086967977166534	0.4185282097569304	0.4185282097569374	-0.09124830580575306	-0.173223593402646	0.07910576374315241	0.09390860005065221	-1.140478711031173	-0.4669652130378298	-0.3116788157177081	2.731931307423433	-0.001688285187938301	0.4754155140059113	-0.5327277212565884	1.397752132031963	1.397752132031956	0.2539079383967324	-0.02140406686563226	-0.08263313704665687	-0.03361802613730378	-0.01445827566119128	-0.02789809412060426	0.00652076184904253	-0.1538625112216801	0.06774552549208515	-0.01133245518735151	0.03944163142189858	-1.89830266553722	3.829117324142359	0.7361559549114469	6.442014974420597	-385.3799135043222	-67.19119619235376	-24.10447728660521	-2.483155146571708	-0.6864393905862131	-1.520215231036834	5.593831389558753	0.1657670223697466	0.8893667646459614	0.02397068701462183	2.684486004407869	2.684486004407878	0.1812581290968725	0.2515445690065519	-0.2508377339279979	0.09212783405800504	-5.098749250184099e-09	-1.828206024866571e-06	-1.108878467303506e-07	-1.997302508330468e-07	-3.691273519111836e-07	-2.666333765124196e-07	-2.095092957576941e-07
0.27	-0.1263364846134889	0.02678124589501023	0.8654095500089812	0.5661403854748548	-0.3524704904259147	-0.1631336901071716	-0.3140216356103678	0.4326358120741808	0.4326358120741993	-0.08870117712722368	-0.1734281442225163	0.07826650450355144	0.09357667043069649	-1.164401426945682	-0.4733876385146377	-0.3268604217511136	2.785702124009023	-6.754984721320123e-05	0.4832836618884231	-0.5320321286892344	1.423453972488398	1.423453972488389	0.255448034894835	-0.01950262550472676	-0.08520792612120615	-0.03274486744455544	-0.02028885904838377	-0.02664345255248685	0.006626742012556637	-0.1532747711258709	0.06890816184797691	-0.009663359346693774	0.04370705902414418	-1.338504073936912	3.10692629059103	0.736253073386282	5.522844934418965	-384.4855511762765	-67.23647944257198	-23.82850457290365	-2.3102350439776	-0.5988683064734024	-1.517190550434957	5.179139469993934	0.1630841001040436	0.7176354933881688	0.1235128610899343	2.465921920335366	2.465921920335082	0.129587498290969	0.159998622779551	-0.2592413640682313	0.08866704252642997	-1.404075028084851e-08	-1.850832950337168e-06	-6.81178422318436e-08	-2.059711401462965e-07	-4.054970175013238e-07	-2.543310321414888e-07	-2.229434984781653e-07
0.28	-0.1380940134094494	0.02201880200314154	0.8620650257028516	0.5942513327292278	-0.3524625757939867	-0.1582645009174577	-0.3193332857145094	0.4469910105668329	0.4469910105668281	-0.08614080706612107	-0.1736135696881048	0.07740180899923514	0.0932542238287969	-1.186860352063681	-0.4789590312013172	-0.3420443182221844	2.835890247671998	0.001667477900717912	0.4904356775043185	-0.530090163342107	1.447271367107802	1.447271367107791	0.2565562149178956	-0.01757899601793961	-0.08772038998974778	-0.03172142252607874	-0.02611944243557688	-0.02538881098436893	0.006732722175860331	-0.1526870310300347	0.07007079820387931	-0.007994263506029674	0.04797248662638218	-0.7836340764060067	2.388879944187291	0.7319415194170091	4.612832104571102	-383.6656230842584	-67.29859096969791	-23.52777712900104	-2.190396987269843	-0.5162328325606406	-1.520673318569902	4.877292805035759	0.188625503810955	0.7461403113227902	0.2732452429692763	2.307596837001804	2.307596837001809	0.09487483408844676	0.2559821941829687	-0.2383726927265925	0.1221850792036479	-2.368143537807658e-08	-1.862906450599177e-06	-2.100545125229275e-08	-2.108234614349438e-07	-4.438126776382494e-07	-2.39631747246408e-07	-2.357922173782661e-07
0.29	-0.1500687701981029	0.01720489898359006	0.8585688042496321	0.622846234399141	-0.352436971536651	-0.1533271824521943	-0.3246194611140442	0.461575033637186	0.461575033637192	-0.08357179864755311	-0.1737797189157922	0.07651230213965136	0.0929425104920634	-1.207850770921517	-0.4836808694910583	-0.3571846534918424	2.882503941928304	0.003467716004791475	0.4969136972669151	-0.526947639690996	1.469227518271703	1.469227518271708	0.2571833569672957	-0.01565416842430568	-0.09016711579667687	-0.03060031263107411	-0.03199720789864803	-0.02416975812460727	0.006765676679948679	-0.1523810949716051	0.07152649192810909	-0.006389934268624877	0.05231070654224937	-0.1689154686301996	1.700942506375223	0.7085970781325088	3.672058192590209	-383.373732381105	-67.38633707043617	-23.2012177932167	-2.017336727476712	-0.4290962839083823	-1.508506721593215	4.465473962386744	0.1781786010520836	0.5813277717467009	0.364347457222665	2.093812837511219	2.093812837513452	0.03698070353267785	0.1602892527202204	-0.2458040040425508	0.1105091669436694	-3.377137370650664e-08	-1.893177392476917e-06	2.403258870368236e-08	-2.181666523851472e-07	-4.845213638328209e-07	-2.209900334162289e-07	-2.51348541072653e-07
0.3	-0.1622462256538255	0.01234799018979547	0.8549216208256303	0.6518896862569059	-0.3523928737708074	-0.1483285447966988	-0.3298682929708608	0.4763694559354733	0.4763694559354752	-0.08099844944588697	-0.1739267086253607	0.07559873172612473	0.09264269529873891	-1.227400085476795	-0.4875601860499408	-0.3722367123786638	2.925600285242957	0.005366179602720605	0.5026995155502617	-0.5226214547982506	1.489351212692682	1.489351212692701	0.2574243715433714	-0.01374709240000463	-0.09253310077826589	-0.02934179384427562	-0.03787497336171607	-0.02295070526481577	0.006798631183927572	-0.1520751589131586	0.07298218565235413	-0.004785605031181975	0.05664892645810394	0.4402844257873297	1.0167993529083	0.6814180064637302	2.742164034279021	-383.165713408976	-67.50112264035529	-22.8479626526669	-1.902176126758104	-0.3477284863890081	-1.503018042002598	4.173822616705355	0.2082706025820784	0.6077000154729029	0.5099774912961497	1.941105488417117	1.941105488417113	0.01764933942356834	0.2524318803165183	-0.2222245276586895	0.1496668575623989	-4.403848232329797e-08	-1.930624790203114e-06	6.825257473486679e-08	-2.264921581314573e-07	-5.26173778613506e-07	-2.007935588792507e-07	-2.679726525732371e-07
0.31	-0.1746118219054714	0.00745644036617006	0.8511245268807568	0.6813464225485821	-0.3523295527233553	-0.1432754821194568	-0.3350682202970781	0.4913559797786776	0.4913559797786562	-0.0784248970277666	-0.1740549483225623	0.07466181758162095	0.09235585294636967	-1.245478625993158	-0.490616716022103	-0.3871510332789512	2.965171406662491	0.007309433464575786	0.5077976460344945	-0.517179419455621	1.507651610605932	1.507651610605931	0.2572325189144971	-0.01191434108730534	-0.09484202035309357	-0.0280109190877043	-0.04397521331060763	-0.02181046956175526	0.006777413281944302	-0.1517292768955016	0.0741949149435995	-0.003099401342296277	0.06116470461887809	0.9438603842052745	0.3113023972797458	0.6625426979824947	1.931982772825444	-383.4901519676356	-67.72229316220643	-22.46738097983776	-1.724625938763315	-0.2647016578747461	-1.481090375637012	3.762402266247103	0.1893739020589255	0.4433728245223105	0.5890052041394895	1.729269743842509	1.729269743839491	-0.04599161355222342	0.146747712922778	-0.2341347052122565	0.1274584170564327	-5.42803709214778e-08	-1.888123256354723e-06	1.303142492466166e-07	-2.259869263768269e-07	-5.559091173135886e-07	-1.700688801995301e-07	-2.765967684889897e-07
0.32	-0.187150990147224	0.002538307961773939	0.8471791994745613	0.711181599126784	-0.3522463949124713	-0.1381749374854457	-0.3402081895401918	0.506516460161201	0.5065164601612022	-0.07585494094579671	-0.1741652503154268	0.07370203243480518	0.09208285146803652	-1.262114483497023	-0.4928767022040836	-0.4018834046430577	3.001288342548816	0.009333532289295574	0.5121959069036806	-0.5106298381772586	1.524142520561723	1.524142520561701	0.2567051043052491	-0.01015955152755519	-0.09710730124062078	-0.02657361903705374	-0.05007545325949373	-0.02067023385867066	0.006756195380247061	-0.1513833948778543	0.07540764423485148	-0.001413197653386277	0.06568048277964583	1.441815131998451	-0.3908126555285519	0.6403899743024243	1.135512218534093	-383.897669620726	-67.97940397859998	-22.05913445802799	-1.613639524258745	-0.1884197283527754	-1.466628134766425	3.482985510063552	0.2244395951550355	0.4677260924636646	0.7314866784426682	1.579207896925243	1.579207896925244	-0.04946305665118991	0.2368395297268663	-0.2134967901986849	0.1709519163782437	-6.451129429417434e-08	-1.810861317473902e-06	2.001331796194819e-07	-2.216422435348309e-07	-5.804631185873223e-07	-1.347667214577477e-07	-2.817426254548155e-07
0.33	-0.199849290370082	-0.002398430482014075	0.8430876144272168	0.7413607269882962	-0.3521428022800042	-0.133033424001046	-0.3452773647342171	0.5218329697853981	0.5218329697853588	-0.07329224775614972	-0.1742582064930748	0.07271991233493627	0.09182455428438295	-1.277311935230993	-0.4943381320086184	-0.4163867588699079	3.033972219886335	0.01139249611760588	0.5159945225925314	-0.503037063927003	1.538867285439167	1.538867285439147	0.2557864736816763	-0.008452288694223103	-0.09930123303700611	-0.02507198953755579	-0.05612855725281683	-0.01958468930861438	0.006661787536212141	-0.151564376286176	0.07735554915366197	3.822186746189681e-05	0.07020218419469058	2.133139130277984	-0.9999301956938651	0.5749820545533252	0.1929767549100503	-384.8267263724015	-68.16104888994349	-21.6231492466638	-1.437773993874388	-0.1051204725211199	-1.435279853215286	3.076310349599644	0.1980237381297305	0.3188785125074272	0.7983933033779144	1.375349639203619	1.37534963920393	-0.1204419624753759	0.1346779993620887	-0.2200792605537751	0.1420985581891143	-7.432425262774269e-08	-1.798704029526725e-06	2.503302019106063e-07	-2.253767200296166e-07	-6.072258115589541e-07	-9.712386783374263e-08	-2.936729919940962e-07
0.34	-0.2126925603094676	-0.007345806397051011	0.8388523776802895	0.7718497379239845	-0.3520183402169646	-0.1278573345186686	-0.3502655680847287	0.5372879748295318	0.5372879748295366	-0.07074021665216057	-0.1743346883745736	0.07171630533986398	0.09158173941401507	-1.291108426801281	-0.4950041964538678	-0.4306137445596099	3.063264957384001	0.01350741840432751	0.5191111064978456	-0.4944354694743027	1.551841604558595	1.551841604558577	0.254572687167505	-0.006864692291857087	-0.1014046802812051	-0.02347715637991207	-0.06218166124606267	-0.01849914475846512	0.00656737969259612	-0.1517453576944822	0.07930345407250275	0.001489641388413665	0.07472388560976984	2.81819529168085	-1.606251771700012	0.5071886465050528	-0.7316047857909971	-385.8480594814644	-68.3880714861513	-21.15857775220397	-1.333447491522411	-0.0293466564957715	-1.411354427336757	2.8047575420929	0.2356312868373633	0.3313197357565056	0.9332507189316032	1.229118745321898	1.229118745321895	-0.1084942347709087	0.2129062435339176	-0.1953998797614902	0.1895926480074206	-8.393758586799611e-08	-1.817641500234424e-06	2.911555666104515e-07	-2.329698994912235e-07	-6.350434020579403e-07	-5.836307038539244e-08	-3.088437213147285e-07
0.35	-0.2256666355484362	-0.01229599992181051	0.8344764007126111	0.8026147709879223	-0.3518727195481285	-0.1226533070573188	-0.3551630947212697	0.5528641078185567	0.5528641078185459	-0.06820212761393793	-0.1743960393550174	0.07069200334189696	0.09135501250842529	-1.303472194690561	-0.4949162638702483	-0.444521450066781	3.089197321738715	0.01561822361335191	0.5215937322442686	-0.4849231898937582	1.563102463748323	1.563102463748306	0.2529977402676695	-0.005427769907097988	-0.1034513914199238	-0.02186448012326358	-0.06854729532998864	-0.01757827997592213	0.006437655933102609	-0.1516628437773462	0.0806718288120071	0.003102244094068693	0.079447749294217	3.297896125450978	-2.261770687476641	0.4645451927973688	-1.436701089513639	-387.3099413192061	-68.75711843804443	-20.66506523021416	-1.152704076346429	0.04555279428542498	-1.371577695388282	2.405791038265891	0.199306111522978	0.1913953896389084	0.9822167685668853	1.032252892072497	1.032252892072634	-0.1894314888908512	0.105863880033972	-0.20872109726776	0.1479191924109039	-7.442745428552088e-08	-1.843320916897089e-06	1.851295465558095e-07	-2.46409228214707e-07	-6.164629514074855e-07	-2.719909630018747e-08	-3.012692682423675e-07
0.36	-0.2387573209940456	-0.017241776205035	0.8299631268732646	0.8336227907266263	-0.3517058906324854	-0.1174275210593902	-0.3599610985238161	0.5685443860767101	0.5685443860767256	-0.0656812753589484	-0.1744436653827608	0.06964735135927448	0.09114457518098543	-1.314430468128456	-0.4941207481468636	-0.4580731188932153	3.111862292337641	0.01774906776588902	0.5234628138128374	-0.4745309026751653	1.57267065838902	1.572670658389003	0.2511253305157954	-0.004119701758854867	-0.1054746772122706	-0.02021924074991887	-0.07491292941389324	-0.01665741519333553	0.006307932173850775	-0.1515803298602111	0.0820402035515231	0.00471484679977108	0.08417161297866954	3.77183648390921	-2.915135395775891	0.4202500814679901	-2.121490435790014	-388.8525445989191	-69.17804210206424	-20.1447766864917	-1.052348601245592	0.112169971457225	-1.340147091189389	2.151278790935328	0.2396390755400014	0.2086109001860154	1.10925224654127	0.8905858355155434	0.8905858355155446	-0.1679868051786177	0.1871353962311347	-0.1907148104871527	0.1961052713467329	-5.4914279565003e-08	-1.872526889905429e-06	2.288956014204611e-09	-2.629065427059413e-07	-5.736127561557848e-07	-8.845204935079213e-12	-2.817973351490559e-07
0.37	-0.2519505913918661	-0.02217607449970756	0.825316274009869	0.8648412807238005	-0.3515175720427998	-0.1121863401585007	-0.364650987098778	0.5843120890574912	0.584312089057499	-0.06318008729710646	-0.1744790708414022	0.06858275684997407	0.09095089802537332	-1.323994194168571	-0.4926220075713292	-0.4712222663153456	3.13129601416728	0.01990390082733005	0.5246919009221115	-0.4633167926132958	1.580593545284462	1.580593545284437	0.2490480015429481	-0.002979927873498232	-0.1074345574904913	-0.01852423790507769	-0.08129307739714232	-0.01576377061240544	0.00612028885284626	-0.1519528198559155	0.08409478398140915	0.006033627722629772	0.08893110106227922	4.422050450637562	-3.450382189848646	0.3327077438809956	-2.944679332327406	-390.8834785490149	-69.46407226948854	-19.60001024673971	-0.8739955639833942	0.1862078017604489	-1.29113205329274	1.758434781864469	0.202115142309822	0.0676333052275875	1.146993341507904	0.7017361875206906	0.7017361875194762	-0.2376092482943097	0.07467051332541695	-0.1972411318662783	0.1552960582752431	-2.687171524500935e-08	-1.968581809120502e-06	-2.623559246002814e-07	-2.948916551518275e-07	-5.149366845691248e-07	1.686957681035754e-08	-2.606754100051409e-07
0.38	-0.2652326212418088	-0.02709188904839317	0.8205401629751385	0.896237911119851	-0.3513079631783291	-0.1069353532487225	-0.3692248339820215	0.6001507401213999	0.6001507401214325	-0.06070167318600187	-0.1745036241353276	0.06749884023881622	0.0907739905516541	-1.332182358552239	-0.4904239989494727	-0.483924753160198	3.147490372112363	0.02200712272329771	0.5254240155885634	-0.4513225643314934	1.586860275018392	1.586860275018359	0.2465705403718462	-0.00194926884264455	-0.1093390975837807	-0.01686530437133549	-0.08767322538030897	-0.01487012603137619	0.005932645531931964	-0.1523253098515895	0.08614936441132866	0.007352408645602928	0.09369058914593358	5.067389889935966	-3.982853094131024	0.2425271227405763	-3.744380448722547	-392.9786244558098	-69.78820838833623	-19.03321613168035	-0.7772362699561187	0.2520235807215623	-1.250814975733801	1.503406014023974	0.2293168424455061	0.1092164116221984	1.265275890527859	0.5593544032131369	0.5593544032131365	-0.2480132448294943	0.1653124253312727	-0.1796467735009575	0.1888914091270924	6.04478598897047e-09	-2.102836126167995e-06	-5.737461138278426e-07	-3.35726937857515e-07	-4.472172550767738e-07	2.785552506567312e-08	-2.386106322608809e-07
0.39	-0.2785897475943734	-0.03198231387845349	0.8156394045049179	0.9277806271969594	-0.351077255360628	-0.1016807018362179	-0.3736750224986695	0.6160440128013264	0.6160440128013299	-0.05824856926383919	-0.1745192411464753	0.06639630896107322	0.09061390403214153	-1.339022611879575	-0.4875520665184205	-0.4961380977151255	3.160531322206892	0.02412848429924554	0.5254094398457749	-0.4386007907139993	1.591523959844677	1.591523959844667	0.2440185834407617	-0.001203200230742123	-0.1111560464908061	-0.01515432729205079	-0.094183545967554	-0.01417681964523156	0.005669081898878365	-0.1528710940263981	0.08835214915537694	0.008752586657036184	0.09853785788623712	5.739191085223307	-4.54630051591923	0.1469963308927955	-4.551328636416355	-395.5291566214102	-70.24019125240693	-18.44690896661023	-0.6043933895680573	0.321042875550277	-1.193351964767684	1.126189276062082	0.2030833214789322	-0.07147564209329313	1.292780339882605	0.3793763819265877	0.3793763819300369	-0.2639778681246089	0.02483827048370648	-0.1811296014908433	0.1622742678972223	9.420295694808352e-09	-2.140615569976236e-06	-6.49481630115644e-07	-3.513147388127285e-07	-4.419279249488493e-07	6.198005525765886e-08	-2.399385416490221e-07
0.4	-0.2920086711853045	-0.03684076642395268	0.8106191610352687	0.9594381027287908	-0.3508254264259039	-0.0964291323961165	-0.3779945628306381	0.6319758225014249	0.6319758225014176	-0.05582202310113032	-0.1745282806330958	0.06527592606382242	0.09047094196553536	-1.344541806224725	-0.4840295420372489	-0.5078217530459068	3.170442263057212	0.02623134612757578	0.5248076211084188	-0.4251929273955998	1.594567679054577	1.59456767905459	0.2412589884746072	-0.0006337639642895345	-0.1129094214853323	-0.0134404137900447	-0.100693866554789	-0.01348351325909922	0.005405518265989895	-0.1534168782012185	0.09055493389941591	0.01015276466845169	0.1033851266265578	6.40708866822763	-5.105776340567208	0.04707633381396002	-5.331193354791623	-398.1249866220419	-70.71139372970519	-17.84368628249626	-0.5130244735188705	0.3821419907453788	-1.144877130904542	0.8774041651822732	0.2256168929223123	-0.008232187290291593	1.40249383070896	0.2353612799358657	0.2353612799358653	-0.2895408518434076	0.1299859562425271	-0.1669319910011982	0.1894786936716844	-5.60677948573702e-09	-2.11829591242232e-06	-5.78415874736056e-07	-3.511746003168272e-07	-4.755294763922065e-07	1.105187840331439e-07	-2.55838944660626e-07
0.41	-0.3054760472360926	-0.04166087384413093	0.8054848594299578	0.991179041844477	-0.350552974545336	-0.09118602655309313	-0.3821768878835369	0.6479300357231008	0.6479300357231789	-0.05342466770096184	-0.174532370615162	0.0641382070942708	0.0903447576643953	-1.348710037537096	-0.4798970840770218	-0.5189382323076511	3.177238371651322	0.02824918943119937	0.5237443572094993	-0.4111731013771704	1.596014068261833	1.596014068261838	0.2381728727112333	-0.0001974888186823154	-0.1146295703553268	-0.01180515877225405	-0.1075784161975195	-0.01265731613969719	0.005074343662586975	-0.1536638041853475	0.09224065510876887	0.01148614423581305	0.1084601358698607	6.879068555536689	-5.615701543443849	-0.04502169876053036	-5.912065350372801	-401.1212978381683	-71.0906454273166	-17.22612696246427	-0.3352435380226721	0.4429561632480826	-1.080080788636357	0.5046048453861199	0.1888059545003955	-0.1659441334734974	1.416574258377856	0.06019563910876127	0.06019563910762403	-0.3244645707934994	-0.00156699237388473	-0.1739142679143073	0.149640901114158	2.472218144139351e-08	-2.269851532363047e-06	-8.986196419556193e-07	-4.016462191533756e-07	-4.219410297379253e-07	1.105396969943423e-07	-2.389070870104535e-07
0.42	-0.3189784098155977	-0.0464368249917895	0.8002423835390637	1.022972720173868	-0.3502605566506445	-0.08595566747752749	-0.3862160452220592	0.6638908964165519	0.6638908964165179	-0.05105943698503568	-0.1745325009036258	0.06298341504943558	0.09023474431248933	-1.351539111966502	-0.4751982875333161	-0.5294566101625685	3.180990105799868	0.03022454895155284	0.5222582676193356	-0.3965593845200159	1.595897173388619	1.595897173388616	0.2348340516594919	0.0001581748831393453	-0.1163240365419528	-0.01020622394321628	-0.1144629658403047	-0.01183111902037581	0.004743169058068388	-0.153910730169489	0.09392637631809489	0.01281952380309387	0.1135351451131402	7.348716315040684	-6.123082195323605	-0.1399656911399079	-6.4720184959589	-404.1389681295245	-71.49628515614623	-16.59680008322175	-0.2451930969254537	0.4954097074410808	-1.025256849539132	0.2685292760696186	0.2171201362683801	-0.09279732553859388	1.521271998454035	-0.07729553615815458	-0.07729553615815668	-0.3400819095169249	0.1138636674860525	-0.1617954543274883	0.1822146559212698	8.580099735677814e-08	-2.539288696367934e-06	-1.484090882123753e-06	-4.864308938085328e-07	-3.092407199666027e-07	7.766717550517765e-08	-1.997160695895856e-07
0.43	-0.3325025925798455	-0.05116301192615866	0.7948978349285263	1.054789086701801	-0.3499481921192842	-0.0807441025102346	-0.3901062588155503	0.679842966542439	0.6798429665424507	-0.04872684260927038	-0.1745306493864819	0.06181202284082348	0.09014106269346663	-1.353087203692541	-0.4699481935819299	-0.5393399518563455	3.18178497715247	0.03223529859550071	0.5200093130622805	-0.3814085560992029	1.594254392460867	1.594254392460863	0.2316396428936369	0.0002205949365200908	-0.1179457599796781	-0.008541413743090429	-0.1212738771763148	-0.01125804722274528	0.004317519248846465	-0.1546820586084955	0.09631850234353667	0.01411476652116211	0.1185470457943467	8.021828042694969	-6.624883120012615	-0.2639458142840879	-7.19435029859968	-407.5595742334497	-71.98197666423751	-15.95821503434108	-0.07809832499518696	0.553340622927555	-0.9529511017642462	-0.08978341995391199	0.1917198073016923	-0.2978652674257552	1.523204975653162	-0.2471016523383624	-0.2471016523382863	-0.3164821561997101	-0.04653196014142991	-0.1611638416700865	0.1575417294696438	9.107958878611387e-08	-2.515276153643838e-06	-1.557423052635319e-06	-4.943566761121114e-07	-2.891479974305346e-07	9.877182028848017e-08	-1.918705086152443e-07
0.44	-0.3460359524842733	-0.05583399164422579	0.7894578372465568	1.086598452046291	-0.3496159866057139	-0.07555641123785037	-0.3938427207824834	0.6957707424028224	0.6957707424028355	-0.04642766468038611	-0.1745279662958394	0.06062465278719855	0.09006381468192733	-1.35337454000063	-0.4641568442729088	-0.5485464244489151	3.179589869112703	0.03419274539320154	0.5174835286397172	-0.3658090592080527	1.59103832028293	1.591038320282926	0.228150762284579	0.0003244896136374707	-0.1195196055444073	-0.006919502446522141	-0.1280847885123647	-0.01068497542518031	0.003891869439472199	-0.1554533870475356	0.09871062836894907	0.01541000923915693	0.1235589464755371	8.692821981460302	-7.123868918057345	-0.3911674743953176	-7.890952505510969	-410.9966824715591	-72.47025851615412	-15.31282965870831	0.00695798666477411	0.6036607789681112	-0.8898830292976839	-0.3294666024043494	0.2064595670185791	-0.1481632986411166	1.611005692521509	-0.3919537861949317	-0.3919537861949282	-0.3989762781576738	0.1221585922322318	-0.1522198797282029	0.1736348752093833	5.524222533099186e-08	-2.275037511224699e-06	-1.253389592873618e-06	-4.456495903671574e-07	-3.37292444436234e-07	1.596491139041274e-07	-2.071215997593966e-07
0.45	-0.359566083077088	-0.06044442275157757	0.7839292619759215	1.118371180943675	-0.349264567837213	-0.0703949323422793	-0.3974211981000054	0.7116585494137251	0.7116585494136344	-0.04416501561214674	-0.1745237369823348	0.05942180241515548	0.09000247264328376	-1.352460779041613	-0.457845349383929	-0.5570452423003294	3.174484908338302	0.03609992588623408	0.5146731506852437	-0.3498346056078004	1.586272142879037	1.586272142879035	0.2244364568279759	0.0004711239197626314	-0.121029215064539	-0.005331738998364489	-0.1347972314724028	-0.0101948428508311	0.003349460165153998	-0.1566644458462181	0.1017230959957638	0.01656150863923878	0.1284676959096042	9.538211589830635	-7.57020847910863	-0.5504876495398766	-8.719527650066636	-414.7402641545579	-72.91761063067754	-14.66471128009456	0.162180227725554	0.6574132156087206	-0.8114447944702928	-0.6716884931140508	0.1846722216752528	-0.3684947508450686	1.59843499691317	-0.5565477886196234	-0.5565477886192461	-0.3495225204450328	-0.04675112717892218	-0.1472275103322045	0.1543976864370119	-3.798737691425342e-08	-1.730908072891135e-06	-3.570156313288222e-07	-3.123266979799681e-07	-4.669208014910051e-07	3.182533994790088e-07	-2.60400462297387e-07
0.46	-0.3730813570448733	-0.06498923503569037	0.7783193858004904	1.150078724697683	-0.3488937122775337	-0.065265761167668	-0.4008383769208966	0.7274911750362795	0.7274911750362641	-0.04193788256637825	-0.1745195747211894	0.0582044767434752	0.0899576183604853	-1.350403214994357	-0.4510330796251169	-0.5648066054080326	3.166552840437673	0.03808010362846712	0.5110219844509478	-0.3335493598820977	1.580002042629824	1.580002042629825	0.2210475577300244	0.0003110791466039739	-0.1224146654717321	-0.00362195127749467	-0.1415096744324414	-0.009704710276573447	0.002807050892133431	-0.1578755046449284	0.1047355636225431	0.01771300803920153	0.1333764453436928	10.3836753977083	-8.015226354337091	-0.7115437642706469	-9.540793203089201	-418.4744793532677	-73.37778616837507	-14.01776623065875	0.2357186043127434	0.7038157529345958	-0.7423920805555407	-0.8948880276496564	0.221059016858391	-0.3163209546064252	1.673164117611605	-0.6927383552586258	-0.6927383552586094	-0.3338950064275032	0.06082277637435679	-0.1273880571404801	0.1980397297514464	-1.771307701915967e-07	-9.436659978260335e-07	1.013230731642444e-06	-1.113111602789913e-07	-6.617362865850326e-07	5.550392786212764e-07	-3.441015419504476e-07
0.47	-0.3865701081229537	-0.06946365535604956	0.7726356417974326	1.18169269234877	-0.3485038377008479	-0.06017170745923189	-0.4040914925618733	0.7432534675339743	0.7432534675339894	-0.03974815734339077	-0.174515027767809	0.05697336485621682	0.08992901274960952	-1.347147221238866	-0.4437929094542576	-0.571813365377659	3.155788398792321	0.03989854148232335	0.5076694712037518	-0.3170391541723652	1.572210458882523	1.572210458882525	0.2169355091298697	0.0005522572962863028	-0.1238110663329999	-0.002095194731360316	-0.1488019559364375	-0.009134204064860438	0.002253631796065475	-0.1582271920126497	0.1061930431941408	0.01893448995400194	0.1385787067919526	10.71219073911493	-8.446006908680712	-0.8224599242865055	-9.821269609200519	-422.4225848810104	-73.77506683414543	-13.37186818187321	0.40045484709768	0.7428253160378909	-0.6606439326964615	-1.235131808981924	0.1627374425848475	-0.3629481232565883	1.645140918650972	-0.8591914896083249	-0.859191489608143	-0.4442454567917334	-0.0007905024988953723	-0.1462929643471815	0.1304873127103716	-2.445880274664977e-07	-4.80145005141119e-07	1.733076861815315e-06	-8.744135719921223e-10	-7.393032136932976e-07	6.918939534894441e-07	-3.792887078773069e-07
0.48	-0.400020316246292	-0.07386393244132514	0.7668856649991727	1.213185433668204	-0.348095678491035	-0.05511482520595889	-0.4071784677215524	0.7589304795731742	0.7589304795732027	-0.03759842974045785	-0.1745093802001591	0.05572818358760096	0.08991577344332813	-1.342694624046164	-0.4362044326083915	-0.5780531644484672	3.142307574106807	0.04173703025358951	0.5035876934173321	-0.3003212636227496	1.562945950929529	1.562945950929533	0.2130480337304322	0.0005312019753892436	-0.1252285417433551	-0.0005486903585905044	-0.1560942374404143	-0.008563697853111127	0.001700212699783686	-0.1585788793803543	0.107650522765755	0.02015597186884779	0.1437809682402217	11.04217369364579	-8.877094593306772	-0.933269356091704	-10.11461270152131	-426.3468710651576	-74.23777271831435	-12.72708056241112	0.4750392917548219	0.7734770879359522	-0.58899990079192	-1.438164635682149	0.2250692003401103	-0.462173862451784	1.714701085588153	-0.9873231963969414	-0.9873231963969382	-0.2889803662841572	0.008376082257728644	-0.1316029669579756	0.2019892950782735	-2.498271289656948e-07	-2.975894801823987e-07	1.888424676729211e-06	3.094677868740515e-08	-7.151072414176942e-07	7.420158850253755e-07	-3.72369458117275e-07
0.49	-0.4134202856561318	-0.07818657369413391	0.7610772098318438	1.24453000344055	-0.3476691527158743	-0.0501008101459984	-0.4100973369481471	0.7745075571716961	0.7745075571716723	-0.0354874819927175	-0.1745041065435824	0.05446885480225629	0.08991799561142887	-1.337117148417185	-0.4282641743729166	-0.5834982200337347	3.126152776019526	0.04355531575687167	0.4991592078008031	-0.2834397247150442	1.552217822571964	1.552217822571965	0.209116353149154	0.0005173436712932133	-0.1266317609138924	0.0009814506686457228	-0.1631298492487753	-0.008251924087129762	0.001183441149474103	-0.1597340932325859	0.1102793798653843	0.02101657729395294	0.1487878971819582	11.71241255417687	-9.175347450337085	-1.106014888670935	-10.6760749698127	-430.5658023979688	-74.56226158648703	-12.08366786181153	0.6263669494104539	0.81325600348681	-0.5014517150899699	-1.77224315120472	0.1581323665776936	-0.4419306185586027	1.676808840409987	-1.153245782238369	-1.153245782238896	-0.4490487813154226	-0.006793012545725734	-0.1438708588955735	0.1265770167194231	-2.504237986658511e-07	-1.77519665521667e-07	1.977782632287728e-06	4.945409624916407e-08	-6.82093207980499e-07	7.888448456556712e-07	-3.667315825746949e-07
0.5	-0.4267590272594949	-0.08242802120216135	0.7552184654431232	1.275699404080835	-0.3472248592574274	-0.04513282888366125	-0.4128470050762547	0.7899698158612509	0.7899698158612365	-0.03341660842617693	-0.1744990767151775	0.05319565593184793	0.08993512929183642	-1.330449062750556	-0.4199656836521232	-0.588111008726821	3.107273747694104	0.04529056691036303	0.4943809338920613	-0.2664810439254011	1.539982169142316	1.539982169142313	0.2050331974772509	0.0004824363350969256	-0.1280025587561872	0.002433612102807677	-0.1701654610571094	-0.007940150321118587	0.0006666695995414957	-0.1608893070848134	0.1129082369650187	0.02187718271908663	0.153794826123715	12.38348621106848	-9.474531602611117	-1.27771443795719	-11.25338095980322	-434.7752394723033	-74.95571992063579	-11.44214361770318	0.6931612992848054	0.8451235849996497	-0.4225465223556858	-1.983010683310293	0.2084623303817846	-0.5321315208947367	1.730129461975648	-1.288828210813555	-1.288828210813554	-0.3192753844091994	0.004166275837176378	-0.1251187013094746	0.1863933764632361	-2.466511207904396e-07	-1.162599311413959e-07	2.005032484923534e-06	5.543070821314557e-08	-6.407798228618057e-07	8.325745395512508e-07	-3.622997062955988e-07
0.51	-0.4400257920475266	-0.08658484234893961	0.7493177500808461	1.30666691865285	-0.346763530578394	-0.04021409557258221	-0.4154267962034446	0.8053025559897543	0.8053025559897415	-0.03138716890459567	-0.1744943365488761	0.05190899932579498	0.08996652609315538	-1.322725042974652	-0.4113527943947517	-0.591890759867659	3.085801389702058	0.04696599406647253	0.4893045273860091	-0.2494863623728789	1.526336539800546	1.526336539800544	0.2008505013999058	0.0004561585140493813	-0.1293200452955429	0.003839042246125249	-0.1773061227938489	-0.007842250948198822	0.000191171728450983	-0.1618552084119767	0.1151061224466473	0.02271991487929079	0.1587809637018626	12.90792896275198	-9.752505658930769	-1.438830842541134	-11.64360184668105	-439.0332565172882	-75.32915853533331	-10.80315679645174	0.8388002333054315	0.8762459822754433	-0.3346178137429974	-2.293577318216208	0.1455241811999577	-0.5048906703151882	1.682760372722226	-1.436755797014339	-1.436755797014142	-0.468390073741267	-0.007030565261554541	-0.1337580056551421	0.1163871264378866	-2.416980494069863e-07	-5.638032813375474e-08	2.024082466263113e-06	6.159009759895014e-08	-5.996022867516822e-07	8.695652540742883e-07	-3.560490382529063e-07
0.52	-0.4532099610544912	-0.09065415972591034	0.7433834515264016	1.337406863852733	-0.3462857593732023	-0.03534802541752471	-0.4178369159409425	0.8204919747246033	0.8204919747245981	-0.02939968101468402	-0.1744900603115715	0.05060942897926789	0.09001173105454169	-1.313929906536246	-0.4024649296906195	-0.5948276471602937	3.061759873267437	0.04857907214154644	0.4838483026857708	-0.2325467659870799	1.51131789041255	1.511317890412549	0.1966428711488081	0.0003896505255708051	-0.1305853068511588	0.00519524411632135	-0.1844467845305373	-0.007744351575215879	-0.0002843261426979193	-0.1628211097391328	0.1173040079282891	0.02356264703956625	0.163767101280051	13.43240219559148	-10.03175952418274	-1.598286702703127	-12.04842247859497	-443.2957622597455	-75.7731594209155	-10.16755915077417	0.9073846317852398	0.9001186743517773	-0.2539737527149926	-2.496842371825065	0.1959925141745319	-0.6080951597322255	1.719112428630975	-1.563432220058775	-1.563432220058765	-0.3242622191597209	-0.003879757649351026	-0.1146737045615118	0.1765477218388239	-2.355404948520615e-07	2.090977554876392e-09	2.034765231994296e-06	6.793599455804358e-08	-5.585633720788751e-07	8.996794590335074e-07	-3.479424602473602e-07
0.53	-0.4663010333991242	-0.09463333501867693	0.7374239941348828	1.367894004666907	-0.345792086844657	-0.03053802858414067	-0.4200779905972059	0.8355246115609417	0.8355246115609495	-0.02745438634211503	-0.1744863801260875	0.04929755218574709	0.09007036390496498	-1.304113270868291	-0.3933343288941344	-0.5969207081937711	3.035259444140423	0.0501440552015076	0.4780988541755125	-0.2156990759034282	1.494994086450276	1.494994086450275	0.1924099578445016	0.0003418165058587596	-0.1317780254297622	0.006523231131699179	-0.1915480074892356	-0.007684668023862578	-0.000713236058499664	-0.1637879443690967	0.1194619690613891	0.02414112374934396	0.1686421518931311	13.92446788577529	-10.19372959647497	-1.772835906715113	-12.36838799938556	-447.5700011036188	-76.01028273589917	-9.536291967821937	1.044449633114152	0.9249150314595502	-0.1656112377416152	-2.788028243055299	0.1348377631266267	-0.5664972312439531	1.662960702444847	-1.699094308230471	-1.699094308230432	-0.4736947861684571	-0.005509299894094535	-0.1197631569819117	0.1094636383295292	-2.284582693912283e-07	3.173057570582876e-08	2.011612507626356e-06	6.932074391774258e-08	-5.188281909438489e-07	9.263082610090134e-07	-3.403440088122047e-07
0.54	-0.4792888100673208	-0.09852012745364623	0.7314478783412135	1.398103864177825	-0.3452831471732662	-0.02578715174276441	-0.4221515156717907	0.8503875623928854	0.8503875623928778	-0.02555159858267519	-0.1744832330958959	0.04797410976194647	0.09014198451493029	-1.293270771247787	-0.383988358131157	-0.598159327590355	3.006303612616785	0.05163250071024782	0.4720243042824092	-0.1990368496512649	1.477380689531253	1.477380689531252	0.188141488536114	0.0002830194556733704	-0.1328984329072524	0.007792796024772694	-0.198649230447913	-0.007624984472453918	-0.001142145974615552	-0.1647547789990618	0.1216199301945018	0.02471960045918793	0.1735172025062237	14.41574919215408	-10.35745670333755	-1.944940351782802	-12.70243001696474	-451.8634980766278	-76.31844921773452	-8.9104693597354	1.112557422294908	0.9431926676502637	-0.08308542533630074	-2.987922851149701	0.1806850039302379	-0.6731154363013895	1.682019662333273	-1.821350811408318	-1.821350811408315	-0.3313734199759348	-0.006072363744215516	-0.100211484338883	0.164863297377893	-2.203530037791774e-07	2.947126338956173e-08	1.951024772935984e-06	6.521656401853704e-08	-4.805354384038144e-07	9.490808724493477e-07	-3.333077399655665e-07
0.55	-0.4921632898603714	-0.1023124877594919	0.725463627493151	1.428012361825212	-0.3447596352279423	-0.02109865256982758	-0.4240594240646741	0.8650681622452377	0.8650681622452207	-0.02369145661848027	-0.174480760700998	0.04663989438915741	0.09022610843534146	-1.281463645220245	-0.3744567251313516	-0.598547789637468	2.975008341063079	0.05305757636115017	0.4656292634936719	-0.1825999699011058	1.458539386863169	1.45853938686317	0.1838831215170207	0.000210929116616268	-0.1339273649703452	0.009024499414847289	-0.2055998715689682	-0.007791937963654466	-0.001519207828614993	-0.1657633109264991	0.1237741271204708	0.02519645988804557	0.17819971379758	14.90156440475526	-10.47678221706554	-2.123338713059488	-12.98236864061978	-456.079761370998	-76.569376117776	-8.291266328646355	1.238977148649317	0.9622078977587961	0.004639333594508423	-3.258519631040067	0.121378168237031	-0.6299162912378218	1.616250984886051	-1.945438211662787	-1.9454382116625	-0.4736180639029495	-0.007467380367718852	-0.1016392339310063	0.1009693625965624	-2.134019603887798e-07	2.921520393540151e-08	1.894244903575972e-06	6.364997149254876e-08	-4.452462320201982e-07	9.693957217702516e-07	-3.261964267113274e-07
0.5600000000000001	-0.5049148610020172	-0.106008719879017	0.7194797652102159	1.457596268692348	-0.3442222806615932	-0.01647554738300023	-0.4258046178893501	0.8795543654274625	0.8795543654274739	-0.02187400826863437	-0.1744789472117557	0.04529590866241019	0.09032227849020802	-1.268689040966069	-0.364762720867039	-0.5980816145648363	2.941385456567017	0.05440102491472941	0.4589455070618199	-0.166493936009785	1.43850135550891	1.438501355508913	0.1796027656568546	0.0001512383223188418	-0.1348525036988985	0.0102020229158992	-0.2125505126900308	-0.007958891454865887	-0.001896269682323645	-0.1667718428539347	0.1259283240464364	0.02567331931688665	0.1828822250889286	15.38642859200072	-10.59942577500684	-2.297227096902434	-13.28031990975617	-460.3220587163045	-76.89140831971439	-7.690391574895657	1.306053067621778	0.975666920551694	0.08784199861264781	-3.45344543962086	0.1643595844655821	-0.7308585649244286	1.615850490565598	-2.060696548643299	-2.060696548643302	-0.3357711881904899	-0.00359245479238967	-0.0794528174309632	0.1540273195733209	-2.07835983664366e-07	3.136304791576938e-08	1.842034472612392e-06	6.51284838144211e-08	-4.135612810242839e-07	9.86761256547839e-07	-3.189950601679671e-07
0.5700000000000001	-0.5175340977546115	-0.1096073151251553	0.7135048076441577	1.486832742389968	-0.3436718556396616	-0.0119207691228104	-0.4273904448831145	0.8938343603567426	0.893834360356736	-0.02009930785836118	-0.1744777353066514	0.04394319928307425	0.0904300065532998	-1.255004539200386	-0.354939100447095	-0.5967681605228201	2.905540526042978	0.0556682638439638	0.4519625993599561	-0.1507477752932165	1.417309462473015	1.417309462473018	0.1753346126237052	8.731508673222137e-05	-0.1356712104739638	0.0113328844183871	-0.2193759146707093	-0.008218899373034475	-0.002229018237095256	-0.1677063167526361	0.1278994463301682	0.02597096836259052	0.1873856749287048	15.8047266748537	-10.64268189732381	-2.472237423190795	-13.45849673685213	-464.4451506657502	-77.06516078648748	-7.119168656739481	1.422673123201857	0.9883069827347465	0.1742786978937049	-3.705379933185195	0.1053645502791086	-0.6893992558785953	1.542551979565953	-2.176597877959657	-2.176597877959538	-0.4727313514205977	-0.007996152763972038	-0.08035263831116615	0.09079037431698395	-2.005826135880125e-07	5.0557714843057e-08	1.796879638528025e-06	6.921206721948777e-08	-3.79380052981104e-07	9.913141254013738e-07	-3.081943349028943e-07
0.58	-0.5300118846111193	-0.1131071546910905	0.7075472209366991	1.515699694167467	-0.34310926652781	-0.007437298416264371	-0.4288210996462398	0.9078968039162931	0.907896803916256	-0.01836736777653754	-0.1744772034128307	0.0425828482298343	0.09054867819316237	-1.240399061748282	-0.3450115848264171	-0.5946074428448808	2.867481072543354	0.0568338428982775	0.4446839963356491	-0.1354594898821003	1.394991081561239	1.394991081561243	0.1710506999688231	1.523605826653126e-05	-0.1363808384797024	0.0123907382700978	-0.2262013166514072	-0.008478907291239266	-0.002561766791951255	-0.1686407906513404	0.1298705686138936	0.02626861740825574	0.1918891247684642	16.22228922407898	-10.69076822836949	-2.640812580514451	-13.66047072589481	-468.5954667989723	-77.30890838065586	-6.577791019289332	1.490248204905978	0.9964459606984861	0.2572947257972913	-3.896350034737674	0.1440276094814254	-0.7899976294130984	1.524275429475109	-2.285994123819281	-2.285994123819282	-0.3389231125369921	-0.005223613368244418	-0.05763706356562235	0.1394257894178772	-1.911317079835516e-07	9.19528953756343e-08	1.76091348875147e-06	7.668830133755151e-08	-3.419478594810206e-07	9.791807316561432e-07	-2.92706072697917e-07
0.59	-0.5423392884951902	-0.1165072897218474	0.701615433019343	1.544175434192816	-0.3425353747221783	-0.00302793221268135	-0.4301011862475425	0.9217306215414505	0.9217306215414538	-0.01667813310747189	-0.1744772268338767	0.04121602303217693	0.09067775188803864	-1.224938210058362	-0.3350055283140603	-0.591610634540509	2.827316714580178	0.05792551739219073	0.4371423085319474	-0.120655668476107	1.37159590266625	1.371595902666252	0.1667925951133462	-2.543940752918424e-05	-0.1369625212441851	0.01341099602835293	-0.2327906765908654	-0.008870522602720959	-0.002846631126913093	-0.1695934122181508	0.1318153130382453	0.02640449551424152	0.1961442280142226	16.62842717838044	-10.67168794515386	-2.814281669309234	-13.79916129035185	-472.576218449869	-77.43281984098587	-6.06606609075969	1.595493788684907	1.004185661809085	0.3417357920427756	-4.129053958472646	0.08869382085615779	-0.74352473287331	1.443759781402065	-2.392704166615024	-2.392704166615388	-0.4697733275085616	-0.003964817185138914	-0.05517504561630041	0.08115082927779463	-1.81366277048319e-07	1.265226118242544e-07	1.715246073541086e-06	8.308749732228662e-08	-3.057269311542113e-07	9.615710859706818e-07	-2.768192786347104e-07
0.6	-0.5545077858348322	-0.11980706415442	0.6957177855668878	1.572239015582259	-0.3419511748813036	0.001304563037453828	-0.4312361697777356	0.9353252024988121	0.9353252024988389	-0.01503158331807893	-0.1744777520703492	0.03984403277432978	0.09081659317254698	-1.20861775286244	-0.3249394651895492	-0.5877793498646791	2.785049345362398	0.05889544994650366	0.4293098056472705	-0.1064388756604793	1.34714374800021	1.34714374800021	0.1625137240396549	-8.51270333130536e-05	-0.1374138505177348	0.01434425619655219	-0.239380036530338	-0.009262137914213863	-0.003131495462078057	-0.1705460337849606	0.1337600574625998	0.02654037362021901	0.2003993312599649	17.03319136086466	-10.65736005481104	-2.981289240790289	-13.96212238842694	-476.5966133107457	-77.62293859992626	-5.583635972187832	1.662169306106529	1.008447283129333	0.4241900000889264	-4.316952285658586	0.1196792215613608	-0.848160645608126	1.406869711401975	-2.497389278029419	-2.497389278029418	-0.3430763561798484	-0.009026045365858517	-0.03156636537904357	0.1220262714067199	-1.711559078402872e-07	1.514367937150806e-07	1.655854916985284e-06	8.796307838670307e-08	-2.7121949990179e-07	9.36214547296602e-07	-2.603687077964478e-07
0.61	-0.5665090397456599	-0.1230059827038812	0.6898625622716092	1.599869861126643	-0.3413577057645895	0.005557358491950884	-0.4322319396080768	0.9486701452826168	0.9486701452826406	-0.0134276353223518	-0.1744787855702768	0.03846822088947446	0.09096453465351334	-1.191497781352906	-0.3148431122911284	-0.5831298665089891	2.740789305270681	0.05977786147439537	0.4212062931369951	-0.09283408844805399	1.321679620280927	1.321679620280926	0.1582713791376515	-0.0001247018971356806	-0.1377266025473704	0.01522958067229295	-0.2457364255079111	-0.009749726147663732	-0.003369479287259962	-0.1713913615297857	0.1354706054301141	0.02655609209621339	0.2044024892365075	17.36484335091584	-10.58935389522295	-3.143938320165021	-13.99899690079473	-480.382217072155	-77.70254451035009	-5.12993115812477	1.757168388902704	1.010417338496178	0.5055938444122563	-4.530134106561155	0.06925347353032836	-0.7980938763876193	1.319433520040617	-2.595652711143031	-2.595652711143223	-0.465452709032114	-0.001566186548928165	-0.02783171607790845	0.06939848760057347	-1.607139760918539e-07	1.73054598910885e-07	1.591745476177666e-06	9.225431983392569e-08	-2.380768235203773e-07	9.058635187429145e-07	-2.435456642244203e-07
0.62	-0.5783350424782849	-0.1261039001152988	0.6840578870781084	1.627048185422977	-0.3407560662615702	0.009727789356811654	-0.4330952315075161	0.9617555011507798	0.9617555011507997	-0.01186623860602394	-0.1744802434147524	0.03708994106545895	0.09112085196962551	-1.173567517222336	-0.3047392375808531	-0.577669729509122	2.694545095753645	0.06052952720737995	0.4128368877207131	-0.07994328948050664	1.295226364871036	1.295226364871034	0.1540034681627933	-0.0001699959472888459	-0.1379074383498864	0.01601942322575248	-0.2520928144855394	-0.01023731438112342	-0.003607463112568628	-0.1722366892745973	0.1371811533976427	0.02657181057220349	0.2084056472129854	17.6945629166613	-10.5259522159775	-3.300206703358375	-14.05994512821499	-484.2179363343841	-77.84387248185786	-4.704267965636119	1.824227830313624	1.009951645500222	0.5863207289243458	-4.713786170722181	0.09353006257995786	-0.9013392268094423	1.264072062426355	-2.695214816151002	-2.695214816151002	-0.3481895707507534	-0.01016988263190559	-0.005183119955117476	0.1029298869505061	-1.499157942812642e-07	1.896010553451175e-07	1.520377136521097e-06	9.564657725469628e-08	-2.070337700174391e-07	8.67828659605215e-07	-2.261495856773699e-07
0.63	-0.5899779483143263	-0.1291008161633515	0.678311806186319	1.653754545586148	-0.3401473739256862	0.01381314597897532	-0.4338331901504671	0.9745715254705531	0.9745715254705617	-0.01034726122281466	-0.1744820608849531	0.03571058328463331	0.09128481520673024	-1.154887241691898	-0.2946487060693145	-0.5714150916381199	2.646412872688998	0.06118689926656474	0.4041882620456513	-0.06778681637836288	1.267823586857922	1.26782358685792	0.1497913660188785	-0.0001985919202253639	-0.1379389072266476	0.01675832496801498	-0.2581492717170776	-0.01080812698165325	-0.003798016726818033	-0.1730464996088195	0.138803937266983	0.02645552212364178	0.2121263777623556	17.99971559561515	-10.40797184132792	-3.457120439790638	-14.05191102140887	-487.8001592638542	-77.87526296393216	-4.305815308549157	1.908864622904495	1.007913352189954	0.6647013792227197	-4.910078402317795	0.04834977749113651	-0.8537169102712464	1.170678343782424	-2.786003076844661	-2.7860030768447	-0.4577755038309019	0.0003269515595615974	0.001663863357211232	0.05692893240691538	-1.392451325022572e-07	2.033356182562099e-07	1.445261801763825e-06	9.873144746298706e-08	-1.773390339718052e-07	8.259293510881543e-07	-2.086221345773325e-07
0.64	-0.6014302639533609	-0.1319969650066472	0.672632204885847	1.679970155913063	-0.3395328060692296	0.01781059780988805	-0.4344537353804589	0.9871088832536135	0.9871088832536083	-0.008870415854580085	-0.174484258033617	0.03433166934201917	0.09145567918416601	-1.135449477821637	-0.2845857966294599	-0.5643738112456897	2.596395128505069	0.06170463132189698	0.3952559294739281	-0.05646060688924791	1.239493057526689	1.239493057526687	0.1455770651702038	-0.000245931645792515	-0.137818670707653	0.01739957129199363	-0.264205728948726	-0.0113789395822423	-0.003988570341203986	-0.1738563099430253	0.1404267211363343	0.02633923367502351	0.2158471083116022	18.30235021669925	-10.29436107354115	-3.607842122201921	-14.06727222190252	-491.4430727118118	-77.96340866460075	-3.933680446725891	1.975725498278228	1.004427231163404	0.7436492332099419	-5.090890394578429	0.06560206180949928	-0.9580806061416944	1.098019339820567	-2.880765079774811	-2.880765079774807	-0.3486293117026988	-0.01391863315793907	0.02515795919600317	0.0833988032937821	-1.287881529383349e-07	2.123583595879864e-07	1.363867718459429e-06	1.013012363963117e-07	-1.499036406924647e-07	7.775544787462177e-07	-1.908745456858035e-07
0.65	-0.6126846695559348	-0.1347927064606577	0.6670268723746594	1.705676574188282	-0.3389135933186365	0.02171741893808654	-0.4349651813504001	0.9993584342068597	0.9993584342068513	-0.007435511680895943	-0.174486812101328	0.03295474566349244	0.09163265164200653	-1.115313522741301	-0.2745738977958055	-0.5565672536045841	2.544593514635134	0.06211193811850412	0.3860825686092799	-0.04598736105223258	1.210273275199534	1.210273275199533	0.1413841818121028	-0.0002605790137289198	-0.1375412688689459	0.01797564493435064	-0.2699272919851393	-0.01200852300469315	-0.004132729667924618	-0.1745662670446064	0.1418520886682879	0.02612010354980377	0.219259554659455	18.54986269588709	-10.13649369006012	-3.754130367158991	-13.97929356325601	-494.7680836637487	-77.94960550644439	-3.586877169390089	2.050230163921761	0.997881258421254	0.8179482040886292	-5.269070234625501	0.02422498890279684	-0.9009577373233282	0.9981611126043143	-2.964127617473784	-2.964127617473674	-0.4575107709329677	0.005668371927273376	0.03276254489509826	0.04163034939610299	-1.088279667164507e-07	1.803769680797716e-07	1.15367632764389e-06	8.636259549574531e-08	-1.164812337548301e-07	6.749901555255675e-07	-1.622375304390489e-07
0.66	-0.6237341756774992	-0.137488666916541	0.6615033632747888	1.730856121654528	-0.3382911215000106	0.02553170767547919	-0.4353766580805667	1.011311478775185	1.011311478775152	-0.006043114925416379	-0.174489331410586	0.0315813422530906	0.09181476857720841	-1.094469581620539	-0.2646295970040083	-0.5480091289823009	2.491020966708227	0.06235644492778245	0.3767494513167588	-0.03646675893671493	1.180191780540865	1.180191780540865	0.1370755815312365	-0.0002389799601097796	-0.1371146170827552	0.018428466764289	-0.2756488550215001	-0.0126381064271945	-0.004276888994739588	-0.1752762241461959	0.1432774562002215	0.02590097342452595	0.2226720010073731	18.79437462075214	-9.98274127504641	-3.894461538153569	-13.91387098949081	-498.1624069640882	-77.98714598801782	-3.264387280385514	2.117322706363411	0.9909076227919296	0.8939626294454518	-5.44507720597228	0.0330420643437964	-0.9900318917162196	0.9074905955210975	-3.05310754607775	-3.053107546077765	-0.3717726962557039	-0.006669348846706637	0.05500794869270889	0.05874844081011163	-7.149048832000755e-08	7.341659080700039e-08	7.079698602365427e-07	3.940854004177776e-08	-7.211114469917146e-08	4.733365506981248e-07	-1.136884212855956e-07
0.67	-0.6345719601908738	-0.1400855981353452	0.6560691124067088	1.755491496181131	-0.3376666559937885	0.02925025625603072	-0.4356976859569071	1.022959495244699	1.022959495244748	-0.004692507656738877	-0.174492081026258	0.03021303393404287	0.09200122513903673	-1.072977109096019	-0.2547736191657082	-0.538722011959924	2.435776708219576	0.06250730222859985	0.366948408265748	-0.02791713854827716	1.149277382593044	1.149277382593044	0.1330137397483215	-0.0002992784798503816	-0.1365228294370798	0.01883981592463587	-0.2810036791772108	-0.01331478066146453	-0.004386061092353905	-0.1758848457517177	0.1445105119340112	0.02561009459473243	0.2257639692078781	18.98896307284733	-9.798594555499157	-4.028779098995814	-13.75643202800473	-501.2150322476386	-77.94770790344862	-2.965151703742903	2.181731745196706	0.9803986241074815	0.9639326334498874	-5.60569521924787	0.0016643832476122	-0.9769790989978665	0.8019494280048928	-3.130709270150851	-3.130709270150765	-0.4282159453171637	-0.003873401465802659	0.06489640928939293	0.02882480747504607	-4.01327367619917e-08	-1.274785114145687e-08	3.309710805729503e-07	1.494871134357953e-09	-3.426783435501771e-08	2.953995011536967e-07	-7.140299810001412e-08
0.68	-0.6451915155350643	-0.142584478423815	0.6507313019878161	1.77956610911306	-0.337041570550499	0.03287042668862853	-0.4359385672958426	1.034294347064541	1.034294347064655	-0.003383484011122072	-0.1744950662867006	0.02885136993880926	0.09219109452323408	-1.050823747783476	-0.245019410937112	-0.5287210391448631	2.37886864777347	0.06248043234129799	0.3570738217265701	-0.02043745145983821	1.117558850604561	1.117558850604563	0.1287588569251007	-0.000286108916709613	-0.1357857523200256	0.01911103123810975	-0.286358503332916	-0.01399145489574601	-0.004495233190327613	-0.1764934673572433	0.1457435676678036	0.02531921576493643	0.228855937408388	19.17983438651712	-9.618073649116102	-4.157633402787816	-13.61535757753231	-504.346888435768	-77.9422345704975	-2.688103571560855	2.249500463967987	0.9705537008511351	1.036733787982249	-5.777837597463122	-0.002503373279995134	-1.004740589349553	0.6935039355214648	-3.213934354210113	-3.213934354210097	-0.4103809043168131	0.008024267729716657	0.08406584296843495	0.03072167143558241	-2.073443888083e-08	-5.732042244128762e-08	9.138767639686221e-08	-1.833802467996698e-08	-9.478081433873241e-09	1.648955621752963e-07	-4.164494685017562e-08
0.6899999999999999	-0.6555864755426166	-0.1449863616961474	0.6454970010359057	1.803063644644763	-0.3364173633181667	0.03639027506449632	-0.4361099410822071	1.045308069463374	1.045308069463454	-0.002116540543772411	-0.1744979763529877	0.02749790528903141	0.0923833157738809	-1.028067340280628	-0.2353763031549562	-0.518025666336307	2.320375705318172	0.0623330477777591	0.3468590865479059	-0.01402689421995798	1.085059906750999	1.085059906750999	0.1246225343755311	-0.0002961881461242429	-0.1348779478706146	0.01931363223275226	-0.2913382256727837	-0.01466385079632205	-0.004612766649652486	-0.177051424666694	0.1469377661883299	0.02495402996196218	0.2316496357876522	19.37026671182765	-9.410344126685382	-4.284954767004663	-13.45600184855636	-507.1671265065671	-77.8537779375085	-2.432162065907095	2.303844081653638	0.9583239809176144	1.102963272285085	-5.924439100887875	-0.02502425918874035	-1.035370532309129	0.5863933572653564	-3.286728521683118	-3.286728521683331	-0.4163789213413457	-0.005575171958158502	0.09851601863703864	0.01211418890522901	-7.727188216760265e-09	-7.788426246118428e-08	-6.524638523409384e-08	-2.695414134690865e-08	1.048835369664394e-08	6.800407955698081e-08	-1.9218427515635e-08
0.7	-0.6657508448375067	-0.1472923869578542	0.6403730586610791	1.825968367445632	-0.3357954635837306	0.03980686997853698	-0.4362228969483117	1.055993031599524	1.055993031599579	-0.0008911845001431454	-0.1745009974422969	0.0261543943382896	0.09257698000955937	-1.004705605249348	-0.2258478088120126	-0.506649323728059	2.260306101609884	0.06201893276230792	0.3364231293618747	-0.008753867418306339	1.051806798067279	1.051806798067277	0.1204413721833924	-0.0003083135227769989	-0.1337950125128204	0.01939962824446413	-0.2963179480127299	-0.01533624669690727	-0.00473030010911012	-0.1776093819761416	0.1481319647088671	0.02458884415898272	0.2344433341668235	19.55651314764793	-9.205862623501337	-4.407211127700274	-13.30970247006556	-510.0736370518975	-77.7882614625712	-2.196282568988389	2.370565969654516	0.9476310130086897	1.172927747920595	-6.093169848060973	-0.03584946366238372	-1.048984990822835	0.4659978478760477	-3.364767320241727	-3.364767320241713	-0.4193488328306044	0.007615038282255549	0.1190920246450776	0.007400674849537776	-8.739008867601507e-09	-4.578378870574229e-08	-3.992705031444291e-08	-1.096571020668728e-08	1.987460786707614e-08	4.484314637368682e-08	-1.287397818884385e-08
0.71	-0.675678789226252	-0.1495037816978007	0.6353661757175587	1.848264915097192	-0.3351773946006792	0.04311814659481483	-0.436288959676068	1.066341810636439	1.06634181063643	0.000292274605630168	-0.1745038978341061	0.02482255392864217	0.09277106075966879	-0.9807874940671784	-0.2164566477483095	-0.4946232506957005	2.198763456173347	0.06156831613602208	0.325788052343373	-0.004682070461985956	1.017835921825262	1.017835921825258	0.1162539996748658	-0.000276180916133701	-0.132547714235991	0.01939747184451009	-0.3007681499578481	-0.01601791782670619	-0.004858488105501296	-0.178039835473519	0.1490890517290278	0.02422015598508841	0.2368007914194533	19.69020211165061	-8.999943996682916	-4.519089339847327	-13.06091849424122	-512.4958212738838	-77.67606363852391	-1.97941134018633	2.416799818495833	0.9310324352633109	1.233054525233994	-6.220807857668153	-0.05364167268972908	-1.077394697159821	0.3442617691401171	-3.430209222258244	-3.430209222258607	-0.4179061974538365	0.0003471574651503259	0.1313486591810356	-0.006874759904128807	-1.036633117547715e-08	-1.813266906418428e-08	-1.539498239967981e-08	4.449041743692062e-09	2.652422345724027e-08	2.643795143680527e-08	-7.696628736999999e-09
0.72	-0.6853646792779815	-0.1516220300706678	0.6304826749932297	1.86993883710114	-0.3345646265660065	0.04632174731295234	-0.4363210062040768	1.076347488621723	1.076347488621642	0.001433965038769898	-0.1745066099427283	0.02350394648775912	0.09296454975328128	-0.9562947378450883	-0.2072185353961258	-0.4819728798897442	2.135780972088086	0.060958743086613	0.3148879497330366	-0.001950627520452358	0.9831865877401775	0.9831865877401704	0.1120876376627386	-0.0002706568850951599	-0.1311484187599955	0.0192812769451092	-0.3052183519029653	-0.01669958895648621	-0.004986676102187985	-0.1784702889709098	0.1500461387491914	0.02385146781121845	0.2391582486720834	19.81960817807735	-8.797002031899121	-4.626236299351296	-12.8261686018316	-515.0072170017263	-77.58399528371709	-1.780452951958675	2.485494977638667	0.9170212707048362	1.297787302640126	-6.38113757780556	-0.0676407482869638	-1.101990109189686	0.1979270449197242	-3.500458888855363	-3.500458888855346	-0.4151467335507107	0.002293323161473324	0.1494914644783143	-0.01540702503974166	-1.347934713826346e-08	-1.221369697518817e-09	7.236785848112644e-09	1.84790508220389e-08	2.65681597157227e-08	1.951212468091949e-08	-5.336416914339326e-09
0.73	-0.6948029279218885	-0.153648635425032	0.6257287742230738	1.890975810982625	-0.3339586870014205	0.04941522096024911	-0.4363318214144908	1.08600327334948	1.086003273349424	0.002534021651910982	-0.1745091771566688	0.02220017535915841	0.0931563956607704	-0.9312665859247429	-0.1981249254738712	-0.4687054810112895	2.071374426369204	0.06020295225756898	0.3037667476799623	-0.0003839566120624196	0.9478583394081398	0.9478583394081374	0.107923693918079	-0.0002422585150075383	-0.1295724131409704	0.0190717439407225	-0.3097998570671046	-0.01728398789508418	-0.005124633846655756	-0.1786258209410495	0.150692549183628	0.02343931915684202	0.241656777118094	19.84818083251094	-8.573014842784792	-4.719051088797493	-12.54399360954915	-517.5053363799991	-77.41585193756887	-1.598370596097768	2.524737120694415	0.9021780899313725	1.356490469990655	-6.50631820962287	-0.08348412520367966	-1.123190669861723	0.1103058201640574	-3.565809841918187	-3.56580984191756	-0.4170146517750604	0.003196307068489477	0.1666618872378098	-0.02615475895542354	-1.675102103186232e-08	1.299177229628832e-08	2.783597899289562e-08	3.168099791434975e-08	2.606864837218853e-08	1.486588957362593e-08	-3.548305516371876e-09
0.74	-0.7039882426822902	-0.1555849752327846	0.6211106022996109	1.911361538378806	-0.3333610925201195	0.05239628150372513	-0.4363321161749167	1.095302415186611	1.095302415186553	0.00359243953621079	-0.1745114437442935	0.0209131656420737	0.09334566057405209	-0.9057079611459197	-0.1891654260738387	-0.4548271105511271	2.005531675022571	0.05928972642889597	0.2924053289670761	0.0001534625509493761	0.9118580096144953	0.9118580096144973	0.1037598918993667	-0.0002105316194753785	-0.1277961364570152	0.01876507810364739	-0.3143813622311123	-0.01786838683364156	-0.0052625915913215	-0.1787813529112126	0.1513389596180515	0.02302717050250617	0.2441553055642655	19.87262043656034	-8.351851788916523	-4.807363081391447	-12.27554950707973	-520.0899312734325	-77.2655974908249	-1.432171385798456	2.591589549334229	0.8901991662604152	1.419981618981679	-6.668378703355792	-0.09912774821268679	-1.150033441151948	-0.007923304152907091	-3.634875181176715	-3.634875181176748	-0.4151183883612271	0.002959028250543666	0.1895456774643488	-0.03483359157733713	-2.044578274096133e-08	2.000982796247308e-08	4.301497186298651e-08	4.267477971056455e-08	2.411994342327676e-08	1.629856552924509e-08	-3.285795250919722e-09
0.75	-0.7129157607604367	-0.157432330126285	0.6166341928460556	1.931082073313019	-0.3327734277749291	0.0552626397683707	-0.4363304687980989	1.104238301436496	1.104238301436473	0.00460913024559224	-0.1745133271324239	0.01964506022039724	0.09353140528860902	-0.8797454631570945	-0.1803220658693965	-0.4403607929577066	1.938374145176498	0.0582141403960597	0.2808272311704293	0.0001693338596384	0.8752198771936488	0.8752198771936511	0.09957571839121672	-0.0001695565954858497	-0.1257780998154299	0.0183689734514931	-0.3196136845176408	-0.01832774151603273	-0.005417351294127628	-0.1783725731164214	0.1513788068491499	0.02261285540872107	0.2472502713406243	19.69387822529755	-8.121067568718333	-4.86648807423579	-11.95171204293372	-522.8876450269538	-77.03850805948429	-1.280905944985779	2.606110531858105	0.8789376394411618	1.474059442480506	-6.769612879296479	-0.1161453184026464	-1.167562260555701	0.005340486809314777	-3.693186129928621	-3.693186129928661	-0.4204406443248551	0.004164560769524473	0.2149574136004552	-0.04424259496244164	-2.322422837387398e-08	2.877087463722207e-08	5.702826830515972e-08	5.327095676664966e-08	2.382565798958986e-08	1.269466796992492e-08	-2.00569561260273e-09
0.76	-0.7215821477370417	-0.1591917447793604	0.6123052670910264	1.950124998397981	-0.3321973931475802	0.05801204419273909	-0.4363288630799368	1.112804825590694	1.112804825590688	0.005583904457425777	-0.1745149012060804	0.01839854011635699	0.09371274021805867	-0.8534817408402147	-0.1715773779888239	-0.4253303708459066	1.870009705167876	0.0569637028598699	0.2690145609083996	0.0001451307054539827	0.8379855904772073	0.8379855904772101	0.09537659239175467	-0.0001486687196421907	-0.123479072930048	0.01788312108222291	-0.3248460068040642	-0.01878709619837144	-0.005572110997011412	-0.1779637933216359	0.1514186540802475	0.02219854031499099	0.2503452371171085	19.51132867993503	-7.893033114030197	-4.921272198853726	-11.64148600894275	-525.7661462243223	-76.82715235230549	-1.14365478536846	2.651834414945141	0.8704647014864509	1.532802522657568	-6.909760735865444	-0.1340980488833162	-1.19694793422846	-0.01593819673113686	-3.754106040295728	-3.754106040295712	-0.4181088866236035	-0.001058401378486107	0.2457437262236104	-0.05278313500045125	-2.329037842127494e-08	4.269117469732129e-08	6.759110332069654e-08	6.269022379195086e-08	2.842845432096873e-08	-5.817487193616043e-09	2.286468569394252e-09
0.77	-0.7299845837276409	-0.1608642379693055	0.6081293718669817	1.968478555772634	-0.3316346245505088	0.06064231356171685	-0.436327545479718	1.12099611598883	1.120996115988868	0.006516652319784398	-0.1745161545778129	0.01717640402708536	0.09388888047157178	-0.8269632043762382	-0.1629396536372558	-0.4097634271886139	1.8005213456137	0.05556058720399629	0.2570026644066707	0.0001149545427851441	0.8001834412710135	0.8001834412710159	0.09116912098318433	-0.0001067478754051794	-0.1209033989776723	0.01732912870481555	-0.329735422835215	-0.01920965285541338	-0.005726735273838607	-0.1774564757484945	0.1513450865657207	0.0217603824568534	0.253206434748059	19.30810355142819	-7.657470961775487	-4.969892160233209	-11.30691069683686	-528.3275911565744	-76.56458122121002	-1.019532983466305	2.658205126428855	0.8576812405699951	1.581433695762507	-6.995432756952503	-0.1478503278250453	-1.208801087073083	0.002927445580124728	-3.806627658904327	-3.80662765890441	-0.4226299631885322	0.006117229310629494	0.2701900809262097	-0.05909442109760845	-2.333234587470673e-08	5.537798115951381e-08	7.704585028739316e-08	7.159109889450452e-08	3.263094304086435e-08	-2.37119368061062e-08	6.380828216163653e-09
0.78	-0.7381205659807401	-0.1624509029280196	0.6041117047612096	1.986131817713388	-0.3310867735107736	0.06315136584990488	-0.4363266326865055	1.128806713235279	1.128806713235367	0.007407212728991982	-0.1745171287607327	0.0159813668475745	0.09405900337491332	-0.8001909933400545	-0.1544117317426109	-0.3936847471913804	1.729950618389168	0.05398019139268644	0.244771144747825	6.41692447050662e-05	0.7618469601398978	0.7618469601398999	0.0869391017660287	-9.283095173671151e-05	-0.1180592909780295	0.01667965104794005	-0.3346248388664	-0.0196322095124219	-0.005881359550854785	-0.1769491581753435	0.1512715190512139	0.02132222459875874	0.2560676323789631	19.10118194941301	-7.424420433298042	-5.014503358776836	-10.98790180338072	-530.9698215800519	-76.31443306525846	-0.9076720640512385	2.702569329386531	0.8485042101017616	1.635149790645694	-7.126234269936673	-0.1695540799705105	-1.240872565651775	-0.0200600238150253	-3.860972425280062	-3.860972425280048	-0.4226184483406263	-0.006659185492088726	0.299430535676962	-0.07188019089402863	-2.329440562632735e-08	6.398889573297123e-08	8.283908891879182e-08	7.877902677406639e-08	3.551067617498931e-08	-3.956527242381985e-08	9.821572876963678e-09
0.79	-0.745987693936791	-0.1639528587154963	0.6002572993981434	2.003074196181144	-0.3305554878779914	0.06553714489673634	-0.4363261826447601	1.136231340568007	1.136231340568071	0.008255423452161794	-0.1745178931283738	0.01481609690247076	0.09422227779200626	-0.7731957179537695	-0.1459986906690799	-0.3771189594073709	1.658359457916244	0.05224916604411204	0.2323508126031744	2.621951796769962e-05	0.7229978393958622	0.7229978393958617	0.08269965508789968	-6.368973475689266e-05	-0.1149524898644527	0.0159604395725794	-0.3392117474391154	-0.02001765469360961	-0.00603336047704644	-0.1763332922793255	0.1510555044744135	0.02088891899084137	0.2587330314032953	18.86437771194881	-7.1950041109176	-5.050814838205728	-10.6403034086363	-533.3256515840671	-76.03744122073982	-0.8072436997832269	2.703844111788217	0.8348312069297099	1.678905730332713	-7.20039342319345	-0.1790652548125552	-1.247679218523776	0.004394611315024215	-3.908984456924301	-3.908984456924641	-0.4250944525065907	0.007165531393012262	0.3226359915671715	-0.07418169638591139	-2.318399182800816e-08	7.176397790798506e-08	8.780853209004316e-08	8.542597126728715e-08	3.821687993866139e-08	-5.496545889827201e-08	1.311131220240629e-08
0.8	-0.7535837016452804	-0.1653712586620475	0.5965708744045283	2.019295695746712	-0.3300423501971991	0.06779770748619533	-0.4363261006884209	1.143265056181704	1.143265056181755	0.009061142373530421	-0.1745184731326481	0.01368316118697692	0.0943779120802397	-0.7459669438259169	-0.137700563557527	-0.3600886733011651	1.585774837954395	0.05035060099506623	0.219727853272441	-9.44787202803685e-06	0.683664616333467	0.683664616333464	0.07844074141147252	-5.595827378017951e-05	-0.1115924450561114	0.01515162527606492	-0.3437986560118888	-0.02040309987478514	-0.006185361403450695	-0.1757174263833032	0.1508394898976285	0.02045561338294382	0.2613984304275526	18.62405333026741	-6.967854013329905	-5.083472202432126	-10.31015498358385	-535.7610487609909	-75.76948208197975	-0.7174301554290869	2.749269077700028	0.8255214177061041	1.728049455084952	-7.324926167721699	-0.203062020064773	-1.281398002868309	-0.0196035564670501	-3.957792888951927	-3.957792888951929	-0.426511848000231	-0.0109411366926597	0.3500792746298539	-0.08980075512476775	-2.280439055848391e-08	7.643453974592276e-08	8.971816355217587e-08	9.006354889695524e-08	4.027854604065138e-08	-6.868251998346724e-08	1.584017456794996e-08
0.8100000000000001	-0.7609063994048932	-0.1667072696650571	0.593056979941192	2.034786653743941	-0.3295489114438844	0.06993114976873421	-0.4363262576678234	1.149903099096882	1.149903099096891	0.009824247310692192	-0.1745188948681435	0.01258506127561778	0.09452512844850243	-0.7185382410920376	-0.129521421986767	-0.3426218628223425	1.512270002465631	0.0483109652914896	0.2069298947437002	-2.17212074571513e-05	0.6438731107172686	0.6438731107172692	0.07417689543525607	-3.20207747086822e-05	-0.1079893817241002	0.01427728489990681	-0.3480052310880319	-0.02074676753095675	-0.006331485397447573	-0.1750289258336604	0.1505286184963287	0.02003209979430487	0.2638149736281595	18.37203739350356	-6.747492085587531	-5.109813154080698	-9.965203483475975	-537.8651331643828	-75.48087262042534	-0.6374575231977524	2.744832539421898	0.811161547605989	1.766258714719664	-7.385268758551691	-0.2083682962733678	-1.283584783235296	0.007994798018968807	-4.000461404717063	-4.000461404716515	-0.4267979464279412	0.008527781254055405	0.3711436481656139	-0.08842832187591824	-2.240330922973926e-08	8.040027265759973e-08	9.106873913274299e-08	9.424682254671236e-08	4.208640822442112e-08	-8.166046023849426e-08	1.838472247664711e-08
0.82	-0.7679537778035337	-0.1679620790481903	0.5897198059567321	2.049538162082459	-0.3290766598377595	0.07193569446492139	-0.4363265305765018	1.156141100554547	1.156141100554515	0.01054461839326373	-0.1745191839110637	0.01152413675471526	0.09466316588440055	-0.6909030716305423	-0.1214602395822401	-0.3247445775259069	1.437884906212956	0.04611317155713503	0.1939483360006271	-3.263373887062686e-05	0.6036563248305431	0.6036563248305471	0.0698939704992204	-2.941975376158864e-05	-0.1041573669649337	0.01331583880316441	-0.3522118061641729	-0.02109043518710672	-0.006477609391645192	-0.1743404252840199	0.1502177470950364	0.01960858620569295	0.2662315168287652	18.11668136895519	-6.52913529178989	-5.132875814442496	-9.639621492852839	-540.0475273753501	-75.19786906221806	-0.5665596639954024	2.790562423223171	0.8019295844594658	1.810144418607546	-7.500978320504029	-0.2346936262203687	-1.318118045734779	-0.01933139566362828	-4.04284894305732	-4.042848943057368	-0.4303276399640532	-0.01520843231754854	0.3958695600609203	-0.1072218992416235	-2.191178554638238e-08	8.139830482712641e-08	9.006539521198141e-08	9.651723733368649e-08	4.282562233147408e-08	-9.15263127875499e-08	2.015320951441159e-08
0.83	-0.7747239050599676	-0.1691368776018699	0.5865633652627784	2.063541671939468	-0.3286270518940317	0.07380960820865751	-0.4363268147803304	1.161974869873072	1.161974869873085	0.01122214290188303	-0.1745193795855176	0.01050263146905941	0.09479126737343616	-0.6630922869942917	-0.1135192133878448	-0.3064840190274063	1.362688526862321	0.04378460711324626	0.1808068155405443	-2.461010150114243e-05	0.5630347381501674	0.5630347381501745	0.0656079069420677	-1.274052047172501e-05	-0.1001110514049023	0.01229085941134966	-0.3560251807326493	-0.0213866642172757	-0.006615404137235249	-0.1735979076893069	0.1498280943577482	0.01920673133033458	0.2683957951712299	17.85545027971892	-6.322639453517606	-5.150069076129346	-9.304241132047926	-541.9009517794327	-74.90676468208781	-0.5040211233841145	2.780857650993747	0.7872474813454016	1.84295158862044	-7.548240453170211	-0.2355366664292433	-1.316289914043113	0.0108087835636283	-4.081237962692144	-4.08123796269169	-0.4281719129156056	0.009662642230337496	0.4139090925098236	-0.1021991159332949	-2.139877326500413e-08	8.187067173533703e-08	8.868643229832565e-08	9.836227232422568e-08	4.336758883410138e-08	-1.006299134048595e-07	2.174428622034138e-08
0.84	-0.7812150202366029	-0.1702328542247226	0.5835913181584401	2.076789363460806	-0.3282014493573332	0.07555128257421502	-0.4363270308397782	1.167400538438361	1.167400538438417	0.0118567215350419	-0.1745194971594404	0.00952256864671245	0.09490870643719715	-0.635100655671321	-0.1056958534168754	-0.2878658596028509	1.286721239078606	0.04131209015110733	0.1675004603645388	-1.900485905605207e-05	0.52203617418322	0.5220361741832309	0.06130479541192901	-1.379964406472787e-05	-0.09586887430344594	0.01118335374825779	-0.3598385553011255	-0.02168289324744126	-0.006753198882983587	-0.1728553900945879	0.1494384416204671	0.01880487645498378	0.2705600735136908	17.59106851323316	-6.117886513280414	-5.164363235987365	-8.989958916062768	-543.8310872010925	-74.61796713271272	-0.449134591010906	2.826731760567117	0.7783963397742835	1.881664603818467	-7.655160007120044	-0.2634841298704296	-1.351084988919346	-0.01981507464813364	-4.11824440037159	-4.118244400371528	-0.4337372345612319	-0.01875610369418192	0.4350418683458922	-0.1237271534970714	-2.078211009905217e-08	7.98074767948466e-08	8.549566012482736e-08	9.815547535549033e-08	4.295812571538136e-08	-1.060567694102169e-07	2.247961897271546e-08
0.85	-0.787425430940941	-0.1712511885940105	0.580807146025669	2.089273778203816	-0.3278011717579556	0.07715915791423694	-0.4363271251969711	1.172414408355065	1.172414408355081	0.01244826346645903	-0.1745195632143912	0.00858585628610316	0.09501476471519013	-0.6069549357025458	-0.09799000054367507	-0.2689181795096408	1.210052086195486	0.03872233910028247	0.1540504070456061	-1.244280088532372e-06	0.4806839661692847	0.4806839661692868	0.05700104461034543	-2.17586010820372e-06	-0.09144695926297866	0.01001563546165709	-0.3632426916225974	-0.02192714437286649	-0.006880827139737366	-0.1720702351971002	0.1489844211010776	0.01843577607997184	0.2724665402417084	17.32674653546329	-5.92983168975284	-5.173182956052734	-8.673819361111963	-545.4245655695139	-74.33093692570324	-0.4012515254298389	2.812481958018853	0.7638523416213292	1.908886350417928	-7.689228228472603	-0.2599106876717388	-1.345576142965796	0.01236497030524255	-4.15179007075633	-4.151790070757769	-0.4290487423994949	0.01071593946109786	0.4497628257698078	-0.115215936783862	-2.015700221539098e-08	7.736289802749081e-08	8.20800929281401e-08	9.761529377329322e-08	4.237802060325259e-08	-1.107737895909442e-07	2.306162460820433e-08
0.86	-0.7933535864769895	-0.172193029918461	0.5782139640214995	2.100988214358066	-0.327427429688083	0.07863181059315387	-0.4363270832791903	1.177013139977859	1.177013139977852	0.01299669694196469	-0.1745195941675071	0.007694162376675003	0.0951087614562086	-0.5786496220143208	-0.09039724444940932	-0.2496678338825145	1.132725521329776	0.0360049842501239	0.1404559281432504	8.250144335572378e-06	0.439008515401284	0.4390085154012771	0.05268310423106085	-6.779275336422984e-06	-0.08686518406760194	0.008771046353363551	-0.3666468279441737	-0.02217139549830392	-0.007008455396555425	-0.1712850802995729	0.1485304005817177	0.01806667570495706	0.2743730069695898	17.05945477061401	-5.743262202684932	-5.179474980015696	-8.380259464357234	-547.0930813726917	-74.04313510474195	-0.3597332931980591	2.858650504456946	0.7557769839873658	1.942197710601685	-7.786642403638091	-0.2890048897372144	-1.379970105604033	-0.02146830555663569	-4.18289295118462	-4.182892951184623	-0.4365751501014182	-0.02200154353122586	0.4670138993277563	-0.1391013178356864	-1.948460391255807e-08	7.278256982968896e-08	7.740567360159455e-08	9.520815835571027e-08	4.08423203280348e-08	-1.115157291537429e-07	2.278499838913599e-08
0.87	-0.7989979917461989	-0.1730595049693408	0.5758147052283049	2.111926336891367	-0.3270813847882258	0.07996787382327547	-0.4363269188541137	1.181193570298076	1.181193570298002	0.01350195604716485	-0.1745196205132025	0.00684902697950691	0.09519002629395762	-0.5502080601703584	-0.08291539408482082	-0.2301426575144156	1.054808223876739	0.0331861307700507	0.1267361359213021	2.260733973278769e-05	0.3970322670036298	0.3970322670036247	0.0483667365347322	-8.264499492123648e-07	-0.08214200154166404	0.007470445667236566	-0.3696377128864778	-0.02235950345824871	-0.007124352627560328	-0.1704680754033066	0.1480229518543402	0.01774105828450296	0.2760244260031888	16.79635593071372	-5.577899011229642	-5.1805731795375	-8.090441664669935	-548.4281286501068	-73.76742646575757	-0.3240086941174073	2.840421876862381	0.7417634323383969	1.96387558780773	-7.807879786114106	-0.2810295594178591	-1.371052547925266	0.01258360286044787	-4.211787538626061	-4.211787538625841	-0.4294395020099412	0.01155077585294768	0.4779549936833914	-0.1272800195517176	-1.880686673533111e-08	6.793792149580895e-08	7.260125923244727e-08	9.254158606482228e-08	3.917760953807413e-08	-1.1166002604913e-07	2.238548780659264e-08
0.88	-0.8043572788264656	-0.1738516866426462	0.5736119377963704	2.122082565176139	-0.3267640692196241	0.08116612537770643	-0.436326671682958	1.184952878783401	1.184952878783267	0.01396399709088903	-0.1745196559145958	0.006051720320491531	0.09525793700973527	-0.5216259842265268	-0.07553856893454319	-0.2103695616304767	0.9763466716245949	0.03025911799894863	0.1128935930019528	2.479936604364956e-05	0.354784148423172	0.3547841484231687	0.04403949193395246	-8.590413394399113e-06	-0.0772994364374605	0.006100221959089507	-0.3726285978288071	-0.02254761141816471	-0.007240249858529051	-0.1696510705070177	0.1475155031269819	0.01741544086408384	0.2776758450367509	16.53045089927222	-5.413777960510889	-5.179492934786528	-7.824370765428281	-549.8365523068551	-73.48819062056684	-0.2935195948885311	2.886753324430735	0.734771941125179	1.991781613769673	-7.895493363459586	-0.3106367479430324	-1.404520245084328	-0.02390133937390529	-4.237266987745293	-4.237266987745324	-0.4387505309916208	-0.02474490129780631	0.490890414980857	-0.1530259222397519	-1.809381085057436e-08	6.134469380018105e-08	6.693687765839616e-08	8.81587390736086e-08	3.665944457366049e-08	-1.078506868370256e-07	2.117304989644536e-08
0.89	-0.8094301285450789	-0.1745706142748875	0.5716080489450762	2.131451683909274	-0.3264764568819374	0.08222540574263529	-0.4363264018479309	1.188288414408527	1.188288414408516	0.01438278201774842	-0.1745197245072999	0.005303371384030623	0.09531188656602642	-0.4929235218094726	-0.06826271031500476	-0.19037596322015	0.8974050706719309	0.02724922825107663	0.09894561756361145	2.705820461649221e-05	0.3122858548122379	0.3122858548122365	0.0397163248063027	-6.830078027159889e-06	-0.07235776377235244	0.004679734182221854	-0.3752065798338398	-0.02266941837979928	-0.00734324511116262	-0.1688111745415471	0.1469662408364248	0.0171363397779098	0.2790776383056297	16.27247670202717	-5.272159528460084	-5.173783866765792	-7.567247853461984	-550.9171218347414	-73.22469625182516	-0.2677840747372376	2.865064723651272	0.7216467546978735	2.007992650045356	-7.90428707656869	-0.298304100466347	-1.392449462897033	0.01197307996578946	-4.261682835176066	-4.261682835175819	-0.4292536358668322	0.01238741052810319	0.4976938375866464	-0.1380692728950526	-1.737851822720691e-08	5.457816531501286e-08	6.120631345400336e-08	8.358817547940618e-08	3.405108204073514e-08	-1.035806576221704e-07	1.986606094533062e-08
0.9	-0.8142153392348556	-0.1752172525344677	0.5698050648169621	2.140029227909821	-0.3262193712441789	0.08314470369926716	-0.4363261727076115	1.19119785264006	1.191197852640157	0.01475830450691696	-0.1745198253147413	0.004604816803285365	0.09535132943105193	-0.464098178460062	-0.06108069440233569	-0.1701886169944715	0.8180317251033163	0.0241537780129108	0.08489711133775124	1.666042291746235e-05	0.2695646697049647	0.2695646697049653	0.0353870043900489	-1.503335969500401e-05	-0.06734056529480803	0.003198883705964637	-0.3777845618387695	-0.02279122534137413	-0.007446240363640641	-0.1679712785760831	0.146416978545863	0.01685723869179388	0.2804794315746337	16.01183178444156	-5.13156482926365	-5.166207720547571	-7.33467789504977	-552.0695608451045	-72.95532995018608	-0.246336898405243	2.911329510902051	0.716003399751289	2.030531176840007	-7.981842286649679	-0.3277488460018264	-1.424626402588166	-0.02643266342832516	-4.281845287013092	-4.28184528701309	-0.439981188712407	-0.02673762470490164	0.5059955774680925	-0.1650984621177055	-1.664533169495383e-08	4.642523051352233e-08	5.494628820687706e-08	7.751587906129389e-08	3.07211389597162e-08	-9.562510838530862e-08	1.780266366647624e-08
0.91	-0.8187117479254646	-0.1757925222034011	0.568204832712243	2.147811091463026	-0.3259935695528749	0.08392307674016269	-0.4363260512072655	1.193679035211362	1.193679035211383	0.01509056357462954	-0.1745199648223892	0.003956744113539111	0.0953757403987865	-0.4351653229757866	-0.05398660351321779	-0.1498344555148954	0.7382872261142273	0.02099652847565167	0.07076463567141307	6.59927038868503e-06	0.2266429050666786	0.2266429050666794	0.03106446202025741	-1.384563587423422e-05	-0.06226889243973651	0.00167514038747108	-0.3799618731474494	-0.02285152898458732	-0.007535459999337215	-0.16710942979519	0.1458239005527169	0.01664137999559226	0.2816454167179194	15.75909126164282	-5.020229106488991	-5.153500328455516	-7.114267834015684	-552.9041895731336	-72.71630938679125	-0.2287969908713373	2.887004346913371	0.7041217132153316	2.041366437402734	-7.978811796306026	-0.3112342870644936	-1.409474970446733	0.01155110193543721	-4.30168616079794	-4.301686160797957	-0.4284263221027544	0.01340533878374852	0.5085147082710684	-0.1472493978117696	-1.590690492049578e-08	3.816460045987832e-08	4.86505744752772e-08	7.131024235731203e-08	2.734163371177369e-08	-8.735586561914612e-08	1.567767325085906e-08
0.92	-0.8229182799052822	-0.176297249007499	0.5668088437830974	2.154793898408088	-0.3257996446128378	0.08455974166005073	-0.4363260615297732	1.195730131314567	1.195730131314515	0.01537959010648327	-0.1745201207792213	0.003359540466095843	0.09538466650711687	-0.4061228363025748	-0.04697212143522826	-0.1293399818797665	0.6582204034744398	0.01777842775932507	0.05655548713347164	-9.704158103401543e-06	0.1835473760859352	0.1835473760859367	0.02674049721085737	-1.832319772570794e-05	-0.05716675683488768	0.0001019118251154013	-0.3821391844561331	-0.0229118326277769	-0.00762467963483667	-0.1662475810142738	0.145230822559583	0.01642552129941626	0.2828114018611947	15.50378009791805	-4.909724633547983	-5.139196405210392	-6.918826858462558	-553.8094341291687	-72.46953582043405	-0.2148035335005643	2.933255748689361	0.7000816375255895	2.058593607950517	-8.046307016789291	-0.3399190818153259	-1.439960976908858	-0.02768111862089705	-4.31659815550449	-4.316598155504427	-0.4402656766340864	-0.0278706818393909	0.512088127423512	-0.1749955108901519	-1.511607572398807e-08	2.882701788469939e-08	4.199797589894169e-08	6.377120279463462e-08	2.346650679459547e-08	-7.594968755997637e-08	1.293675146761399e-08
0.9299999999999999	-0.8268338982323865	-0.1767322076871401	0.5656184084164783	2.160974644132821	-0.3256381184143683	0.08505398918695047	-0.4363262230447389	1.197349483013983	1.197349483013991	0.01562541981015405	-0.1745202804658761	0.00281343761771176	0.0953776774038235	-0.3769853663248142	-0.04003037090077369	-0.108732929057261	0.5778948075821281	0.01452097598091526	0.0422851557977734	-2.294628818322645e-05	0.1403028085015787	0.1403028085015806	0.02242606501548906	-1.427146751820942e-05	-0.05205662117605865	-0.001506142194051506	-0.383898961508849	-0.02288759565866308	-0.007699535664775112	-0.1653730877429788	0.1446131326435873	0.01625760526865953	0.2837320921002519	15.26218872789274	-4.822390132513858	-5.121260369499056	-6.740709950314524	-554.3876561628545	-72.24021226322522	-0.2040864936695224	2.906315937666379	0.6896196532063757	2.06388945042757	-8.030771664559019	-0.3195451624411983	-1.421891016561712	0.01180212214044946	-4.331411432109652	-4.331411432109681	-0.4269282330108382	0.01444843100064373	0.5100539338522732	-0.1546789602784471	-1.432557566558597e-08	1.942938885481609e-08	3.531928812649339e-08	5.6166997225681e-08	1.955865529994736e-08	-6.43721400766972e-08	1.016150593400137e-08
0.9399999999999999	-0.8304576771966385	-0.1770980692830767	0.5646344692442902	2.166351116740819	-0.3255093441209985	0.08540526903956139	-0.4363265274044865	1.198535783963115	1.198535783963171	0.01582812594346347	-0.1745204185691059	0.002318351655668788	0.09535441403776881	-0.3477549637331621	-0.03315270469433405	-0.08804074299357674	0.4973657801255444	0.01122804673900962	0.02796195227562114	-3.827312457071066e-05	0.0969372260288916	0.09693722602889353	0.01811578313921551	-1.400651531893216e-05	-0.04696337956764158	-0.003152940727157453	-0.3856587385615125	-0.02286335868954933	-0.007774391694728311	-0.1644985944716881	0.1439954427275843	0.01608968923790075	0.2846527823393712	15.01808386956806	-4.73573640831408	-5.101935086091726	-6.587603720823843	-555.0356337694119	-72.00178425891851	-0.196398963987553	2.951842271467679	0.6872647719225756	2.07562025618625	-8.086993329643631	-0.3470145745144774	-1.450535414199672	-0.02809805988204057	-4.340801133170564	-4.340801133170597	-0.4394356128150974	-0.02862803744103509	0.5087093173410743	-0.1827444136779605	-1.353940142228594e-08	9.242577848816636e-09	2.829771377656166e-08	4.770632414566747e-08	1.522070935855151e-08	-5.054230873369225e-08	6.935148252700563e-09
0.95	-0.833788729790911	-0.1773954491708496	0.5638577887473198	2.170921481237726	-0.3254136023891077	0.08561310088847485	-0.4363269574326575	1.199287899608714	1.199287899608695	0.01598778931867258	-0.1745205252836072	0.001874037574605337	0.09531453973176679	-0.3184425255060805	-0.02633118613196212	-0.06729003375117262	0.4166920725846897	0.007918787321379005	0.01359905451878916	-4.644715572987113e-05	0.05347377464613508	0.05347377464613558	0.01381878442799872	-7.821205967752734e-06	-0.04191032692504856	-0.004826502120325115	-0.3870164724958595	-0.02278813442331218	-0.007834054123092639	-0.1636111769004749	0.1433402715069522	0.01600984431209078	0.2853423523773417	14.78537131189827	-4.688561192449408	-5.077190626613643	-6.452125370999997	-555.369580898706	-71.81614200800409	-0.191589907376485	2.922901360564902	0.6784163421422805	2.075596875968762	-8.059813921773502	-0.3231145386877324	-1.429969375382167	0.01301572983525953	-4.350937181817434	-4.35093718181772	-0.424544302056291	0.01517204480896881	0.5019678735727059	-0.1603514882709894	-1.275123849284171e-08	-9.691875964860374e-10	2.126503399425701e-08	3.921317836343208e-08	1.08737263966219e-08	-3.66405813699817e-08	3.694922618085881e-09
0.96	-0.8368262666504586	-0.1776248496842494	0.5632887754663143	2.174684657768136	-0.3253509998340514	0.08567714327602685	-0.4363274306402307	1.199605016732288	1.199605016732188	0.01610454024642301	-0.1745205840990685	0.001479926947145941	0.09525779191460618	-0.2890518167895281	-0.01955682981973466	-0.04650729980062397	0.3359281868251487	0.004600211371734086	-0.0007959399963300681	-4.690900415515256e-05	0.009937521623813629	0.0099375216238123	0.009533293645527853	-4.426709186582565e-06	-0.03692268884828255	-0.006527642958885266	-0.3883742064301897	-0.02271291015708456	-0.007893716551402702	-0.1627237593292529	0.1426851002863195	0.01592999938627023	0.2860319224153292	14.55015589479329	-4.641946719174852	-5.051215281918713	-6.341277196313426	-555.7728234105351	-71.62057389024746	-0.1895336200302368	2.967496369361879	0.6778323218936508	2.082025197815135	-8.105028973380854	-0.3488778809173077	-1.456954765857113	-0.02655562333475629	-4.355361461083521	-4.355361461083631	-0.4371340270658717	-0.02918619995500599	0.4956264041756253	-0.1882603027564424	-1.192568826388657e-08	-1.165009650068932e-08	1.402357208334127e-08	3.010954577942579e-08	6.356847448657475e-09	-2.138720881700577e-08	1.939794611703951e-10
0.97	-0.8395695306136107	-0.1777867133162639	0.5629276616679295	2.17763993308334	-0.3253215689821374	0.08559712306981514	-0.4363278475533766	1.199486491261153	1.199486491261082	0.01617851803224161	-0.1745205956241795	0.001135291447239116	0.09518393228525798	-0.2595899840330897	-0.01282076841155213	-0.02571891936026881	0.2551305124313542	0.001288813443637678	-0.01520973846590063	-3.376685823158945e-05	-0.03364622613718322	-0.03364622613718432	0.005265388777329791	1.759384823272157e-06	-0.03202303599973552	-0.008246890884936953	-0.3893317466485748	-0.02254930682268273	-0.007938266767836519	-0.1618245135444542	0.1420072084522495	0.01590538086572018	0.2864935368396878	14.3290134573732	-4.621341677419155	-5.021595725631531	-6.250693541039078	-555.8637198369834	-71.44959967177063	-0.1902039382716721	2.937176131149242	0.6707665322990876	2.076725939864528	-8.066590568775387	-0.321842872861583	-1.433841901326055	0.01565515057053627	-4.360422336282597	-4.36042233628268	-0.4211532527492746	0.01546869033056567	0.4843384165132628	-0.164145346559051	-1.109889789194875e-08	-2.233783404225658e-08	6.775488630171838e-09	2.099700747206477e-08	1.841677918063234e-09	-6.122851170782848e-09	-3.30992293864273e-09
0.98	-0.8420178463687162	-0.1778813616377933	0.5627743279684925	2.179787340875275	-0.3253251665343256	0.08537291497613814	-0.4363280518417342	1.198932020131871	1.198932020131885	0.01620990986223565	-0.1745205557530944	0.0008390932140936193	0.09509280251484339	-0.2300621751820792	-0.006113767722714768	-0.004951280011070342	0.1743546821816761	-0.002005469448687264	-0.0296335174882341	-4.384031720868229e-06	-0.07725161000516469	-0.07725161000516502	0.001016102467027422	5.852528894857719e-06	-0.0272352354984236	-0.00998167117216899	-0.3902892868672806	-0.02238570348834045	-0.007982816983927417	-0.1609252677595314	0.141329316618252	0.01588076234512706	0.286955151263629	14.10533090347624	-4.6012302680071	-4.990825184695851	-6.183971118971615	-556.0239228753514	-71.26846470027438	-0.1935998560197875	2.9806915882763	0.6720201780245904	2.077876979583777	-8.100660144557565	-0.3454548737629771	-1.458950876409672	-0.02330748721703874	-4.359688682480414	-4.359688682480414	-0.4334103154866905	-0.02960478994261266	0.4732559347285616	-0.1913667749924869	-1.023242294456563e-08	-3.32440879794711e-08	-6.84484175115542e-10	1.15994860173525e-08	-2.618790256685115e-09	9.493029459343958e-09	-6.908521111180335e-09
0.99	-0.8441705683987956	-0.1779090594403733	0.5628284779182851	2.181127286407369	-0.3253615796998064	0.08500446872604667	-0.4363279306055129	1.197941471505896	1.197941471505909	0.01619889953292909	-0.1745204822829297	0.0005901283877754221	0.09498426194384559	-0.2004733547002124	0.0005718864058303382	0.01576890352719749	0.09365735211196664	-0.005270418521410115	-0.04405337847468307	2.684683254592737e-05	-0.1208534744155339	-0.1208534744155319	-0.003214803577017207	8.125533159318763e-06	-0.02258500119447631	-0.01172783959192877	-0.3908005878433217	-0.02215578104635751	-0.008011179976997511	-0.1600304109332825	0.1406342560334332	0.0159326817949128	0.2871511428419982	13.89999820583621	-4.616085434752222	-4.956178708804496	-6.134466187733258	-555.8452469691121	-71.13136920807274	-0.1998204586149345	2.949307608651656	0.6664903694591489	2.067232667711118	-8.05083149521923	-0.3159975089544638	-1.433160611918204	0.01607070889634434	-4.359737109922339	-4.359737109922148	-0.4174366639636343	0.01503700075009411	0.4568131147092018	-0.1664432238224594	-9.37658249733177e-09	-4.415105124801578e-08	-8.150074013664593e-09	2.23386049849752e-09	-7.094203091286395e-09	2.509828699250754e-08	-1.050348824774945e-08
1	-0.8460271361579386	-0.1778699702338304	0.5630894584288135	2.18166094622734	-0.3254304388729954	0.08449189248562568	-0.4363275505937331	1.196515043877896	1.196515043877903	0.01614567896019106	-0.1745204073516737	0.0003868470918152267	0.09485821941897923	-0.1708313209979508	0.007243634101878813	0.03641483213610966	0.01309753976058779	-0.008494670991221505	-0.05845951554736247	4.737112272039004e-05	-0.1644274104101802	-0.1644274104101758	-0.007425946225080364	6.144742983057904e-06	-0.01809852943127009	-0.01348206194588025	-0.3913118888193649	-0.0219258586044603	-0.008039542969870377	-0.1591355541070066	0.1399391954486049	0.01598460124460551	0.2873471344203585	13.69203872486218	-4.631409985804681	-4.920395478791661	-6.107666735233717	-555.7363643509701	-70.98445042003745	-0.2089908141069039	2.991334232355349	0.6692388915252436	2.063025993712632	-8.073156600891467	-0.3373155531806465	-1.456206093655734	-0.02544880203587584	-4.354102999335788	-4.354102999335765	-0.4294576362903547	-0.03045554883070371	0.4405034265803209	-0.1929775618307945	-9.56292306472548e-09	-5.512752898691605e-08	-1.616613311185756e-08	-4.005963306341229e-09	-1.303419259147577e-08	3.966248102327509e-08	-1.374261385940613e-08
1.01	-0.8475868176620955	-0.177764127650826	0.5635565429101606	2.181389429055183	-0.3255313172058067	0.0838353515858284	-0.4363270132536725	1.194653006539236	1.194653006539242	0.01605040933319177	-0.1745203721320532	0.0002276681610239476	0.09471463041335394	-0.1410777242171466	0.01393293147357498	0.05699127711257456	-0.06740357322890532	-0.01167171425495057	-0.07284473153067955	6.026636439871104e-05	-0.2079771627702529	-0.2079771627702482	-0.01162674305698595	6.584612283324597e-07	-0.01375913121435686	-0.01523299502749409	-0.3917265260891027	-0.02166124801565216	-0.00804824122825307	-0.1582955043663165	0.1394111377237134	0.01610311766290858	0.2875659903553208	13.54616481397682	-4.680958868583461	-4.885518042454311	-6.202830017876386	-555.6173499897469	-70.90807027894635	-0.2213327895033796	2.971458123473441	0.6699804444359673	2.053331889650049	-8.038981526730467	-0.3064946035927206	-1.429105386403903	0.01468410697797397	-4.354973768549081	-4.354973768549063	-0.4152232597287251	0.01436855740562667	0.4273723690600915	-0.1657259633230071	-9.74926363211919e-09	-6.610400672581631e-08	-2.418219221005053e-08	-1.024578711117998e-08	-1.897418209166513e-08	5.422667505404264e-08	-1.698173947106282e-08
1.02	-0.8488481460539342	-0.177591151037216	0.5642290674692801	2.180312822177365	-0.3256636851493771	0.08303507331904102	-0.4363263418773742	1.192355559194134	1.192355559194106	0.01591316522729253	-0.1745203990301901	0.000111226082416366	0.09455361712051329	-0.1111606985351017	0.02067044022301177	0.07750284769060263	-0.1479204013684785	-0.0147925931436227	-0.08720698894336738	7.41783944050219e-05	-0.2515094116985669	-0.2515094116985622	-0.01582084201241926	-6.278810387582096e-06	-0.009551159004913157	-0.0169669193889622	-0.3921411633586531	-0.02139663742684984	-0.008056939486389575	-0.1574554546256665	0.1388830799987768	0.01622163408118911	0.2877848462905194	13.39753891340705	-4.731012250066494	-4.849433104977448	-6.319432710134444	-555.5691578595823	-70.82266717670514	-0.2371006888226526	3.024020012603585	0.678881167073377	2.050051114025261	-8.076299630907533	-0.3260826781692169	-1.451614379529845	-0.02524544437145867	-4.350602312983955	-4.350602312984007	-0.4281180609958526	-0.03074574680288107	0.4142182250864508	-0.1895758178015936	-8.697515841403709e-09	-7.675188832501737e-08	-3.282671605166482e-08	-1.9294010424019e-08	-2.283922373660119e-08	6.712044234191869e-08	-2.008194724659341e-08
1.03	-0.8498095022546375	-0.177350539081629	0.5651062904117614	2.178431169591956	-0.3258269549793317	0.0820913403606235	-0.4363255735507878	1.18962296793407	1.18962296793405	0.01573399300793086	-0.1745205158328547	3.61141567825534e-05	0.09437534647671329	-0.08108607490798013	0.0274617788522847	0.09792173145450979	-0.2283921057324709	-0.01784759895096092	-0.1015316662365772	7.601209203390504e-05	-0.2949973131725482	-0.2949973131725414	-0.02001102472182053	-1.668332980306243e-05	-0.005501868606138837	-0.01868264869281247	-0.3921175086449699	-0.02105746117217632	-0.008050081127860974	-0.1565956648095086	0.1382975143153017	0.01641389549829978	0.287741706533279	13.25418948356088	-4.814050820891197	-4.808051161134944	-6.436763564130539	-555.1739165104027	-70.77515594820488	-0.2566433809627774	3.002849381308038	0.6807286760507716	2.034800245286261	-8.029909073331865	-0.2931254522431376	-1.421725217658084	0.01237654785244386	-4.346150337911324	-4.346150337910877	-0.4141066738004347	0.01387019047199472	0.3956828704288103	-0.161868342037873	-7.633134496013637e-09	-8.739641690238476e-08	-4.147765279882422e-08	-2.837089087469478e-08	-2.668309244423873e-08	7.999716445894889e-08	-2.318073749318392e-08
1.04	-0.8504693790503759	-0.17704172004671	0.5661871008394245	2.175745339316046	-0.3260203580514086	0.08100459446660693	-0.4363248911329828	1.186455844404601	1.186455844404614	0.01551299130195507	-0.174520725081723	5.748201007101449e-07	0.09418005916880265	-0.05086481753917192	0.03431185608942337	0.1182203447269734	-0.3087559394639277	-0.02081924156738696	-0.1158095760674503	5.699663056772877e-05	-0.3384158655787783	-0.3384158655787691	-0.02418673934675141	-2.476804989999134e-05	-0.001636641281126642	-0.02037025221110647	-0.3920938539313493	-0.02071828491746331	-0.008043222769038023	-0.1557358749933219	0.1377119486318487	0.01660615691545423	0.2876985667759532	13.1079302461177	-4.897672082625776	-4.76532837726407	-6.574483310508	-554.8511720860781	-70.71998654821529	-0.2803313598797437	3.053346760940825	0.6906288886467752	2.025997015736661	-8.054725504400668	-0.3094100399867613	-1.44226088706244	-0.02941527619181588	-4.336732499433543	-4.336732499433587	-0.4252244441017362	-0.03028178693911888	0.3774056103345622	-0.1839506606901561	-6.281997857086254e-09	-9.726760173606142e-08	-5.022801323438023e-08	-3.724799182703046e-08	-2.997671538997222e-08	9.046061400959332e-08	-2.581403038537157e-08
1.05	-0.8508262217306268	-0.1766640513674867	0.5674702076308773	2.172256523925892	-0.3262430277787015	0.0797753687391851	-0.4363244697967713	1.182855081111067	1.182855081111047	0.0152503195035491	-0.1745210166991739	2.779757021917437e-06	0.09396807235263312	-0.02047252228036226	0.04123696287444605	0.1383722151274643	-0.3889766637847397	-0.02369480484290622	-0.1300215971858227	2.912438076179154e-05	-0.3817059390633922	-0.3817059390633885	-0.02833969146737153	-3.091655828274364e-05	0.00204889937166947	-0.02201581895137444	-0.3917668658460248	-0.02036448663970471	-0.008021481126613378	-0.1548068657764631	0.1370632546078608	0.01692204620932481	0.2875098369977366	12.96617711917956	-5.035640717962845	-4.71409369052731	-6.75330234334951	-554.2512200909966	-70.74379490567647	-0.3086248820054894	3.036844805161231	0.6957047268861899	2.005455602643464	-8.001180929605637	-0.2736208602629424	-1.408602672934928	0.01080486176138078	-4.320510950746195	-4.320510950746833	-0.4091723392198723	0.01461083918807965	0.3598131410712953	-0.1531416236935729	-4.921900115235834e-09	-1.071146195777477e-07	-5.898148066019864e-08	-4.611884967004302e-08	-3.325314315564621e-08	1.008486487925382e-07	-2.843277648523413e-08
1.06	-0.8508782066789512	-0.1762166809897217	0.5689539678364228	2.167966414285771	-0.3264938514165381	0.07840443681079391	-0.4363242715707345	1.178822343847134	1.178822343847098	0.01494634983534978	-0.174521291357285	4.097706963659583e-05	0.09373997348046129	0.01010672885089428	0.04825219579775576	0.1583510275455048	-0.4690147894528958	-0.02645002367554314	-0.1441508162526157	1.237457643696155e-05	-0.4248106596588544	-0.4248106596588557	-0.03244631331511361	-2.137618762819131e-05	0.005561833957218118	-0.02359266341158798	-0.391439877760731	-0.02001068836203765	-0.007999739483872568	-0.1538778565596046	0.1364145605838493	0.0172379355030908	0.2873211072194765	12.82132369713912	-5.174299474887251	-4.661340239967951	-6.951330156443085	-553.7257144740231	-70.7617504676673	-0.3420018988555474	3.090737935430561	0.7086541163038101	1.99138541924643	-8.018205773869312	-0.2853411514101977	-1.425700476746491	-0.02719078709658058	-4.299661921603368	-4.299661921603312	-0.4159583895260901	-0.027144011131523	0.3428843968843187	-0.1702062046793938	-4.436385320700758e-09	-1.152618262524925e-07	-6.740008703352374e-08	-5.104816640388119e-08	-3.710463055376351e-08	1.078465246704681e-07	-3.011022397904452e-08
1.07	-0.8506235713691299	-0.1756985994352908	0.5706366134908967	2.162876934295973	-0.3267716668961594	0.07689265270825719	-0.4363242422815858	1.17435956450765	1.174359564507641	0.01460145949073531	-0.1745214771397654	0.0001135303740189881	0.09349643366876868	0.04083892743328393	0.05538975760876748	0.1781455177132047	-0.5488399290815462	-0.02909193405153239	-0.1581883343789891	-8.286902002642616e-06	-0.467706553424856	-0.4677065534248543	-0.03652638419715854	-1.422314919046939e-05	0.008930416642683722	-0.02509969256817277	-0.3905464140870571	-0.01967615606120595	-0.007948461177312753	-0.1532575574380945	0.1363927408637505	0.0175645758318211	0.2868195527221195	12.8985611748523	-5.335899587843276	-4.628476221534839	-7.421028063744578	-552.9457188488832	-70.8328712695518	-0.3810200943353705	3.067243508150427	0.7201423705594512	1.968584717621051	-7.958483483305385	-0.2504162391249535	-1.390156031060574	0.01023064599026109	-4.278748511913344	-4.278748511912742	-0.4032618472341055	0.01487286542519661	0.3310771906153603	-0.1385814771988715	-3.997390895703737e-09	-1.233186174396339e-07	-7.58008816487375e-08	-5.576782669574199e-08	-4.098670623020228e-08	1.146640729470674e-07	-3.17376023980649e-08
1.08	-0.8500610575358006	-0.1751083752313376	0.5725162248274659	2.156990439824704	-0.3270752615312277	0.07524101771433668	-0.4363244727123037	1.169468987148943	1.169468987148954	0.01421592235541182	-0.1745215458110406	0.0002192159026141775	0.09323829752430013	0.07168243355600297	0.06268072570220745	0.1977441639645521	-0.6284176857478653	-0.03160585476477755	-0.1721209945244823	-3.956941208599409e-05	-0.5103702635034566	-0.5103702635034505	-0.04057567146682931	2.046052998247948e-06	0.01218827877764747	-0.02651192996679679	-0.389652950413287	-0.01934162376041102	-0.007897182870427892	-0.1526372583166145	0.1363709211436113	0.01789121616049786	0.2863179982248804	12.9726587455667	-5.49843184189166	-4.593770504136295	-7.909272235193587	-552.2399789369562	-70.90038536955079	-0.4262581241616136	3.112999443496666	0.7393353727892185	1.952216635975852	-7.968729181402966	-0.2597432188613088	-1.404728880570416	-0.02931499342581126	-4.25322518412331	-4.253225184122933	-0.4098016670512339	-0.02532077838121904	0.3207402867834639	-0.1512478530873111	-2.652605052084626e-09	-1.303601452495658e-07	-8.472902791836073e-08	-6.154808687564663e-08	-4.328756796909138e-08	1.181238225895234e-07	-3.277014377388811e-08
1.09	-0.8491895611470159	-0.1744444320128036	0.5745907695277004	2.15030953891556	-0.3274033866828571	0.07345061558883514	-0.4363250538693359	1.164153034442283	1.164153034442278	0.01378997423857231	-0.1745214823920408	0.0003569033323586331	0.09296647296506221	0.1026317072181199	0.07013742669952205	0.2171248006053051	-0.7077062830211314	-0.03399539683872303	-0.185937340824445	-7.394885824491938e-05	-0.5527719726144386	-0.5527719726144488	-0.04460917247807616	1.244659077772974e-05	0.01532988763201738	-0.02783503437581046	-0.3883812484559261	-0.01895812475374346	-0.007829107763522339	-0.1520257287696223	0.1363941737153496	0.01826819897131183	0.2856114650947016	13.08126958807772	-5.687037915288172	-4.55700194778115	-8.447680495191943	-551.2523187594235	-70.99940172313276	-0.4783690615924158	3.088113591554415	0.7532501787288225	1.924981723179968	-7.900501202512647	-0.224959095760989	-1.366805054340885	0.009907550777132144	-4.226391223179699	-4.226391223182339	-0.399447581768102	0.01448354451816509	0.3079664627166471	-0.1201164315925465	-1.238900296179055e-09	-1.373244247590578e-07	-9.369729877038466e-08	-6.740904487311982e-08	-4.546811995186259e-08	1.213280875532947e-07	-3.375742580946806e-08
1.1	-0.848008127568818	-0.1737050392411912	0.5768579195033542	2.142837436793249	-0.3277546871340457	0.0715227064904428	-0.4363258974263388	1.158414515154792	1.158414515154767	0.01332382645890908	-0.1745212623527769	0.0005254259062724551	0.09268196242237728	0.1336698714396665	0.07777063631787484	0.2362652190483905	-0.7866579283833455	-0.03624091467667858	-0.1996223891096734	-9.204946482539142e-05	-0.5948835796691806	-0.594883579669209	-0.04861560403358813	3.337011498154782e-05	0.01835530760450158	-0.02904912665619062	-0.38710954649848	-0.01857462574698976	-0.007761032656578083	-0.1514141992226372	0.1364174262870924	0.01864518178221502	0.2849049319646226	13.18661457439563	-5.876803344146851	-4.518070761257706	-9.004390101758919	-550.340452715933	-71.09743460127788	-0.5380167287698531	3.130777555382784	0.7746370969967297	1.904172996442309	-7.901338799192535	-0.2309383716632861	-1.378469277623548	-0.02605922550835267	-4.19520477287537	-4.195204772875401	-0.4043877759042499	-0.02321618109631027	0.2975025104060792	-0.129445427360648	6.847563443675646e-10	-1.419328710052053e-07	-1.029681600023341e-07	-7.244930512520336e-08	-4.625012467458926e-08	1.196924358596102e-07	-3.364366954986258e-08
1.11	-0.8465158849655793	-0.1728884240076028	0.5793151810855084	2.134577691396955	-0.328127763505165	0.06945861692176285	-0.4363269556326576	1.152256424699177	1.152256424699176	0.01281768362531483	-0.1745208751344979	0.0007235434784623603	0.09238578997276362	0.1647876151050024	0.08558214399506747	0.2551379215403874	-0.8652134361213064	-0.03834718594021239	-0.2131701632594618	-0.0001239928539824903	-0.6366773998452908	-0.636677399845321	-0.05260667548647308	4.690527741719162e-05	0.02124268341544345	-0.03016586927097955	-0.385352671833822	-0.01812451272573247	-0.007678066499605821	-0.1507904231618443	0.136386848031928	0.01906373415187631	0.2838935981606101	13.29743300523881	-6.086756747441041	-4.474578194899898	-9.548049778183707	-549.0505619680948	-71.20956146793593	-0.6059362409078289	3.103610166969153	0.7888520504659472	1.871433106465974	-7.821008033901373	-0.1963577989470852	-1.339158203129977	0.007577951040173371	-4.162897219848049	-4.162897219848287	-0.395566186263475	0.01405163096009704	0.2805198605554309	-0.0998278348182815	2.659408173378279e-09	-1.463057339250184e-07	-1.12269280272276e-07	-7.740749560274797e-08	-4.689227467131152e-08	1.175727925001802e-07	-3.341980946073857e-08
1.12	-0.8447121974467132	-0.1719928048077653	0.5819596925387606	2.125534720668724	-0.3285210798479689	0.06725980426771261	-0.4363284653033378	1.145682110725829	1.145682110725845	0.01227181020586911	-0.1745202699114234	0.0009497677576027836	0.09207904226574593	0.1959588545647516	0.09357142956767039	0.2737151932679698	-0.9433029947714054	-0.04028890901370645	-0.2265670061881848	-0.0001823423767169797	-0.6781282832161666	-0.6781282832161982	-0.05656172119066814	7.697108171133372e-05	0.0239766489910727	-0.03116417813698065	-0.3835957971691468	-0.01767439970442144	-0.007595100343036233	-0.1501666471010599	0.1363562697767769	0.01948228652160146	0.2828822643566148	13.40483215442296	-6.298113250163513	-4.428575062195246	-10.10963068177657	-547.8383580174218	-71.32377273516286	-0.6828673417275141	3.141476714265612	0.8101926760787108	1.845086843559348	-7.808148981620139	-0.1980287336553277	-1.348283033410513	-0.03134045222102066	-4.12661741182847	-4.126617411828462	-0.3971826261662678	-0.01991005272464115	0.2668204633433913	-0.1057586776031404	3.975742483182111e-09	-1.500246824839054e-07	-1.197656371891217e-07	-8.009792467041691e-08	-4.798250351730339e-08	1.150220162576017e-07	-3.300754235986258e-08
1.13	-0.8425965132233589	-0.1710163700177983	0.5847884397721771	2.115713251779907	-0.3289330456236621	0.06492776117183995	-0.4363305034420889	1.138695072457542	1.13869507245756	0.01168650375603988	-0.1745193911351869	0.001202548851729886	0.09176284279289777	0.2271843536995641	0.1017481173597196	0.2919791210428884	-1.020903873115128	-0.04207605854934997	-0.2398150778137384	-0.0002065054639792858	-0.7192163764769043	-0.7192163764769226	-0.06049387123169869	0.0001003821483187277	0.02655372096324536	-0.03205528581074462	-0.3816712574250253	-0.01713807018533722	-0.007501446498845591	-0.1494293248874528	0.1361892206149232	0.01992543009247805	0.2818208230590651	13.48033219352034	-6.520651415367901	-4.373836779414739	-10.66341397365577	-546.4483271001976	-71.4355044361896	-0.7696152453449275	3.114033476007377	0.8262786064863974	1.808766032663904	-7.723029393888292	-0.1647891114900668	-1.309119556883829	0.01486275126771853	-4.09044968572756	-4.090449685725562	-0.3904207515477674	0.0136923324486834	0.2492664299613507	-0.07768260158924743	5.209787103085059e-09	-1.536618917476766e-07	-1.270363986868301e-07	-8.250488356185136e-08	-4.912874221945393e-08	1.124173484046296e-07	-3.257172438251761e-08
1.14	-0.8401683846160708	-0.1699571939947669	0.5877981703409838	2.105118379681032	-0.3293620291043061	0.06246402729378956	-0.4363322198132234	1.131299044376145	1.131299044376148	0.01106203789398607	-0.1745182331190989	0.001480323838750812	0.09143835308544659	0.2584477313511024	0.1101196761805285	0.309911860346018	-1.097983636784461	-0.04369245000385787	-0.2529051626295248	-0.0001179890213583752	-0.759926245838888	-0.7599262458388932	-0.06439360361177446	0.0001328190587311116	0.02897542756770255	-0.03282222505755828	-0.3797467176808711	-0.01660174066617891	-0.007407792655399899	-0.1486920026738743	0.1360221714530837	0.02036857366344367	0.2807593817615593	13.55219914736367	-6.744819537832472	-4.316249893810411	-11.23470501073601	-545.1389760075025	-71.55237935571559	-0.8669926616659531	3.149052417610906	0.8491668818305643	1.778849149201509	-7.703926046742133	-0.163877117428219	-1.31668567145715	-0.008804546239248137	-4.050972632077658	-4.050972632077681	-0.3906990939753142	-0.01810488396373959	0.2357473898001572	-0.08092499221316195	3.799555537875517e-09	-1.630797122167817e-07	-1.299504819623211e-07	-8.260244644632938e-08	-5.339053499862816e-08	1.201836225595714e-07	-3.465161142047494e-08
1.15	-0.8374278143685904	-0.1688132446509265	0.5909854897431419	2.093755718983928	-0.3298063166451783	0.05987019658573053	-0.4363304832911618	1.123497941050042	1.12349794105004	0.01039876105420677	-0.1745167222121872	0.001781666883400649	0.0911068597482501	0.2896311368559603	0.1187111507891668	0.3274889514290835	-1.174420622219043	-0.04513742803588974	-0.2658321149673634	0.0006881720946658604	-0.8002203434814198	-0.8002203434814368	-0.06825797537326102	0.000168727093478732	0.03127999813421411	-0.03345276817835529	-0.3787097572081008	-0.01588614868526096	-0.007321427849000441	-0.1473422555880751	0.1352491861357962	0.02083661530382084	0.2805275293435531	13.41662293238554	-6.970595218306665	-4.227433916967443	-11.7927876938449	-544.1876182710303	-71.61872628156416	-0.9758696380383494	3.097699139324561	0.8702650178822808	1.737667021219546	-7.594412245431956	-0.1306183474856542	-1.276405700495019	0.158758191920283	-4.007509448365163	-4.007509448366704	-0.3837877940068556	0.01432991578631289	0.2258262168255981	-0.05052431131422066	1.989607805148941e-09	-1.733713460076235e-07	-1.322059975995698e-07	-8.235091458556977e-08	-5.812328362665481e-08	1.295175972505933e-07	-3.711177944911752e-08
1.16	-0.8343764671615975	-0.1675821551074987	0.5943466856428021	2.081632522941747	-0.3302642160066529	0.05714795521719086	-0.4363139988054831	1.11529612052391	1.115296120523905	0.009696944181417011	-0.1745148739712224	0.002105658499071461	0.09076977991198526	0.3206031232568858	0.1275477160979999	0.3446871598464474	-1.250090705798267	-0.04641481412372367	-0.2785872947271143	0.002831603266493513	-0.8400696858449365	-0.8400696858449646	-0.07210161020560918	0.0002002858719200675	0.03350514177067625	-0.0339395248712041	-0.3776727967353374	-0.01517055670430919	-0.007235063042853982	-0.1459925085023095	0.1344762008185049	0.02130465694423466	0.2802956769255424	13.27699825580496	-7.198094788769165	-4.135563991656403	-12.36876010092983	-543.3242173768124	-71.69247821744737	-1.09712642309492	3.106768596824506	0.8981850218694878	1.703072616061179	-7.550545675670786	-0.1303587285886783	-1.282331155839721	0.258649464916076	-3.962021576274621	-3.96202157627452	-0.3865517081476374	-0.01897473522513578	0.2198620037901453	-0.05216770662362376	2.2601264594307e-09	-1.746992404976171e-07	-1.34923673974205e-07	-8.105178386421658e-08	-5.926474895350221e-08	1.254694200735107e-07	-3.624091848544316e-08
1.17	-0.8310164126992668	-0.1662614537201893	0.5978779083556562	2.068756501224815	-0.3307341021674086	0.05429900148247366	-0.4362693818464792	1.106698109538039	1.106698109538037	0.008956747195038453	-0.1745128260409335	0.002451499174549225	0.0904284981390938	0.3513696009716092	0.1366350107371177	0.3614880733786596	-1.324976558976052	-0.04753272694170231	-0.291171534374508	0.006324483432002916	-0.8794522153216787	-0.8794522153217021	-0.07593406934371759	0.0002110102481315816	0.035650401203163	-0.03429088378223932	-0.3763606044588274	-0.01436869236676205	-0.007139262740958563	-0.1445275585923256	0.1335257946023488	0.02179394996578818	0.2799136424448351	13.09537086337584	-7.434766058422249	-4.033897697170352	-12.90594024463777	-542.2028494080789	-71.75835073875203	-1.231703200919762	3.055854331353977	0.9203532288031228	1.658192349752194	-7.437052381886598	-0.09800792430655485	-1.241715860156342	0.4295115224264418	-3.914317327420259	-3.91431732741936	-0.3810845315170008	0.01133766509830322	0.2099611093998638	-0.02268399832295559	2.902156968535427e-09	-1.744264672553162e-07	-1.377238790519448e-07	-7.956558191775738e-08	-5.976491369085322e-08	1.190315729199805e-07	-3.477523091599783e-08
1.18	-0.8273498400653009	-0.164848609077714	0.6015750585294223	2.055135731527492	-0.3312142675295268	0.05132515625307504	-0.4361828552396332	1.09770868351859	1.097708683518593	0.00817832731433045	-0.174510622538665	0.002818413083639981	0.09008448997409599	0.3819067575886713	0.1459763671311889	0.3778726520288266	-1.39904030187599	-0.04847065439583672	-0.3035655936605934	0.01121353279983069	-0.918352692560287	-0.9183526925603062	-0.0797461890768153	0.0002314002665086712	0.03771978849251883	-0.03448480329245613	-0.375048412182257	-0.01356682802921873	-0.007043462438841223	-0.1430626086823858	0.1325753883861579	0.02228324298732478	0.2795316079642079	12.90947698713314	-7.673417524202046	-3.928800253274139	-13.46167409235169	-541.1734431098713	-71.83488561158728	-1.38054940699588	3.060904377292188	0.9489973728601454	1.619805639652126	-7.386123620101235	-0.09436165581990705	-1.244295083578177	0.5378833053790484	-3.865611128647808	-3.865611128647802	-0.3824838271455228	-0.01704160679218358	0.2046875751639269	-0.02067982646003042	3.870378421356643e-09	-1.691125320727247e-07	-1.380568944542952e-07	-7.630700025417431e-08	-5.871349564149964e-08	1.081646607478371e-07	-3.202334716903678e-08
1.19	-0.8233789797982314	-0.1633410769026737	0.6054339025026393	2.040778486083886	-0.3317029999234239	0.04822826730107346	-0.4360407026393329	1.088332756216979	1.088332756216973	0.007361819981367354	-0.1745083225073793	0.003205616904777621	0.08973923354081573	0.4122246720694067	0.1555720953532673	0.393819497677961	-1.472259915490015	-0.0492453818745104	-0.3157778420132159	0.01743529028740254	-0.9567446250980327	-0.9567446250980495	-0.08355231630919431	0.000230903409620448	0.03970737444393136	-0.03454006884185412	-0.3732620876351375	-0.01270788056615118	-0.006937863762379911	-0.141538932041689	0.1314794319571496	0.02279399999764229	0.2788282327856031	12.69756807187711	-7.922276788721432	-3.815860723782984	-13.9625333193779	-539.7605259131403	-71.90612884271661	-1.54468027893964	3.011134713464008	0.9711502714407569	1.570615871721842	-7.26755740976558	-0.06441812515590038	-1.204564722631495	0.6970674233446946	-3.812757231612552	-3.812757231612123	-0.3792779508287784	0.008774887457353445	0.193746806498422	0.006054238686503004	4.906224825923963e-09	-1.627534779512924e-07	-1.378784193141867e-07	-7.268097401508993e-08	-5.734040799002435e-08	9.637952777915186e-08	-2.900481299502978e-08
1.2	-0.8191061604403606	-0.1617363295005006	0.6094499133011834	2.025693509068591	-0.3321985575583601	0.04501028086323191	-0.4358297833735393	1.078575555006934	1.07857555500693	0.006507331220172653	-0.1745059617221351	0.003612287125706952	0.08939422528361457	0.4422985757501429	0.1654194125577572	0.4093060170942356	-1.544586616212535	-0.04983570260377358	-0.3277850908269266	0.02496686589091725	-0.9946074742467653	-0.9946074742467796	-0.08734247472336414	0.000243551056513415	0.0416130684500836	-0.03443516807660503	-0.3714757630880441	-0.01184893310309506	-0.006832265085884221	-0.1400152554009842	0.1303834755281437	0.02330475700794857	0.2781248576069625	12.48124051114555	-8.173413763490409	-3.699072384223808	-14.48266303830851	-538.4424616402688	-71.99151025614407	-1.72512902556763	3.012102217292357	0.999315169342502	1.527740393080183	-7.207541041800192	-0.05748030593788765	-1.203295175795937	0.79984692856742	-3.759794450845172	-3.759794450845171	-0.3792900635037306	-0.01441270603610841	0.1883091861119252	0.01135343646931759	6.214288147645176e-09	-1.500677413919909e-07	-1.342716644258198e-07	-6.70821355710137e-08	-5.411891339520648e-08	8.025173885549019e-08	-2.462381568064256e-08
1.21	-0.8145338216638085	-0.1600318627802571	0.6136183998127244	2.00988987248443	-0.3326992101890764	0.04167316774875766	-0.4355373129538003	1.068442488735857	1.068442488735854	0.005614940244235806	-0.17450360995532	0.004037572224293098	0.08905094185223505	0.4721186074253041	0.1755137811211318	0.4243053400368748	-1.615969002177402	-0.05026401051860004	-0.3395998015256323	0.03372578288246227	-1.031906796905484	-1.031906796905487	-0.09113372626901825	0.0002297201337874603	0.04342890397601439	-0.03419515398215545	-0.369081545882073	-0.01094724628271765	-0.006717970864635357	-0.1384664458738687	0.1291727125117988	0.02381833858896612	0.2769870690423229	12.25215283110881	-8.428055673556559	-3.576571227260653	-14.94236074139993	-536.6482632372083	-72.05626533325096	-1.92300214223133	2.959362826728726	1.020463198963128	1.473126531970128	-7.077838615315611	-0.03084627584773121	-1.164919546810434	0.9436988078290586	-3.700149929725807	-3.700149929724051	-0.378780046762613	0.005552864673546273	0.1759582311406353	0.034316348190193	7.587002987190438e-09	-1.358794177536955e-07	-1.298506930972414e-07	-6.101475422825192e-08	-5.045842215134475e-08	6.309256914252162e-08	-1.991923337041503e-08
1.22	-0.8096648007336825	-0.1582252592745542	0.6179342992111149	1.993377561792326	-0.3332032139472569	0.03821903542129428	-0.4351512964194545	1.057939399486929	1.057939399486921	0.004684689283484869	-0.1745013122676991	0.004480563177203437	0.08871085675225136	0.501635006464497	0.1858467696496539	0.4387885944641559	-1.686321437801689	-0.05050592809712737	-0.3511889334204369	0.04367608880925589	-1.068612069817824	-1.068612069817815	-0.09491447168133023	0.0002327352136366187	0.04515423931422567	-0.03379550179740973	-0.3666873286761032	-0.01004555946238124	-0.00660367664351152	-0.1369176363467529	0.1279619494954466	0.02433192016994086	0.27584928047768	12.01860262217201	-8.685315249610493	-3.44977002093963	-15.42207855268592	-534.9499639897492	-72.13869333991268	-2.13943712912349	2.951375690098697	1.047039162372073	1.424526690008594	-7.001550973684018	-0.02020223867813811	-1.158179415015824	1.038124715617071	-3.640984501569257	-3.640984501569254	-0.3771888368353576	-0.01104350552123607	0.1702091485680968	0.04328105452848249	8.183949146053462e-09	-1.176898988354404e-07	-1.199263550939287e-07	-5.244681683106845e-08	-4.69057655390458e-08	4.654218210004657e-08	-1.503430597822931e-08
1.23	-0.8045020836218191	-0.1563141445081861	0.6223923851027164	1.976166919049277	-0.3337088133462536	0.03464998422520454	-0.4346600844118044	1.047072312288605	1.047072312288589	0.003716663314583082	-0.1744991239931994	0.004940339860181566	0.08837545324429481	0.5308526780744276	0.1964138345732211	0.4527355698740034	-1.75562235099934	-0.05058272511661246	-0.3625847018136212	0.05475021125206007	-1.104699197561277	-1.104699197561273	-0.09868662138222832	0.0002073880993252905	0.04678593728946608	-0.03325837006869536	-0.3638193446063622	-0.009092441459654101	-0.006485841567075683	-0.1352797106079729	0.1265351680928146	0.02484322175613719	0.2743690229886051	11.73463114970597	-8.941384584669384	-3.313303106245237	-15.81008895457292	-532.8565594321446	-72.19129672696	-2.375656952644482	2.89859917519106	1.067179588128135	1.365822356505924	-6.866651432318681	0.003293988844043491	-1.124796458806307	1.169640788149865	-3.576649276889235	-3.576649276890015	-0.3766384271001832	0.002075150620477128	0.157372690162384	0.06298107676734671	8.572034506271262e-09	-9.842313503411922e-08	-1.085203414474181e-07	-4.320565280384834e-08	-4.33821413275522e-08	3.015569808424286e-08	-1.010082414090099e-08
1.24	-0.7990488625381084	-0.1542962312064263	0.6269871486264232	1.958268809186342	-0.3342142382309572	0.03096807116367174	-0.4340526142238132	1.035847539339611	1.035847539339607	0.002711033770636921	-0.1744971180968027	0.005415978036546459	0.08804623142257015	0.5597358008344009	0.2072064767279972	0.4661241208852111	-1.823814861777506	-0.05047102523896828	-0.3737613065002722	0.06692772487638414	-1.14014921995097	-1.140149219950972	-0.1024351866984626	0.0001962595852808807	0.04832653799112083	-0.03255916455100463	-0.3609513605366662	-0.008139323457021468	-0.00636800649023944	-0.1336417848691788	0.1251083866901645	0.02535452334222652	0.2728887654994773	11.44614705718477	-9.200397064027792	-3.172102509618774	-16.21892204889985	-530.8603625112728	-72.26483712428094	-2.632866107054199	2.884465920107225	1.09215460861392	1.312841810280635	-6.779870489787316	0.01749714074762693	-1.114346673709252	1.258802951921038	-3.513563430817547	-3.513563430817522	-0.3724719599026527	-0.008199785467973907	0.1519896938510339	0.07569581232370416	8.780508006250231e-09	-7.145373295670358e-08	-9.113753932493481e-08	-3.182636406597646e-08	-3.872677372057812e-08	1.163679303835361e-08	-4.207114691252895e-09
1.25	-0.7933084664563469	-0.1521692725112937	0.6317129411204151	1.93969437563006	-0.3347177577003413	0.02717542669772092	-0.4333181461239246	1.024271548144406	1.024271548144397	0.001667865966131572	-0.1744953714459545	0.005906567719301467	0.08772465577234682	0.5882787782094505	0.218220902924843	0.4789342441144487	-1.890871255704801	-0.05020444672767432	-0.3847189710688361	0.08013271906530905	-1.174933866278813	-1.174933866278814	-0.1062069723561604	0.0001599642790381231	0.04977796988247719	-0.03173157809306468	-0.3575480335210074	-0.007165627749948092	-0.006246808012718403	-0.131968476031194	0.1235561863186419	0.02584484741755141	0.2710149499384074	11.13686500371377	-9.452791970012097	-3.024949963704461	-16.56235260083302	-528.4458732368713	-72.30131935065815	-2.912267649894389	2.82951735798526	1.111429366703695	1.250071016144284	-6.638436137685223	0.03551521365213842	-1.079184403699065	1.376371246971416	-3.443643019944784	-3.44364301994467	-0.3808310402145635	-0.0003215152769735557	0.1397050773216896	0.08996154270285975	8.934625285367453e-09	-4.215326929573309e-08	-7.194597226893354e-08	-1.980001127093364e-08	-3.372890482286652e-08	-7.527449950850982e-09	1.97718995686038e-09
1.26	-0.7872845798584849	-0.1499311010058957	0.6365638295340791	1.920455395675789	-0.335217755983145	0.02327466397498308	-0.4324466233632283	1.012351164928692	1.012351164928689	0.0005867204707276284	-0.1744937831705284	0.006411268749080263	0.08741209028273747	0.6164339040557647	0.2294490387810904	0.4911433048196524	-1.956724141371482	-0.04976678792308384	-0.3953849578481632	0.0943386570379713	-1.209027624053747	-1.209027624053748	-0.1100307248743151	0.000164584489816958	0.05114880739558264	-0.03075713242817696	-0.3541447065054656	-0.006191932042985501	-0.006125609535261606	-0.1302951671931961	0.1220039859471135	0.02633517149276193	0.2691411343771988	10.8231364454611	-9.708496208953211	-2.872600364910822	-16.92728587265806	-526.1278178916223	-72.3618865197988	-3.215098898517302	2.806895614360134	1.134896540494308	1.192629305473856	-6.539168837664853	0.05171319940687909	-1.056011115861952	1.458991708668536	-3.375385720235812	-3.375385720235844	-0.3828653319940949	-1.668206372785553e-05	0.1358708182009364	0.1050676537132322	8.451052729635383e-09	-9.775719432547771e-09	-4.867492550012996e-08	-6.36288861160648e-09	-2.786599459996138e-08	-2.485840198927944e-08	8.014775955287676e-09
1.27	-0.7809810235986808	-0.147579624959696	0.6415337268182836	1.900563982629191	-0.3357126010762576	0.01926811789842015	-0.4314283498124854	1.000093410190137	1.000093410190119	-0.0005325548821207978	-0.1744923969167215	0.006929262185607223	0.08710992689673411	0.6442065192060663	0.2408759676464285	0.5027276565918224	-2.021338430662527	-0.04916985359169591	-0.405911611686079	0.1094650934345945	-1.242397770877443	-1.242397770877444	-0.1137966001157973	0.000100519069942407	0.05243631446899699	-0.02964660670959116	-0.3502682076546499	-0.00515101700160994	-0.006015031329490804	-0.1284415154153368	0.1200599916294697	0.02680036053853638	0.2668934676583272	10.40216426279297	-9.949554314961929	-2.705397874567082	-17.12591640894887	-523.3654842306412	-72.35452068347573	-3.542621980038106	2.751821965856758	1.151062906958275	1.125059792323288	-6.38955201529541	0.06853639290982057	-1.049085395994096	1.561825653771646	-3.298999373480952	-3.298999373480921	-0.3692784429511579	-0.01142923809330066	0.1231583127663262	0.1183824934594238	7.752044418886652e-09	2.364138658003448e-08	-2.402567612564988e-08	7.550845488357305e-09	-2.171084068611247e-08	-4.156999897676999e-08	1.400279484233457e-08
1.28	-0.7744018656872825	-0.1451129852553616	0.6466162119560568	1.880033028081586	-0.3362005062574726	0.01515668670779213	-0.430254340688053	0.9875057199413241	0.9875057199413215	-0.001688654951877039	-0.1744920168702921	0.007459724225040276	0.08681973626042208	0.671554234376048	0.2524817704080191	0.5136608755333892	-2.084632441572404	-0.04837880554408532	-0.4163619806535068	0.1254857717757242	-1.275014726102922	-1.275014726102924	-0.117395668266324	-3.665699568106257e-05	0.05364252797659504	-0.02836258248987805	-0.3463917088038401	-0.004110101960311522	-0.005904453123162927	-0.1265878636374774	0.1181159973117974	0.02726554958421613	0.2646458009394544	9.976785406253599	-10.19420793987252	-2.532633828021893	-17.34663723731313	-520.699323364604	-72.37388019806727	-3.896089542822494	2.721915618296074	1.170671319744868	1.062402739353251	-6.275113161431239	0.09053594265137101	-1.040754141764344	1.637840097569859	-3.224747400592455	-3.224747400592447	-0.3495039138030228	-0.014638811213514	0.1196121050377731	0.1397673539387059	5.89919366624383e-08	-8.293323837762643e-08	-5.333735689217842e-07	-4.70577597702684e-08	1.311238585854889e-08	-2.524878335733725e-07	7.120370036560597e-08
1.29	-0.7675513453410653	-0.1425293932046225	0.6518047375182049	1.858875691253111	-0.3366800288563213	0.01094373062473454	-0.4289159799533076	0.9745957143272591	0.974595714327251	-0.002882723229237124	-0.1744922334868567	0.008001774885214048	0.08654268939071319	0.6984665155194393	0.2642651899270806	0.5239307015996244	-2.146601694313749	-0.04749552423449724	-0.4262200933873052	0.1423185319703892	-1.306853727947954	-1.306853727947953	-0.1213872992952043	-1.82019732131086e-05	0.05476086258154741	-0.02701794028790266	-0.3419828647616901	-0.003120505515625752	-0.005772608323458579	-0.1247849226030965	0.116177437579594	0.02767476740514315	0.2619972780957872	9.568507883288005	-10.42059031363637	-2.359307606456254	-17.5370221790335	-517.6608514141628	-72.35082081924402	-4.276732709577722	2.663404285463318	1.186429619141856	0.9922566530857053	-6.122827265935753	0.09196761984971316	-0.9568460015708494	1.725817500002646	-3.143610260328679	-3.143610260328164	-0.4194727981383322	0.008080493568880791	0.1069206146220876	0.1363576029610717	1.297089166138522e-07	-2.420047624491275e-07	-1.242970390031895e-06	-1.273622422883646e-07	5.86861396397647e-08	-5.362330072733905e-07	1.476094383774612e-07
1.3	-0.7604341981988	-0.1398271164884616	0.6570925581635808	1.837105662710133	-0.3371497699631248	0.00663249218187067	-0.4274053269126976	0.9613712919579646	0.9613712919579603	-0.004115803837027798	-0.1744926669862514	0.00855480418671894	0.0862799979329507	0.7248795935869465	0.2762187034923852	0.5335198921789577	-2.207170784473071	-0.04642250713542512	-0.4360184526164272	0.1599442329485761	-1.337898077147796	-1.337898077147792	-0.1251981343523935	-8.00335670580496e-05	0.05583825624242401	-0.02549150010055884	-0.3375740207195178	-0.002130909070903571	-0.005640763523777256	-0.1229819815687236	0.1142388778473924	0.0280839852261078	0.2593487552521423	9.15674443783629	-10.65136738120008	-2.179562994707606	-17.75993312025488	-514.7080544005169	-72.37879748371267	-4.685745317696302	2.622075003119173	1.204690128993562	0.9262756419728957	-5.995080645026698	0.1284831005482075	-1.028803440829023	1.796428254274262	-3.065816871554421	-3.065816871554425	-0.3133447194648654	-0.03069613447602115	0.1114239162227444	0.1761269510124447	1.598242260009261e-07	-2.787301475730655e-07	-1.514576784482697e-06	-1.490100636068855e-07	8.627197082401188e-08	-6.515425469618248e-07	1.8410088405918e-07
1.31	-0.7530553484419458	-0.1370045089935124	0.6624728061161627	1.814736967091917	-0.3376080901575071	0.002224048527421785	-0.42571478945255	0.9478405087563637	0.9478405087563666	-0.005386832967680857	-0.174494044881542	0.009118351659275012	0.08603319420389066	0.7507999635970768	0.2883242816184498	0.5424088898529542	-2.266316693380263	-0.04521652101625906	-0.4456239108349629	0.1782772095779612	-1.36811439711909	-1.368114397119096	-0.1290112429821174	-0.0001876649710301152	0.05686305124529705	-0.02384653976927044	-0.3327313317855866	-0.001132399545089133	-0.005460484407027369	-0.121022969066684	0.1119084677293506	0.02839546627468094	0.256337197396442	8.63049801500461	-10.83631015879927	-1.988099064221209	-17.79256250335022	-511.347187211008	-72.29636726455843	-5.124274002412845	2.563483035249324	1.216685467465871	0.8521130995971425	-5.836572322849489	0.1206377997994925	-0.9193044360459721	1.868824941878163	-2.977956713156885	-2.977956713158202	-0.4159072631897788	7.075970295772772e-05	0.0967687329028783	0.1623206789512073	1.731188432970586e-07	-2.647692751330114e-07	-1.604730002174635e-06	-1.463572681427244e-07	1.064056626466575e-07	-6.970716097026004e-07	2.040564086326988e-07
1.32	-0.7454200019779408	-0.1340602069546917	0.6679383242993812	1.79178436712277	-0.3380535542042563	-0.002279027193950927	-0.4238375037111878	0.9340118789244081	0.9340118789244055	-0.006696115850368384	-0.1744963256102016	0.009691899369977844	0.08580356809909617	0.7761789350187922	0.3005576122666798	0.5505739383063095	-2.323951654658811	-0.04385127760914445	-0.4549448660006966	0.1972938891916564	-1.397467403219987	-1.397467403220002	-0.1328488847503835	-0.0002606002525643893	0.05783830387150039	-0.02205597524741278	-0.3278886428516495	-0.000133890019264143	-0.005280205290532499	-0.1190639565646587	0.1095780576113057	0.02870694732326633	0.2533256395407475	8.101095294653222	-11.0260038947807	-1.789818882546587	-17.85980036452601	-508.0676103703278	-72.27094161321975	-5.593373337876578	2.513795285436089	1.230240633426749	0.7814857978446906	-5.692891119298085	0.1603345581379978	-0.971902830268491	1.933168851136323	-2.893154097475044	-2.893154097475007	-0.3182513471733348	-0.02375690998828098	0.1015154408889368	0.2052477891263951	1.866421021044437e-07	-2.439228927164955e-07	-1.687521647263049e-06	-1.422051468166908e-07	1.290288720524275e-07	-7.37156459301894e-07	2.24341981762954e-07
1.33	-0.7375335455968713	-0.1309929646798899	0.673481838289435	1.768262951240863	-0.3384847882279068	-0.006873938379941549	-0.4217669685101391	0.9198941014873272	0.9198941014873118	-0.008044166493434039	-0.1744993373190956	0.01027496311371615	0.08559235537450655	0.8010111267033345	0.3129075247097317	0.5580031623142179	-2.380064375534587	-0.0423703626633108	-0.4639975123614256	0.216908979221978	-1.425935072824736	-1.425935072824746	-0.1367564964435292	-0.000335460082138105	0.05877149419186873	-0.02016197912837903	-0.3225878577461543	0.000793275002407727	-0.005049674756307714	-0.1170928569862199	0.1071058551678893	0.02890692800044881	0.2499401348213011	7.535454851186469	-11.17005210263984	-1.58839484482176	-17.82426702117011	-504.4341901968547	-72.15606020004469	-6.093970218896672	2.452779906271122	1.239841700873436	0.7048182351461041	-5.530355983094093	0.1459829420962383	-0.8657726436168105	1.99005330960888	-2.800672004140216	-2.800672004139369	-0.4263782934091304	0.001242866117478162	0.08877067671946576	0.1854094331513925	2.002695945419586e-07	-2.199375278107104e-07	-1.76695728131162e-06	-1.373695092889212e-07	1.527870085916806e-07	-7.747593882043356e-07	2.44778018205839e-07
1.34	-0.7294017975397068	-0.1278017282504315	0.6790958800261442	1.744188429467925	-0.3389004105062401	-0.01155814145044195	-0.4194974075626621	0.9054962276317465	0.9054962276317499	-0.009431165696016732	-0.1745029789491359	0.01086726873048184	0.08540086939307903	0.8252372702402065	0.3253564431980014	0.5646794876373908	-2.434572832865423	-0.04072892854588104	-0.472803242907819	0.2370990384774601	-1.453486686916111	-1.453486686916116	-0.1406385966576273	-0.0003865844893243684	0.05968667847658213	-0.01811062661495997	-0.3172870726406045	0.001720440024165615	-0.004819144221924057	-0.1151217574077957	0.104633652724476	0.02910690867771886	0.2465546301019103	6.967149701008784	-11.31923719623549	-1.379750473632637	-17.82494828772248	-500.8744024679225	-72.10387611938154	-6.626855095189052	2.392585655901846	1.2500418424704	0.6309060608977095	-5.372038410310194	0.1924383924573497	-0.9225196674011383	2.048162696168433	-2.709942994800296	-2.709942994800282	-0.3131490513638338	-0.01900982551047391	0.0979142337581039	0.2367190680036153	2.128925481789591e-07	-1.896223839015055e-07	-1.836990018398309e-06	-1.303644401318397e-07	1.781788381319679e-07	-8.044317837299245e-07	2.64674453128562e-07
1.35	-0.7210307599994075	-0.1244855707778642	0.6847728778645186	1.719576841416774	-0.339299061607323	-0.01632920192509241	-0.4170234379929803	0.8908275055719415	0.8908275055719439	-0.01085718392541785	-0.174507210183285	0.01146860867845689	0.08523042361141037	0.8488596844304493	0.3378835432675868	0.5705886125730717	-2.487457908410713	-0.03897939210788541	-0.48136796151657	0.2577707469566131	-1.480093425604278	-1.480093425604291	-0.1445626051664218	-0.0004545276960104718	0.06057927641085582	-0.01595695420069674	-0.3115793541725359	0.002601250944661614	-0.004540806737627315	-0.1130415863542533	0.1018401306401765	0.02916995495696195	0.2428112881770824	6.302482467472932	-11.40742990701375	-1.163296861016936	-17.64928382130446	-496.9499089108078	-71.9222065851707	-7.192614420834469	2.33052404276036	1.255293999399093	0.5512383210585637	-5.203669232810342	0.1697363104280112	-0.8170840256018458	2.08805564846817	-2.611452637938779	-2.611452637939882	-0.4317249256016195	-0.0002941519224439661	0.08462337082699535	0.2081777070712487	2.250132324157025e-07	-1.56142350490591e-07	-1.902321307004056e-06	-1.222746551601024e-07	2.043875141727724e-07	-8.301389125670872e-07	2.84301087291204e-07
1.36	-0.7124268073687748	-0.1210438923225614	0.6905050314744809	1.694445017188936	-0.3396795123358324	-0.02118463679944983	-0.414340475193571	0.8758976334588311	0.8758976334588359	-0.01232238187489394	-0.1745120423661613	0.01207881276528807	0.08508221182967093	0.8718202883076972	0.3504606397450649	0.5757106419549676	-2.538620068202871	-0.03708885403158539	-0.4896781228449126	0.2788976844229519	-1.505716697577003	-1.505716697577023	-0.1484745406737938	-0.0005067742496840761	0.06145950624772845	-0.01366382662909161	-0.3058716357044625	0.003482061865110452	-0.004262469253269556	-0.1109614153007233	0.09904660855585701	0.02923300123614991	0.2390679462522672	5.635590997289137	-11.501023500674	-0.9393673271934129	-17.5105923454542	-493.0917152640716	-71.80846412992901	-7.791623207029108	2.260223593302641	1.260041124049056	0.473486950140827	-5.027455259683819	0.2206387201184059	-0.8716082113190912	2.1392084936056	-2.513249651711942	-2.513249651711911	-0.3107344510793345	-0.0158704949074765	0.09544061427808255	0.2646100994722268	2.367659410913472e-07	-1.622209090807906e-07	-2.002174131658963e-06	-1.19996099530206e-07	2.259544351197052e-07	-8.419735519667902e-07	2.999125934768129e-07
1.37	-0.703596475393666	-0.1174762447165264	0.6962844456777036	1.668810145123935	-0.3400404782944401	-0.02612162500642928	-0.4114443311984281	0.8607165731404444	0.8607165731404753	-0.01382696343106246	-0.1745171517250208	0.01269780883046995	0.08495751152069725	0.8941262543405198	0.3630700020687314	0.5800372116559306	-2.588051966466753	-0.03508456864055941	-0.4976790032527472	0.3003885501716358	-1.530321919556514	-1.530321919556511	-0.1524379115976048	-0.0005095643199345135	0.06234108438847545	-0.01125573683896177	-0.2998080208928008	0.004243511402886451	-0.003933705983938936	-0.1088215038759014	0.09602049111664926	0.02918062133251874	0.2350058546320687	4.899427518682463	-11.54453377169168	-0.709516316695703	-17.23348075886388	-488.9345720804258	-71.59952124328639	-8.423371958705818	2.197848776418677	1.261527631568502	0.3920443441544371	-4.855651191549828	0.1935643703756673	-0.7579950213905778	2.162640950403881	-2.408205158828268	-2.408205158824871	-0.4386472550181806	0.00792636829094372	0.08471617060819016	0.2322704798184798	2.483174131320161e-07	-1.899330726715991e-07	-2.120905921340755e-06	-1.208955599466289e-07	2.449828962496768e-07	-8.462216737053827e-07	3.133283265499816e-07
1.38	-0.6945466706245925	-0.1137824747182462	0.7021030860507523	1.642690035259934	-0.3403807532147785	-0.03113735543071148	-0.4083315554788158	0.8452946512647435	0.8452946512647419	-0.0153710804649215	-0.1745222070582097	0.01332566062838581	0.08485756452183182	0.9157148470991999	0.3756851181940993	0.5835558759201745	-2.635667628003016	-0.03295064637827247	-0.505426566295581	0.32222402931649	-1.553889009046323	-1.553889009046297	-0.1563816362008713	-0.000495969135203417	0.06323065279463248	-0.008713164607432357	-0.2937444060811762	0.005004960940525776	-0.003604942714944147	-0.1066815924510845	0.09299437367741475	0.02912824142874332	0.2309437630118478	4.160540926136705	-11.59174255294222	-0.474305404559933	-16.98663889064195	-484.8475860469297	-71.46145894203684	-9.072319522200871	2.116748938473939	1.261191884389485	0.3119058627971304	-4.664207914160413	0.2465660943708345	-0.8209447383184687	2.208131172839684	-2.305623153771641	-2.305623153771649	-0.306805186970443	-0.01259344391049321	0.09703866736030595	0.2915065877524428	2.605854533867681e-07	-2.000214267826215e-07	-2.21914131317364e-06	-1.213546898908908e-07	2.696989916625817e-07	-8.461715080732698e-07	3.272538191944449e-07
1.39	-0.6852845177399579	-0.1099625787146852	0.7079528607971135	1.616102815889897	-0.3406991821748144	-0.03622909362564947	-0.4049990548566298	0.8296423511254793	0.8296423511254098	-0.01695483206977365	-0.17452692660452	0.01396249520808768	0.08478358170089036	0.936586301638703	0.3882879797096784	0.586261131696485	-2.681456406747895	-0.03071560744365271	-0.512870481039847	0.3443139503209903	-1.576384294643175	-1.576384294643152	-0.1603653927759889	-0.0004330666200988484	0.06414427443928698	-0.006061185829565475	-0.2873340892457111	0.00569951675430878	-0.003217912615359167	-0.104520013784865	0.08985617451501514	0.02887228217867291	0.2265680098549602	3.3855175512022	-11.55201381909844	-0.2440414329848498	-16.6373144216758	-480.4819243830644	-71.15872727813418	-9.729503666844277	2.052978686242163	1.25889353859194	0.2292059635506278	-4.488180899400633	0.2151964823847575	-0.6982416104131289	2.215100844301422	-2.193542055495384	-2.193542055495835	-0.4437643651270079	0.01751054758211118	0.08971931972586934	0.2556831549681179	2.732811230596023e-07	-1.995923462040947e-07	-2.305144983709599e-06	-1.215510419727342e-07	2.978093204378831e-07	-8.43556235461865e-07	3.414835231959714e-07
1.4	-0.6758175233150057	-0.1060168420452788	0.713825562206939	1.589067315123474	-0.340994616007627	-0.04139369632159302	-0.4014445193683863	0.8137706859716145	0.8137706859715945	-0.01857834193471668	-0.1745306614361544	0.01460870508558051	0.08473684659416041	0.9566831551603439	0.4008532513631947	0.5881412086130037	-2.725323907282735	-0.02835162093396495	-0.519999466501423	0.3666310025273476	-1.597762011954152	-1.59776201195413	-0.1643332882448883	-0.0002990261705521818	0.06510571235226152	-0.003263621765127038	-0.2809237724101885	0.006394072568161948	-0.002830882515047305	-0.1023584351186125	0.08671797535263498	0.02861632292867208	0.2221922566981208	2.608133229137463	-11.51490441756745	-0.009894644621367866	-16.31641962122249	-476.1785644383484	-70.92850161099814	-10.3937218055523	1.961828734901459	1.253673911977081	0.1468700908388642	-4.279952272152687	0.2723556093846206	-0.7579588817799817	2.253557413211153	-2.082109496596431	-2.082109496596429	-0.3036329657267858	0.001634142978589119	0.1066019210245299	0.3206236450670474	2.849557779408275e-07	-1.69187128002269e-07	-2.360013793926059e-06	-1.1753459519893e-07	3.31545387820198e-07	-8.37420378482022e-07	3.567433962471991e-07
1.41	-0.6661533998554888	-0.1019457302739179	0.7197129318314515	1.561602730815106	-0.3412659369407219	-0.04662805480693402	-0.3976660653899513	0.7976908727898295	0.7976908727898091	-0.02024164245350736	-0.1745327708698	0.01526473966237423	0.08471863011248471	0.9760021992000025	0.4133522748052961	0.5891919129012223	-2.767250735432973	-0.02589194131555788	-0.5268086658268029	0.3890736491560103	-1.618000649392133	-1.61800064939214	-0.1683222262284259	-9.51895659287065e-05	0.06611164316150077	-0.0003556627007679278	-0.2742046788429872	0.006939437105542579	-0.002386428188507102	-0.1001330254617546	0.08333562186070227	0.02823302740519399	0.2175125037551529	1.754773534285162	-11.41880316961461	0.2258264850243429	-15.84130706028514	-471.6092084040223	-70.59221083616237	-11.06386972887801	1.896096229779668	1.245470748737707	0.06312697455837646	-4.09765220707652	0.2361487129541854	-0.6325481059001115	2.241696687171112	-1.964820470022837	-1.964820470027158	-0.4459191539999201	0.03343970837270612	0.09915362487957097	0.2797834425170129	2.959667732075065e-07	-1.192974203452974e-07	-2.394644944934842e-06	-1.107798291689547e-07	3.689381852970719e-07	-8.289961416626942e-07	3.726728791807325e-07
1.42	-0.6563002551573043	-0.09775013743045413	0.7256065997741955	1.533729157401123	-0.3415119861626538	-0.05192853481513859	-0.3936627692653304	0.7814146573131423	0.7814146573131155	-0.02194471134000529	-0.1745321056799459	0.0159311465400626	0.08473027350253189	0.9944874028909081	0.4257494657837673	0.5894008722593462	-2.807121728407907	-0.02329727870173787	-0.5332237710715232	0.4115994317637719	-1.637042470935057	-1.637042470935091	-0.1722869617852742	0.000255898605408838	0.06718017253098472	0.002708352579450046	-0.2674855852757722	0.007484801642882078	-0.001941973862009353	-0.09790761580487638	0.07995326836877044	0.02784973188167456	0.2128327508122023	0.9000700290653477	-11.32517813726034	0.4650407375208126	-15.39656636515975	-467.0852644184722	-70.32992488083494	-11.73902496070977	1.795060665150815	1.233307419251199	-0.02147889517999963	-3.868785237091852	0.2993522084671803	-0.6791400656481034	2.270184609030967	-1.842746317584958	-1.842746317584957	-0.2987924803889686	0.03108445632142696	0.1191216330736862	0.3518348882388708	3.037382470890263e-07	-5.82148817880313e-08	-2.403458290650731e-06	-1.015427774691782e-07	4.059433340576479e-07	-8.10833950227843e-07	3.859600094206595e-07
1.43	-0.6462663692376502	-0.09343116709790712	0.7314981615571591	1.505467103389744	-0.3417315408993164	-0.05729135679216234	-0.3894341179947502	0.7649540567486809	0.7649540567486928	-0.0236873273088353	-0.174527307348977	0.01660855734808687	0.08477321006389757	1.012144343110635	0.4380176772673599	0.5887697509397953	-2.84492807256211	-0.02059141765355723	-0.5392615021700441	0.4341261768136483	-1.654861709899478	-1.654861709899491	-0.1762275521658586	0.0007463976406295687	0.06831832562623412	0.005906365610537164	-0.2605851735268913	0.007920417605175338	-0.001443803038019039	-0.09561020843748808	0.07634003040646088	0.02728929092901139	0.2079477475389791	-0.03455584592451854	-11.1509352652729	0.7031779323237463	-14.80681874578016	-462.4006286894898	-69.92229164302502	-12.41840890968272	1.729253131416539	1.219522339213368	-0.1050970336488702	-3.682340814675578	0.2597928698676752	-0.5538778643757079	2.243222622251341	-1.719203345323476	-1.719203345320346	-0.4404502768200966	0.06395689261536935	0.1136178465703192	0.308170504579089	3.092197144741402e-07	1.077983033668461e-08	-2.394021118831986e-06	-9.055100658902493e-08	4.426744552773925e-07	-7.85788032254432e-07	3.97379269653037e-07
1.44	-0.636060265429586	-0.08899032578526439	0.7373791784702662	1.476837829574807	-0.3419233190621204	-0.06271211372668292	-0.3849803386398123	0.748321725662714	0.7483217256627095	-0.02546910077351057	-0.174516419174603	0.01729784082682727	0.08484900395438118	1.028930980571674	0.4501236618029136	0.5872918982880327	-2.880565689119957	-0.01774196393040407	-0.5448107625654485	0.4566250486349459	-1.671388575242002	-1.671388575241993	-0.1801184609435273	0.001473867295539799	0.06955470667427735	0.009279818403032653	-0.2536847617780295	0.008356033567384015	-0.0009456322143332376	-0.09331280107010215	0.07272679244413509	0.02672884997626016	0.2030627442657524	-0.969403996479454	-10.97891938733254	0.9442595393248021	-14.24949952078011	-457.7427414915716	-69.58818950475086	-13.10147994002478	1.621000113413193	1.200862029643566	-0.1908251616223259	-3.435039717820396	0.3280707434614075	-0.5814459250254365	2.264609963315224	-1.584271593205394	-1.584271593205402	-0.2888561598059531	0.07847858025857081	0.1387672236326225	0.3869228405203143	3.092624555087314e-07	1.048738211882905e-07	-2.345809344372015e-06	-7.238714263952111e-08	4.76418647134664e-07	-7.537959356464584e-07	4.067822045753887e-07
1.45	-0.6256906477932651	-0.08442930483145403	0.7432412283046864	1.447862927321484	-0.3420860653072771	-0.06818645340294235	-0.3803020443803375	0.7315305283467401	0.7315305283467439	-0.0272894514133259	-0.1744975099565689	0.0179999612249582	0.08495922459356579	1.044834628936032	0.4620449245211434	0.5849785809123926	-2.914039139282862	-0.014791181141161	-0.5499737815731564	0.4790091947308103	-1.686630661976957	-1.686630661976968	-0.1839478749100802	0.002351754167349467	0.07088748344936119	0.0127860244311779	-0.2465627986666714	0.008611510863904092	-0.0004008960406070967	-0.09116225045228515	0.06920923991641185	0.0259572214973753	0.1979547194913706	-1.885429198642091	-10.71828079624977	1.170982993800417	-13.63392468186978	-453.0184899897336	-69.12142870813841	-13.78790045788679	1.551419106040222	1.182410136208218	-0.2724037450315815	-3.247083794307508	0.2811906956788077	-0.4708594621873195	2.221625653458178	-1.461226958569063	-1.461226958572035	-0.4294295175948279	0.09856201459419807	0.1332633106605531	0.3359469305434379	3.051290316670287e-07	2.182404724909008e-07	-2.267824214312531e-06	-4.871613579748031e-08	5.078693039457508e-07	-7.16470166158374e-07	4.146368897061136e-07
1.46	-0.6151667192916853	-0.07975014090180231	0.7490759812214506	1.418564573340775	-0.3422187819947357	-0.07370984918398063	-0.3754006469157574	0.7145935002144336	0.7145935002144351	-0.02914798529334172	-0.1744685982149115	0.01871595547208406	0.08510520278234816	1.059793153624121	0.4737522569711844	0.5818325147568463	-2.945256034597046	-0.01173605239100645	-0.5546219835226291	0.5012456896561256	-1.700554738509053	-1.700554738509084	-0.1877551089772264	0.003474371997226449	0.0723294764730171	0.0164313283225924	-0.2394408355553012	0.008866988160456826	0.0001438401330091586	-0.08901169983447763	0.06569168738869099	0.02518559301852613	0.1928466947169985	-2.800895577724658	-10.45946743198844	1.399971623973443	-13.04910172256132	-448.305342625261	-68.72678731398345	-14.47766209136497	1.431975378159325	1.158075976005925	-0.3573749176035887	-2.983728748076489	0.348939935643483	-0.478482513378916	2.235079729205373	-1.320669552633537	-1.320669552633537	-0.2844201799247003	0.1274247718713706	0.160610473347173	0.4147424131739713	2.996031023181003e-07	3.107664572290419e-07	-2.206574676366793e-06	-2.621061676916755e-08	5.373354553068517e-07	-6.741697895619634e-07	4.202419725659426e-07
1.47	-0.6044978370100058	-0.07495513638158957	0.7548751372699649	1.388965321670438	-0.3423204886632062	-0.07927767283510655	-0.370277979069139	0.6975238200969116	0.6975238200969184	-0.03104419537384444	-0.1744275875922571	0.01944680852774757	0.08528823883582295	1.073818726363352	0.4851944136517645	0.5778603694633533	-2.974194475245911	-0.008588736626207421	-0.5588733209321839	0.5232424324897045	-1.713155846560976	-1.713155846560997	-0.1914647249554345	0.004761925354254884	0.07384849839038704	0.02019521351344532	-0.2323420254116358	0.009053871181323402	0.000720600504123161	-0.08657673644754806	0.06151656887040258	0.02428682644985038	0.1876515929094085	-3.939615155763497	-10.12804461201824	1.642166002105049	-12.15907517605029	-443.5404126654564	-68.19128130015966	-15.17100143713324	1.363222306869665	1.12915161089992	-0.4377674872122663	-2.788855693487617	0.3002638082199772	-0.3876730175548284	2.175154483851778	-1.196100814994562	-1.19610081499303	-0.410892965339119	0.1341121671676142	0.1486703843920671	0.3602963045997169	2.929167517131506e-07	3.859252198301247e-07	-2.159271465182511e-06	-4.676337585628223e-09	5.651478521262974e-07	-6.277239070419475e-07	4.239723868666915e-07
1.48	-0.5936936241839205	-0.07004733707520804	0.7606304452351463	1.359088694799572	-0.3423901948917623	-0.08488585259290025	-0.3649367072095005	0.6803348750221685	0.6803348750221792	-0.0329768337458446	-0.1743727631260415	0.02019307626927707	0.08550953068771802	1.086859262505171	0.4963112142049437	0.5730628980902619	-3.000731074702625	-0.005335964408531124	-0.5626932048541876	0.5449664922599951	-1.724407729953812	-1.724407729953823	-0.1950407672764556	0.006237140693237234	0.07541241364616605	0.02408248800664728	-0.22524321526798	0.009240754202159867	0.001297360875207154	-0.0841417730606162	0.05734145035211046	0.02338805988114412	0.1824564911018146	-5.07801889944994	-9.797846474109214	1.885892429915223	-11.29395927167295	-438.7862161533221	-67.728037083281	-15.86437072864789	1.234968058677047	1.093004750525883	-0.522440133523308	-2.50336050964656	0.3700312262187885	-0.3921918158690421	2.180543116547742	-1.050824620816195	-1.050824620816191	-0.2577054484874003	0.1649571682617592	0.1695891410291407	0.4394202736436804	2.809953771692634e-07	5.263183886074262e-07	-2.067975866616915e-06	2.890345559854128e-08	5.889389695264109e-07	-5.849438746040142e-07	4.318362393004781e-07
1.49	-0.5827640004506912	-0.06502992333172869	0.7663337658587402	1.328958420569819	-0.3424271957635132	-0.09053029483893982	-0.3593799449730727	0.6630400471215991	0.6630400471216454	-0.03494503978571552	-0.1743025890649047	0.02095533106707907	0.085769990038763	1.098878966136042	0.5071222972247398	0.5674720982126785	-3.02492755860222	-0.002071033692250473	-0.5660612090222429	0.5663176843583152	-1.734338964200552	-1.734338964200576	-0.1986483196611545	0.007873665842950765	0.07705795542495281	0.02800751151418247	-0.2176696827327916	0.008933101916332531	0.001910550933949197	-0.08270710863424076	0.05469123325764131	0.02217959749438382	0.1769282862914457	-5.748090892022643	-9.369871326499091	2.062311507659493	-10.82381125966914	-434.1691452102968	-67.21255284203559	-16.55238152000979	1.157553711963594	1.067793564031412	-0.5966453627935718	-2.318288407142743	0.3037562435044777	-0.2886070301886168	2.10216665648425	-0.9315297686448544	-0.9315297686468902	-0.4193666067305475	0.1739994711046642	0.1649779528075564	0.3688532330392441	2.643423463728751e-07	7.256734245055402e-07	-1.936917917918209e-06	7.337054028328023e-08	6.090954689898199e-07	-5.454772066633481e-07	4.434360838929718e-07
1.5	-0.5717197632418188	-0.0599058720607867	0.7719773293939749	1.298598082285672	-0.3424317408782638	-0.09620431758920917	-0.3536117189356587	0.6456524554901834	0.6456524554901869	-0.03695073864429117	-0.1742138498955981	0.0217346295339732	0.08606966159362955	1.109781957633766	0.5176387196974758	0.5611114804183912	-3.046743885582899	0.001155186990867597	-0.5686093057068818	0.5872592524570452	-1.742960476128968	-1.742960476129006	-0.2025393309766143	0.009950162303800747	0.07882114746390768	0.03192492877095492	-0.2100961501975159	0.008625449630652834	0.002523740992064032	-0.08127244420784389	0.05204101616321183	0.02097113510778733	0.1714000814811356	-6.418408130227471	-8.941926278449152	2.238819921347181	-10.36547145219771	-429.5609326781163	-66.76982900026023	-17.23200181116991	1.011625632047706	1.034072641113954	-0.6764037168640716	-2.027329125863527	0.3622892195862285	-0.2282103191859718	2.098618316629731	-0.788880157151344	-0.7888801571513441	-0.314397234639659	0.2529514304887943	0.19311919306292	0.4378990234910786	1.451758415063335e-07	1.232521566608004e-06	-1.085594857574853e-06	2.066518197659922e-07	5.091135774315941e-07	-4.353246356774605e-07	3.890322247155587e-07
1.51	-0.5605720146759096	-0.05467849759628395	0.7775534080099402	1.268032187123512	-0.3424030504519117	-0.1019050158659439	-0.3476362284093627	0.6281856483371246	0.6281856483370998	-0.03899169369294676	-0.1741057252193062	0.02253225977838558	0.08640977711706749	1.119595674628	0.5277500029992032	0.5539748413088029	-3.066003883177726	0.004573710594031538	-0.5713878466962296	0.6077467721588543	-1.750166967747389	-1.750166967747407	-0.205702127342689	0.01174577151222484	0.0806898118910394	0.03608369455027024	-0.2031053043295731	0.0086490338327165	0.003090348882617246	-0.07849899831027965	0.04714626849126749	0.01980368986980709	0.166119299486572	-7.81922615379885	-8.472857559180955	2.487549660724434	-9.137340476315092	-424.9204154482599	-66.11890225487834	-17.90001294458538	0.9404380168932545	0.9868387381586777	-0.751668380118218	-1.810639676463418	0.3297077462479652	-0.2811515394771484	2.01000670058461	-0.6514773727910418	-0.6514773727882004	-0.3242475409292451	0.1536424168893541	0.1815464376177699	0.4021567971482614	-7.445386794896164e-08	2.040712952790739e-06	4.715880121802848e-07	4.269710101507206e-07	2.913960626721624e-07	-2.558998797072537e-07	2.699447358436346e-07
1.52	-0.5493312902833044	-0.04935257378607273	0.783054245360387	1.237286631065366	-0.3423405600264142	-0.1076291946627088	-0.3414586251053238	0.6106537875261321	0.6106537875261401	-0.04106568204584281	-0.173977489100775	0.02334813794108546	0.08679093858669794	1.128377122973524	0.5373485888391681	0.5460632273146935	-3.082676064779397	0.007915186819859294	-0.5733054097123	0.6276818080057939	-1.755971207709955	-1.755971207709954	-0.2091459918422807	0.01397245075545941	0.08247073112135102	0.04013411800944733	-0.1961144584616491	0.008672618034769153	0.003656956773509576	-0.0757255524127247	0.04225152081931876	0.01863624463181432	0.1608385174919921	-9.223516452492088	-8.001430731436649	2.733904171251825	-7.886908715744959	-420.3264303705413	-65.48364322664087	-18.5530691578491	0.8051719023056642	0.9315331487615888	-0.831398693768264	-1.509765927232551	0.346879744118912	-0.05601472453065148	1.988121545655828	-0.5084298259803343	-0.5084298259803339	-0.370610861343087	0.3391654374507485	0.1755701536990287	0.4162305594634156	-1.985078745646184e-07	2.536985505968305e-06	1.33129685429423e-06	5.495594525526556e-07	1.772990241026158e-07	-1.509581380846395e-07	2.076913208935706e-07
1.53	-0.5380081174054615	-0.04393316546959314	0.7884722279594124	1.206387292704572	-0.3422447714128695	-0.1133698414950087	-0.3350846348262427	0.5930709166253999	0.5930709166254604	-0.04317423582610831	-0.1738259594036064	0.02418170018835929	0.08721245483938221	1.136059653853107	0.5464522229629307	0.5374157526303748	-3.096747875309435	0.01124966125323853	-0.5747727318464546	0.6470103188930121	-1.76036235641205	-1.760362356412068	-0.2125281179912005	0.01634082585662607	0.08425482991085138	0.04418134633134353	-0.1887450854084018	0.008299978224523483	0.004115399767691436	-0.07394781463585234	0.03900840850976491	0.01731555042302943	0.1553130470966065	-10.11243758857302	-7.500707583010587	2.915075049218641	-7.134386289123429	-415.9812478578973	-64.90992200263003	-19.18761481866789	0.7201210526756598	0.8877664897730273	-0.8990186032572013	-1.289331872252506	0.3271732052583265	-0.1842736381512585	1.889326522752689	-0.3684059544304397	-0.3684059544331842	-0.3159042931714839	0.1869329994600492	0.1818732996396965	0.4001843627386177	-2.210126969131604e-07	2.70184429907788e-06	1.449939542039417e-06	5.683089752228736e-07	1.73298741484821e-07	-1.251545992063419e-07	2.058241094854822e-07
1.54	-0.5266140537444461	-0.03842512322275833	0.7938002164620958	1.175360547587206	-0.3421155496725284	-0.1191235980846919	-0.3285205373057898	0.5754513445252782	0.5754513445252819	-0.0453153890283539	-0.173650494064713	0.02503351213514302	0.08767468645412273	1.142555279608326	0.5550753749102103	0.5280644080463011	-3.108157416094009	0.01460181217903737	-0.5759273611923329	0.6657032562801513	-1.763311447598398	-1.763311447598434	-0.2156658762003118	0.01875957907820818	0.08612067102292112	0.04827719042068053	-0.1813757123551197	0.007927338414356274	0.004573842761135986	-0.0721700768589537	0.03576529620024144	0.01599485621434255	0.1497875767012347	-11.00519564499063	-6.996104415000599	3.091962457218518	-6.348414051802505	-411.6788688506142	-64.34429574077214	-19.80010612356747	0.5677908774328069	0.835436713465085	-0.9721726737192499	-0.9773119781397277	0.3504150426028346	0.006523833124529713	1.861006845640026	-0.2200183228309012	-0.2200183228309012	-0.3217372733814225	0.3492410615337433	0.1919186182130505	0.4259537129515844	-2.144426384550578e-07	2.690187761694862e-06	1.345212170748307e-06	5.520011438769264e-07	1.973299182289023e-07	-1.008673589681749e-07	2.109230555032276e-07
1.55	-0.5151608955824856	-0.03283341044150721	0.7990312557776725	1.144233014866082	-0.3419529238155223	-0.1248859241871383	-0.3217730195359852	0.5578094809461152	0.5578094809461233	-0.04748781421158922	-0.1734495432535904	0.02590422057810693	0.08817783789971792	1.147875383991841	0.5631690215407493	0.5180333581272062	-3.11688539446649	0.0179192720514589	-0.5764773219638286	0.6836686559167601	-1.764814133915798	-1.764814133915821	-0.2187942608902209	0.02143693163612485	0.08802120891136211	0.05234982630321931	-0.1741736637224438	0.007623871146637483	0.004937354972742449	-0.07017181500943438	0.03219128976694631	0.01461447726267468	0.1443119878845592	-12.02106015397933	-6.452056173127037	3.271734767403173	-5.416635846562768	-407.56082420353	-63.68456350999386	-20.3868891393739	0.4839792884871294	0.7816974285112166	-1.035028701877841	-0.7509738060714652	0.3213238786332714	-0.0765102086741685	1.744560258176554	-0.07836990654791885	-0.07836990654601418	-0.304165283102955	0.2279769711450117	0.1892114585991856	0.3969658974488764	-1.743732608066924e-07	2.475154865266041e-06	9.831236444806071e-07	4.953011437732259e-07	2.536582111942737e-07	-7.832715846754954e-08	2.240482263811725e-07
1.56	-0.503660564562757	-0.02716368743581837	0.8041586930838837	1.11303211575338	-0.3417573408759774	-0.1306519007325621	-0.3148497970227132	0.5401599952797098	0.5401599952797131	-0.04969067848503598	-0.1732216199932146	0.02679395241684488	0.08872152517844736	1.151989851162408	0.5706774197977518	0.507344006173154	-3.122830694409747	0.0211932286867246	-0.5766574497908193	0.7008442049735846	-1.764835865047332	-1.764835865047343	-0.2217536942324139	0.02415406892302131	0.08992535017738817	0.05638435704751731	-0.1669716150897168	0.007320403878994528	0.005300867184204222	-0.06817355315989705	0.02861728333367507	0.01323409831109447	0.1388363990679131	-13.04187183201475	-5.903344490801405	3.446426348273051	-4.447441351281272	-403.5004114045627	-63.04274547447013	-20.94433126602096	0.326663434842985	0.718387038757937	-1.103833080710694	-0.4207762922952376	0.3417143951716464	0.08049042202547896	1.703036729683145	0.07617271434214067	0.076172714342141	-0.2879470038382282	0.3571980073296434	0.1926392937302068	0.4183326853034456	-1.442355672490721e-07	2.306105546956183e-06	7.110824231835253e-07	4.472617982924359e-07	3.024014171353494e-07	-5.092816555456087e-08	2.308864105440245e-07
1.57	-0.4921251485584303	-0.0214219289619878	0.8091760565675193	1.081785780465806	-0.3415291419032182	-0.1364172887021649	-0.3077589290628623	0.5225177097422087	0.522517709742235	-0.05192238216129282	-0.1729657924870307	0.02770271100638038	0.08930544825967796	1.15488618944223	0.5775635373443985	0.4960286396339593	-3.125948144826769	0.02444833369871208	-0.5763655322591577	0.7171833318623675	-1.763358977584625	-1.763358977584619	-0.2245335802815021	0.0270119606833814	0.09182818063756382	0.06040379856734229	-0.1599565524266317	0.006881051944258306	0.005599211740232965	-0.06612277137076805	0.02498615282838185	0.01191439144655865	0.133458660523006	-14.09442279178886	-5.372606482112745	3.620763351454869	-3.45255995956563	-399.7389534480251	-62.46831587866087	-21.46882545043488	0.2400489977295068	0.6571911938039433	-1.160323224757261	-0.1839882739248257	0.317271933723634	0.01190270147598098	1.577442398454501	0.2227406364456614	0.2227406364480894	-0.2645652043549588	0.2501577957480035	0.1894300107536361	0.3938926086717663	-1.265124788048831e-07	2.194535701295027e-06	5.51600333099715e-07	4.100482710902839e-07	3.416632642960556e-07	-1.74556821261182e-08	2.298658613130107e-07
1.58	-0.4805669831766722	-0.01561461589645384	0.8140772794289163	1.050522918902555	-0.3412684192044355	-0.1421780854399051	-0.3005090514881282	0.5048980518541966	0.5048980518542113	-0.05418019585786113	-0.1726813714561365	0.0286305629182364	0.08992959430077682	1.156539726649164	0.5837883381384315	0.4841158817253902	-3.12613594954456	0.02769797389115576	-0.5757392034179118	0.7326461279503017	-1.760310335153492	-1.76031033515347	-0.2269756982870219	0.02987277385809761	0.09374401464143721	0.06442894902115971	-0.1529414897635647	0.006441700009514621	0.005897556296060129	-0.06407198958163776	0.021355022323089	0.01059468458201738	0.128080921978085	-15.15211421701729	-4.83636116311149	3.788960084032869	-2.420691032707204	-396.0377205680799	-61.91196114853275	-21.95976285832386	0.07810322026538881	0.5861236882353059	-1.223311354585525	0.165152847550998	0.3406214312628763	0.1473726839422414	1.527770569513373	0.3905237080271958	0.3905237080271959	-0.2203933951245594	0.3577822902008429	0.1952400024699004	0.4194744721019554	-7.725919929833466e-08	2.046150695153438e-06	1.824312754680696e-07	3.596952555107114e-07	4.482483549252137e-07	1.454583848140913e-08	2.577650583502817e-07
1.59	-0.4689983873064946	-0.009748416929688988	0.8188565531561676	1.019272299176568	-0.3409760402901457	-0.1479291929738795	-0.2931093879892016	0.4873162697741234	0.4873162697741393	-0.05646313995275659	-0.172367204658918	0.0295772372070255	0.09059302938019737	1.15696129254002	0.5893327724389248	0.4716509158213026	-3.123482729268266	0.0307736804682513	-0.57442360963282	0.7471171634126218	-1.75577762832722	-1.755777628327188	-0.2295575657219985	0.03296051674563117	0.0955922564298972	0.06825526800986992	-0.1459258703094585	0.005923784701928394	0.006137129620767262	-0.06241307646090057	0.01834417860522328	0.00906386748156314	0.1226901475709661	-16.04388986683652	-4.216458542091081	3.919805827792971	-1.513910308014673	-392.7181072288951	-61.26233881116842	-22.41779194903425	-0.008513385134797309	0.5208510598350474	-1.271128559340661	0.3912362333082053	0.2902197575771383	0.1327699460427504	1.381358771342967	0.5248390639436017	0.5248390639451855	-0.2684735338308926	0.2840263419353991	0.1798723405869188	0.3636209269243324	1.47850537928422e-08	1.847802256931264e-06	-4.713129524070508e-07	2.915100771332121e-07	6.46200704547266e-07	4.455105240340858e-08	3.249124824659369e-07
1.6	-0.4574321151091384	-0.003830324068143748	0.8235085693541737	0.9880633775764706	-0.3406530694127556	-0.1536653211259452	-0.2855700963883018	0.4697878537411201	0.4697878537411303	-0.05877018074526148	-0.1720222092220241	0.03054244512841066	0.09129460971243883	1.156074992085663	0.5941671170945093	0.4586643758763603	-3.117796324366392	0.03381636651110887	-0.572743327037718	0.7605717483450136	-1.749637125740294	-1.74963712574025	-0.2317950378028363	0.03603850178940166	0.09745074116047428	0.07205799958533581	-0.1389102508553223	0.005405869394388419	0.006376702945385814	-0.06075416334014921	0.01533333488737354	0.007533050381161079	0.1172993731638622	-16.9387787067324	-3.594410858457152	4.048483027823786	-0.591860105765588	-389.432988136268	-60.6648178905806	-22.84248866615503	-0.183470048777156	0.44410575925365	-1.327626162756429	0.7717897726669412	0.3340173244152697	0.2203104459442711	1.324480463527668	0.7120828601579757	0.7120828601579766	-0.1515143242968421	0.3558307214482154	0.1972885908934603	0.4147569894531261	6.749889372711837e-08	1.737858672938574e-06	-8.5562741414029e-07	2.480041918425886e-07	7.737800076352394e-07	8.269419072912226e-08	3.622135279622684e-07
1.61	-0.4458812291376246	0.002132417614411692	0.828028255616597	0.9569264745839658	-0.3402998864131789	-0.1593826307086624	-0.2779014788791061	0.4523287329054236	0.4523287329053973	-0.06109807501086552	-0.1716463057695934	0.03152608951262847	0.09203398227188693	1.153887797928212	0.5982485052374025	0.4451985424962582	-3.109069942914347	0.03680033431298347	-0.5706281562966944	0.772965462022104	-1.741914346911009	-1.741914346910983	-0.2337585227915809	0.0391555532322431	0.0992664972291776	0.07579292649249948	-0.1322504085638838	0.004775462613452243	0.006595892868482743	-0.05892823256227499	0.01197836356124348	0.006018895304983288	0.1121361332139439	-17.97323619291947	-2.964430744754778	4.186481589725612	0.4760422438279532	-386.6330817266742	-60.09855243282386	-23.23386748151101	-0.2684847878417269	0.3702955198478664	-1.367049600236952	1.000245858678022	0.2773856860260627	0.2209866075041642	1.16887309911608	0.8432092982181846	0.8432092982155422	-0.2146927249535999	0.2914194875288065	0.1720169314119767	0.3491433663202348	6.220037425496652e-08	1.75831224893437e-06	-8.42532970814258e-07	2.409002638551062e-07	7.975590670854474e-07	1.328407675503143e-07	3.554911649950979e-07
1.62	-0.4343586432454123	0.008132001214003998	0.8324110860102987	0.9258922721114159	-0.3399175038999924	-0.1650760153401088	-0.2701145129772776	0.4349550066387621	0.4349550066387707	-0.06344478955401206	-0.171238876376431	0.03252755102084373	0.09280996066540113	1.150414976226275	0.6015355005018828	0.4312932021320857	-3.09725622037411	0.0396562692329673	-0.5679583367827615	0.7842414268718553	-1.732558211925548	-1.73255821192554	-0.2355590933319409	0.04234368994816254	0.1010141659600103	0.07937916639855515	-0.1255905662724999	0.00414505583248897	0.006815082792029952	-0.05710230178443561	0.008623392235099447	0.00450474022876802	0.1069728932639866	-19.01054864643645	-2.332104499992789	4.32199845186966	1.553675662335444	-383.8662599769899	-59.57997393996173	-23.59241889152111	-0.4405955576743376	0.285227183571185	-1.415527559570527	1.389257990305173	0.3084107480370829	0.331240200526108	1.100930698059778	1.038754091393196	1.038754091393195	-0.1189314346199509	0.370047776063827	0.1836711233194667	0.3850195892315649	5.337284800864532e-08	1.804187839881821e-06	-8.062930151176428e-07	2.374408586650829e-07	8.172890079384196e-07	1.814177302196947e-07	3.485557842640922e-07
1.63	-0.4228773070778883	0.01416040479027252	0.8366528305802247	0.8949916932849415	-0.3395070654990698	-0.1707403760562493	-0.2622204944538799	0.4176828699776824	0.417682869977677	-0.06580829303490184	-0.1707994887755207	0.03354607381724572	0.09362117927322168	1.145631954847939	0.6040053800432236	0.4169969658657883	-3.082331193572812	0.04241006888357916	-0.5648243747987576	0.794360959851056	-1.721590062071013	-1.721590062071005	-0.2371060706776876	0.0455399069285358	0.1026780804773863	0.08283918831572933	-0.1190709987210771	0.003408699623131227	0.006991448928551804	-0.05558665292477	0.005678522759766088	0.002839364648376844	0.10191703935234	-19.95705156571442	-1.636564575446404	4.43208585654174	2.569213146084914	-381.6605894925363	-59.03289569557621	-23.91902139825304	-0.5301905815645106	0.2069414041382462	-1.445315770586463	1.623402038106284	0.2554034462927985	0.318170877825576	0.9372669044623123	1.167636835999803	1.167636835999887	-0.166937435066504	0.2951155498194658	0.155951342488724	0.3224643667922772	3.888033720378975e-08	1.890872454830607e-06	-7.328984211419371e-07	2.398318716499275e-07	8.305190478853028e-07	2.274750491190608e-07	3.412784539648251e-07
1.64	-0.4114504081548843	0.02020932177489874	0.840749883965402	0.8642562201290872	-0.3390697813270978	-0.1763706578164499	-0.254231320139369	0.4005287730958408	0.4005287730958408	-0.06818613759932823	-0.1703279976266627	0.03458087570413005	0.09446619227498032	1.139527527323568	0.6056381821734219	0.4023549651823327	-3.064235086248952	0.04502542344297435	-0.5611425455952291	0.803272585094747	-1.708950256075833	-1.708950256075825	-0.2384273100440106	0.04876439954073204	0.1042699840564458	0.08613804518618354	-0.1125514311696698	0.002672343413783904	0.007167815065198447	-0.05407100406511636	0.002733653284433381	0.001173989067995261	0.09686118544067941	-20.90603953499815	-0.9380976709982679	4.538861580964663	3.589122082623381	-379.482854062312	-58.52543154264334	-24.21498151878297	-0.7048767868815384	0.1178117013427833	-1.484680443002167	2.023474094817427	0.2807217297937336	0.440813644431045	0.859349150957715	1.373085319522236	1.373085319522211	-0.07378383873521541	0.3757029024284421	0.169268935656319	0.3527865798876061	2.510508025502024e-08	1.961321558662093e-06	-6.638521695029573e-07	2.401970830988612e-07	8.413373634882739e-07	2.714166593402053e-07	3.325213560295991e-07
1.65	-0.4000912431009334	0.0262702640492989	0.8446989478325272	0.8337177132380074	-0.338606877636958	-0.181961661472066	-0.2461591862961934	0.3835093452785328	0.3835093452785188	-0.07057567940977658	-0.1698242754854765	0.03563111839009075	0.09534351609116605	1.132081952504779	0.6063996089896297	0.3874145818966289	-3.042917902054953	0.04753089162836674	-0.5569672953546866	0.8109358513946339	-1.694645832583613	-1.694645832583613	-0.2394380424302775	0.05197701716657768	0.1057604222280317	0.08929617389038957	-0.1062611037623124	0.00184312734830748	0.007301350299462146	-0.05264753034779289	-0.0002116579395052464	-0.0005122167344386692	0.09196477337381036	-21.89167921660683	-0.2218067756240651	4.64009870155627	4.667818257310358	-377.8941603126748	-58.06308846996462	-24.48192503990544	-0.7979266186607084	0.03275560038236004	-1.505030769828992	2.26811406087728	0.231510602830527	0.4197705597747866	0.6870655477536197	1.502479339683346	1.502479339682032	-0.1079356144815592	0.2934068419354659	0.1362588367899621	0.2924925232076984	1.258501755440201e-08	2.003358518038295e-06	-6.024155169532515e-07	2.370171418599504e-07	8.479351614893978e-07	3.1165577937446e-07	3.211746647314449e-07
1.66	-0.3888132395530371	0.03233431007758545	0.8484973451671	0.8034088328846979	-0.3381197090169817	-0.1875081346560899	-0.2380169697543713	0.3666416333912499	0.366641633391254	-0.07297397207924093	-0.1692885540382024	0.03669573097354348	0.09625145449589792	1.12329522611469	0.6062589329506995	0.3722216586718285	-3.018309778693503	0.04987840941049844	-0.5522364512777851	0.8172891248245061	-1.67860707006694	-1.67860707006695	-0.2401774818529053	0.05516426076334566	0.1071439635548264	0.09226096289542277	-0.09997077635496165	0.001013911282864011	0.007434885533917716	-0.05122405663049096	-0.003156969163442704	-0.002198422536840077	0.08706836130692988	-22.87959889051449	0.4977256843880353	4.737573728596089	5.744963822415783	-376.33286594819	-57.63225532903024	-24.72181736724864	-0.9731071011417206	-0.06260886968470777	-1.535188430821465	2.681661928307566	0.2491316491415882	0.5519324117028518	0.5973505769546441	1.719953124412664	1.719953124412656	-0.01952524600741432	0.3706280966129318	0.1478895666982227	0.314118640053078	4.832996290403091e-09	2.036330964232621e-06	-5.687717187133144e-07	2.30545768489466e-07	8.6936819629273e-07	3.532163862912548e-07	3.129132362841581e-07
1.67	-0.3776298430595405	0.038392346828182	0.8521427388040702	0.7733624241628516	-0.3376098122839516	-0.1930045942819756	-0.2298180065352705	0.3499426762571873	0.3499426762571899	-0.07537827334980875	-0.1687210736565708	0.03777341379900322	0.0971880425943047	1.113156185291955	0.6051891674424006	0.3568304767077413	-2.990405949133925	0.05207306412104928	-0.5469618539064033	0.822264296245063	-1.660887892137495	-1.660887892137498	-0.2406341040488328	0.05832120993961996	0.1083683221138687	0.09502026486046636	-0.09382060445538155	0.0001065324675365249	0.007514155890236981	-0.05005859257595346	-0.005889832850932646	-0.003948702492928795	0.08227805075947892	-23.84183452355053	1.249911420259394	4.819192443800828	6.836587889235887	-375.4208386893001	-57.23694722741253	-24.93687152052373	-1.068491685343671	-0.1530060212095131	-1.544881308939233	2.929655937433278	0.2001635479348437	0.5295184978359747	0.4117170121070969	1.842308028305196	1.842308028306375	-0.05110101066931568	0.286448770663728	0.1061142982504484	0.2511250376771841	6.196348361117934e-09	2.051974194049832e-06	-5.882613184185253e-07	2.177819513380317e-07	9.191627132179319e-07	3.973033651893764e-07	3.105501044635293e-07
1.68	-0.3665546747967828	0.04443491679773395	0.8556334609754515	0.7436120362301224	-0.3370788627706322	-0.1984454489145492	-0.2215764682844663	0.3334297924826319	0.3334297924826426	-0.07778561490317303	-0.1681223796946831	0.03886262126960192	0.09815108152495129	1.101649579969078	0.6031655767417771	0.3412873655540632	-2.959105620868328	0.05408896546852328	-0.5411154526158143	0.8258041311656645	-1.64139239816426	-1.641392398164256	-0.2407855384161138	0.06140697681706367	0.1094488925826393	0.09755112934339964	-0.08767043255583046	-0.0008008463477822581	0.0075934262466474	-0.04889312852144246	-0.008622696538429189	-0.005698982449011539	0.07748774021200636	-24.80442463811215	2.004921583336169	4.897207082458518	7.911533983121837	-374.5108697567052	-56.86606632595546	-25.1274992449844	-1.246620001170407	-0.2533739081495033	-1.565574268739625	3.360961669511218	0.2133809765262176	0.6662931955442648	0.3102832769634606	2.075216333170755	2.075216333170712	0.04151231972187019	0.3563916368468491	0.1191319486440598	0.26843114363106	2.982713178923779e-09	2.06354968616813e-06	-5.854090347991234e-07	2.09308704561568e-07	9.438617629579793e-07	4.352168174325164e-07	3.050113336500561e-07
1.69	-0.3556014985143743	0.05045240923756574	0.8589681617341588	0.7141917975515372	-0.3365285091375295	-0.2038250959219447	-0.2133067332242556	0.317120706546664	0.317120706546673	-0.08019264319284201	-0.1674932467119952	0.03996184230682435	0.09913840460980067	1.088758356341495	0.6001678325923203	0.3256445648897597	-2.924369776679528	0.05594879370669156	-0.5347151012089661	0.8278906966963141	-1.620127635270952	-1.620127635270949	-0.2405717962449306	0.06440354796676681	0.1103638284706282	0.09986906536281626	-0.08172754686871272	-0.00176221808500728	0.007620657017393107	-0.04791487272343536	-0.01127703995824329	-0.007465576302333485	0.07286567400446316	-25.785394974591	2.775074754496024	4.967277941353125	9.024696659121732	-374.3227842211766	-56.56494750800796	-25.29249446522515	-1.344484144907911	-0.3476944279069096	-1.564686837832794	3.615748596253166	0.1670422648417733	0.6419564809912646	0.1200155641572597	2.196622465375216	2.196622465374979	0.01888588729456014	0.2687106954732924	0.07299693828878294	0.2065468690067304	-9.81398906404851e-09	2.06660835247933e-06	-5.357784329688133e-07	2.098188395076992e-07	9.160171782791097e-07	4.602044482417887e-07	2.928235686953147e-07
1.7	-0.3447840565885253	0.0564349802839901	0.8621462237117111	0.6851360878753698	-0.3359606055185707	-0.2091377293417207	-0.2050236980341324	0.3010331714792172	0.301033171479231	-0.0825960179165011	-0.1668346638495279	0.04106927720880902	0.100147521462426	1.074502708659719	0.5961812980602899	0.3099596093230462	-2.886199820383168	0.05759896264004492	-0.5277127350926689	0.8284641571486363	-1.597082224459074	-1.597082224459074	-0.240054825214623	0.0672969527741267	0.1110916655351158	0.1019098828986263	-0.07578466118158762	-0.002723589822205919	0.007647887788198754	-0.04693661692544606	-0.01393138337805917	-0.009232170155629037	0.06824360779692656	-26.76784568360991	3.548251134301428	5.033711241302849	10.11985644569232	-374.1569406284232	-56.28467741930612	-25.4323598298027	-1.519504812009538	-0.4511319846640917	-1.574005249221636	4.047784091023282	0.1714491155632373	0.7866961374340873	0.007662261297858826	2.431345916884583	2.431345916884612	0.1021580915467391	0.3357583683782375	0.08171218394399526	0.2130074469097862	-2.326111934367926e-08	2.062993386829147e-06	-4.779789259165574e-07	2.09848336991156e-07	8.792010403494298e-07	4.802222795420448e-07	2.789663353594593e-07
1.71	-0.3341161338539531	0.06237267278592376	0.8651673805332626	0.6564795962849653	-0.3353770265633575	-0.214377448292592	-0.1967424711165653	0.2851851173399639	0.2851851173399615	-0.08499219717340237	-0.166147750189983	0.04218306490843115	0.101175891384582	1.058853624265898	0.5911870299941965	0.2942813361345938	-2.844514530026352	0.05908075911925775	-0.520128973558638	0.8275168371052465	-1.57222615513064	-1.572226155130635	-0.2391276775056405	0.0700611698412697	0.1116290400935741	0.1037142316170699	-0.07001087853649499	-0.003692101958148214	0.007618355850882328	-0.04612812724214081	-0.01651976554448869	-0.01102348981319678	0.06376281698645796	-27.77169270689314	4.34027083125835	5.092160271733939	11.25487407383829	-374.6832558671068	-56.06028085296777	-25.54756688279283	-1.62186112638949	-0.5490584668401366	-1.563145071879586	4.316490137560765	0.1308332576972323	0.7597110075443817	-0.1855875260403545	2.558054964778693	2.558054964779348	0.09632699325019316	0.2429251461183313	0.03426806523549832	0.1563915226663817	-3.820423410762454e-08	2.044029067667787e-06	-4.013909368538251e-07	2.087723683104617e-07	8.217503299428856e-07	4.888095719715629e-07	2.612693247470417e-07
1.72	-0.3236115521379969	0.06825532575734462	0.8680320732792843	0.6282574753240293	-0.3347797719746344	-0.2195382306588896	-0.1884786490772118	0.2695946873987619	0.269594687398779	-0.0873774381766269	-0.1654339600057596	0.04330112994832539	0.1022207533815931	1.04183450493927	0.5851733919577314	0.2786667942170931	-2.799325694487523	0.06033408934235167	-0.5119254181783366	0.8249831815065508	-1.545557384843979	-1.545557384843971	-0.2378671744896087	0.07267225771786098	0.1119471335895816	0.1052082978697046	-0.06423709589142677	-0.004660614094082647	0.007588823913818636	-0.04531963755888443	-0.01910814771093335	-0.01281480947076395	0.05928202617597875	-28.77858357247381	5.13576047963728	5.146702966640083	12.37383458620458	-375.2577283198263	-55.85115320013036	-25.6385891761283	-1.793511798571459	-0.6550059787382801	-1.561258995031325	4.748493127426046	0.1257558643394493	0.9106549066881485	-0.309604849763481	2.793886108529639	2.793886108529595	0.1688291529565948	0.3051325302679407	0.03785597145404025	0.150950953748053	-5.201557718021237e-08	2.016768718586572e-06	-3.268156344938715e-07	2.063069513973383e-07	7.619760044281312e-07	4.937656214169127e-07	2.432934098109566e-07
1.73	-0.3132841643333218	0.07407269520491157	0.8707410903925237	0.6005051471065402	-0.3341709032917264	-0.2246139077476632	-0.1802480736447774	0.2542801801435023	0.2542801801434914	-0.08974790247475523	-0.1646948602509947	0.04442132260463683	0.1032792457309188	1.023413281139694	0.5781273140245011	0.2631635515201832	-2.750544716825775	0.06140075681136448	-0.5031051800503029	0.8208552575893163	-1.517036166327513	-1.517036166327497	-0.2361671188640153	0.07511362850114028	0.1120504492222715	0.106435430938816	-0.0585687108273204	-0.005660496173271847	0.007496751946461613	-0.04472621619026818	-0.02155599243207443	-0.01460005664301992	0.05490034727260655	-29.77870929785635	5.934992042129466	5.192007876880067	13.50326672901381	-376.4905204817583	-55.72908502866559	-25.70591445020578	-1.900917156646729	-0.7553470492486295	-1.540688865797406	5.032171368993055	0.09099382926084235	0.8835728162521841	-0.5058832713505033	2.927382538901182	2.927382538902395	0.1796995070574918	0.2084234977318458	-0.009532779118887391	0.1001056714165048	-6.295707060685812e-08	1.968472007922866e-06	-2.57343930558821e-07	2.003182907519839e-07	6.963096548889866e-07	4.895138761524077e-07	2.24610273197001e-07
1.74	-0.3031478866638514	0.07981441620341925	0.8732959086870381	0.573258482922349	-0.3335525936059144	-0.2295982095450778	-0.1720670768732468	0.2392601136365137	0.2392601136365229	-0.09209954506860676	-0.1639323899593813	0.04554132798961618	0.1043483116485199	1.003612477900312	0.570043702145877	0.2478270304721171	-2.698192887826266	0.06222228992353027	-0.4936503599066225	0.815067449326213	-1.486669235183207	-1.486669235183183	-0.2341028336505517	0.07734636509938445	0.1119096793231485	0.1073230115248808	-0.05290032576326	-0.006660378252476554	0.00740467997945116	-0.04413279482171261	-0.02400383715323636	-0.01638530381530268	0.05051866836921562	-30.78308065222638	6.738101577500315	5.233115709793975	14.61923424937506	-377.7908101649925	-55.61562989490255	-25.75007637742983	-2.069427686532807	-0.8625127678168549	-1.527914665262571	5.462663394978308	0.07672899297002554	1.037571309817483	-0.6415817189373926	3.163028634097636	3.163028634097582	0.2416750705306357	0.2634056932609817	-0.01096113490830181	0.08304045713878817	-7.233975840773591e-08	1.908609164899939e-06	-1.908923172372472e-07	1.9259178242516e-07	6.307278989252898e-07	4.814733774394774e-07	2.05480070420896e-07
1.75	-0.2932166501906998	0.08547006596351832	0.8756983409992896	0.5465535881977935	-0.3329270790988372	-0.234484667792983	-0.1639522623025728	0.2245531341418499	0.2245531341418395	-0.09442825102230556	-0.1631485532247974	0.0466587478530592	0.1054247866584802	0.9824033750432331	0.5609102871589005	0.2327026893878923	-2.642178483752526	0.06283927985666826	-0.4835340304261548	0.8076062886865765	-1.454413585106416	-1.454413585106418	-0.2315744961821374	0.07937692675597756	0.1115279696246949	0.107912281419865	-0.04732133388531728	-0.007643427970056168	0.007251781931895952	-0.0436974381740563	-0.02638573992241251	-0.01815639213137428	0.04622015414317341	-31.80183390918882	7.542704491922402	5.268130537699224	15.76367564539728	-379.7039570670541	-55.58078677997759	-25.77167106840877	-2.181393381727981	-0.965116183549855	-1.498102042453834	5.761946774153918	0.04771220521000124	1.014854077775998	-0.8417596548090885	3.303761060980561	3.303761060976639	0.2682863982971335	0.1661961942083787	-0.05868855409614093	0.03765169261217471	-7.73457996439573e-08	1.816272181022272e-06	-1.329201890996658e-07	1.799859325311331e-07	5.653836556926579e-07	4.627952248136601e-07	1.850946434202947e-07
1.76	-0.2835044531054117	0.09102910950986481	0.8779508482582081	0.5204270610860873	-0.3322966890500867	-0.2392667246839595	-0.1559207346219627	0.2101780967212293	0.2101780967212392	-0.09672969893860607	-0.1623457479152227	0.04777096808616146	0.1065053106547768	0.9598046003288777	0.5507224593953614	0.2178420198055484	-2.582519365255503	0.06319739825878232	-0.4727700885211031	0.7984100713136635	-1.420280820369197	-1.420280820369225	-0.2286512261817107	0.08114008010657305	0.1108697532549544	0.1081328087922081	-0.04174234200738497	-0.008626477687638613	0.007098883884618206	-0.04326208152643268	-0.02876764269159551	-0.01992748044745414	0.04192163991713223	-32.82543851678088	8.351458851167811	5.298713422831122	16.89794253731441	-381.6930511978559	-55.54667125824405	-25.7713827576712	-2.347362057988335	-1.073395323129118	-1.475180364886413	6.191606279634946	0.0249546867652113	1.167093794734315	-0.9885930655927934	3.538451566183266	3.538451566183221	0.3206615769330964	0.2099240320615344	-0.06626246916544619	0.009291952610654053	-8.105034515483693e-08	1.717050795983323e-06	-7.793561493016983e-08	1.663872521712569e-07	5.022666987401904e-07	4.41598019604893e-07	1.64737559209463e-07
1.77	-0.274025275095055	0.09648098911546921	0.8800562101000574	0.4949156608859943	-0.3316638127850991	-0.2439376719708979	-0.1479898490322783	0.1961539585747488	0.1961539585747353	-0.09899950639773568	-0.1615264771621129	0.04887529958285144	0.1075864202511068	0.9357975384976663	0.5394777717712954	0.2032886249377325	-2.519142566334176	0.06333526721712833	-0.4613103010067709	0.7874717824733652	-1.384227857326873	-1.384227857326874	-0.2252394397991737	0.08265984812768049	0.1099482244614328	0.1080266939928863	-0.03623420902245004	-0.009592388952456317	0.006886510209801603	-0.04299185602925552	-0.03103984077689503	-0.02166008726600317	0.03769848233715138	-33.84474404079031	9.149598582247922	5.323161958025374	18.02991360098748	-384.2555079338213	-55.60802851024724	-25.7500043351338	-2.462423643978267	-1.176331635315216	-1.436597105206913	6.503412651590388	0.001576361697573553	1.151846696116068	-1.190736415765176	3.68653567258797	3.686535672592191	0.3623181093914026	0.1148190897945802	-0.1123153171076158	-0.03016064576963201	-8.068771652402363e-08	1.59631565731537e-06	-3.228714691094044e-08	1.496859766056015e-07	4.461100114132366e-07	4.125287750744071e-07	1.444690462166613e-07
1.78	-0.2647931767826745	0.1018151566141785	0.8820178023817326	0.4700565678657501	-0.3310308831582647	-0.2484907362894257	-0.1401772042555016	0.1824999134585319	0.1824999134585289	-0.1012330198048829	-0.1606936455483065	0.04996897234507418	0.1086645492095299	0.9103886607348535	0.5271800380163383	0.1890881077707311	-2.452057929284502	0.0632080706286114	-0.4491934948391033	0.7747619087324106	-1.346262214311306	-1.346262214311278	-0.2213924157975415	0.08385225225516275	0.1087380063614306	0.1075366812109235	-0.03072607603756056	-0.01055830021728914	0.006674136535246018	-0.04272163053213515	-0.03331203886221336	-0.02339269408457712	0.03347532475715533	-34.86855614112858	9.951999226457522	5.342967009031917	19.1559112237386	-386.8849743344634	-55.66049309054821	-25.70845219519675	-2.627725244308944	-1.284004549307118	-1.404604824723514	6.933173905304101	-0.02805842260740289	1.298497525401423	-1.342910045724198	3.920987560832102	3.920987560832093	0.4077091007521175	0.1444512533365859	-0.1240003304612802	-0.06748764391748281	-7.867593734159419e-08	1.46894676425306e-06	8.144403077048621e-09	1.32046736416858e-07	3.988443950375379e-07	3.826911575897267e-07	1.244234484801137e-07
1.79	-0.2558221161758606	0.1070210762473002	0.8838393004454775	0.4458869286654965	-0.3304003837441698	-0.2529189678459162	-0.1325006716097382	0.1692351163682052	0.1692351163681831	-0.1034255669222831	-0.1598501862017585	0.05104910433684032	0.1097360245631176	0.8835880229164979	0.5138281146738484	0.1752826388623482	-2.381238577402742	0.06284896993401436	-0.4363419337213419	0.7602434485526015	-1.306370355861579	-1.306370355861585	-0.2170378461760492	0.08477505215365438	0.1072378033201847	0.1066942002109857	-0.02530233482545296	-0.01146487966856383	0.006412391728710528	-0.04253432208594076	-0.03558938937043328	-0.02506441479866604	0.02932814292675369	-35.92067932346718	10.73581601911026	5.362418721054778	20.30756479535513	-390.0334972878444	-55.80604340722743	-25.64788332162838	-2.741573715564122	-1.387133430358513	-1.357773878771428	7.250996220753147	-0.04645519766362307	1.295155727806965	-1.551489784306434	4.072294214362604	4.072294214357623	0.4614123036449783	0.05647815641664605	-0.170593493409578	-0.1024496032456834	-7.089213122850875e-08	1.318359730810503e-06	3.031673995569788e-08	1.11124620047306e-07	3.826975269912294e-07	3.501642347653655e-07	1.051580541404559e-07
1.8	-0.2471261300802329	0.1120882072062688	0.8855248926291629	0.4224444190622809	-0.3297747991979779	-0.2572153497266592	-0.1249783587218147	0.1563790397078061	0.1563790397078061	-0.1055721520612476	-0.1589994420966162	0.05211272165770352	0.1107971108516628	0.8553737584995724	0.4994223031857229	0.1619069317588309	-2.306632009875328	0.06222509704831079	-0.4228235596898436	0.7439179571649236	-1.26451812831907	-1.264518128319109	-0.2122000201226693	0.08530920398459926	0.1054350721808072	0.1054588682024984	-0.01987859361339266	-0.01237145911984331	0.006150646922472191	-0.04234701363982434	-0.03786673987867866	-0.02673613551277138	0.02518096109634148	-36.97529934694529	11.52363160510323	5.377166041672828	21.45611122064036	-393.2116665561941	-55.93023126414491	-25.57045645127038	-2.910450564023234	-1.494782178434012	-1.318652463750379	7.690617034434887	-0.08101286082872419	1.431860108148833	-1.704316287298127	4.313061379388388	4.313061379388433	0.5043603871295873	0.06672163982732167	-0.184505950087319	-0.1460578456273082	-6.281074381073966e-08	1.170700979931607e-06	5.101136074542777e-08	9.082365210824277e-08	3.705503226343785e-07	3.181915048053598e-07	8.654365141538248e-08
1.81	-0.2387191648456967	0.1170060502592085	0.8870790177008496	0.3997666976870942	-0.3291566715468669	-0.2613727932452956	-0.1176286275656268	0.1439511747794346	0.1439511747794331	-0.1076677798419601	-0.158144897926481	0.05315678223690282	0.1118439735017861	0.8257818911316442	0.4839737914526556	0.1489996157873926	-2.228275528093226	0.06135325322752843	-0.408546471551608	0.7257208365387564	-1.220725734319455	-1.220725734319479	-0.2068495439730075	0.08553174057839198	0.1033242665070088	0.1038432817122883	-0.01446956968295223	-0.01324249055041016	0.005836806071265689	-0.04238530028720956	-0.03991748456866684	-0.02836882189167597	0.02106185768696715	-37.98164504218173	12.29718415772183	5.381459094283464	22.56252735071007	-396.8607430101754	-56.14107984272509	-25.47789883989777	-3.019188161136865	-1.595751387716828	-1.26446574467027	8.003656418408049	-0.09749864147821706	1.443451472460638	-1.923525580428413	4.461685390742455	4.46168539074476	0.5619518199251385	-0.01017994699493605	-0.2322644979337444	-0.1800197463591713	-5.35539102394703e-08	1.034608945179172e-06	6.586900298392624e-08	7.297622046961008e-08	3.742017898508854e-07	2.884078366595578e-07	7.050066556791776e-08
1.82	-0.2306152449524451	0.1217642350514222	0.8885065306966555	0.3778916396633803	-0.3285487080337178	-0.2653839022213881	-0.1104700907417344	0.1319711051871462	0.1319711051871528	-0.1097075907429357	-0.1572901683136587	0.05417815543498261	0.112872538147879	0.7947646902453941	0.4674906510405498	0.1365845165826713	-2.146099339578706	0.0601922694557404	-0.3935566511813848	0.7056790907065129	-1.174959061100068	-1.174959061100077	-0.201036644181719	0.08534629252618034	0.1008975959569044	0.1017992673964257	-0.009060545752561884	-0.01411352198098392	0.005522965220154551	-0.04242358693466158	-0.04196822925868256	-0.03000150827059852	0.01694275427757981	-38.98760077901139	13.074447857552	5.380844667495641	23.67178418737651	-400.4838756027779	-56.31558423793594	-25.37183870116995	-3.195517267688032	-1.70170791424146	-1.220209110407001	8.454558380918128	-0.1388408510298657	1.574406554546415	-2.07324132851357	4.707917223342699	4.707917223342635	0.5968451154548867	-0.01487528937346042	-0.2476789253482229	-0.2317434107577209	-4.519082362722883e-08	9.055614572392651e-07	9.278485719058979e-08	5.480392139457373e-08	3.742904443785593e-07	2.558782151911169e-07	5.341079955631646e-08
1.83	-0.2228283545990891	0.1263524186359316	0.8898124860296163	0.3568573205395719	-0.3279534285526329	-0.2692414482560658	-0.1035215928573275	0.1204585902984103	0.120458590298404	-0.1116862155038395	-0.1564391846154076	0.05517374154614728	0.1138789278212153	0.7623740293558008	0.4499728183442101	0.1246955090360633	-2.060111279183288	0.05881641051772786	-0.3778339121398852	0.6837048184376059	-1.127203693420347	-1.127203693420313	-0.1946066115442134	0.08477046172223758	0.09816415832911618	0.09940670358004584	-0.003763684718647168	-0.01489536281717376	0.00517576588420924	-0.04246450731949664	-0.04413898734966967	-0.03147939408556964	0.01290016844059657	-40.0468831108009	13.79330028516531	5.390133755242737	24.82496604523867	-404.5306810161765	-56.62545510060982	-25.25402778389243	-3.296768699824189	-1.802804332375087	-1.159833726995588	8.768890930105758	-0.1441729569651306	1.588982786366876	-2.306870336774808	4.860377357835565	4.860377357842172	0.6784770109462509	-0.09091466021336159	-0.2944782257676626	-0.2539501856877791	-4.084959833061258e-08	8.082144299557289e-07	1.739626652539918e-07	3.516971885572092e-08	3.583464418064862e-07	2.109918037708011e-07	3.160997280610099e-08
1.84	-0.2153725564946898	0.1307602272164681	0.8910022338570689	0.336702474231959	-0.3273733505692824	-0.272938211858844	-0.09680230772775222	0.1094338352499686	0.1094338352499683	-0.1135980610037432	-0.1555963547620751	0.05614033287217891	0.114859204392666	0.7285462404570863	0.4314156502459741	0.1133430154810574	-1.970204776337781	0.05715196990858781	-0.3614001648017809	0.6598365397408984	-1.077407093038678	-1.0774070930386	-0.1876807919847919	0.08371552354594956	0.09509863893038607	0.09657664701927959	0.001533176315264828	-0.01567720365335841	0.004828566548359683	-0.0425054277043631	-0.04630974544066677	-0.03295727990053947	0.008857582603621756	-41.10130720186819	14.5155769511659	5.393994946053036	25.99527034681179	-408.463692161555	-56.86823960708877	-25.12631638352491	-3.482942869512643	-1.909574994620438	-1.112906312086617	9.238246870935452	-0.1965571852553829	1.716608213867426	-2.452042614073825	5.116163763732287	5.116163763732255	0.6960024998380426	-0.1106967638424169	-0.3140952795362842	-0.319241959634918	-3.42953154101037e-08	6.986471544575852e-07	2.358753742207744e-07	1.655827275438206e-08	3.589173113216443e-07	1.697030951279105e-07	1.154435344665679e-08
1.85	-0.2082616734434212	0.1349773546229617	0.8920812649283515	0.3174653619380325	-0.3268112797373334	-0.2764664871408554	-0.09033178953053686	0.09891667069645048	0.09891667069645176	-0.1154381771599871	-0.1547657348975382	0.05707444695861903	0.115809012212443	0.6933858164786399	0.4118406970403793	0.1025562871183889	-1.876549883838559	0.05522079849585091	-0.344143020266751	0.6339510876940447	-1.025674413377822	-1.025674413377783	-0.1802445183016089	0.08231448263555977	0.09167360232235883	0.09332019058460778	0.006764186434929193	-0.01635273535388226	0.004442421720250625	-0.04274265150863895	-0.04824096361213098	-0.03434514312539631	0.004868120299893491	-42.09406473361868	15.19945224725087	5.390850072767127	27.09520302228297	-412.7886266328563	-57.21124213296602	-24.99065288140693	-3.569297413226976	-2.006827218990146	-1.047489005965133	9.529266913438475	-0.1976807772471326	1.747028550849308	-2.704198301357321	5.254532514178512	5.254532514172707	0.7822030889745072	-0.1688847385035926	-0.3642841678370208	-0.3386357829820983	-1.626079606565186e-08	5.256873413461659e-07	1.978503816238448e-07	3.252375672646776e-09	4.451590797893133e-07	1.470774696429125e-07	4.801224268385608e-10
1.86	-0.2015097356821954	0.1389936581503066	0.893055242134485	0.2991848298638926	-0.3262697773511014	-0.279818838782009	-0.08412960621406713	0.08892737542891883	0.08892737542892178	-0.1172009779221025	-0.153951940838884	0.05797279541569837	0.1167242978083537	0.656757182451595	0.3912508744162274	0.09233224245123652	-1.778888732378414	0.05303828076454507	-0.3262154366305816	0.6061695635925661	-0.9718332358403194	-0.9718332358403191	-0.1722177131617807	0.08035036237051714	0.08794551305828822	0.08967220224598546	0.01199519655455609	-0.01702826705440608	0.004056276892144607	-0.04297987531297452	-0.05017218178362122	-0.03573300635026172	0.000878657996165372	-43.0776121688486	15.88594576614469	5.382455661230076	28.21779683367999	-416.9192589717103	-57.47430919474136	-24.84905848826991	-3.77658487923278	-2.112548878331593	-1.000369572983398	10.03949866311983	-0.2468264489691747	1.850696034095376	-2.831257024999039	5.537863339061571	5.537863339061633	0.8141087911670278	-0.2233126347728911	-0.3747058107446387	-0.3975483404249255	1.491763310161897e-09	3.560983870057228e-07	1.594941822256032e-07	-9.165033989056011e-09	5.333243013234312e-07	1.254908119168155e-07	-1.018025420064352e-08
1.87	-0.1951306530289303	0.142799075606503	0.8939298985485499	0.2818995737527374	-0.3257513419517608	-0.2829878752553835	-0.07821553560026206	0.07948612592624064	0.07948612592624643	-0.1188807842786423	-0.1531596778884485	0.05883203173750604	0.1176010449272798	0.6188139754445535	0.3696656531978469	0.08269239954549733	-1.677486019567441	0.0506069725296206	-0.3074770829440592	0.5763250287166717	-0.9160574835493291	-0.9160574835493164	-0.1636454346781313	0.07800414691324284	0.08385127734581664	0.08561152227104191	0.01705043503241012	-0.01760085215653934	0.003660354735889917	-0.0432788298225498	-0.05206474531001794	-0.03697184271145993	-0.002994695913859475	-44.0560590799002	16.51090131009465	5.379214345917172	29.32470236119096	-421.3632685457663	-57.85643025900289	-24.70363125189388	-3.840014159332491	-2.206557758498183	-0.9316435901324328	10.29212092954635	-0.2475809317411706	1.902608179870202	-3.108981286856396	5.651313466212613	5.651313466214475	0.8935238424288022	-0.2549748521362989	-0.4343510250759676	-0.4202055526309337	1.753242287638745e-08	2.06975360917634e-07	1.191270843908247e-07	-1.618805574341912e-08	6.331676307609877e-07	1.102121727269031e-07	-1.838865773179922e-08
1.88	-0.1891383675553281	0.1463836310475336	0.8947109861454042	0.2656486374375757	-0.3252584792189634	-0.2859660875631035	-0.07260949624881385	0.07061341040489684	0.0706134104048971	-0.1204719205572631	-0.1523938168627588	0.05964881198747267	0.1184352097011365	0.5793977465218566	0.3470784713830581	0.07361847900908661	-1.572024773178063	0.04792374745521175	-0.2880506034999576	0.5445633111219347	-0.8581264395745509	-0.8581264395745257	-0.1544836975758825	0.0750699774187031	0.07945429869024458	0.08115573323202566	0.02210567351025688	-0.01817343725866059	0.003264432579544614	-0.04357778433214554	-0.05395730883642351	-0.03821067907264716	-0.006868049823875881	-45.02052744415217	17.1374556917466	5.371096281281204	30.45964176268426	-425.5262865096748	-58.14516767150933	-24.5565174158914	-4.071189262364298	-2.312940997612955	-0.8871850991177237	10.85120537880075	-0.2972098168660623	1.988321185611247	-3.214693568767742	5.968921675819093	5.968921675819131	0.9320005148868862	-0.3409034422258905	-0.4352543993643974	-0.4765701532393644	3.301476466266014e-08	6.292964832407006e-08	7.939219054830997e-08	-2.245364550241133e-08	7.317933866656505e-07	9.584119394205415e-08	-2.618651635515412e-08
1.89	-0.1835466975301994	0.1497374072029541	0.8954042426395324	0.2504709110820599	-0.3247936562103977	-0.2887460293106925	-0.06733162377078013	0.06232960882561474	0.06232960882561415	-0.1219687179805121	-0.1516592997334013	0.0604197074595955	0.1192227538966206	0.5386892914039302	0.3235119637243073	0.06512236996950858	-1.462835065108487	0.04500116950085706	-0.2678238762327043	0.5106872458531033	-0.7982668760538906	-0.7982668760538894	-0.1447750347348189	0.07173082824279647	0.07467561230505063	0.07628980400644995	0.02694873718565754	-0.01865346384646697	0.002870404922979076	-0.04399384816876592	-0.05570544179225669	-0.03931364782010328	-0.01060680675903616	-45.94191916063253	17.70493184557468	5.363862830445788	31.55457976209921	-429.9213957929686	-58.5379930426563	-24.4098887356907	-4.107736656147591	-2.403229830370426	-0.8172108196127768	11.05566586570144	-0.2957225566012276	2.056924431494103	-3.522653800944463	6.049530792569849	6.049530792566203	1.005387948597949	-0.3458062051142437	-0.5065568089626856	-0.5010802856883582	4.444930254427681e-08	-4.430554143420897e-08	4.424077564970161e-08	-2.322785329496472e-08	8.215917344568509e-07	8.805075309391464e-08	-3.100792439695409e-08
1.9	-0.1783695246601894	0.1528505734457133	0.8960152606406175	0.236405644276165	-0.3243592471357483	-0.2913202885987655	-0.062402230104439	0.0546554143020224	0.05465541430202064	-0.1233654110193917	-0.1509612512057566	0.06114133985769213	0.1199597436041551	0.4964983155004088	0.2989564888508269	0.057170780400452	-1.349532863252302	0.04184096067125634	-0.2469141115969827	0.4748675487841547	-0.7362050284380172	-0.7362050284380401	-0.1344628206984781	0.06777625707323898	0.06960168388522817	0.07104483564200828	0.0317918008610631	-0.0191334904342595	0.002476377266326823	-0.04440991200536469	-0.05745357474807675	-0.04041661656753946	-0.01434556369420462	-46.84453558812103	18.27299125700369	5.352114738661525	32.68255253124031	-433.9489219797609	-58.82356252371223	-24.26594823802805	-4.367693419483646	-2.510734440558584	-0.7782812050134681	11.67370413612258	-0.3447359919152839	2.124928659304921	-3.603419928791349	6.40937849486164	6.409378494861599	1.052710753942295	-0.4639878409559767	-0.4943028062897333	-0.5523779810124456	5.53678529556451e-08	-1.47868729224445e-07	1.002625101171011e-08	-2.364311302493747e-08	9.077892188998254e-07	8.041116759556697e-08	-3.557121001814128e-08
1.91	-0.1736206447398064	0.1557133449415993	0.896549526356165	0.2234920059195486	-0.3239575545301769	-0.2936815411557174	-0.0578418104257799	0.04761146641948741	0.04761146641949829	-0.1246562146783032	-0.1503048474745202	0.06181027830225154	0.1206423009453517	0.4530309611054829	0.273434322779837	0.04976377995924877	-1.232503354710219	0.03846056457663363	-0.2252239466033645	0.4368875245789619	-0.6722111812898688	-0.672211181289893	-0.1235966330800691	0.06340022459649325	0.06413754656653646	0.06540636156586266	0.03632367013966406	-0.01951176633735167	0.002103791237220543	-0.04490979612426733	-0.05907818277805316	-0.04138020157240311	-0.017888893630452	-47.70482059986866	18.77918551954796	5.343284209126796	33.77952060692801	-438.1072029974539	-59.19729637447384	-24.1268588282303	-4.373278950848533	-2.59748448314763	-0.7094945336269446	11.82129283848155	-0.340205323679822	2.207931615478206	-3.944623021993753	6.450400825052371	6.450400825052172	1.118712404103066	-0.4400481231296053	-0.5797459476219129	-0.5785749175044201	6.169411488180234e-08	-2.187510994990941e-07	-1.58499503067904e-08	-2.086373499794217e-08	9.619390195435875e-07	7.411419471036692e-08	-3.783720609587448e-08
1.92	-0.1693138428636502	0.1583159894182188	0.8970122050533098	0.211769406373393	-0.3235907686666358	-0.2958225178235139	-0.05367105686029654	0.04121865960851393	0.04121865960850918	-0.1258353285333848	-0.1496953315024337	0.06242312002303088	0.1212666749864698	0.4080827066565248	0.2469310849975352	0.04285337671992984	-1.111325101158934	0.03485961226424555	-0.2028589337662276	0.3969343261493787	-0.6059768141312812	-0.6059768141313063	-0.1121248599291451	0.05839870523591274	0.05838233912932859	0.05940817562616519	0.04085553941826846	-0.01989004224044883	0.00173120520786883	-0.04540968024312911	-0.06070279080801791	-0.04234378657726542	-0.02143222356670304	-48.54167478644099	19.28493482140183	5.330345796330962	34.91409213397409	-441.8146150220082	-59.44990818453625	-23.99479762564021	-4.663873430290375	-2.706948782820632	-0.6789617646366446	12.50345313796288	-0.3888472354683681	2.259898228008702	-3.998054773669546	6.857482496949419	6.85748249694945	1.17382786044529	-0.5890852177228368	-0.5525168299925686	-0.6243203537226897	6.754799441847482e-08	-2.864391902100196e-07	-4.073510565927402e-08	-1.798892300506204e-08	1.01129859569718e-06	6.76785464519351e-08	-3.989409376552077e-08
1.93	-0.1654628514210717	0.1606488110290144	0.8974082550572695	0.2012772346885448	-0.3232609989058214	-0.2977360977455443	-0.04991080606361755	0.03549790576990101	0.03549790576990086	-0.1268969544979418	-0.1491380165005892	0.06297645279890236	0.1218292004717316	0.3618692041827754	0.2194715210687772	0.03642508104036594	-0.9864145519707871	0.03106111455315582	-0.1797484142877142	0.3547815331156575	-0.5377955194017883	-0.5377955194017996	-0.1000997392600166	0.05296015760522343	0.0522378423703264	0.0530415867420158	0.04502254090246251	-0.0202429730731258	0.001388255885876476	-0.04607655514455315	-0.06205809682174111	-0.04314061892085617	-0.02474783625855806	-49.28022118476799	19.71264589009607	5.316605285179025	35.9794457028073	-445.5300927445968	-59.81305578927157	-23.87182528098723	-4.637059615373246	-2.789719672442185	-0.6142946542713761	12.58906069535058	-0.3802888898261955	2.352932472223491	-4.374036579163156	6.855225942879752	6.855225942881696	1.231878853511778	-0.5368608874140548	-0.6523824508169392	-0.6510672257793522	6.80285242747581e-08	-3.177923508835905e-07	-5.434711314831564e-08	-1.4028549650242e-08	1.006169368275098e-06	5.966546582299211e-08	-3.957237329317861e-08
1.94	-0.162081389195126	0.1627021851056136	0.8977421158675029	0.1920550094727946	-0.3229702016922936	-0.299415311739898	-0.04658211219946497	0.03047031947498985	0.03047031947498416	-0.1278353243191535	-0.1486382112453588	0.06346694733679036	0.122326412254149	0.3141768633307988	0.1910415781582687	0.03041553797466338	-0.8573358073382636	0.02706510280618307	-0.1559857482311665	0.310622939644378	-0.4673433053950711	-0.4673433053950691	-0.08747363125628255	0.04689675590764499	0.04581469153281497	0.04634543505713484	0.04918954238666661	-0.02059590390580176	0.001045306563708842	-0.04674343004591246	-0.06341340283543551	-0.04393745126443436	-0.02806344895043171	-49.99086508501562	20.13893474518125	5.299134051032531	37.08672729987821	-448.7150860335357	-60.04129886741682	-23.76000361015072	-4.959641105936116	-2.901024579170354	-0.5952112418644131	13.3370922268381	-0.4283500426449823	2.390327543615609	-4.399214861181297	7.311666352394184	7.311666352394121	1.294025327366384	-0.7140560311005762	-0.6082476456940098	-0.6902329138688723	6.816826459571178e-08	-3.474183887599129e-07	-6.699224355034574e-08	-1.019883291841216e-08	9.962585934600695e-07	5.105164988806709e-08	-3.916865940699692e-08
1.95	-0.1591831486851372	0.1644664839559294	0.8980179136210878	0.1841423261996553	-0.3227202431480616	-0.3008533231398206	-0.04370613351354354	0.02615711457563844	0.02615711457564819	-0.128644685223519	-0.1482012409755609	0.06389128070904178	0.1227549514052615	0.2652287440484799	0.1616545206260231	0.02479483087529807	-0.7245049986326648	0.02289880795993612	-0.1315129923874534	0.2642318146328167	-0.394917216684285	-0.394917216684285	-0.07429915481120095	0.04039654191930533	0.0390032266636863	0.03931258892907899	0.05280170271534832	-0.02074803431329083	0.0007637955030605873	-0.04738125582742586	-0.06473106387249961	-0.04465144964428287	-0.0310343335207327	-50.67659276151792	20.52586616883971	5.286819890837721	38.20607278670435	-451.7710235680457	-60.25677259073916	-23.66118933673951	-4.898782338512806	-2.982098363572289	-0.5377114033381611	13.36045539144234	-0.4148924780075731	2.491288712456557	-4.810208757564095	7.26515597567824	7.265155975677865	1.344004166888031	-0.6331177928441675	-0.7249200101762214	-0.7172196776615092	6.302576711905593e-08	-3.502740232788805e-07	-6.465077910369439e-08	-8.394293842930627e-09	9.122338340543488e-07	3.312643671041888e-08	-3.749404760630248e-08
1.96	-0.1567816663677981	0.1659320018262575	0.8982390621118067	0.1775788270533737	-0.3225127722067666	-0.3020434991597625	-0.0413042955650208	0.02257958573248482	0.02257958573247711	-0.1293193322906868	-0.1478322955876308	0.06424603461207082	0.1231116802520168	0.214825224800843	0.1312853821607381	0.01948568540146886	-0.5874989819662313	0.01856758221796273	-0.1064186722354421	0.215794792164466	-0.3202080941631967	-0.3202080941631985	-0.06053086381376365	0.03329177952521747	0.03189879768840853	0.03198337418551889	0.05641386304405168	-0.02090016472079671	0.0004822844421133518	-0.04801908160885123	-0.06604872490953397	-0.04536544802413604	-0.03400521809103958	-51.33008505483686	20.91040966293042	5.271164878067626	39.37190721588526	-454.2186711838726	-60.32399076855756	-23.57722796374995	-5.250721099000002	-3.097440765777854	-0.5328989167572298	14.17213381900494	-0.4613362217902736	2.514640405275264	-4.808394352539257	7.768273114454538	7.768273114454521	1.412788237837517	-0.8349657122501285	-0.6668404669234099	-0.7495066369695831	5.765322668126808e-08	-3.518140059068539e-07	-6.165653907361189e-08	-6.723870248272128e-09	8.247009686031675e-07	1.481192544113078e-08	-3.575057334599724e-08
1.97	-0.154890497768347	0.1670889978441161	0.8984085471081023	0.1724043473059417	-0.3223493464342671	-0.3029794447958188	-0.03939809907542899	0.01975923745623168	0.0197592374562652	-0.1298536099414085	-0.147536651429538	0.06452782836591989	0.1233935855401089	0.1631669149946608	0.09994941095921932	0.01443866306154713	-0.4466996795140996	0.01409614185603402	-0.08067445846771942	0.1650966345575447	-0.2434790349532028	-0.2434790349532032	-0.04622753057148941	0.02574144804348104	0.02441155555578016	0.02435564765741668	0.05946468127130821	-0.02128472693621055	0.0002613747328939166	-0.04880752592434091	-0.0671323952532024	-0.04569208095353062	-0.03663222237246767	-51.86499588280148	21.11762924872684	5.27045072657309	40.47453419092157	-456.3785955208152	-60.66450240016479	-23.50967337923493	-5.159628613227611	-3.176338808663946	-0.4864042217977562	14.13842405039579	-0.443226421782824	2.618714117075964	-5.25270714460779	7.682607055068216	7.682607055068249	1.453627118295862	-0.7294037875287241	-0.7969343714042444	-0.7756627455195017	4.68171659165953e-08	-3.22107256123718e-07	-4.315887893703989e-08	-8.238689323160546e-09	6.538505845722996e-07	-1.274841550460448e-08	-3.237161566993548e-08
1.98	-0.1535231608053129	0.1679277014476934	0.8985284018151621	0.1686587797014558	-0.322231270761061	-0.3036550678432849	-0.03800932029786949	0.01771765671832497	0.01771765671831527	-0.1302419500095569	-0.1473193779704508	0.06473329604144895	0.123597962145963	0.1100588975164528	0.06762689930445415	0.009559627554307745	-0.3017165533788687	0.009497562358558547	-0.05435415451778283	0.1123112497570879	-0.164454586511345	-0.1644545865113433	-0.03134334729428238	0.01761763970599999	0.01663358202429368	0.01647763773775345	0.06251549949871496	-0.02166928915167325	4.046502308980643e-05	-0.04959597023962061	-0.06821606559681234	-0.04601871388295137	-0.03925922665381722	-52.36317399553656	21.32152616609909	5.266712394348539	41.62903999225627	-457.848794041643	-60.84357218750916	-23.46005573456033	-5.540662633405463	-3.294748856426771	-0.4993015502208005	15.00889855562465	-0.4867640488996243	2.629858441718049	-5.22583979124644	8.227350960827248	8.22735096082738	1.528958244824081	-0.9496610833989713	-0.7249867466946187	-0.799563315281644	3.587960687719684e-08	-2.919861026241397e-07	-2.42966715526041e-08	-9.834723767994246e-09	4.813168704791324e-07	-4.059707309830653e-08	-2.898489723799219e-08
1.99	-0.1526931659521385	0.1684382754705102	0.8986001144822244	0.1663822448281566	-0.3221597638397113	-0.3040644885462246	-0.03715979491335712	0.01647673005084771	0.01647673005081762	-0.1304788682191257	-0.1471855668210537	0.06485913875811715	0.1237222389108817	0.05571241050315746	0.034319312257194	0.004782159871999665	-0.1529073908728333	0.004789971809201018	-0.02744171359184379	0.05723427657999117	-0.08335490501055041	-0.08335490501054811	-0.01594802057043133	0.009060584770314956	0.008480443105881978	0.008342870376046989	0.06475175587757362	-0.02032714389896271	-9.821117629613582e-05	-0.05020956971329325	-0.06892628495234573	-0.04764796361613668	-0.04138413237614026	-52.80763632257629	22.08106546490573	5.175167888092663	42.83761475653827	-458.866674159153	-59.69042161163981	-23.4295245809257	-5.415789822538429	-3.374056759117558	-0.4670866819778652	14.91938080726377	-0.4648160894495712	2.735168734679509	-5.702558666014503	8.107657332449339	8.107657332449159	1.558637232330051	-0.8213159445188528	-0.8686600691014034	-0.8256360219736986	2.001938151360005e-08	-2.417663688770976e-07	1.224607735323558e-08	-1.536970365517624e-08	2.271416483643984e-07	-8.24290881184056e-08	-2.522178214579465e-08
2	-0.1524134655865494	0.1686107149968047	0.8986240290115152	0.1656142927217419	-0.3221357447301537	-0.3042021384765756	-0.03687182577763221	0.01605807631591672	0.01605807631589903	-0.1305590696922544	-0.1471398438701851	0.06490181356466114	0.1237641274871124	0	0	0	0	0	0	0	0	0	0	0	0	0	0.06698801225640617	-0.01898499864620807	-0.0002368873756650156	-0.05082316918693622	-0.06963650430784059	-0.04927721334926173	-0.04350903809851533	-53.21059179782672	22.83648462707687	5.080681846364059	44.10545352029129	-459.1040193739924	-58.36261920955339	-23.41917644450061	-5.813847331378203	-3.497093898413205	-0.5002399881591545	15.82854422898411	-0.5032403008683134	2.735712974898994	-5.657300471825436	8.678395662778357	8.678395662777895	1.639497014140157	-1.050367050324887	-0.7904475841882865	-0.8411839181496076	4.15915615000325e-09	-1.915466351300556e-07	4.878882625907527e-08	-2.090468354235823e-08	-2.703357375033545e-08	-1.242611031385047e-07	-2.145866705359712e-08
