inDegrees=no
num_controls=7
num_derivatives=13
num_iterations=118
num_multipliers=7
num_parameters=0
num_slacks=7
num_states=26
objective=0.444883
objective_accelerations=0.057996
objective_balance=0.003638
objective_effort=0.023388
objective_height=0.354360
objective_ligament=0.005500
solver_duration=1740.696961
status=Solve_Succeeded
success=true
DataType=double
version=3
OpenSimVersion=4.5
endheader
time	/jointset/ground_pelvis/pelvis_tilt/value	/jointset/ground_pelvis/pelvis_tx/value	/jointset/ground_pelvis/pelvis_ty/value	/jointset/hip_l/hip_flexion_l/value	/jointset/hip_l/hip_adduction_l/value	/jointset/hip_l/hip_rotation_l/value	/jointset/back/lumbar_extension/value	/jointset/patellofemoral_l/patellar_flexion_l/value	/jointset/knee_l/knee_flexion_l/value	/jointset/knee_l/knee_adduction_l/value	/jointset/knee_l/knee_rotation_l/value	/jointset/ankle_l/ankle_angle_l/value	/jointset/subtalar_l/subtalar_angle_l/value	/jointset/ground_pelvis/pelvis_tilt/speed	/jointset/ground_pelvis/pelvis_tx/speed	/jointset/ground_pelvis/pelvis_ty/speed	/jointset/hip_l/hip_flexion_l/speed	/jointset/hip_l/hip_adduction_l/speed	/jointset/hip_l/hip_rotation_l/speed	/jointset/back/lumbar_extension/speed	/jointset/patellofemoral_l/patellar_flexion_l/speed	/jointset/knee_l/knee_flexion_l/speed	/jointset/knee_l/knee_adduction_l/speed	/jointset/knee_l/knee_rotation_l/speed	/jointset/ankle_l/ankle_angle_l/speed	/jointset/subtalar_l/subtalar_angle_l/speed	/forceset/tau_hip_flexion_l	/forceset/tau_hip_adduction_l	/forceset/tau_hip_rotation_l	/forceset/tau_knee_flexion_l	/forceset/tau_ankle_angle_l	/forceset/tau_subtalar_angle_l	/forceset/tau_lumbar_extension	lambda_cid13_p0	lambda_cid13_p1	lambda_cid13_p2	lambda_cid13_p3	lambda_cid13_p4	lambda_cid13_p5	lambda_cid14_p0	/jointset/ground_pelvis/pelvis_tilt/accel	/jointset/ground_pelvis/pelvis_tx/accel	/jointset/ground_pelvis/pelvis_ty/accel	/jointset/hip_l/hip_flexion_l/accel	/jointset/hip_l/hip_adduction_l/accel	/jointset/hip_l/hip_rotation_l/accel	/jointset/back/lumbar_extension/accel	/jointset/patellofemoral_l/patellar_flexion_l/accel	/jointset/knee_l/knee_flexion_l/accel	/jointset/knee_l/knee_adduction_l/accel	/jointset/knee_l/knee_rotation_l/accel	/jointset/ankle_l/ankle_angle_l/accel	/jointset/subtalar_l/subtalar_angle_l/accel	gamma_cid13_p0	gamma_cid13_p1	gamma_cid13_p2	gamma_cid13_p3	gamma_cid13_p4	gamma_cid13_p5	gamma_cid14_p0
0	-0.03971579115133917	0.06899799598031027	0.8959585236646094	0.1955287580552426	-0.3219266495066915	-0.484994919935679	-0.1379045077516729	0.07015288079084843	0.07015288079084844	-0.1745328125039967	-0.1193810423225005	-0.06701059314715049	0.003923831843017924	0	0	0	0	0	0	0	0	0	0	0	0	0	0.107258248703865	-0.1032804047900317	-0.03041004947906207	-0.2340352484455384	0.1895559945712228	-0.01219235308185162	-0.05233367485289152	25.29928043597768	-2.213544517357781	3.533898268466612	0.2120345321747412	-514.8280977580285	-83.69334275758376	-39.95590806436816	-4.566081450903678	-1.891013663442783	-0.9926034076301657	12.77419942012704	-2.155188159953115	3.397608892172035	-2.859707793000315	10.32346424850544	10.32346424850544	0.6637769446634123	-0.834897038488442	2.303923305987278	-1.111335963449606	-2.719659003360284e-08	1.189551329393066e-07	1.295114559752752e-07	7.783472940666207e-09	-3.680972379789379e-09	-4.284396523346569e-08	-7.592283260818501e-09
0.01	-0.03993399102935421	0.06890492634224006	0.8959103344273845	0.1961466684805369	-0.3220326583963032	-0.4848243716188317	-0.1380535396128926	0.07065422442855683	0.07065422442856016	-0.174503013410137	-0.1194165124026054	-0.0668999922413704	0.003867640513358794	-0.04346090724325621	-0.01850819943712752	-0.00960589361905698	0.1230229038058026	-0.02108649145810134	0.03396192672997611	-0.02955468448527999	0.09980367444782359	0.09980367444782118	0.005954741555865065	-0.007046697632519429	0.02204161060675394	-0.01115574195379782	0.1038929708052404	-0.1025450704981488	-0.02989737253014867	-0.2308576604992974	0.1857039299513445	-0.01020615722516002	-0.04931278749234348	24.10883258005022	-2.866171112391424	3.636185776355773	0.2054384584747188	-515.7560605004552	-84.82007798281164	-39.96607759342651	-4.209247362523884	-1.814862300593653	-0.939790001356271	11.98244626255569	-2.068118877944045	3.373309337872894	-2.965595612491283	9.739062597315732	9.739062597315414	0.5605963800948314	-0.6324452506355824	2.142496183865226	-1.105348448992352	-6.888246301507804e-08	1.492686955916518e-07	2.044580631567834e-07	4.720648448601797e-08	-2.391598181616995e-07	-9.000117957495532e-08	-1.339129806727293e-08
0.02	-0.04058143038009869	0.06862994686644944	0.8957670447215065	0.1979780300242352	-0.322346080048337	-0.4843186390797901	-0.1384905676862058	0.0721396535216213	0.07213965352162116	-0.1744138121768754	-0.1195210272840356	-0.06657133198035355	0.003702360736632194	-0.08584789454600189	-0.03638196754408908	-0.01902009373063758	0.2426902236815591	-0.04148255248441941	0.06703684443845175	-0.05759924241853809	0.1968170910714434	0.1968170910714402	0.01188042787360003	-0.01380896026511464	0.04361187104733883	-0.02181768941349535	0.1005276929065579	-0.1018097362062636	-0.02938469558125343	-0.2276800725530874	0.1818518653314537	-0.008219961368472613	-0.0462919001318324	22.98231213451025	-3.531216832078486	3.741854654904702	0.04197604942797852	-515.7484465843811	-85.78200465325273	-39.99597419801567	-4.351297462801583	-1.764127397409583	-0.9542647061348909	12.1030826341178	-2.017102073596485	3.22020708787194	-2.55768248259594	9.765412683664682	9.765412683665007	0.6579658970373387	-0.7780100385035997	2.209653272753471	-1.012577064629572	-1.105683359965533e-07	1.79582258243997e-07	2.794046703382918e-07	8.662949603136973e-08	-4.746386639436096e-07	-1.37158393916445e-07	-1.919031287372736e-08
0.03	-0.04164760051224582	0.06817922847924714	0.8955302552048706	0.2009903645458757	-0.322859982340744	-0.4834867194611737	-0.1391998032265782	0.07458214298412781	0.07458214298412666	-0.1742653499588397	-0.119692195964509	-0.06602919212168612	0.003433016519340797	-0.1271662705713419	-0.05367053204659758	-0.02832842618863215	0.3592146865506747	-0.06118113917925443	0.09921545035556166	-0.08399339381861845	0.2912383283049624	0.2912383283049681	0.01779262764762304	-0.02037130535276373	0.06472753232494113	-0.03197436356186206	0.09548075840380249	-0.09807529470574104	-0.02849247388067185	-0.2223483081241797	0.1755784419920664	-0.007453537695438543	-0.04212479184898556	21.03471627569438	-3.610304020517348	3.8541111667387	0.7284293887741876	-515.6238671329273	-85.3476509637259	-40.04434635378797	-3.989140533281851	-1.697526814014209	-0.9178058836102716	11.34280918765508	-1.928770563502052	3.196906534607308	-2.642110693128415	9.214112135968492	9.214112135969625	0.5550009724900561	-0.5872921951806568	2.049235426802644	-1.005753668628697	-1.398691721916699e-07	1.996044053012765e-07	3.370071593992268e-07	1.138062861759636e-07	-6.420585024951074e-07	-1.729031137266744e-07	-2.348495017181918e-08
0.04	-0.04312036097682208	0.06755836327955121	0.8952006446900591	0.2051510799110776	-0.3235673772193145	-0.4823369699451914	-0.140165346125834	0.07795557139752324	0.07795557139752357	-0.1740583349520819	-0.1199273771861179	-0.0652785530759348	0.003064397344828047	-0.1671659610319494	-0.07041133004281792	-0.03758429336576967	0.4723663923936542	-0.08018106971709124	0.130602823911743	-0.1088607141952725	0.383004881249401	0.3830048812494141	0.02359098561785669	-0.02661146849181669	0.08531170846410516	-0.04167268085776789	0.0904338239010556	-0.0943408532052184	-0.02760025218007681	-0.2170165436952683	0.1693050186526815	-0.006687114022403199	-0.03795768356613362	19.14536703887346	-3.699284995993346	3.967597741671286	1.268901664090219	-514.6493446077559	-84.7577273496215	-40.10966455748324	-4.087560349855101	-1.65457409615195	-0.9437716499634794	11.42853122889057	-1.877370842196849	3.061960615686233	-2.252316277910687	9.234475825848589	9.234475825848616	0.6351975362794526	-0.7135736487843765	2.103356245065818	-0.9209056941374005	-1.689146468035626e-07	2.194143582225754e-07	3.942520377772635e-07	1.407305769102326e-07	-8.080750625470091e-07	-2.084125243713109e-07	-2.774856937695508e-08
0.05	-0.04498737616372076	0.06677282014861695	0.8947784535771617	0.2104279331094693	-0.3244611962865344	-0.4808776137915318	-0.1413713130080542	0.08223417851912054	0.0822341785191206	-0.1737936434772431	-0.1202239277613087	-0.06432446899460938	0.002601306596487012	-0.2060246309597464	-0.08660314249088417	-0.04686248104844789	0.5824500016853732	-0.09845363211965293	0.1611319356842347	-0.1320960974676517	0.472259973578336	0.472259973578348	0.0293236118541513	-0.03264348442490352	0.1054081237017365	-0.05086122977402793	0.08532948432447021	-0.09034678872532143	-0.02675849175910181	-0.2126275159093373	0.1641962801385153	-0.006344895598372979	-0.03382039070530269	17.60418952815805	-3.662323232441967	4.057951974524564	1.701011510249014	-513.7756553688869	-83.82984186217399	-40.19000598735766	-3.753165674520611	-1.58733340747171	-0.9212880591922303	10.71511365377002	-1.782893318111783	3.027862667039694	-2.323664634741102	8.702546096839775	8.702546096839665	0.5388221718438115	-0.539690750521906	1.948232458767967	-0.9052721545849854	-1.866074331986943e-07	2.219428636616958e-07	4.296312724851416e-07	1.579353070008255e-07	-9.134809344570976e-07	-2.313721267401153e-07	-3.070818725714467e-08
0.06	-0.04723660712195275	0.06582818917553447	0.894263191441083	0.2167889899756692	-0.3255338798535451	-0.479117071278345	-0.1428025367795661	0.08739164059609103	0.08739164059609024	-0.1734723203391316	-0.120579133532822	-0.06317233110177634	0.002048841826140445	-0.2436091152986878	-0.1022288984724603	-0.05619849800202132	0.68920712595539	-0.1159539696752527	0.1908400958170887	-0.153912092053614	0.5587758723242239	0.5587758723242373	0.03491731827201942	-0.03834250775603328	0.124922470765615	-0.0595474852588752	0.08022514474787391	-0.08635272424542446	-0.02591673133812289	-0.2082384881234139	0.1590875416243461	-0.006002677174344407	-0.0296830978444779	16.1153164256278	-3.633138938160152	4.147969673544563	2.001354977794005	-512.1401405381959	-82.75915854359855	-40.28321308048422	-3.832723232084013	-1.541362802853919	-0.9553375041425229	10.76323422455013	-1.722925872804481	2.897770287758708	-1.968438540627319	8.68663710923917	8.686637109239665	0.6074135725941482	-0.6469751283929643	1.986942610315262	-0.8204470078548466	-2.038222116689097e-07	2.237437292068298e-07	4.64089848512171e-07	1.747307924327373e-07	-1.016334777392794e-06	-2.538033161288846e-07	-3.361289981838914e-08
0.07000000000000001	-0.04985614913976801	0.06473013107298661	0.8936540265580772	0.2242025992341036	-0.326777743872033	-0.4770638041238701	-0.1444440646009968	0.09340171923958623	0.09340171923958515	-0.1730955132860225	-0.1209903261964698	-0.06182751046646373	0.001412221906707308	-0.2800848815504504	-0.117284114260593	-0.0656570762961594	0.7929638115835594	-0.1326856264285189	0.21968016263905	-0.1741683673088453	0.6427888592939616	0.6427888592939859	0.04041423759835511	-0.04383883136946515	0.1439485192547865	-0.06768683051827522	0.07492853094510067	-0.08290434903529829	-0.02508409751472727	-0.2044918455378606	0.1543286863577285	-0.005176691568567132	-0.0254507516305964	14.74354410581299	-3.810861131731781	4.243905669404584	2.235566738414765	-510.6794606975264	-82.11084044029435	-40.38685018593254	-3.522853127229509	-1.472774650573898	-0.9447121602713686	10.09922131022686	-1.628370084516354	2.857085100614273	-2.020456279427456	8.190986686498634	8.190986686499958	0.5164424994723412	-0.4923198560597963	1.846459783587247	-0.7973147394415095	-2.112074060106776e-07	2.08959556843148e-07	4.813064169531911e-07	1.816171181874248e-07	-1.063069801138243e-06	-2.667878063650228e-07	-3.595657668906621e-08
0.08	-0.05283401878120214	0.06348448607580125	0.8929495570584857	0.2326372424644752	-0.3281849413596394	-0.474726144256936	-0.1462814020272711	0.1002383991919107	0.10023839919191	-0.1726646147622867	-0.1214547538718996	-0.06029522458318556	0.0006968812437883863	-0.3152746400224996	-0.1317462773999657	-0.07525942131917623	0.8934139203427885	-0.1486206634989321	0.2477186383089886	-0.1930740130223337	0.7240961340900021	0.7240961340900349	0.04573561239745338	-0.0489895101125572	0.1624155203587242	-0.07529163395603244	0.06963191714233047	-0.07945597382517096	-0.02425146369133338	-0.2007452029523032	0.1495698310911133	-0.004350705962787279	-0.02121840541671516	13.4175777048818	-3.994868096851449	4.338861636504516	2.35434393766656	-508.548285109735	-81.33588001775591	-40.49833226666264	-3.575521676141349	-1.422752273101903	-0.984090849918271	10.10191885076207	-1.563601936233874	2.737452057354178	-1.698312632278721	8.145494674499716	8.14549467449975	0.5723046671466595	-0.577846154324999	1.8751331332685	-0.7135386435262928	-2.17958433634481e-07	1.931053820337363e-07	4.97410597808017e-07	1.878641433177752e-07	-1.106184255903677e-06	-2.79162832139701e-07	-3.826405770873893e-08
0.09	-0.0561582512913807	0.06209717975735006	0.8921481312670309	0.242061515197365	-0.3297475560414551	-0.4721124094743431	-0.1483002347932573	0.1078757685362927	0.1078757685362911	-0.1721811192388586	-0.1219696768966456	-0.05858063018383905	-9.165671280459317e-05	-0.3493596707261194	-0.1456122953950904	-0.08505833850203111	0.9908943977429637	-0.1637648769237577	0.2748956834781973	-0.2104757279346024	0.8029275690294588	0.8029275690294609	0.05093034389101417	-0.05393766605403955	0.1804111606577592	-0.0823220364309355	0.06421305655531905	-0.0760891328098398	-0.02344705850955668	-0.1976562985780852	0.1454247256291881	-0.003485834780479575	-0.01692808452619279	12.27077382049579	-4.21557230768983	4.426462584071592	2.404245522773347	-506.687643790778	-80.60753023545165	-40.61491127640922	-3.293173636621353	-1.353085254650147	-0.982904315657994	9.489151412444862	-1.469284961463732	2.687865178429513	-1.728579084665163	7.684450730240253	7.684450730235617	0.4881725363046279	-0.444616010876075	1.747943027536546	-0.6837881431706674	-2.164290540092271e-07	1.560578040589739e-07	4.972696784929759e-07	1.848008721774204e-07	-1.106680540681503e-06	-2.842804703130877e-07	-4.06951655964293e-08
0.1	-0.05981697008242508	0.06057430152056114	0.8912476938711098	0.2524442005498169	-0.3314575036406905	-0.4692308973537131	-0.1504865803411589	0.1162879487953832	0.1162879487953814	-0.1716466533713263	-0.1225323446201702	-0.05668884667163904	-0.0009476981128862746	-0.3821718961957017	-0.1588606610675111	-0.09506174221244219	1.085096444255123	-0.1780872469828565	0.301274105916418	-0.22657656940544	0.8790583170317798	0.879058317031751	0.05592968121832834	-0.05853844986817098	0.1978533429294164	-0.08879232265377289	0.05879419596831202	-0.07272229179450895	-0.02264265332777608	-0.1945673942038662	0.1412796201672633	-0.002620963598172025	-0.01263776363566677	11.16330867137483	-4.44116348185068	4.512557342534997	2.355089696995431	-504.2488365771134	-79.76937352250262	-40.73375697753089	-3.320960629333852	-1.299221808561088	-1.024988155429512	9.446232673158985	-1.399233263088513	2.577727511156584	-1.438137943992506	7.605357287072589	7.605357287072542	0.5332258338973326	-0.5083717288548162	1.764441527792951	-0.6015153931131647	-2.141717264939462e-07	1.171470697619828e-07	4.957006185036607e-07	1.809191134528278e-07	-1.103430173152727e-06	-2.887600963896576e-07	-4.313714178020913e-08
0.11	-0.06379830453833295	0.0589219964002854	0.8902460243028284	0.2637541415603076	-0.3333066398192361	-0.466089927755599	-0.1528266570821777	0.1254490669237524	0.12544906692375	-0.1710629159618334	-0.1231400397937802	-0.0546250154870673	-0.00186550910566731	-0.4138847190012732	-0.1714964485010754	-0.1053113824456654	1.176353832548812	-0.1916006407012862	0.3267891538211257	-0.2412304470519087	0.9527189972178893	0.9527189972179153	0.06078295090460982	-0.06294387662942771	0.2148195824215502	-0.09467497846288996	0.05321999348408918	-0.06952340011162748	-0.02184831345706301	-0.1919243001825506	0.1373656097146025	-0.00154082698841699	-0.008259199448986777	10.11445967634816	-4.758457776951658	4.599507914112822	2.313126762416529	-502.1377614959607	-79.12197777215009	-40.8519830392323	-3.064906282559967	-1.230133932368341	-1.031054227916273	8.884780706528963	-1.306542165531551	2.518720810176688	-1.447762913019832	7.179485347520937	7.17948534752921	0.4562234693422417	-0.3980469217243527	1.648710923512428	-0.5674786435874942	-2.058658274083761e-07	6.061962199728836e-08	4.807502759049352e-07	1.69522590256412e-07	-1.071353820929786e-06	-2.876864433292945e-07	-4.586653011940183e-08
0.12	-0.06809045985757464	0.05714645806135117	0.8891406378780854	0.2759605142135464	-0.3352867398828283	-0.4626977422024283	-0.1553070226472703	0.1353334042466108	0.1353334042466093	-0.1704316766688082	-0.1237900729893957	-0.05239432275485643	-0.002839314250294821	-0.4443360688624917	-0.1835073047992101	-0.1158051135047892	1.264382772804706	-0.2042800239921699	0.3515172969277863	-0.254634334220209	1.023702155929631	1.023702155929713	0.06543005792483857	-0.06700605426921466	0.231225652457237	-0.09999115302306785	0.0476457909998712	-0.06632450842874642	-0.0210539735863477	-0.1892812061612326	0.1334515992619427	-0.0004606903786619091	-0.003880635262303403	9.098451152949774	-5.07947716174651	4.684739543907007	2.187919069631592	-499.5404387794781	-78.38195378259562	-40.96668877112248	-3.068666040463247	-1.174235581475168	-1.073806320609646	8.800543065600003	-1.232431177579298	2.420346551547158	-1.188139848358835	7.069852992199108	7.069852992199221	0.4919933006867833	-0.4397219045608564	1.652407636503519	-0.4882191433253354	-1.968803135396275e-07	2.11276822498678e-09	4.64296418406276e-07	1.572817115013643e-07	-1.036038594022107e-06	-2.859888263209614e-07	-4.862821195920271e-08
0.13	-0.07268161777736395	0.05525390477261823	0.8879289576878513	0.2890325291005774	-0.3373895571901827	-0.4590625568684246	-0.1579144920866086	0.1459152347045138	0.1459152347045136	-0.1697547707417748	-0.124479758783171	-0.05000201781391989	-0.003863356641248243	-0.4736879330325182	-0.1948986018954001	-0.1265735664082845	1.349491405405433	-0.2161447558510567	0.3753917500181553	-0.2666618124711471	1.092223514566817	1.092223514566873	0.06991436246498521	-0.07087605904779783	0.2471412618317389	-0.1047238292187391	0.04199500034648019	-0.06322895521603242	-0.02028883091542893	-0.1871221931669841	0.1298846227424836	0.0007259169540947143	0.0005360880172034342	8.171462286762956	-5.452535205554121	4.767086723142636	2.054027525012572	-497.3152097941928	-77.75184881954068	-41.07500925084991	-2.83730833822574	-1.105832956303865	-1.084967406751651	8.286687827086681	-1.142724478530616	2.351716979980921	-1.180390637019689	6.677223929444017	6.67722392944007	0.4211836914490625	-0.3523055596286351	1.547018049395941	-0.4518178605425164	-1.837886437662645e-07	-7.478568649384813e-08	4.368344627356748e-07	1.38504717730832e-07	-9.841008702802889e-07	-2.811304802935549e-07	-5.218485267435404e-08
0.14	-0.07756006668544416	0.05325058727640081	0.8866082724422759	0.3029397632075709	-0.3396068678738234	-0.4551924825450774	-0.1606363040731681	0.1571690680747825	0.1571690680747828	-0.1690341148371858	-0.125206477783755	-0.04745338068694381	-0.004931930994729278	-0.5017942665206809	-0.2056601462961089	-0.1376061245730638	1.431426616797268	-0.2271786992494336	0.3984950947964904	-0.2775028436644212	1.158102738402632	1.158102738402661	0.07418005343595015	-0.07441269563124479	0.2624920896651375	-0.1088975455285902	0.03634420969308753	-0.06013340200331801	-0.0195236882445178	-0.184963180172734	0.1263176462230252	0.001912524286852233	0.004952811296707979	7.271090864312793	-5.828344708349011	4.847692241601527	1.851153784683691	-494.6929510605215	-77.04557583396367	-41.17412433993727	-2.819559904090477	-1.048285042378943	-1.126627372866443	8.165858823821806	-1.066273485477315	2.266124889140387	-0.9508504368260459	6.54142603192486	6.541426031924929	0.4482705868504385	-0.3730482655336105	1.539451328282868	-0.3764271661613081	-1.701306076612305e-07	-1.542209137570324e-07	4.078541486965297e-07	1.188261908547155e-07	-9.29870388354451e-07	-2.758361716428279e-07	-5.585114288955371e-08
0.15	-0.08271405632228435	0.05114276460789106	0.885175844455243	0.317651806159348	-0.3419304662188998	-0.451095601620935	-0.16346001572556	0.1690694126572284	0.1690694126572271	-0.1682716918778567	-0.1259676316018814	-0.04475377143809078	-0.006039397648242125	-0.5287986571418726	-0.2158001095793072	-0.1489226143803743	1.510463073241865	-0.2374046853446968	0.4207559445732382	-0.2870541795107985	1.221532588269662	1.22153258826965	0.0782665489708903	-0.07776563662071417	0.2773338152653883	-0.1125059029816455	0.0306439833638477	-0.05708239050058751	-0.01879355175375541	-0.1832322747147164	0.123051944008058	0.003154284569183191	0.0093930687025944	6.441098453374341	-6.23317349649684	4.924635239909946	1.658615088045193	-492.4728839963849	-76.40823262257481	-41.26132300848599	-2.610119863082244	-0.9811870886397008	-1.140815456976951	7.694697582833035	-0.9803231515729601	2.187218110823273	-0.9294790630770767	6.178737265491526	6.178737265485235	0.383156247256038	-0.3084744361010019	1.442131606003347	-0.339576422962545	-1.530238494662132e-07	-2.519854111095876e-07	3.669618124392493e-07	9.270300599897657e-08	-8.644670693775571e-07	-2.677320569483507e-07	-6.035187130921228e-08
0.16	-0.0881319381097261	0.04893667528307945	0.8836289204356741	0.3331386453811823	-0.3443522368209332	-0.4467798815812491	-0.1663736815173223	0.181591050298624	0.1815910502986214	-0.1674695405210898	-0.1267607263139926	-0.0419086252472138	-0.007180255153902507	-0.5545726966410133	-0.2253134775564828	-0.1605053310802258	1.586385870808637	-0.246813150640845	0.4422629179052376	-0.2954936715385165	1.28236135019267	1.282361350192616	0.08212573292343961	-0.08080087442807966	0.2915994780699257	-0.1155757159580972	0.02494375703460994	-0.05403137899785816	-0.01806341526298901	-0.181501369256699	0.1197862417930903	0.004396044851512666	0.01383332610848338	5.631850145310122	-6.63987728481964	4.999870445266275	1.409848222782951	-489.9411105058911	-75.71012962299258	-41.33372693998678	-2.573489679680265	-0.922965981174426	-1.179872751374636	7.54312704825683	-0.9027693256542878	2.115349600190707	-0.728481673094195	6.021208443120542	6.021208443120666	0.4028082703722665	-0.3095076291128267	1.424238769140197	-0.2687182708405876	-1.353490664563751e-07	-3.527688470650977e-07	3.241074960519233e-07	6.551834806424104e-08	-7.972235184157836e-07	-2.591651506701969e-07	-6.499003660960524e-08
0.17	-0.09380204346574184	0.04663855782346531	0.8819647772929655	0.3493703124081899	-0.3468641045164851	-0.4422532687263219	-0.1693656242498852	0.1947088001624903	0.1947088001624936	-0.1666297178103623	-0.1275833199842971	-0.03892344355512829	-0.008349078571795031	-0.5792471020042745	-0.234205679709684	-0.1723641812628494	1.659438541690778	-0.2554271868288716	0.462937199605832	-0.3027162263255894	1.340762506339691	1.340762506339711	0.0858021420032017	-0.08366858772818313	0.3053404406325274	-0.1181024168122536	0.01918590510600837	-0.05101792851596666	-0.017372534164077	-0.1801325008706842	0.116765905823884	0.005700419411981066	0.01831748107613185	4.873827112746056	-7.07638248672527	5.07259045173824	1.170004213764515	-487.8420563282088	-75.08590664183737	-41.38768113049397	-2.384207789622642	-0.8566849089241952	-1.195180993081303	7.109993358608806	-0.8207081024580941	2.025024463628048	-0.6923450842505677	5.685664912289995	5.685664912301036	0.3445288997717942	-0.2679366528960689	1.334550140994119	-0.2316404265975731	-1.237975196813792e-07	-4.609691657182972e-07	2.949205602965506e-07	3.990559784013346e-08	-7.537280327839486e-07	-2.597619072695909e-07	-7.247042455204495e-08
0.18	-0.09971285124038483	0.04425465082701292	0.8801807876801555	0.3663172373941025	-0.3494581100413334	-0.4375236016526619	-0.172424433070866	0.2083977807301864	0.2083977807301971	-0.1657542366742395	-0.1284330974820894	-0.03580374720918194	-0.009540567885008002	-0.6027131803664799	-0.2424713849241357	-0.1844746251004733	1.729437462589563	-0.2632407165001485	0.4828737616517962	-0.3088668892221316	1.396607490958598	1.396607490958693	0.08925741800270845	-0.0862376399257653	0.3185024088420877	-0.1201088950221863	0.01342805317741262	-0.04800447803407417	-0.01668165306516665	-0.1787636324846655	0.1137455698546795	0.007004793972451555	0.02280163604378315	4.130754823465115	-7.513966098958818	5.143724522031651	0.8865236478186783	-485.5158101488217	-74.41570242805378	-41.42085631727556	-2.331824279469075	-0.7976665934245332	-1.230191482374669	6.93237705158572	-0.7426680223043448	1.967805669264677	-0.5141032949880824	5.509974137497985	5.50997413749798	0.3585816543211939	-0.2497754086085665	1.308439898531939	-0.1646737419958538	-1.134263557950274e-07	-5.705992448915336e-07	2.683683003256509e-07	1.45958659698818e-08	-7.1481048745668e-07	-2.621251530983916e-07	-8.049871083512021e-08
0.19	-0.1058527131123734	0.04179120146074416	0.878274426973958	0.3839496533172412	-0.3521263578425713	-0.4325986145268371	-0.1755390325496103	0.2226329881377583	0.2226329881377677	-0.1648451950697287	-0.129307667881924	-0.03255517382292269	-0.01074954810386392	-0.6250618046317892	-0.2501142036708809	-0.1968336479837456	1.796547103641759	-0.2702792126284105	0.5020026439822659	-0.3138802109504363	1.450017389350922	1.450017389350921	0.09251859718224895	-0.08863223189027332	0.3311168847571374	-0.1216033662560057	0.007630469822288267	-0.04504974913431849	-0.01604009538091394	-0.1777473303003932	0.1109679985306251	0.008373154234846717	0.0273248500167531	3.436895337481745	-7.982013545615295	5.212927717971908	0.6061548545328516	-483.6438918068386	-73.82619668813477	-41.43134511582313	-2.156746986055467	-0.7319448176742035	-1.244319014926862	6.525480545926492	-0.6649264349965156	1.867193827247382	-0.4690272753157189	5.194023901046363	5.194023901032095	0.3049686773213907	-0.2275903398490143	1.223628669436454	-0.1292026460976406	-1.077490783694534e-07	-6.833906510356266e-07	2.513279961801162e-07	-9.748092182277202e-09	-6.899521600730719e-07	-2.700153178855438e-07	-9.056297583298977e-08
0.2	-0.1122101343242136	0.03925445284653301	0.8762433637742031	0.4022382102336799	-0.3548610878104737	-0.4274859857152457	-0.1786985813783504	0.2373897997714434	0.2373897997714502	-0.1639045251479131	-0.1302048420512974	-0.0291833202312239	-0.01197094680146256	-0.6462250483368436	-0.2571312345126145	-0.2094151238119501	1.860665661249552	-0.2765371498330485	0.5204020988051066	-0.3178567592213035	1.500928336181119	1.500928336181023	0.0955830814638262	-0.09075839383386548	0.3431584499299862	-0.1225925907707316	0.001832886467164506	-0.04209502023456201	-0.01539853769667059	-0.1767310281161185	0.1081904272065716	0.009741514497243375	0.03184806398972242	2.754021607706599	-8.450760400905336	5.280844718884846	0.2873726369403768	-481.6044377535262	-73.2021680117561	-41.41744239178763	-2.094748167418107	-0.6725090124222093	-1.274682071361102	6.334160362704911	-0.5865562375795562	1.821920167738876	-0.3067486035005735	5.010183825072649	5.010183825072647	0.3192426747285458	-0.1960894044253982	1.193857750091779	-0.06362439817715614	-1.031148868240522e-07	-7.968845742843542e-07	2.364014599957737e-07	-3.387743395263782e-08	-6.682181033436105e-07	-2.79133686885663e-07	-1.010796805452581e-07
0.21	-0.1187735686368786	0.0366506438129091	0.8740854039877194	0.4211535089679861	-0.3576546230119143	-0.4221933180570598	-0.18189250460402	0.2526435979053272	0.2526435979053334	-0.1629341671579288	-0.1311224266285425	-0.02569384623597999	-0.01319980313954628	-0.6662685730738361	-0.2635271519273071	-0.2222059915055197	1.921904299141032	-0.282044918085693	0.5380113689729469	-0.3207623474158403	1.549421685213532	1.549421685213447	0.09845957163472975	-0.09271905544346475	0.3546401470798891	-0.123099606339656	-0.003982961655894408	-0.03919480692245289	-0.01481611160413943	-0.1760724826049607	0.1056608371507252	0.01114529907165378	0.03639853872425364	2.119070888905115	-8.938405959191472	5.34620335511669	-0.01969463072799657	-480.0462873008855	-72.6424396167159	-41.37767642204532	-1.930134404243657	-0.6076278136775167	-1.285795586943194	5.945272289727792	-0.5140362733989632	1.712324447204553	-0.2576331529193056	4.707490275874926	4.707490275876554	0.2673967929892361	-0.1900476054156742	1.110875823393545	-0.03227624851833671	-1.041471260370323e-07	-9.048033644124743e-07	2.350130547465386e-07	-5.526136844118707e-08	-6.587067997179364e-07	-2.932499519616921e-07	-1.133295191862e-07
0.22	-0.1255316341523941	0.03398597666360132	0.8717986342305825	0.4406665054386792	-0.3604994657267397	-0.416728178896016	-0.1851105175567327	0.2683700454962445	0.2683700454962512	-0.161935935345292	-0.132058416435122	-0.02209244524404622	-0.01443133685577289	-0.6851512889069822	-0.2693028576493891	-0.2351771179426204	1.98020520852684	-0.2867986525100201	0.5548963993767045	-0.3226747046299401	1.595458227587915	1.595458227587841	0.1011578459943524	-0.09443943970060358	0.365543849267952	-0.1231280663993106	-0.009798809778948729	-0.03629459361034378	-0.01423368551160408	-0.1754139370938021	0.1031312470948792	0.01254908364606432	0.04094901345878857	1.492273487448926	-9.426573146439093	5.410610941401552	-0.3634229620552392	-478.3646859795386	-72.0577428693382	-41.31074284048545	-1.862586386648822	-0.5484666739001112	-1.310733820067328	5.746614661570425	-0.435749471916052	1.677072214922345	-0.1081024074131787	4.518822493466566	4.518822493466566	0.2835995124723565	-0.1480339339333162	1.078258757723787	0.03208670367680443	-1.06613904682514e-07	-1.011310728434111e-06	2.370520244175839e-07	-7.595026311155616e-08	-6.522898639666386e-07	-3.086315071835212e-07	-1.260181259103506e-07
0.23	-0.1324729240651088	0.03126662759030605	0.8693813112299611	0.4607481564401004	-0.3633882367400308	-0.4110980174349178	-0.1883426300312062	0.2845448488970654	0.2845448488970643	-0.160911668935289	-0.1330107789031797	-0.01838487261696218	-0.01566091305833906	-0.7029170534084067	-0.2744655744336996	-0.2483081357173454	2.035644300592626	-0.2908371254027552	0.5710185846286143	-0.3235937710860409	1.63910134384762	1.639101343847587	0.1036682358831102	-0.09599736832386864	0.3758734767401506	-0.1227147839460243	-0.01560169544019749	-0.03348650916571816	-0.01371985297034774	-0.1751391378117329	0.1008614913529109	0.01398115504401217	0.04550243109141561	0.9158643550514051	-9.931335964594524	5.472509949210725	-0.6885641578100552	-477.1754551531426	-71.54191438427588	-41.21551534495991	-1.705085673446787	-0.4849829038649378	-1.317513959302372	5.370483862156512	-0.3699977896899714	1.562079505097476	-0.06070588790943578	4.226915650492627	4.226915650498777	0.2305285810994926	-0.1542206708254392	0.9957101894794091	0.05694435039351908	-1.15298185350835e-07	-1.11257253574739e-06	2.561836937930199e-07	-9.36183784998141e-08	-6.577270992990486e-07	-3.296053321259397e-07	-1.408786999006345e-07
0.24	-0.1395861744611492	0.02849868960453398	0.8668320324109668	0.4813697838387945	-0.3663138128005967	-0.405310176556346	-0.1915793125948807	0.3011440553521375	0.3011440553521294	-0.159863144655595	-0.1339776303263297	-0.01457692462565379	-0.01688415736952457	-0.7195433855721324	-0.2790206401447477	-0.2615682816171608	2.088200487981363	-0.2941596619649996	0.5864322828714116	-0.3235887224701781	1.680338838438131	1.680338838438139	0.1060094199327481	-0.0973372307192274	0.3856189221128095	-0.1218616881231787	-0.02140458110144212	-0.03067842472109143	-0.01320602042909465	-0.1748643385296614	0.09859173561094373	0.01541322644196185	0.05005584872404493	0.3457982679137475	-10.43665558508034	5.533865793176433	-1.051327452085557	-475.8922688290594	-71.00926368362398	-41.0909730288776	-1.634699919109056	-0.4269364592476676	-1.336559445085419	5.170033726160582	-0.2925622058178843	1.535374813099842	0.07672060697950818	4.037698159627712	4.037698159627721	0.2497583446483593	-0.1044206883520547	0.9614223378158268	0.120049377588675	-1.257588951685386e-07	-1.212335612572567e-06	2.801989916554247e-07	-1.104234140931832e-07	-6.665512406553752e-07	-3.52176948417098e-07	-1.563598359669566e-07
0.25	-0.1468601191389529	0.02568822153082318	0.8641495940220337	0.5025027495129795	-0.369269196290169	-0.3993719083927501	-0.1948112965895875	0.3181438013921601	0.3181438013921534	-0.1587921222428789	-0.1349570953768759	-0.01067443111898216	-0.01809682886714024	-0.735060746151961	-0.2829732519632215	-0.2749299455421353	2.137921791531183	-0.2968035724537899	0.6011031879470317	-0.3226595226764323	1.719218505565034	1.719218505565027	0.1081756923859091	-0.09852619776028133	0.3947837611676542	-0.1206037475311637	-0.02723476774071562	-0.02796415087422794	-0.0127600995439787	-0.1749357768709233	0.09652072957970925	0.0168886607453934	0.05465182128244851	-0.1951539643523866	-10.96206138160971	5.594032513593739	-1.387420779206566	-475.1397822137163	-70.55689979230698	-40.93619347783939	-1.482490573378601	-0.3644880474950172	-1.337686010190271	4.802584637959665	-0.2331289356111405	1.415081461509116	0.1233027347772064	3.754353411587793	3.754353411585664	0.1969758533635454	-0.1215805603994138	0.8795815888213324	0.1391591625201031	-1.505134282665588e-07	-1.295126607390502e-06	3.498084033912572e-07	-1.159593541054124e-07	-7.083974099133599e-07	-3.882923040933953e-07	-1.760154754353824e-07
0.26	-0.1542836847117467	0.02284121443805809	0.8613331957650535	0.5241188094163763	-0.3722475835776693	-0.3932905045570547	-0.1980295319725157	0.3355205945879252	0.3355205945879196	-0.1577000542740893	-0.1359475392675153	-0.006683175841861528	-0.01929482240633332	-0.7494675645701429	-0.2863284439556064	-0.2883602552265823	2.184819333823681	-0.2987604215506419	0.6150594172912923	-0.3208390001144832	1.755748269586586	1.755748269586566	0.1102185311476132	-0.09953299873802958	0.4033712762026004	-0.1189260964386611	-0.0330649543799879	-0.02524987702736365	-0.01231417865886704	-0.1750072152121842	0.09444972354847524	0.01836409504882613	0.05924779384085248	-0.7306747131701754	-11.48820590558309	5.654075232430312	-1.76428724837546	-474.3097347796208	-70.09469862579311	-40.75028076148442	-1.41259148677968	-0.3074524940298686	-1.350288596979914	4.605281474696166	-0.1551499274302221	1.39243966682791	0.254985160620135	3.567717538557628	3.567717538557681	0.2250716063569648	-0.06798747569092294	0.8459575338361058	0.2039914776861956	-1.798419848142802e-07	-1.37248653596612e-06	4.340079315665867e-07	-1.178891835316767e-07	-7.608106280998753e-07	-4.28741656372937e-07	-1.970069559924813e-07
0.27	-0.1618457107358	0.01996362138901803	0.858382282775942	0.5461895503214476	-0.3752423198213282	-0.387073072598474	-0.2012252771838116	0.3532508709679542	0.3532508709679624	-0.1565884956185964	-0.1369471921088811	-0.002609035324041374	-0.02047422104773724	-0.7627549803503663	-0.2890930848066522	-0.3018210210696529	2.228861362833073	-0.3000800754350716	0.6283114220358994	-0.3181692571308222	1.789919117475779	1.789919117475743	0.1120754344573364	-0.1003694325247425	0.4113590887975617	-0.1168916609806944	-0.03895716682165955	-0.02257393570803059	-0.01193235318706747	-0.1753874847326837	0.09250570143973526	0.01984290022471313	0.06391311456429817	-1.264628601308245	-12.01360836081743	5.711165717131135	-2.077572517374184	-474.0563840783039	-69.67688646001497	-40.53252510910212	-1.259376610163883	-0.2464314029839416	-1.34392726420463	4.233571567141118	-0.1042014915916769	1.274063271657778	0.2940866193126896	3.283625576574925	3.283625576572634	0.1631425277556977	-0.08709732107918126	0.7604956314798325	0.2126338555007746	-1.913946439012046e-07	-1.460510777832553e-06	4.569487434062116e-07	-1.367137421203641e-07	-7.560406508099397e-07	-4.433881228676711e-07	-2.129378413073394e-07
0.28	-0.1695351229149596	0.01706128962699912	0.855296770791153	0.5686866931072292	-0.3782470182783596	-0.3807266241137712	-0.2043901014148561	0.3713112272593693	0.3713112272593925	-0.1554589393631104	-0.1379543344862994	0.001542043821559137	-0.02163138247943171	-0.774944795591398	-0.2912761865513773	-0.3152800543620837	2.270099709965685	-0.3007528642251946	0.6408627225157333	-0.3146548040642174	1.821764251863964	1.821764251863913	0.1138180511460879	-0.1010309059481639	0.41875900175867	-0.114478654496773	-0.04484937926332907	-0.01989799438869768	-0.01155052771525841	-0.1757677542531844	0.09056167933099499	0.02132170540059971	0.06857843528774601	-1.791442870069249	-12.54029062232368	5.768494932594305	-2.444321544344684	-473.7059172961675	-69.25245303790295	-40.28580728487704	-1.193071378941324	-0.191144672765692	-1.349942086851945	4.044545099340422	-0.02577690856888126	1.252298813873281	0.423927177208872	3.102574838356069	3.102574838356067	0.2022142821626363	-0.03299540303263766	0.7283776070654746	0.2797056828771495	-1.966161614267492e-07	-1.552333268268318e-06	4.580713823043524e-07	-1.615556015066268e-07	-7.309040559530487e-07	-4.488445204527477e-07	-2.270663228372897e-07
0.29	-0.1773410705915299	0.01414000669426775	0.8520767804506505	0.5915824171735247	-0.3812553927088442	-0.3742582750921568	-0.207515536556451	0.3896786566602859	0.3896786566602838	-0.1543125691544004	-0.1389674883843104	0.005764233337519521	-0.0227626789726159	-0.7860623401498061	-0.292885989130677	-0.328703632715823	2.308575903542262	-0.3008226531309315	0.6526965030004124	-0.3103034112711369	1.851334648282251	1.851334648282222	0.1154375265606489	-0.101569103662233	0.4255791920119906	-0.1117263336985333	-0.05078004850788081	-0.01732321360959181	-0.01124060904058519	-0.176536986695091	0.08881297547432533	0.02280229801216071	0.07329576334229494	-2.296151698109396	-13.06880247717256	5.822897161739293	-2.759183815112609	-473.9521446691394	-68.88319904378758	-40.00829434330183	-1.043693796294968	-0.1317701371992655	-1.33655331518945	3.678809552162836	0.01750717913596282	1.132125129698068	0.4600672778945517	2.826271250454142	2.826271250457591	0.1388191771307984	-0.05945476296576927	0.6438407774872285	0.2813396761934358	-1.963035134357869e-07	-1.636533582415072e-06	4.381639760562455e-07	-1.912297794016862e-07	-6.870733854072348e-07	-4.44333636588252e-07	-2.38725606090499e-07
0.3	-0.1852527132740851	0.01120545131840596	0.8487229568054997	0.6148488337886552	-0.3842614476162438	-0.367674946772909	-0.2105935933806077	0.4083301898667632	0.4083301898667363	-0.1531506031903397	-0.1399850688209363	0.01005162496461752	-0.02386478337823848	-0.7960837967883905	-0.2939306751774625	-0.3420467152917429	2.344238219732698	-0.3002889596081866	0.663858582042405	-0.3051791405765799	1.878585012976106	1.878585012976101	0.1169372022163284	-0.101916213671171	0.4317994239861864	-0.1086402369844515	-0.05671071775243102	-0.01474843283048535	-0.01093069036591287	-0.177306219136997	0.08706427161765598	0.02428289062372254	0.07801309139684474	-2.796479091821073	-13.59845741060561	5.877911787576461	-3.12055530653757	-474.142393032903	-68.51774352371149	-39.69597747716973	-0.9738537949765825	-0.07812136626284738	-1.333842931288043	3.481769622112067	0.09491957712746413	1.117958525335984	0.578502757504187	2.63856849347	2.638568493469998	0.1782543303863172	0.005222137993591234	0.6083859512405392	0.3464608660455589	-1.938083776354981e-07	-1.717727967884469e-06	4.099630308772242e-07	-2.22809660370637e-07	-6.358704033221278e-07	-4.35891993842235e-07	-2.494111210092189e-07
0.31	-0.1932592941412823	0.008263207388682872	0.8452361823334409	0.6384582692396427	-0.3872593286753343	-0.3609835132345973	-0.2136165433245223	0.4272430742355434	0.4272430742355582	-0.1519741489616799	-0.1410055380091786	0.01439832157660339	-0.02493448525524762	-0.8050546826482075	-0.2944302136174496	-0.355282229130464	2.377191829724534	-0.2991969603323263	0.6743190585561567	-0.2993005906759844	1.903615414012175	1.903615414012189	0.11833644433543	-0.1021507888061353	0.4374380423916021	-0.1052553350371373	-0.06262539073234935	-0.01225217927490849	-0.01069391235394627	-0.1784262466613824	0.08550812842804725	0.02568602048634455	0.0827199479477745	-3.271933098476188	-14.09716348591358	5.926093236377426	-3.407525651027488	-474.8248603148933	-68.14196449060162	-39.34513252734966	-0.8320088386810511	-0.02273198627798408	-1.314637182603414	3.133636539114715	0.1300911896091469	0.9935143498037892	0.6090697358880522	2.37885942334833	2.378859423351301	0.117919206494836	-0.0336144524883468	0.5262734661912631	0.3414557906077369	-1.920768994260434e-07	-1.778669997011508e-06	3.847096188068775e-07	-2.517877765701103e-07	-5.844998775280275e-07	-4.248425274548746e-07	-2.58795260508623e-07
0.32	-0.201350244438517	0.005318595693877646	0.8416178064085071	0.6623835367608275	-0.3902435395243073	-0.3541907905040663	-0.216577400043521	0.4463949793176188	0.4463949793176757	-0.1507842703010647	-0.1420275163714197	0.01879833910884327	-0.02596894792647694	-0.8129576827958961	-0.2944042281938894	-0.3683670058667562	2.407404633772182	-0.2975549175847125	0.6841164204862694	-0.2927604955933556	1.926389155635167	1.926389155635201	0.1196220886074422	-0.1022180484709759	0.442463608036985	-0.1015923958284877	-0.06854006371226681	-0.009755925719331452	-0.01045713434198064	-0.1795462741857678	0.08395198523843846	0.02708915034896671	0.08742680449870502	-3.747032952427468	-14.5964756204017	5.974993480354996	-3.727388221772467	-475.5104219366566	-67.781807813008	-38.95243428347677	-0.7602766525509027	0.02698340644662998	-1.303695510802252	2.933608433274376	0.2049282714781842	0.9853356086081664	0.710811793910871	2.187236610854774	2.187236610854788	0.1555347609684364	0.03868523201834256	0.4857753992339904	0.4020683183126343	-1.906774462560819e-07	-1.830806653815782e-06	3.607377428707373e-07	-2.796346906958975e-07	-5.330565066430605e-07	-4.126592247017127e-07	-2.676135846083245e-07
0.33	-0.2095150929115112	0.002376784480516715	0.8378693994339104	0.6865977538235605	-0.3932087721483506	-0.347303453318895	-0.2194696397689652	0.4657638350366738	0.4657638350366865	-0.1495820262608031	-0.1430496140182505	0.02324565820513888	-0.02696552888855006	-0.8198413419875	-0.2938786382362614	-0.3812784199295602	2.435001992071649	-0.2954124350095543	0.6932464284604201	-0.2856028880399877	1.947022827701223	1.947022827701244	0.1208085019866748	-0.102178704647093	0.4468970936929706	-0.09769033472209505	-0.07435286080184877	-0.00750706100406361	-0.01029726930403353	-0.1810350399753954	0.08262667537922226	0.02846752498545382	0.09204047882530084	-4.175449268932557	-15.09119489406644	6.020858471413987	-3.992811910266638	-476.557563623028	-67.47182905076737	-38.51502334239057	-0.6267690026350186	0.07719549958184818	-1.279572271234136	2.607317603314042	0.2310070850802658	0.860918076040792	0.7309194543694925	1.947612526090592	1.947612526088544	0.0971780543523946	-0.009873099602943462	0.4066152324419354	0.3895470820572219	-1.919053738297504e-07	-1.87649193864312e-06	3.435969812819435e-07	-3.05209548785092e-07	-4.902970525213145e-07	-4.013192553023382e-07	-2.768886295561561e-07
0.34	-0.2177436496664554	-0.0005574010914357363	0.8339929367352426	0.7110748480842944	-0.396150160179733	-0.3403279991171378	-0.2222877665752118	0.4853282634807108	0.4853282634806799	-0.1483685214011584	-0.1440706046382783	0.02773420817472655	-0.02792203482450833	-0.8256993391858986	-0.2928790999121934	-0.3939781506809519	2.459980073372367	-0.2927859990525704	0.7017398238034614	-0.2779379117538301	1.965503700631661	1.965503700631668	0.1218742524839763	-0.1019966431102583	0.4507097826953995	-0.09357739060551666	-0.08016565789142897	-0.005258196288796284	-0.01013740426608309	-0.1825238057650236	0.08130136552000551	0.02984589962194001	0.09665415315189876	-4.607553230637087	-15.58629086318337	6.067951995188745	-4.276963964251235	-477.6655456563129	-67.18933177702765	-38.03063578074904	-0.5551442539098282	0.121773079734627	-1.261358848519803	2.409753033524762	0.3017189478433422	0.8580130823863067	0.8122855404687863	1.756676783731201	1.756676783731183	0.1314021845822093	0.06722877460871107	0.3616160685226377	0.4442449203497866	-1.943881698182869e-07	-1.919095971182967e-06	3.297188414709868e-07	-3.296992457821826e-07	-4.516851407342409e-07	-3.903820719823847e-07	-2.863818098344379e-07
0.35	-0.2260257980216708	-0.003479300753634636	0.8299906109616495	0.735789006230825	-0.3990630391265291	-0.3332708041609895	-0.2250268236334669	0.5050671193707204	0.5050671193707196	-0.147144908495479	-0.1450892701905549	0.03225786389302877	-0.02883649262815776	-0.8305656052464461	-0.2914295086180501	-0.4064405271854559	2.482430452827195	-0.2897199083789925	0.7095989341153285	-0.2698111535617865	1.981920958780531	1.981920958780542	0.122830133621951	-0.1017153827963933	0.453916728143179	-0.08929021512895571	-0.08592563475825248	-0.003213451924846907	-0.01004324671787673	-0.1842608916967088	0.08013593599433215	0.03117655550170005	0.1012128315123695	-5.012033986994973	-16.06462886015155	6.111379055810573	-4.507375469941699	-479.079516221289	-66.92322630606202	-37.49763372676838	-0.4276209842606191	0.1671831187136024	-1.231793208482426	2.099549348554839	0.3197699469696773	0.7345864775993123	0.8222229088735985	1.532330470405812	1.532330470406264	0.07464890630266614	0.01188508644348513	0.2844821431238959	0.4248169689361288	-1.924106368930853e-07	-1.96155644351015e-06	2.968259529967632e-07	-3.585689607635229e-07	-4.063196776686723e-07	-3.74272436842812e-07	-2.939455048126962e-07
0.36	-0.2343516596779185	-0.006384578310000217	0.8258650381915981	0.7607150419613226	-0.4019431140026183	-0.32613807280732	-0.2276827427197412	0.5249597638702083	0.5249597638702355	-0.1459123432128439	-0.1461044610543547	0.03681043873785252	-0.02970730605551621	-0.8344419993923299	-0.2895546787455296	-0.4186275499726305	2.502355590165743	-0.2862251849112284	0.7168471033076923	-0.2613103173576847	1.996261422527036	1.996261422527049	0.1236647278758287	-0.1013017054158048	0.4564936079996905	-0.08484851534731962	-0.09168561162507274	-0.001168707560896135	-0.009949089169698923	-0.1859979776283902	0.07897050646865947	0.03250721138146238	0.1057715098728422	-5.423701515647618	-16.54316531145469	6.156502394624333	-4.743547220556759	-480.6041273401896	-66.69529775070721	-36.91512502239301	-0.3571698709770731	0.2068207954100571	-1.206288105053925	1.904704610268659	0.3874455066805922	0.7358248584856808	0.88710114288044	1.341317903258069	1.341317903258085	0.1071448077628004	0.09371218795341063	0.2356029502690658	0.4751497813648129	-1.881000088437746e-07	-2.003941822803017e-06	2.539868882986766e-07	-3.897297620750862e-07	-3.574215877805057e-07	-3.554572115206693e-07	-3.004999305570961e-07
0.37	-0.2427114783496163	-0.00926901119811324	0.8216190508137731	0.7858280382842197	-0.4047862299167705	-0.3189360488587366	-0.2302517307490075	0.5449858339343038	0.5449858339343401	-0.1446718296667203	-0.14711514002541	0.041385809524866	-0.03053296609422504	-0.8373635547656888	-0.287264030098509	-0.4305120867151696	2.519831448583434	-0.2823351440549514	0.7234544155157656	-0.2524312304460288	2.008617425903031	2.008617425903008	0.124426754656788	-0.1008180116570874	0.4584815184793727	-0.08026266489047436	-0.09746966750073467	0.0007256508178818363	-0.009916594951346254	-0.1879105062921785	0.07804992871492694	0.03374359352212237	0.110356836849471	-5.77836284414713	-16.99070814879333	6.196647487576597	-4.997205686635076	-482.4187444677362	-66.42509209468579	-36.27856938189639	-0.2358858441748908	0.2502870039407925	-1.170928555363	1.607226768475655	0.3994620286093344	0.6074508340747192	0.8967211727340303	1.13252747307114	1.132527473065699	0.0587215992154495	0.02824235323998169	0.1654693032425728	0.4537203992764168	-2.063331155146724e-07	-2.019727100611825e-06	2.976184120304605e-07	-3.961795808522636e-07	-3.600551976161136e-07	-3.517104976624725e-07	-3.139772149372659e-07
0.38	-0.2510957600697797	-0.01212851757883751	0.8172559396492206	0.8111034332534849	-0.4075885096916583	-0.3116710985016512	-0.2327302461676721	0.5651254212158205	0.5651254212158638	-0.1434240978555989	-0.1481204731821928	0.04597807625796129	-0.03131208408407903	-0.8393346090854311	-0.2845693772677784	-0.4420523073180755	2.534835319439376	-0.2780579570583514	0.7294323850081014	-0.2432157952373386	2.018964866011064	2.018964866011004	0.1251083808758656	-0.100232542562007	0.4598727972160457	-0.07554010557634772	-0.1032537233763962	0.002620009196659922	-0.00988410073301523	-0.1898230349559651	0.07712935096119429	0.03497997566278271	0.1149421638261003	-6.144959557668795	-17.43792027046752	6.238749688977424	-5.237355228808828	-484.4109071145394	-66.20483976986912	-35.5880815256825	-0.1670696602537559	0.2876216321520263	-1.137424877127327	1.410307097918631	0.4648747347451694	0.6099563153381369	0.9543708022872622	0.9396052496656518	0.939605249665687	0.09106469538643537	0.114067255226017	0.1162766016672274	0.5024915528210877	-2.374483563114038e-07	-2.020312320429742e-06	3.906617005793137e-07	-3.885088381812205e-07	-3.921354930081642e-07	-3.565743617836735e-07	-3.314104185378757e-07
0.39	-0.2594949630443296	-0.01495910156695273	0.8127792800694575	0.8365164121993813	-0.4103462630351083	-0.3043493171776571	-0.2351150738222829	0.5853584460052749	0.5853584460052798	-0.1421701757811935	-0.1491193648703065	0.05058125682520011	-0.03204349508341718	-0.8403531538602299	-0.2814844610146623	-0.4532098144705147	2.547353742965267	-0.2734357003956314	0.7348205490782893	-0.2336977549395588	2.027310705651388	2.027310705651343	0.1256691107332329	-0.09953004734903191	0.4606669960823476	-0.07072477001234911	-0.1091513601804106	0.004416387625992801	-0.009893837501343275	-0.1917378098596304	0.07622369251843515	0.03614347237125541	0.1196175014413614	-6.526117462209698	-17.85137460972864	6.275978775172046	-5.442045608285024	-486.6722359502792	-65.94132843288558	-34.84872474411979	-0.0462963504536367	0.3282934100808533	-1.09452539952646	1.111624010367109	0.4696768070913572	0.4874703972756989	0.9583177553056919	0.7327330073401557	0.732733007342168	0.03722262532765497	0.05086786786273615	0.04647879312839816	0.4739257681237776	-2.554108724680685e-07	-2.025172970850854e-06	4.235102622236674e-07	-3.885650310768914e-07	-4.048920190747293e-07	-3.472266159664008e-07	-3.418557848851307e-07
0.4	-0.2678997613594997	-0.01775696303489889	0.8081931230651251	0.8620423781866253	-0.4130560386769199	-0.296976809424078	-0.2374031616515595	0.6056650611283576	0.6056650611283236	-0.140910917309332	-0.1501107261635833	0.05518947683390528	-0.03272617848512845	-0.8404536772094562	-0.2780248732339669	-0.4639517922319266	2.557432727708869	-0.2684624167306733	0.7395776709251402	-0.223867830170485	2.033682932736685	2.033682932736652	0.1261756603672312	-0.09872646359487756	0.4608806855093185	-0.06579458605096931	-0.1150489969844256	0.006212766055324703	-0.009903574269678705	-0.1936525847632957	0.07531803407567536	0.03730696907972677	0.1242928390566227	-6.917648085734754	-18.26512100653121	6.315663107999449	-5.640045343328145	-489.0906750926464	-65.72976011205709	-34.06582421459205	0.01653462486077414	0.362555937667891	-1.054318998921871	0.9224193414606804	0.5350801351928066	0.4837478706707106	1.016747696546042	0.5448827386599802	0.5448827386599776	0.08022865071262317	0.1342849634618693	0.0001747138010299814	0.5254612322973261	-2.651798880292818e-07	-2.032697004270678e-06	4.188604694029236e-07	-3.934347248174005e-07	-4.056107872008281e-07	-3.290257360890954e-07	-3.479480722876729e-07
0.41	-0.2763009840253625	-0.02051839139413153	0.8035017453815578	0.8876569394329149	-0.4157144452034952	-0.2895598929767744	-0.2395914912492749	0.6260256270707808	0.6260256270707245	-0.1396468313922523	-0.1510936221841281	0.05979699122490419	-0.03335907639934407	-0.839641734121331	-0.2742015645470567	-0.4742420113794128	2.565073097422964	-0.2631687817569867	0.7437008886059254	-0.213752579691438	2.038106194668725	2.038106194668701	0.1266370930824021	-0.09783747179928212	0.4605310597743754	-0.06077111436851752	-0.1210219639854777	0.007809955790718873	-0.009961331680786214	-0.1956505367997216	0.07452753168095168	0.03842868803245238	0.1290293443062259	-7.290328295729822	-18.66452305744287	6.353630195294587	-5.837338180443117	-491.7745577783577	-65.51256585709136	-33.24475259291139	0.1359142097957684	0.4010243635741567	-1.004194587580283	0.6239011547430949	0.534244632968322	0.36061391289044	1.015740175752809	0.3425088405007582	0.342508840501931	0.02811304336523432	0.06865830774778883	-0.06627007320498329	0.4931490744299419	-2.907076552367161e-07	-1.995988447779123e-06	5.095128789667954e-07	-3.780402236483903e-07	-4.267146541387726e-07	-3.160097021894398e-07	-3.60169671927919e-07
0.42	-0.2846896092485426	-0.02323982546062075	0.7987099012635318	0.913335715450017	-0.418318367489431	-0.2821049433134413	-0.2416773030517662	0.6464207178165301	0.6464207178164504	-0.1383783286557338	-0.1520671378826859	0.06439826158734109	-0.03394126780909301	-0.8379341886729103	-0.2700260146852825	-0.4840450791236329	2.570275681871426	-0.2575655686028303	0.7471843141310315	-0.20336427112564	2.04058789340175	2.040587893401734	0.1270590242554098	-0.09685039919811046	0.4596318797969118	-0.05565328515763232	-0.1269949309865322	0.009407145526112869	-0.01001908909191417	-0.1976484888361461	0.07373702928622804	0.03955040698517812	0.133765849555827	-7.67293254598956	-19.06461560899451	6.394481368432945	-6.028910642423785	-494.6098221776695	-65.34769194581951	-32.39097252157207	0.1956550969199228	0.4330041726407127	-0.9568887182686423	0.4348622883341074	0.5969957712868008	0.3557894395348918	1.071359313896216	0.1565700988568358	0.1565700988568356	0.07232834227998242	0.1539011245771098	-0.1097361347030819	0.5443327379840072	-3.269193218653168e-07	-1.929291694737482e-06	6.647769511643033e-07	-3.489072852525876e-07	-4.616389270508495e-07	-3.0650881810514e-07	-3.765467374920319e-07
0.43	-0.2930566995329217	-0.0259178096904073	0.7938225758049376	0.9390543243552569	-0.420864885373864	-0.2746179665823757	-0.2436580423421759	0.6668309308563081	0.6668309308562975	-0.137106133885411	-0.1530300641675604	0.06898777623002722	-0.03447201303875998	-0.8353409783188117	-0.2655182383069054	-0.4933281475831551	2.573048123341409	-0.2516941790971118	0.7501004053071788	-0.1927486277757472	2.041139648565216	2.041139648565208	0.1273813796548558	-0.0957251099335429	0.4581835847189434	-0.05048557631609295	-0.1330115068628462	0.01092541201261064	-0.01011705512153182	-0.1996993054247265	0.07302787320648831	0.04051194170750192	0.138519884594507	-8.047347713270227	-19.3961632361626	6.423934862596186	-6.173772257522645	-497.6511933127701	-65.06702670137319	-31.5098174832757	0.3125944996546735	0.4674860056352755	-0.9003314490442605	0.1387410063554437	0.5889470080277686	0.242606542101114	1.061910722609241	-0.04270497428841483	-0.04270497428717919	0.0121214057235748	0.09351867840814591	-0.1755625601603609	0.5047368197938664	-3.676073161162638e-07	-1.818440982884434e-06	8.624625726226954e-07	-2.988308049443984e-07	-5.10465927197453e-07	-2.89608766479047e-07	-3.907725169140242e-07
0.44	-0.3013935696147599	-0.02854915182937027	0.7888451565538982	0.9647887188612017	-0.423351342069677	-0.2671052114224597	-0.2455315764236719	0.687237224807845	0.6872372248079034	-0.1358307291077049	-0.1539814023895859	0.07356017064877027	-0.03495073180750057	-0.8318901481647193	-0.2606975965205645	-0.5020638376126889	2.573432802012394	-0.245553330878857	0.7523399999011842	-0.1819232293429171	2.039804075753486	2.039804075753486	0.1277010257321685	-0.09453278662851268	0.4562078350083095	-0.04524799297235507	-0.1390280827391623	0.01244367849910658	-0.01021502115115547	-0.2017501220133072	0.07231871712674778	0.04147347642982328	0.1432739196331861	-8.42921095131168	-19.72902301130467	6.45658655029555	-6.324890187078958	-500.8124514246383	-64.83876126282333	-30.60655322607301	0.3671790569186461	0.495577254233495	-0.8474130322709523	-0.0426902714654889	0.6508875137940497	0.2204901231064533	1.113310330483687	-0.2208954961823674	-0.2208954961823688	0.07178647785331251	0.167307932669632	-0.2152270612361628	0.5583076384237056	-4.115936570363079e-07	-1.675055775065084e-06	1.091406177747002e-06	-2.333222411218189e-07	-5.695370421484444e-07	-2.672566966642643e-07	-4.034131381260327e-07
0.45	-0.3096917463826129	-0.03113077251394516	0.7837832420842039	0.9905150185513343	-0.4257751698010659	-0.2595728460842306	-0.247296019605773	0.7076206139462758	0.7076206139462691	-0.1345525665061218	-0.1549200289959397	0.07811014691188253	-0.03537688353954165	-0.8276123253265951	-0.2555776187211902	-0.5102176591425494	2.571438023284165	-0.2391736664752283	0.7540080292602239	-0.1709458445400502	2.036570191834788	2.036570191834787	0.1279462908378707	-0.09319360695830528	0.4537100412651339	-0.03997133117711976	-0.1448681411664941	0.01351427734129724	-0.01036941266782404	-0.2042638525010161	0.07213409212889821	0.0423772093628662	0.1478813482449292	-8.659340595881556	-20.06472863199027	6.491269453262365	-6.553416269955276	-504.1853864442984	-64.64983103112682	-29.68800627779475	0.4780049592886325	0.5275054523099132	-0.7842762939755444	-0.336257639853437	0.6373508770141199	0.1208537393156144	1.092886935770359	-0.4200870481474535	-0.4200870481475165	0.002900142550779472	0.1173523466753434	-0.2787199408196522	0.5141185873773093	-4.795328008899822e-07	-1.458745845424703e-06	1.540640515968999e-06	-1.447878778766672e-07	-6.355816540366549e-07	-2.343985990317555e-07	-4.352185915921985e-07
0.46	-0.3179431607096789	-0.03365973393862219	0.7786428074830847	1.016209693260914	-0.4281340318937453	-0.2520276215730091	-0.2489501020637291	0.7279625738038323	0.7279625738037613	-0.1332715505303559	-0.1558452379330968	0.0826328123555706	-0.03574991402616959	-0.8225376600072977	-0.2501657445409937	-0.5177678638976884	2.567107805901859	-0.2325602031369252	0.7549118344997782	-0.1598510845138965	2.031518219578734	2.031518219578733	0.128271700568457	-0.0918492527889357	0.4507456711235025	-0.03462374388972988	-0.1507081995938287	0.01458487618348526	-0.01052380418448205	-0.2067775829887266	0.07194946713104756	0.04328094229590547	0.1524887768566711	-8.890376113402112	-20.40383257459843	6.530557872782164	-6.821013941098091	-507.5908047431787	-64.50400050116755	-28.76937333166748	0.5265475531532759	0.5539565303979503	-0.7266896773266508	-0.5097780022811128	0.6976473007289409	0.0676452992093121	1.136785375141028	-0.5845131636534001	-0.5845131636534067	0.08781540283014115	0.1683428325020628	-0.3085423409273213	0.5724927368546192	-5.666341870905603e-07	-1.184096138327498e-06	2.166107440669146e-06	-3.783287509345806e-08	-7.072050634746407e-07	-1.931356791450659e-07	-4.823559108616901e-07
0.47	-0.3261398206673077	-0.03613328148329811	0.7734299388565397	1.041849488260276	-0.4304259370574923	-0.2444753613947133	-0.2504929186968444	0.7482449424759207	0.7482449424758789	-0.1319884192387575	-0.1567558231320255	0.0871233498964533	-0.03606961385351137	-0.8166608827750326	-0.244512014158166	-0.5246988938146859	2.560478871859603	-0.2257898530814648	0.7554168616431003	-0.1487167976815261	2.024662918440293	2.024662918440293	0.1283653946266704	-0.0902728951607029	0.447274732142411	-0.02931825403183862	-0.1567462791939788	0.01594249301086383	-0.01066122668012708	-0.2088702997385458	0.0709952644214063	0.04395277395827549	0.1571692187350006	-9.383971552643755	-20.59009891171893	6.538453175328875	-6.712713386936983	-511.1021537134276	-64.10999094764338	-27.8516976687664	0.6382058786076971	0.5758462003070602	-0.6604126063192988	-0.7953663125691717	0.6711999729269029	0.02298801543161372	1.101067001423298	-0.7798271971392656	-0.7798271971391821	-0.02829143415253926	0.1520298490533376	-0.3794639381875397	0.5091561161810157	-5.98342114335207e-07	-9.305607777655409e-07	2.516514490717549e-06	3.936649695738498e-08	-7.221392205261336e-07	-1.314729442209173e-07	-4.940500005783143e-07
0.48	-0.3342737202385449	-0.03854933874252937	0.7681509393393381	1.06741181087774	-0.4326492444976901	-0.2369218396262766	-0.2519245291288083	0.7684500004149863	0.7684500004149711	-0.130704038574875	-0.1576506952304528	0.09157655919522766	-0.03633634298108931	-0.8099855827289856	-0.2386676874520635	-0.5309940420290029	2.551613329522498	-0.2188406584271123	0.7551641525279412	-0.1376098442836257	2.016056072973859	2.016056072973859	0.1285215750261053	-0.08870663268969228	0.4432800227018206	-0.02402960393696191	-0.1627843587941303	0.01730010983824294	-0.01079864917580852	-0.210963016488362	0.07004106171176552	0.04462460562064662	0.1618496606133284	-9.878286749521248	-20.77839082195403	6.549130637863986	-6.649453714269747	-514.6512619279678	-63.77494835061855	-26.93391906176319	0.6862521159096459	0.5920757950529217	-0.5995133367905214	-0.9570996612506318	0.733416220507346	-0.08390195248692127	1.131318688247007	-0.9348220292521858	-0.9348220292521793	0.1003126710744416	0.1663238010576226	-0.4132964328270956	0.5691247842517089	-5.819726998445173e-07	-6.953510764605902e-07	2.628190328804064e-06	9.074022724051485e-08	-6.878713849402936e-07	-5.210470945293576e-08	-4.74982042003771e-07
0.49	-0.3423371452490905	-0.04090602333211907	0.7628122106386152	1.092874704886625	-0.4348021388179876	-0.22937364772036	-0.2532452040743016	0.7885604418569849	0.78856044185695	-0.1294180729392677	-0.158529192686571	0.09598741671300948	-0.03655013619217679	-0.8025765580805512	-0.2326389103044034	-0.5366376103224831	2.540597102759742	-0.2117182453264107	0.7543696960606531	-0.1265475514097345	2.005748305787998	2.005748305788001	0.1286616492568371	-0.0869865877956584	0.4388160977569479	-0.01873689950374387	-0.1685065573726643	0.01804542222050545	-0.01092931220670277	-0.2137178048650197	0.06983131988001662	0.04521387143430934	0.1662733457495925	-10.14595619122633	-20.97100653119759	6.561064756739055	-6.711659205917195	-518.3281209680786	-63.49908958555745	-26.01551846727891	0.7865912094453916	0.6128498285864428	-0.5297996579942054	-1.229217708707048	0.7043789783172474	-0.09330609644714462	1.090323597749443	-1.121247361522375	-1.121247361521895	-0.03061349874989102	0.1763297095927126	-0.4742528914880195	0.5079450671651612	-5.674846349656448e-07	-5.395322189866454e-07	2.696633571127439e-06	1.233710280693929e-07	-6.564705956725402e-07	2.29354832501853e-08	-4.628332942388413e-07
0.5	-0.3503228072991247	-0.04320150591943938	0.7574204420384838	1.118216369922897	-0.4368832639825851	-0.2218366180996367	-0.2544559282888981	0.80855930696747	0.8085593069674173	-0.1281310002209149	-0.1593901927185485	0.1003513725081082	-0.03671128200007041	-0.7944329906267137	-0.2264272869981861	-0.5416020219106608	2.527367535000228	-0.2044868272870806	0.7529316954894689	-0.1156196981042727	1.993740806671365	1.993740806671372	0.1287429915746707	-0.08520714786096643	0.4338996781652487	-0.01350012329819351	-0.1742287559512036	0.0187907346027636	-0.01105997523756666	-0.2164725932416806	0.06962157804826617	0.04580313724796591	0.1706970308858535	-10.41602511309794	-21.16448612020975	6.574604956163131	-6.812181730243341	-522.0702071781003	-63.28100058875279	-25.09662334107434	0.8331606769902671	0.6286450267643616	-0.4636819957300299	-1.399767860602174	0.7552172082330578	-0.2126107732661307	1.104430774561104	-1.274768415406351	-1.274768415406352	0.08856628849479424	0.1782028091892385	-0.5037953621923809	0.5579391387181757	-5.547672520743649e-07	-4.584341557065893e-07	2.724387311556093e-06	1.383614247060336e-07	-6.277682029394565e-07	9.390222459814353e-08	-4.571967448829597e-07
0.51	-0.3582235384836253	-0.04543408565630457	0.7519824325649693	1.14341513539959	-0.4388915261865886	-0.2143168484607	-0.2555581533204656	0.8284298769756957	0.8284298769756829	-0.1268434043430653	-0.1602329393483692	0.1046639707401089	-0.03682030585419522	-0.78559748358926	-0.2200704091593671	-0.5458832389678925	2.512039405066126	-0.1971503382414351	0.75092171685304	-0.1048697957515218	1.980105160047418	1.980105160047425	0.1287698278264977	-0.08333378501699018	0.4285454168785831	-0.008317078900118166	-0.1798741476608225	0.01947001547743495	-0.01113436597645877	-0.2191462470181538	0.06919338349150779	0.04619626190735192	0.1749922839714891	-10.76046490101972	-21.25339368741989	6.56420015682109	-6.72211134248156	-525.7633448829591	-62.92185535747337	-24.1778567387565	0.9260421541495862	0.6419760312313916	-0.3929691414778492	-1.651338609945305	0.724856944964332	-0.2106611573133798	1.053596834280569	-1.448077154834065	-1.448077154833923	-0.04117715637769961	0.1937162763707972	-0.5624195493345275	0.4963701658113645	-5.410448319426748e-07	-3.717048555159784e-07	2.754460844157734e-06	1.566996230120115e-07	-6.019537523956686e-07	1.65611353456284e-07	-4.501994524674582e-07
0.52	-0.3660324553103459	-0.04760254324102341	0.7465050854047309	1.168450218966916	-0.4408260250616888	-0.2068202725578246	-0.2565542139547757	0.8481560676438926	0.84815606764392	-0.1255557239926781	-0.1610565896988767	0.1089207907517566	-0.03687792264924744	-0.7760701190707396	-0.2136028565689184	-0.5494695592554476	2.494631153126783	-0.1897341615064275	0.7482929482773271	-0.09438681865283129	1.964864938665666	1.964864938665674	0.1287598860821506	-0.08138789199825447	0.4227440340946827	-0.00321871148367678	-0.1855195393704412	0.02014929635210429	-0.01120875671534322	-0.2218199007946278	0.06876518893474852	0.046589386566735	0.1792875370571258	-11.10840612890956	-21.34247875786022	6.554728422866735	-6.664403217035194	-529.5381834079396	-62.62228673405315	-23.26039936519512	0.971532173203581	0.6507799770902991	-0.3247026417947154	-1.815792261650239	0.7711547461054673	-0.3363687611228909	1.051045723749028	-1.595683366967309	-1.595683366967309	0.08121068925997477	0.1927088441411306	-0.5932196616393074	0.5410037423913839	-5.262968636064847e-07	-2.792293952125564e-07	2.786901511629772e-06	1.784539454703743e-07	-5.790861816368762e-07	2.380780205901207e-07	-4.418136467258141e-07
0.53	-0.3737428352748614	-0.0497058439093597	0.7409953671973947	1.193301168565296	-0.4426859604763136	-0.1993527664186007	-0.2574468067761294	0.867722035890832	0.8677220358908387	-0.1242683814550605	-0.1618602626354857	0.1131174721018303	-0.03688492531625544	-0.7658972954073358	-0.2070452888259917	-0.5523541607289061	2.475223479637833	-0.182244802035039	0.7451050124856227	-0.08419187055299708	1.948073442932103	1.948073442932106	0.1287024632177895	-0.07934265278772198	0.4165247835461376	0.00180148280980024	-0.1910063130399175	0.02056144685875554	-0.01123105877557525	-0.2246108608970356	0.06843400355202831	0.04686184322074565	0.1834179844435793	-11.42732509341892	-21.38074628889388	6.533163356452908	-6.549772137449517	-533.2733248306088	-62.27689896665897	-22.34583536871127	1.056374991895006	0.6600813898388884	-0.2524640926735979	-2.053628556140628	0.7387122971890476	-0.3258689836053054	0.9947006128324164	-1.759085363275442	-1.759085363276148	-0.05008766592900141	0.211603975795066	-0.6463796663018373	0.4797327040618469	-5.096104966786443e-07	-1.828594535942088e-07	2.812075938856061e-06	2.03099896156985e-07	-5.57679555102313e-07	3.091072182544621e-07	-4.309479487398931e-07
0.54	-0.3813482434969456	-0.05174320165687771	0.7354603779368133	1.217947966696062	-0.444470825146318	-0.191920312236376	-0.2582392538645382	0.8871124486430912	0.8871124486430768	-0.1229817869244167	-0.1626432486767306	0.1172499405634505	-0.03684228495408146	-0.7550757705844838	-0.2004142724052638	-0.5545237699044511	2.453800859603954	-0.1747200125823102	0.741282556877475	-0.07435767206389064	1.929753839729554	1.929753839729553	0.1286102846876347	-0.07725051292575895	0.4099014564040032	0.006709894352716799	-0.1964930867093946	0.02097359736540671	-0.01125336083582214	-0.2274018209994424	0.06810281816930827	0.04713429987475654	0.1875484318300319	-11.75021051152049	-21.41913697931078	6.512553683884201	-6.46560074239626	-537.0966674781232	-61.99115932848049	-21.43720862015854	1.101272405093178	0.6654697126505354	-0.1817041822119988	-2.218781570636091	0.7782407423735309	-0.4632727244115364	0.9788958016034713	-1.901304860764361	-1.901304860764372	0.0742595561012325	0.2020889744272394	-0.6740349803572018	0.5186471922792912	-4.907795185430205e-07	-8.21807241380711e-08	2.829211121555139e-06	2.309450950961253e-07	-5.378892923903015e-07	3.785460241653192e-07	-4.173385401858359e-07
0.55	-0.3888424121145372	-0.05371397009751809	0.7299072769053702	1.242370837702633	-0.4461802160194153	-0.1845288643461255	-0.2589352063130706	0.9063121701827105	0.9063121701827024	-0.1216963593447773	-0.1634048168253013	0.1213142284116402	-0.03675103610824831	-0.7436567451523598	-0.1937348300731215	-0.5559747538144927	2.430451296170693	-0.1671561724915765	0.736909270033492	-0.06491118834393436	1.909947211082901	1.909947211082893	0.1284643987809821	-0.07505693691024488	0.4028939238999505	0.01151870480363284	-0.2017850991635122	0.02126458052040078	-0.01121439617869695	-0.230271700490768	0.06785750484252981	0.04718651925059454	0.1914778353498369	-12.04610824141541	-21.35990127589294	6.468721799203951	-6.297299713194842	-540.8189745372051	-61.55935706352739	-20.53928918862315	1.177330442422074	0.6699185676283422	-0.1086485288656774	-2.441430056251813	0.7453920798632699	-0.4393652113295168	0.9157690519853907	-2.056748450267658	-2.056748450268645	-0.06056001526652243	0.2294908167604517	-0.7234128469457914	0.4584950638277031	-4.686306747127733e-07	3.192888446835894e-09	2.818375734061956e-06	2.519544072711614e-07	-5.141397656371699e-07	4.423747489258444e-07	-4.022921237855352e-07
0.5600000000000001	-0.3962193679117776	-0.05561779670001058	0.7243432954281334	1.266550535809555	-0.4478139812041173	-0.1771841510337028	-0.2595390450454443	0.9253065441191322	0.9253065441191314	-0.1204127000944473	-0.1641441494333885	0.1253065808424859	-0.03661239973944	-0.731633206514233	-0.187025904775688	-0.5566998590631507	2.405166279674202	-0.1595948749032431	0.7319356413119954	-0.05593492883223043	1.888684319090175	1.888684319090161	0.1282566188256087	-0.07280340482885192	0.3955143729352381	0.01618739894774665	-0.2070771116176307	0.02155556367539332	-0.01117543152155204	-0.2331415799820948	0.06761219151575071	0.04723873862643012	0.1954072388696416	-12.34484250152926	-21.30048604248143	6.425225343192676	-6.164518772934403	-544.6156047546895	-61.18184239080343	-19.65442011723366	1.22217504629372	0.6713663057087486	-0.03652844993527738	-2.605872183282175	0.7777322418934798	-0.5833410999142954	0.8848509599529997	-2.192557529978751	-2.192557529978756	0.06188074635707023	0.2140801876030144	-0.7484386724891591	0.4906239309188443	-4.425003920489782e-07	7.020036078626667e-08	2.773975662338061e-06	2.647606553292727e-07	-4.856391220346945e-07	4.994713763059716e-07	-3.855212979697424e-07
0.5700000000000001	-0.4034732679700849	-0.0574544763610302	0.7187756867332107	1.290468077890134	-0.449372082666975	-0.1698920301537361	-0.2600554942832604	0.9440811776654175	0.9440811776654159	-0.1191313198666622	-0.1648605566044018	0.1292233534321119	-0.03642767333697378	-0.7190513848661449	-0.1803131596427032	-0.5566995683226532	2.378032369158894	-0.1520294193896289	0.7263901031692388	-0.04745016508973664	1.866010722761733	1.866010722761726	0.1280076745114571	-0.07047423586996804	0.3877820332201881	0.02073153881010064	-0.2122012323007338	0.02150411825956186	-0.01106320957599308	-0.2359963171717903	0.067187469623374	0.04732475251429659	0.199154279731197	-12.69522035818916	-21.24557517511696	6.381154285337861	-5.910237820004985	-548.282698671482	-60.89993428103234	-18.78437490592031	1.29043486262518	0.6708131858435824	0.03656067234429807	-2.813689823231559	0.7449851683057797	-0.5552374917829539	0.8160021275767441	-2.339435588090804	-2.339435588089621	-0.06995976100923738	0.2434593541825043	-0.7943122217920051	0.4320184574425792	-4.117838935214866e-07	1.422505397994671e-07	2.712182027553663e-06	2.765338939413192e-07	-4.533909592840235e-07	5.491264076581851e-07	-3.646475477620662e-07
0.58	-0.4105984999841997	-0.05922411165696992	0.7132117315129534	1.314104972998045	-0.4508547229822542	-0.1626583801192628	-0.2604899532744148	0.9626221402676551	0.9626221402676528	-0.1178527646301599	-0.1655534472649973	0.1330610665044315	-0.03619836364717424	-0.7058995976757033	-0.1736170317597085	-0.5559691641300717	2.349036885140528	-0.144502645387599	0.7202414722134175	-0.03953687950007582	1.841950130280736	1.841950130280738	0.1276916205689868	-0.06810010274502656	0.3797024694739747	0.0251040564144107	-0.2173253529838267	0.02145267284373048	-0.0109509876304129	-0.2388510543614871	0.06676274773099593	0.0474107664021621	0.2029013205927628	-13.0482900042117	-21.19049520045574	6.337403230320457	-5.691112339166843	-552.0211785600526	-60.66943928840748	-17.9305775483475	1.336168154764444	0.6680428557107226	0.109494240481546	-2.978186883893776	0.7699959395766273	-0.7039596625272641	0.7705553293864078	-2.469956760489699	-2.469956760489699	0.04845882069330944	0.2230730208145352	-0.8178834787218382	0.4562994793100565	-3.750946487529027e-07	2.208679647133899e-07	2.627736310643961e-06	2.869618179259324e-07	-4.162623064798894e-07	5.890900581368367e-07	-3.384304541603098e-07
0.59	-0.4175896155226693	-0.06092692803287012	0.7076587166895845	1.337443006109327	-0.4522621610226311	-0.1554890746723928	-0.260848105054988	0.9809157381737805	0.980915738173776	-0.116577492080549	-0.1662221901525928	0.136816386232325	-0.03592597392041735	-0.692236835058632	-0.1669539416301665	-0.5545113736468925	2.31827120553418	-0.1369944517650414	0.7135261024693145	-0.03220283688202943	1.816549100844587	1.816549100844591	0.1273461880161671	-0.06564270980750569	0.3713119024301287	0.02934508000769297	-0.2221700925054396	0.02152002718137293	-0.01077595926721113	-0.2418603400271529	0.06668607503977472	0.04707806818142578	0.2063958222795764	-13.29025963471591	-20.95959980333234	6.250290015048997	-5.447379817574264	-555.6110459377697	-60.09792188386543	-17.09404186751213	1.394274311666056	0.6643459743225523	0.1822065847220961	-3.170604636984093	0.7394443871156484	-0.6696178789574269	0.6984246878911647	-2.608163935947877	-2.608163935947574	-0.07845239183492976	0.2584578031286147	-0.8570339265710901	0.4033371500663495	-3.401468379908396e-07	2.731355516396789e-07	2.520021071094658e-06	2.893431358016538e-07	-3.79887880611034e-07	6.193838497723346e-07	-3.139257972340867e-07
0.6	-0.4244415146356708	-0.0625633327309256	0.7021239367975447	1.360464413196952	-0.4535948744640781	-0.1483897813726845	-0.2611361972174041	0.9989487282053903	0.9989487282053832	-0.1153061554761797	-0.1668660820362311	0.1404863221679091	-0.03561210728758182	-0.6780563125820578	-0.1603346961907606	-0.5523221778642721	2.285711680408685	-0.1295577256016715	0.7062390427809876	-0.02552495586888634	1.789828555377623	1.789828555377628	0.1269044315207347	-0.06312990195367435	0.3626257110120784	0.03339943763013694	-0.2270148320270434	0.021587381519018	-0.01060093090402175	-0.244869625692818	0.06660940234855339	0.04674536996069271	0.2098903239663985	-13.53502840071231	-20.727241588746	6.161834190397452	-5.236024214953061	-559.2748083388884	-59.57108363907496	-16.27547958623896	1.439720126665008	0.6592739176834757	0.2557753003697987	-3.336955987723109	0.7557024477390666	-0.8182976513720328	0.6393230084057537	-2.733859966652861	-2.733859966652882	0.02919403217076189	0.2341560040766344	-0.8770083535626859	0.418966285142395	-3.076625192380019e-07	2.881277579980941e-07	2.379387970250308e-06	2.803414499135766e-07	-3.445804099189149e-07	6.359983288980043e-07	-2.918436117025208e-07
0.61	-0.431149203665187	-0.06413386338078574	0.696614671940043	1.383151635701894	-0.4548534912648474	-0.1413663899776688	-0.2613607876198896	1.01670809607129	1.016708096071357	-0.1140393524498121	-0.1674846549396281	0.1440679720349998	-0.03525850828775075	-0.6634000433662144	-0.1537879796308628	-0.5494105766151214	2.251449835864639	-0.1221802683869357	0.6983446216056676	-0.01951618242962362	1.761836254166706	1.761836254166703	0.1264395285271665	-0.06058161968706546	0.3536556988261264	0.0372851836112181	-0.2317154413210433	0.02119198335638455	-0.01034333069640754	-0.247679751685935	0.06601650795774436	0.04666998688694526	0.2132171939499529	-13.93032766431423	-20.58471455499615	6.092765325076651	-4.841648220652324	-562.722929491762	-59.34457140872013	-15.47527483441127	1.490749327368213	0.6499436248811309	0.3268204539413465	-3.513302602326269	0.7262426283049285	-0.7894303766159118	0.563195841485196	-2.86317405154219	-2.863174051543482	-0.0867432160737104	0.2660892886235895	-0.914236086988225	0.3677846428455923	-2.712084886551518e-07	3.229131678127121e-07	2.24213291064931e-06	2.756205072272595e-07	-3.071954169594814e-07	6.456509345269812e-07	-2.653040507888103e-07
0.62	-0.4377078962008799	-0.06563941224509925	0.6911381166783834	1.405487738978479	-0.4560388384394766	-0.134424825999607	-0.261528982022021	1.034181289154433	1.034181289154576	-0.1127776806035708	-0.1680775600302258	0.1475584740930557	-0.03486717065045793	-0.6482570138174025	-0.1473383390814368	-0.5457802586958249	2.215487834737353	-0.1149038003736363	0.6898735593901906	-0.01424575579841403	1.732593598826542	1.732593598826531	0.1258781954954747	-0.05799633939363302	0.3443961492051039	0.04094716512248412	-0.2364160506150454	0.02079658519375167	-0.01008573048877506	-0.2504898776790526	0.06542361356693571	0.04659460381319845	0.2165440639335048	-14.32883597480449	-20.44102941134255	6.022832279409316	-4.474846741240964	-566.2471044762832	-59.16092568361683	-14.69357166606664	1.537072193258725	0.6398587155891209	0.3995186343989438	-3.676987304371221	0.7355046074517906	-0.9336258594034367	0.4916536467951427	-2.98393079250238	-2.983930792502278	0.009908024546063543	0.2415556094413446	-0.9349158405767671	0.3742133911793675	-2.28647209103052e-07	3.881496598676426e-07	2.110074837576545e-06	2.774853233128813e-07	-2.66614235896487e-07	6.445929655456616e-07	-2.319069892871851e-07
0.63	-0.4441130093282839	-0.06708097059890342	0.6857014370994787	1.427456085406668	-0.4571517533902072	-0.1275708060810302	-0.2616481175971143	1.051355943378397	1.05135594337845	-0.1115217707990606	-0.1686442303404811	0.1509551144586156	-0.03444004053729621	-0.6326961525257616	-0.1409906067206435	-0.5414358324248567	2.177906201946222	-0.1076993370206629	0.6808433124670052	-0.009717940361223332	1.70213642887115	1.702136428871138	0.1252769101425816	-0.05533177323346715	0.3348952360379106	0.04444253155022972	-0.2406660830215108	0.02048961291163112	-0.009775129015227542	-0.2536612319839952	0.06556747328874088	0.04607446897166621	0.2195088634077765	-14.48891072753029	-20.13221065643129	5.910892715286925	-4.214184083215811	-569.5828386989219	-58.63059770863482	-13.93029717427288	1.575972420718178	0.6296949707749262	0.4698300825332369	-3.840084405363006	0.7095854216385913	-0.9009586543648231	0.4128583210393501	-3.106690462990674	-3.10669046299064	-0.09907734918390114	0.2802103287271018	-0.963128966416697	0.3314415104705635	-1.900390647871232e-07	4.14822477150945e-07	1.94148365403796e-06	2.668878131130865e-07	-2.27020736177088e-07	6.285137246867374e-07	-2.014944511234013e-07
0.64	-0.450360437978051	-0.06845955873420953	0.6803117868751012	1.44904034887917	-0.4581932900629244	-0.1208097355408027	-0.2617260724520583	1.068220009829621	1.068220009829584	-0.1102726599548749	-0.169183994347251	0.1542556557101784	-0.03397910811147734	-0.6167201182900642	-0.1347442953818311	-0.5363743877903885	2.13867124359993	-0.1006281447709505	0.67128368372027	-0.006009611769699738	1.67047604427844	1.670476044278429	0.1245184034306126	-0.0526150786963849	0.3251763264056737	0.04770762765391195	-0.2449161154279777	0.02018264062951181	-0.009464527541657129	-0.2568325862889381	0.06571133301054673	0.04555433413013546	0.222473662882046	-14.65271793462719	-19.82087045363811	5.796418887543045	-3.976465224749441	-573.0017720750363	-58.13509083911627	-13.18581541384356	1.620106782070041	0.6195745111929231	0.5429223070989716	-4.00765241540364	0.7088503867995903	-1.039502224113431	0.3277562776617545	-3.224573719965694	-3.224573719965695	-0.02153624726908544	0.2519812848246195	-0.9785151335855015	0.3281593263666944	-1.580550930291025e-07	3.768750826547615e-07	1.711674825935028e-06	2.354074858944854e-07	-1.890822700604706e-07	5.872637039247995e-07	-1.76083006120325e-07
0.65	-0.4564460569756019	-0.06977632541490053	0.6749762740916418	1.470224305883397	-0.4591646739377683	-0.1141474387535438	-0.2617711503955097	1.084761669962681	1.084761669962642	-0.1090312198844457	-0.1696965828795758	0.1574579170618937	-0.03348655408078922	-0.6003267181306473	-0.1286390179888232	-0.5306136087414337	2.097858676934385	-0.09367103344223626	0.6610875382529077	-0.003164893504533863	1.637669510448604	1.637669510448624	0.1237485115847816	-0.04989786001022967	0.3152340399057603	0.05076013195131728	-0.2491450914442813	0.01972338581457529	-0.009074691346553705	-0.2594009702965011	0.06484569775133102	0.04525610684992559	0.2253463678148387	-15.11908826216567	-19.55257387393811	5.68840160358983	-3.397230953309691	-576.0885342753979	-57.85360315914377	-12.45935727448058	1.66047234813395	0.6015507797989987	0.6098068165215725	-4.157313989716982	0.6855404169636836	-1.023014441863104	0.2389921132371464	-3.336632066135385	-3.33663206613081	-0.1078081300236117	0.2826264434457405	-1.008326508040184	0.2870977957005872	-1.256283037744788e-07	3.590243920926502e-07	1.507725204545588e-06	2.109881428562669e-07	-1.528422055183232e-07	5.458693988339267e-07	-1.494181407146637e-07
0.66	-0.462365438828507	-0.07103293003637258	0.6697017993212177	1.490992286181449	-0.4600672069171137	-0.1075897721677209	-0.2617925486538227	1.100969676987112	1.100969676987075	-0.1077980972278318	-0.1701817923684535	0.1605595073286407	-0.03296481464427241	-0.5834726893609742	-0.1227118835380451	-0.524166785183367	2.055475902365359	-0.08685796567126872	0.6503576434329265	-0.001273674747642042	1.603745422553053	1.603745422553103	0.1228549206676108	-0.04713927000668292	0.3050421094120096	0.05354470881964839	-0.253374067460594	0.01926413099964023	-0.008684855151413928	-0.2619693543040644	0.06398006249211698	0.04495787956971794	0.2282190727476214	-15.58995904640063	-19.28168569506754	5.577912030228163	-2.830363948424614	-579.2634392040571	-57.60536064131643	-11.74988268378143	1.712232504121258	0.5839459227469523	0.6801312089213631	-4.321693996099707	0.6800416752502508	-1.146252094637219	0.1370563760070518	-3.448084533108709	-3.448084533108882	-0.04627606153702501	0.260255548302928	-1.028443932352983	0.274573840551848	-9.239179109749548e-08	3.779219601528427e-07	1.351060989717967e-06	1.994803137478911e-07	-1.197077895694925e-07	5.042112595415731e-07	-1.204613065728474e-07
0.67	-0.4681143913557017	-0.07223108080890063	0.6644951923141684	1.51132894278476	-0.4609022268861334	-0.1011421509302974	-0.2617992568623136	1.116833006401684	1.11683300640169	-0.1065742241596616	-0.1706391381238637	0.1635582213544919	-0.03241629770864408	-0.5662710540587975	-0.1169402929016033	-0.5170416954400346	2.011609545292629	-0.08017681834410462	0.6390946257207977	-0.0001858074862014926	1.56874365851741	1.568743658517454	0.1218760019731334	-0.04432290846934871	0.2946822498304936	0.05611695327214921	-0.257341220408089	0.01878755867395177	-0.008250192997057707	-0.2648384421315428	0.06386596788111071	0.04440283667768853	0.2309464933802697	-15.81701565177037	-18.93502188662469	5.447424282797328	-2.502798989877502	-582.3585856395041	-57.15812447188024	-11.05654280262218	1.731123087931285	0.5705007056710359	0.7456164513697476	-4.456010782809877	0.6573290989464101	-1.127200312183332	0.07697582418434615	-3.55272238400245	-3.552722384003134	-0.1301795696265902	0.2936257287855996	-1.042479236883138	0.2420804317278882	-5.601897309402015e-08	3.307209732648119e-07	1.04091549023638e-06	1.581889982027998e-07	-7.794337517917625e-08	3.955085893539625e-07	-8.323110314022637e-08
0.68	-0.4736899287209411	-0.07337216866074861	0.6593632199234185	1.531219554973353	-0.4616713998143817	-0.09480933461053012	-0.2617986216138039	1.132341018166856	1.132341018166907	-0.1053614362376789	-0.1710680604094342	0.1664527923313618	-0.03184335219166499	-0.5487896569700054	-0.1112992994020326	-0.5092398619234855	1.966267019421886	-0.07368855751706481	0.6273966599013647	0.000195016694108618	1.532681892673355	1.532681892673394	0.1206378914297172	-0.04145457603853659	0.2842134996156885	0.05843042508979805	-0.261308373355578	0.01831098634826931	-0.007815530842721788	-0.2677075299590207	0.0637518732701057	0.04384779378566725	0.233673914012923	-16.04963136082803	-18.58491405082362	5.313566199528521	-2.180513324257121	-585.5544565506599	-56.73821244037001	-10.37869837810314	1.768184861444359	0.5578264953727193	0.815479963564705	-4.616927755702324	0.6414643752253926	-1.23324171609803	-0.004352240218963049	-3.660084894791033	-3.660084894791095	-0.09811443132478101	0.2706497269985086	-1.050222059010769	0.2228193135814476	-1.3373544437561e-08	1.513228764803391e-07	4.238074214468729e-07	5.733070978427935e-08	-1.891896390588949e-08	1.527168573758425e-07	-2.945416112599682e-08
0.6899999999999999	-0.4790896387909163	-0.0744574305106047	0.6543126473921086	1.550649593010739	-0.4623765586076653	-0.08859755429584715	-0.2617966061399122	1.147483182076604	1.147483182076583	-0.1041605368679426	-0.1714688968187456	0.1692423841868662	-0.03124829522768606	-0.5311423339802417	-0.105767992069455	-0.5007621539205228	1.919511396458845	-0.06738205544574678	0.6149006818961361	0.0001982848065039664	1.495574213274903	1.495574213274926	0.119476070838789	-0.03870188079499555	0.2737054944285401	0.06053854754026344	-0.2658501752755365	0.01794407843357691	-0.007333567786285685	-0.270026266058559	0.06299281427347575	0.04342902452502161	0.2369354596006834	-16.49264105619575	-18.25604988165979	5.181836332412986	-1.807477108601169	-588.9412832298984	-56.36788523934644	-9.715895275962412	1.764509305599861	0.5485422380210946	0.8807941059723741	-4.73925800780517	0.6194104783003244	-1.26657756813729	0.001197344314231817	-3.762612359267941	-3.762612359270297	-0.1350958998120795	0.2792017374198101	-1.050993038176808	0.198440884744006	2.552058940849055e-08	5.291340127494294e-09	-1.139190944302719e-07	-2.86800924877413e-08	3.430273444198719e-08	-7.005030100635485e-08	2.033881107047863e-08
0.7	-0.484312574973422	-0.07548782740997084	0.6493502275182903	1.569605199130255	-0.4630198189091924	-0.08251249410629705	-0.2617948517833933	1.162248968612987	1.162248968612894	-0.1029732317094869	-0.1718418818127443	0.1719269153325771	-0.03063343060440946	-0.5134348794761786	-0.1003263093040431	-0.491609330425151	1.871380635847799	-0.06130885916581592	0.6020526348748269	0.0001427932127142277	1.457406418000624	1.457406418000632	0.1179190491744507	-0.03588429297593723	0.2632013576569945	0.06239195694932587	-0.2703919771954946	0.01757717051888502	-0.006851604729785531	-0.2723450021580992	0.06223375527684527	0.0430102552643752	0.240197005188444	-16.94173924351913	-17.92370507068599	5.046793509335496	-1.427121154997257	-592.4295883904446	-56.01193033386705	-9.067865924059486	1.780211164304242	0.5399015819395631	0.9505030620465271	-4.891955285303396	0.5948032169479668	-1.30365551931418	-0.01610418145615182	-3.872108069956488	-3.872108069956459	-0.1771546460068078	0.2836282421019659	-1.049448375890229	0.1718767053008509	5.61860765736494e-08	-6.754903140759082e-08	-4.775183329512872e-07	-8.212221547066865e-08	7.479590121154688e-08	-2.488925882749233e-07	6.139275269897908e-08
0.71	-0.4893582587025463	-0.07646425875506871	0.6444826987340534	1.58807273237492	-0.4636033573709719	-0.0765591602382233	-0.2617937628702922	1.176627860953253	1.176627860953239	-0.1018018677488891	-0.1721868780343613	0.1745065978144685	-0.03000100811101855	-0.4956984867498465	-0.09497447542389732	-0.4817847455251222	1.821896597038681	-0.05544021031795531	0.5885261941214519	7.724864383231426e-05	1.418199266461256	1.418199266461205	0.1163124285772092	-0.03311789699750002	0.2527473660292903	0.06405274657007416	-0.2748481232899189	0.01726626019861261	-0.006392101292282995	-0.2745197661843949	0.0614802913309825	0.04254914572587915	0.2434110718483602	-17.38132121144748	-17.5711393435454	4.904530683562185	-1.07160474700862	-595.8010339508903	-55.60316720031057	-8.434497710741743	1.77087178933128	0.5306229528767304	1.015209024031285	-5.011026447806535	0.5767940646386753	-1.390264140873162	-0.00144070954824002	-3.970954318774631	-3.970954318783512	-0.1586264165010011	0.2725471172457459	-1.041557932561896	0.1573165266602832	7.4493209379344e-08	-1.25226001166004e-07	-7.324612734256436e-07	-1.19814918598611e-07	1.015097866561317e-07	-3.774797395285684e-07	8.852232235609558e-08
0.72	-0.4942264748119006	-0.07738761202900019	0.6397167703628269	1.606038545577676	-0.464129429675086	-0.07074371593518594	-0.2617932616258529	1.190609494653555	1.190609494653623	-0.1006478121242442	-0.1725043299278894	0.1769821037048129	-0.02935315043418044	-0.4779413555221717	-0.08971069507076829	-0.4712892478230836	1.771036627465941	-0.04981562763275344	0.5744747218671172	2.525947718859565e-05	1.377954690007981	1.377954690007872	0.114457381983241	-0.03037542735781647	0.242366039347531	0.06547899363876158	-0.2793042693843421	0.01695534987834621	-0.005932597854809369	-0.2766945302106896	0.06072682738512192	0.04208803618739211	0.246625138508276	-17.82760707221464	-17.21496072461236	4.758905473334266	-0.7003868141743292	-599.2781126681664	-55.19919791045421	-7.815874938040015	1.784358864572799	0.5222908765362063	1.0846856224485	-5.167141438027854	0.5459899844162164	-1.408661819506135	-0.0133931010085688	-4.079593052737787	-4.079593052737595	-0.2268398453521561	0.2788429743512379	-1.03491538670125	0.1249681948886812	6.296983166219332e-08	-1.463016562910704e-07	-7.251303910287488e-07	-1.194917806972783e-07	9.496333786801785e-08	-3.847613900565341e-07	8.204133897883639e-08
0.73	-0.4989171491617426	-0.07825880642232445	0.6350590802128168	1.623489111826312	-0.4646005765699861	-0.06507153960281897	-0.2617931607691148	1.204183645252819	1.204183645252825	-0.09951351238124057	-0.1727946539463915	0.1793542004402011	-0.02869231256887069	-0.4601980189150195	-0.08454594078780807	-0.4601443009208703	1.718867734664512	-0.04445914150933811	0.5598712151413209	-2.470240355011117e-06	1.336720334529359	1.336720334529256	0.1123656476203724	-0.0276996813477745	0.232072876770117	0.06664673393718357	-0.2834886254594048	0.0166241549377027	-0.005501764894580851	-0.2786593140137064	0.05990820711286721	0.04161810201153222	0.2496198597851747	-18.27469382128566	-16.85472631954443	4.612539206293895	-0.3149350688187497	-602.4162861812899	-54.79075376493478	-7.224664529105112	1.768655530514886	0.5108802737561209	1.14508945327269	-5.273083843395269	0.5237764347382897	-1.499538873836815	0.002929776180804004	-4.168636558331013	-4.16863655833024	-0.2058972024003498	0.2602415799377796	-1.023603218561531	0.1065113094797139	5.662735371288007e-08	-1.53315543458421e-07	-7.199156848497031e-07	-1.1725611111067e-07	9.220616226012129e-08	-3.969171084738054e-07	7.987710398252914e-08
0.74	-0.5034305232511669	-0.07907889075890311	0.6305159775776618	1.640411725018494	-0.4650194989019653	-0.05954806709265391	-0.2617932586728848	1.217340796344716	1.217340796344659	-0.09840124137599519	-0.1730585602716714	0.1816239482447551	-0.02802103042814455	-0.4424813034387295	-0.07948868372164242	-0.4483717448520561	1.665446016175287	-0.03937071504855885	0.5447339574267074	-1.449262557599561e-05	1.294554788534472	1.294554788534374	0.1100516344316584	-0.02509188871344799	0.2218962531807007	0.06756784872203622	-0.2876729815344724	0.01629295999705893	-0.00507093193433423	-0.2806240978167225	0.0590895868406134	0.04114816783567225	0.2526145810620681	-18.72813454730924	-16.49396796698899	4.46676134215703	0.07973913544316147	-605.6479978971325	-54.39166994331664	-6.66967482303306	1.779034638400373	0.5007914331772922	1.210207455768666	-5.417706575587049	0.4923780518890085	-1.515412017269568	-0.01025163454404135	-4.265831155990866	-4.265831155990905	-0.2712956105212166	0.2652522992081488	-1.011607589101723	0.07564309217481516	6.410060847780023e-08	-1.228313827385287e-07	-7.203441152515882e-07	-1.099203570299935e-07	9.95537151328043e-08	-4.220703412625582e-07	8.922419800209399e-08
0.75	-0.5077669739057499	-0.07984897236626975	0.6260936639667947	1.656794106334121	-0.4653888173276359	-0.054178605915292	-0.2617933633873416	1.230071787567347	1.230071787567312	-0.09731304732759645	-0.1732965987542893	0.183792593309044	-0.02734166163642782	-0.4248187022160959	-0.0745481356458171	-0.4359933043995028	1.610837718420173	-0.0345417602820223	0.5290708588329561	-6.589165032934286e-06	1.251502098163491	1.251502098163419	0.1075501440305874	-0.02253108606409266	0.2118569907674921	0.06826138680725953	-0.2915663080116055	0.01596825428172887	-0.004670795032985781	-0.2824074814585366	0.05824924844507621	0.04064553630207449	0.2553779212339188	-19.16973692453121	-16.12130008690877	4.319334276721766	0.4838738961091152	-608.5475650067021	-53.96888002158036	-6.149445592453874	1.758402764453623	0.487590923243451	1.266334287438661	-5.511257017749148	0.4709361576117511	-1.604804219861423	0.0062905015183002	-4.346210894075367	-4.346210894071215	-0.2451339017304579	0.249046034551617	-0.9964686320360145	0.05963197356904099	7.118789204574255e-08	-9.381592207085356e-08	-7.210118326114101e-07	-1.025050904561403e-07	1.063672720319301e-07	-4.476089446968938e-07	9.839333276841896e-08
0.76	-0.5119270925680542	-0.0805702676071865	0.6217980691499412	1.672624631543742	-0.4657112898119259	-0.0489683848117549	-0.2617933932341612	1.242368007302984	1.242368007302971	-0.09625097981257538	-0.173509518853062	0.1858615691362795	-0.02665667290248424	-0.407214904983112	-0.06973141043166117	-0.4230279860493467	1.555074794974037	-0.03000152677245448	0.512885942661864	4.809021031112955e-07	1.207600491135567	1.207600491135524	0.1048263277562998	-0.02006821194464135	0.2019624057700602	0.06869183716740115	-0.2954596344887387	0.01564354856639754	-0.004270658131626435	-0.2841908651003505	0.0574089100495387	0.04014290476847472	0.2581412614057699	-19.61825543133547	-15.74802664789876	4.172501858657994	0.9014305000638017	-611.5462226582592	-53.55420362934252	-5.662223847783509	1.767273840470439	0.476026860843408	1.327583035289223	-5.648631713791372	0.4346338004952681	-1.619775532737726	-0.01041831322543316	-4.435614487379342	-4.435614487379167	-0.3157607851645421	0.2456665932273507	-0.9826721059463808	0.02302554715847668	7.713270087063047e-08	-6.914781355774152e-08	-7.223878393667246e-07	-9.485446690248377e-08	1.116002008493263e-07	-4.742882452421548e-07	1.070357081451538e-07
0.77	-0.5159115860055127	-0.08124403591105428	0.6176349813231875	1.687892017616689	-0.4659897243967191	-0.04392259934993286	-0.2617932930065718	1.254221117015846	1.254221117015821	-0.09521705619780235	-0.17369815069824	0.1878324027792704	-0.02596856102459012	-0.3896979395190618	-0.0650440635808939	-0.4094995671793542	1.4982270479751	-0.0257359804134333	0.4961880804507777	1.814083386520505e-05	1.162895874877339	1.162895874877304	0.1019226843120551	-0.01767604667381437	0.1922343682532588	0.06888604014669564	-0.2990422335514085	0.01529185405776724	-0.00390164949418716	-0.2857968336253183	0.05657685268253618	0.03964272693477041	0.2606649051400912	-20.04319852233742	-15.38272523779573	4.030114428831644	1.30071724313474	-614.193975606048	-53.15158459417789	-5.207721945532636	1.741796608594415	0.4617988150801591	1.378996254634922	-5.729137056130057	0.4150221118076544	-1.70717415537337	0.007644579123528163	-4.506744413013197	-4.506744413012155	-0.2830126896498916	0.2331481235595544	-0.9633771425183765	0.01103636254012099	8.262973449426572e-08	-4.528857822136292e-08	-7.210571170402617e-07	-8.710950855532234e-08	1.162558386097525e-07	-4.988997859153486e-07	1.150570978852347e-07
0.78	-0.5197213320464859	-0.08187158870283703	0.61360988267349	1.70258566804701	-0.4662270021062816	-0.03904626902823694	-0.2617930588931172	1.265623408722532	1.265623408722496	-0.09421323833059057	-0.1738634295647993	0.189706854533499	-0.025279823379058	-0.3722654256861276	-0.06048830801465716	-0.3954301506381334	1.440327666448755	-0.02177015172632799	0.4789949146365207	2.72580754872029e-05	1.117436889900363	1.117436889900335	0.09880517824399206	-0.01539761622101985	0.1826860280176035	0.0688169906949979	-0.302624832614079	0.01494015954913831	-0.003532640856755204	-0.2874028021502857	0.05574479531553447	0.03914254910106848	0.2631885488744115	-20.47490856223063	-15.01694326339401	3.888454547280275	1.713802863300423	-616.9374693789804	-52.75381443111372	-4.785448825344393	1.750383514247265	0.4497086039372953	1.435782569534886	-5.85895861927301	0.3746902661120979	-1.718836253371834	-0.01212685125344979	-4.586488231128994	-4.586488231128962	-0.3585333099282147	0.2229196296208651	-0.9467326497171551	-0.02962493903996405	8.664716310506612e-08	-2.410214120810332e-08	-7.107824203566223e-07	-7.905283523831855e-08	1.190039059210602e-07	-5.166787287504075e-07	1.210265350868067e-07
0.79	-0.5233572706999565	-0.08245425710870778	0.6097281035257471	1.716695301532505	-0.4664260410085315	-0.03434432331661838	-0.2617927144370678	1.276567468823538	1.276567468823502	-0.0932414802477034	-0.1740063495026054	0.1914867794387455	-0.02459296869839161	-0.3549392120218438	-0.05606797990873007	-0.3808433041428212	1.381439350433854	-0.0180895376713184	0.4613133150798309	3.955851561079114e-05	1.071263401690214	1.071263401690229	0.09551352974592915	-0.0132079281386286	0.1733326097939363	0.06850900386670326	-0.3059101424426102	0.01461739434345821	-0.003195886579719311	-0.2888216697186194	0.05491751733336918	0.03862602356911157	0.2654867230108847	-20.88505456143692	-14.64963081813181	3.748599687315068	2.111401771215271	-619.3397813645211	-52.34445249197816	-4.39467872014406	1.721217273551107	0.4347893604914178	1.482516138479694	-5.927704464931735	0.3570492730614458	-1.804874384710348	0.007597298825278142	-4.649563553524587	-4.649563553518012	-0.3193954329082653	0.2136020206674862	-0.924608850346645	-0.03804280678765472	9.032535620441339e-08	-3.905238281952865e-09	-6.992455160895984e-07	-7.117034458361574e-08	1.213719176354967e-07	-5.328965364584892e-07	1.265026479783561e-07
0.8	-0.5268204518205777	-0.08299340334420506	0.6059946689327474	1.730211264583385	-0.466589813310658	-0.02982160411614496	-0.2617923092151813	1.28704643715493	1.287046437154894	-0.09230362161242975	-0.1741280508349628	0.1931741776734245	-0.02391052533642085	-0.3377139191162741	-0.05178387393996325	-0.3657612396894954	1.321593579525628	-0.01471683170166677	0.4431496124074294	3.94112429349371e-05	1.024418535977396	1.024418535977456	0.09202528872134885	-0.01115389513146786	0.1641806939040633	0.0679347269558712	-0.3091954522711419	0.01429462913777917	-0.002859132302684211	-0.2902405372869529	0.05409023935120438	0.03810949803715626	0.2677848971473573	-21.30180941670644	-14.2818669854854	3.609478788280688	2.523322065498132	-621.8345548754766	-51.93665957625299	-4.034447017504722	1.730199362504393	0.4224641765052401	1.53482616113759	-6.05044959793794	0.3131086490405098	-1.815256876514152	-0.01461639381334069	-4.720763731662561	-4.720763731662545	-0.3978518152316886	0.1957886145747732	-0.9064321829583299	-0.08288295554744585	9.274353168979195e-08	1.261625232064953e-08	-6.830204122271472e-07	-6.393481810317368e-08	1.223282942758401e-07	-5.433158422663693e-07	1.301464134326785e-07
0.8100000000000001	-0.5301119639409857	-0.08349039410200405	0.6024144475910265	1.743124206951232	-0.4667213318534756	-0.02548291425248023	-0.2617919000710785	1.297053733239209	1.297053733239153	-0.09140146591217443	-0.1742297774983171	0.1947711115379241	-0.023235052318487	-0.3206071567727952	-0.04763666538036176	-0.350208697151674	1.260850798105804	-0.01164106841648528	0.4245088377571533	4.084336830002995e-05	0.976943045852573	0.9769430458525994	0.08837485353516529	-0.009219454300396078	0.1552422060431068	0.06711278633258083	-0.3121784823424891	0.01396437379531846	-0.002554658570853143	-0.2914791607988401	0.05326948550997228	0.03761808437626288	0.2698592876063411	-21.69545261499796	-13.93346037058696	3.478475108497709	2.905942579493637	-623.9870223282041	-51.55963465974846	-3.703644584918738	1.69813037790475	0.4074794140098744	1.576642645782246	-6.107790746670989	0.2967627270390588	-1.900328449307218	0.00728688430062568	-4.775613524947507	-4.775613524952519	-0.353258774302133	0.1879166638146685	-0.8821458899756164	-0.08883851414092166	9.488262215394095e-08	2.842028089171213e-08	-6.657839930233405e-07	-5.682553575637699e-08	1.229556058322414e-07	-5.522306808762554e-07	1.33375684143311e-07
0.82	-0.5332329652964319	-0.08394658673054259	0.5989919865438192	1.755425401838348	-0.4668237022516848	-0.02133300027332385	-0.2617915238320032	1.306583340047829	1.306583340047753	-0.09053673844457996	-0.1743130307840701	0.1962797427633517	-0.02256919648647027	-0.3036117661239126	-0.04362424808786844	-0.3342091807867397	1.199244083379329	-0.008887202780019796	0.4053944355059631	3.283023723278277e-05	0.9288806808455399	0.9288806808455328	0.08453964218936405	-0.007459219611672895	0.1465201660896981	0.06601128977244683	-0.3151615124138366	0.01363411845285564	-0.002250184839037884	-0.2927177843107275	0.05244873166873958	0.03712667071536677	0.2719336780653251	-22.09556641312355	-13.58462357603948	3.348205406069213	3.303577989124383	-626.2293575778549	-51.18093508141069	-3.401000992515028	1.707925023585131	0.3955059230836013	1.624220926560138	-6.223236259268018	0.2487291192973143	-1.909982396696937	-0.01650544509980792	-4.838138708104516	-4.838138708104511	-0.4348070471552192	0.1609473861050682	-0.8631426014487826	-0.1387941429161731	9.584661779186025e-08	4.120341669839663e-08	-6.44289403961195e-07	-5.024780765650818e-08	1.221973801930966e-07	-5.54810920757745e-07	1.348597138278805e-07
0.83	-0.5361846435609842	-0.08436332880404425	0.5957316720456654	1.767106433018249	-0.466900063170615	-0.01737655469382261	-0.2617912110712	1.31562950612637	1.315629506126372	-0.08971113994069611	-0.1743794179130237	0.1977022634387436	-0.02191564161770365	-0.2867443962657322	-0.03974591373826138	-0.317787459306127	1.13683441095914	-0.006439711690994776	0.385818819895254	2.891642081203344e-05	0.8802673412644593	0.8802673412644656	0.08055057250728434	-0.005850118883958393	0.1380205757879822	0.06465159149388826	-0.3178299563361467	0.01330264595748161	-0.001977993221797489	-0.2937946708282739	0.05165781556398526	0.03666769610430735	0.2737779881318748	-22.46520227852652	-13.26037182300628	3.227749684058896	3.663022279828037	-628.1334994062089	-50.84186498913839	-3.125182217939329	1.673080126816344	0.3807261620985862	1.661111003368664	-6.268977919422945	0.2346230043133472	-1.99264189606119	0.007544824696187931	-4.885737840648836	-4.885737840646821	-0.3853431805359516	0.1559599282507567	-0.8378812927951537	-0.1417062618954062	9.653165464832228e-08	5.326096268911703e-08	-6.22100904727024e-07	-4.383955306459903e-08	1.211504352131043e-07	-5.559523346497934e-07	1.359431561613298e-07
0.84	-0.5389682606949782	-0.08474194173980998	0.592637567411229	1.778159538436741	-0.4669535763985333	-0.01361812342099157	-0.2617909616136379	1.324186977557593	1.324186977557673	-0.08892630938399541	-0.174430700332267	0.1990408854014656	-0.02127711345003656	-0.2699995400122776	-0.03599842054067868	-0.3009672080432416	1.073658931097807	-0.004317664577638432	0.3657915741724131	2.016958876716064e-05	0.8311417513818179	0.8311417513818375	0.07638605275314013	-0.004438277670399562	0.1297404235557798	0.06300594955254103	-0.3204984002584573	0.01297117346210215	-0.001705801604573836	-0.2948715573458208	0.05086689945922923	0.03620872149324043	0.2756222981984252	-22.84118440761149	-12.93566889776198	3.107975800792995	4.038301467341462	-630.1253607528184	-50.4978204038428	-2.874757857629887	1.683422302639998	0.3693376926787284	1.703926883014663	-6.376397747496799	0.1836403241635891	-2.000308419123279	-0.01747204822462623	-4.940588768416705	-4.940588768416702	-0.4698970615681108	0.1214954832739528	-0.8192549875460701	-0.1959828754739002	9.587112561775507e-08	6.18186048616569e-08	-5.965653093689656e-07	-3.824875892284863e-08	1.187108440007883e-07	-5.501535290633611e-07	1.350943536246691e-07
0.85	-0.5415850834312914	-0.08508372424274881	0.5897135749253638	1.788577258087807	-0.4669874058187176	-0.01006216439042073	-0.2617907698098667	1.332250751030958	1.332250751031019	-0.08818385833609954	-0.1744687072228881	0.2002978254980058	-0.0206563480289836	-0.2533848090479545	-0.03237831402398956	-0.2837730953821626	1.009772033546748	-0.002501820087788437	0.3453297595297333	1.784273740253986e-05	0.7815403325182687	0.7815403325182814	0.07207686436157223	-0.003196897912036339	0.1216842420348829	0.06110000485435244	-0.3228639192954973	0.01268253417132686	-0.001466272533980974	-0.2957822832146296	0.05012001704663304	0.03576698889514243	0.2772498293279766	-23.18256350295677	-12.62891132761353	2.996087041294723	4.367151058895459	-631.7865925511329	-50.1727079345528	-2.648302299488361	1.647541508710202	0.3553053335990125	1.735905847974728	-6.41176498125784	0.1725820702255562	-2.079602744666095	0.008334732216308125	-4.980836936097998	-4.980836936099063	-0.4154832522240054	0.1202554513722738	-0.7933055740254091	-0.1949133849677114	9.495907320354535e-08	6.978443510928106e-08	-5.704352679598553e-07	-3.279725768235181e-08	1.160175956588894e-07	-5.429832555667287e-07	1.338863358869426e-07
0.86	-0.5440363502548854	-0.08538991404003374	0.5869632740441736	1.798352722918893	-0.4670046716822375	-0.006712920457841486	-0.2617906117274467	1.339816326617532	1.339816326617574	-0.08748530987697385	-0.1744953410700627	0.2014753026114042	-0.02005604467850781	-0.2368883574683617	-0.02887987940989806	-0.2662288871082755	0.9452079671017946	-0.001004953244744645	0.3244485545740226	1.342531838541176e-05	0.7315021740237605	0.7315021740237659	0.06760553499908922	-0.002163668983482472	0.1138478269274296	0.05891353543710888	-0.3252294383325363	0.01239389488055287	-0.001226743463389812	-0.2966930090834385	0.04937313463403699	0.03532525629704619	0.2788773604575288	-23.53017320276118	-12.32163202666319	2.884765189279317	4.71270625117668	-633.5336591056778	-49.8393067786383	-2.444345053621555	1.659766425693968	0.3450033121591964	1.773946005576281	-6.511831526275571	0.1198447948023667	-2.084186481729455	-0.01789016175511719	-5.027936694608471	-5.027936694608498	-0.5023252557511257	0.07986531731211657	-0.7753017048573344	-0.2520878192848744	9.26384898409376e-08	7.443611857737711e-08	-5.409763286648544e-07	-2.812579668887513e-08	1.119038673913259e-07	-5.28132761772977e-07	1.306667130232479e-07
0.87	-0.5463232840737188	-0.08566171386278847	0.5843900823661692	1.8074793618182	-0.4670084765885087	-0.003574533837932347	-0.2617904621575519	1.346879444410779	1.346879444410836	-0.08683215680661679	-0.1745125611916949	0.2025755132231311	-0.01947890101484551	-0.2205178823603751	-0.02549842802056948	-0.2483593717600938	0.8800225665329513	0.0001917820057282036	0.3031628111137845	1.634418140149309e-05	0.6810601210453235	0.6810601210453362	0.06300002069044222	-0.001317095305644426	0.1062287525625037	0.05646826617407644	-0.3272713011507715	0.01213510594539185	-0.001019794525689495	-0.2974629640792955	0.04869939481079582	0.03491626695898988	0.2802745685228306	-23.8335889126012	-12.04196311715033	2.784301130604101	5.000225620867616	-634.9506699605238	-49.54354087749066	-2.261475557965639	1.622779202796331	0.3319598068093534	1.800987475385048	-6.536466571328386	0.111817064895211	-2.160580962141074	0.009361238493452504	-5.061554710523369	-5.06155471052228	-0.4433819440592695	0.08142101710166953	-0.7500427539349933	-0.2477383595024856	9.009456776510103e-08	7.863203767191925e-08	-5.11091951626646e-07	-2.35312081345121e-08	1.075652048342586e-07	-5.121675865426674e-07	1.271588618965891e-07
0.88	-0.5484470949115834	-0.08590025042075199	0.5819970924768356	1.815951232261991	-0.46700186830733	-0.0006509671894193241	-0.2617902877333947	1.35343629865203	1.353436298652101	-0.08622580236447357	-0.174522442051715	0.2036005666008839	-0.01892760841975155	-0.2042637612745753	-0.02222722645165193	-0.2301885293740758	0.8142542759985204	0.001077684245219478	0.2814845602947432	1.839617095668946e-05	0.6302494636244037	0.6302494636244238	0.05824580935628382	-0.0006958166645257627	0.09881638013258669	0.0537433217234415	-0.3293131639690076	0.01187631701023165	-0.000812845587988576	-0.2982329190751524	0.04802565498755493	0.03450727762093477	0.2816717765881314	-24.14312450917905	-11.76170694362151	2.68429657602488	5.305222863431331	-636.4519595888058	-49.23629813825823	-2.098280020258376	1.636495621256634	0.3229533480769791	1.834211413143541	-6.628409519393073	0.05767819260609064	-2.162687953490029	-0.0180635364472833	-5.101657583105093	-5.101657583104997	-0.5320646608533887	0.03480630996831449	-0.7339613178555715	-0.3080228568053332	8.607317420175052e-08	7.981290014141248e-08	-4.783931402872195e-07	-1.944516033120869e-08	1.017385154389352e-07	-4.888283648858982e-07	1.217442699533985e-07
0.89	-0.5504089728227862	-0.08610661542760899	0.5797872447128569	1.823762678052907	-0.4669878516908594	0.002053917073639314	-0.2617900790439495	1.359483262905015	1.359483262905043	-0.08566762344714425	-0.1745270951877762	0.2045524897344966	-0.01840485634548042	-0.1881304122429373	-0.01906262731757371	-0.2117380696689847	0.747951531385861	0.001677456903380207	0.2594320752981937	2.142532748744097e-05	0.5790886456127725	0.5790886456127771	0.0533668221947338	-0.0002707932868107528	0.09159684857691493	0.05076164550070169	-0.3310384750130997	0.01165026712422928	-0.0006380981197054844	-0.2988771173872338	0.04740854805731014	0.03414808412905281	0.2828435238528427	-24.4152462493201	-11.51611594752918	2.597229418496083	5.56241743746172	-637.6481847424952	-48.9862895293989	-1.953448365233382	1.598977271332137	0.310682173731515	1.856925623946036	-6.643696266078365	0.05394907528649736	-2.235487845087059	0.009198683149583539	-5.131528500483882	-5.131528500486301	-0.4692487094992439	0.04084633490566545	-0.7116586203057585	-0.3000175297111359	8.204840742119644e-08	8.102759167161932e-08	-4.452801455137139e-07	-1.539786109674757e-08	9.587390534014486e-08	-4.647340683858189e-07	1.162171751728689e-07
0.9	-0.5522100726982294	-0.08628184064759355	0.5777631940208799	1.830908598530923	-0.4669692728932339	0.00453648467226435	-0.261789897554651	1.365016972059826	1.365016972059808	-0.08515892099456783	-0.1745285988934545	0.2054330756433762	-0.01791327653837726	-0.1721081541227097	-0.01599926907716284	-0.1930291149737283	0.6811492134181616	0.001990120476156786	0.2370212274076574	1.295614187105737e-05	0.5275984439894705	0.5275984439894585	0.0483505164054463	-6.593057979363979e-05	0.08454893518593176	0.04750886828984813	-0.332763786057188	0.01142421723823185	-0.0004633506514066112	-0.2995213156993152	0.0467914411270661	0.03378889063717731	0.2840152711175572	-24.69337494563452	-11.26989083517819	2.510538221244063	5.837851728985972	-638.9271668729534	-48.72188181268186	-1.825696380050493	1.614277438974564	0.302705169343495	1.885910411176569	-6.728324190401076	0.0002563755293219904	-2.234360532287325	-0.0203632048767046	-5.167534305439329	-5.167534305439374	-0.5595283864008613	-0.00922582417114803	-0.6996376849178759	-0.3622430544280166	7.799665490301385e-08	8.251291568753518e-08	-4.088536832675763e-07	-1.166055041302475e-08	8.970592961361993e-08	-4.345991731392605e-07	1.097900576936274e-07
0.91	-0.5538515024928191	-0.0864269112043988	0.5759274440462673	1.837384188710473	-0.4669487600406991	0.006793401467468178	-0.2617898096940904	1.370034253529147	1.370034253529119	-0.08470089578534332	-0.1745287497392183	0.2062440698332511	-0.01745525779177219	-0.1561930168536653	-0.01302861136922858	-0.1740859123113341	0.6139015797234886	0.002083248660588789	0.2143267664564286	4.431009512572027e-06	0.4758157125886132	0.4758157125886074	0.04324041162174262	2.883734377191039e-05	0.07767979029684277	0.04407387729987454	-0.3342048940910243	0.01126951217821481	-0.0003191580518936616	-0.3000065155037878	0.04623539306849041	0.03347891753334416	0.2849940253356686	-24.93147350936634	-11.05877205131648	2.437120869073938	6.040119196198547	-639.8981124568371	-48.5036215689389	-1.713870482578747	1.577860146717168	0.2921790561891907	1.903787159109122	-6.733057690118307	0.009501357860950937	-2.292228682688171	0.008875088483956729	-5.189983939662135	-5.189983939661197	-0.488831081298005	0.01769959154287124	-0.6760681955338889	-0.3372472367140245	7.371663142337114e-08	8.344700523349372e-08	-3.723412715601141e-07	-8.043054518778962e-09	8.334324682859889e-08	-4.03670318445217e-07	1.031114805410215e-07
0.92	-0.5553342352595483	-0.08654268858719055	0.5742821784913462	1.843185287606854	-0.4669281838427278	0.008822325691929804	-0.2617898126336745	1.374532439408009	1.374532439407971	-0.08429438753534481	-0.1745281786074858	0.2069872695133091	-0.01703221297815328	-0.1403687485507099	-0.01014063427446132	-0.1549322310354068	0.5462509567840991	0.00200278956345144	0.1914227132592974	-5.203886871220049e-06	0.4237793258976283	0.4237793258976287	0.03804712456032269	7.846490423220445e-05	0.07099003322257501	0.04051408169261891	-0.3356460021248593	0.01111480711819697	-0.0001749654523739331	-0.3004917153082603	0.04567934500991437	0.03316894442950972	0.2859727795537815	-25.17545737871352	-10.84692612401451	2.363934037695416	6.261238043865489	-640.9504877808965	-48.26839840061826	-1.616843448992874	1.596103645756757	0.2861690467101226	1.92800613388318	-6.80892203934438	-0.0344610807846787	-2.276278981467923	-0.02058515768176747	-5.218265363464805	-5.218265363464845	-0.5761648419441626	-0.01825389679245003	-0.6637601219536139	-0.3872039778845731	6.715389832912722e-08	7.886875007987952e-08	-3.349693652394065e-07	-5.623706519303453e-09	7.503349345861701e-08	-3.648018692763223e-07	9.391830665477075e-08
0.9299999999999999	-0.5566591808702972	-0.08662997834601099	0.5728294301992695	1.848308019788789	-0.4669091784068258	0.01062122193267563	-0.2617898812561395	1.378509049959617	1.378509049959623	-0.08394014414304275	-0.1745272296685589	0.2076644041822059	-0.01664529509590356	-0.1246332479453045	-0.007328667122710727	-0.1355895398158231	0.4782415990495206	0.001774869561188801	0.1683272851883972	-7.537270130570147e-06	0.3715067619365163	0.3715067619365163	0.0327895703783744	0.000105728672527871	0.06445905077171735	0.03685146552154597	-0.3368101377278924	0.01101391527332841	-6.319167748817247e-05	-0.3008309385260299	0.0451490503582241	0.03292563465832873	0.2867628608009798	-25.39246591468352	-10.6759995591082	2.305545607580283	6.432955767807522	-641.7197849427421	-48.09954701901481	-1.533641410491636	1.560350348084208	0.2770074293712094	1.941597212863838	-6.805015226431322	-0.02043923547988001	-2.330509085111597	0.0100900717427366	-5.237172360551599	-5.237172360551623	-0.5023165962113056	0.01230536169385994	-0.6444429724451485	-0.3584717322233535	6.054560117102857e-08	7.417286424049378e-08	-2.974694514197097e-07	-3.272328097017333e-09	6.667438291027228e-08	-3.254955092661822e-07	8.462835996310377e-08
0.9399999999999999	-0.5578271560589613	-0.08668948905732121	0.5715709481387623	1.852749043876194	-0.466893148526053	0.01218829701966764	-0.2617899437123594	1.381961850781991	1.38196185078204	-0.08363882947054059	-0.1745261903223027	0.2082768938934352	-0.01629553963446552	-0.1089746641338289	-0.004584824772411881	-0.1160789847215222	0.4099093378782745	0.001407678537614471	0.1450584825090764	-3.970637760099866e-06	0.3190173800507184	0.3190173800507183	0.0274613806007802	9.654636295428577e-05	0.05806104168912774	0.03308159753028482	-0.3379742733309279	0.0109130234284532	4.858209738804324e-05	-0.3011701617437994	0.04461875570653235	0.03268232488713858	0.2875529420481769	-25.61522423245837	-10.50423471957544	2.247215972398822	6.623958083701857	-642.5692017459216	-47.91168022420792	-1.463347969740366	1.580720286970795	0.2725440864197775	1.961578908826633	-6.873502726677875	-0.06231528504705159	-2.310953903152058	-0.01940515455580925	-5.26162894840194	-5.261628948401942	-0.5902919610733557	-0.02554311236636716	-0.6371654483000065	-0.408654341922258	5.333846203083819e-08	6.793097510239561e-08	-2.582871533275772e-07	-1.814264117791447e-09	5.76665780177289e-08	-2.804337496282411e-07	7.406654211453569e-08
0.95	-0.5588389195587008	-0.08672187312043132	0.5705083302262776	1.856505303853963	-0.4668813830251392	0.01352189916222186	-0.261789935507742	1.384888765073064	1.384888765073098	-0.08339106746793543	-0.1745253232563638	0.2088260115043287	-0.01598391700958972	-0.09338787804535216	-0.00190021467391403	-0.0964246654869403	0.3413043371411165	0.0009287523916157479	0.1216409100299674	5.141915604613263e-06	0.2663388388045536	0.2663388388045534	0.02208215549776077	7.368666002236274e-05	0.05177783881952495	0.02922968741318605	-0.3388061776582211	0.01085887821467475	0.0001283447324172193	-0.3013960829944195	0.04419343354502489	0.03249792484919452	0.2881127191979811	-25.78358213588704	-10.37510686754644	2.204281890146199	6.737203368875961	-643.1039288611138	-47.78633878461805	-1.405214685183042	1.54618753211292	0.2651853619432222	1.970358096781337	-6.859739816822221	-0.0431574661062785	-2.360274572049363	0.01099901341707759	-5.274975424265936	-5.274975424265941	-0.5130431730962549	0.008812603916444641	-0.6215921499476523	-0.3754294978461281	4.609890646808416e-08	6.16114542045407e-08	-2.19037856441615e-07	-3.888621694101767e-10	4.862357125423313e-08	-2.351359621575755e-07	6.344942915644983e-08
0.96	-0.55969510924509	-0.08672765790448077	0.5696428554393403	1.859574365610443	-0.4668749020230316	0.014620702449632	-0.261789850266964	1.387288092209368	1.387288092209387	-0.08319735879399733	-0.174524790786799	0.2093127581977946	-0.0157112075161334	-0.0778599014638036	0.0007350310397230917	-0.07665035961206179	0.2724696936204605	0.0003507787764183122	0.09809871148049701	1.143659434763374e-05	0.2134999490967012	0.2134999490967012	0.01665071486754049	2.962708401302879e-05	0.04558685820363267	0.02529897124639	-0.3396380819855199	0.01080473300089275	0.000208107367448108	-0.301622004245039	0.04376811138351728	0.0323135248112458	0.28867249634778	-25.95760032406528	-10.2450368230016	2.161253463642054	6.870151808088963	-643.7180342085629	-47.6403058337411	-1.358553286765934	1.568958385585153	0.2626712094476287	1.985576236885957	-6.91943128337746	-0.08212477888679849	-2.335879117224332	-0.01996872948015479	-5.293698640739446	-5.293698640739412	-0.6007350665135243	-0.02978308698185915	-0.6187209975579067	-0.4244155518617211	3.824992216113336e-08	5.383245622325937e-08	-1.785289822316558e-07	4.224935990922546e-10	3.891876931683215e-08	-1.854008514316898e-07	5.179276813942951e-08
0.97	-0.5603963015921902	-0.08670730699502603	0.5689756398052759	1.861954118462413	-0.4668745951844726	0.0154835492064654	-0.2617897107146625	1.389158325125198	1.389158325125212	-0.08305815348745743	-0.1745247179226679	0.209737988241248	-0.01547810725544908	-0.06238596526776197	0.003330082889703451	-0.056781129789769	0.2034600451387194	-0.0002984459318143773	0.0744586900683701	1.525709102186776e-05	0.1605297524371236	0.1605297524371233	0.01118509296727787	-1.487662180064603e-05	0.03946692788353563	0.02131331653072259	-0.3401321456595328	0.01080579464196468	0.0002557983496725018	-0.3017327402433467	0.0434505659201092	0.03218717482243912	0.2889980514041325	-26.07589020510353	-10.15740170044058	2.133518437300905	6.92410486345339	-644.0112510771428	-47.55508973001168	-1.322849679962601	1.535505383909388	0.2571622203775804	1.989347868170188	-6.894852089793717	-0.05766065180667541	-2.379830943946367	0.01037492298229433	-5.301220521286504	-5.301220521286559	-0.5202480986132834	0.008209589040700257	-0.6074608729794276	-0.3867962721463304	3.03807800440247e-08	4.601318631374416e-08	-1.379959186488333e-07	1.226619071936864e-09	2.919493104450482e-08	-1.35568067635757e-07	4.011091779346492e-08
0.98	-0.5609429757478708	-0.08666115755755059	0.5685074667720881	1.863643150737722	-0.4668810484599989	0.01610964229102912	-0.2617895694606455	1.390498348005889	1.390498348005896	-0.0829737588692866	-0.1745250913753	0.2101022526167517	-0.01528509471006686	-0.04695626317989145	0.005894736643860613	-0.03684183943670521	0.1343255782881269	-0.001001244040652922	0.05074797702666353	1.177693733913483e-05	0.107457942068762	0.1074579420687615	0.00568857719378908	-5.963627074041284e-05	0.03339372461368546	0.01728142818597254	-0.3406262093335467	0.01080685628303518	0.0003034893319045882	-0.3018434762416542	0.04313302045670074	0.0320608248336303	0.2893236064604841	-26.19978231361558	-10.06874736300633	2.105577216278569	6.998138422487415	-644.3833925242966	-47.44803782794553	-1.297651503426186	1.560111563950936	0.2565915902829822	1.999588343040156	-6.944394957147763	-0.0928394590079544	-2.350017443140249	-0.02142885955155243	-5.314021382496246	-5.314021382496219	-0.6069138411587514	-0.02983427560705039	-0.6093755875085399	-0.4336622776782363	2.186658800186409e-08	3.690521470074485e-08	-9.668879513438396e-08	1.799375083731126e-09	1.886193005453381e-08	-8.260974559831477e-08	2.762300892128377e-08
0.99	-0.5613355384443159	-0.08658947457406509	0.5682389575879109	1.864640364521352	-0.4668947239962421	0.01649834823045031	-0.2617894842781103	1.391307241652042	1.391307241652025	-0.08294443815032433	-0.1745258817603085	0.2104059527007282	-0.01513257336408456	-0.03155956350688052	0.008440756194332457	-0.01685623597228654	0.06511095301290308	-0.00173672240044837	0.02698898966729932	5.016336672794382e-06	0.05431359138602719	0.05431359138602703	0.0001729532778003737	-9.783370010748217e-05	0.02734705612360713	0.01321907726836718	-0.3408181918811824	0.01084088209468595	0.0003192138666406688	-0.3018277573086918	0.04289698212818183	0.03201936739325349	0.2894472251541863	-26.27685133685585	-10.0341450631639	2.096516139410215	6.988832850402308	-644.4572325688168	-47.42552721168817	-1.282684339826404	1.528957298010417	0.2534420318339866	1.998612288771284	-6.9109287388131	-0.06432326813367248	-2.389462902101789	0.009663854710589181	-5.315724329815056	-5.315724329815013	-0.5242725675288412	0.009266035734012943	-0.6021968326518301	-0.3930840270273988	1.335116886945474e-08	2.779285551043396e-08	-5.537783993617303e-08	2.370091100414296e-09	8.527430252304801e-09	-2.964427647128153e-08	1.513282603503142e-08
1	-0.5615742325182244	-0.0864923644161939	0.5681704176265036	1.864945245567008	-0.466915838564817	0.01664933959232419	-0.2617894739985744	1.391584475307637	1.391584475307595	-0.08297035085066405	-0.1745270384171465	0.210649209229225	-0.01502078803292347	-0.01618253867249959	0.01098017152099638	0.003152005117275173	-0.004140969306457062	-0.002489050506976305	0.00320506151724397	-3.203662603166037e-06	0.001125943957173736	0.001125943957173708	-0.005358106666584854	-0.0001328906360517269	0.02130501351775455	0.009134225221733735	-0.3410101744288173	0.01087490790633619	0.0003349384013826926	-0.3018120383757295	0.0426609437996624	0.03197790995287561	0.2895708438478894	-26.35949782808532	-9.99849021746603	2.087200541014455	6.999890482320501	-644.6098622859402	-47.38062055788568	-1.277738664498586	1.556176596224944	0.2552707455213873	2.004115868068765	-6.951854365975029	-0.09620940835442141	-2.355005601278449	-0.02172073927347792	-5.322680731719976	-5.322680731720005	-0.6100010468380429	-0.0292061769224294	-0.608450410663402	-0.438162503483824	4.715494892668981e-09	1.825051374358836e-08	-1.369137972932378e-08	2.740887596210454e-09	-1.953953151208917e-09	2.402160743567594e-08	2.419789769800359e-09
1.01	-0.5616592217191573	-0.08636985925585924	0.5683019922922992	1.86455758320672	-0.4669444939273975	0.01656243620894076	-0.2617895456243864	1.391329707320216	1.391329707320209	-0.08305161431582127	-0.1745285174123342	0.2108319843375535	-0.01494992424246116	-0.0008154167584727657	0.01352312626754307	0.02315863086684458	-0.07338137519907172	-0.003238266833127953	-0.02058259729428788	-1.047038717753097e-05	-0.05207775545150829	-0.05207775545150838	-0.01089395447505516	-0.0001614771825685118	0.0152422595463146	0.005038482051645725	-0.3408965840843896	0.01097826233157738	0.0003180185080968461	-0.3016611766059302	0.04250018268915211	0.03199793502568676	0.289487217798426	-26.39757058609559	-10.00467560701295	2.092932371099521	6.939161201216235	-644.4575918358166	-47.39494917180684	-1.282785962491555	1.52696139667223	0.2541483205142189	1.998288843913803	-6.908616121634232	-0.0637151800804327	-2.390181011504982	0.009868027848343402	-5.31894456264903	-5.318944562649009	-0.5252856073991345	0.01053795364405122	-0.6063496846850115	-0.3952925422950078	-3.92017908411678e-09	8.708171976742761e-09	2.799508047752547e-08	3.111684092006612e-09	-1.243533655472264e-08	7.768749134263341e-08	-1.02932464954307e-08
1.02	-0.5615905434194139	-0.08622185645180051	0.5686335037986928	1.86347782030336	-0.4669805289403064	0.01623774923935807	-0.2617896703840652	1.390542956335266	1.390542956335293	-0.08318821805097347	-0.174530237703542	0.2109538995473073	-0.01492002034740448	0.01455096146278135	0.01607970026581091	0.04313937323692555	-0.1425610779208681	-0.003964980572674407	-0.04435165572239705	-1.383043584169728e-05	-0.1052706555484594	-0.105270655548459	-0.01642616066543017	-0.0001811498426707975	0.009133033802845598	0.0009422461406090119	-0.3407829937399613	0.011081616756816	0.000301098614815733	-0.3015103148361312	0.04233942157864071	0.03201796009849392	0.2894035917489637	-26.44124162617923	-10.00980597779138	2.098410623679908	6.899037929274125	-644.3843787747932	-47.38685384504407	-1.297860023376332	1.55602785767041	0.257994595865606	1.998939192171078	-6.939713731811362	-0.09170889103334111	-2.351285524593871	-0.02093940409143998	-5.320520869373804	-5.320520869373734	-0.6092727232189672	-0.0274233996394514	-0.6177447650692269	-0.4382610516735206	-1.185491849757353e-08	1.009483917568838e-09	7.0471820344053e-08	4.222159293964543e-09	-2.252009508575895e-08	1.294667533951013e-07	-2.227798168886997e-08
1.03	-0.5613681587775942	-0.08604818825266346	0.5691646178373425	1.861706711523097	-0.4670235907843718	0.01567561580505149	-0.2617898234789823	1.389224412497773	1.389224412497788	-0.08338007751818276	-0.1745319769783753	0.2110144195168306	-0.0149309577756735	0.02992968772421725	0.01865925829432269	0.06307160567672836	-0.2116351019336077	-0.004629816323001385	-0.06805626153586361	-1.67655470233056e-05	-0.1584284051348922	-0.1584284051348922	-0.02193925548064077	-0.0001500420949893911	0.002956365030768472	-0.003116054829633342	-0.3403700052870855	0.01128211857181805	0.0002522185455281379	-0.3012273152567622	0.04225887492153089	0.03208511783805319	0.2891159731731669	-26.43966424309515	-10.04974125027105	2.116762300900755	6.789569402329678	-644.0157967193838	-47.4235101577588	-1.323176114292785	1.529349478819813	0.2587352910348071	1.988584366187413	-6.88741459826801	-0.05124482738707177	-2.377253731903002	0.01003288544636495	-5.311939057386301	-5.311939057386361	-0.521368875045666	0.02090633389162996	-0.6198168407661944	-0.3875753214874206	-1.978250551752692e-08	-6.67039134866965e-09	1.129566242887405e-07	5.340182237822088e-09	-3.260080642421896e-08	1.81226764204156e-07	-3.425528523871952e-08
1.04	-0.5609918759794724	-0.0858485646963031	0.5698946980196508	1.859245628930256	-0.4670727757680114	0.01487699518817479	-0.2617900052349964	1.387374583753594	1.387374583753595	-0.08362687613641841	-0.1745328994813801	0.2110127350171354	-0.01498207035400253	0.04533059272323847	0.02127077171047293	0.08293260196863317	-0.2805558404368572	-0.005189608487516434	-0.0916490922365289	-1.956265508963296e-05	-0.2115276368856565	-0.2115276368856558	-0.0274139908707941	-1.779547052073963e-05	-0.003307860040878399	-0.007092783871389227	-0.3399570168342057	0.01148262038682135	0.000203338476250133	-0.3009443156773936	0.04217832826442055	0.03215227557761363	0.2888283545973741	-26.44374014477317	-10.08863044425336	2.134883038961198	6.700909845365767	-643.7269278064091	-47.43830498392281	-1.359007576885499	1.560463605187482	0.2643856733932882	1.984691962591479	-6.909056629913342	-0.07070017387091944	-2.328930502033577	-0.02091180346838955	-5.30881730224013	-5.30881730223984	-0.601600838207499	-0.00719562428193507	-0.6352560249831889	-0.4219466659761892	-2.681050633605275e-08	-1.223176630306444e-08	1.555559491557339e-07	7.129449840334936e-09	-4.202052343976579e-08	2.296186003235063e-07	-4.521130581401338e-08
1.05	-0.5604614233989305	-0.08562263263514126	0.5708229561169669	1.856096256832699	-0.4671268545929258	0.01384323180363678	-0.2617902008529525	1.384994151074886	1.384994151074898	-0.08392816445887064	-0.1745317560669466	0.2109479290347762	-0.01507233851744171	0.06076732046123526	0.02392415053629128	0.1026996012054939	-0.3492767024403159	-0.005588781723233979	-0.1150617064549576	-1.68743241830934e-05	-0.2645400209955163	-0.2645400209955182	-0.03282805140018322	0.0002908347853846343	-0.009671549391276695	-0.0109240982407985	-0.3392818072614323	0.01173963537750366	0.0001236218793101146	-0.3004978661062489	0.04211610315944104	0.03231300724410015	0.2883672985065378	-26.42185243921134	-10.18176720777255	2.172003660211332	6.546653104561037	-643.1524685159416	-47.54297550128577	-1.405805044111459	1.536381153958683	0.267092295570208	1.969781082004802	-6.847326263044696	-0.01893886791014295	-2.341179954136535	0.01126214314570508	-5.294605948811282	-5.294605948811856	-0.5089854800907408	0.05659543955884885	-0.6396566532708836	-0.3582318026552146	-3.381039508578397e-08	-1.772693812271413e-08	1.981588528015493e-07	8.939693838430759e-09	-5.141958438272157e-08	2.779051809838033e-07	-5.613541129635238e-08
1.06	-0.5597763827818383	-0.08536991112404239	0.5719482996422059	1.85226093105961	-0.4671838077440951	0.01257659166243798	-0.2617902889892455	1.382084163158387	1.382084163158411	-0.08428312875057289	-0.174526185732172	0.2108189399062725	-0.0151998214206214	0.0762482000333482	0.02662866169787874	0.1223496875532123	-0.4177465755430769	-0.005764473738471589	-0.1382244435689482	1.933677744492465e-06	-0.3174386844434715	-0.3174386844434776	-0.03814918472101771	0.0008675886025713469	-0.01614448926978439	-0.01453573181948563	-0.3386065976886583	0.01199665036818842	4.390528238005392e-05	-0.3000514165351041	0.04205387805446196	0.03247373891058991	0.2879062424157013	-26.40568430720771	-10.27382461225734	2.208863303029987	6.413282071623486	-642.6586765180057	-47.62697041660792	-1.464068567231778	1.569293972010715	0.2746121405471165	1.961309384763033	-6.858858849773787	-0.02600392977496139	-2.278955081145989	-0.01768786926419159	-5.286073169859218	-5.286073169859229	-0.583015396496579	0.04642908797427658	-0.6571061306050681	-0.3780105078317968	-4.095879083173604e-08	-2.441112227219263e-08	2.389959425138891e-07	1.043084954606828e-08	-6.07514227883985e-08	3.227589359252383e-07	-6.680742286500515e-08
1.07	-0.5589362713446701	-0.08508985869350995	0.5732694798961726	1.847742314163021	-0.4672413525027807	0.01107966487511219	-0.2617901674798217	1.378645849527018	1.378645849527029	-0.08469083507176065	-0.1745135184992295	0.2106245959715527	-0.01536230591298068	0.09178351583759985	0.02939308664927018	0.1418589354259106	-0.4859177106895251	-0.005699006219007469	-0.1611089642365728	2.128706755037251e-05	-0.3701964083665232	-0.3701964083665294	-0.04337188283681396	0.001715865683922343	-0.02274952339930368	-0.0179180973745294	-0.3375618325175949	0.01227674800412723	-6.752525150713931e-05	-0.2995184579993293	0.04213214832760898	0.03270252861385228	0.2871836702775389	-26.32283303323792	-10.415492853184	2.263201294596742	6.194070542191866	-641.8366125245644	-47.78980711628536	-1.534470435496882	1.547056834796179	0.2790494103983652	1.941604168535906	-6.787386070855068	0.02961483151428752	-2.28545658098398	0.01158477215233438	-5.266461339989402	-5.26646133998941	-0.4888951875029033	0.1115974515359512	-0.6659851387763254	-0.3119172137631974	-4.811508588599774e-08	-3.115855175836416e-08	2.797391059531717e-07	1.190503247229845e-08	-7.007968552719889e-08	3.674300937539679e-07	-7.746602518292995e-08
1.08	-0.5579405254594271	-0.08478182366587092	0.5747849269648687	1.842543756870212	-0.4672968840385304	0.009355441676828211	-0.2617898848706913	1.374680790789126	1.374680790789123	-0.08515016800778216	-0.1744908544087977	0.2103634450786074	-0.01555732758777494	0.1073750896484032	0.03222518111919549	0.1612030504991169	-0.5537346547869626	-0.005361829151256312	-0.1836837257607297	3.415361933048517e-05	-0.4227877057480253	-0.4227877057480315	-0.04847450768788089	0.002866960098089933	-0.02950588091486168	-0.02104316830647508	-0.3365170673465298	0.01255684564006729	-0.0001789557853845632	-0.2989854994635548	0.0422104186007558	0.03293131831711601	0.2864610981393779	-26.24576439235047	-10.55602846083639	2.317221586122942	5.995750642373964	-641.0961533973885	-47.93378973367414	-1.617738890712021	1.580545573321047	0.2881460442538951	1.928282824864631	-6.788020639971671	0.02833797988241909	-2.217003252452472	-0.01898523686936301	-5.252787861549293	-5.252787861549271	-0.5590007435507248	0.1069925545375435	-0.6873708078128072	-0.3265515832122107	-5.476568732909512e-08	-3.755307657911884e-08	3.187442243676148e-07	1.355639299302533e-08	-7.887599821662564e-08	4.070972896526323e-07	-8.721166578550959e-08
1.09	-0.5567885263704205	-0.08444509180164363	0.5764929075341051	1.836668930495999	-0.4673477191710703	0.007407054018906948	-0.2617895274144466	1.37019076710013	1.370190767100125	-0.08565996987318067	-0.1744553210151117	0.2100339061964596	-0.0157823951594793	0.1230370785049718	0.03513587398905943	0.1803573600240273	-0.6211561658319822	-0.004758802666987206	-0.2059378116281812	3.684870155481999e-05	-0.4751783908499475	-0.4751783908499448	-0.05346425094241274	0.004282880537742939	-0.03643271954329871	-0.02392927273225873	-0.3351541552764959	0.01289352903889621	-0.0003236728400429613	-0.2983199058358357	0.04239267971399375	0.03320434845113026	0.285520658909395	-26.11431309522376	-10.73166706070896	2.384111225731069	5.717846975465345	-640.0367196698396	-48.1213202418155	-1.714766442508538	1.560868472258795	0.2947363222934071	1.903631832116376	-6.708059541006558	0.08320767622774335	-2.221273386092402	0.009823541497673656	-5.226393100814914	-5.226393100813604	-0.4657532482434989	0.1654538892962345	-0.6999630156254064	-0.2635140529095046	-6.137781208438653e-08	-4.392074995793963e-08	3.576171002258199e-07	1.522123441768131e-08	-8.763183644577395e-08	4.463837493174875e-07	-9.688784190974778e-08
1.1	-0.5554795388067618	-0.08407881192592949	0.5783913565617531	1.830122120370488	-0.467391139500062	0.005237793075871195	-0.2617891576752339	1.365177999706854	1.365177999706847	-0.08621902759749214	-0.1744043159968994	0.2096341744029741	-0.01603509861157115	0.1387727845789017	0.03813478341655916	0.1992967421814247	-0.6881314050465797	-0.003878868441574534	-0.2278583827836698	3.661021295298866e-05	-0.5273364466039195	-0.5273364466039083	-0.05832567947050835	0.005961285002077719	-0.04354446318238602	-0.02657034438396521	-0.3337912432064612	0.013230212437725	-0.0004683898946975985	-0.2976543122081168	0.04257494082723128	0.03347737858514407	0.2845802196794129	-25.98873067797609	-10.90615742543435	2.45068009244485	5.460743210111066	-639.0601125488884	-48.29222339821001	-1.82650081454655	1.59528901679332	0.3057893557810553	1.885297351362039	-6.698766273887258	0.08371952811111788	-2.150300310059914	-0.01957195103461844	-5.206261991959292	-5.206261991959318	-0.5333377982634835	0.1594893594738706	-0.7243518099428631	-0.2775450283967941	-6.670992691498097e-08	-4.784875863167028e-08	3.946063036540364e-07	1.763282256717728e-08	-9.524260280276417e-08	4.782780719634081e-07	-1.047909200629691e-07
1.11	-0.554012764198572	-0.08368206660957088	0.5804780431059029	1.822907908991258	-0.4674244157124099	0.002851034358535459	-0.2617888405439311	1.359644938332528	1.359644938332526	-0.0868261051110483	-0.1743353715968173	0.2091623476692239	-0.01631306945927411	0.1545973153098555	0.04123207931706628	0.2179965850128508	-0.7546213960029654	-0.002728532223756469	-0.2494328084662027	2.612701329688337e-05	-0.5792254855412861	-0.5792254855412714	-0.06306548189791146	0.007865931993728148	-0.05085552037370607	-0.02898315299011377	-0.3321058193050389	0.01358965982439456	-0.0006460023809679989	-0.2968545055947138	0.04284990328402408	0.03381165171988382	0.2834164342136711	-25.81177214529066	-11.12365332513643	2.532571564774988	5.125762372730301	-637.7582743541002	-48.52721896932824	-1.954040083489055	1.578300838279332	0.3143737055413556	1.855709789319707	-6.610707308151061	0.137821849749928	-2.152002805852433	0.008110140341722168	-5.172650761597712	-5.172650761597188	-0.4406890451509931	0.2118078175275555	-0.739676479470956	-0.2170906936617547	-7.191404075310573e-08	-5.153280083489197e-08	4.31407139839254e-07	2.011908538915724e-08	-1.027388619725386e-07	5.094331809074352e-07	-1.125166884190887e-07
1.12	-0.5523872911356664	-0.08325381353453602	0.5827504044864245	1.815031479342137	-0.4674447623263533	0.0002503335626739472	-0.2617886489156679	1.353594501385434	1.353594501385436	-0.0874798581649129	-0.174246209637112	0.2086163716024116	-0.01661395677642617	0.1705124755221263	0.04443633515181088	0.2364317094557517	-0.8205750590248236	-0.001292948760626981	-0.2706467984888344	1.150960455437001e-05	-0.6308115611575482	-0.6308115611575303	-0.06766078753220559	0.01000479692605548	-0.05837432979480135	-0.03115363827377711	-0.3304203954036146	0.01394910721106372	-0.0008236148672378181	-0.2960546989813111	0.04312486574081621	0.03414592485462264	0.2822526487479315	-25.64079020877986	-11.34002594183255	2.614196259976342	4.81133539574666	-636.540692469127	-48.74811340512159	-2.098524368595712	1.613414913056693	0.3271813426285508	1.832353673656987	-6.591500686981752	0.1407689771733942	-2.07821317807971	-0.02039879285191624	-5.145669327738427	-5.145669327738495	-0.5044384396416856	0.2063329476092357	-0.7659022558979072	-0.2290803638997586	-7.590412852101938e-08	-5.249178339449196e-08	4.659352815674044e-07	2.35601643261201e-08	-1.090413781784274e-07	5.326487670276437e-07	-1.183613124682064e-07
1.13	-0.5506021572933836	-0.08279295359766914	0.5852057155551948	1.806498303091181	-0.4674493786534576	-0.002560662435386368	-0.2617886647017466	1.347029832296243	1.347029832296256	-0.08817890960183612	-0.1741346547642302	0.2079941202404058	-0.01693543307976213	0.1865312504867017	0.04775592911498859	0.2545785872321423	-0.8859562746908259	0.0004187683035750536	-0.2914871556004484	-1.554701673058277e-05	-0.6820612391610692	-0.6820612391610453	-0.07212288994149997	0.01234065012852277	-0.06611368352156868	-0.03310130900931501	-0.3284179917874181	0.01436021956695499	-0.001034450632532279	-0.2951183435607886	0.04349439471662081	0.03451051216346508	0.2808670696344516	-25.41889584172433	-11.58378485597329	2.706248288828495	4.428932542548017	-635.0023311363836	-49.00141288101525	-2.261223731812966	1.59864047448003	0.3373954748033318	1.798044069164728	-6.495858767875074	0.1936820845289025	-2.077240397540644	0.006008873683940022	-5.105439467243029	-5.105439467242055	-0.4131455253939237	0.2525026519858805	-0.7836101199804938	-0.1716141457005698	-7.974246303015657e-08	-5.311013349863925e-08	5.001793364884207e-07	2.712059527745573e-08	-1.151946765138303e-07	5.548719127948745e-07	-1.239707934789489e-07
1.14	-0.548656329364191	-0.08229828831084227	0.587840933249636	1.797314429331273	-0.467435416007223	-0.005578120688531227	-0.2617889774599411	1.339954501940901	1.339954501940922	-0.08892179193961709	-0.1739986831302373	0.2072933437033494	-0.01727518683391746	0.2026512929041586	0.05119740514380873	0.2724130345899209	-0.9507145608154478	0.002422845907189576	-0.3119392495055977	-4.788481998579716e-05	-0.7329438143879501	-0.7329438143879197	-0.07642696770361876	0.01488814914780608	-0.07407936480490927	-0.03480912843764336	-0.3264155881712177	0.01477133192284418	-0.001245286397824968	-0.2941819881402665	0.04386392369242396	0.03487509947230402	0.279481490520976	-25.20309692046445	-11.82648867617568	2.798146031874156	4.066649231589408	-633.5499138637196	-49.24340203120519	-2.443431801346325	1.633668403632987	0.3515577557570361	1.769867589934592	-6.466914778705688	0.1992410850558873	-2.000560536786808	-0.02145502924596072	-5.072248772410377	-5.072248772410404	-0.4728335102065684	0.2486621109724323	-0.8111677672125525	-0.1811101024578541	-8.222311753577604e-08	-5.111541590453665e-08	5.309765722192309e-07	3.10492330788397e-08	-1.197555829777362e-07	5.687274780047337e-07	-1.276587184303577e-07
1.15	-0.5465487421561801	-0.08176857663371048	0.5906528459276239	1.787486216985726	-0.4674000287707614	-0.008798114741736668	-0.2617896851114587	1.332372326452321	1.332372326452316	-0.08970701563325856	-0.1738363825436511	0.2065117401072607	-0.01763094406100905	0.2188838048168807	0.05476687788142146	0.2899086601950255	-1.014806574407155	0.00470323568189999	-0.3319900727327799	-9.443645926778763e-05	-0.7834164510274801	-0.7834164510274595	-0.08058912177190862	0.0176004193451231	-0.08228096008861911	-0.03630389702592179	-0.3240888883744349	0.01520398640143325	-0.001489236486188133	-0.2930759416480172	0.04428086221921904	0.03528463170714997	0.277863259348375	-24.9494970140127	-12.1012918332394	2.9019702777131	3.651600570625355	-631.7448263934907	-49.53295926244594	-2.646542140018164	1.620678505666776	0.3629413000386387	1.730258977835231	-6.362159551922056	0.2496709730430833	-1.997005887284662	0.003626122347515639	-5.023519950467167	-5.023519950468629	-0.3836494602372476	0.2869104431518536	-0.8305916345641183	-0.1279560153452086	-8.449854134318931e-08	-4.872569970488463e-08	5.61252777142219e-07	3.503353005523098e-08	-1.240757790424622e-07	5.81318176386153e-07	-1.310561756053557e-07
1.16	-0.5442783026449272	-0.08120251037574748	0.5936378846480701	1.777020721523757	-0.46734039102668	-0.01221654956153491	-0.2617908820086332	1.324287674829198	1.324287674829166	-0.09053300948860282	-0.1736460790612816	0.205646933313212	-0.01800050812964994	0.2352217535526007	0.0584683213100479	0.3070382430816069	-1.078171184099615	0.007272947431189998	-0.3516274028239918	-0.0001457339538755248	-0.8334390412967245	-0.8334390412967139	-0.0845810000440809	0.02048872830406078	-0.09072000439688563	-0.03757049674749505	-0.321762188577653	0.01563664088001911	-0.001733186574560122	-0.2919698951557679	0.04469780074601323	0.03569416394199149	0.2762450281757735	-24.70211902499918	-12.37511623999385	3.005764854191745	3.256076503503889	-630.0275339916341	-49.81414446844832	-2.871941853888551	1.654755768232562	0.3779518939597806	1.696659046229964	-6.321433998856143	0.2571054799718031	-1.917861909592751	-0.02240420031105082	-4.982239498353278	-4.982239498353313	-0.4387783509830516	0.2838698632965596	-0.8586575721238917	-0.1354763291168289	-8.56546304191805e-08	-4.365281919739691e-08	5.872575937694086e-07	3.969213734280162e-08	-1.268757854789437e-07	5.857068757851586e-07	-1.325369059680056e-07
1.17	-0.5418438930560755	-0.08059874291748903	0.5967923031388983	1.765925320749664	-0.4672536953007571	-0.01582923700681666	-0.2617926369811992	1.315705217645107	1.31570521764513	-0.09139816766794537	-0.1734262158097047	0.2046965523173797	-0.01838170867482122	0.2516791785485113	0.06230921956366074	0.3237758142758956	-1.140772247786884	0.0101140837716366	-0.3708362387038338	-0.0002031435046442563	-0.882961233423024	-0.8829612334230308	-0.08841885879817662	0.02350711638792539	-0.09939331598545596	-0.03863107677971742	-0.3191517596700369	0.01609520175661096	-0.002009872852781387	-0.2906658107981084	0.04513808024393079	0.03614150943867048	0.2744276643377941	-24.42509146149096	-12.67586147057527	3.119913390567056	2.807364143620747	-627.9687700919488	-50.12956017507241	-3.121073900552881	1.64407534880304	0.3907752327258666	1.651834067104723	-6.208949412603378	0.304730722260826	-1.911406135441879	0.002908225786035372	-4.923507980832247	-4.923507980834857	-0.3515607306287246	0.3144459596157361	-0.8772295563842544	-0.08563517256924483	-8.661083829313201e-08	-3.810080220636703e-08	6.124996624866342e-07	4.447115718594003e-08	-1.294043294818101e-07	5.886309325087329e-07	-1.336753636855934e-07
1.18	-0.5392443413205583	-0.07995584318836167	0.6001120029238846	1.75420800796691	-0.467137165609194	-0.01963181515254925	-0.2617949025375995	1.306630278757541	1.306630278757618	-0.09230075865342992	-0.1731754441415512	0.2036583258848297	-0.01877237228677362	0.2682501828857308	0.06629477548383091	0.3400945019132411	-1.202553585831794	0.01323974055927342	-0.3896055429141541	-0.0002478507255795471	-0.9319353819918825	-0.9319353819919073	-0.09206756127250812	0.02667041161916317	-0.1082890917404523	-0.03946311010371182	-0.3165413307624215	0.0165537626332014	-0.002286559131011321	-0.2893617264404491	0.04557835974184792	0.03658885493534757	0.2726103004998142	-24.15441329353542	-12.97570925319281	3.234163526400096	2.377432259528822	-625.9998238385938	-50.43961538970856	-3.395331783819383	1.677471636494331	0.4068834272712497	1.612882334841352	-6.157488870384225	0.3140095694098439	-1.829955575688401	-0.01986373434421716	-4.872630786865106	-4.872630786865257	-0.4009470950302025	0.312851292771188	-0.9031504054090999	-0.08976698747124134	-8.738091643931777e-08	-3.130040379915308e-08	6.337904744238745e-07	5.027919059054463e-08	-1.314773478575828e-07	5.853857686827702e-07	-1.335565540066072e-07
1.19	-0.5364785238981236	-0.07927234048286658	0.6035927245834377	1.741877089805167	-0.4669880536171729	-0.02361984603399215	-0.2617974347372296	1.297068450944677	1.297068450944743	-0.09323902626634048	-0.1728925206097643	0.2025300337472992	-0.01917033940259702	0.2849262521958799	0.07043168131332933	0.3559729646068719	-1.263477662447359	0.01662822035586185	-0.4079245083065531	-0.0002398758066370544	-0.9803286812934671	-0.9803286812934419	-0.09555463738555196	0.02993107701508727	-0.1174041100910163	-0.04009382445791951	-0.3137472004697808	0.01706179502110361	-0.002595325587929855	-0.2878353688455741	0.04597495546285627	0.03706876924077591	0.2706781179873118	-23.88023118920639	-13.29442279232298	3.356113376413146	1.913848952503962	-623.767439443341	-50.77056558767181	-3.696109902983075	1.664604602561703	0.4209930067455448	1.563771660913427	-6.037024782958587	0.3580247719239632	-1.821538230044054	0.01393511444328063	-4.807427987839142	-4.807427987831567	-0.3179225916765198	0.3353427920444094	-0.9208853446175435	-0.0443242388284859	-8.811240671511309e-08	-2.424119461053511e-08	6.542621233701423e-07	5.63005560749654e-08	-1.334559279935922e-07	5.808616201087326e-07	-1.331770913307702e-07
1.2	-0.5335455597777298	-0.0785466889498852	0.6072299195547851	1.728941499332105	-0.466803705309758	-0.02778880081116432	-0.2617993257857477	1.287025740441591	1.287025740441646	-0.09421123158482837	-0.1725764566982094	0.2013095498673156	-0.01957353377784912	0.3016795224774877	0.07472454098108849	0.3713891642720775	-1.323488048095565	0.02028700363807578	-0.4257903220600885	-0.0001196205105027971	-1.028111920036413	-1.028111920036337	-0.0988551023879978	0.0332984875726674	-0.1267274402310805	-0.04050856198944508	-0.3109530701771396	0.01756982740900538	-0.002904092044841539	-0.2863090112506995	0.0463715511838642	0.03754868354620333	0.2687459354748103	-23.61257087129657	-13.61229679093133	3.478274618424014	1.468231971045021	-621.6278683608664	-51.09903813916405	-4.024708042576073	1.692911830786053	0.4380741949233995	1.520429729156307	-5.974750676912548	0.3680702665349392	-1.739325247915695	0.002592341094458727	-4.750618675137384	-4.750618675137303	-0.3636248729105988	0.3342003251023914	-0.9448127633091561	-0.04657162293481973	-9.561340122091441e-08	-3.212176778751222e-08	6.709064627124432e-07	6.267528268952941e-08	-1.412501911426765e-07	5.805303147684665e-07	-1.368776959501532e-07
1.21	-0.5304450515456468	-0.07777718511662297	0.6110189454947791	1.7154105405872	-0.4665814487647855	-0.03213406398041657	-0.2617981247701903	1.276508265428861	1.276508265428927	-0.09521561516113099	-0.1722262166900775	0.1999950277692251	-0.01997970730804636	0.3183971411307314	0.07921676283402974	0.3863376369572149	-1.3825370352835	0.02420524552570193	-0.4431879563844519	0.0005121270280102918	-1.075282165478287	-1.075282165478244	-0.1019954150797357	0.0367604747375128	-0.1361886810621875	-0.04068284473432753	-0.3088120447449411	0.01832219703418149	-0.003241367650212432	-0.2842797325249562	0.0463737970770184	0.03810777782111135	0.2674611602493593	-23.4779533124224	-13.94443638836505	3.606334179427508	0.9271212865497951	-619.7580866168977	-51.38670744757892	-4.382359299069488	1.657426332954937	0.4608908556702614	1.47026754836909	-5.844989212733924	0.4097641596380711	-1.728927823197591	0.1163114689208859	-4.685061416467412	-4.685061416472501	-0.2853417662722479	0.35400027170669	-0.9485290629104091	0.003564662462280019	-1.047221529813421e-07	-4.355053927631806e-08	6.866418160238018e-07	6.913393257250243e-08	-1.504256790073661e-07	5.811948096962211e-07	-1.415473165521508e-07
1.22	-0.5271781192369591	-0.07696154012979317	0.6149550984636596	1.701294088675814	-0.4663187971989849	-0.03665109255261127	-0.2617860371774272	1.265522121174162	1.265522121174239	-0.09625062332414275	-0.1718409963383914	0.1985855433988438	-0.02038633941314702	0.33496433779843	0.08395277169460615	0.4008145700494118	-1.440586681391436	0.02836600780379309	-0.4601434026488529	0.00205769491416291	-1.121845768430363	-1.121845768430354	-0.1049800197301482	0.0402945562836018	-0.1457198946892523	-0.04060027697012011	-0.3066710193127504	0.01907456665935823	-0.003578643255592054	-0.2822504537992125	0.04637604297017393	0.03866687209602104	0.2661763850238997	-23.3502804334228	-14.27566443409073	3.734595942618959	0.4035839482279559	-617.9884540353715	-51.67369367728455	-4.77016178100796	1.662827433677031	0.4868315964504277	1.426121810568207	-5.774882460912766	0.4165743446279382	-1.650887635923255	0.1853564106220173	-4.629290177177857	-4.629290177177917	-0.3324832646455225	0.3486192013511153	-0.9588073225007198	0.004798478883154173	-1.062615681531994e-07	-4.021452908728903e-08	6.951735409644194e-07	7.418306925439701e-08	-1.519149175088952e-07	5.659034843714596e-07	-1.401011214594723e-07
1.23	-0.5237462335927403	-0.07609729135028383	0.6190335765217663	1.68660224367131	-0.4660134054731864	-0.04133535531860634	-0.2617538668880243	1.254073580091133	1.254073580091142	-0.09731482663295461	-0.1714202189872269	0.1970804700080675	-0.02079093108986815	0.351383070241151	0.08893947404639017	0.4147935841805619	-1.497596934089227	0.03275210559001155	-0.4766291323110913	0.004543537644660452	-1.1677420526716	-1.167742052671599	-0.1078316758274583	0.04386956986232646	-0.155297709026372	-0.04027206241972461	-0.3043137212442328	0.01983757559863123	-0.003942996944130044	-0.2799311045750875	0.04627731064715285	0.03928035552096474	0.2647399502299982	-23.23184635377874	-14.63417452620003	3.873236711090123	-0.1468722315086536	-615.8719344392428	-52.00348099269532	-5.189077595875927	1.62692538320171	0.5109790179313533	1.370642365684348	-5.636304725341639	0.4555111310862346	-1.635509026624473	0.3052744055338441	-4.551710964036357	-4.551710964037425	-0.2571925311126448	0.3634001716951279	-0.9577002061497243	0.05365474119116945	-1.057630850127492e-07	-3.290338536961198e-08	7.017658274975296e-07	7.885272161292432e-08	-1.51334781181881e-07	5.463163612864052e-07	-1.370083606028426e-07
1.24	-0.5201510547773686	-0.07518189765457885	0.6232492149514436	1.6713458545296	-0.4656629760424328	-0.04618209406027235	-0.2616918229310453	1.242169693482403	1.242169693482346	-0.09840668365250556	-0.1709633999531631	0.1954795321305535	-0.02119087626147068	0.3676229720291547	0.0941817549337374	0.4282466443635478	-1.553495508832192	0.03737354879492776	-0.4926385977833432	0.008032428425965183	-1.212914873570426	-1.212914873570432	-0.1105107618783239	0.04750289286353106	-0.1648927920367768	-0.03967097594639196	-0.3019564231757259	0.02060058453790454	-0.004307350632682097	-0.2776117553509618	0.04617857832413343	0.03989383894591006	0.263303515436085	-23.12055896243596	-14.99175628942367	4.012098208198416	-0.6817258543890078	-613.8603464191668	-52.33526913107522	-5.639817858801594	1.627061302733584	0.5379473035630667	1.320931020935401	-5.552546869947544	0.4636434283674868	-1.555634797925941	0.3859660207833818	-4.484597508695669	-4.484597508695621	-0.2979692553566154	0.3602810858471024	-0.9622610571577445	0.05937286347058492	-1.024468460620466e-07	-1.733244822150099e-08	7.041818491704511e-07	8.490321993250105e-08	-1.481530439406859e-07	5.201985813273782e-07	-1.308925355806717e-07
1.25	-0.5163942535078453	-0.07421281322692466	0.6275966837253116	1.655536049874483	-0.465265253862242	-0.05118651851900828	-0.2615901546011864	1.229817853032613	1.229817853032553	-0.09952458243180884	-0.1704701494629962	0.1937825745451338	-0.02158357035044569	0.3837095771695807	0.09967587052144092	0.4411519776855116	-1.608267972590888	0.04221045418713756	-0.5081657542369001	0.01245119984013786	-1.257317951240553	-1.257317951240555	-0.1130335296188669	0.05115376614251087	-0.1744979270580915	-0.03882086876591888	-0.2991728726043824	0.02140434794065937	-0.00469994974511194	-0.2751405621876409	0.04616229413121575	0.04045714379560574	0.2615186341842317	-22.95896048285611	-15.33668717402189	4.149322925685041	-1.229881977554255	-611.4225165106152	-52.63691769485627	-6.122865306810174	1.595292801948204	0.5612732760364278	1.261035942810094	-5.409993450319178	0.4995628983687861	-1.539263166722136	0.4923270457558057	-4.397848706829416	-4.397848706828943	-0.2241301944754385	0.368631825078086	-0.9595103208586631	0.1047917800059602	-9.827786522139917e-08	7.381632542412591e-10	7.053340012146313e-07	9.137160584555325e-08	-1.441839801070413e-07	4.921044183670173e-07	-1.238618358768239e-07
1.26	-0.5124774196504681	-0.07318756172546094	0.6320703461233959	1.639184441117479	-0.4648179928673856	-0.05634381596180903	-0.2614397996883777	1.21702604464399	1.217026044643928	-0.1006666488207314	-0.1699401619648086	0.1919895914902527	-0.02196637094068195	0.3996294896000505	0.1054151696956465	0.4534853692068039	-1.661856329209125	0.04728131172819029	-0.5232131945965198	0.01776974501517367	-1.30090846133701	-1.30090846133701	-0.115344283802302	0.05485029446767775	-0.1840978859290196	-0.03769227619863395	-0.296389322033046	0.02220811134341376	-0.005092548857544721	-0.2726693690243196	0.04614600993829889	0.04102044864530146	0.2597337529323707	-22.80464395534405	-15.68072881386542	4.286846253208457	-1.764530889859351	-609.0938496733173	-52.94363437352742	-6.63850678283157	1.593722760742347	0.5869840208634807	1.20654266080109	-5.315725441855557	0.5104338581360703	-1.459691579138469	0.5659207729559842	-4.32208399396183	-4.322083993961808	-0.2555665439350491	0.3694120950845163	-0.9612258270804146	0.1150699408329553	-9.245359627682459e-08	2.080598795087496e-08	6.982531624464485e-07	9.604434577534384e-08	-1.373955879216729e-07	4.602422912443122e-07	-1.154624851273594e-07
1.27	-0.508402148740305	-0.07210370102270951	0.6366644124134884	1.622302904660405	-0.4643189914941896	-0.06164912157257705	-0.2612319649138301	1.203802560947636	1.203802560947571	-0.1018309790234387	-0.1693732075111718	0.1901006672303013	-0.02233665943678646	0.4153962051706837	0.1113962875610914	0.4652248129186939	-1.714239487854822	0.05255457500824499	-0.5377645840329287	0.02393614747785364	-1.343634801068872	-1.343634801068871	-0.1174865093839108	0.05854100883593737	-0.1936794886928803	-0.03632060716738872	-0.2932083900605107	0.02291498205491551	-0.0055100349312712	-0.2700334743466615	0.04613529409136229	0.04162842632506469	0.257621540324329	-22.62316120915131	-16.05419033581911	4.435070516663396	-2.310969175089686	-606.3470852626166	-53.31848870331845	-7.188527339934589	1.563862387097377	0.6095934192370441	1.142158333717692	-5.167903320402906	0.5410256429121357	-1.440437845377904	0.6628406203916991	-4.224866596273058	-4.224866596272972	-0.1882700153389716	0.3691130931930808	-0.9554936023331757	0.1548494353661215	-8.607010837822054e-08	4.154854684375578e-08	6.883909078632781e-07	1.001104485486271e-07	-1.296547199418033e-07	4.2710720325595e-07	-1.066007522678892e-07
1.28	-0.5041700673880616	-0.07095884559133321	0.6413727757621668	1.604903878167979	-0.4637662068721989	-0.06709745612160407	-0.2609582979871604	1.190156422327268	1.190156422327201	-0.1030156753719702	-0.1687693035167547	0.1881161537224526	-0.0226919044323594	0.4309915780162594	0.1176141154206227	0.4763447809239738	-1.765354336279563	0.05803796148717794	-0.5518189822487687	0.0309361754392411	-1.385439446139721	-1.38543944613972	-0.1194175129681262	0.06224020262405303	-0.2032157355085123	-0.03468357609231058	-0.2900274580879674	0.02362185276642192	-0.005927521005053398	-0.267397579669003	0.04612457824442598	0.0422364040048346	0.2555093277162945	-22.44836267594394	-16.42686951733479	4.583612953082883	-2.84966998887049	-603.7041169297337	-53.69959835702097	-7.774360597432118	1.559454215730868	0.6343260196807926	1.082647519479091	-5.06206339766425	0.5524584979117239	-1.360293335024629	0.7326458726974703	-4.137745061759295	-4.137745061759262	-0.2133221444563813	0.3711079790557252	-0.9521546374346708	0.1681423495995389	-8.526955981027383e-08	-1.140090444622191e-08	5.550363237669951e-07	7.747930697117055e-08	-1.195467815007302e-07	3.488685572575091e-07	-9.701170265901508e-08
1.29	-0.4997828460199696	-0.06975069060219104	0.6461891702895745	1.587000175669813	-0.4631575229559762	-0.07268332904428559	-0.2606106532499664	1.176096977847051	1.17609697784704	-0.104218994553829	-0.1681281316433002	0.1860365052638221	-0.02302945312243162	0.4464214711971183	0.1240495654446976	0.4868239391309639	-1.815156605873486	0.06373443327395621	-0.5652978441227716	0.03871969803640066	-1.426283804388419	-1.42628380438842	-0.1211821339352653	0.06598177996622019	-0.2127073627217266	-0.0327825420375314	-0.2865580407506465	0.024487418233341	-0.006367111727185011	-0.2644125861648776	0.04583373177846586	0.04277401683902914	0.2531273290756381	-22.3419615854119	-16.75186205447945	4.718669030342543	-3.25809742651604	-600.6556901986343	-54.00609136022498	-8.388670849618755	1.530066698926721	0.6530640042549662	1.014001091268477	-4.904883758602256	0.5835577053923251	-1.333082333305729	0.8202443587208559	-4.032917526909732	-4.032917526910242	-0.1484343425184551	0.3738984348793137	-0.9466832917450529	0.2076081816583374	-8.656261349132358e-08	-9.198485955477098e-08	3.753721161032959e-07	4.483669876218678e-08	-1.085511916367059e-07	2.53716077005289e-07	-8.714990926911443e-08
1.3	-0.495242263754137	-0.06847719921071126	0.651107046623044	1.56860533547204	-0.4624908110846198	-0.07840227052965258	-0.2601813655057008	1.16163406252025	1.161634062520291	-0.1054380403993046	-0.1674499008318057	0.183862137227363	-0.02334668662230785	0.4616637575645126	0.1306813958881461	0.4966411421363374	-1.863581876201244	0.06964355251399548	-0.5784326947854811	0.04726477685338627	-1.466133615456508	-1.466133615456513	-0.1225628456894381	0.06965199023167257	-0.2221596510741508	-0.03062053805310301	-0.2830886234133204	0.02535298370025221	-0.006806702449168298	-0.2614275926607559	0.0455428853125018	0.04331162967321089	0.2507453304349891	-22.24261058157952	-17.07340973418738	4.85065092977837	-3.657731478287378	-597.7251909755111	-54.31899603620968	-9.017844924440885	1.521932853037971	0.6736021035555356	0.9502564791557716	-4.786663544431275	0.59498798856392	-1.291491092765934	0.8849571166626712	-3.938835625637717	-3.938835625637717	-0.1365403018631305	0.3568345637127732	-0.9442868652766612	0.2203363355293843	-4.796418721405813e-08	-2.348580149034539e-07	-2.034912059922982e-07	-4.459791822939279e-08	-4.149051831476369e-08	-2.308362157298311e-08	-2.767121995933033e-08
1.31	-0.4905501838783718	-0.06713639580031909	0.6561197815754624	1.549732942423178	-0.461764315640195	-0.08424839687372525	-0.2596630703118664	1.146777542114584	1.146777542114595	-0.1066717772219526	-0.1667346099637409	0.1815934114241423	-0.02364152148892067	0.4767093067652958	0.1375125778258183	0.5057934221722316	-1.910661898883584	0.07568731343726631	-0.5907326844940658	0.05651053826664169	-1.505002311183552	-1.505002311183555	-0.124125581552367	0.07339632562445465	-0.2315697797701392	-0.02830336375655974	-0.2791083871228913	0.0259627632385158	-0.007217797110278104	-0.2586687718430278	0.04571878200562491	0.04384638856874317	0.2479573331667011	-21.97745935230881	-17.42551071526122	4.99065879460873	-4.183693077830164	-594.5136395329589	-54.71513845475775	-9.661693297875111	1.489445038306517	0.6928313976556849	0.8808652533442085	-4.633428138626037	0.6140371407094909	-1.190210855553201	0.9618271066174293	-3.835678857146997	-3.835678857146776	-0.1573788404145804	0.3815133168551238	-0.9370670709127922	0.244082774775757	7.16070933165277e-09	-4.035366960659075e-07	-9.477370183525401e-07	-1.575606531451915e-07	4.879711815403101e-08	-3.751371677434794e-07	5.236304051726336e-08
1.32	-0.4857089326936561	-0.06572628953879368	0.6612206696257474	1.530396797845798	-0.4609763891872361	-0.09021571470401028	-0.2590488292133072	1.131537376289467	1.131537376289453	-0.1079193891255952	-0.1659822196837915	0.1792310460941319	-0.02391184965295627	0.4914980193543955	0.1445419661147918	0.5142717617096447	-1.956332181905557	0.08192975422056523	-0.6026709920285841	0.06645395779831506	-1.542862699346967	-1.542862699346969	-0.1253378618915643	0.07707187260900343	-0.2408875564322423	-0.02571919753765754	-0.2751281508324573	0.02657254277679532	-0.007628891771653564	-0.255909951025294	0.04589467869875213	0.04438114746429655	0.2451693358984143	-21.71822061396439	-17.77441519885999	5.127689155927532	-4.716610023787783	-591.4103211791357	-55.13773581807116	-10.32037103407852	1.470565530701274	0.7132433738158134	0.8154683794595647	-4.504715612357999	0.6347239605695557	-1.21915465795261	1.024488740346257	-3.737174112912041	-3.737174112912022	-0.06644919711683531	0.3430768820661125	-0.9258164584996131	0.2737347200011755	4.349807689337431e-08	-4.745914332383135e-07	-1.337167496344783e-06	-2.115725221331105e-07	1.040912301501164e-07	-5.406747661186023e-07	9.800827541444184e-08
1.33	-0.4807209848684111	-0.0642449613294749	0.6664029194308135	1.510610974820841	-0.4601252853870297	-0.09629978203352603	-0.2583319320706283	1.115923736417743	1.115923736417759	-0.1091784316362956	-0.1651932832479049	0.1767759135683369	-0.02415535015689265	0.5060472798841922	0.1517499626503288	0.5220593164335773	-2.000582725828506	0.08831567373113328	-0.6140547828955646	0.07702682051160993	-1.579682535024033	-1.579682535024036	-0.1264404772796569	0.08071092087649662	-0.2501222343328001	-0.02294745682228531	-0.2708740100315432	0.02728416941584437	-0.007976696897058553	-0.2528589505758472	0.04581403893560571	0.04478847717201638	0.2421125375245095	-21.52222817418539	-18.04713595562939	5.241416227612002	-5.098639788603581	-587.918353160039	-55.45416285856075	-10.99419005589686	1.440491278803623	0.7284712775427106	0.7425978975895019	-4.347739962379778	0.6444909304707126	-1.084729508214959	1.088887502934951	-3.627004892116239	-3.62700489211641	-0.1277341942628871	0.3733087531556518	-0.9198458805414266	0.2841875005293242	7.127054153592437e-08	-5.011411371211398e-07	-1.564843924845734e-06	-2.387097316539086e-07	1.434324118718786e-07	-6.211830353517182e-07	1.279761604151225e-07
1.34	-0.475588867444931	-0.0626907744579767	0.6716594845588649	1.490390143120631	-0.4592095293948834	-0.1024950349131425	-0.2575062658075936	1.099947374869845	1.099947374869891	-0.1104476135978035	-0.1643681583385309	0.1742289237785945	-0.02437007450303046	0.5203319390013799	0.1591136985506733	0.5291348263066886	-2.043333916956108	0.09486019260851408	-0.6249081020483137	0.08820778186945868	-1.615407034581595	-1.615407034581599	-0.1273657520520473	0.08430956730657985	-0.2592590092216605	-0.01996396597794993	-0.2666198692306335	0.02799579605488822	-0.008324502022358569	-0.2498079501264031	0.04573339917245788	0.04519580687972825	0.2390557391506013	-21.33148072897926	-18.3172499659734	5.352800297478278	-5.496374516036497	-584.5292288643437	-55.80226563941811	-11.68362521510801	1.417645248179464	0.7443912467772997	0.6730594092953033	-4.20484505328841	0.6664438339321029	-1.113060315106321	1.146108469257031	-3.518106889011218	-3.518106889011226	-0.03098107397640066	0.3349965145841234	-0.906235856160124	0.3160847457938107	1.017799831492064e-07	-5.134723883801776e-07	-1.775468404045135e-06	-2.607483812295733e-07	1.843430579880889e-07	-6.813262629696602e-07	1.579574487601146e-07
1.35	-0.4703151901577827	-0.06106220209896331	0.6769832366279509	1.469749176210288	-0.4582277552640117	-0.1087958735115793	-0.2565660126796385	1.083619239057037	1.083619239057075	-0.1117257570552219	-0.163507269417749	0.1715910532320998	-0.02455419005295748	0.5343515052058641	0.1666231952392601	0.5354942855827682	-2.084601507661335	0.1015161790001508	-0.6351793182566675	0.09993054761942283	-1.650030785528161	-1.650030785528154	-0.1282281138030456	0.08785970495213422	-0.2682922010182785	-0.01682682780698601	-0.2619925988503529	0.02850973675041115	-0.008606389080145415	-0.2468069129640932	0.04576494695380717	0.04557011258342933	0.2356716133728798	-21.09084810292932	-18.57967570806056	5.460581004084649	-5.872270191725839	-580.8668787681379	-56.18735553184115	-12.38933315771499	1.386344518830859	0.7575347524127852	0.5992420534523321	-4.048982058609985	0.6687260707085333	-0.9719480112453117	1.198516212539432	-3.406147539133126	-3.40614753913143	-0.1087390107135831	0.3633263951326899	-0.8984901377609108	0.3177020562213315	1.336579132478544e-07	-5.186944133273219e-07	-1.977566908593761e-06	-2.802377508326715e-07	2.260384363015232e-07	-7.312869697800156e-07	1.879454387772624e-07
1.36	-0.4649028707661396	-0.05935787359856137	0.6823669538631353	1.448703280196999	-0.4571787112634376	-0.1151969834196085	-0.2555059007772489	1.066950538066431	1.066950538066464	-0.1130114991871603	-0.1626112183193929	0.1688635249083695	-0.02470589948048011	0.5480603599002658	0.1742649268283845	0.541127859526372	-2.124319737545369	0.1083141665489499	-0.6449623639668367	0.1121795367563199	-1.68352007014088	-1.683520070140861	-0.1288854869561252	0.09134200282135248	-0.277190564668827	-0.01348274149707589	-0.2573653284700689	0.02902367744593668	-0.008888276137960486	-0.2438058758017821	0.04579649473515705	0.04594441828713418	0.232287487595161	-20.85448147051184	-18.83989727324697	5.566347141006371	-6.271839746157447	-577.2965777647353	-56.6084983656018	-13.11218473477066	1.355502946162977	0.7708382268847982	0.527882342800155	-3.894972889049869	0.6948440653645817	-1.015426215469373	1.251353146643615	-3.291213622241802	-3.291213622241755	0.01001664560731787	0.321428559316901	-0.8792702269461978	0.3574743735830545	1.670915201480293e-07	-5.263392814894919e-07	-2.189099251165879e-06	-3.009926867111496e-07	2.709037663315748e-07	-7.704582499998429e-07	2.179203963382113e-07
1.37	-0.4593549421837803	-0.05757654084254509	0.687803350148932	1.427267890205227	-0.4560612050097751	-0.1216930016854941	-0.2543209449747736	1.0499526629962	1.049952662996215	-0.114303520044473	-0.1616805924174164	0.1660476422897515	-0.02482345115811751	0.5614685754596199	0.1820156934991176	0.5460257499136436	-2.162484314416619	0.1152039863343662	-0.6541520655308364	0.124884698333633	-1.715852594070516	-1.715852594070512	-0.1294918256312973	0.09477674871856426	-0.2859608727909647	-0.01000066014868697	-0.2525004145316547	0.02948058632344407	-0.0090864371983499	-0.2405922243182891	0.04553027994453247	0.04625181431100024	0.2286550516425217	-20.69892338492409	-19.05037734536439	5.656718650111229	-6.4997493522044	-573.4169233226373	-57.00210676014871	-13.85325404706857	1.325008046230346	0.7792401647552821	0.4519622124728431	-3.736055546287622	0.6889626054202374	-0.8571452134495074	1.291058852509134	-3.173971120726716	-3.17397112072882	-0.09204355064746134	0.3530266263299615	-0.8722174125749167	0.3479954955002136	2.013758877990393e-07	-5.353091420348791e-07	-2.405790723907095e-06	-3.22439729146476e-07	3.175026637066516e-07	-8.037290625529751e-07	2.478882267746764e-07
1.38	-0.4536746260087452	-0.05571729156430394	0.6932849693037579	1.405459083352717	-0.4548742182242003	-0.1282781975843375	-0.2530067453186785	1.03263752281819	1.032637522818189	-0.1156008211738506	-0.1607159132521881	0.1631447953283666	-0.02490529792626434	0.5745378784353217	0.1898482312733616	0.5501724333322046	-2.199003109692869	0.1222102729313861	-0.6627978905582056	0.138028307480304	-1.746973091696237	-1.746973091696246	-0.1299415413691893	0.09815265547204198	-0.294583433222196	-0.006341759598962117	-0.247635500593246	0.02993749520094911	-0.009284598258699981	-0.2373785728347974	0.04526406515390766	0.04655921033486278	0.2250226156898773	-20.54676367549578	-19.25935342188229	5.745813779172813	-6.760006033973222	-569.6199191988404	-57.43610330414572	-14.61323435153852	1.287720429432514	0.787192447586997	0.3776409490580132	-3.56581657005006	0.7181374276853169	-0.9066509081432785	1.339042660515184	-3.048808361458589	-3.048808361458591	0.04134123306334169	0.3096607305700919	-0.8497206887649179	0.3928382138502426	2.363503377816929e-07	-5.124764081451977e-07	-2.575157815396916e-06	-3.309914373066688e-07	3.614253292208649e-07	-8.117580907152894e-07	2.770352174590009e-07
1.39	-0.4478652612019836	-0.05377931037780501	0.6988043163498039	1.383293101194329	-0.4536168486928421	-0.1349470694201148	-0.2515591725188097	1.015017245486704	1.015017245486705	-0.1169022982770098	-0.1597179041471353	0.1601565246369553	-0.02494996150915165	0.5872688624878687	0.1977605283426083	0.5535712933682895	-2.233915334348926	0.1292748723844388	-0.6708888998924833	0.1515491125016042	-1.776872283183622	-1.776872283183627	-0.1303308472999943	0.101440060026814	-0.3030335643206219	-0.0025648007715831	-0.2424062770938254	0.03036343497101729	-0.009410275957419318	-0.2344128986803257	0.04547039960365414	0.04656571415699885	0.2210805816138618	-20.2401260572122	-19.35266910421817	5.802725593752662	-7.063628509844683	-565.6519360546245	-57.65025444501204	-15.39176715442037	1.255907063422	0.7950602470706635	0.3022402394995102	-3.412164719488938	0.7027103853140645	-0.7469235692723536	1.368028424157083	-2.929024226068075	-2.929024226067446	-0.07572303643423438	0.3363511608949428	-0.8371540215738479	0.3744480012584211	2.717366110912961e-07	-4.706647066087814e-07	-2.716282937430266e-06	-3.318475427542822e-07	4.037508886245643e-07	-8.047234733540519e-07	3.056923521622102e-07
1.4	-0.4419305626206448	-0.05176184383851817	0.7043538983379339	1.360786348928159	-0.4522884153307135	-0.1416941708738757	-0.2499745058684838	0.9971042663036054	0.9971042663036104	-0.1182069997455333	-0.1586874068279426	0.1570848536943213	-0.02495599084694983	0.5996046333506633	0.2057453018309434	0.5562194217490082	-2.267157131249203	0.1364230390854442	-0.6784438141548541	0.1654470775716904	-1.805513462018591	-1.805513462018592	-0.1305864144420715	0.1046502983001535	-0.3112634834667449	0.001385089418863612	-0.2371770535944059	0.03078937474108498	-0.00953595365612633	-0.2314472245258544	0.04567673405340058	0.04657221797913412	0.2171385475378453	-19.93646633853601	-19.44532211217994	5.859372207407685	-7.403074637929542	-561.760144691978	-57.91128735434599	-16.18894397420882	1.208677791482029	0.8016877314047153	0.2274946179848096	-3.231731018894257	0.7348508772758474	-0.7994318937618724	1.414474670272387	-2.797205830975254	-2.797205830975284	0.06808899080892582	0.2942274742835746	-0.8056782983043619	0.4274244864637849	3.04165173705243e-07	-4.570622140850952e-07	-2.876567414029405e-06	-3.403560643953097e-07	4.464822234489657e-07	-7.900138532849483e-07	3.303717170052879e-07
1.41	-0.4358743806180858	-0.04966429029429319	0.70992618678206	1.337955507016483	-0.4508882646863172	-0.1485138204549097	-0.2482492797986798	0.9789112218065283	0.9789112218065272	-0.1195140723425831	-0.1576250626525685	0.1539319030411158	-0.02492192991233865	0.6115636454698239	0.2137644780440108	0.5581092222139328	-2.298714091933296	0.1436139187704799	-0.6853921605944846	0.1796423109488914	-1.832871457775717	-1.83287145777572	-0.1308089050411226	0.1078113333836023	-0.3192926320744573	0.005445542682804822	-0.2318746494516519	0.03083811418712581	-0.009552760965854829	-0.2280600860616504	0.04500782749860153	0.04682601321200607	0.2130503861433303	-19.8965040865253	-19.60380414774457	5.931768285505313	-7.424215004241349	-557.602508303548	-58.44912516189748	-17.00460318531234	1.17935679844018	0.8018213362886011	0.1504674880825406	-3.073030999177004	0.7126803572356055	-0.6281337649611065	1.428673855411692	-2.671571828010489	-2.671571828010662	-0.06466968926833294	0.3253318509948481	-0.7964995422851194	0.3985645982576888	3.34671224367013e-07	-4.617957074196853e-07	-3.049305471096305e-06	-3.538386565620566e-07	4.894773122968232e-07	-7.703154814557315e-07	3.524655314392797e-07
1.42	-0.4297006397190733	-0.04748658723393137	0.7155135221763024	1.314818025016766	-0.4494159104764469	-0.1554000730495199	-0.2463807761583102	0.9604513022758938	0.9604513022758869	-0.1208228201664241	-0.1565314500612368	0.1506996676217771	-0.02484662267470837	0.6231164126412683	0.2217752050583141	0.5592288117723107	-2.328485148857798	0.1508637521802428	-0.6917644168700139	0.1941025916848015	-1.858888468730009	-1.858888468730012	-0.1309214598004221	0.1109039814918238	-0.3271204366933872	0.009634350022682085	-0.2265722453088983	0.03088685363316601	-0.009569568275575566	-0.2246729475974467	0.04433892094380234	0.04707980844487707	0.208962224748815	-19.85924893603797	-19.76163505421503	6.003860307687605	-7.486099366440169	-553.520467196434	-59.03622627038612	-17.83833078354125	1.127428801938806	0.7999978916519296	0.07345243667548501	-2.874550266976275	0.7466416222212838	-0.6842138609416186	1.467484142014187	-2.529008870408217	-2.52900887040821	0.09007615875923836	0.2805500792380967	-0.765409500547843	0.4530953016509984	3.664948697624618e-07	-4.084565988353124e-07	-3.152649860851877e-06	-3.481538192941096e-07	5.297031429382932e-07	-7.281945946390431e-07	3.755176169339762e-07
1.43	-0.4234133545115725	-0.04522881939201446	0.7211082397727874	1.291391521857659	-0.4478710135222919	-0.1623473936663984	-0.244366620118842	0.9417379389155168	0.9417379389155026	-0.1221323520001814	-0.1554075021945612	0.1473902508335718	-0.02472903350880538	0.634261252302218	0.2297757477944211	0.5595875254439747	-2.356512896906983	0.1581171152458527	-0.6976057198870059	0.2087617477960885	-1.883550969015013	-1.883550969015014	-0.1309687257119151	0.1138780733360062	-0.3347147644936926	0.01390304458031262	-0.2209159967025383	0.03103962944786682	-0.009517972889641353	-0.2216558673386294	0.0443737721448146	0.04681957951155497	0.2045737931604772	-19.60232952526181	-19.71635137953511	6.022624641340554	-7.616048029374728	-549.3385466026366	-59.20193359115701	-18.68936564289495	1.096172047143367	0.7996260219340953	-0.001879561099502296	-2.721419471117085	0.7153461156089512	-0.5196328258359907	1.470101083776076	-2.399967368761878	-2.399967368761529	-0.04981466446787244	0.3040604598918632	-0.7492781097392802	0.4171144647766846	3.992499183317182e-07	-3.140661682047748e-07	-3.206940106473576e-06	-3.289195922533611e-07	5.679713945028337e-07	-6.702233092967276e-07	3.992471009371019e-07
1.44	-0.4170169888076677	-0.04289113741126768	0.7267027524272867	1.267693834738616	-0.4462534504441051	-0.1693502361741986	-0.2422048785706429	0.9227849312000467	0.9227849312000257	-0.1234418938327269	-0.1542541690648667	0.14400632402937	-0.02456808581093456	0.644932511921979	0.2377580328242896	0.5591878233751864	-2.382721940845266	0.1653969769865867	-0.7028687950543174	0.2236196934309804	-1.906817339748629	-1.906817339748628	-0.1309234595579798	0.1167810340955307	-0.3420224398926937	0.01830605641624736	-0.2152597480961806	0.0311924052625673	-0.009466377503711002	-0.2186387870798118	0.04440862334582716	0.0465593505782327	0.2001853615721368	-19.3480356009114	-19.67155639088681	6.042552305290093	-7.787282760982361	-545.2273240602126	-59.42371320469738	-19.55664770774887	1.032712793701055	0.7963463504042407	-0.07823071141498128	-2.510809444795836	0.7519413572461007	-0.5685682910054997	1.50724204673519	-2.249782960130448	-2.249782960130446	0.1085825718449076	0.2663238623065144	-0.7080790202869929	0.479958757311842	4.267497675861608e-07	-2.379578190399634e-07	-3.255810515075074e-06	-3.126086801454833e-07	6.023768625197408e-07	-6.055692153500781e-07	4.178471205632614e-07
1.45	-0.4105161928844804	-0.04047380728319094	0.7322894939889009	1.243743037405254	-0.4445631455913199	-0.1764029597439924	-0.2398938700772615	0.9036062957832209	0.9036062957832145	-0.1247506643934204	-0.1530722886764739	0.1405507454754424	-0.02436266285775429	0.6551427548813881	0.2456955430413341	0.5580338807488233	-2.407122449513473	0.1726590511049661	-0.7075807208031074	0.2385970441449236	-1.928664347958436	-1.928664347958425	-0.1308184394416912	0.1195853139683372	-0.3490424051438261	0.02279172658366866	-0.2094756661096437	0.03101159899836589	-0.009322179266531642	-0.2155239643395598	0.04411753231551898	0.04633292479696974	0.1956317448309106	-19.19283987470252	-19.62315372315062	6.060832354411047	-7.779850085542998	-540.9815734817166	-59.73571318583608	-20.43868085580728	1.002663424072332	0.7905274651588639	-0.1528376466901566	-2.357325443917237	0.7130365613932628	-0.4078341827057511	1.495237418671231	-2.115438237231567	-2.115438237230117	-0.03681608061578805	0.2853550186573717	-0.691375025175745	0.4352637555819892	4.502143745095857e-07	-1.758874967149058e-07	-3.300519263107489e-06	-2.985424562896313e-07	6.338162645982862e-07	-5.357836790822433e-07	4.325084443285363e-07
1.46	-0.4039157978562963	-0.03797748723138289	0.7378609238025629	1.219557704211994	-0.4428002807728991	-0.1834998684644521	-0.2374326369097511	0.8842165345871319	0.8842165345871403	-0.1260580403153796	-0.1518627904955738	0.1370264833194736	-0.02411190468107486	0.6648523329212561	0.2535560175705521	0.5561254737847348	-2.429629112825047	0.1799089701137213	-0.7117058251874978	0.2536646282567604	-1.949042495601275	-1.949042495601254	-0.1306445318108675	0.1223045925967295	-0.3557591603009341	0.02737310111607866	-0.2036915841231057	0.03083079273416532	-0.009177981029364285	-0.2124091415993068	0.04382644128521116	0.04610649901570813	0.1910781280896851	-19.04052165201541	-19.57528816910487	6.080389236201134	-7.813408381713868	-536.8100793745937	-60.10666235971716	-21.33361132440528	0.9325798097928644	0.7809392128389376	-0.2291235789600955	-2.132040373469528	0.7495103353212581	-0.4512040181256147	1.525288726313889	-1.956010846736894	-1.95601084673689	0.1223600747519101	0.2493236134236533	-0.6474370014821387	0.499099630309585	4.690036807878088e-07	-9.778034650238955e-08	-3.305998076353025e-06	-2.763177095374713e-07	6.583562386932061e-07	-4.580976607553835e-07	4.441418853890795e-07
1.47	-0.3972207577283126	-0.03540301981637206	0.7434095245915787	1.195156697597867	-0.4409651228563095	-0.1906354720107161	-0.2348205289096987	0.8646304359010116	0.8646304359010148	-0.1273632109169312	-0.1506267632838043	0.133436612149869	-0.02381499217162368	0.6740645065069564	0.2613161103369134	0.5534701423749276	-2.450242976844192	0.1871132559840536	-0.7153229222452516	0.2687579616411833	-1.967918634102799	-1.967918634102802	-0.1303737103472231	0.124887909603707	-0.3621585829453116	0.03202055102776211	-0.1977975943694319	0.0305369431112044	-0.008952697870474173	-0.2092640680661781	0.04343868569961359	0.04569056500839019	0.1863833600988174	-18.92129990088906	-19.43167130911009	6.075937080108724	-7.709671860255066	-532.5589601842728	-60.34462125956757	-22.23881964053325	0.9019297739607707	0.7702943412642456	-0.3022819550315086	-1.976589029799213	0.7048919526796082	-0.3027551110999975	1.501504127628858	-1.814715739291147	-1.814715739294689	-0.01826718456353697	0.2602416122758316	-0.6277594652660305	0.4496174945068521	4.838969031950301e-07	-6.309173050324053e-09	-3.27878527727616e-06	-2.472941937050543e-07	6.771466894684378e-07	-3.738279073793359e-07	4.532520908623464e-07
1.48	-0.3904363171362711	-0.03275160146715171	0.7489278632598882	1.170559446420817	-0.4390581212330584	-0.1978044050398576	-0.2320574578791774	0.8448633157523898	0.8448633157523877	-0.1286652153771929	-0.1493654217283772	0.1297844338399506	-0.02347119519847383	0.6827324257327426	0.2689462044124561	0.5500730496435031	-2.46887802540983	0.1942777114460017	-0.7183717217629949	0.2838572343505009	-1.985246788101562	-1.985246788101588	-0.1300113035529486	0.1273674613283258	-0.3682205883637082	0.03674999385581067	-0.1919036046157549	0.03024309348824412	-0.008727414711585009	-0.2061189945330493	0.04305093011401597	0.04527463100107319	0.1816885921079528	-18.80627959232544	-19.28874940965365	6.073231958263651	-7.64090335651743	-528.3978856339463	-60.64624344468682	-23.1493707949557	0.8237289378100604	0.754939474675181	-0.3774758432836101	-1.73627728276842	0.7415442536444422	-0.3375445101235159	1.526476591292839	-1.646413946184607	-1.646413946184585	0.1406771408779089	0.2285705569519232	-0.5799535562859816	0.5154982135826075	4.996659670722742e-07	1.061987959693334e-07	-3.237861043298883e-06	-2.16858478169371e-07	7.001134634445088e-07	-2.876881225573334e-07	4.630164170123005e-07
1.49	-0.3835678811658967	-0.03002457670181126	0.7544085834515862	1.145785545994825	-0.4370798911674426	-0.2050010634566589	-0.2291437062874858	0.8249306424066142	0.8249306424066094	-0.1299634277297871	-0.1480798875137496	0.1260733440718688	-0.02307992973426596	0.6908547062585698	0.2764315562103142	0.5459505517447379	-2.485565263797185	0.2013478452797056	-0.7208289437738128	0.2988729218074598	-2.001021454574365	-2.001021454574372	-0.1296525265262131	0.1297507355263289	-0.3739338603835364	0.04150473241783512	-0.1857313194554474	0.02969941898721409	-0.0084473367389296	-0.2033143120529924	0.04312766318123097	0.04458741702707484	0.1767385386087949	-18.54934896472152	-19.04477552205092	6.045181954152026	-7.581347192887728	-524.2068380977246	-60.7779665057075	-24.06262843340391	0.7915363546441644	0.7412202754537588	-0.4475542877351784	-1.584345404491357	0.6870389947887154	-0.179719576647931	1.486090495848969	-1.503124725400803	-1.503124725397947	-0.01978336142143315	0.2442754789272237	-0.5575109044262681	0.456028309313678	5.162266568935771e-07	2.377207917520065e-07	-3.184543781623156e-06	-1.851463513634278e-07	7.268549910828766e-07	-1.998581170053334e-07	4.733719676200296e-07
1.5	-0.3766212106413283	-0.02722352096986968	0.7598444951593841	1.120854893527405	-0.4350315015541782	-0.2122182757995878	-0.2260804026866343	0.8048481960505935	0.8048481960505909	-0.1312587045811045	-0.1467703066316101	0.1223070222076693	-0.02264100355807756	0.6983793365714021	0.2837523977326808	0.5411113528634856	-2.500228433695432	0.208309620975625	-0.7224825069881116	0.3137676361824805	-2.015201390150074	-2.015201390150062	-0.1294242032991903	0.1321767948324415	-0.3792670075871659	0.04628213625191192	-0.1795590342951477	0.02915574448617731	-0.008167258766198835	-0.200509629572942	0.04320439624844352	0.04390020305306531	0.1717884851096324	-18.29594528170727	-18.80169268586105	6.018999440272904	-7.558082706917212	-520.0935733857142	-60.97368300908535	-24.97706298252249	0.7041988952110791	0.7220374195768658	-0.520816039781045	-1.33146358494694	0.7198726260875253	-0.1768127508196727	1.502281974905211	-1.327467766765851	-1.327467766765836	0.1145863809353811	0.2371275785738292	-0.5039285930462406	0.5200312679930802	4.907404523849222e-07	5.270660193275681e-07	-2.74653762907355e-06	-9.060530068668199e-08	6.965753305764705e-07	-9.55623775662925e-08	4.557898877249784e-07
1.51	-0.3696023045476529	-0.0243501990558135	0.7652284731636413	1.095787893239941	-0.4329139033007182	-0.2194507122292054	-0.2228689389546493	0.7846322237788449	0.7846322237788477	-0.1325501665662134	-0.1454380176995125	0.1184893486796957	-0.02215393834585421	0.7052984068200009	0.2908720746929271	0.5355675061024712	-2.512816028171683	0.215187203314287	-0.7238859943591377	0.3284881404592932	-2.027707955638718	-2.027707955638712	-0.1288753996899939	0.1342800246480183	-0.3842012709527131	0.05113195718637726	-0.1734344637688473	0.02825925444604102	-0.00781840622183109	-0.1975030765011926	0.04274165925142177	0.04330721167773259	0.1668112649604782	-18.21697994844775	-18.57039154637136	5.996296932396697	-7.311901078491587	-515.9817861999034	-61.30336670453765	-25.89157497254729	0.6702615692107422	0.7009754624419163	-0.5885670712322704	-1.169037659217888	0.6683119167381534	-0.103951675479291	1.451389190788444	-1.169562189277489	-1.16956218927825	0.0240982636594364	0.1964422380254941	-0.4781760688203632	0.4675996728167951	4.24048291432907e-07	9.710780140601656e-07	-1.93153636346753e-06	6.550809538345235e-08	6.104149056881838e-07	2.486978108204889e-08	4.108289299372014e-07
1.52	-0.3625173076555836	-0.02140687184651619	0.770553533084894	1.070605690951667	-0.4307282070480722	-0.2266935505215818	-0.219511379272552	0.7642997236023404	0.7642997236023416	-0.1338363263326926	-0.1440847921582526	0.1146243323459644	-0.02161834649095749	0.7115974962496545	0.2977534567809066	0.5293277362626349	-2.523268833858084	0.22192922081225	-0.72456287953957	0.3429868262048718	-2.038506971101912	-2.03850697110191	-0.1283637595708887	0.1363641166626298	-0.3887355687387166	0.05598746478658415	-0.167309893242538	0.02736276440591143	-0.007469553677544706	-0.1944965234294387	0.0422789222543991	0.04271422030240197	0.1618340448113309	-18.14126808410439	-18.34096556755298	5.976687067271755	-7.094662183469824	-511.9375913165587	-61.67898791210725	-26.80566438653938	0.5802027314220407	0.6743784451234935	-0.6600006555454507	-0.9045058269768932	0.6927596579477382	-0.03149231270087877	1.457918268658417	-0.9859577616756877	-0.9859577616756886	0.1071536829171105	0.2333000183807803	-0.4239354771375103	0.5211686011413934	4.027757355278384e-07	1.241557364722756e-06	-1.560074346753481e-06	1.471879454046226e-07	5.937150460111732e-07	1.162580273494036e-07	3.974059962405622e-07
1.53	-0.3553723897918632	-0.01839601602698414	0.7758127963081399	1.045329505272827	-0.4284759436508291	-0.2339398869798331	-0.2160102810456862	0.7438677557521157	0.7438677557520997	-0.1351176495080797	-0.1427111146656346	0.1107159169343289	-0.02103438974793121	0.717273009083898	0.3043672701765037	0.5224135488217566	-2.531592449451777	0.2284967834904538	-0.7246159420139443	0.3571751599226635	-2.047583675922096	-2.047583675922094	-0.1278814075455802	0.1383477053164225	-0.3928760711670678	0.06080440951218704	-0.161076658088765	0.02674204820657698	-0.007134740780455379	-0.1916367511646783	0.04209456950620336	0.04156959653563143	0.1567234983426234	-17.99791931352214	-17.87113645495619	5.904274878759473	-6.776896107337528	-507.9768000298894	-61.56834430147116	-27.71932791145678	0.5442871868808067	0.6473474786235467	-0.7236954457168367	-0.7398793873741044	0.6347875577652048	0.02144797850266364	1.390642036499491	-0.8231740381619401	-0.823174038162016	0.02186009323682441	0.176960619211696	-0.3983509933762631	0.4620164616195445	4.297615099851499e-07	1.327658281060967e-06	-1.659872781987146e-06	1.497821527487693e-07	6.508170368711428e-07	1.767871167119603e-07	4.174922131407565e-07
1.54	-0.3481741044743088	-0.01532052913512697	0.7809996041255054	1.019981365445689	-0.4261587980298016	-0.2411840218241665	-0.2123690292590102	0.723354091414496	0.7233540914144604	-0.1363935323370409	-0.1413183868204052	0.1067682478248717	-0.02040225174697892	0.7222709870163521	0.3106796712459301	0.514836655086566	-2.537659663517818	0.2349056655689964	-0.7241225567559826	0.3710175381668526	-2.054846268581171	-2.054846268581171	-0.1272756902843066	0.1401741871835422	-0.3965863083031121	0.06562371637178231	-0.1548434229349834	0.02612133200724596	-0.00679992788341381	-0.1887769788999127	0.04191021675800853	0.04042497276886522	0.1516129518739226	-17.85662910735139	-17.40553030282096	5.837772413246493	-6.496960852583942	-504.0590807750785	-61.50932635227751	-28.63324914869547	0.4446957510641598	0.6140959798893639	-0.7925419144079483	-0.4532255214466814	0.6610235380155057	0.07779723376634413	1.388727173937899	-0.6231353294543965	-0.6231353294544122	0.1318267301101264	0.201878661046178	-0.3378824186761002	0.5216410279398713	4.37274118500509e-07	1.448732055287835e-06	-1.633752851897415e-06	1.710661924764941e-07	6.791784379878645e-07	2.34249200566777e-07	4.255441325323149e-07
1.55	-0.3409292452303736	-0.01218349340404363	0.7861074306410025	0.9945837460471806	-0.4237784401258123	-0.2484209554446532	-0.2085913759045021	0.7027768700621577	0.7027768700621159	-0.1376626369722825	-0.1399085031608268	0.1027856309436551	-0.01972198256411292	0.7265798069100339	0.3166692722603796	0.5066263259380022	-2.541482700801859	0.2411283638455015	-0.7231520751418044	0.3844319645429735	-2.060291969897386	-2.06029196989739	-0.126552737508787	0.1417932409378165	-0.3998642963543415	0.07041922929087999	-0.1484511091030952	0.02470361215062249	-0.006490272479414274	-0.1863433032715723	0.04187394638445529	0.03954192315790859	0.1463513722300974	-17.67869576707548	-17.066546739445	5.799000422372435	-6.200240321389	-500.3559995210385	-61.79759952264592	-29.54868941014337	0.4058224861653718	0.5827092900537707	-0.8504923692564091	-0.2896005307072789	0.5972044540233147	0.1238676712031024	1.305625140686929	-0.4594660344537005	-0.4594660344543621	0.04163284374898022	0.140204205193377	-0.3117865174102887	0.4567605608982703	4.22350253213185e-07	1.61010064403859e-06	-1.462553066108997e-06	2.138841695157315e-07	6.744256813569328e-07	2.881775606844152e-07	4.197304482726195e-07
1.56	-0.3336449283119722	-0.008988298237249588	0.7911301110741789	0.9691593447360675	-0.4213369929427466	-0.2556447454398066	-0.2046820133319851	0.6821543559963067	0.6821543559962601	-0.138924691421273	-0.138482771869192	0.09877242827811347	-0.0189941074246552	0.7301625219095222	0.322311558388072	0.4978074386224053	-2.54301604603888	0.2471235213842189	-0.7214938316892446	0.3973593817686042	-2.063904811283547	-2.063904811283556	-0.1258656530342233	0.1433437135951037	-0.4027034651681281	0.07514490769011985	-0.1420587952712062	0.02328589229399891	-0.006180617075405648	-0.1839096276432325	0.04183767601090197	0.0386588735469518	0.1410897925862732	-17.50254700616485	-16.73060822223665	5.764550058091867	-5.937509316483665	-496.6928465863061	-62.13244671949627	-30.4615019023462	0.2994747722254959	0.5446330025379578	-0.9142535478145655	0.004712887957133389	0.6155153904579844	0.2153496014426663	1.291325343839897	-0.2565633434435668	-0.2565633434435631	0.1246530699189208	0.1881624416487703	-0.2501185711875463	0.5076741239683067	3.93339831966367e-07	1.75894561890616e-06	-1.251125226458623e-06	2.654483027703168e-07	6.39622313541246e-07	3.292830329334896e-07	4.07300983686363e-07
1.57	-0.3263284802083304	-0.005738489142698267	0.7960616137362776	0.9437313092230429	-0.4188366838440747	-0.2628493306888376	-0.200645835423289	0.6615052698457755	0.6615052698457615	-0.1401793004149909	-0.1370424529933551	0.09473322565451386	-0.0182191294413905	0.733004256198766	0.3275836025139747	0.4884000442098409	-2.542201179931249	0.2528931882909474	-0.7193163039733715	0.4097821481767933	-2.065590578248692	-2.065590578248707	-0.1250601721394664	0.1447027611321371	-0.4050581003423723	0.07983561546272983	-0.1357735601610499	0.0220835184745722	-0.005893605417328346	-0.1814483652471397	0.04183727033683673	0.03739407971939973	0.1358872976788428	-17.3407177543822	-16.22018488737774	5.695215132076918	-5.568695551227227	-493.2581798649775	-62.11956545552358	-31.35637794793002	0.2580835389760243	0.5085642020100481	-0.9678347080946994	0.1783477701980196	0.5507663665230798	0.2353254426338746	1.203644520242697	-0.07638222375711945	-0.07638222375800477	0.05818666131459109	0.1069540317336084	-0.2162276224772505	0.4472918215410972	3.467212157701817e-07	1.892136076419751e-06	-9.894123194808065e-07	3.279451312940868e-07	5.672556817446156e-07	3.543598953468593e-07	3.866017936919051e-07
1.58	-0.3189873026054552	-0.002437944790009184	0.8008962719902273	0.9183231172307016	-0.4162800632711867	-0.2700288664435153	-0.196488251404324	0.6408489662554506	0.6408489662554705	-0.1414259163873479	-0.135589108017749	0.09067285835278494	-0.01739773983687294	0.7351084217560976	0.3324586100156238	0.4784385569925835	-2.539047341902342	0.2583858162273876	-0.7164839328185286	0.4216406038223532	-2.065348299242125	-2.065348299242145	-0.1242670487622888	0.1459489335492898	-0.4069364007939926	0.08442723194068991	-0.1294883250508914	0.02088114465514548	-0.005606593759240811	-0.1789871028510479	0.04183686466277123	0.03612928589184738	0.1306848027714147	-17.18742290325698	-15.71193960541023	5.630422993040699	-5.204628769393655	-489.9507394207529	-62.16106852500148	-32.22765846587529	0.1519610258430893	0.4652256776872594	-1.025072108753135	0.4725072722123364	0.5601075964003219	0.3463182892366545	1.178463191314049	0.1290458508988361	0.1290458508988335	0.1221815664030378	0.1655874176726347	-0.1548516266627978	0.4878558650383242	3.04672926162863e-07	2.005124284941013e-06	-7.606292128909072e-07	3.778084231583531e-07	5.069250901939927e-07	3.738116104177328e-07	3.667869173930148e-07
1.59	-0.3116289184118952	0.0009092735986926954	0.8056286397373663	0.8929583976747506	-0.4136698091565623	-0.2771774043220331	-0.1922149411060885	0.6202048824924481	0.620204882492459	-0.142664082395422	-0.1341242161681639	0.08659615612410111	-0.01653075763282951	0.7364375344336863	0.3369091585257428	0.4679531489020632	-2.533494449946095	0.263616425352113	-0.7131225068963949	0.4329144961781302	-2.063140058260577	-2.063140058260603	-0.1233616906185249	0.1470086289667009	-0.4083245699137322	0.08895175928067416	-0.1232607300164978	0.01944587575365752	-0.005357845899479104	-0.1765671032141259	0.04179429716891308	0.03485034060724318	0.1255092326093461	-17.06562661578577	-15.19326076574307	5.56536889810203	-4.770015059523407	-486.8887989834486	-62.22617987465635	-33.06984891746522	0.1037250987296241	0.4236690627511607	-1.072464347313667	0.6569725092393228	0.4970181125790508	0.3465198239817092	1.085808310725392	0.3159050707512978	0.3159050707503419	0.07572335292653722	0.07287560710248318	-0.1188086956603797	0.4318470270754128	2.68827222640434e-07	2.090695155544115e-06	-5.765365496846081e-07	4.105262009847224e-07	4.629291246915221e-07	3.856291969523621e-07	3.481721811095377e-07
1.6	-0.3042611753495561	0.004298737397511162	0.8102537155659777	0.8676612655087446	-0.4110087528422762	-0.2842892349252739	-0.1878321006736919	0.5995927195090541	0.5995927195090566	-0.1438929927391451	-0.1326493843637404	0.0825079703760138	-0.01561911098366683	0.7369801955117885	0.3409076920389412	0.4569801732870545	-2.525529863913507	0.2685462561596543	-0.7091424777630622	0.4435466306545414	-2.05896414332029	-2.058964143320323	-0.1224159158922217	0.1479369245171974	-0.4092331046747054	0.09336012096453593	-0.1170331349821013	0.01801060685216993	-0.005109098039710821	-0.1741471035772046	0.04175172967505471	0.03357139532263925	0.1203336624472805	-16.95494182202339	-14.67570058218455	5.503993891125193	-4.327928104175346	-483.9888023175629	-62.3440644054898	-33.8773899834169	-0.005329294054209403	0.3748226783031227	-1.122585613650825	0.9548460874806742	0.4999519329635305	0.4700389314764578	1.050111615440878	0.5225806426465053	0.5225806426465058	0.1302648829109088	0.1393074442897149	-0.05892475490951914	0.4646227338138255	2.432457915286327e-07	2.141179207866822e-06	-4.654595959113122e-07	4.286052936902104e-07	4.356196224226333e-07	4.009305729967578e-07	3.343604681503698e-07
1.61	-0.2968919989763467	0.007725920423446712	0.8147667599696243	0.8424557779795306	-0.4082999160451017	-0.2913582321038063	-0.1833461009062079	0.5790321593422085	0.5790321593422109	-0.1451122196849319	-0.131165885818481	0.07841319409591915	-0.01466390380194788	0.7367218235832892	0.3444527464992987	0.4455606630773384	-2.51517245485693	0.2731653087394072	-0.7045580183805957	0.4535469879472068	-2.05281448557039	-2.052814485570372	-0.1214245279260903	0.1487407099440582	-0.4096320533219295	0.09766288662362248	-0.1109044689285002	0.01637684979729516	-0.004919457843185812	-0.1719215013711692	0.04202844203146036	0.03222036812506498	0.1152622890665511	-16.76511543760079	-14.14027856167407	5.439297854868719	-3.964609355779869	-481.4389253314425	-62.42773779752805	-34.64459400993254	-0.0561131571462737	0.333006418117648	-1.161754127198053	1.135435865201237	0.4342763796931298	0.4677743153590014	0.9590475519300846	0.7111043152882737	0.7111043152958707	0.08465458114307824	0.04743845317749575	-0.01679900042069181	0.4100525535977644	2.328041622225071e-07	2.139910203225944e-06	-4.62080813551695e-07	4.250923258423985e-07	4.329226534232773e-07	4.213705385680592e-07	3.276332145945579e-07
1.62	-0.2895294107254015	0.01118628591162896	0.8191635851906607	0.8173657140509742	-0.4055466098302869	-0.2983783597137687	-0.1787632876126469	0.5585430849476879	0.5585430849476894	-0.1463213169855253	-0.1296750445466907	0.07431714451319399	-0.0136662791493097	0.7356625710588494	0.3475441844882802	0.4337363367649794	-2.502445143782153	0.2774401396876382	-0.6993685640490384	0.4629093358699004	-2.04466698885543	-2.044666988855361	-0.1203899868528054	0.1494054698226478	-0.4094877652008267	0.1018436151483769	-0.1047758028748952	0.01474309274242145	-0.004729817646680476	-0.169695899165131	0.04230515438786649	0.03086934092749245	0.1101909156858249	-16.58666170312226	-13.60546190824361	5.377665086610168	-3.593589941398739	-479.0539893049717	-62.5634858982	-35.36587872525394	-0.1655054132423027	0.2840993840278946	-1.203548834179434	1.428826491120661	0.4311076066591437	0.5910379212946638	0.9225097414465154	0.9221484356583129	0.922148435658349	0.1388955043416072	0.1115023346354502	0.04972259875586987	0.4402153069473924	2.137538917001534e-07	2.142103079043777e-06	-4.139021056096767e-07	4.266429466030211e-07	4.147890150500255e-07	4.304201841724171e-07	3.158251729272574e-07
1.63	-0.2821815885576496	0.01467521951895026	0.8234402526530327	0.7924150495484007	-0.4027521688936127	-0.3053438431422245	-0.1740899470834119	0.5381456007795772	0.5381456007795928	-0.147519427446014	-0.1281783626321875	0.07022530841982508	-0.01262727943778293	0.7337634800235872	0.3501592426310196	0.4215419576256665	-2.487284585843298	0.2813881651362309	-0.693630132672309	0.4716483942959827	-2.034491522748096	-2.034491522748112	-0.1192212059207791	0.1499080561919389	-0.4087893292515829	0.105934699392023	-0.09882590595138518	0.0131116056085448	-0.004576769033151119	-0.1673699252981797	0.04245569033591865	0.02942234015531137	0.1052586776318402	-16.4721011865313	-13.01848717741299	5.308527672301502	-3.142081833015507	-476.9798687623233	-62.62096752766628	-36.03571924916966	-0.2229128105197467	0.2378033739079561	-1.235593253004156	1.620102972023802	0.3673962428667857	0.58018692906134	0.8330475410282577	1.115937369725243	1.115937369712489	0.1078569761124182	0.01608578607641702	0.09348698162450304	0.389994000499742	1.808844865938563e-07	2.149853184019013e-06	-2.938077276538108e-07	4.363219596034982e-07	3.718754600502588e-07	4.211853687772091e-07	2.958611292915156e-07
1.64	-0.2748569176726202	0.01818782257660117	0.8275933341641721	0.7676280771305675	-0.3999200984566706	-0.3122489540202735	-0.169332527240348	0.5178600096068303	0.5178600096068597	-0.1487054525794864	-0.1266773650543918	0.06614317326367182	-0.01154808108033437	0.7310323145142613	0.3522780745542006	0.4090191465184768	-2.469706726834211	0.2849660397411207	-0.687294053967609	0.4797251986356305	-2.022288389782594	-2.022288389782695	-0.1179729214495814	0.1502686024812488	-0.4075475777577047	0.1098833443327296	-0.09287600902787135	0.01148011847466857	-0.004423720419618291	-0.1650439514312282	0.04260622628397077	0.02797533938313069	0.1003264395778591	-16.37080759374593	-12.43160871078586	5.242169675407912	-2.676041872481956	-475.0958374741409	-62.72797795467159	-36.64928935149638	-0.3319203080550523	0.1848541401162221	-1.269235227754768	1.912286705166808	0.3570774379185372	0.7105673868888226	0.790058924159597	1.327681807291695	1.327681807291696	0.1547962121759021	0.08309431863920516	0.1583857076827514	0.4117274463594896	1.620636005167082e-07	2.14631304040731e-06	-2.321967944387357e-07	4.31858325726839e-07	3.667425122750541e-07	4.234513812374083e-07	2.813537566497266e-07
1.65	-0.2675637008048428	0.02171907426756119	0.8316197007670502	0.7430288312279864	-0.3970541249430617	-0.3190876944749291	-0.1644979314145171	0.4977064320477457	0.4977064320477485	-0.1498787080543645	-0.1251733665613764	0.06207608705943519	-0.01043016526491138	0.7274651575809434	0.3538835934266569	0.3962099573240937	-2.449722748166195	0.2881603451189299	-0.6803576435354916	0.4870688724170785	-2.008069958330867	-2.008069958330914	-0.1166623685148751	0.1505007279989417	-0.4057729834623727	0.113673748874868	-0.08686590666895148	0.009603954431372162	-0.004348746910719712	-0.1630158028949296	0.04311794965575833	0.02645985763751433	0.09535103678690429	-16.17544703059838	-11.82974390678221	5.171462128447621	-2.250447684216218	-473.4998014131905	-62.82769658255993	-37.21004781704961	-0.3910475110701623	0.1351769220533603	-1.293299722226753	2.104364205122038	0.2900984288847868	0.6998780723322388	0.6877574881253657	1.522443741598314	1.522443741606495	0.1218927079411146	-0.01142227846942783	0.2015594952957494	0.3584867404038785	1.678276227405745e-07	2.123014961768462e-06	-2.729318895200582e-07	4.026450598151888e-07	4.277256271428401e-07	4.458438424445722e-07	2.763955582473566e-07
1.66	-0.2603105423314179	0.02526373637949439	0.835516667686595	0.7186420072635866	-0.3941583101074399	-0.3258541307850721	-0.1595936516742739	0.4777057427886752	0.4777057427886523	-0.1510383164251306	-0.1236679856025453	0.05802965943911936	-0.009275187447614399	0.7230206356436237	0.3549601587488359	0.3831392098518449	-2.427222339198059	0.2909343041436465	-0.6728332250650129	0.4936619815180444	-1.991710729779733	-1.991710729779725	-0.1152435006272437	0.1505450956444843	-0.4034158609735475	0.1172957447075211	-0.08085580431002864	0.007727790388075108	-0.004273773401818331	-0.160987654358631	0.04362967302754553	0.024944375891897	0.0903756339959528	-15.98783927583909	-11.22850551004266	5.103121369374739	-1.830409263155542	-472.0153394152987	-62.96370892864366	-37.72055477764556	-0.5073933088554615	0.07906343006073149	-1.3215468833279	2.415572765190838	0.2730081673000428	0.8281689945610844	0.639945988063194	1.755841227173196	1.755841227173197	0.1764592027609208	0.04554274420915588	0.2748913463813918	0.3780457044624473	1.701869245484042e-07	2.092835947070777e-06	-3.015483105520917e-07	3.753923964904263e-07	4.80333505415599e-07	4.632455454801153e-07	2.695368573188102e-07
1.67	-0.2531062042752092	0.02881641726316095	0.8392817654876112	0.6944927435921563	-0.3912368624674232	-0.3325422919863542	-0.1546275236247027	0.4578792289123243	0.457879228912306	-0.1521832625025535	-0.1221629406469188	0.05400958352336355	-0.008084892587602968	0.717696650873749	0.3554774814697169	0.3698477689743535	-2.402194088495283	0.2932765301024859	-0.6646963515537312	0.4994132737151973	-1.973221360406854	-1.97322136040683	-0.1137342415922501	0.1504317130688955	-0.400505868162392	0.1207250399534432	-0.07482790549055862	0.005693158754971608	-0.004266852970892312	-0.1591699224997971	0.04421512289151294	0.0233910188301218	0.08537365870074497	-15.8046047124974	-10.60896199831325	5.030616136751166	-1.329430316565114	-470.8998971312381	-63.11579974505931	-38.18194743833746	-0.5675027047035148	0.02335341205218847	-1.337721557084943	2.611849639681064	0.2027732384400661	0.8220725506255637	0.5201676334024671	1.951037166044587	1.951037166047073	0.1401997426421487	-0.04474606859304907	0.3131282302021869	0.3193589137336816	1.660372020314575e-07	2.049502201672375e-06	-3.069966782546013e-07	3.518879439935377e-07	5.169299019625697e-07	4.711060931875594e-07	2.590448427372794e-07
1.68	-0.2459596263954289	0.03237132871782641	0.8429129931064275	0.6706068421111264	-0.388294403882165	-0.3391459592482809	-0.1496083932935875	0.438248719204442	0.4382487192044284	-0.1533127078918719	-0.1206600229790781	0.05002142253206322	-0.006861507279316981	0.7114686003578721	0.3554062729486162	0.3563651734118553	-2.374549901118099	0.2951364931918924	-0.6559344371938958	0.5042624378267946	-1.952509896086001	-1.95250989608596	-0.1121433630063133	0.1501196380873003	-0.3970328760824542	0.123913834362429	-0.06880000667108616	0.003658527121867678	-0.00425993253996715	-0.1573521906409628	0.04480057275548008	0.021837661768346	0.08037168340553977	-15.62570910643946	-9.990348595963564	4.960190356976378	-0.8458232545742032	-469.8466923878755	-63.29326302459411	-38.59614744651752	-0.6882064580558662	-0.03864281833561361	-1.359777820329273	2.938760100072693	0.1765555934134563	0.9531771642717966	0.4595203709520413	2.200260216767989	2.200260216767995	0.1927831129495864	0.005804263007880457	0.387491200137846	0.329945537075177	1.625954331449057e-07	2.000593757534049e-06	-3.144694123338773e-07	3.273575581620755e-07	5.557107636614335e-07	4.781050160967058e-07	2.484850340716631e-07
1.69	-0.2388798157526197	0.03592251302439839	0.8464085971698502	0.647010371436842	-0.3853357464981598	-0.3456587905528081	-0.1445455853532525	0.4188362818334772	0.4188362818334722	-0.1544258653131803	-0.1191610369171583	0.04607069467082823	-0.005607468562203475	0.7043369856701219	0.3547250269119168	0.3427353546017116	-2.34429165654016	0.2965071975534714	-0.6465273839107035	0.5081305083619752	-1.929592527013391	-1.929592527013387	-0.1104755424277967	0.1496403467840164	-0.3930191195915438	0.1268470541279635	-0.06274390044775853	0.001484934116503762	-0.004335488382909322	-0.1558821031352424	0.04561064525345413	0.02023726316414522	0.07535208473788466	-15.40937549177069	-9.355280648642243	4.884193815548301	-0.3216680463406303	-469.268823539568	-63.48385410986518	-38.96571889910311	-0.7491756321390658	-0.09864329741936255	-1.367500755564225	3.137195116769928	0.103922457417684	0.9503470076466772	0.3251541130778303	2.395186851649632	2.395186851644098	0.1559635219692981	-0.0805216431438676	0.422406358833357	0.2677197618020256	1.60635942171993e-07	1.940013287909008e-06	-3.261806635145077e-07	3.006791244113499e-07	5.990653492720731e-07	4.832999120844165e-07	2.377832815424931e-07
1.7	-0.2318760285882884	0.03946372931038693	0.8497673196763298	0.6237300509043606	-0.382366063150561	-0.3520743758050428	-0.1394491559639102	0.3996645604730666	0.3996645604730703	-0.1555219081303701	-0.117667988931501	0.0421629220715555	-0.004325555734332721	0.6962639046621913	0.3534126688319292	0.3289888620232758	-2.311319872757605	0.2973416859105528	-0.6364852267353619	0.5109867276282258	-1.904366693975097	-1.904366693975129	-0.1087204421826155	0.1489320228348389	-0.3884418236900046	0.1294886565138754	-0.05668779422442837	-0.0006886588888603611	-0.004411044225850538	-0.1544120156295217	0.04642071775142808	0.01863686455994415	0.070332486070232	-15.19354972779644	-8.721488795692386	4.809960949718383	0.1730189733478565	-468.6972019087443	-63.68810058904135	-39.29383146532739	-0.8764997220919778	-0.1648652269932704	-1.383112573987724	3.481467940995807	0.06931239251395271	1.080197942701667	0.2571501171661054	2.661953009904934	2.661953009904938	0.2102390462825242	-0.04000226617080729	0.5001990822636004	0.2716220611506557	1.590845514007714e-07	1.869135966927256e-06	-3.401731730285652e-07	2.72740290945589e-07	6.416587090613109e-07	4.869645581742663e-07	2.266809053235885e-07
1.71	-0.2249575820755861	0.04298862811352569	0.8529881700603241	0.6007927794542267	-0.3793906839982137	-0.3583861673536506	-0.134329456880783	0.3807563844953142	0.3807563844953085	-0.1566000038160083	-0.1161828498173756	0.03830362597881631	-0.003018696082007501	0.6872675220137031	0.3514579627549076	0.3151750562389848	-2.275679804691119	0.2976387942332976	-0.6257664619670794	0.512774743731807	-1.876879230206003	-1.876879230206017	-0.1068861472811752	0.1480575008138277	-0.3833246281005537	0.1318289542883948	-0.05070717957751161	-0.002914318171355287	-0.004560974021783778	-0.1532462203229099	0.04735428849711724	0.01702462562895055	0.06539406687107338	-14.97915839873139	-8.080265305423032	4.732214052559	0.719007243768093	-468.7309228563474	-63.92275364761613	-39.58412480099803	-0.9349430934793733	-0.2270986968970629	-1.381296002669699	3.673422951527439	-0.004602733542002416	1.083903569304333	0.1128755671577005	2.850492559021212	2.85049255902414	0.1721648221066348	-0.1170646436698022	0.5314404956795333	0.206858297558152	1.584717910934396e-07	1.774575887825066e-06	-3.594125767095052e-07	2.419025381352471e-07	6.825012494613241e-07	4.87109629499036e-07	2.146570946182938e-07
1.72	-0.2181338465008188	0.04649071477612617	0.8560707261020717	0.5782255380271686	-0.3764152363197781	-0.3645875336894933	-0.1291972279945793	0.3621347530549751	0.3621347530549595	-0.1576593285306265	-0.1147076334181797	0.03449829398165038	-0.00169010851954596	0.6773217170751289	0.3488502407242701	0.3013299935738972	-2.237313868142536	0.2973553911281728	-0.6144001841822848	0.5134926882435307	-1.847057786492522	-1.847057786492516	-0.1049662479784605	0.1469474798486754	-0.3776490045753548	0.1338342385411373	-0.04472656493059263	-0.005139977453850853	-0.004710903817723325	-0.1520804250162972	0.04828785924280617	0.01541238669795618	0.06045564767191729	-14.76136922391986	-7.44080066881345	4.656078147320373	1.224204195571282	-468.713518988117	-64.15930089870589	-39.84063179722206	-1.066384180109146	-0.2954684177164844	-1.389363950147077	4.026641637415143	-0.04678989305995775	1.209700546004111	0.04313579879461185	3.128748998782607	3.128748998782603	0.2273599265374046	-0.08710205499902063	0.6118846694132011	0.2046193567952825	1.526568177376671e-07	1.683506466896081e-06	-3.573730984491067e-07	2.161310822608361e-07	7.054471097561413e-07	4.786476830898771e-07	2.009365073447267e-07
1.73	-0.2114143298151936	0.04996342925920911	0.8590148158896761	0.5560556351934797	-0.3734454438576435	-0.3706719351876703	-0.1240632449510198	0.3438229986770268	0.3438229986770137	-0.1586987951615342	-0.1132445524132949	0.03075251689770931	-0.0003430308477927018	0.6664233693947508	0.3455810642316146	0.2874957651009185	-2.196212092021879	0.2965010726061614	-0.6023700216133051	0.5131170172787379	-1.814901755877295	-1.814901755877296	-0.1029145699139812	0.1456305655307332	-0.3714151412039147	0.1355200374438315	-0.03881834278964243	-0.007435895575197585	-0.004934772791524352	-0.1512454697819198	0.04933173855517466	0.01383846953757538	0.05559934738949347	-14.54916957632718	-6.814592057619294	4.579303493007974	1.776496020050685	-469.3265564700118	-64.47031465448524	-40.06732632700583	-1.12535287386331	-0.3593422789819595	-1.379148828960096	4.220089791823485	-0.1202591110379845	1.216346947190977	-0.1059540225441039	3.317696151156218	3.317696151155192	0.1961860771663274	-0.1598265463905361	0.6428675344178758	0.1411574096528976	1.336505184376346e-07	1.601288357763439e-06	-3.013764552660287e-07	2.032063079025357e-07	6.830121026413544e-07	4.483607988553996e-07	1.829133794873257e-07
1.74	-0.2048085551687441	0.05340011197457714	0.8618208240859334	0.5343103789594843	-0.370487295836582	-0.3766327004931884	-0.1189386257127938	0.3258445378168829	0.3258445378168729	-0.1597173221456437	-0.1117958086368306	0.02707182452016436	0.001019024263516792	0.6545733092399253	0.3416438871812869	0.2737136753044667	-2.15238454820392	0.2950265029134997	-0.5896729456504828	0.5116199271768287	-1.780399082931529	-1.780399082931536	-0.1007783186189763	0.1440800341648423	-0.3646320632961364	0.136829726452382	-0.03291012064869053	-0.009731813696544491	-0.005158641765318269	-0.1504105145475432	0.05037561786754288	0.01226455237719415	0.05074304710707151	-14.33322882733589	-6.189805797917767	4.503633166851711	2.291408383845451	-469.8814003646543	-64.77605557170544	-40.26209931548729	-1.256726674998591	-0.429068529250929	-1.378936214841696	4.571795176875568	-0.1708401271900424	1.343083224772636	-0.1811480286286954	3.598077464890491	3.598077464890481	0.2442745726425334	-0.1338254645887455	0.7217275766808104	0.1293973779665424	1.142268539256777e-07	1.518914602402236e-06	-2.436857355149576e-07	1.911722869914547e-07	6.560558188225677e-07	4.159668231560735e-07	1.649842669190105e-07
1.75	-0.198326105654071	0.05679405402904487	0.8644893868503377	0.5130172296089704	-0.3675469162944568	-0.3824631060705446	-0.1138346104448767	0.3082229675185751	0.308222967518576	-0.160713765996868	-0.1103636647936937	0.02346176768776173	0.002392431973196709	0.6417557629446106	0.3370306389426641	0.2600189274778917	-2.105783801967847	0.2929407093778274	-0.5762949393067167	0.5089888292980301	-1.743515768465678	-1.74351576846567	-0.09849557629941721	0.1423079721727586	-0.3572878709411453	0.1377844554090454	-0.02704830593736438	-0.01202605442386235	-0.005457367496039492	-0.1498841674034578	0.05158238108469604	0.01067822237676024	0.04594590294909535	-14.10462055122194	-5.559236522933428	4.424058391783196	2.841468601581028	-471.0193690247666	-65.10533160469105	-40.42415320486741	-1.318448394513692	-0.4945008031865432	-1.361619307978153	4.773394405490204	-0.243947026155638	1.352265716904222	-0.3332352337757514	3.793312889815657	3.793312889817986	0.2227255029873824	-0.205099958993534	0.7545137371481595	0.06820473697926734	9.363135631870181e-08	1.436103840322383e-06	-1.8123857001529e-07	1.816392276821818e-07	6.16405181181011e-07	3.776567829592877e-07	1.473191203546668e-07
1.76	-0.1919766675598938	0.06013845403472267	0.8670216270881937	0.492203923732521	-0.364630694299568	-0.3881563103089181	-0.1087627350690015	0.2909822012554015	0.2909822012554147	-0.1616868921366203	-0.1089504822489753	0.01992790251335701	0.003773325788935876	0.6279710251406638	0.3317354774233013	0.2464491699948057	-2.056415853391093	0.2901949934661625	-0.5622326778539252	0.5051919487684179	-1.704238275904494	-1.704238275904471	-0.09611477632486626	0.140287774481661	-0.3493937316965586	0.1383269476642299	-0.02118649122603604	-0.01432029515118017	-0.005756093226747326	-0.149357820259374	0.05278914430184899	0.009091892376326113	0.04114875879112125	-13.87294035196633	-4.929735145859716	4.345260381935499	3.362684423480818	-472.1047326970875	-65.4246165899732	-40.55432793102761	-1.450164976724991	-0.5654511853989266	-1.353938146143908	5.125235645011863	-0.3028246023885635	1.479934246577769	-0.4143045587914391	4.076913083957175	4.076913083957156	0.2638861036409196	-0.1834526043914993	0.8317169545999065	0.04695003767073776	7.582274035322824e-08	1.347420272575143e-06	-1.285390368001631e-07	1.69850684148441e-07	5.830279955511261e-07	3.417878406326585e-07	1.304628050695903e-07
1.77	-0.1857698918011625	0.06342647406157952	0.8694189135120584	0.4718981799172787	-0.3617451683206362	-0.3937053137676302	-0.1037347959779489	0.2741462044537921	0.2741462044537987	-0.162635524604214	-0.1075585642319513	0.01647574050215425	0.005157670054169945	0.6132196405830898	0.3257528826170056	0.2330390519371858	-2.004262227666718	0.2867957025637671	-0.5474554773230509	0.5001935461078459	-1.662553050148701	-1.662553050148703	-0.09359235523689508	0.13804833033241	-0.3409472039390631	0.1384692559566485	-0.0153367404587098	-0.01669762884428145	-0.006131634650946655	-0.1491686602147677	0.05418415486687941	0.007567502651196313	0.03638232024909625	-13.61547191392767	-4.327768275542024	4.266417461492389	3.897164760542593	-473.7366060763675	-65.83539129886408	-40.6534827965171	-1.512348988459282	-0.6319831553660119	-1.32979635304991	5.330984570341964	-0.3758249730424066	1.493588334906297	-0.5729566198149959	4.275511463791023	4.275511463787161	0.249511721280366	-0.251387619069511	0.8648683792679155	-0.01319904116861359	6.672312951744922e-08	1.240384187117321e-06	-1.063008544742255e-07	1.510137524132375e-07	5.692553474577146e-07	3.135473291502685e-07	1.161340875322242e-07
1.78	-0.1797155746466439	0.0666512042349492	0.8716830492118508	0.452128084066119	-0.3588971039785036	-0.3991031501453208	-0.09876291061352681	0.2577392967382205	0.2577392967382207	-0.1635583145389471	-0.1061904801161957	0.01311079330711518	0.006541223349089004	0.597479304298088	0.3190775067258687	0.2198190251804108	-1.949286260574676	0.2827026661062762	-0.5319992616496153	0.4939812034422758	-1.618420458696884	-1.618420458696912	-0.09094626975271758	0.1355209942280546	-0.3319507684638257	0.1381687536012258	-0.009486989691379366	-0.01907496253738237	-0.006507176075143279	-0.1489795001701607	0.05557916543191013	0.006043112926067056	0.03161588170707456	-13.35397271016913	-3.726593063951472	4.187799918301471	4.407117282114689	-475.2990718659874	-66.22916395876848	-40.72252645363243	-1.647955322210524	-0.7040074023672008	-1.315919885974941	5.689703918545227	-0.4415737134076846	1.615737275090008	-0.6570925597910969	4.566386223161734	4.566386223161739	0.2886189828821905	-0.2410309954123903	0.9416984981482823	-0.04161209189752402	5.939636414688209e-08	1.129609720457951e-06	-8.961294592119385e-08	1.310693463382515e-07	5.590190874745011e-07	2.869032908747492e-07	1.023381388045392e-07
1.79	-0.1738234913046321	0.06980571410044624	0.8738160524376311	0.4329217448031247	-0.3560933949834541	-0.4043427380571198	-0.09385941162141934	0.2417858805287338	0.2417858805287332	-0.1644539254966127	-0.1048487919892323	0.009838543320022351	0.007919605028894381	0.5807704443145379	0.3117082353898884	0.2068220617266621	-1.891503861096878	0.2779191678548694	-0.515804087041099	0.4865113063304248	-1.571846992658177	-1.571846992658202	-0.08815350223177859	0.1327646776836197	-0.3224075338516148	0.137429930597681	-0.003688200233332853	-0.02146993577640982	-0.006947001525057323	-0.1490646951856072	0.05711943460048888	0.004574803605162089	0.02691036254546776	-13.07865146798042	-3.148675619199744	4.108870785995143	4.930007503406938	-477.3841264784888	-66.69507701039369	-40.7624882452486	-1.707432571325624	-0.7708039986955281	-1.28540573867483	5.894131977829761	-0.5148653564210244	1.638617811086714	-0.8230315841856747	4.765179198384558	4.765179198385017	0.2781128614037897	-0.300787364999081	0.9744118487930834	-0.1017979037680279	5.827455790455609e-08	1.005750919593169e-06	-9.23509955733319e-08	1.072487800740273e-07	5.611601858769798e-07	2.658469088232771e-07	9.040688091073835e-08
1.8	-0.1681035128094351	0.07288304785268709	0.8758203217961539	0.4143075543379957	-0.3533411464660013	-0.409416932171363	-0.08903683025989097	0.2263106694604652	0.2263106694604651	-0.1653209073341276	-0.1035362381039233	0.006664480860258771	0.009288242378827307	0.5630583349350516	0.3036422840746284	0.194072251728914	-1.830856501001773	0.2724105705869084	-0.498920502138412	0.4777976773264297	-1.522779430453097	-1.522779430453119	-0.08522044572267785	0.1296941458975831	-0.3123132629979802	0.1362198876267334	0.002110589224718329	-0.02386490901543679	-0.007386826974959907	-0.1491498902010536	0.05865970376906809	0.003106494284257781	0.02220484338386433	-12.7973545916127	-2.57151879262477	4.029737578732257	5.430943774909554	-479.3681504146071	-67.1360615038022	-40.7745308896773	-1.848605201397783	-0.8433433982231646	-1.26648919477482	6.262696042006549	-0.5865935167185259	1.753419333924145	-0.9058389382199167	5.065205456436259	5.06520545643626	0.3166767805145445	-0.303874043732728	1.051905746433041	-0.1358560853780855	5.860379428209246e-08	8.825491696970093e-07	-9.870634359862089e-08	8.312702411926151e-08	5.67702040499284e-07	2.467763679219343e-07	7.91267473248576e-08
1.81	-0.1625654467216313	0.07587627060376193	0.8776984456798658	0.3963138116234454	-0.3506475754960329	-0.4143185103342772	-0.08430790598605585	0.2113383923206812	0.2113383923206797	-0.1661578440180489	-0.1022555616875104	0.003594070023717507	0.01064243998908677	0.5443844556820269	0.2948881625388108	0.1816006052707883	-1.7674084887675	0.2661792750704279	-0.4812794299872558	0.4677766946003394	-1.471252871936133	-1.471252871936134	-0.08214099111498509	0.126385042831803	-0.3016744750432033	0.1345394099380743	0.007914918085631774	-0.0263341316154565	-0.007902272608233537	-0.1496543702155763	0.06057666035520746	0.001692795069110557	0.01752070364872	-12.42555783483647	-2.026658243145407	3.947451975347701	5.8740547123903	-481.8488147045869	-67.6514639981847	-40.76002091779515	-1.902377825460626	-0.9085546502756927	-1.230168092379888	6.458361175138768	-0.6601436835029943	1.786869819723003	-1.081800365825069	5.259837225742984	5.259837225746127	0.3075636956172759	-0.352900571897903	1.084046356229541	-0.1962669114207702	6.466464900808512e-08	7.619427711269087e-07	-1.19350020197856e-07	5.781556888685697e-08	5.916268821898992e-07	2.355498995636016e-07	7.041855475526147e-08
1.82	-0.1572192391339987	0.07877853051567567	0.8794533199547866	0.3789690505034385	-0.3480200667041072	-0.4190401940428777	-0.07968550602468587	0.1968940720013492	0.1968940720013481	-0.1669631893769489	-0.1010096707285371	0.0006328832739699385	0.01197740816229746	0.5246866349007686	0.285449716242412	0.1694223299707261	-1.701060182093183	0.2591981349783396	-0.4629416112756337	0.4564928148333888	-1.417188066362504	-1.417188066362485	-0.07890218071846666	0.1227370544101325	-0.290468445639245	0.1323740002169773	0.01371924694654907	-0.02880335421547539	-0.008417718241494699	-0.1501588502300988	0.06249361694134758	0.0002790958539645043	0.01283656391357781	-12.04456631677394	-1.482526742114531	3.864277273752859	6.295352469696892	-484.1782617023447	-68.13218881473149	-40.72052268289938	-2.05339350704448	-0.9802083503394063	-1.207814963162105	6.842754930015222	-0.7365624318401086	1.892768646017339	-1.158418346391962	5.572854867769441	5.572854867769411	0.3485479382796839	-0.3716511149108154	1.16535403626933	-0.2328424918656566	7.205237029787071e-08	6.401149676096407e-07	-1.434676780217509e-07	3.202452798586512e-08	6.200880307329111e-07	2.260556466644223e-07	6.215175822184736e-08
1.83	-0.1520747634267984	0.08158297242792198	0.8810879828937563	0.3623017472878577	-0.3454661066136027	-0.423574565923129	-0.07518276151129492	0.1830027244356592	0.1830027244356581	-0.1677354635493689	-0.09980141917556691	-0.002213588750045381	0.01328820946051711	0.5040348505531006	0.2753213064583412	0.1575627963868665	-1.631900588139332	0.2514641488439383	-0.4438147348891592	0.4438363177941567	-1.3606451684812	-1.3606451684812	-0.07552528822763135	0.1188504795089544	-0.2787338152282138	0.129699274983251	0.01942306130348203	-0.03123868831439994	-0.008964135100884936	-0.1508131544237561	0.06435628990000071	-0.001038917934872737	0.008228036710681744	-11.70766417148132	-0.9700029246727125	3.783595138439954	6.788377900129347	-486.9466402822253	-68.70090103995331	-40.65785734575883	-2.097143096240489	-1.046765126099618	-1.166999783811933	7.027529725948797	-0.8113260732895569	1.9404108637885	-1.352230890268259	5.760438871306685	5.76043887130381	0.3364119785715817	-0.4066357525927626	1.191351324088255	-0.2978752777314989	8.5410991124724e-08	5.127908418301194e-07	-1.832182513566138e-07	4.075351576230543e-09	6.689625601117074e-07	2.24356363331432e-07	5.587124385125224e-08
1.84	-0.1471420200025972	0.08428260867559587	0.8826056550513245	0.3463410336313916	-0.3429933882582519	-0.4279141162937506	-0.07081317506981213	0.1696898921733812	0.1696898921733808	-0.1684731383820637	-0.09863392838658326	-0.004939947713836728	0.01456964595867842	0.4823401783009303	0.2644885833279267	0.1460241736904479	-1.55974227027033	0.2429497879475601	-0.4239773093496447	0.4298612004517463	-1.301485005680063	-1.301485005680082	-0.07198231277335068	0.1145849016129182	-0.2664458335944532	0.1265010402053092	0.02512687566041951	-0.03367402241332415	-0.009510551960271486	-0.1514674586174111	0.0662189628586549	-0.002356931723709065	0.003619509507788151	-11.35716298292716	-0.458785555364528	3.701894474994879	7.255699964329516	-489.4971667503168	-69.22368367533406	-40.57421421780813	-2.261971087944921	-1.121071019608179	-1.143632785673876	7.442499713045479	-0.8926373842354658	2.034878476625369	-1.422142407027637	6.096307851736196	6.096307851736173	0.3817645309687627	-0.4474517138824257	1.276024280815181	-0.3375444007087751	9.985236421881771e-08	3.887827309627129e-07	-2.253662194653451e-07	-2.369702593638493e-08	7.233701326785038e-07	2.249448283629817e-07	5.024290171016082e-08
1.85	-0.1424308537259531	0.08687044945899237	0.8840096630225452	0.3311158396692163	-0.3406096958234715	-0.4320512727318957	-0.06659064676539764	0.1569810026090046	0.1569810026090046	-0.1691748273158068	-0.09751030149751044	-0.007540941602561831	0.01581634363997673	0.4597152563067254	0.2529640269088396	0.1348324116840962	-1.484787470844941	0.2336555721931085	-0.4033332996614311	0.4144178162254908	-1.239848674406932	-1.239848674406942	-0.06832728429560209	0.110074534787573	-0.2536593529577978	0.1227488372852471	0.03083103577109631	-0.03617243816316448	-0.01011802173168918	-0.1525991201370676	0.06851250516939855	-0.003618958501913063	-0.0009792160115356871	-10.89541904499816	0.01828194585303379	3.614622906628403	7.664719069918393	-492.4896708389406	-69.81341691485476	-40.47336352200772	-2.289440184558597	-1.18549464142257	-1.098523671030852	7.598327488665205	-0.9677912450032919	2.097327998781919	-1.639433061255846	6.263921469357991	6.263921469359402	0.3615997142729495	-0.4627860400231152	1.29400806161269	-0.4075007979732216	1.199105146992211e-07	2.819764474519012e-07	-2.799506729635187e-07	-5.05522591707138e-08	8.064803667830496e-07	2.374009880355816e-07	4.799770300961993e-08
1.86	-0.1379512741551309	0.08933957534052533	0.8853034382211197	0.3166554651875709	-0.338322941061026	-0.4359783559163862	-0.06252935162941196	0.1449018014982101	0.1449018014982115	-0.1698391204231533	-0.09643376965132486	-0.01001126106361597	0.01702283078001078	0.4360228371365067	0.2407456029552142	0.1239776191611449	-1.406778374164369	0.2235622534805253	-0.3819626586187147	0.39761456676598	-1.175547314963541	-1.175547314963541	-0.06450314749405167	0.1051658930357255	-0.2403109480602637	0.1184589319524531	0.03653519588177404	-0.03867085391300482	-0.01072549150309995	-0.1537307816567243	0.07080604748014248	-0.004880985280116992	-0.005577941530859301	-10.41352993443209	0.4933926533461463	3.525869946400525	8.037452299720236	-495.167472435644	-70.34200507306257	-40.35831363702777	-2.475470523147647	-1.259844526515819	-1.07623888899378	8.053359164082055	-1.05245797586179	2.180204747525942	-1.694115453678704	6.629313485788311	6.629313485788372	0.4155861957291345	-0.5271066991828984	1.388409132990918	-0.4450848832551598	1.392710267551257e-07	1.776950545532138e-07	-3.320625081459069e-07	-7.633837935283506e-08	8.866848703522087e-07	2.490651700529997e-07	4.576154202362521e-08
1.87	-0.133713289472644	0.09168309318330721	0.8864904423743631	0.3029892778351749	-0.33614107664836	-0.4396876538083912	-0.05864364935766919	0.1334781030640509	0.1334781030640523	-0.1704646086887436	-0.09540761195646728	-0.01234562307333212	0.01818357868569447	0.411395138728026	0.2278428745822792	0.1134779519087403	-1.325942734729554	0.2126752509915817	-0.359773581150005	0.3792921942259771	-1.108742463463473	-1.108742463463473	-0.06056752932108394	0.09999739102846568	-0.2264693995797331	0.1135976453280501	0.0421133503758022	-0.04115788079065312	-0.01135788010302085	-0.1551711436013318	0.07325992540781733	-0.006044013756490996	-0.01008178253689645	-9.904494658602044	0.9272988592846653	3.436211392882338	8.423326840577863	-498.2635116750149	-70.95427532999287	-40.2318691553224	-2.483269739725013	-1.32277316349108	-1.028418734850036	8.176130752662125	-1.127104561155553	2.256826507366409	-1.936352157633496	6.773548910157776	6.773548910157707	0.3865567781066111	-0.5220283100859449	1.39584309635239	-0.5205582582489827	1.543958769480018e-07	8.874335465670755e-08	-3.691620178395992e-07	-9.563345600369643e-08	9.492474385279485e-07	2.559209163068149e-07	4.358025287594643e-08
1.88	-0.1297269518222469	0.09389412650819805	0.8875741322367853	0.2901469397610234	-0.3340721388957322	-0.4431713474735445	-0.05494818161202095	0.1227359487305017	0.1227359487305021	-0.1710499393425995	-0.09443520055339798	-0.0145388065200893	0.01929293218389091	0.3856934307184764	0.2142486993770012	0.1033147609968865	-1.242008518515507	0.2009769214728425	-0.3368418132483795	0.3595676615470774	-1.039238494841739	-1.03923849484174	-0.05647162514707555	0.09441663467766934	-0.2120752354684732	0.1081800504550029	0.04769150486983053	-0.04364490766830138	-0.01199026870295139	-0.1566115055459368	0.07571380333549278	-0.007207042232864473	-0.01458562354293438	-9.369016674823465	1.358403976756974	3.344910731236168	8.763535385042131	-500.951987484314	-71.49042016409504	-40.09694764316934	-2.690272443361406	-1.398133892984401	-1.008943620883648	8.673074519928447	-1.214723381820916	2.328742834109107	-1.974547481458067	7.169136910121472	7.169136910121495	0.4476433959372718	-0.6095575678901993	1.498932259136757	-0.5563465329840021	1.690168568591301e-07	2.863942644774805e-09	-4.047309669509599e-07	-1.140629012110851e-07	1.009963443188011e-06	2.625125480932761e-07	4.150908217722852e-08
1.89	-0.1260022352284569	0.09596583551968915	0.8885579438638315	0.2781580276561265	-0.3321241698183662	-0.4464216250288157	-0.05145780972347474	0.1127013155639943	0.1127013155639952	-0.1715938193039644	-0.09351993586510261	-0.0165856705011272	0.02034518288400641	0.3590686404221647	0.1999804907318168	0.09349884886035725	-1.155250556153484	0.1884818079899261	-0.3130897193571407	0.3382689967656504	-0.967233104527185	-0.9672331045271831	-0.05227713197925676	0.08856522136086006	-0.1972047229580997	0.1021776372806995	0.05313527609709756	-0.04616254969819394	-0.01264960862012857	-0.158476310261483	0.07848719988256682	-0.008263692839428339	-0.01898871481046993	-8.752281331421017	1.739029192486287	3.250295226681947	9.072529250902981	-504.024612806491	-72.1142913812262	-39.95657273574415	-2.675769596819976	-1.458083607225819	-0.9600023749095998	8.755676870578258	-1.287122530917499	2.417107856359812	-2.243183885943599	7.284487363595833	7.284487363596179	0.4093708819852852	-0.5836642204748922	1.495042255869472	-0.6359880070503598	1.799847772275887e-07	-6.074138220401183e-08	-4.292033518404222e-07	-1.262165184532991e-07	1.057291862359419e-06	2.671893499914225e-07	4.02362702334766e-08
1.9	-0.1225492039924404	0.09789147859334038	0.889445178896538	0.2670523991300977	-0.3303051953157073	-0.4494306486072286	-0.04818755606463455	0.1034003857549277	0.103400385754928	-0.1720949506126943	-0.09266533151135396	-0.01848104305528497	0.0213346495928995	0.3313563591636955	0.1850355118090245	0.08399944212894396	-1.0653518027419	0.1751780065313901	-0.2885910178767601	0.3155440156058785	-0.8924978233536944	-0.89249782335369	-0.04792189462019381	0.08228456776810657	-0.1817769500924532	0.09562325221052219	0.05857904732436175	-0.0486801917280872	-0.01330894853731222	-0.1603411149770297	0.08126059642964006	-0.009320343445993331	-0.02339180607800704	-8.102304965589374	2.115946797955885	3.153857742913718	9.324386244143643	-506.5905611169081	-72.64560961580266	-39.81383376292397	-2.907770635792878	-1.533487948505973	-0.945642539860465	9.301232729840525	-1.376460976944825	2.478064351937451	-2.259810757127054	7.715115081908694	7.715115081908755	0.4797922341861113	-0.6954056230790456	1.61038433019136	-0.6667409121587694	1.902694539144337e-07	-1.219983544962058e-07	-4.520903285124744e-07	-1.375675661444229e-07	1.101276798309192e-06	2.712942093472388e-07	3.898318954430948e-08
1.91	-0.1193778707503306	0.09966436696563195	0.8902390439334866	0.256859873809848	-0.3286232133097272	-0.4521905952026399	-0.04515260604980371	0.09485930720198217	0.09485930720198249	-0.1725520888421491	-0.09187492838386672	-0.02021979794429756	0.02225564931003591	0.3027288382800615	0.1694317855417795	0.07481783901147801	-0.9726243665708231	0.1610845601461294	-0.2632727797151426	0.2912032386876247	-0.8152582890659107	-0.8152582890659132	-0.04348070324553733	0.07572383699603082	-0.1658809105945359	0.08848527995765922	0.06380822167154528	-0.05140872284942184	-0.01397456456581133	-0.1625944181166676	0.08418067281433808	-0.01007211113319726	-0.02764269130922677	-7.415188399045221	2.366208720953278	3.063611126376693	9.566924195316801	-509.4839445542965	-73.43053524854353	-39.67184235136411	-2.867456310289306	-1.590400660765544	-0.8975524184961758	9.337855835631204	-1.445802951258788	2.577599767122615	-2.55762346005378	7.797304944583209	7.797304944582137	0.4299569719872225	-0.6473065027738029	1.59318606539441	-0.7509537503495601	1.944732618349171e-07	-1.623549890347228e-07	-4.60867172049575e-07	-1.41775744830843e-07	1.115504733586402e-06	2.703087800763165e-07	3.790571702094719e-08
1.92	-0.116498255416185	0.1012779009362648	0.8909424662950992	0.2476104942062869	-0.327086169063988	-0.4546935801726653	-0.04236834626433142	0.08710441046038825	0.08710441046038843	-0.1729640802812808	-0.09115231250380093	-0.02179679797717047	0.0231025436309438	0.2730127775708007	0.1531646314772692	0.06591090706174858	-0.8767226594041481	0.1461904544831845	-0.2371986927995763	0.2654059697342	-0.7352614610833262	-0.7352614610833362	-0.03889253655560841	0.06872711828387645	-0.1494259788645187	0.08080217296481629	0.0690373960187238	-0.05413725397075569	-0.01464018059430964	-0.164847721256307	0.08710074919903586	-0.01082387882040044	-0.03189357654045109	-6.687724027728264	2.611761098577208	2.971425181871733	9.739058415294044	-511.7692768765129	-74.10549562429233	-39.53371792016908	-3.125478600918231	-1.666173507959034	-0.8907083063131601	9.93608692896016	-1.53659283248167	2.629234102727226	-2.551109164161203	8.26657382086888	8.266573820868794	0.5091872972406072	-0.782603211094769	1.722162776611347	-0.7757678601547618	1.979220773472123e-07	-2.007920936995226e-07	-4.680699765798522e-07	-1.452738169016048e-07	1.125602614335673e-06	2.685974471989516e-07	3.679458545124616e-08
1.93	-0.11392036151891	0.1027255235312453	0.8915581952214662	0.2393343570440855	-0.3257019564558409	-0.4569317409365271	-0.03985032962536696	0.08016203464375267	0.08016203464375299	-0.1733298426480397	-0.09050110402222045	-0.02320694621624025	0.02386971574685003	0.2423831849605984	0.1362512284008123	0.05726827132620703	-0.7779687834695023	0.1305219117446613	-0.2103066287791263	0.2379458502606248	-0.6527524930974848	-0.6527524930974985	-0.03423779655822531	0.06144282901719948	-0.1325123274722821	0.07254312930045563	0.07404860008811212	-0.05667896343948383	-0.01531794162555114	-0.1675932084462577	0.09049823943645437	-0.01166441592636079	-0.03600139450209223	-5.828849394196858	2.881491322866794	2.865522397736838	9.892085013637018	-514.3155873406217	-74.67998297203384	-39.40249709135983	-3.05911526499103	-1.720249853741396	-0.8458214250094201	9.925460367413459	-1.601445970019096	2.738280699700574	-2.881189508644734	8.312232879954529	8.31223287995409	0.4468517162876837	-0.712164760871521	1.689671172761146	-0.8642545199340196	1.927828542163651e-07	-2.173945460507894e-07	-4.573680874075132e-07	-1.406944262192544e-07	1.088721124829635e-06	2.586289607983024e-07	3.530058222944221e-08
1.94	-0.1116542466825206	0.1040007468662108	0.8920885417469105	0.2320618431295697	-0.3244783214701754	-0.4588971634305852	-0.03761445941507627	0.0740585834254789	0.07405858342547908	-0.1736484107417649	-0.08992490302858853	-0.02444521697094141	0.02455164104604119	0.2106569653936019	0.1186847794742657	0.04883442687727091	-0.6759980098669898	0.1140749299868796	-0.1826510388388085	0.2089766839994858	-0.5674765414111321	-0.567476541411147	-0.02945368194882102	0.05372562069382791	-0.1150504819907922	0.06375280962180289	0.0790598041574984	-0.05922067290821095	-0.01599570265680018	-0.1703386956362045	0.09389572967387483	-0.01250495303231896	-0.04010921246373814	-4.922768116095457	3.145100060969064	2.75814625585906	9.960910290137299	-516.153875693167	-75.1278400058422	-39.2811580320928	-3.344803992277048	-1.796782677976982	-0.8489500489920712	10.57946646253349	-1.692280636333388	2.78193928670078	-2.852918521673957	8.819970560971184	8.81997056097155	0.5350622196448549	-0.8691870224336901	1.831801594461998	-0.8820230630131807	1.87001335287832e-07	-2.325308585032095e-07	-4.454204564948407e-07	-1.355637936043148e-07	1.047995312321433e-06	2.480747253084021e-07	3.376533021703698e-08
1.95	-0.109709968105094	0.105097194097525	0.8925355511431052	0.2258233856701691	-0.3234229551380307	-0.4605819816288415	-0.03567676575480623	0.06882057543111178	0.06882057543111271	-0.173918925850735	-0.08942737488452018	-0.02550648930600742	0.02514289170142429	0.1780181558192991	0.1005054310297332	0.04058588839518646	-0.5711617554054781	0.09687067392380716	-0.1541846442090399	0.1783058394780456	-0.4796578710679245	-0.4796578710679344	-0.024635120768698	0.04570934331784182	-0.09710256674419716	0.05441561856220888	0.08390968473841399	-0.06292595755266436	-0.01671191650645334	-0.1739452627700986	0.09774476738575565	-0.01238634841433655	-0.04410350953255086	-3.843325635802565	2.999145607271493	2.673407478885167	9.83330615208332	-518.1646034160159	-76.42272012882827	-39.17247865759269	-3.250500300105627	-1.8434180448605	-0.8098700582397652	10.51548600118503	-1.7535903966858	2.89823711965988	-3.212598703828898	8.832887329370896	8.832887329371417	0.4573080325459887	-0.7784984947400478	1.791501639923553	-0.9717456062126171	1.712642314951659e-07	-2.249420025235024e-07	-4.141638286069948e-07	-1.218889110342398e-07	9.476824932796629e-07	2.284413789351075e-07	3.15907219503118e-08
1.96	-0.1080974937954297	0.10600886642096	0.8929006622923943	0.2206492469680276	-0.3225434498275949	-0.4619782863670905	-0.03405346679704081	0.06447476855185109	0.06447476855185119	-0.1741408443548309	-0.08901213959412424	-0.02638523945857437	0.02563833475045543	0.1442961118410468	0.08172979789844385	0.03245477749617271	-0.4631342584149643	0.07890272564506948	-0.1249483468374723	0.1460977434986096	-0.3890363183897027	-0.3890363183897095	-0.01973436097457657	0.03726704995949654	-0.07854604549099019	0.0445912883514105	0.08875956531931151	-0.06663124219711752	-0.01742813035610766	-0.1775518299040026	0.1015938050976325	-0.01226774379635606	-0.04809780660137528	-2.709443984039877	2.846121115222835	2.586983474129604	9.60775338830976	-519.3662608995793	-77.57348641467074	-39.07911254108043	-3.561450873066924	-1.916039615328379	-0.8254645323779307	11.21771496833389	-1.845019079466432	2.935919835060569	-3.160368813273121	9.380547027974018	9.380547027974005	0.551501942444552	-0.9543902189055296	1.953522795784378	-0.9794508932540559	1.549594997268766e-07	-2.170158194510902e-07	-3.817905048095314e-07	-1.078898407200499e-07	8.442344721040952e-07	2.079696245621958e-07	2.92885921544211e-08
1.97	-0.1068267904840044	0.1067296134615274	0.8931849562652027	0.2165701137466257	-0.3218472502496352	-0.4630781555140749	-0.03276091766004609	0.06104800545132014	0.06104800545131912	-0.1743136464776821	-0.08868284369883019	-0.02707618500522179	0.02603283921063837	0.10967230598544	0.06229630446361197	0.02440424386405886	-0.3521342403804505	0.06022712742214106	-0.09490158315975557	0.1121361541877764	-0.2958642812574385	-0.2958642812574428	-0.01480408681326745	0.02851967778104461	-0.05958265533505634	0.03422280550885	0.09249043147019392	-0.0685953509120925	-0.01789319853235428	-0.179845394660955	0.103546717236133	-0.01273796363975722	-0.05135951072495252	-2.223145114309315	3.007233416918365	2.513274511644309	10.14188579930968	-520.653002035635	-78.04835526119429	-39.00337589739082	-3.438672553599702	-1.97551305653782	-0.7947153567509782	11.12488458120843	-1.895293653685577	3.057675644875802	-3.555443446854702	9.353331377801847	9.35333137780229	0.4670269432979615	-0.8458113352887418	1.876808143342123	-1.078507755037498	1.251736035375358e-07	-2.010781179269317e-07	-3.228956531586515e-07	-8.619131148313118e-08	6.663254002508288e-07	1.675856801983757e-07	2.395782604084922e-08
1.98	-0.1059074906534929	0.107252323797951	0.8933887713860654	0.2136177285776086	-0.3213410993459008	-0.4638738328221321	-0.03181626230753292	0.05856652258649916	0.05856652258649912	-0.1744364985008517	-0.0884432016489204	-0.02757568444674098	0.02632106668733961	0.07401541565814654	0.04212245706969869	0.01635900710703049	-0.2377846479380032	0.0408929908000315	-0.06410997905209576	0.0765189866022899	-0.1999802712472044	-0.1999802712472042	-0.009744341039003915	0.01933628088364426	-0.04025682446535307	0.02333589165507124	0.09622129762107084	-0.07055945962706807	-0.01835826670857631	-0.1821389594179147	0.1054996293746316	-0.01320818348316044	-0.0546212148485324	-1.676415063932164	3.158559996923987	2.440216734139875	10.56639607431896	-521.0393949947503	-78.36817923021754	-38.94738741143823	-3.768067767404223	-2.064110407144671	-0.8244051573608361	11.8876298499206	-1.976726759302649	3.084887921049192	-3.491484468203788	9.922941603568004	9.922941603568367	0.5773962650354575	-1.041595162695213	2.026010938538249	-1.083137095497703	9.52787603319629e-08	-1.84554242523759e-07	-2.63988190111633e-07	-6.431051487790854e-08	4.872609276933695e-07	1.273678104709604e-07	1.867430856869246e-08
1.99	-0.1053491334906722	0.1075699946595048	0.8935119782645432	0.2118239416511186	-0.321031813369728	-0.4643575263157523	-0.03123678973911876	0.05705698432664977	0.05705698432665374	-0.1745090031588845	-0.08829700998318543	-0.02787987862130108	0.02649768841698597	0.03749388569498539	0.02132409643377646	0.008256635271608427	-0.1204526893748618	0.02083462551156687	-0.03248538528846422	0.03909651863555993	-0.1014430567575295	-0.1014430567575279	-0.004785321610363107	0.009843664103054916	-0.02046859992647837	0.01190816801351642	0.1003075932178013	-0.06661279167980198	-0.01914047483260402	-0.1868996075274663	0.1143952436611001	-0.01990143195558051	-0.05811503722388126	0.859791134680154	5.626641404036696	2.040711993524545	10.07904623489892	-521.301860927697	-73.13804011050792	-38.91281515421176	-3.618504504067714	-2.100842286762635	-0.8070097825371756	11.73399712980384	-2.03979791919593	3.222764892140948	-3.9094792276283	9.891757428363601	9.891757428363567	0.4508123363214506	-0.9118711188024301	1.972237596252179	-1.184601107783411	6.009998683912762e-08	-1.396009339883822e-07	-2.044690743518889e-07	-3.358975090994296e-08	2.521595209825172e-07	9.520456060917972e-08	1.568235020517009e-08
2	-0.1051608534061417	0.1076770532357102	0.8935533901074859	0.2112190779643161	-0.320926992347555	-0.4645206699141108	-0.03103991210371657	0.05654734742303665	0.05654734742303714	-0.1745327861116804	-0.08824749972186545	-0.02798278867353432	0.02655763068835697	0	0	0	0	0	0	0	0	0	0	0	0	0	0.1043938888144903	-0.06266612373253458	-0.01992268295666112	-0.1916602556370418	0.1232908579475573	-0.02659468042800528	-0.06160885959925402	3.462510370746498	8.083238077604314	1.642853729649297	9.473297241104627	-520.5696419011549	-67.74312361851023	-38.90107162255064	-3.962538913769049	-2.169257566715538	-0.8552578445981059	12.51177601226469	-2.131978803923062	3.257046226015729	-3.826294601969777	10.50411005713892	10.50411005713867	0.54265670137999	-1.111804627188328	2.162086016058968	-1.179225969889993	2.492121334629234e-08	-9.464762545300537e-08	-1.449499585921449e-07	-2.868986941977374e-09	1.705811427166491e-08	6.304131074739907e-08	1.269039184164771e-08
