inDegrees=no
num_controls=7
num_derivatives=13
num_iterations=103
num_multipliers=7
num_parameters=0
num_slacks=7
num_states=26
objective=0.444860
objective_accelerations=0.057718
objective_balance=0.003400
objective_effort=0.023039
objective_height=0.355218
objective_ligament=0.005485
solver_duration=1792.073424
status=Solve_Succeeded
success=true
DataType=double
version=3
OpenSimVersion=4.5
endheader
time	/jointset/ground_pelvis/pelvis_tilt/value	/jointset/ground_pelvis/pelvis_tx/value	/jointset/ground_pelvis/pelvis_ty/value	/jointset/hip_l/hip_flexion_l/value	/jointset/hip_l/hip_adduction_l/value	/jointset/hip_l/hip_rotation_l/value	/jointset/back/lumbar_extension/value	/jointset/patellofemoral_l/patellar_flexion_l/value	/jointset/knee_l/knee_flexion_l/value	/jointset/knee_l/knee_adduction_l/value	/jointset/knee_l/knee_rotation_l/value	/jointset/ankle_l/ankle_angle_l/value	/jointset/subtalar_l/subtalar_angle_l/value	/jointset/ground_pelvis/pelvis_tilt/speed	/jointset/ground_pelvis/pelvis_tx/speed	/jointset/ground_pelvis/pelvis_ty/speed	/jointset/hip_l/hip_flexion_l/speed	/jointset/hip_l/hip_adduction_l/speed	/jointset/hip_l/hip_rotation_l/speed	/jointset/back/lumbar_extension/speed	/jointset/patellofemoral_l/patellar_flexion_l/speed	/jointset/knee_l/knee_flexion_l/speed	/jointset/knee_l/knee_adduction_l/speed	/jointset/knee_l/knee_rotation_l/speed	/jointset/ankle_l/ankle_angle_l/speed	/jointset/subtalar_l/subtalar_angle_l/speed	/forceset/tau_hip_flexion_l	/forceset/tau_hip_adduction_l	/forceset/tau_hip_rotation_l	/forceset/tau_knee_flexion_l	/forceset/tau_ankle_angle_l	/forceset/tau_subtalar_angle_l	/forceset/tau_lumbar_extension	lambda_cid13_p0	lambda_cid13_p1	lambda_cid13_p2	lambda_cid13_p3	lambda_cid13_p4	lambda_cid13_p5	lambda_cid14_p0	/jointset/ground_pelvis/pelvis_tilt/accel	/jointset/ground_pelvis/pelvis_tx/accel	/jointset/ground_pelvis/pelvis_ty/accel	/jointset/hip_l/hip_flexion_l/accel	/jointset/hip_l/hip_adduction_l/accel	/jointset/hip_l/hip_rotation_l/accel	/jointset/back/lumbar_extension/accel	/jointset/patellofemoral_l/patellar_flexion_l/accel	/jointset/knee_l/knee_flexion_l/accel	/jointset/knee_l/knee_adduction_l/accel	/jointset/knee_l/knee_rotation_l/accel	/jointset/ankle_l/ankle_angle_l/accel	/jointset/subtalar_l/subtalar_angle_l/accel	gamma_cid13_p0	gamma_cid13_p1	gamma_cid13_p2	gamma_cid13_p3	gamma_cid13_p4	gamma_cid13_p5	gamma_cid14_p0
0	-0.03973084364187774	0.06900465741698752	0.8959591398417982	0.1955287580552426	-0.3219202182537685	-0.4851220627887068	-0.1379045077516729	0.07015288079084793	0.07015288079084844	-0.1745326970268879	-0.1195018317943324	-0.06701059314715049	0.00393218688049282	0	0	0	0	0	0	0	0	0	0	0	0	0	0.1069611006468897	-0.1039439408387228	-0.03072044990001728	-0.2362125570508976	0.1946139524490652	-0.01248898014296423	-0.05166207778684306	26.94632270813517	-2.316206709772802	3.485274408617639	-2.022301572429336	-515.0200243121669	-83.37446389727515	-39.95917285878409	-4.425770636216403	-1.809198381915583	-0.97771178238338	12.56052200190983	-2.151343649938259	3.400418351391686	-2.83110461511665	10.39202142128578	10.39202142128566	0.7136930354210733	-0.8396034273627131	2.460467665760289	-1.02159026307651	-2.547606242380533e-08	1.214698569625952e-07	1.192086937328e-07	9.667874194145555e-09	-7.933678795818528e-09	-3.952204355573761e-08	-5.306709815650715e-09
0.01	-0.03994213584652512	0.0689157343145355	0.8959116790795251	0.1961360797524141	-0.3220261206821178	-0.4849511724577989	-0.13805195664835	0.07065777624080714	0.07065777624080939	-0.1745005077194767	-0.1195373826129215	-0.06689204624800187	0.003880452693105905	-0.04208062378985797	-0.01767266353723393	-0.009461223875275503	0.1209035030200133	-0.02107639517625262	0.03404138244600071	-0.02923205954924884	0.100529896258821	0.1005298962588201	0.006417122477171061	-0.007057222257442488	0.023644862817296	-0.01026893398662593	0.1037249030115652	-0.1035923916623995	-0.03024941361836807	-0.2333696730757404	0.1911771556762778	-0.01034434303060652	-0.04872104786781758	25.89778733551375	-3.049735654811171	3.585888909800033	-2.187447530388122	-515.9347051550774	-84.66439418902112	-39.96939850498867	-4.072547350152013	-1.729504863041034	-0.9256899899395287	11.77112708071135	-2.070205597109348	3.385482711540817	-2.930598656911486	9.816095729594819	9.81609572959492	0.6026455005947682	-0.6308291706125371	2.306819962696351	-1.017892368629144	-6.943241226163939e-08	1.531470759549707e-07	2.048976543118035e-07	4.891086200372218e-08	-2.414636445776902e-07	-9.516506339914709e-08	-1.224302577525416e-08
0.02	-0.04056890210902674	0.06865344367202843	0.8957705336185311	0.1979356090055172	-0.3223396706913573	-0.4844439713983623	-0.1384839945469365	0.07215449505363535	0.07215449505363533	-0.1744047624579099	-0.1196419151632229	-0.06653898584608371	0.003728359685418013	-0.08309481157097406	-0.03467350801101054	-0.01873693974415886	0.2384415111865993	-0.04152951617812922	0.0672621457054627	-0.05691780038179815	0.1983646725742242	0.1983646725742289	0.01271119082352537	-0.01379634634198608	0.04690270055387556	-0.0200717640601931	0.1004887053762089	-0.1032408424860757	-0.02977837733671622	-0.2305267891006086	0.1877403589034795	-0.008199705918254164	-0.04578001794880765	24.91365852839649	-3.795795120028924	3.689933997908641	-2.517012506845188	-515.9107753602748	-85.78758058890445	-39.99946802714164	-4.212483434468041	-1.674834569224108	-0.9406101811049529	11.88742303122437	-2.026688815063088	3.236294514083938	-2.52184087177675	9.852997432602248	9.852997432603393	0.689082209257647	-0.7759837927829342	2.383062649617007	-0.9283694804647911	-1.133887620994735e-07	1.848242949473463e-07	2.90586614890807e-07	8.815384981329882e-08	-4.749936103595619e-07	-1.508080832425566e-07	-1.917934173485762e-08
0.03	-0.04160082890455206	0.06822425787923178	0.8955372534216827	0.2008948899760909	-0.3228544498594538	-0.4836089623764613	-0.1391846016264157	0.0746166885698112	0.07461668856980574	-0.1742463551267176	-0.1198127742462357	-0.06595536590733402	0.003480707623028689	-0.1230851905633032	-0.05107353960907573	-0.02790970190192322	0.3528650881913348	-0.0613045341137654	0.09960243598461403	-0.08295492495329564	0.2936204286914543	0.2936204286914645	0.01895521299414578	-0.02032350775697403	0.06972527921498976	-0.02938060298230021	0.09573919251370483	-0.09998523410415751	-0.02894742582050427	-0.2256671602887668	0.1818787968239402	-0.00724454940589392	-0.0418400215694277	23.1010497783895	-3.966364800630156	3.800647494360643	-1.921847467692977	-515.8369627793662	-85.58415110431801	-40.04812943913136	-3.86152430204673	-1.609053024866638	-0.9042955168498079	11.13736533049467	-1.934692894940295	3.212275058245665	-2.607344665734027	9.293828269866275	9.293828269866371	0.5898678851616656	-0.5832527564361023	2.21745238198003	-0.9204960728972342	-1.428441863250359e-07	2.029336977723801e-07	3.466695101210877e-07	1.162535146377542e-07	-6.453486531162182e-07	-1.877398477780951e-07	-2.31787369179254e-08
0.04	-0.04302650132408625	0.06763377865650071	0.895212508346509	0.2049819147757913	-0.3235633361293319	-0.4824546746970861	-0.1401381192347896	0.07801783236086814	0.07801783236086823	-0.1740259464409835	-0.120047339031529	-0.06514640080044878	0.003142296176455566	-0.1618439363728885	-0.06693219399789622	-0.0370299154091923	0.4639902770119301	-0.08035093653445903	0.1311178772003616	-0.1074999061607053	0.3861547275520004	0.3861547275520097	0.02511146173266196	-0.02653748679513673	0.09197173418096038	-0.03822364089695025	0.09098967965119767	-0.09672962572223778	-0.02811647430421164	-0.2208075314769362	0.1760172347444016	-0.006289392893532507	-0.03790002519005242	21.34720433544037	-4.147162500572642	3.912922827826455	-1.480502679843522	-514.9092445404938	-85.22357923193346	-40.11383049560211	-3.966156797919266	-1.56655912737516	-0.930100451005899	11.22774539439629	-1.880965712074587	3.071324701403177	-2.223412198959196	9.308705981265446	9.308705981265298	0.671527522836774	-0.7133473174178826	2.2678379105883	-0.8352092789733873	-1.720006223936443e-07	2.207633518104584e-07	4.021419710142814e-07	1.441234202254029e-07	-8.144011201403959e-07	-2.24285813235121e-07	-2.711757703343574e-08
0.05	-0.04483433276167202	0.06688735257079742	0.8947965370698712	0.2101651646605942	-0.324459026587763	-0.4809896426368916	-0.1413290548840815	0.08233161266535759	0.08233161266535675	-0.1737442421017984	-0.1203430838192356	-0.06411761114708939	0.00271792048847493	-0.1995143321697456	-0.08226586938395927	-0.04617333838909549	0.5721185662938038	-0.09865925966360148	0.161753354905249	-0.1304586984067567	0.4761446478554298	0.4761446478554476	0.0312019365105528	-0.03255626627283571	0.1136796200325336	-0.04657407865933854	0.08588745326930894	-0.09224351157350319	-0.02725084483935987	-0.2162415522642582	0.1707161164124929	-0.006295302106135096	-0.03378225986191825	19.72770927824678	-3.961103171761492	3.997562313339857	-0.9122122362954853	-514.0592598657928	-83.98771018068207	-40.1946185438041	-3.63629026890499	-1.50366963049225	-0.9079772383990142	10.52417525188372	-1.786645201329767	3.039328252291316	-2.297833943802031	8.775637686655696	8.77563768665706	0.5737705459972248	-0.5378112646699889	2.106273177913546	-0.8234279092227759	-1.89807110364463e-07	2.212731639736203e-07	4.390477470852029e-07	1.609099242056867e-07	-9.199930156552519e-07	-2.494111543091172e-07	-3.030031998343261e-08
0.06	-0.04701263001689341	0.06599021015397943	0.8942888287600511	0.2164134583495769	-0.3255339761950847	-0.4792223220101969	-0.1427427226971087	0.08753159269923594	0.08753159269923605	-0.1734024403966892	-0.1206973500020652	-0.06287494078411984	0.002212347046000152	-0.2359370999000461	-0.09707546022083609	-0.05537732204566234	0.6769990378477082	-0.1162027663125725	0.1915755905005276	-0.152046338907766	0.5633946734298195	0.5633946734298465	0.03713093491772246	-0.03824176581949852	0.1347478761029755	-0.05446319179577597	0.08078522688743077	-0.08775739742476597	-0.02638521537450043	-0.2116755730515748	0.1654149980805877	-0.006301211318733013	-0.02966449453377972	18.16125887459359	-3.782697608917755	4.081556256387637	-0.4827912186466012	-512.4417882710458	-82.60680701669996	-40.28831242774996	-3.716631184607937	-1.461742217537909	-0.9422125863386338	10.57818184880241	-1.728002416040309	2.908676279481414	-1.949181849950802	8.760727035457522	8.76072703545751	0.6392322486925236	-0.6466913312106487	2.139911954362046	-0.7429443537832202	-2.071357057837958e-07	2.210537196367856e-07	4.751717680057129e-07	1.772297586446078e-07	-1.022912887106557e-06	-2.740556269880385e-07	-3.34512272633026e-08
0.07000000000000001	-0.04954977102455636	0.06494760628864484	0.8936885282567077	0.2236959075132819	-0.3267805607123749	-0.4771611320896906	-0.1443646214383892	0.09359148013975854	0.09359148013975956	-0.1730019120144848	-0.1211074801594958	-0.06142434267178593	0.001630396747820014	-0.2712846978486709	-0.1113524408325766	-0.06470559565620686	0.7789534142634925	-0.1329803558513349	0.2205291286642392	-0.1721114333352371	0.6481274391714559	0.6481274391714644	0.04294269562431021	-0.04372654003868845	0.1552685566122466	-0.06184235870774683	0.07552877715774874	-0.08401317993443941	-0.02553747404429241	-0.2078328977611145	0.1604766927246307	-0.005673612209535324	-0.02547258498491486	16.7200844392781	-3.871814404847338	4.174452308807494	-0.1432241471867128	-511.027388773541	-81.78939124059536	-40.39244857606955	-3.412874244261049	-1.396709537186044	-0.9317631334810632	9.923431124213511	-1.632638582125584	2.868637285683882	-2.001876837196324	8.261251746456288	8.261251746453512	0.5474324495971677	-0.4906479521264543	1.992661803289023	-0.7228139903689841	-2.145606592641036e-07	2.015200020173712e-07	4.928642834029545e-07	1.834575851995712e-07	-1.07059935485002e-06	-2.886551098407906e-07	-3.624208153952233e-08
0.08	-0.05243419804055946	0.06376502590635404	0.8929942193402451	0.2319817735583953	-0.3281909213969187	-0.4748144178473738	-0.1461805118435544	0.100485035318286	0.100485035318287	-0.1725442091316215	-0.1215707135560881	-0.05977163461354335	0.0009771725544271668	-0.3053943015681476	-0.125070763612071	-0.07417900466950264	0.8776824141291598	-0.148957999763352	0.2486804548626642	-0.1908446716847517	0.7301282210306762	0.7301282210306655	0.04856583504910744	-0.04886241365201052	0.1751698652846929	-0.0687179708383166	0.07027232742807436	-0.08026896244411541	-0.02468973271408793	-0.2039902224706525	0.1555383873686731	-0.005046013100340672	-0.0212806754360415	15.3254765959736	-3.967140946029711	4.266118587385454	0.07453239675936552	-508.9361540024531	-80.84331352377761	-40.50440616327953	-3.469032338778319	-1.350010651088667	-0.971239666888886	9.933106538778999	-1.568013290691259	2.748233886424095	-1.68281063435952	8.214330258974282	8.214330258974137	0.6015079923344048	-0.5769112100370751	2.016037586997078	-0.6422333975030065	-2.21346668103184e-07	1.807402022506936e-07	5.093676694115981e-07	1.890343144716985e-07	-1.114722377192976e-06	-3.026065288337899e-07	-3.900970658970011e-08
0.09	-0.05565437196410499	0.06244803629884587	0.8922042397706882	0.2412404286391653	-0.329757110297325	-0.4721905311167544	-0.1481763322052657	0.1081860993161212	0.108186099316122	-0.1720309572794999	-0.1220843117071551	-0.05792258377035368	0.0002578823587565114	-0.3384327376227767	-0.1382317341508699	-0.0838495879615266	0.973514868198783	-0.1641415421884568	0.2759645986608865	-0.2081102903055824	0.8096313167825885	0.809631316782587	0.0540503139880831	-0.05379938608480005	0.1945372272392003	-0.07505147563216535	0.0648617177378172	-0.07664677868903308	-0.02385602543922265	-0.200709441881334	0.1510064214548879	-0.004284928860652345	-0.01701148913179729	14.04640178783405	-4.128572948828689	4.35450682294978	0.2706241549127867	-507.1180812058782	-80.01930192324363	-40.62140016848813	-3.190095394894431	-1.284788797469597	-0.9700931258799668	9.328228718516044	-1.472853911906384	2.698588082968044	-1.717070923171109	7.750317816881389	7.750317816882875	0.5168722710465347	-0.443343359210827	1.881617071881854	-0.6157047129062778	-2.197057030409614e-07	1.417537335983751e-07	5.091486451035374e-07	1.854408534992038e-07	-1.115218063784194e-06	-3.079171905344096e-07	-4.162818711261586e-08
0.1	-0.05919869947941444	0.06100230727751089	0.8913165292751067	0.2514413910361256	-0.3314710004606793	-0.469297786256864	-0.1503385354426303	0.1166685979881931	0.1166685979881934	-0.1714638697527147	-0.1226455302024101	-0.05588295299317801	-0.0005221020233687321	-0.3702250199209752	-0.1508186463774308	-0.09372518987438595	1.066143877366889	-0.1784982523530136	0.3024520807169785	-0.2241212468154647	0.8864151558777683	0.8864151558777776	0.05933296998175351	-0.05838648249002766	0.2132858520818787	-0.080856808129233	0.05945110804757578	-0.07302459493395146	-0.02302231816436599	-0.1974286612920085	0.1464744555411044	-0.003523844620963765	-0.01274230282754056	12.80744952056643	-4.29474181976414	4.441036779591784	0.3622318837454222	-504.7145548052246	-79.08360195659465	-40.74056260610537	-3.219801587492188	-1.235198988641081	-1.012243391055968	9.292417558475462	-1.402646838581669	2.588901537998052	-1.431878212169846	7.670478927627763	7.670478927627954	0.561143403273345	-0.5069360045246913	1.892290164631254	-0.5365989381467868	-2.173239051082946e-07	1.011666786703957e-07	5.074595187896125e-07	1.810412219557532e-07	-1.111878380199435e-06	-3.124682252203148e-07	-4.423355602873934e-08
0.11	-0.06305559690690007	0.05943356600164207	0.8903288598579435	0.2625542520041806	-0.3333244142567331	-0.4661444950088382	-0.152653782259742	0.1259064878273318	0.1259064878273317	-0.1708447403336229	-0.1232516410338827	-0.05365851170788705	-0.001357370556471803	-0.4009515922949053	-0.1628312237998347	-0.1038482431801839	1.155903729143206	-0.1920455319008432	0.3280754479134043	-0.2387246483225599	0.9607143306433639	0.9607143306433699	0.06445468510634676	-0.06277908364109155	0.2315003892758525	-0.08610743950298595	0.05395227740172764	-0.06969473252085331	-0.02221773068211444	-0.1947370842873145	0.1423403285225022	-0.002510090626391762	-0.0084294926020875	11.68193506792018	-4.574552748202194	4.527460144928944	0.4102968065073448	-502.6467141939657	-78.38662917688301	-40.85896921590508	-2.968657944562818	-1.169493250193018	-1.018491051836053	8.739059104574075	-1.309975253440673	2.529370078398067	-1.444050877347505	7.242373454375493	7.242373454374839	0.4820242425238966	-0.3968546284714853	1.770725204288278	-0.5059477757103537	-2.089469100055618e-07	3.819303435788073e-08	4.924867176062609e-07	1.684097658474854e-07	-1.080301448996881e-06	-3.122868523241097e-07	-4.766830663076857e-08
0.12	-0.0672136746345687	0.0577476577253186	0.8892387289574233	0.2745489695134732	-0.3353091421963763	-0.4627389069352621	-0.1551089590433981	0.1358739167547965	0.1358739167547973	-0.1701755260281913	-0.1238999643684806	-0.05125498710915471	-0.002242475911056572	-0.4304610799576113	-0.1742520464683558	-0.1142174865457588	1.242515185614091	-0.2047610810709552	0.3529114458271591	-0.2521072401243817	1.03232297354296	1.032322973542962	0.0693499472498026	-0.06682898311512595	0.2491025147701394	-0.09082417242557117	0.0484534467558945	-0.06636487010775592	-0.02141314319986136	-0.1920455072826143	0.138206201503902	-0.001496336631819484	-0.004116682376623172	10.59002011932132	-4.858066758613322	4.611984142578926	0.3704910941191987	-500.0851540115211	-77.59557243550019	-40.973682308097	-2.976384645247354	-1.116848037864542	-1.061481403011358	8.662738497388908	-1.236300763038157	2.431427681463867	-1.187716271115178	7.132372554427918	7.132372554427894	0.5158528070458523	-0.4383956691187902	1.769807824693872	-0.4298192479132411	-1.998962972432711e-07	-2.729595707649222e-08	4.760213686847715e-07	1.548533856308113e-07	-1.045551793342889e-06	-3.115737482389034e-07	-5.119624618627036e-08
0.13	-0.07166151651533605	0.05595047145655273	0.8880435426214661	0.2873955001345254	-0.3374169547531142	-0.4590892840642747	-0.1576911878414109	0.1465450211806114	0.1465450211806117	-0.169458257784739	-0.1245878560591229	-0.04867814856624442	-0.003171978909573526	-0.4589042602977939	-0.1850858220776259	-0.1248624803656431	1.326271990854566	-0.2166621740825128	0.376883843238159	-0.2641458774015792	1.101454580174442	1.101454580174441	0.07406533729270844	-0.07069510230196274	0.2661627416042772	-0.09498710889993681	0.04284631721168597	-0.06315490525989925	-0.02063032861502594	-0.1897821589920054	0.1343113827782762	-0.000322295615817594	0.0002600445669486822	9.554178992896556	-5.210855807374709	4.695951884239821	0.3389772079270063	-497.9032699293653	-76.95532407369963	-41.08180200902271	-2.747827131741576	-1.051703899334923	-1.072621597412434	8.154294889239319	-1.146156496285598	2.360674979786459	-1.183041144546054	6.737065325421199	6.737065325420839	0.4436740647792739	-0.3525013687161318	1.658753111266842	-0.3961800676608554	-1.865459789015277e-07	-1.108752746083562e-07	4.474316073396291e-07	1.34642134764654e-07	-9.936929418651751e-07	-3.069662272565418e-07	-5.538861675174471e-08
0.14	-0.07638769868017266	0.05404793511631883	0.8867405837021228	0.3010640274783558	-0.3396396068251816	-0.4552038313774042	-0.1603880237499004	0.1578941437943254	0.1578941437943248	-0.168694977248486	-0.1253127652066798	-0.04593378315529407	-0.004140441116926672	-0.4861291367714928	-0.1953220607619631	-0.1357720032229471	1.406914530169537	-0.2277289841369128	0.4000774090038948	-0.2750286622197384	1.167926611122441	1.167926611122436	0.07855240581026722	-0.07423247449880077	0.2826078883781397	-0.09861601419280767	0.03723918766749206	-0.0599449404120406	-0.01984751403020875	-0.187518810701386	0.1304165640526542	0.0008517454001887685	0.004636771510528735	8.545684338711892	-5.566376932253433	4.778006956349842	0.2345125813853508	-495.3167782713952	-76.23774987730415	-41.18047359292474	-2.732723871950602	-0.9973406528779899	-1.114387210495291	8.039885312287957	-1.069444171606635	2.275661352410999	-0.9565457793075229	6.600457417731272	6.600457417730994	0.4701885019764374	-0.3726462711190374	1.64679181263882	-0.3230130116142884	-1.726025977212392e-07	-1.969498095329777e-07	4.171695132463966e-07	1.135129707054646e-07	-9.394742013083274e-07	-3.018215453228484e-07	-5.967263297376699e-08
0.15	-0.0813807568662147	0.05204600389161704	0.8853271108908225	0.3155247153229166	-0.3419688582652258	-0.4510907257568905	-0.1631872564649122	0.1698956082996728	0.1698956082996743	-0.1678877678512466	-0.1260721496553106	-0.04302773699008358	-0.005142462879425688	-0.512284028886596	-0.2049635145480612	-0.146965739517877	1.484713182782956	-0.237984256536163	0.4224177974642069	-0.2846298112760019	1.231928608100153	1.231928608100155	0.08284995976114315	-0.07759153047398382	0.2984987111788449	-0.1017014548249575	0.03156489688701952	-0.05674691678206564	-0.01910145153502091	-0.1856887691041098	0.1268558538784154	0.002058556405156634	0.009060035039580932	7.616932701520304	-5.943049770818691	4.855389363120623	0.1239386688817848	-493.1488650226614	-75.5668195708118	-41.26695321698062	-2.527091140280614	-0.9324251919181701	-1.128530272486312	7.573372151179252	-0.9830127177389216	2.194261101306056	-0.9336890428060438	6.234430616422589	6.234430616423705	0.4036219548892164	-0.3095209678769433	1.544821642898869	-0.2882899547064211	-1.557828517512377e-07	-3.006670933308181e-07	3.762649493486459e-07	8.631838067638483e-08	-8.7494288919002e-07	-2.944618796468072e-07	-6.493849200795461e-08
0.16	-0.08662940782520559	0.04995068263896577	0.8838003680298739	0.3307480930766739	-0.3443965512179931	-0.4467580095500806	-0.1660768585852906	0.1825239647305253	0.1825239647305266	-0.1670387662918486	-0.126863521805121	-0.03996586377104348	-0.006172735121384427	-0.5372476913613171	-0.2140000663518553	-0.1584260131525849	1.559452512008794	-0.2474172866816014	0.4439995262631084	-0.2931025432930774	1.293304996223119	1.293304996223129	0.08691083824186045	-0.080630014735528	0.3137732991440501	-0.1042661100847511	0.02589060610654642	-0.05354889315209162	-0.01835538903985585	-0.1838587275068313	0.1232951437041761	0.003265367410123525	0.01348329856863362	6.70960636916568	-6.321548447545461	4.930863771006657	-0.04624017218483375	-490.6624287771517	-74.83419059506666	-41.33825818102509	-2.494477943874223	-0.8763602564171737	-1.167694678450874	7.42802063477208	-0.9049957208442825	2.123929420128883	-0.7308623714699329	6.075335646781946	6.075335646781949	0.4228534079447081	-0.308531928391266	1.523544845538821	-0.2188559371430362	-1.384893515805777e-07	-4.072902416489531e-07	3.336075080713275e-07	5.812477931108794e-08	-8.087130358733549e-07	-2.867373931190852e-07	-7.036606632885179e-08
0.17	-0.092122348614954	0.04776799657809062	0.882157632244593	0.3467046981676496	-0.3469145561896559	-0.4422137043982299	-0.1690450101744435	0.195753779023223	0.1957537790232224	-0.1661501076505738	-0.1276844322557112	-0.03675406233027336	-0.007225999456574453	-0.5611440753970339	-0.2224361027925991	-0.1701618235063929	1.631366254977369	-0.2560487472898956	0.4647367704340438	-0.3003477240998774	1.352227179888033	1.352227179888041	0.09078497173746551	-0.08350322803005619	0.328484512818299	-0.1063016766913435	0.02016459825892154	-0.05036425134211665	-0.01765259632350319	-0.1824070582391015	0.1200091679930828	0.004508082348348407	0.0179474193901877	5.86175376614043	-6.719940404835802	5.002526517925435	-0.2121442829606861	-488.6160521274242	-74.15382575327521	-41.39072062613389	-2.307740552333761	-0.8120581696651351	-1.182785756108044	6.997720686770462	-0.8219393103950199	2.02983226133054	-0.6943383696569282	5.736071610739608	5.736071610739415	0.3642698981056339	-0.2693088410029845	1.429524913832668	-0.183114381447581	-1.271522780721394e-07	-5.200198662051285e-07	3.037419828729392e-07	3.150545734911388e-08	-7.643436110327353e-07	-2.880013352365544e-07	-7.839070456170236e-08
0.18	-0.09784835762884192	0.0455039835864556	0.8803962860473216	0.3633653746000857	-0.3495148193833159	-0.4374657847355191	-0.1720802120585385	0.2095598975294486	0.2095598975294459	-0.1652237923587948	-0.1285325934014493	-0.03339822569566776	-0.008297060929636458	-0.5838613361892848	-0.2302654525038263	-0.1821480955506893	1.700266780300755	-0.2638689310811107	0.4847224284351658	-0.3065126022815541	1.408565838928689	1.408565838928696	0.09444216834255913	-0.08608015376536075	0.3425803379111373	-0.1078255376591456	0.01443859041129794	-0.04717960953214378	-0.01694980360715763	-0.1809553889713718	0.1167231922819882	0.005750797286570402	0.02241154021174503	5.029583864343473	-7.119337854357289	5.072362047512853	-0.4249427759078613	-486.3352086437031	-73.42660728217581	-41.42203913797572	-2.258653295181054	-0.7550229105138421	-1.217787016548597	6.825377105734161	-0.7427403574284671	1.973612186166207	-0.5148018464452889	5.558630721930613	5.558630721930565	0.3794660298424122	-0.2492744165465453	1.400467129256701	-0.1165148093849743	-1.169634313901536e-07	-6.339266428071914e-07	2.763423692078386e-07	5.18961093476824e-09	-7.241882446935221e-07	-2.909979864904461e-07	-8.69159816209536e-08
0.19	-0.1037960954022811	0.04316468008684941	0.8785138106581059	0.3807007972174033	-0.3521893545694852	-0.4325221186523104	-0.1751713333563836	0.2239170609727081	0.2239170609727055	-0.1642619003143937	-0.1294056439224785	-0.02990436707843082	-0.009380853954096368	-0.6054954222482399	-0.2374954878689224	-0.1943834217494658	1.766328972790441	-0.2709080823508577	0.5038884534027043	-0.3115402310422579	1.462446268579461	1.462446268579466	0.09790212971082099	-0.08848581918516241	0.3560882578426945	-0.1088530792572135	0.008705835750552778	-0.0440589324387249	-0.01630169112609715	-0.1798838736163674	0.1136956290234398	0.00703889367646755	0.0268837077152918	4.251378964695348	-7.541936355212818	5.139091623932961	-0.6246802190231736	-484.4977785932551	-72.77034943554943	-41.43029091805968	-2.087138450511913	-0.6920298362493359	-1.232014717549661	6.42334271208215	-0.6649228526919396	1.869659700563888	-0.4710294541129852	5.239679608316601	5.239679608316344	0.3240639929331465	-0.2295090741322857	1.310468288741914	-0.08380261167752777	-1.117464281263519e-07	-7.495600416543856e-07	2.594766624140074e-07	-1.993033577191216e-08	-6.976989118245439e-07	-3.000798485277193e-07	-9.745851395425827e-08
0.2	-0.1099544444741613	0.0407560690362439	0.8765078601477009	0.3986821822379168	-0.3549303653365404	-0.427390479909723	-0.1783075881544818	0.2388004148168072	0.2388004148168062	-0.1632664480957857	-0.1303014103915945	-0.02627852648915092	-0.01047250814986893	-0.6259835958775627	-0.2441269627036906	-0.2068431197885394	1.829459260939978	-0.2771640472583694	0.5223169603108908	-0.315539302332165	1.513803919096879	1.513803919096882	0.1011542031836853	-0.09062334338237711	0.3689767323197191	-0.1093977719216751	0.002973081089798308	-0.04093825534530762	-0.01565357864502983	-0.1788123582613678	0.1106680657648896	0.008326990066361915	0.03135587521883262	3.484909948390863	-7.965142043031701	5.204264958202911	-0.8657138904807502	-482.4853729878701	-72.07890327934824	-41.41375813787662	-2.029470809254613	-0.6353108044482867	-1.262661384608035	6.23899623770405	-0.586103084981378	1.826108574295798	-0.3090903522859928	5.054074895259872	5.054074895259746	0.3378884507628933	-0.1956461720291572	1.276578038350154	-0.01994502266372265	-1.076342789554801e-07	-8.655771343338309e-07	2.449518238137917e-07	-4.478452698800028e-08	-6.742464752822845e-07	-3.105139796279661e-07	-1.084493252373526e-07
0.21	-0.1163122546011228	0.03828411080991731	0.8743762163671192	0.4172807457946461	-0.3577301600812663	-0.4220785387829656	-0.1814785134743247	0.2541851346730495	0.2541851346730443	-0.1622394932833691	-0.1312177035968667	-0.02252682210228137	-0.01156729505944355	-0.6453915326866358	-0.250166354886549	-0.2195155103718814	1.889774759292805	-0.2826703966264023	0.5399508094991085	-0.318484931041766	1.562728412695253	1.562728412695254	0.1042052051085357	-0.09259593482060922	0.3812603585951845	-0.1094851035640472	-0.002748399031605425	-0.03788716320355832	-0.01507023947398111	-0.1781299641604999	0.1079179247583677	0.009638663257785941	0.03582831624151395	2.776297110082232	-8.40350652379513	5.265902431782571	-1.095701707630293	-480.9394449035153	-71.4468849164558	-41.37095727464609	-1.868384386009104	-0.573514235056616	-1.274142903528811	5.856049951735994	-0.514112987260652	1.713852901157305	-0.2631745411132395	4.749912807629226	4.749912807629074	0.2838494994215733	-0.1920697949526027	1.188665254409752	0.008162003961798236	-1.102241684915311e-07	-9.839133120557636e-07	2.466178310696622e-07	-6.755020188099107e-08	-6.683470210597218e-07	-3.294147444758609e-07	-1.221916067848599e-07
0.22	-0.1228585299500296	0.03575470649979173	0.8721169256790376	0.4364681089984364	-0.3605812607445812	-0.4165938932023116	-0.1846740701634267	0.2700467547083755	0.2700467547083666	-0.1611829997644876	-0.1321525235495681	-0.01865539938620413	-0.01266069743764475	-0.6636766402667267	-0.255616179463485	-0.2323725012884815	1.94721919035219	-0.2874252309762908	0.5568578510902283	-0.3204655761840112	1.60918395491375	1.60918395491375	0.1070619444764043	-0.09432869286813664	0.3929203981612503	-0.1091208656469894	-0.008469879153015496	-0.03483607106181141	-0.01448690030293167	-0.1774475700596353	0.105167783751844	0.01095033644920638	0.0403007572641923	2.076573576910621	-8.842305057529758	5.32632767720857	-1.364901841757286	-479.2628462453785	-70.78949561757469	-41.30057229023909	-1.804904963458166	-0.5173972832637698	-1.299581451259646	5.664782779015652	-0.4358000813524927	1.680747054876247	-0.1160936388148451	4.560284619284604	4.560284619284539	0.2990359393665359	-0.1476794938882203	1.151860696470212	0.0703688892222358	-1.145107766875625e-07	-1.102836599915035e-06	2.523827866435292e-07	-8.978713846433693e-08	-6.668913598294873e-07	-3.504589609054386e-07	-1.366304630828514e-07
0.23	-0.1295822201968781	0.03317375472927703	0.8697282121708605	0.4562157967721442	-0.3634762944637848	-0.4109440404380027	-0.1878844585241903	0.2863607908898456	0.2863607908898405	-0.1600989510445546	-0.1331038332789878	-0.01467046011730729	-0.01374832368202289	-0.680877357977098	-0.2604751592615252	-0.2453907116513479	2.001842632140354	-0.2914612041174044	0.5729948216179166	-0.3214520947621052	1.653215779116618	1.653215779116616	0.109721482055393	-0.09589522499157699	0.4039649174265705	-0.1083326472267796	-0.01425181425165	-0.0318833438680269	-0.01396575640392861	-0.1770913805876253	0.1026009289421937	0.01234937653603151	0.04484774902095864	1.403300031161808	-9.318592586212253	5.38692000578232	-1.625507979946961	-478.1172092173646	-70.24144689654173	-41.20146371709964	-1.650005028833792	-0.4553149671220142	-1.306150838035943	5.289798767093751	-0.3693053888101704	1.56236568349468	-0.06593078632514715	4.26353394907021	4.263533949069955	0.245301846577779	-0.155330427074486	1.065339157390879	0.09395861801081393	-1.250061514847348e-07	-1.211404804912789e-06	2.755512067019012e-07	-1.082168411860668e-07	-6.75612977420557e-07	-3.764652779653582e-07	-1.527191201858177e-07
0.24	-0.1364723875916311	0.03054717983297235	0.8672086745572075	0.4764954537414088	-0.3664080498060626	-0.4051363792420611	-0.1910999120345386	0.3031029258390004	0.3031029258389996	-0.1589891291129481	-0.1340696464007425	-0.01057815733259163	-0.01482588568228086	-0.6969720698477572	-0.2647408046214786	-0.2585373223836423	2.053613029463596	-0.294769555591293	0.5884195374167865	-0.3214786061009387	1.694803708450781	1.694803708450778	0.1122165868108909	-0.09722937133511987	0.4143931013250088	-0.1071080168229518	-0.02003374935029369	-0.02893061667424467	-0.01344461250492637	-0.1767351911156182	0.1000340741325421	0.01374841662285343	0.0493947407777189	0.7370960446940443	-9.795426902781323	5.446810857775123	-1.926633164751594	-476.8701520501981	-69.67644761459472	-41.0725929114679	-1.583703795515754	-0.3987303956464145	-1.325261525145259	5.094173886031032	-0.2902757479075143	1.538296109112553	0.07590780903723547	4.071505645543875	4.071505645543811	0.2661493746683515	-0.1012023379087328	1.02859362309382	0.1576512859458313	-1.372754595965187e-07	-1.317014414807253e-06	3.036920451844175e-07	-1.255587628044779e-07	-6.872423889605709e-07	-4.038893380625184e-07	-1.692791489473481e-07
0.25	-0.1435180904469857	0.0278809084456101	0.8645571228982926	0.4972786890765746	-0.3693694092075013	-0.3991782300643446	-0.1943107760595471	0.3202488749873775	0.3202488749873834	-0.1578552482275555	-0.1350479584738456	-0.006384645496948048	-0.0158891737867755	-0.7119890572558106	-0.2684150747751982	-0.271782862584204	2.102564611088133	-0.2973863806648273	0.6030885357430312	-0.320536184597369	1.733985120495733	1.733985120495752	0.1145418972936567	-0.09840248571418092	0.4242081428048155	-0.1054804308967077	-0.02586012160343562	-0.02602718458279138	-0.01299412393178575	-0.1767285463477285	0.09768715779938418	0.01515827642472761	0.05400414973622732	0.1046592318746681	-10.2793369963952	5.50379055278944	-2.207335153056897	-476.1791599996461	-69.16160801433955	-40.9130169111781	-1.433733963340463	-0.3370415664489387	-1.325816257569838	4.725273165601889	-0.2298276409788266	1.41278421029052	0.1271114665122734	3.781343533372962	3.781343533376402	0.2128735128734698	-0.1206572893102029	0.9427569105373668	0.1758654351451488	-1.631294227766959e-07	-1.39131237413257e-06	3.771853450121036e-07	-1.298063667550463e-07	-7.258260708176196e-07	-4.426631569362369e-07	-1.884420983392855e-07
0.26	-0.1507085707263983	0.02518084110846781	0.8617727926393604	0.5185373648009735	-0.3723534252104552	-0.3930770744001838	-0.1975074754404206	0.3377746151660854	0.3377746151660977	-0.1566986839117776	-0.1360370599510171	-0.002096023746483695	-0.01693407539417141	-0.7259275546594781	-0.2714999945774856	-0.2850930423870839	2.148701107310142	-0.2993008758944599	0.6170208347056797	-0.3186456772739826	1.770761914516773	1.770761914516813	0.1167532728881335	-0.0993872521494594	0.4334150842891529	-0.1034307174032059	-0.03168649385657896	-0.02312375249133965	-0.01254363535866245	-0.1767219015798358	0.09534024146622651	0.01656813622660041	0.05861355869473465	-0.5215529427579814	-10.76392349643504	5.560406522424421	-2.531989593569408	-475.4027636040633	-68.63677851776065	-40.72181709042518	-1.368005794638558	-0.280860325359988	-1.338189445608925	4.53115680552529	-0.1498097791271956	1.390956236393294	0.2655249730005382	3.590582040761543	3.590582040761261	0.2433623970105506	-0.06353274915221953	0.9069736239999499	0.2420767993973585	-1.93330475578759e-07	-1.455590605275759e-06	4.651914324702443e-07	-1.298637890519049e-07	-7.730351191761196e-07	-4.850688986184542e-07	-2.08437982332953e-07
0.27	-0.1580330146367894	0.02245280837647921	0.8588551512303302	0.5402432823730566	-0.3753533240715922	-0.386840148475104	-0.2006808439753644	0.355656124666113	0.3556561246661185	-0.1555209347090708	-0.1370350778440471	0.002281509449877352	-0.01795669522339161	-0.7387845829435179	-0.2740147014601031	-0.298434726257154	2.19202454601876	-0.3005732615960354	0.6302489986948807	-0.3158937855432996	1.805149051888641	1.805149051888619	0.1187748744306242	-0.1001873948353716	0.4419857745411418	-0.1010364643797574	-0.03745346162962562	-0.02027098373659925	-0.01217070210322201	-0.1771217034349842	0.09322017816803839	0.01790220181685129	0.06317568680637824	-1.113922082299399	-11.2189592850583	5.60938760775081	-2.775069361951403	-475.1401991382488	-68.10710932798536	-40.49851956535394	-1.218012444405951	-0.2230242914777025	-1.332237970130552	4.164290057606943	-0.0999452118520163	1.271249722382016	0.3001578988158884	3.304182283249846	3.304182283240551	0.1781039088854026	-0.08375431297749614	0.8162095187745804	0.2467947913780681	-2.015124238205735e-07	-1.520930204584069e-06	4.804909951299405e-07	-1.480198809475456e-07	-7.493227491990089e-07	-4.937322916506731e-07	-2.211931530151135e-07
0.28	-0.1654807210498442	0.01970237889131143	0.8558040769601145	0.5623687048630411	-0.3783627452389801	-0.3804744402616928	-0.2038226662678587	0.3738697860794315	0.3738697860794267	-0.1543236605157376	-0.1380401970208631	0.006741568107353576	-0.01895363347486544	-0.75058005519233	-0.2759793452133228	-0.3117796146241908	2.232602090890457	-0.3012053371447827	0.6427772923720227	-0.3123364287840689	1.837192297174522	1.837192297174439	0.120658271013798	-0.100807508907956	0.4499201765121796	-0.0982944018539303	-0.0432204294026791	-0.01741821498186114	-0.0117977688478171	-0.1775215052901287	0.09110011486985013	0.01923626740710004	0.06773781491801649	-1.698256124610321	-11.67512760694947	5.658236637932653	-3.074626054611412	-474.771860341379	-67.57054286073767	-40.2460899357792	-1.155694587593039	-0.170847699480427	-1.338830345002255	3.981978038141279	-0.02174774856156901	1.250982173981494	0.4266179787100622	3.121803623563991	3.121803623564155	0.2157214051471887	-0.02752702648667388	0.7797159678097167	0.3116386998730859	-2.018519512601077e-07	-1.586647825430641e-06	4.698950832038891e-07	-1.726220743441225e-07	-7.003506959790778e-07	-4.903778618760433e-07	-2.313694395041346e-07
0.29	-0.1730412997688462	0.01693496174417841	0.852619597088635	0.5848867124188433	-0.3813754946045532	-0.3739869791045977	-0.2069250179776798	0.3923926299351578	0.3923926299351612	-0.153108248069757	-0.1390509028238251	0.01127785434675903	-0.01992159260000469	-0.7613614962485901	-0.2774207161241131	-0.3251058982348045	2.270555806770209	-0.3012506054404798	0.6546064912558863	-0.3080350111654961	1.86699815797179	1.86699815797177	0.1223972707522954	-0.1013069290047003	0.457225697453859	-0.09525502227059345	-0.04882815795451232	-0.01485677054126518	-0.011512411163961	-0.1784451094997361	0.08925275311097411	0.02060124122679113	0.0721616271729018	-2.228343809101413	-12.1498533144173	5.705058498322066	-3.301439296178126	-474.8654597933915	-67.14957502415197	-39.9618732964201	-1.013198279492007	-0.1183124895671774	-1.328095453562684	3.63555958129824	0.01835279110906912	1.132414814459778	0.4467389556192462	2.853276757456886	2.853276757466329	0.1487197448983702	-0.05697926352628384	0.6892194262623198	0.3066488587373684	-1.997059100758925e-07	-1.657280947679405e-06	4.45986827372959e-07	-2.016719603978086e-07	-6.457950867597291e-07	-4.827390612193688e-07	-2.412052869715765e-07
0.3	-0.1807044587813801	0.01415562474739972	0.8493021407641552	0.6077709553771243	-0.3843858428208459	-0.3673845207448903	-0.2099813884508774	0.4112021922887888	0.4112021922887981	-0.1518762995290544	-0.1400657687801997	0.01588384564936438	-0.02085784567507589	-0.7710961138988318	-0.2783633151424568	-0.3383749052242796	2.305849171386205	-0.3007251072888632	0.6657767328945897	-0.3031401814593893	1.894535996755008	1.894535996755051	0.1239654899586873	-0.1016395395917649	0.4638611891521489	-0.09195319184032164	-0.05443588650635	-0.0122953261006715	-0.01122705348014021	-0.1793687137093394	0.08740539135209795	0.02196621504648004	0.07658543942778395	-2.754015605055054	-12.62562665775445	5.752361608264961	-3.574472631645945	-474.9056453136851	-66.73365588311874	-39.64180006836694	-0.9463299063893769	-0.0710933209910916	-1.327375020774563	3.449907785390134	0.09240554090115725	1.119190724949449	0.545300396216846	2.668199220753982	2.668199220753995	0.181565298726074	0.005834875449238587	0.6457101191317968	0.3641288692600669	-1.965796446456916e-07	-1.7298525775234e-06	4.168286331006685e-07	-2.324758660909178e-07	-5.890375117941316e-07	-4.734106495106203e-07	-2.509068767967054e-07
0.31	-0.1884599713934647	0.01136928509637379	0.8458523386622468	0.6309953870920214	-0.3873882669385519	-0.3606737490446371	-0.2129858196769029	0.4302763007727506	0.4302763007727666	-0.150629425829543	-0.1410834692801942	0.02055296395672505	-0.02175989091512027	-0.7798380601741772	-0.2788279591691115	-0.3515650754841684	2.338610655152458	-0.2996758679162251	0.6762744378418095	-0.2976662311084007	1.919922452174003	1.91992245217398	0.125382384243165	-0.1018770877436012	0.4698500794181434	-0.08842354611486253	-0.0599940721619102	-0.00989665502959159	-0.01101237821521365	-0.1806335765490323	0.08571904482286585	0.02330520382339745	0.08096586649538233	-3.258954846626735	-13.09156920767253	5.795611625873678	-3.775683515500086	-475.3672853080297	-66.35675232486729	-39.28209662466468	-0.8128329018571034	-0.02269992154403376	-1.311886445260501	3.125326871679791	0.1239628669446576	0.9993683060630387	0.560417250129829	2.419432292279981	2.419432292270161	0.1174624426941573	-0.03487270335445233	0.5585698000393209	0.3524601213131942	-1.97435770827636e-07	-1.804169023842292e-06	3.964225901208505e-07	-2.621388560828284e-07	-5.457286343173652e-07	-4.679293177839313e-07	-2.622508132180574e-07
0.32	-0.1962978446510522	0.008580589009473045	0.8422712251744066	0.6545346452844683	-0.3903776427162308	-0.3538611387096212	-0.2159331164203006	0.4495933865288669	0.4495933865288845	-0.1493692409973136	-0.1421028098702694	0.02527858943068692	-0.02262562415848517	-0.7875682429995233	-0.2788346023174204	-0.364637182410636	2.368814466896187	-0.2981154392836063	0.6861444598472216	-0.2917132849338135	1.943131451185306	1.943131451185218	0.1266277165030648	-0.1019675576096141	0.4751626224723795	-0.08469079250442901	-0.06555225781747874	-0.007497983958513356	-0.01079770295033412	-0.1818984393887212	0.08403269829363359	0.02464419260031347	0.08534629356297428	-3.763824579653477	-13.55813311278615	5.839657246874127	-4.008723859985178	-475.8381530641634	-65.99737662742729	-38.87940074673121	-0.7439772163895224	0.02050685467805189	-1.303762354090314	2.938373380885328	0.1946433928972963	0.9936541365878983	0.6410995609365582	2.232707939215618	2.232707939215627	0.1472528938105006	0.03525053261392423	0.5104406767801029	0.4047504462549439	-2.000233716235564e-07	-1.879244086019835e-06	3.798218303116729e-07	-2.913057957698701e-07	-5.082670166183517e-07	-4.64120629527703e-07	-2.743088133768976e-07
0.33	-0.2042081064491938	0.005794103391152063	0.8385600761885974	0.678363426149882	-0.3933490018465697	-0.3469531075852903	-0.2188183624861095	0.4691319980693473	0.4691319980693658	-0.1480973376595839	-0.1431226198131429	0.03005409122176498	-0.02345308615975974	-0.7943204370774993	-0.2783874450838856	-0.3775595773788777	2.396519265202267	-0.2960777845864385	0.6953578693291296	-0.2852564050877915	1.964233855524835	1.964233855524795	0.1277342606151585	-0.1019732180602437	0.4798293164772173	-0.08077121104473416	-0.07119284957662315	-0.005086858168349886	-0.01064700647422043	-0.183401693885319	0.08255963257813122	0.02584909156686286	0.08981512702446576	-4.234064929164941	-13.97153800445519	5.87409959759906	-4.223790370476649	-476.768211631744	-65.55475028319123	-38.43083456845876	-0.6162474928897785	0.06802145042012141	-1.28162169398439	2.623203494453621	0.2203397413964797	0.8693678320462087	0.6599106674521632	1.995512114669041	1.995512114676184	0.08926203098465813	-0.01513807322458737	0.4284651331433086	0.3903807512912368	-2.076277379915781e-07	-1.96197904375129e-06	3.747148708939727e-07	-3.201050064639598e-07	-4.840002073106483e-07	-4.648537461669068e-07	-2.892322185367503e-07
0.34	-0.2121809715859922	0.00301432960371222	0.8347206745279471	0.7024565890861536	-0.3962975817832823	-0.3399561056705302	-0.2216366540592546	0.4888709347398945	0.4888709347399113	-0.1468149875085213	-0.1441418191083813	0.03487299622705302	-0.02424038859534446	-0.8000889107310019	-0.2774922361411927	-0.3902877173788579	2.421690881067713	-0.2935596005584719	0.7039386179331961	-0.2783223864010838	1.983196477198264	1.983196477198272	0.1287170791702875	-0.1018454280838013	0.4838432653143629	-0.07665887936645999	-0.07683344133577062	-0.002675732378187359	-0.01049630999813998	-0.184904948381914	0.08108656686262861	0.02705399053341146	0.09428396048595539	-4.707987614569167	-14.3850116286417	5.909368552248677	-4.45756308985965	-477.7625530332539	-65.14060693395028	-37.93414485524259	-0.5472331314947897	0.110117196509667	-1.264911360438012	2.431736892758349	0.2907492590570877	0.8671219610196038	0.7365273290737163	1.804751405995802	1.804751405995771	0.1225077824175739	0.0619406180283219	0.37989164324166	0.4433004899708022	-2.176281714985137e-07	-2.048372459060734e-06	3.7509748778265e-07	-3.487285854002218e-07	-4.660353960405856e-07	-4.67756083054675e-07	-3.055241753388776e-07
0.35	-0.2202066306064809	0.0002457585244615539	0.8307550926817363	0.7267887909175873	-0.3992187399313836	-0.3328765975846026	-0.2243830980929895	0.508788945141931	0.5087889451419136	-0.145523418296078	-0.1451593196986746	0.03972886996393726	-0.02498571954829353	-0.8048803823284383	-0.2761466664171174	-0.4027806254081089	2.444317656314995	-0.2905982336977471	0.7118588973584774	-0.2708789772755232	2.000045255666022	2.00004525566605	0.1295824066385818	-0.1016310383559267	0.4872268025926451	-0.0723784467726751	-0.08268492864487553	-0.0004985983801896265	-0.01039287220655881	-0.1864951889403083	0.0795503809028143	0.02840648794425196	0.09895457153632421	-5.228632616456606	-14.85374824668493	5.952695372616649	-4.670906010978181	-479.2437929431464	-64.88306540249458	-37.38773768787505	-0.4206880081995228	0.158002142341573	-1.234368529025459	2.113409559446443	0.3101417438060294	0.738609513139415	0.7613641648450663	1.570951159576019	1.570951159579088	0.06607053482772236	0.004895067223154101	0.3018195778542394	0.4250314341397593	-2.227474223554173e-07	-2.106912055406575e-06	3.621396597119956e-07	-3.759778475931953e-07	-4.36935777398533e-07	-4.607325406435137e-07	-3.173185709788901e-07
0.36	-0.2282753211098097	-0.00250711180115133	0.8266660041542617	0.7513343128452405	-0.402108022142032	-0.3257210609884513	-0.2270524847433592	0.5288646453471281	0.5288646453470751	-0.1442236907477954	-0.1461739350082744	0.04461542603515094	-0.02568732281729326	-0.8086952072991338	-0.2743520854136362	-0.4149890536316402	2.46435490031161	-0.2871844130679886	0.7191443199780401	-0.2629109097280494	2.01473443783019	2.014734437830238	0.1303487463385719	-0.1012683719458078	0.4899797321802369	-0.06791334257659302	-0.08853641595398552	0.001678535617807995	-0.01028943441499775	-0.1880854294987017	0.07801419494299992	0.02975898535509254	0.1036251825866889	-5.756379474899767	-15.32285011876898	5.997918638467873	-4.891627963247023	-480.8360287765391	-64.66598039989023	-36.79052548226971	-0.3519038061466076	0.1999194523908405	-1.208015399294042	1.913830642625129	0.3812400128637848	0.7401505998758949	0.8414590134563517	1.372832145277687	1.372832145277695	0.1027102287567509	0.09159595447715152	0.253770105103562	0.4802348104302354	-2.253134392107659e-07	-2.150881961832994e-06	3.422037527395368e-07	-4.025082364127565e-07	-4.020117979772855e-07	-4.485169998298354e-07	-3.267603961648734e-07
0.37	-0.2363773813680715	-0.005239801536202482	0.8224563631740046	0.7760674358116966	-0.4049610395640053	-0.3184959649673764	-0.2296394827202609	0.549076707440289	0.5490767074402634	-0.1429166580941318	-0.147184418554043	0.04952650372758972	-0.02634340973511027	-0.8115603198999423	-0.2721122008873679	-0.4268773638787627	2.481838031809553	-0.2833511649804207	0.7257654264573011	-0.2544004603717201	2.027320795036412	2.027320795036485	0.1310502428144535	-0.1008080740645804	0.4921362429336676	-0.06327710117959516	-0.09447876418137087	0.003820411058172267	-0.01024956931404272	-0.1898491333772664	0.0767570456603205	0.03094763043434447	0.1083920113863859	-6.223339571612167	-15.73098355556753	6.032906452237745	-5.136511068497449	-482.8139789572301	-64.33702546510921	-36.13730345792277	-0.2303002229945506	0.2469896279884482	-1.170049918704766	1.600839392100663	0.394806683257434	0.6064047165309818	0.8690716888044431	1.148025682227676	1.14802568223129	0.05239651811720827	0.02643843454253059	0.1815887388815011	0.459665879191614	-2.421400259890527e-07	-2.162201730324208e-06	3.79115558479374e-07	-4.087507603323157e-07	-4.010337165624267e-07	-4.44089627029708e-07	-3.386810995081261e-07
0.38	-0.2445033897995301	-0.007947899090942217	0.8181296768750197	0.8009624470908764	-0.4077736366097916	-0.3112079950725936	-0.2321387294451828	0.5694039307402979	0.5694039307403012	-0.1416029050434856	-0.1481896607750812	0.05445614596324652	-0.0269522648239859	-0.813484841938615	-0.2694336493513522	-0.4383981173772273	2.496732562856369	-0.279100337830687	0.7317190947197527	-0.2453606593320618	2.037766679199961	2.037766679200057	0.1316928257348694	-0.1002201069994735	0.4936926408238456	-0.05846697678831522	-0.100421112408764	0.005962286498534941	-0.01020970421307752	-0.1916128372558336	0.0754998963776404	0.03213627551359409	0.1131588401860767	-6.70140655048472	-16.13889753427648	6.069830551196707	-5.373005028196471	-484.960677531818	-64.05924665278309	-35.4301340560937	-0.1637856937194729	0.2876528543403103	-1.134504049562475	1.396110552400003	0.464755825296945	0.6066629565139871	0.9473293501221773	0.9447375367430243	0.94473753674302	0.09092751766359465	0.1171297912530392	0.1337475324530255	0.5150114092866396	-2.671155098661615e-07	-2.154864277138162e-06	4.485117714833807e-07	-4.034002185947308e-07	-4.194532911512188e-07	-4.441126359516097e-07	-3.520183046555328e-07
0.39	-0.2526439381873625	-0.01062710069847182	0.8136897337047558	0.8259935312905019	-0.4105418244975033	-0.3038636271151673	-0.2345451711071615	0.5898250502290004	0.5898250502290316	-0.1402831805369327	-0.1491883452873322	0.05939835165070682	-0.02751234988009498	-0.8144736930528447	-0.2663414448627145	-0.4495181738445148	2.509066737730099	-0.274478162175011	0.7370468280598939	-0.2358560893650629	2.046114214860088	2.046114214860081	0.1322464651887134	-0.09949912865497615	0.4946505849113267	-0.05353043592495381	-0.1063994567448938	0.008042560087363787	-0.01021691156265219	-0.193411991243068	0.07428856108920062	0.03317207676796491	0.1179368067034886	-7.184154237018505	-16.47912429717155	6.09540592859434	-5.543355413378896	-487.3261185413264	-63.67625541697472	-34.67425282889914	-0.04373635180656808	0.3297080705938361	-1.089990325345325	1.089464316093412	0.4700395538794283	0.4793855551844417	0.9627583747768015	0.7283824561083634	0.7283824560928712	0.03640816230993449	0.05240631857221999	0.06205949921757288	0.4862032352914914	-2.847714458295991e-07	-2.127841216164273e-06	4.97384900575047e-07	-3.971915690427718e-07	-4.260599060188325e-07	-4.331334540654083e-07	-3.601451763980459e-07
0.4	-0.2607898353926434	-0.01327343949622137	0.8091407431938124	0.8511354359111117	-0.4132619724050225	-0.2964692704178557	-0.2368544195585127	0.6103193692493966	0.6103193692494547	-0.1389581544352291	-0.1501792551236328	0.06434718510950639	-0.02802242396548431	-0.8145546054283497	-0.2628610873953417	-0.4602075855131411	2.518896647053189	-0.2694923417922755	0.7417168426968459	-0.2259220172065415	2.052406585538647	2.052406585538537	0.1327531447651636	-0.09866517180951352	0.4950181950916849	-0.04846478264436836	-0.1123778010810259	0.01012283367619363	-0.01022411891223036	-0.1952111452303019	0.07307722580076145	0.03420787802233724	0.1227147732208977	-7.676742603346421	-16.81941841486886	6.123037682000142	-5.710316714170754	-489.844837800747	-63.34583114793716	-33.87514463673485	0.0178020540254518	0.3652834500873178	-1.048375089830225	0.8952574422724373	0.5374847707088178	0.475119215876179	1.03322978842669	0.5337045404294019	0.5337045404293879	0.08153554218482646	0.1397254914460849	0.01568075102846277	0.5408338927314422	-2.978676634205858e-07	-2.088554989683204e-06	5.334731577213212e-07	-3.904483605244813e-07	-4.253076279453841e-07	-4.153004483971099e-07	-3.650262666752155e-07
0.41	-0.2689320965627757	-0.0158831186501786	0.8044871093277576	0.8763633223453552	-0.4159305675679146	-0.2890313837965247	-0.239062435329975	0.630866496613238	0.6308664966132351	-0.1376282919695294	-0.1511612531889538	0.06929676733634062	-0.02848131336400878	-0.8137556339958796	-0.2590177264257576	-0.4704368775702581	2.526278202725304	-0.2641755198899493	0.7457455170580606	-0.2156343248486133	2.056686982015931	2.056686982015865	0.1332196782343077	-0.09772482556550995	0.4948012614321469	-0.04330022893487542	-0.1182098014768644	0.0117050002285388	-0.01029570841869352	-0.1972952286231361	0.07211371031048448	0.03531083095193733	0.1273558242355828	-8.101573271877202	-17.20157182211531	6.158292068330939	-5.882865909364567	-492.5361542780331	-63.15769168871783	-33.03832836961981	0.1322627925955377	0.4023374211657039	-0.9979447452566391	0.5992548758972094	0.5366614854122116	0.3491952493730857	1.033560795070972	0.3254948190509708	0.3254948190574258	0.02894364459347924	0.07281377861553745	-0.05500089285854074	0.5064636900675223	-3.225641857780551e-07	-2.013199595848481e-06	6.417673132516279e-07	-3.671515930391605e-07	-4.418155686655182e-07	-4.011249438805441e-07	-3.73976849967736e-07
0.42	-0.2770621043976356	-0.01845266919428562	0.7997336348448107	0.9016529543855626	-0.4185444183946997	-0.2815567196909562	-0.2411661698107392	0.6514464854653841	0.6514464854653255	-0.1362938178900699	-0.152133522874295	0.07424125613289667	-0.02888811770943645	-0.8121039383738997	-0.2548353654252996	-0.4801757088915429	2.53124576824607	-0.2585434745709156	0.7490723395444341	-0.205065759066882	2.058978883200136	2.058978883200112	0.1336754675160232	-0.09671949581198422	0.4939995090360646	-0.03804777202501049	-0.1240418018727105	0.01328716678088246	-0.01036729792510292	-0.1993793120159763	0.07115019482020668	0.03641378388153451	0.1319968752502615	-8.535835569927819	-17.58481102066302	6.196846679170158	-6.054645815398351	-495.3743848185968	-63.0237546910424	-32.16939493762482	0.1883468919273675	0.4330834562620813	-0.9502829426637496	0.4124594120028262	0.6005294540503088	0.3347488409079946	1.089404473187316	0.1360054818134943	0.136005481813496	0.07938670469911867	0.1527221933505039	-0.1012829962804032	0.5584145328058355	-3.551253215365292e-07	-1.913390529231621e-06	7.990146202287348e-07	-3.326320737117856e-07	-4.700253526355384e-07	-3.894291011617632e-07	-3.856864115757483e-07
0.43	-0.2851713598304574	-0.02097876495856098	0.7948853103067551	0.9269802869507627	-0.4211005961769618	-0.2740515054990904	-0.2431630136746119	0.6720395978860512	0.6720395978860473	-0.1349553847921947	-0.1530949168954412	0.07917485544033852	-0.02924218676458217	-0.8096088720780482	-0.2503328295675147	-0.4893991158351647	2.533830396040241	-0.2526541927740006	0.7518820496802086	-0.1942727428265355	2.059332330296181	2.059332330296145	0.1339919860638003	-0.09553721475086978	0.492632322752968	-0.03276248303560027	-0.1298351872396365	0.01487598084107943	-0.01047873547464004	-0.2015793898036333	0.07045094298180915	0.03720747308004019	0.1365857672557563	-8.901700221672845	-17.84342144235917	6.212914050535887	-6.210836535436336	-498.3355324433205	-62.6421363759282	-31.27377947610504	0.3008307149054211	0.4664187323745474	-0.8949535361782629	0.1229100512618824	0.5889440914496181	0.2404880263564204	1.078790831625835	-0.06159814119729054	-0.06159814119907213	0.004640601502115128	0.1045274653319759	-0.1677084485732439	0.5143182629528195	-3.532160927487422e-07	-1.890549193069743e-06	7.233153271469988e-07	-3.238393892654363e-07	-4.730345954956657e-07	-3.594527292257506e-07	-3.764961436630397e-07
0.44	-0.2932515157570223	-0.0234583193478909	0.7899474349060699	0.952321754911532	-0.423596717831467	-0.2665209130205782	-0.2450510192496478	0.6926269222847364	0.6926269222847921	-0.1336144152744996	-0.1540437788254157	0.08409212848409957	-0.02954325649364495	-0.8062840371225415	-0.2455270904362119	-0.4980858814174594	2.534072847359919	-0.2465322490195846	0.7541479968737528	-0.1832981012994883	2.057821278804336	2.057821278804288	0.1341827514789821	-0.09421307757615242	0.4907342562999129	-0.02744790680842187	-0.1356285726065659	0.01646479490127581	-0.0105901730241256	-0.2037794675912948	0.06975169114341136	0.03800116227854453	0.1411746592612477	-9.274611655812601	-18.103308754298	6.232053459703209	-6.377714658928725	-501.4146846643843	-62.31366538970676	-30.35679464730264	0.3543006238584009	0.4937241109656596	-0.8429546703983265	-0.05597588289571685	0.6470618455505048	0.2259962524619654	1.125729530527456	-0.2368942357643564	-0.2368942357643531	0.05423607818004891	0.1810934160710766	-0.2074590302721416	0.5642719803594675	-3.259076479794992e-07	-1.924420921453643e-06	4.759711708640079e-07	-3.340033199945799e-07	-4.574750185906084e-07	-3.160064936559883e-07	-3.519060013666418e-07
0.45	-0.301294465119652	-0.02588845293620924	0.7849254814041553	0.9776542624533729	-0.4260303196547959	-0.2589713314587949	-0.2468286741572347	0.7131898241264987	0.7131898241265728	-0.1322712002759355	-0.1549793376300159	0.08898767233592125	-0.02979090871814151	-0.8021807455284498	-0.2404614977315619	-0.5062070372495205	2.532061783540826	-0.2401516295382868	0.7556368222520776	-0.1722324041823005	2.054455506887245	2.054455506887308	0.1344783044953444	-0.09290548751791573	0.4882810068414729	-0.02208165710162913	-0.1412491870925424	0.01762636829776311	-0.01074735191126466	-0.2061973496676471	0.06905682770578205	0.03884632053756942	0.1455741296596517	-9.657404570957802	-18.38512546829531	6.256180930609709	-6.435932796115483	-504.6220716660504	-62.11649111078828	-29.4279423950588	0.4571236392138143	0.5186285704594206	-0.7821188941524249	-0.3286908600020613	0.6392392379036299	0.09032151018752629	1.097061207650666	-0.4318878733677254	-0.4318878733510546	0.01960840926113063	0.1047098849906573	-0.2783620567893721	0.5232022750219687	-4.081639535216364e-07	-1.618127148554162e-06	1.080986493445744e-06	-2.154889880091952e-07	-5.418122089801158e-07	-2.826229760152628e-07	-3.897416876958125e-07
0.46	-0.3092926255239344	-0.02826680025343212	0.7798252317730116	1.002955655511305	-0.4283989798356145	-0.2514108624772949	-0.2484956578125826	0.7337099744083508	0.7337099744084482	-0.1309245510480239	-0.1559019969171818	0.09385586286252652	-0.02998481828373357	-0.7973262454531878	-0.2351698362171179	-0.5137451072632768	2.527849950578295	-0.2335439205176207	0.7563254808171938	-0.1611638508516635	2.049270966822706	2.04927096682288	0.1348695973475799	-0.09163317408805084	0.4852635912566552	-0.0166993750275247	-0.1468698015785268	0.0187879416942497	-0.01090453079835812	-0.2086152317440041	0.06836196426815198	0.03969147879659152	0.1499736000580485	-10.04048055844688	-18.66957915335097	6.283797860007509	-6.528244571391034	-507.8535377919102	-61.94947077040577	-28.50038947016484	0.5045423200924676	0.5389378729244435	-0.7263375067373509	-0.4961297115834184	0.6924797534241622	0.06596288982023238	1.126300773217315	-0.6006478652537649	-0.6006478652537645	0.0733840453546994	0.1740380903967059	-0.3202922555476646	0.5674784538217985	-5.780720593128764e-07	-1.039700974627981e-06	2.367889399119252e-06	5.967954147810673e-09	-7.060668132052741e-07	-2.572896327177664e-07	-4.775180369254375e-07
0.47	-0.3172383995977271	-0.0305911420599241	0.7746525800905664	1.02820375291863	-0.4307009715454631	-0.2438439104314167	-0.2500520793293768	0.7541691094046381	0.7541691094046977	-0.1295764806520448	-0.1568096764357488	0.09869103012420388	-0.03012551635495596	-0.7917018009351476	-0.2296666457394533	-0.5206803063177478	2.521408943809079	-0.2268226161382125	0.7569258205303059	-0.1501266948065699	2.042272032511374	2.042272032511574	0.1347698892000626	-0.08992284677338036	0.4816866938746691	-0.01143834557277312	-0.1526272531394089	0.02006302146528969	-0.01104634633979361	-0.2109662608259741	0.06750867861845027	0.04027592507938362	0.1544521836982472	-10.49285631562915	-18.82356541330057	6.284780879374642	-6.48419952448023	-511.2675986217995	-61.55326470151294	-27.57317704104592	0.6103414193557597	0.5608133098759371	-0.6615291460300813	-0.7722577609219243	0.6664407772857245	0.03573806985640161	1.091486675248238	-0.7920125419644053	-0.79201254196051	-0.04782528067362256	0.1671105375264179	-0.3888784381607912	0.5054777870635095	-6.388893104416563e-07	-7.099332886030578e-07	2.928362919456997e-06	1.148632416373078e-07	-7.551274660125777e-07	-2.021519356438271e-07	-5.059330683014099e-07
0.48	-0.3251241400460002	-0.03285949122670171	0.7694136928093309	1.053376605937995	-0.4329348532121	-0.2362752212768478	-0.2514983165547018	0.774549755792233	0.7745497557922566	-0.1282286427447122	-0.1577007365840673	0.103487930420334	-0.03021359161247848	-0.7853195203492688	-0.2239713082742456	-0.5269922270213435	2.512801072986615	-0.2199219118753412	0.7566729025554062	-0.1391269925577619	2.033573245084383	2.03357324508461	0.1348230996177988	-0.08830930003774148	0.4776101981472149	-0.006174812287554663	-0.1583847047002981	0.02133810123632909	-0.01118816188120582	-0.2133172899079465	0.06665539296874851	0.0408603713621743	0.1589307673384391	-10.9457916318108	-18.97890210347989	6.287635599009725	-6.488608761119784	-514.7211392954939	-61.21838316073249	-26.64535049665676	0.6561095336602251	0.5773672704330519	-0.6016818365623622	-0.9295025222331651	0.7283597301167748	-0.1046886477821242	1.118810013960213	-0.9406184883854641	-0.9406184883854444	0.1039677584053849	0.1546819745903793	-0.4202119246412618	0.5679792199151673	-6.050239329954716e-07	-5.95982403398091e-07	2.858350558182577e-06	1.260635080946286e-07	-7.042084628723098e-07	-1.211463088771255e-07	-4.828269558798731e-07
0.49	-0.3329425073800863	-0.03507000846509976	0.764114843527762	1.078452952864978	-0.4350988198943401	-0.2287126500195278	-0.2528348292691062	0.794835068946496	0.7948350689465233	-0.1268796832014848	-0.1585756339320835	0.1082416521998599	-0.03024897034692454	-0.7782368616136751	-0.2181075303009909	-0.5326661657058696	2.502114372835778	-0.2128528127754883	0.7557524456743463	-0.1282059002279187	2.023204477934315	2.023204477934493	0.1349475341026106	-0.08665422978732823	0.4730493427462983	-0.0009151979512237975	-0.1639148526520052	0.0221508037144536	-0.01129810746464379	-0.216056427689148	0.06609016235050699	0.04138210985606657	0.1631940068597617	-11.31732103441795	-19.11900927621145	6.285491429298127	-6.455404795500615	-518.2693111486944	-60.9295735797246	-25.71654253132595	0.7518383056939955	0.5946007252027735	-0.5336662505083971	-1.191425883819113	0.6986775156449557	-0.09947684778011488	1.074206356778172	-1.12764767858876	-1.127647678596022	-0.0364800221448019	0.1738781747834	-0.4867487905827084	0.5025707968690593	-5.832685936766928e-07	-4.995842639162681e-07	2.848084005089875e-06	1.404643461232813e-07	-6.677190975290851e-07	-4.230097692034946e-08	-4.700951086264692e-07
0.5	-0.3406865492743798	-0.03722114439087902	0.7587625715861257	1.10341179836599	-0.4371915970824364	-0.2211620338589203	-0.2540630415573561	0.8150081660592033	0.8150081660592354	-0.1255301115765405	-0.1594333888526947	0.1129472201368235	-0.03023222928673187	-0.7704544323906791	-0.2120950457504883	-0.537676759034822	2.48930078779253	-0.2056840130466195	0.7542818832127984	-0.1174669073268036	2.011130036773397	2.011130036773526	0.1349455159608678	-0.08488081455625035	0.4679794296347481	0.004249146640187856	-0.1694450006037159	0.02296350619258053	-0.01140805304806705	-0.2187955654703504	0.06552493173226659	0.04190384834996213	0.1674572463810793	-11.69116869051475	-19.25982356416704	6.284733082674749	-6.461458148932158	-521.8821350237531	-60.70024304719168	-24.78703381425209	0.7960636311407152	0.6071085858826251	-0.4690127654476348	-1.354879500715625	0.7482998559199532	-0.2147097638797413	1.082390128214571	-1.281753290555431	-1.281753290555432	0.07867723309444692	0.1783509707232938	-0.522023466767977	0.5489252709313195	-5.729109373013553e-07	-4.197063557032867e-07	2.894048800874086e-06	1.578774868073052e-07	-6.44810567759548e-07	3.45111363917906e-08	-4.671272756489552e-07
0.51	-0.3483494121629478	-0.03931148733718273	0.7533635388765866	1.128232212224816	-0.4392121783753562	-0.2136287168777408	-0.2551847745438139	0.8350522570328845	0.8350522570329603	-0.1241810986463276	-0.160272800832819	0.117599678257188	-0.03016424465785039	-0.7620063019893846	-0.2059559825215525	-0.5420139317644959	2.474440793185294	-0.1984166769083034	0.7522755032900041	-0.1069200060231014	1.997419228097268	1.997419228097333	0.1348553008454354	-0.08299774728383989	0.4624356080374226	0.009335064513332757	-0.1749679893232129	0.02368841389428409	-0.01146244353988401	-0.2215106365496214	0.06485760550946504	0.04225246749254206	0.1716749626216902	-12.1055960627172	-19.31228476865427	6.26296261012598	-6.348445072956788	-525.5325324540108	-60.34749416987847	-23.85761019742397	0.8858931606520394	0.6199726740935176	-0.3988185085706183	-1.602821430625164	0.7179528159506868	-0.2099096157569524	1.034792722696256	-1.455991010296843	-1.45599101030645	-0.05309007920581585	0.1944456302605343	-0.5820435724300536	0.4862384682313701	-5.596982229754354e-07	-3.279653666508528e-07	2.934848591408872e-06	1.795419768373399e-07	-6.230790132017771e-07	1.127422745491569e-07	-4.608531645340584e-07
0.52	-0.3559244526642976	-0.04133990615465816	0.7479245846433819	1.152893773739591	-0.4411596858422601	-0.2061187251976441	-0.2562022479989852	0.8549511906489731	0.8549511906490926	-0.1228330317063367	-0.1610931499352688	0.1221944017483362	-0.03004583816569239	-0.7528899549469614	-0.1997102199848336	-0.545661063767904	2.457530318982158	-0.191069247843458	0.7496168229961033	-0.09661500106947089	1.982098565254929	1.98209856525493	0.1347563179162546	-0.08106823902100428	0.4564325037914881	0.01433351929548976	-0.1804909780427102	0.02441332159599036	-0.01151683403169191	-0.2242257076288929	0.06419027928666433	0.04260108663512552	0.1758926788622992	-12.52337752589601	-19.36492848986116	6.242102400779467	-6.269577687954154	-529.2623964020273	-60.05606363349118	-22.9296376294331	0.9297069593664673	0.6284484474392409	-0.3310046201945154	-1.764975419895456	0.7643184412257999	-0.3451698381010103	1.034010858200219	-1.603724123797516	-1.603724123797514	0.07692367034476812	0.1876391688083172	-0.6138799964897941	0.5314326527337349	-5.435721842101459e-07	-2.24119193068365e-07	2.970377968423838e-06	2.055445784449366e-07	-6.025484537580537e-07	1.924213972424685e-07	-4.512053002177504e-07
0.53	-0.3634051884929558	-0.04330541106749294	0.7424526317556212	1.177376320199468	-0.4430333120915053	-0.1986381603625786	-0.2571179249687319	0.8746890333356111	0.8746890333356926	-0.1214861401666524	-0.1618937278435957	0.1267268843454518	-0.02987784282968203	-0.7431524830914191	-0.1933798305794998	-0.5486101632386258	2.438648171102151	-0.1836480441918619	0.7463958086890862	-0.08657795937962692	1.965211776578459	1.965211776578419	0.1346129471142457	-0.07904185987875881	0.4499928812398161	0.01924690127456367	-0.1858479897284197	0.0249761127944846	-0.01151495698438348	-0.2270743011251607	0.06367310655836651	0.04273862700390418	0.1799389915788382	-12.89796172661617	-19.32667819872397	6.198998025293529	-6.126523754137104	-532.9615655557658	-59.63184006975781	-22.00491485025804	1.011404193451977	0.6370178279667481	-0.259078381614491	-1.999539064049993	0.7318464172570895	-0.3260020421536145	0.9799158494120752	-1.769796336149744	-1.769796336155995	-0.06125434248103062	0.2115590581231208	-0.6696551825439083	0.46817209392089	-5.265060714477798e-07	-1.300203985077131e-07	2.993719494614575e-06	2.300260131789965e-07	-5.829643853102691e-07	2.701686273462697e-07	-4.410409589694192e-07
0.54	-0.3707854222240984	-0.04520727535809711	0.7369547447189323	1.201660104262146	-0.4448325612862084	-0.1911928926336124	-0.257934958516573	0.8942502801161685	0.8942502801162119	-0.1201409397123888	-0.1626737576062634	0.1311928403574434	-0.0296613374491956	-0.7327895354437221	-0.1869820955387094	-0.5508478935534876	2.417777839542279	-0.1761938369350438	0.7425574017760073	-0.07688631668835925	1.946779384038867	1.946779384038784	0.1344181008319451	-0.07695860988889421	0.4431271867666237	0.02403552819070483	-0.1912050014141264	0.02553890399298342	-0.01151307993707519	-0.2299228946214283	0.06315593383006987	0.04287616737268893	0.1839853042953778	-13.27579887187942	-19.28837299363677	6.156474672252631	-6.01788550335213	-536.7391645447418	-59.26712271744645	-21.08784369363359	1.05480211779746	0.6419175745305419	-0.1887307890225803	-2.162612155868422	0.7709191622701741	-0.4686483593134085	0.9649310584849601	-1.912844896422216	-1.912844896422202	0.06662857428640605	0.1990133383321392	-0.6990943807938894	0.5064816401471799	-5.083998768163077e-07	-4.670593818398618e-08	3.003576590106166e-06	2.528244547763771e-07	-5.644274983899062e-07	3.457784443723147e-07	-4.303051964345943e-07
0.55	-0.3780590808922337	-0.04704490758735873	0.7314380532972128	1.225725563757904	-0.4465570691255331	-0.1837888095394826	-0.2586568236240864	0.9136196233530937	0.9136196233530988	-0.1187979856562612	-0.1634325108446714	0.135588084998475	-0.02939750185059335	-0.7218433595720559	-0.1805404664565347	-0.5523687354549325	2.394994146563333	-0.1687053118186206	0.7381593631986372	-0.0675581032880239	1.926842471098474	1.926842471098434	0.1341633318469299	-0.07478724236805319	0.4358561503598838	0.02870923463686193	-0.1964483298827828	0.02573135416483389	-0.01143857062967565	-0.2327839595126243	0.06247960101530012	0.04305728534946289	0.1878979519370462	-13.70266241729294	-19.2600130147434	6.115082190839269	-5.79993766076072	-540.4574024924495	-59.00839653396327	-20.18230695953131	1.129280324588559	0.6459212056093721	-0.1156234536800959	-2.384317402377459	0.7377907533762411	-0.4407208610923362	0.9060567097542739	-2.071048440139525	-2.071048440133235	-0.07285273351157501	0.2275222017863227	-0.7509181713604696	0.4441099394562495	-4.832606257170545e-07	3.743710347483585e-08	2.979926000239304e-06	2.71810004761083e-07	-5.388214726439594e-07	4.15642376447279e-07	-4.14275267452297e-07
0.5600000000000001	-0.3852203268011055	-0.04881799639968888	0.725909780943884	1.249553572417177	-0.4482066974002842	-0.1764317746819539	-0.2592875485518071	0.9327822106711569	0.9327822106711241	-0.1174578439097066	-0.1641692856593055	0.1399086572952901	-0.02908767022900828	-0.7103069835908953	-0.1740734121524175	-0.5531640798753638	2.370287672245598	-0.1612179240202841	0.7331477544555264	-0.0586582807298304	1.905428200266409	1.905428200266411	0.1338556389172721	-0.07256292513416189	0.4281927179232869	0.03323473278727047	-0.2016916583514425	0.0259238043366878	-0.01136406132229298	-0.2356450244038195	0.06180326820053195	0.04323840332624208	0.1918105995787095	-14.13197298187092	-19.23195646434204	6.074576010754928	-5.620229080897036	-544.2424668372338	-58.80616522506099	-19.29046052240377	1.172842139696371	0.6470026189190679	-0.04363129281981304	-2.54716842362613	0.7706916986528362	-0.5913623924615663	0.8792528900565865	-2.208316474756793	-2.208316474756785	0.05604378535789218	0.2096032809421867	-0.7775735867652585	0.4768399809974641	-4.49681706856464e-07	1.22574442735772e-07	2.916066187942298e-06	2.862200848105794e-07	-5.047324803073125e-07	4.786112465809467e-07	-3.918923387330329e-07
0.5700000000000001	-0.392263470722464	-0.05052637500338004	0.7203771784758064	1.273125294783018	-0.4497813599636103	-0.1691277520378928	-0.2598314392704474	0.9517234425677031	0.9517234425676875	-0.1161208900313117	-0.1648834065420588	0.1441507229994465	-0.0287331737155006	-0.6982290668028965	-0.1676058396069218	-0.5532339095148829	2.343748914339948	-0.1537181617491151	0.7275584817767122	-0.05020890266241553	1.882582554302737	1.882582554302711	0.1335228335596755	-0.0702570392169834	0.4201590550718888	0.03763694218426965	-0.2067498348495471	0.02626465293471531	-0.01122006629308073	-0.238544036303999	0.06124614254578127	0.04302486754401818	0.1955295241459071	-14.52652151898806	-19.02331813400406	5.987835972172205	-5.333476955653612	-547.9125934137414	-58.27134193224801	-18.41398837634645	1.239111120331579	0.6461637934426289	0.02961974430708859	-2.753488679953004	0.7386884133513069	-0.5577720361850682	0.8144243154592276	-2.357956521929964	-2.35795652193399	-0.07969286368501409	0.2422927063565105	-0.8254288437584579	0.4174024706662001	-4.167068969173277e-07	1.968449717748115e-07	2.845861543391515e-06	2.973622728068385e-07	-4.712101220640577e-07	5.359555128331976e-07	-3.702600743143258e-07
0.58	-0.3991830665415471	-0.05217017203740065	0.7148475334200988	1.296422377728617	-0.4512812109198244	-0.1618826345867375	-0.2602935073983383	0.9704291644316611	0.970429164431663	-0.1147876142399646	-0.1655742262737915	0.1483106188332027	-0.02833555689769991	-0.6855973631357003	-0.1611570982183087	-0.5525725974014004	2.315359788197554	-0.1462556025978514	0.7213667158741489	-0.04229376257998918	1.858326193748766	1.858326193748714	0.1331200215074163	-0.06790269492977077	0.4117587438432362	0.04185879364587136	-0.2118080113476554	0.02660550153274556	-0.01107607126386512	-0.2414430482041787	0.06068901689103174	0.04281133176179819	0.1992484487130997	-14.9233048080102	-18.81365786095179	5.900214522610865	-5.083283057868993	-551.6473816191806	-57.78644585697092	-17.55421485840305	1.283599515535851	0.6432363875425362	0.1025970577805083	-2.91724207097504	0.7632510746717691	-0.7118610372114225	0.7724052930588839	-2.490459392816369	-2.490459392816357	0.04204244642536812	0.2192949549490112	-0.8509032622161462	0.4407683939179661	-3.845188334805507e-07	2.569633758737064e-07	2.767393861486979e-06	3.042486013849284e-07	-4.384257058959187e-07	5.859747135654637e-07	-3.496054192172748e-07
0.59	-0.4059737992537708	-0.05374962748287605	0.7093281498499535	1.319426660414532	-0.452706533491874	-0.1547023238517486	-0.2606790595485841	0.9888854377200231	0.9888854377199728	-0.1134585657383379	-0.166241150546197	0.152384811976033	-0.02789645890624211	-0.672464211632225	-0.1547415254833903	-0.5511809280161913	2.285197728719985	-0.1388179795605484	0.7146017564867623	-0.03491753940324773	1.832703408729345	1.832703408729347	0.1326722028455969	-0.06547612317555566	0.4030276040479421	0.04593083758997145	-0.2166277780168244	0.02632918718355112	-0.01085566643174102	-0.2444900678854971	0.06011651180771907	0.04281332219645902	0.202750853655158	-15.31612761051522	-18.70558828643618	5.837119331159604	-4.806410729001115	-555.2676870223181	-57.60248919923179	-16.71205456940447	1.34085892378922	0.6396491820758544	0.1758463268743597	-3.110609851219341	0.7322710756086616	-0.6731432992314396	0.7051000398812949	-2.631878834707987	-2.631878834699847	-0.09071602855309602	0.2557935653247998	-0.8920149417686835	0.3855610266140118	-3.478568643268767e-07	3.06265403380001e-07	2.647061559886234e-06	3.04607184039837e-07	-4.006370623406236e-07	6.209813710223294e-07	-3.245740982471677e-07
0.6	-0.4126306632597532	-0.05526514090788037	0.703826361863257	1.342120338112657	-0.4540578292020811	-0.1475925286925783	-0.2609938756250825	1.00707874500255	1.007078745002449	-0.1121344998245418	-0.166883518045128	0.1563701346001937	-0.02741761274895172	-0.6588236218873159	-0.1483686941240912	-0.5490534807116534	2.253238790639555	-0.1314502302292812	0.7072636007102093	-0.02814654783052539	1.805732992581804	1.805732992581861	0.1321235039410781	-0.0629913402346579	0.3939846401093428	0.04980842681239131	-0.2214475446860028	0.02605287283435765	-0.01063526159960736	-0.247537087566816	0.0595440067244076	0.04281531263112153	0.2062532585972059	-15.71157401991845	-18.5970455801981	5.773934762944977	-4.564065441250181	-558.955972138112	-57.46660427834883	-15.88811721956402	1.385087163822606	0.6346881124186929	0.2497526416462877	-3.276617791547377	0.7492763334646111	-0.8265003150447042	0.651358972255064	-2.759985618440246	-2.759985618440207	0.02186639788550798	0.2309371922855379	-0.9132680908771444	0.4018774495819192	-3.048659553785683e-07	3.402662152187135e-07	2.467506137739631e-06	2.957313944131719e-07	-3.557692678474005e-07	6.34750772138384e-07	-2.933513962859085e-07
0.61	-0.4191487655849527	-0.05671725370385908	0.6983494877748568	1.364485871349732	-0.4553356552758756	-0.1405591378109183	-0.2612440462235643	1.024995812424062	1.02499581242399	-0.110815961475926	-0.1675007591295137	0.1602635239963874	-0.02690077415644184	-0.6447154957296183	-0.1420715678506986	-0.5462007966202979	2.219585709156887	-0.1241292275309942	0.6993247614479513	-0.02200768145024252	1.777468047279561	1.777468047279556	0.1315627345538357	-0.06045102126480521	0.384640140529181	0.05352162497705554	-0.226109805829084	0.02624265298734354	-0.01033976404864635	-0.2503714814311192	0.05884703935238687	0.04230950504933243	0.2095687609828218	-16.14543194145562	-18.23639279933784	5.642173115600444	-4.116728890843531	-562.410460931545	-56.84535615023793	-15.08268024097041	1.435828786751291	0.6246275383690582	0.3210416297592826	-3.452032100406631	0.7210296306241675	-0.791270458312474	0.577134033243769	-2.891560766567569	-2.891560766576779	-0.09816975416103632	0.266936227522424	-0.9529567078627474	0.3500556414118962	-2.645352935504369e-07	3.757335355475145e-07	2.306305012464544e-06	2.88722132736112e-07	-3.143983323975358e-07	6.46479110886065e-07	-2.639815400380159e-07
0.62	-0.4255233559595744	-0.05810691470638993	0.692904743594746	1.386506398017228	-0.4565407678441642	-0.1336078742671792	-0.2614364314457751	1.042623868036462	1.042623868036414	-0.1095036550506081	-0.168092325628564	0.1640618852335242	-0.02634800065398468	-0.6301212317716021	-0.1358783354345185	-0.5426274990537764	2.184237476723016	-0.1169075291281706	0.6908381331258485	-0.01658947257680466	1.747930630759269	1.747930630759203	0.1308771192813172	-0.05785642316746006	0.3749790082979372	0.05699540880184913	-0.2307720669721327	0.02643243314033521	-0.01004426649770774	-0.2532058752954228	0.05815007198036367	0.04180369746754931	0.2128842633684693	-16.58223372272809	-17.87326032980445	5.507774040392468	-3.696623937021524	-565.9358265209339	-56.26418841326202	-14.29577679394932	1.482314723886284	0.6139093409761972	0.3938753366794537	-3.615647981787935	0.7294154743719337	-0.9360581270136945	0.5072274708860743	-3.01447986205003	-3.014479862050015	-0.003102779169697666	0.2417930177840255	-0.9765946210935246	0.3539945816077919	-2.282973195995009e-07	4.13457022784144e-07	2.173341266991789e-06	2.845844525199831e-07	-2.784071800912996e-07	6.550673536824019e-07	-2.374622156568413e-07
0.63	-0.4317498126910123	-0.05943517771117691	0.6874993153523486	1.408165276654764	-0.4576740347778649	-0.126744314263873	-0.2615781812989887	1.059950347909796	1.059950347909659	-0.1081984659360581	-0.1686576352285918	0.167762233172362	-0.02576144824615828	-0.6150979859465305	-0.1297923286210113	-0.5383380343882894	2.147262081022574	-0.1097650413478389	0.681783277060654	-0.01189132677748413	1.717162971348305	1.717162971348315	0.1301377119072752	-0.05520138697023788	0.3650507650255287	0.06027767649575223	-0.2350573089247362	0.02580640975516737	-0.009680434008899648	-0.2563328787117216	0.05766393917934108	0.0416449833300617	0.2158962928521537	-16.93631670889729	-17.69163991570432	5.420913916275705	-3.36324032331006	-569.2935029825857	-56.14072459076301	-13.52750780267488	1.523108549431947	0.603293285458939	0.4644481136409665	-3.779957650352136	0.7034693281709061	-0.9039640828448927	0.4314838276924606	-3.138220693694028	-3.138220693682646	-0.1127143747161957	0.2784008929316082	-1.006858398747671	0.3094167912573092	-1.90971841923085e-07	4.347435837144839e-07	2.004862354289601e-06	2.729741178669332e-07	-2.398959226440271e-07	6.458835444986857e-07	-2.088014513066705e-07
0.64	-0.4378238811566775	-0.06070311126104459	0.6821403749730378	1.429446106878066	-0.4587365160541004	-0.1199740557685332	-0.2616768745555552	1.076963088846407	1.076963088846176	-0.1069013418268864	-0.1691961860721996	0.1713621148347891	-0.02514325837579771	-0.5996435786168829	-0.1238124444506572	-0.5333299264364944	2.108627793874945	-0.102750397635222	0.6721778315325575	-0.007978153248666719	1.68518284341436	1.685182843414446	0.1292641182054442	-0.05250467188340306	0.3548857530157939	0.06332290130868527	-0.2393425508772938	0.02518038637000436	-0.009316601520120095	-0.2594598821280216	0.05717780637831354	0.04148626919257762	0.2189083223358842	-17.2940727761893	-17.50837640666408	5.332651025288121	-3.053407893047775	-572.7297205522726	-56.05520646202261	-12.77785554766641	1.56854702480153	0.5926848123455807	0.5376039939410879	-3.947426271225194	0.7038466608289793	-1.046176019594089	0.3502330167854804	-3.256973566646327	-3.256973566646369	-0.02994004472747664	0.2501287957065512	-1.023948368558747	0.3065860054137797	-1.518240607066756e-07	4.284871870505001e-07	1.776871539743498e-06	2.488420379412045e-07	-1.971617863117748e-07	6.069195401051506e-07	-1.76552328089533e-07
0.65	-0.4437414112875137	-0.06191186249490812	0.6768350652694148	1.450332640728555	-0.4597293478539647	-0.1133029294021243	-0.2617403135010046	1.093650119888842	1.093650119888836	-0.1056130539232156	-0.1697076213925252	0.1748592248313137	-0.02449560408948601	-0.5837955935794894	-0.1179636953072391	-0.5276150379097891	2.068416760189774	-0.09583920616799985	0.6619676703623721	-0.004848224370827605	1.652028931553969	1.652028931554012	0.128359358022747	-0.04977378836707134	0.3444959705061715	0.06616387180433821	-0.2435089994144856	0.02495135728435972	-0.008886943365373698	-0.2623108630209807	0.05648801981550171	0.04096806784722949	0.2217851092184784	-17.71172822985455	-17.13716019085992	5.190047301694191	-2.564803145503622	-575.9307193677225	-55.61428032640554	-12.04566216845031	1.602923208135442	0.5771326658722365	0.6059438316462524	-4.0973081058423	0.6810124420911668	-1.020523324879733	0.273584543675313	-3.373733882664184	-3.373733882670524	-0.1257784485258045	0.2861916392677117	-1.052485761882297	0.2659791019653542	-1.11575016967126e-07	3.965337734688944e-07	1.488495555889979e-06	2.135014874472312e-07	-1.517409012640786e-07	5.358053625440055e-07	-1.402070436661242e-07
0.66	-0.4494984617749914	-0.06306289369723095	0.6715904069609813	1.470809191004461	-0.460653816328672	-0.1067363220792467	-0.261776610813568	1.109999785035288	1.109999785035503	-0.104334820510068	-0.1701914231757544	0.1782512384887984	-0.02382091479215294	-0.5675476499450066	-0.1122684381425192	-0.5211996473986436	2.026631078957433	-0.08907773260388355	0.6512740228262275	-0.002549826677300767	1.617709664216432	1.617709664216433	0.1272532201006514	-0.04697796446388927	0.3338664852078166	0.06872990351296369	-0.2476754479516377	0.02472232819871894	-0.008457285210631391	-0.265161843913942	0.05579823325268514	0.04044986650188383	0.224661896101113	-18.13404218095467	-16.7626909513455	5.044141983772167	-2.088489749809634	-579.2198425994474	-55.20512662889351	-11.32994638456853	1.648538744219408	0.5619864166059336	0.6777043908292018	-4.262355780659274	0.6739030802078047	-1.142873292785971	0.1839267799231273	-3.490044662075286	-3.490044662075276	-0.07021559260716288	0.263116873076618	-1.071888926305237	0.2515982480082923	-6.931223604240585e-08	3.17591528952208e-07	1.089700976731471e-06	1.576654479141816e-07	-1.014071042795705e-07	4.059022969049444e-07	-9.637163589410478e-08
0.67	-0.4550911512281184	-0.06415768109375317	0.6664134343666788	1.490859984884325	-0.461511279928081	-0.1002799753970172	-0.2617937631382787	1.126000480063513	1.126000480063706	-0.1030676474020673	-0.1706472518801206	0.1815360179321229	-0.0231216261670235	-0.5509269839889979	-0.1067084656919258	-0.5140740761227157	1.98324662150415	-0.08244435667474941	0.6399333094589743	-0.0009974742121005666	1.58223323687091	1.58223323687091	0.1261221371387677	-0.04417023613373127	0.3230688790946269	0.07108568367984464	-0.2518529513794743	0.02424196263833555	-0.007974085751463626	-0.2680548439410179	0.05521473030670556	0.04004548106212941	0.2275927098072676	-18.52099666699374	-16.44864962803371	4.913359893543793	-1.712602169743315	-582.5579641896687	-54.93976648101197	-10.62993694839786	1.678305426932369	0.550113068084109	0.7480892266048074	-4.418667683737065	0.6535144538851315	-1.139022068091136	0.1233640868907014	-3.605844024849853	-3.605844024850105	-0.1433968926715053	0.292400321632778	-1.086745419245133	0.2211068636726642	-2.17503221055832e-08	2.018154260664521e-07	5.753508706310358e-07	8.095279512211374e-08	-3.979654871338614e-08	2.144685287099504e-07	-4.257603895018747e-08
0.68	-0.4605157390405572	-0.06519744668400981	0.6613113386312613	1.51046849879844	-0.4623033178472752	-0.09393890619033837	-0.2617988970167664	1.141640530367471	1.141640530367644	-0.1018135535726216	-0.1710744433994555	0.1847122115212316	-0.02240007194769634	-0.53392732180736	-0.1012640768894039	-0.5062242756215902	1.938175085807897	-0.07599259656085874	0.6282185277158759	-0.0001461374640094384	1.545580719363019	1.545580719363015	0.1246373643891838	-0.04125052745767648	0.3121493143646646	0.07318302235251298	-0.2560304548073243	0.02376159707795397	-0.007490886292327889	-0.2709478439680934	0.05463122736072742	0.03964109562237702	0.230523523513408	-18.91357315217433	-16.13132391335767	4.779427520720215	-1.338937935704471	-585.99330001566	-54.69775172060059	-9.945084546363981	1.724337989345215	0.5388696869916253	0.8225502358687243	-4.599771429253173	0.6375799171591039	-1.217686967954999	0.04372363650184998	-3.725262694549251	-3.72526269454945	-0.1409535501471867	0.2855129422559758	-1.096280649659761	0.1999099491657783	3.640985785544403e-08	1.237160644255968e-08	-1.701102893532466e-07	-3.751308418798934e-08	4.436752401615016e-08	-1.000266445969053e-07	3.113993633752497e-08
0.6899999999999999	-0.4657690202208992	-0.06618335982455045	0.6562912538648794	1.529618639675316	-0.4630315470355383	-0.08771932229688154	-0.2617981310941774	1.15690848866241	1.156908488662548	-0.1005734658662566	-0.1714729087839597	0.1877788219177123	-0.0216584413599788	-0.5167149109987861	-0.095938344054187	-0.4976819504244024	1.891630837957862	-0.06969104426482242	0.6156259823921348	0.0002609548452390342	1.507836193114563	1.507836193114547	0.123328450896424	-0.03843765011429129	0.3011644569958433	0.07509623717465851	-0.2602668621143542	0.02344849727424203	-0.007012000202150425	-0.2734213171064531	0.05375915986990555	0.03918010014444719	0.2335302899392038	-19.3852834073054	-15.76882213712546	4.630600280536765	-0.9240225195300336	-589.2295418787546	-54.3448225705681	-9.275018994931129	1.721803700333754	0.5264323797647271	0.8867031816459051	-4.715075998192619	0.6208705957648607	-1.290817120076723	0.03344695766517546	-3.825275921144795	-3.82527592114646	-0.1336338141775238	0.2797657306452108	-1.100849396629971	0.180097742491828	7.627536039107315e-08	-1.197471848122073e-07	-6.910456283545755e-07	-1.197471231303499e-07	1.034483786479832e-07	-3.254072603193571e-07	8.293966878185081e-08
0.7	-0.4708497550784116	-0.06711661417714331	0.6513599182544697	1.548296673166624	-0.4636978751588545	-0.08162781961775852	-0.2617944452626501	1.171793756028634	1.17179375602874	-0.09934802200788485	-0.1718431272749775	0.1907353315172775	-0.02089906452528924	-0.4994180572414043	-0.0907323192998449	-0.4884744444271456	1.843753608695267	-0.063612383571227	0.6026022848486718	0.0004378443356315844	1.469042533620066	1.469042533620041	0.1217085947901787	-0.03560114876028773	0.2901291549815558	0.07673227174692032	-0.2645032694214125	0.02313539747052988	-0.006533114111965781	-0.2758947902448119	0.05288709237908773	0.03871910466651982	0.23653705636497	-19.86367351882178	-15.40246746270904	4.478093422328704	-0.4951734453844548	-592.571100523505	-53.99755403117225	-8.619520718206433	1.741226579106755	0.5149280708166746	0.9555863958825078	-4.866367711765281	0.5930015966709247	-1.303917411899394	-0.002316927269650391	-3.93508934375744	-3.935089343757148	-0.2031420728442882	0.2902377443796466	-1.106369578752999	0.1444738991890451	7.601060276776581e-08	-1.261207525476068e-07	-7.194727148771843e-07	-1.225048670725036e-07	1.075079806784048e-07	-3.553107819857048e-07	8.666506208584657e-08
0.71	-0.4757573533006991	-0.06799841799239655	0.6465239034624758	1.566489628375611	-0.4643045531256231	-0.07566903859764369	-0.2617898380706449	1.186286045442878	1.186286045443016	-0.09813996774275063	-0.1721850413290612	0.1935813636253163	-0.02012467723695494	-0.4821078287056296	-0.08564896129159641	-0.4786254368604237	1.794645165112043	-0.0577651804905368	0.5890628245982782	0.0004700876375807742	1.429260565387805	1.429260565387786	0.1198704220213273	-0.03279271694116845	0.2790812587079979	0.07809889118312677	-0.2685448614456884	0.02275968205714918	-0.006080744125566547	-0.278151508130924	0.05197774597997822	0.03829172329769708	0.2394033627373392	-20.33463966682963	-15.05294608261693	4.329338390475348	-0.09640813513071034	-595.6227111464079	-53.67660177675883	-7.978524927031764	1.724995996877703	0.5019371437647044	1.015041579436676	-4.961908859843999	0.5743904909381554	-1.392558860266842	0.00396899355004384	-4.022985998945281	-4.022985998944391	-0.178943399949117	0.2743299172661253	-1.10341819508205	0.1259199375289241	7.306782559576008e-08	-1.341519158227787e-07	-7.358573193677404e-07	-1.235929787214385e-07	1.084129118402722e-07	-3.791558549918778e-07	8.801115956863758e-08
0.72	-0.4804920342364165	-0.06883000873198011	0.6417894754746228	1.584185733913113	-0.4648539968961515	-0.06984837188576139	-0.2617853136386659	1.200375868087602	1.200375868087776	-0.09695125290950848	-0.1724992342616373	0.1963170330619347	-0.01933799095992008	-0.4648345999272619	-0.08068970416591385	-0.4681570835989242	1.744383674399096	-0.05216554432304361	0.5749794232015855	0.0004212923244385288	1.388549179716151	1.388549179716138	0.1178407084107351	-0.03005692445852574	0.2680566206974451	0.0791920694870332	-0.2725864534699849	0.02238396664377214	-0.005628374139227856	-0.280408226017034	0.05106839958087306	0.03786434192888223	0.2422696691096854	-20.81253756187977	-14.70086924586084	4.178642986568696	0.3166493941224323	-598.7786894888966	-53.36266352661335	-7.360073827855535	1.733826627625335	0.4901078943034939	1.079455534838023	-5.096977137709734	0.5434882140315253	-1.41270564115923	-0.01852465028820858	-4.120972831635798	-4.120972831635897	-0.2414502411924502	0.2757098770843315	-1.101717926151986	0.0897856727290454	6.366086330620639e-08	-1.461841717801599e-07	-7.231738637809271e-07	-1.206509434557072e-07	1.017031202159744e-07	-3.883770864045253e-07	8.361412920714121e-08
0.73	-0.4850542392185492	-0.06961263564955959	0.6371627965421583	1.601373510951843	-0.4653487531575264	-0.06417129086107136	-0.2617815677485107	1.214053973273373	1.214053973273477	-0.0957838430567244	-0.1727864982618367	0.1989426290476417	-0.01854180972139068	-0.4476171639732431	-0.07585674853308878	-0.4570789302286252	1.692984251103106	-0.04683091088026617	0.5603499894447121	0.0003235871332492121	1.346923679805406	1.346923679805449	0.1156043034127629	-0.02740840882509357	0.2570742756171329	0.07999670944123867	-0.2765133953135659	0.02205679433288259	-0.005203992898415013	-0.2824519009865	0.05007728703928944	0.03741118418326964	0.2450581171307593	-21.30504731444252	-14.33476177412616	4.025394073307816	0.7352621139638877	-601.7389466027068	-53.01364538126995	-6.778832421403592	1.714097022161301	0.4767053180646934	1.136980502587464	-5.189534704858337	0.5217754464862641	-1.501023080936434	-0.006038240204016153	-4.205581298923591	-4.205581298915191	-0.2202942885364169	0.2573894211039452	-1.094758096648153	0.06879220982884748	5.80193623108966e-08	-1.488818346368426e-07	-7.145714343937666e-07	-1.166924763984727e-07	9.792943210309965e-08	-4.010349434697266e-07	8.236068446396011e-08
0.74	-0.4894445908525684	-0.07034756982675228	0.6326498961962891	1.618041671801749	-0.4657914981770568	-0.05864309634154626	-0.2617789278675823	1.227311374914409	1.227311374914446	-0.09463990898580524	-0.1730476837027753	0.20145874852301	-0.01773898427270673	-0.4304639303043786	-0.0711511560885518	-0.4454013662798633	1.640460436634527	-0.04176329595407188	0.5452021221684372	0.0002000904752695253	1.304408470769472	1.30440847076957	0.1131455520373187	-0.02484121260640907	0.246161318629728	0.08052091151794669	-0.2804403371571471	0.02172962202199405	-0.004779611657648839	-0.2844955759559661	0.04908617449770606	0.03695802643765917	0.2478465651518328	-21.80424839032533	-13.96820914622426	3.872903604051596	1.164875655606989	-604.7946331041269	-52.67447436556468	-6.233858053432774	1.720986170594473	0.4646352566458829	1.199337650530601	-5.321855372227519	0.4900845107148955	-1.516392345039556	-0.02368294364641879	-4.298914656673643	-4.298914656673612	-0.2859195166868407	0.2594459941347971	-1.087840307570507	0.03369809722956239	6.241909143357071e-08	-1.266872492249951e-07	-7.168517415390142e-07	-1.100235245638962e-07	1.019853533540199e-07	-4.228571356084049e-07	8.949013470295322e-08
0.75	-0.4936637643400699	-0.07103608042515404	0.6282567255418311	1.634179043257847	-0.4661848583699582	-0.0532689954360023	-0.2617775424797654	1.240139282767397	1.240139282767445	-0.0935215039960081	-0.1732835067055201	0.2038662098626519	-0.01693220415256571	-0.4133810614699086	-0.06657128487916524	-0.4331369389312753	1.586827994563233	-0.03695638811952748	0.5295310625191276	7.94553642243415e-05	1.261035004469576	1.261035004469631	0.110500110219881	-0.02233919740454485	0.235352655467828	0.08078907785384934	-0.2842505694927643	0.02142448074806372	-0.00438494851510616	-0.2863116984322303	0.04801959168823557	0.03650531901201561	0.2505599569095345	-22.31439402650075	-13.60159124695434	3.72229401727152	1.583190149294093	-607.6409984954527	-52.32394175470547	-5.723125069951561	1.700403834743097	0.4515938522668403	1.254390132511187	-5.411804344495415	0.4689481333974161	-1.605445630504191	-0.005883553756454038	-4.377295884258577	-4.377295884265119	-0.2591596875987887	0.2430515232906802	-1.074140922343487	0.01657335614344754	6.688106210105961e-08	-1.032674776123243e-07	-7.156856071071446e-07	-1.02555408820859e-07	1.057957892684038e-07	-4.43219164672127e-07	9.650970170664185e-08
0.76	-0.4977124158202533	-0.07167940615162555	0.6239890781319564	1.649774517149252	-0.4665315586417994	-0.04805420169807694	-0.2617772893948312	1.252529309303863	1.252529309303921	-0.09243061405905005	-0.1734948151082302	0.206166232250306	-0.01612410287819111	-0.3963595288406447	-0.06211418170250169	-0.4202967173631547	1.532080923695339	-0.03243131174205436	0.513340688644717	-2.637010373585496e-05	1.21683220746524	1.216832207465252	0.1076425414693816	-0.01993829259954183	0.2246735282321783	0.08078514236466565	-0.2880608018283657	0.02111933947413477	-0.00399028537258957	-0.2881278209084956	0.04695300887876287	0.03605261158637286	0.2532733486672526	-22.83157634553747	-13.23458239134267	3.57258252791998	2.015787651617847	-610.5854890114613	-51.98195527376813	-5.246222365536677	1.708718929553235	0.4400816501012841	1.31449649443713	-5.544781131547568	0.4337182193006381	-1.620255190059767	-0.0207210150294761	-4.464780797561494	-4.464780797561481	-0.3283449032991802	0.2392239147625628	-1.061933122320436	-0.02072226778770384	7.152726774120025e-08	-7.622115484521599e-08	-7.043180056070075e-07	-9.272176790877811e-08	1.088795885866397e-07	-4.592591110339784e-07	1.032040143338291e-07
0.77	-0.5015912687217648	-0.07227878997268485	0.6198526433594865	1.664817163060322	-0.4668343475936813	-0.04300385054452215	-0.2617779314639193	1.26447327741128	1.264473277411337	-0.09136922267902831	-0.1736824608988679	0.2083601860745331	-0.01531728076901174	-0.3794258694706577	-0.0577837545103146	-0.4069009482326485	1.476276270386486	-0.02817551679443352	0.4966453646945366	-9.713686277790237e-05	1.17183570894414	1.171835708944134	0.1046018234200516	-0.01760880094040112	0.2141445638497718	0.08053362333650342	-0.291618480966954	0.02081181296888679	-0.003626393371625722	-0.2897613638283816	0.04589155028685458	0.03559313554347251	0.255796554625315	-23.32921686843996	-12.87035133510989	3.42593653840608	2.431133265822078	-613.2269253000306	-51.6362246802114	-4.802794326332497	1.683478180263498	0.4263304191109585	1.365532706479168	-5.624091675911203	0.4142471909068425	-1.706723267429796	0.0004815212055129239	-4.535961809097233	-4.535961809099735	-0.2970113300810628	0.2269676749939945	-1.044292504795658	-0.03412409448615814	7.625346003244858e-08	-5.042913890211214e-08	-6.948046343040989e-07	-8.349519125904204e-08	1.120595520806703e-07	-4.762083069124701e-07	1.099579487694457e-07
0.78	-0.5053012272816688	-0.07283550808875557	0.6158528493951461	1.67929660558923	-0.4670960311844045	-0.03812296308445593	-0.2617791339950815	1.275963505047543	1.275963505047601	-0.09033925369436592	-0.1738473805962121	0.210449667373217	-0.01451432532494512	-0.3625806605189883	-0.05358104070478194	-0.3929685557372696	1.41944024726335	-0.02421023951025043	0.4794479499470515	-0.0001384625199354348	1.126084113234523	1.126084113234501	0.1013580623974754	-0.0153930739410927	0.2037790231235695	0.08001180934211462	-0.2951761601055485	0.02050428646363685	-0.003262501370672941	-0.2913949067482675	0.04483009169494639	0.03513365950056989	0.2583197605833712	-23.83373686076626	-12.50586708473585	3.280336571982252	2.86103905290077	-615.9631974251056	-51.29623900903076	-4.392174975813742	1.691028845889672	0.4145389727704036	1.421821167411668	-5.75105509440423	0.3756146866130889	-1.720673349520697	-0.01483279465257995	-4.615800235264633	-4.615800235264651	-0.3689534979484185	0.2164709827961092	-1.02924839107956	-0.07478126103300864	8.124395604040056e-08	-2.878178898615327e-08	-6.914182845224665e-07	-7.627456608488019e-08	1.155572754599355e-07	-4.961619794546427e-07	1.169088943981328e-07
0.79	-0.508843256591223	-0.07335085185105367	0.6119949854037469	1.693202746847195	-0.4673194352140438	-0.0334165503785646	-0.2617805571240023	1.286992570248826	1.286992570248915	-0.08934254196306095	-0.1739905685932351	0.2124363707221913	-0.013717811548713	-0.345841693343105	-0.04950961752662453	-0.378522325808561	1.361629999838473	-0.02052124093750416	0.4617533154913202	-0.0001431302565180485	1.079616676033808	1.079616676033729	0.09795161748001395	-0.01326612691793346	0.1935925831281895	0.07924436815649789	-0.2984475875858397	0.02020030071323738	-0.002930299597031548	-0.2928433598427447	0.0437791333838834	0.03467377157633265	0.260624955375122	-24.31517323625821	-12.14816508789041	3.139152752969493	3.273491956217576	-618.3656871101359	-50.9596617364779	-4.013469764592743	1.66286923136838	0.4001440074728037	1.468335078317243	-5.819695297592367	0.3580291039037499	-1.805967556428726	0.007171188000160426	-4.679077587796854	-4.679077587805413	-0.3313677457437268	0.2074118611859384	-1.008711496762255	-0.08462911974026545	8.586625781799727e-08	-7.746100962939997e-09	-6.855263163196743e-07	-6.902094868608844e-08	1.185968145036433e-07	-5.139416515777107e-07	1.232673654574744e-07
0.8	-0.5122183885134327	-0.07382614137814331	0.6082840459461782	1.706526048484699	-0.4675074519256959	-0.02888950582979608	-0.2617819359400527	1.297553588653037	1.297553588653156	-0.08838087023234995	-0.1741131660602041	0.2143221357326128	-0.0129303528988199	-0.3292011830499921	-0.04557019366308777	-0.3635836489711796	1.302872323171081	-0.01713277591282357	0.4435743185224138	-0.0001295999466487263	1.032474753820218	1.032474753820082	0.09435006227860379	-0.011274967930369	0.1835913554130085	0.07820078407431121	-0.3017190150661204	0.01989631496284016	-0.002598097823396709	-0.2942918129372228	0.0427281750728192	0.03421388365209748	0.2629301501668835	-24.80336988687119	-11.79017959066663	2.998951715177587	3.701543441940614	-620.8606184167515	-50.6252440289308	-3.665557804189624	1.671337469335602	0.3881391098462778	1.520310549146243	-5.940540942907143	0.3155079769999564	-1.817545852155724	-0.01119318536216975	-4.750697237839385	-4.750697237839387	-0.4079755547381611	0.1893133756771603	-0.992205935039731	-0.1300098403469923	8.912098102570303e-08	1.101770003007541e-08	-6.703277654097165e-07	-6.164478873867141e-08	1.199345260152814e-07	-5.236464650012479e-07	1.274252166878181e-07
0.8100000000000001	-0.5154276648810058	-0.07426270399655821	0.6047248747170324	1.719257239832253	-0.4676630102348573	-0.02454663616604845	-0.2617830692936293	1.307639945995962	1.307639945996058	-0.08745603069712178	-0.1742163917426544	0.2161088607567341	-0.01215459274490586	-0.3126703481695436	-0.04176433038778204	-0.3481764217068299	1.243221457636124	-0.01403112275298314	0.4249211128114807	-9.817345534878064e-05	0.9846980169268057	0.9846980169267333	0.09058651342243246	-0.009396600689698456	0.1737867668617968	0.07690316518397278	-0.3046773346219675	0.01958406757712135	-0.002297644086479003	-0.2955717155261381	0.04171504429200606	0.03376984066715962	0.2649987209154874	-25.25859232966411	-11.44926359561862	2.866514651809406	4.099123903931749	-623.0091074668394	-50.3134868329916	-3.347182071929962	1.641530715257177	0.3734987443600185	1.562079290861526	-5.999017257541058	0.299739066916396	-1.900896668842596	0.01014516345963358	-4.805992747807704	-4.805992747798164	-0.365212647014481	0.182984036889765	-0.9696244183592249	-0.1367768928662976	9.208437121404746e-08	2.896862333817116e-08	-6.542079072243936e-07	-5.442091060261364e-08	1.209570686893531e-07	-5.320290651824844e-07	1.311733665260539e-07
0.82	-0.5184721180562032	-0.07466187022062261	0.6013220058556865	1.731387590944707	-0.4677891029961323	-0.02039263630706816	-0.2617839214628755	1.31724556980341	1.317245569803484	-0.08656976026964812	-0.1743016566249685	0.2177985320747036	-0.01139323657579302	-0.296236544574787	-0.03809091479298107	-0.3323231754111922	1.182704276151125	-0.01123966633552885	0.4058003575693284	-7.336308070534659e-05	0.9363280467247734	0.9363280467247644	0.08663624072794637	-0.007682807903916842	0.1641806141826921	0.07531998711407341	-0.3076356541778171	0.01927182019139716	-0.001997190349566255	-0.2968516181150538	0.04070191351119139	0.03332579768221409	0.2670672916640897	-25.72048540928791	-11.10801659874012	2.734980669767186	4.513437310172413	-625.2483852233262	-50.00051045730201	-3.056937270168155	1.651931212197228	0.361649573745331	1.609514355403879	-6.11380413291556	0.2534686285227302	-1.911055758399559	-0.01251640869343869	-4.869343899563362	-4.869343899563392	-0.4453203224011073	0.1563984846993835	-0.9525187606183151	-0.1871216762591667	9.382109605771265e-08	4.349690376239464e-08	-6.342088605112181e-07	-4.783821904070017e-08	1.206525846789345e-07	-5.348444517119287e-07	1.331964578712043e-07
0.83	-0.521352793409398	-0.07502496638800438	0.5980798152850805	1.742908670083562	-0.4678887284604255	-0.01643211525606953	-0.2617845011827414	1.326364648972117	1.326364648972152	-0.08572376256143638	-0.1743704237831347	0.2193931671981934	-0.01064899272533804	-0.279916926304247	-0.03454993018782747	-0.3160488867390533	1.121384221748223	-0.008736063882033102	0.3862311994111042	-4.3411588650801e-05	0.8874016751061879	0.8874016751061685	0.08253469332224604	-0.006096863681871574	0.1547804010599216	0.07348261013693315	-0.3102818087208403	0.0189809538504122	-0.001728567062665155	-0.297966164801513	0.03974335410084331	0.03289305652614652	0.2689049979488406	-26.14420979217183	-10.78263032037843	2.61085201309709	4.888831566008786	-627.1459381772422	-49.7029234218668	-2.793363736421553	1.61923015582659	0.3470727010724762	1.646317998845898	-6.16019007127362	0.2412835226590945	-1.990655923691247	0.01062632384013438	-4.917227554008078	-4.917227554009623	-0.3968245803668131	0.1556143744904072	-0.9286777031744301	-0.1889079774744495	9.518995842403209e-08	5.702747017453512e-08	-6.134410045817944e-07	-4.146817408558198e-08	1.199938307047729e-07	-5.36141486575589e-07	1.347395673092595e-07
0.84	-0.5240708219756189	-0.07535330274990015	0.5950023539763413	1.753812731882928	-0.4679648224064044	-0.01266944780248181	-0.2617848063085511	1.334991875672437	1.334991875672434	-0.08491963085342184	-0.1744241471023712	0.2208948191674421	-0.009924495098461055	-0.2637071871799386	-0.03113895369578884	-0.299377323037834	1.059300808253475	-0.006533362672694649	0.3662296380865838	-1.844426918610567e-05	0.8379575530475244	0.8379575530474946	0.07826304068805316	-0.004674040118492834	0.1455839833344308	0.07137074239847385	-0.3129279632638634	0.01869008750943383	-0.001459943775741121	-0.2990807114879718	0.03878479469049712	0.03246031537008814	0.27074270423359	-26.57452225969681	-10.45680183248565	2.487465213958229	5.2822222581924	-629.1329336319696	-49.4006783069423	-2.554916923310665	1.629955382950911	0.3356479511223432	1.688969361219976	-6.266475951284891	0.1932883796912797	-1.997536391658828	-0.0135132432113774	-4.972893987578996	-4.972893987579014	-0.4793413680996117	0.1237743529660981	-0.9117596811623399	-0.2420198285229519	9.478442531138955e-08	6.574553370486252e-08	-5.889647747857634e-07	-3.612383629265317e-08	1.176262451407914e-07	-5.301147075219387e-07	1.339674699013255e-07
0.85	-0.5266273491204025	-0.07564817137893748	0.5920935105550035	1.764092342188458	-0.4680203339821618	-0.00910893540689227	-0.2617848466324279	1.343122190632458	1.34312219063249	-0.08415894240037836	-0.1744643736801252	0.2223055368978322	-0.009222407412243038	-0.2476165667984413	-0.02785506653188575	-0.2823334507560675	0.9965088659448497	-0.004621766747669496	0.3458017860494699	8.708910237403424e-06	0.7880315739081778	0.7880315739081769	0.0738462429999633	-0.003406072114407165	0.1365923173375704	0.06899666152296527	-0.3152552361336412	0.01841267265260583	-0.001223569615465009	-0.3000410145080889	0.03790021144238772	0.03205257202183168	0.2723485254355154	-26.96005426894629	-10.15506153150024	2.374076545441858	5.624097319066862	-630.7800212045719	-49.12710858090088	-2.340067385813946	1.595879407680051	0.321708618154914	1.720805856192913	-6.302396312932128	0.1822386542167885	-2.075982089083912	0.01057901107487175	-5.013556296858551	-5.013556296854187	-0.4270679906815987	0.1229566075526384	-0.8879583097862618	-0.2425672919485375	9.414300586862869e-08	7.39272512300794e-08	-5.638824091558387e-07	-3.090494820342645e-08	1.150292180176956e-07	-5.228644341087202e-07	1.328610327026325e-07
0.86	-0.5290235172529851	-0.07591081123250963	0.5893568477953908	1.773740664482445	-0.4680583009076071	-0.005754816027538468	-0.2617846655420012	1.350751024517136	1.350751024517204	-0.08344326572851569	-0.1744929908611458	0.2236273203180863	-0.008545553549756849	-0.2316353847397079	-0.02469319860275781	-0.2649411906927846	0.9330432059449949	-0.003024432610300415	0.3249510348385063	2.583859188760993e-05	0.7376613379789887	0.737661337979017	0.0692606844511567	-0.002352160773406779	0.1277971213071753	0.06632397765210842	-0.3175825090034124	0.01813525779578971	-0.0009871954551536335	-0.3010013175282057	0.03701562819428075	0.03164482867359138	0.2739543466374453	-27.35209590430023	-9.852765628788454	2.261266508108353	5.985196172361538	-632.5155130947193	-48.84551158950325	-2.147259619267251	1.608067718398121	0.311244104167317	1.758646917523248	-6.40121948953071	0.1304360221600862	-2.082116226428764	-0.01551794276601475	-5.061745345547489	-5.061745345547486	-0.5130935402429478	0.08096302034908455	-0.8724656878692634	-0.3017404275925707	9.218062297720514e-08	7.910543112667727e-08	-5.35405682856109e-07	-2.638857845493144e-08	1.111473181635593e-07	-5.087625922819201e-07	1.298822926756894e-07
0.87	-0.5312604556947768	-0.07614243142791342	0.5867957658807985	1.782751163577988	-0.4680817620156908	-0.002611245633606538	-0.2617843255473306	1.357874045619764	1.35787404561975	-0.08277415103961284	-0.1745119800640707	0.2248621365352679	-0.00789678602678982	-0.2157700388475837	-0.02164957571340057	-0.2472254232604119	0.868960251692052	-0.001717449392212104	0.3036988539775166	4.008438367131463e-05	0.6868805184196132	0.6868805184195972	0.06453674343752167	-0.001479848087560959	0.1191969722974142	0.06338197152266244	-0.3195971335023362	0.01786939361710959	-0.0007824429914790657	-0.3018032392880987	0.03619015938954026	0.03128540059542998	0.27533517658462	-27.70383384229546	-9.585494150133611	2.162018035089914	6.292631164133629	-633.9166362505855	-48.61556791453157	-1.975006605473983	1.573119866102084	0.2981066029581614	1.785528555925899	-6.426273382592899	0.1234382095139413	-2.156316443408866	0.009584446432428081	-5.095630339171282	-5.095630339177917	-0.4558277932991617	0.08512060451205042	-0.8491616615162734	-0.2975176040181326	8.999922392359029e-08	8.38200007356371e-08	-5.064582139099339e-07	-2.195434547516589e-08	1.070513510265705e-07	-4.935462015211396e-07	1.266126478316859e-07
0.88	-0.5333392703093508	-0.07634417835009599	0.5844133390204963	1.791117945133118	-0.4680936315440176	0.0003178934662217533	-0.2617839053734876	1.364487382511191	1.364487382511093	-0.08215303244312025	-0.1745232950977643	0.2260118768315546	-0.007278855944796753	-0.2000106192961587	-0.01871854395851298	-0.2292101798347763	0.8042996978624357	-0.0007061166588948606	0.2820647760175348	4.187442672974526e-05	0.6357244957386891	0.6357244957386289	0.05966146596887113	-0.0008173269293258432	0.1107819371281835	0.06015648945731584	-0.3216117580012588	0.01760352943843268	-0.0005776905277795086	-0.3026051610479916	0.03536469058480038	0.03092597251727272	0.2767160065317953	-28.06199363590028	-9.317582722865483	2.063220877216242	6.620433375426702	-635.405167507416	-48.37442885126907	-1.82182851469487	1.586882450258271	0.2887258772733893	1.818542116175853	-6.516739404865439	0.07130592520591218	-2.15849564622716	-0.01800909251105629	-5.136785969857236	-5.136785969857237	-0.543360831246033	0.03900471482702252	-0.8354429197631844	-0.358435614772637	8.636894872009432e-08	8.54676099802222e-08	-4.74396601302658e-07	-1.806347881161065e-08	1.015392464799423e-07	-4.709566408894116e-07	1.214185557363606e-07
0.89	-0.5352610510475863	-0.07651715579023576	0.5822124825334317	1.798835419530989	-0.4680967581174243	0.003028860215576137	-0.2617834800458223	1.370587382403684	1.370587382403653	-0.08158129887231672	-0.1745288783164805	0.2270783895159232	-0.006694460213344485	-0.1843628556383961	-0.01589307655385354	-0.2109190949078717	0.7391140238253724	3.547270338927013e-05	0.2600715924095686	4.250723879563179e-05	0.5842234226240485	0.5842234226240346	0.05466289857526031	-0.0003317906053232025	0.1025492317234094	0.05667919976054844	-0.3233139212605733	0.01738541293374686	-0.0004046182944240689	-0.3032781303935279	0.03466131584372602	0.03059206843493209	0.2778786426016983	-28.36090653574031	-9.076914323260032	1.975374043886062	6.871881758948908	-636.5791570694017	-48.15930386007303	-1.68635386802489	1.551135292208752	0.2770343784190787	1.840714409419485	-6.531642165080079	0.06883583113255476	-2.228203178076044	0.008996887969242189	-5.164600362969934	-5.164600362962989	-0.4814155498650826	0.04835195325368515	-0.8128880463794675	-0.3488559742689955	8.262676888993009e-08	8.687862063651774e-08	-4.419876998457722e-07	-1.424630495263632e-08	9.59036655984814e-08	-4.475783586532373e-07	1.160379935966734e-07
0.9	-0.5370268717555097	-0.07666236311505756	0.5801958014413305	1.805898605036099	-0.4680938187193294	0.005518200436857457	-0.261783068906057	1.376170805088889	1.376170805088924	-0.08106021314673414	-0.1745306013995734	0.2280634344071354	-0.006146133444287925	-0.1688186132336936	-0.01316452089492015	-0.1923751008421008	0.6734419193101764	0.0005070776413855484	0.237739470401814	3.903684701470206e-05	0.5324090542813087	0.5324090542813412	0.04953189692379053	-4.529979864854327e-05	0.09448837849683739	0.05294269697817287	-0.3250160845198783	0.01716729642907568	-0.0002315460610285688	-0.3039510997390641	0.03395794110265434	0.03025816435261137	0.2790412786716087	-28.66615865021937	-8.835488042627036	1.887808512552461	7.144658513066878	-637.8397389398742	-47.92994193848874	-1.567246512805432	1.566178199646239	0.2693435281281834	1.869123943949128	-6.614025500491971	0.01730904034837485	-2.22628332618483	-0.01882973328041476	-5.1994450154771	-5.199445015477078	-0.5698476828178101	-0.0008043886385066985	-0.8010724841227664	-0.4102782318942229	7.798935204641979e-08	8.639684258649703e-08	-4.068004875920071e-07	-1.101867353030917e-08	8.928027403835863e-08	-4.178903035814935e-07	1.091656711020923e-07
0.91	-0.5386377718151695	-0.0767807535100082	0.5783657474836956	1.812302818200906	-0.4680873407142327	0.007782680992582649	-0.2617826847818597	1.38123460441669	1.381234604416702	-0.08059096578745324	-0.1745301846358821	0.2289687100269583	-0.005636255641477354	-0.1533763537779364	-0.01052777487568638	-0.1736012623611519	0.607335030546921	0.0007552024066861655	0.2151152912724714	3.710423823108264e-05	0.4803078135187719	0.4803078135187838	0.04430062999641558	0.0001117335027992633	0.08659173243478893	0.04900267969025036	-0.3264369612848688	0.01700259961206629	-8.95151422534257e-05	-0.3044538661889091	0.03328735563588638	0.02998248978253189	0.2800067177428411	-28.94062489757871	-8.632177462036703	1.814813663495537	7.366822822210536	-638.7918481149679	-47.75657868022076	-1.463307087281297	1.531016234750588	0.2587060048892983	1.8866947005378	-6.618861772696871	0.02360735228964176	-2.286623015500702	0.009022412208496264	-5.221933854313247	-5.221933854316344	-0.5022696460773393	0.02133051875054513	-0.7802102294807224	-0.39036104555796	7.32491511144899e-08	8.569563099690604e-08	-3.713978943717263e-07	-7.841314398778936e-09	8.255867043165504e-08	-3.875452973814438e-07	1.021391252608907e-07
0.92	-0.5400946959970292	-0.07687320327155278	0.576724468090944	1.818043994236387	-0.4680793728299498	0.009819692195163935	-0.2617823404963746	1.385776097287334	1.385776097287321	-0.08017453178713135	-0.1745287228733509	0.2297957692737129	-0.005166677525209364	-0.1380234376737733	-0.007976394213715161	-0.1546201878654054	0.5408344934454835	0.0008050534787415672	0.1922455997754571	3.106910488059269e-05	0.427947762849384	0.4279477628493754	0.03896922513383841	0.0001636999728086026	0.07884510388334685	0.04488275966965745	-0.3278578380498743	0.01683790279502734	5.251577648701465e-05	-0.3049566326387549	0.03261677016911179	0.02970681521241069	0.280972156814063	-29.22132184909234	-8.428018341120552	1.741960400898833	7.611166384705649	-639.8294972490734	-47.56642517641371	-1.373382117045411	1.548309529327409	0.2522704566756853	1.91057114690866	-6.692755168128373	-0.02234569830067787	-2.275385799719202	-0.01965023819379108	-5.251206996847327	-5.251206996847288	-0.5898752698582591	-0.02181775492621724	-0.7710689820014666	-0.4462587784283035	6.748110929836405e-08	8.280008401161235e-08	-3.33841491486288e-07	-5.166678175217738e-09	7.485494635914334e-08	-3.506307798983356e-07	9.357034595348482e-08
0.9299999999999999	-0.5413985440696085	-0.07694053794650506	0.575273960107043	1.823118370137154	-0.4680717294887565	0.01162692775046149	-0.2617820465297813	1.389792782879089	1.38979278287906	-0.07981178840461163	-0.17452701873138	0.2305460948602261	-0.004738987449131582	-0.122759407031781	-0.00550167162528531	-0.1354543988547041	0.4739901844490907	0.0007025751570729279	0.1691747872633464	2.770360109129932e-05	0.3753553785421997	0.3753553785422101	0.03356847133675759	0.0001750246235272028	0.07124185718343937	0.04063922295755499	-0.3289697317024872	0.01672506941337765	0.0001639447521072945	-0.3053416556055745	0.03207372395278401	0.02947950077078271	0.2817251928108761	-29.44108972414841	-8.26297730394449	1.68384996165997	7.769565198237855	-640.5665620447518	-47.42527894295666	-1.296473851058736	1.513473309186743	0.2434029964574827	1.923647826353036	-6.687834833896611	-0.007322142031059323	-2.326884059361445	0.009317201616364063	-5.268367813029698	-5.268367813026872	-0.5167894098146285	0.012220931433552	-0.7516730892340798	-0.4157839639951937	6.159004604484766e-08	7.95993378377429e-08	-2.96195302640668e-07	-2.580869950223338e-09	6.70486588395668e-08	-3.132430950204459e-07	8.485289972502099e-08
0.9399999999999999	-0.5425501471402574	-0.07698345942826687	0.5740159230228895	1.827522789734257	-0.4680657355793659	0.0132026641641572	-0.2617817868366093	1.393282521894697	1.393282521894651	-0.07950337535509866	-0.174525278671637	0.2312210438646905	-0.004354209309453615	-0.1075744372877248	-0.003093755575622776	-0.1161260079159182	0.4068432327126249	0.0004751671181587706	0.1459457714550573	2.421442081636456e-05	0.3225584476199881	0.3225584476200172	0.02810315853241089	0.000170883528750057	0.06376978747358467	0.03630037238969232	-0.3300816253550965	0.01661223603172948	0.000275373727747664	-0.305726678572394	0.03153067773645606	0.02925218632915629	0.2824782288076927	-29.66698518773023	-8.096949150946749	1.625680115876355	7.950765504052884	-641.3884026541077	-47.26516332707892	-1.231642065896781	1.532497349740187	0.238909148922238	1.943091532525593	-6.75328371614294	-0.04733164174981253	-2.307026458954925	-0.01967497349092777	-5.292116319852777	-5.292116319852823	-0.6027870713114447	-0.02491090402542388	-0.7448335839908884	-0.4653215495803721	5.408212961419711e-08	7.238740232830582e-08	-2.573690697469399e-07	-1.162515420677966e-09	5.789439458713695e-08	-2.696366386682783e-07	7.418154539122306e-08
0.95	-0.5435502866158242	-0.07700260519318244	0.5729519062935846	1.831254383814692	-0.4680625568623564	0.01454538552482284	-0.2617815362097286	1.396243352165909	1.396243352165943	-0.07924987354926373	-0.1745235876474788	0.2318218723720531	-0.004013215735219867	-0.09246400980644118	-0.0007432578017322781	-0.09665788122455417	0.3394393368548156	0.000144439017492712	0.1225785533852292	2.677140573389106e-05	0.2695821728974893	0.269582172897496	0.02258775923066759	0.0001645917935105745	0.05641112100288295	0.03188501919681737	-0.3308958192638158	0.01654659813493498	0.0003551678783379631	-0.305978957215328	0.0310858976050554	0.02908403258580104	0.2830284665713854	-29.84114854822193	-7.9735715049208	1.583332598271689	8.054276671600364	-641.9109382443877	-47.16204582265625	-1.178114371854242	1.498738565713817	0.2319410693666426	1.951601586015472	-6.739372674564137	-0.02833947965960895	-2.354521622759377	0.01035010202163595	-5.304210916992872	-5.304210916996208	-0.5273076954551841	0.01104996805608378	-0.7290996151109963	-0.4316254775214871	4.654433812241501e-08	6.508912028874318e-08	-2.18486538922918e-07	2.102856068914488e-10	4.871288333999253e-08	-2.258098974624329e-07	6.345431675226058e-08
0.96	-0.5443996371928992	-0.07699848178481028	0.572083156500908	1.834310852905756	-0.4680631646434404	0.01565384427643399	-0.2617812341994922	1.398673654116187	1.398673654116301	-0.07905180400361889	-0.1745220518853884	0.2323495709274083	-0.003716772347590955	-0.07741665758950265	0.001560079081923948	-0.0770726205902439	0.271818234838437	-0.0002821325005567495	0.09909324964489515	3.449109219306538e-05	0.2164527834332131	0.2164527834331975	0.01701670649494695	0.0001398311114411198	0.04914379707213406	0.02739033506872397	-0.3317100131725379	0.01648096023813234	0.0004349620289280697	-0.3062312358582621	0.03064111747365285	0.02891587884243408	0.2835787043350764	-30.0213460714391	-7.849090102064334	1.540755192903939	8.181051208736497	-642.517578008947	-47.03830371673023	-1.135194622951921	1.51988229687115	0.2294769708753976	1.966518321114849	-6.796724947856832	-0.06650032522651808	-2.330643593056144	-0.01864243318261298	-5.322739268208235	-5.322739268208263	-0.6139177581069223	-0.02860469339146419	-0.7265650760003028	-0.4811877366240801	3.844489548135961e-08	5.616752348281998e-08	-1.785456070093724e-07	7.266807973127617e-10	3.901912859221424e-08	-1.778418010074441e-07	5.167665117620413e-08
0.97	-0.5450988163641637	-0.07697152966993791	0.5714107613232174	1.836690204107005	-0.4680684414738731	0.01652691922410855	-0.2617808354871573	1.400571997479422	1.400571997479577	-0.07890965510954262	-0.1745208142826776	0.2328049875215617	-0.00346560750492691	-0.06242723327094332	0.003825740701847805	-0.0573952366686989	0.2040326993142572	-0.0007841914883004358	0.07550797515211445	4.430417367084776e-05	0.1632006177115575	0.1632006177115465	0.01140692652393463	0.0001037439494550867	0.04194740063826264	0.02283201474409789	-0.3321772775940096	0.01645294690957046	0.0004832140253418031	-0.3063733161262097	0.03034151840727221	0.0288051904749629	0.2838862112994934	-30.13303343474162	-7.769749848905783	1.514727507787033	8.217716101321773	-642.7952811720553	-46.97432066272358	-1.102353682378744	1.487267608296407	0.2244205244554651	1.970031093381095	-6.772359627752337	-0.04368609393862076	-2.374508905023456	0.01065109860315804	-5.328754000672248	-5.328754000671546	-0.5354139306606382	0.008264681619860876	-0.714993197068532	-0.4447382985701491	3.032017804193403e-08	4.719195164781714e-08	-1.385815573619692e-07	1.231761635378496e-09	2.930406194663425e-08	-1.297804249213714e-07	3.987016891625139e-08
0.98	-0.5456483422704523	-0.0769220589854854	0.5709354765178837	1.838391121598401	-0.4680790643758612	0.01716373352132106	-0.2617803670600507	1.401937359430136	1.401937359430329	-0.07882378517799457	-0.1745200624697199	0.2331886768973784	-0.003260342689146783	-0.04748600459446006	0.006063792997953722	-0.03765054611888319	0.1361314928679254	-0.001351346811654122	0.05184111955395578	4.843404675606162e-05	0.1098565009287807	0.1098565009287743	0.005760913990431051	4.267315634891377e-05	0.03479835340487245	0.01821032969193952	-0.3326445420154853	0.01642493358099194	0.0005314660217467421	-0.3065153963941579	0.03004191934088732	0.02869450210746765	0.284193718263909	-30.25070279796681	-7.68922899527364	1.488359498288381	8.278045765092186	-643.1567876168195	-46.88855161562018	-1.079125178197116	1.510243168455921	0.2239551061118179	1.979979646768989	-6.819859132287251	-0.07951959234852024	-2.346959814131746	-0.01977907486114785	-5.341129480432468	-5.341129480432492	-0.6211642706051738	-0.03360141961549422	-0.7170952359040407	-0.4938606821305299	2.138666705466264e-08	3.648917888226515e-08	-9.78777402311233e-08	1.374783198065659e-09	1.890701457139978e-08	-7.873410064061244e-08	2.714155277161704e-08
0.99	-0.546048660639422	-0.07685031108376525	0.5706578958646463	1.839412595480119	-0.4680956480229829	0.01756350165582598	-0.2617798829308599	1.402768912775631	1.402768912775705	-0.07879452445188408	-0.1745200855902933	0.2335010326166689	-0.003101606426940498	-0.03258166823825511	0.008284711475154723	-0.01786228015210816	0.06815835344106513	-0.001973796821772495	0.02810220453600104	4.728980321675452e-05	0.0564481003791911	0.0564481003791879	8.643239675228413e-05	-5.784359227831826e-05	0.02767225934072438	0.01352499842935114	-0.3328110001745935	0.01645034276632781	0.0005473956382639865	-0.3065172026900254	0.0298365866652998	0.02864559693320179	0.2842964189775951	-30.31725056152236	-7.652507262898249	1.478130036499403	8.260489027641126	-643.211182473818	-46.8600979634875	-1.065222735176181	1.479930113505809	0.2209991411775762	1.978747451104596	-6.786779601340752	-0.05486170705494211	-2.388893448917361	0.00955260260356997	-5.341608419163967	-5.341608419163475	-0.541304119657997	0.0001285502191354462	-0.7104452438801674	-0.4576554115514815	1.246958722235975e-08	2.58315219496469e-08	-5.715365402557204e-08	1.531912182095352e-09	8.517679602918149e-09	-2.769974923027963e-08	1.442621596181554e-08
1	-0.546300055395969	-0.07675638621274247	0.5705782973469714	1.839754190316879	-0.4681187069705475	0.01772557341950016	-0.2617794433037642	1.403066199500241	1.403066199500194	-0.07882215134488663	-0.1745214328078118	0.2337421116448763	-0.002990080690005779	-0.01770128210992894	0.01049918685848297	0.001945880993580848	0.0001556838759908436	-0.00264640690035308	0.00430184538644543	3.953362783341024e-05	0.003003176751931094	0.003003176751931127	-0.005616609833276926	-0.000222146232686466	0.02054301518817743	0.00876822463762349	-0.332977458333687	0.01647575195168188	0.0005633252548237808	-0.3065190089858926	0.02963125398971536	0.02859669175896087	0.284399119691294	-30.38976663471749	-7.614591982831342	1.467540666051282	8.26691913985872	-643.3493190761329	-46.80925138112811	-1.060434749739319	1.505453122880152	0.2226664873372739	1.983958682551785	-6.82576515993005	-0.08955160604095981	-2.35924864045192	-0.02110146122998232	-5.348434095966546	-5.34843409596656	-0.6268763978752607	-0.04635859797166967	-0.7177252535838047	-0.5081491879583719	5.162760576971658e-09	1.959521664453694e-08	-1.44431984988978e-08	3.071568457693829e-09	-1.115839503784115e-09	2.216126087828793e-08	3.012253965634337e-09
1.01	-0.5464027253797736	-0.07664032058020559	0.5706968089698711	1.839415762623779	-0.4681485195124572	0.0176495765981866	-0.2617790855085425	1.402828930381075	1.402828930381021	-0.07890684773696549	-0.1745244141612194	0.2339118392515132	-0.002926212493328101	-0.002832757801030963	0.01271566803632846	0.02175268622637922	-0.06783084563403993	-0.003302272402042078	-0.01948684876569892	3.392099193471799e-05	-0.05045558945681132	-0.05045558945681062	-0.01131758699969152	-0.0003523635014764292	0.01339755079534665	0.004019967238573807	-0.3329145831100359	0.01660128318114816	0.0005485302142046402	-0.3063330006529155	0.02943112030495335	0.02861817143572632	0.2843516227418471	-30.44159701691239	-7.61881137173221	1.472743328169223	8.218954667261704	-643.2157898829392	-46.81771470716555	-1.06472934479005	1.47754454637791	0.2213991164868593	1.978475670322793	-6.783541607368636	-0.05153106030136722	-2.38653057774121	0.009993171462952222	-5.344384510715183	-5.34438451071509	-0.5409487388646982	0.00691886853336231	-0.713699433587595	-0.4559866453862871	-2.144066068416438e-09	1.335891133942697e-08	2.826725702777643e-08	4.611224733292306e-09	-1.074935861048638e-08	7.202227098685548e-08	-8.401708030546868e-09
1.02	-0.5463567116281922	-0.07650203809919454	0.5710132754904346	1.838397780683413	-0.4681844761169974	0.01733612268031487	-0.2617787269724337	1.402057116274345	1.402057116274284	-0.0790484019732825	-0.1745280432553349	0.2340099637339304	-0.002909391396542528	0.01203546496719957	0.01494255655331857	0.04153686052633525	-0.1357551655772327	-0.003875219426467753	-0.04318957392366492	3.96818053471855e-05	-0.1039058207610377	-0.1039058207610366	-0.01698817867971299	-0.000351694375627048	0.006222390344320609	-0.0006411953407979066	-0.3328517078863895	0.01672681441059703	0.0005337351735723571	-0.3061469923199389	0.02923098662018703	0.02863965111246675	0.2843041257923982	-30.49940555806756	-7.62182029073854	1.477566028112176	8.195179257978314	-643.1662029911461	-46.8037778019813	-1.078129189366177	1.505392814746653	0.2247479551661999	1.97943249598332	-6.813323246562438	-0.0729679105882753	-2.342054841616232	-0.01882677136778183	-5.346727115063337	-5.34672711506341	-0.6207993005966286	-0.02018131904376054	-0.7236644652228487	-0.4907302240227465	-1.083128882612121e-08	3.338787809134914e-09	6.963514010087503e-08	5.209539865397851e-09	-2.114340885015159e-08	1.225597340981748e-07	-2.087620718177619e-08
1.03	-0.5461619614585287	-0.07634139669297051	0.5715273977351326	1.836700984895601	-0.4682256938292559	0.01678613316394618	-0.2617782571046755	1.400750927394551	1.400750927394482	-0.07924648226505347	-0.1745310195016727	0.2340361164737469	-0.002938714345462913	0.02691953597479178	0.01719118328782681	0.06127656851611044	-0.2035813152524908	-0.004348314038523748	-0.06678728455593487	5.645728939283931e-05	-0.1573222842946309	-0.1573222842946342	-0.02261920901788799	-0.0002210640636816894	-0.001003743195331404	-0.005204544844706292	-0.3325131108705204	0.01690426838833917	0.0004869809727482003	-0.3058167415795736	0.02910999655052328	0.0287330843891351	0.2840729266733929	-30.511777475253	-7.672683101406085	1.499896926285483	8.0930107842371	-642.8297422207102	-46.85647551852777	-1.100836345683853	1.48065583103655	0.2257399852776058	1.969580593822515	-6.763863401118247	-0.03148879602629009	-2.365493003648258	0.0122545396598095	-5.33764858904585	-5.337648589046451	-0.5329668631446108	0.03308713606218261	-0.7238728433143923	-0.4363218645993969	-1.953259725844147e-08	-6.719946111210042e-09	1.109893234550596e-07	5.798249475631013e-09	-3.154521961158173e-08	1.731040997911548e-07	-3.336152814071009e-08
1.04	-0.545818222261335	-0.07615810502886453	0.5722385851883979	1.834326607096417	-0.468271044199537	0.01600079377534042	-0.261777554515803	1.398910865356112	1.398910865356034	-0.0795006152527425	-0.1745320090589833	0.2339896508691719	-0.00301310769962727	0.04183327047322598	0.01947260812970533	0.08094990223980442	-0.2712715678521797	-0.004701751031066691	-0.09025954837283999	8.622602820222353e-05	-0.2106804524897655	-0.2106804524897723	-0.02819871786472955	4.56434382032781e-05	-0.008301278534103656	-0.009655276389595102	-0.3321745138546337	0.01708172236610445	0.0004402267719787579	-0.3054864908392076	0.02898900648086373	0.02882651766583528	0.2838417275544023	-30.53015671982725	-7.722297061610321	1.521803748448714	8.015108953675421	-642.5776700141756	-46.88737078670345	-1.133124582743472	1.511325512915039	0.2313075766402589	1.966157642767085	-6.786143831448593	-0.04903638668565929	-2.316965478543259	-0.01622812041506963	-5.335068047371623	-5.335068047371511	-0.6104950023299351	0.007034118944174109	-0.7379448250468845	-0.4682066322188166	-2.739998367372291e-08	-1.51284662077956e-08	1.525769360693282e-07	6.818292791590438e-09	-4.143771006495097e-08	2.207092419095375e-07	-4.498479545444405e-08
1.05	-0.5453251743271023	-0.07595180815560897	0.573146097369084	1.831276170986983	-0.4683192555804128	0.01498146627042954	-0.2617765325978874	1.39653758893031	1.396537588930192	-0.07981026975225397	-0.1745296136024189	0.2338697667623808	-0.003131395696165388	0.0567823119787901	0.02179475973848788	0.1005338261135282	-0.3387753539046938	-0.004910899994365376	-0.1135732936896006	0.0001172937415692472	-0.2639579142882004	-0.2639579142882023	-0.03371960640997541	0.0004640595029140512	-0.01569549020854011	-0.01397548273718258	-0.3314776747679379	0.01732295540799937	0.0003622478527648268	-0.3050669560915435	0.02903600183050541	0.0289591560493403	0.2833565130989503	-30.47389206532803	-7.808839323359767	1.557401581697819	7.850950725866729	-642.0055530310642	-46.96257153524653	-1.17544779390486	1.487587161968919	0.233869516394298	1.951693229473385	-6.726457619273182	-0.002429251946667092	-2.333715458863987	0.01264464510682982	-5.321536055341878	-5.321536055341221	-0.5210208662891119	0.06388555066014019	-0.7431517525730492	-0.4099207220715208	-3.52413100259719e-08	-2.348541712238868e-08	1.941718433479745e-07	7.851815285853807e-09	-5.13142842586933e-08	2.682225332912141e-07	-5.658112359176553e-08
1.06	-0.544682457239295	-0.07572204965358621	0.574248885482467	1.827551904691599	-0.4683686734710806	0.01372997403222283	-0.2617752259172584	1.393632047724672	1.393632047724513	-0.08017476015435433	-0.1745221059450689	0.233675342056059	-0.003292084373387948	0.07176710118802769	0.02416493388314613	0.1200050887791903	-0.4060376050420221	-0.004943052989451083	-0.1366924950312233	0.0001431785707072292	-0.3171334084571329	-0.3171334084571307	-0.03916589838191038	0.001068083584647097	-0.02320939844021715	-0.01813541252648371	-0.330780835681246	0.01756418844988517	0.0002842689335566992	-0.3046474213438789	0.02908299718014532	0.02909179443283229	0.2828712986434956	-30.4236925246666	-7.894128215479808	1.592581023069533	7.711087299419547	-641.5184772506867	-47.01715635569638	-1.228321184034922	1.518475053649718	0.2409120838154115	1.943625401154768	-6.737836848411384	-0.01363719304308906	-2.2780566835157	-0.01726469726091022	-5.314674521471113	-5.314674521471196	-0.5955756876677659	0.04415572234858232	-0.7618841364949831	-0.4361513205615685	-4.15960869228188e-08	-2.867446089217095e-08	2.353781718352117e-07	9.546317923872658e-09	-6.009382880941167e-08	3.109001544905542e-07	-6.663643933813651e-08
1.07	-0.5438896596538073	-0.07546831884528449	0.5755457416838465	1.823156380911426	-0.4684173962397477	0.01224845420734017	-0.2617737415858034	1.390195376714746	1.390195376714702	-0.08059329004557865	-0.1745074733225809	0.2334051394482455	-0.003493422671618188	0.08680181728983337	0.02659201344178674	0.1393392650799429	-0.4730092176791053	-0.004755467732166544	-0.1595586676245613	0.0001492922090765641	-0.3701727626390393	-0.370172762639038	-0.0445183841290776	0.00191156274025229	-0.03085420415950757	-0.02208586127414785	-0.3297418719031321	0.01784410091668032	0.0001758239433141682	-0.3041060236938971	0.02925996223099497	0.0292902706554303	0.282144166662171	-30.30938997797453	-8.027960930726207	1.645467328211909	7.483303416887232	-640.6984529789846	-47.14151999056793	-1.292422373960901	1.497372604611561	0.2452260212640116	1.924266895686572	-6.668142306997831	0.04183295948720022	-2.283025271210227	0.008890067596911293	-5.294345770231408	-5.294345770231536	-0.5018589538616628	0.1124803259029729	-0.7692408912176619	-0.3675610481619552	-4.787179204012302e-08	-3.369499896276114e-08	2.765638312377996e-07	1.127597908017638e-08	-6.881502071954363e-08	3.533205591908339e-07	-7.660978634030798e-08
1.08	-0.5429462343640675	-0.07518999321552126	0.5770351302784638	1.818092877237752	-0.4684628678409675	0.01053984711171535	-0.2617723279833197	1.386229156182268	1.386229156182335	-0.08106469958141073	-0.1744827986457773	0.233057796362924	-0.003732879336583716	0.1018926420382634	0.0290838981754491	0.1585115674267427	-0.5396335837418296	-0.004292819499956052	-0.1821099491765959	0.0001290327758898473	-0.4230433129681857	-0.423043312968186	-0.04974182730106569	0.003076494445313721	-0.03863749394166147	-0.02575908587353902	-0.3287029081250338	0.01812401338343842	6.737895303460304e-05	-0.3035646260439157	0.02943692728183631	0.02948874687797566	0.2814170346808365	-30.20122193450992	-8.160518076280232	1.697920257464608	7.279770756960676	-639.9642363217349	-47.2470465188405	-1.368490456872583	1.529696782974566	0.2538731188197723	1.911250610364206	-6.668387533539596	0.04137540194207241	-2.215078475255035	-0.02253931157214351	-5.280913750919123	-5.280913750919312	-0.5697671726319516	0.1084462322397772	-0.789580949067666	-0.3807064909070038	-5.47557723071262e-08	-4.079124204804794e-08	3.15381745938667e-07	1.300006192247602e-08	-7.776715233956649e-08	3.918265230373494e-07	-8.6441869818408e-08
1.09	-0.5418515572293772	-0.07488638392859563	0.578715359353283	1.812364960762618	-0.4685023865968481	0.008607312359345349	-0.2617712620382574	1.381735171868005	1.381735171868021	-0.08158774709606006	-0.1744450529156888	0.2326318642852322	-0.004007782294132135	0.1170562060087638	0.03165253146273263	0.1774999840702506	-0.6058803083607909	-0.003565678298240363	-0.2043423919959839	8.074500329986753e-05	-0.4757162369304387	-0.4757162369304466	-0.05484556779961237	0.004515818072123037	-0.04657719955140882	-0.02917906418349978	-0.3273793263630875	0.01845427004734659	-7.394449441310694e-05	-0.3028863131879356	0.02972560214222491	0.02973446774159653	0.2804993603200294	-30.03727916836656	-8.330265200747556	1.764190366976131	6.99165667571401	-638.9360965002096	-47.39494066234217	-1.457428431999731	1.511690116898978	0.2605472477517873	1.887480160860697	-6.592415435247478	0.09513466133706973	-2.219196904490906	0.003514804826857511	-5.254865344556837	-5.254865344557879	-0.4773967461091478	0.1682367845265794	-0.8004071397019235	-0.3163113511905419	-6.168603437899778e-08	-4.804541921053991e-08	3.5401950615136e-07	1.472372032784057e-08	-8.673685545925495e-08	4.300346489928177e-07	-9.626320498489389e-08
1.1	-0.540604843672419	-0.0745566505459834	0.5805844411884407	1.80597665693946	-0.4685332837043011	0.006454079234942646	-0.2617707813079302	1.376715581588984	1.376715581588947	-0.08216117586722095	-0.1743916016780028	0.2321256867968884	-0.004315618604810139	0.1322999264917125	0.03430871731277199	0.1962821194944285	-0.6717110533466758	-0.002568489814497102	-0.2262496235837809	1.198982788326179e-05	-0.5281645059198292	-0.528164505919844	-0.05981807860388413	0.006217595963934832	-0.05468657607210188	-0.03234575649945766	-0.3260557446011383	0.01878452671126292	-0.0002152679418185889	-0.3022080003319544	0.03001427700261584	0.0299801886052288	0.2795816859592237	-29.87954565483568	-8.498731804079558	1.830035592520352	6.727545336323124	-637.9946620892403	-47.5262078464756	-1.560205562482168	1.54572808546419	0.2713836313709493	1.86999436649817	-6.585191606924328	0.0953848583475649	-2.150036228936851	-0.02663279213747128	-5.235982756346614	-5.235982756346651	-0.5435212337769769	0.1609370852402326	-0.8235151312567953	-0.3300492921064472	-6.724800484858978e-08	-5.270214334045024e-08	3.909334646229108e-07	1.71101001184071e-08	-9.458277973596136e-08	4.613483445850011e-07	-1.043230020694868e-07
1.11	-0.5392052537432701	-0.07419988250763597	0.5826402348781737	1.7989322513518	-0.4685529042229005	0.004083433529193271	-0.2617710816934945	1.371172738480438	1.371172738480489	-0.0827837294495304	-0.1743199892947089	0.2315375113706638	-0.004653948251734879	0.1476324836305823	0.03706261348658681	0.2148344568005257	-0.7370855483810748	-0.001309796567175339	-0.2478210343470607	-7.173176095438144e-05	-0.5803566896619373	-0.5803566896619423	-0.06466914853706542	0.008141762217324253	-0.062980910579611	-0.0352794287677467	-0.3244459051895512	0.01914744612727501	-0.000389255730539472	-0.3013790565836929	0.03039093261093844	0.0302820108656955	0.2784701071355106	-29.67290255864274	-8.707550954922805	1.910794030760904	6.3869951551619	-636.747454583429	-47.71064932006741	-1.677945386416914	1.529172568956664	0.28005504694198	1.841508529795695	-6.500913692165885	0.1479387715376833	-2.15199308454529	0.000808434674316425	-5.203699647482886	-5.203699647481399	-0.4524168746576339	0.2137920279471031	-0.8372524254652493	-0.2689559584858733	-7.267314615795384e-08	-5.709912216710245e-08	4.276750429203475e-07	1.95627520474938e-08	-1.023163261283696e-07	4.919725971408561e-07	-1.122066453458903e-07
1.12	-0.5376519076345604	-0.07381504302023939	0.584880282964394	1.791236633765705	-0.4685585723663033	0.001498813798914433	-0.2617722092395529	1.365109400841602	1.365109400841738	-0.08345409713147965	-0.1742280081223722	0.2308654206363712	-0.00502040057420164	0.1630511624037843	0.03992300712259955	0.2331329987918378	-0.8019534530342023	0.0002219852246696423	-0.2690444284912097	-0.000153442272540687	-0.6322634119776442	-0.632263411977639	-0.0693808985330036	0.01029135377306674	-0.0714696376858108	-0.03797029160786451	-0.3228360657779419	0.01951036554330846	-0.0005632435191807832	-0.3005501128354308	0.03076758821926414	0.03058383312619061	0.2773585283118173	-29.47256760252126	-8.915138295222446	1.991210740920366	6.069987751026551	-635.5881011319764	-47.88095626258948	-1.811825957695749	1.562952412330606	0.2926831238105355	1.819235303541163	-6.483873530670066	0.1500025672521946	-2.080432905110685	-0.02623057668717378	-5.178890471066371	-5.1788904710663	-0.5156572463283577	0.2060221457108209	-0.8623936509949178	-0.281487406472212	-7.696975095149282e-08	-5.863608215177327e-08	4.622474169939307e-07	2.314932034370249e-08	-1.090317162507733e-07	5.153279950507225e-07	-1.182766816216049e-07
1.13	-0.5359438517086885	-0.07340102816529616	0.5873019823848459	1.782894908774713	-0.4685475989644081	-0.001296256738992549	-0.2617741865736012	1.358528523890838	1.358528523890977	-0.08417094253277654	-0.1741135520526233	0.2301074460069346	-0.005412618353017585	0.1785806470812529	0.0429011970781344	0.2511581236682537	-0.8663004286379059	0.002020207143160651	-0.2899064602087391	-0.000242880122747485	-0.6838551141783469	-0.6838551141783331	-0.07396217423881177	0.01263410527191113	-0.08015848807625238	-0.04043090939567388	-0.3209650315048854	0.01992259039586471	-0.0007697781066565	-0.2995729380926511	0.03123787632425642	0.03092429504639874	0.2760721573905258	-29.22319495460443	-9.154181945582058	2.083597457486819	5.675281665114943	-634.1462128824144	-48.08504834672929	-1.963161636778785	1.551028600277411	0.3035773866930195	1.786813538158746	-6.396455930710189	0.2018048545006846	-2.079686198941423	-0.0004287269686615268	-5.140755517594802	-5.140755517593586	-0.425504614953466	0.2536572616433076	-0.8771093379310364	-0.2220449359682468	-8.112528868055359e-08	-5.981553978119642e-08	4.965486405395315e-07	2.687762818580134e-08	-1.156198368394262e-07	5.377747861298401e-07	-1.241200170222331e-07
1.14	-0.5340798845150769	-0.07295659331974401	0.5899024655457554	1.773912444756585	-0.4685172287732574	-0.004298067172847329	-0.2617770839536973	1.351433440833463	1.351433440833604	-0.08493282906758017	-0.1739746173459499	0.2292615871526213	-0.005828181503918202	0.1942334159516181	0.04600700524438119	0.2688897468833503	-0.9301012584611927	0.004101343075775867	-0.3103924076809615	-0.0003374514842012911	-0.7351046332999499	-0.7351046332999281	-0.07838912523447682	0.01518708115763805	-0.08904648266118335	-0.04263936602480061	-0.3190939972318354	0.02033481524842268	-0.0009763126940853425	-0.2985957633498698	0.03170816442925065	0.03126475696660952	0.2747857864692269	-28.98024079946986	-9.392086497951908	2.175785164632422	5.303415166061828	-632.7935903598587	-48.2777373190568	-2.13330439267277	1.587609250909934	0.3182067659529295	1.760534971277299	-6.374644374586683	0.2065853700770275	-2.005216056049304	-0.02725727893649636	-5.110453855246485	-5.110453855246484	-0.4847923042997331	0.248067023087314	-0.9022224898927896	-0.2310551747356864	-8.443191587178123e-08	-5.895794906277128e-08	5.279854813103855e-07	3.132190156651777e-08	-1.212932680888635e-07	5.532444839032854e-07	-1.283963599156088e-07
1.15	-0.5320587383412545	-0.07248042735836233	0.5926787308058505	1.76429478309509	-0.4684646822846588	-0.00750281602445002	-0.2617808980879081	1.34382766578132	1.343827665781346	-0.0857382814076134	-0.1738092546378445	0.2283258343954374	-0.006264647353225334	0.2100168693799765	0.04925053515828147	0.2863078129869123	-0.9933292872140309	0.006456621733988026	-0.3304902900302482	-0.0004176638399601	-0.7859849810724552	-0.7859849810724634	-0.08267288837567074	0.01791710437428105	-0.09813731357752936	-0.04461023420094846	-0.3170104713309934	0.02078893485883674	-0.001215374866896522	-0.2974350500714676	0.03220733681930672	0.03165519867697222	0.2733649262479975	-28.70991448668946	-9.662894364091994	2.280533941177303	4.869794862745085	-631.1778745036097	-48.51167594897605	-2.323715859963156	1.576858819246435	0.3310856359014613	1.724093074166152	-6.281628834122508	0.2572370466483856	-2.002100782870773	0.002753513994296642	-5.066989220231846	-5.066989220236366	-0.3959437533788606	0.2903489314594475	-0.9174974720226365	-0.1736241696072034	-8.761021937705734e-08	-5.779243243129927e-08	5.589893339873823e-07	3.5874402296095e-08	-1.268284323451634e-07	5.676595047816874e-07	-1.324358318485857e-07
1.16	-0.529879128547058	-0.07197109419148309	0.5956275068558353	1.754047891804368	-0.4683871354228872	-0.01090654899124872	-0.2617852830000835	1.335715054455056	1.335715054454966	-0.08658572646593073	-0.1736156159054673	0.2272981765131866	-0.00671952619040451	0.2259261400262411	0.05264044634388751	0.3033919048612966	-1.055947184306475	0.009101417710404345	-0.3501892307196319	-0.0004516070801225484	-0.836471888124133	-0.8364718881241713	-0.08678766889085093	0.02084228601119022	-0.1074275076745604	-0.04632196359921103	-0.3149269454301639	0.02124305446924326	-0.00145443703968937	-0.2962743367930643	0.03270650920936294	0.03204564038732494	0.2719440660267562	-28.44613479188488	-9.932654394334637	2.385228086167936	4.458036684862551	-629.6532992545563	-48.73701496499712	-2.535869960682911	1.612772694491155	0.3474830202940846	1.693740125441772	-6.252618042507789	0.2644888337178535	-1.925427724068722	-0.01800345581707632	-5.031765711081036	-5.031765711081034	-0.4509957790969878	0.2870987071405374	-0.9420951260297782	-0.1792274191586327	-8.900734341506535e-08	-5.311971670269369e-08	5.861769487215088e-07	4.049425809745683e-08	-1.303730835604357e-07	5.739430225898297e-07	-1.343563701630488e-07
1.17	-0.5275397334627429	-0.07142710763193652	0.5987453706664945	1.743177970727186	-0.4682817783932452	-0.01450522269440573	-0.2617898256622796	1.327099689648961	1.327099689648945	-0.08747358172328022	-0.1733919572973744	0.2261766049592561	-0.007190351749535594	0.241976191612631	0.05618296729006155	0.3201168698904067	-1.117921360919382	0.01201765535450199	-0.3694734565365651	-0.0004499957624420328	-0.8865213965840507	-0.8865213965840678	-0.09075380773220416	0.02391552698941303	-0.1169193570340895	-0.04780088978561725	-0.3125420322596225	0.02173771558495943	-0.001726104455963305	-0.2949268619420169	0.033266117663992	0.03245554662178392	0.2703064734012453	-28.14094710974595	-10.2227336351556	2.498433749761513	3.993171903634939	-627.7798214593846	-48.97883109871849	-2.771312099213883	1.604606219572847	0.361561074782325	1.652249762641734	-6.15248204331722	0.3122712123626312	-1.919202849956403	0.01028286540461557	-4.979564704158814	-4.979564704155634	-0.365027947853576	0.3214938181474152	-0.9576083516111	-0.125951537275883	-9.008639969106114e-08	-4.782071542102846e-08	6.126830923944083e-07	4.512614159020877e-08	-1.335622860183817e-07	5.787744862782827e-07	-1.358985274742058e-07
1.18	-0.5250391408967906	-0.07084691097432762	0.6020285591416439	1.731691774969345	-0.4681458429906412	-0.01829459522362099	-0.2617941443233059	1.317986225500124	1.317986225500184	-0.08840021937128253	-0.1731367548745021	0.2249591392095912	-0.007674711834309573	0.2581656363534174	0.05988246595635416	0.3364568377593589	-1.179202120437693	0.01521709230287526	-0.3883289959315292	-0.0004068068510011028	-0.9360917566724349	-0.9360917566724306	-0.09454414702152111	0.02715104896700709	-0.1266063468214831	-0.0490288687277936	-0.3101571190891091	0.02223237670067548	-0.001997771872188475	-0.2935793870909667	0.03382572611862603	0.03286545285624488	0.2686688807757044	-27.84240576174367	-10.51189885078939	2.611778845556573	3.548865615557468	-625.9991772218581	-49.21512670951692	-3.031558055569196	1.640651325370451	0.3788785643178002	1.61674069341019	-6.113934623588372	0.3211286945729744	-1.839690439674901	-0.009687937064740658	-4.935936036774296	-4.935936036774287	-0.4158358686897339	0.319554907014782	-0.9811232116026575	-0.1290379703126625	-9.095699379282147e-08	-4.287757573157705e-08	6.326815173257689e-07	4.953881916426152e-08	-1.355745620626243e-07	5.763359425446179e-07	-1.362733979092052e-07
1.19	-0.5223760396392485	-0.07022890124766061	0.6054731198599006	1.719596481314001	-0.4679766039200864	-0.02227032110028579	-0.2617975547300815	1.308379647576708	1.308379647576726	-0.0893640032086493	-0.1728486173340851	0.2236438592446978	-0.008170223642225034	0.274465208360473	0.06374845759173296	0.3523809058588478	-1.239712422204391	0.01867456218404633	-0.4067416257471135	-0.0002368693746993076	-0.9851253012888691	-0.985125301288878	-0.09818163459246573	0.03049259326426301	-0.1364769859031935	-0.05003362596650578	-0.3076145028692758	0.0227911436954391	-0.002301830848649383	-0.2919279432137372	0.03431018834447711	0.03330596053408563	0.2669427398048759	-27.5467351726671	-10.81829258148671	2.732943377982871	3.061994510374988	-623.9066661665271	-49.45521613962372	-3.318138619957157	1.626186722830184	0.3948171441898264	1.569052326803499	-5.997964917243525	0.3645562153206096	-1.830958792941374	0.03609536048700918	-4.872257379426925	-4.872257379428917	-0.3330952353783	0.344024810546005	-0.9941291853251063	-0.08028571751972216	-9.17843701267525e-08	-3.80082122258773e-08	6.513307810546153e-07	5.390605160882783e-08	-1.373428411674406e-07	5.723902021502699e-07	-1.364062698454889e-07
1.2	-0.5195496273447427	-0.06957136006843151	0.6090746837508694	1.706900407248182	-0.4677714901346335	-0.02642795518319468	-0.2617981136079938	1.298285695466057	1.298285695466034	-0.09036323992854228	-0.1725265502268018	0.2222290539032134	-0.008674601245901439	0.2908278437458097	0.06778875646877629	0.3678574723017383	-1.299358202532411	0.02239203528247451	-0.4247106371803445	0.00016349892197532	-1.033566594119262	-1.033566594119283	-0.1016347235266694	0.03393696234011992	-0.1465114221396989	-0.05080202787998656	-0.3050718866494561	0.02334991069020182	-0.002605889825093886	-0.2902764993365061	0.03479465057033078	0.03374646821192649	0.2652165988340338	-27.25783166040656	-11.12389000965945	2.854424657937624	2.594196654308641	-621.9092342338189	-49.69276066393823	-3.632500881825129	1.653264001026684	0.4137400126507039	1.527240362090479	-5.941030335852512	0.3731293380243939	-1.750966763204243	0.03639822701020685	-4.817485679565924	-4.817485679565785	-0.3789561413415349	0.3401198627349765	-1.013882642561666	-0.08176690526638253	-9.57941991370221e-08	-3.980484665569776e-08	6.664239342189106e-07	5.897430994682859e-08	-1.413401426004966e-07	5.669417129574409e-07	-1.378516743889129e-07
1.21	-0.5165596823334406	-0.06887244544597076	0.612828694143579	1.69361258360163	-0.4675279688445742	-0.03076297163552456	-0.2617924471229415	1.287710422784279	1.28771042278423	-0.0913962028974597	-0.1721696429091669	0.2207132474017401	-0.009185481520143557	0.3071272158088167	0.07203294753858819	0.3828620360422379	-1.358021472151327	0.02635181386845593	-0.4422165848743046	0.001119364403445431	-1.081377608243569	-1.081377608243579	-0.1049285804589407	0.03745360449111475	-0.156660351889986	-0.05133039616912143	-0.302804382018023	0.02400855955764293	-0.002938929184399835	-0.2882113461043591	0.03504460148537348	0.03427540108295313	0.2638057612887763	-27.03558981876598	-11.46318230864458	2.989232297309846	2.03111507607466	-619.8957044495816	-49.94447480226849	-3.976035619377393	1.613169848776843	0.4355886453101521	1.474649484924317	-5.801232695605155	0.4132619065278631	-1.739095451313815	0.1476156488645261	-4.74633118363487	-4.746331183633235	-0.3002445867648135	0.3589579411870397	-1.016963827655726	-0.03190049471710905	-1.005598606579221e-07	-4.318465559520422e-08	6.80672511124125e-07	6.420906193452e-08	-1.458668368365094e-07	5.611363209249725e-07	-1.396088054265329e-07
1.22	-0.5134077643935394	-0.0681299229145792	0.6167302671946726	1.679743675774753	-0.467243677811126	-0.0352707849005604	-0.26177273499471	1.276660355580304	1.276660355580227	-0.09246123325922087	-0.1717772648600396	0.2190956384654852	-0.00970035121807301	0.3232224294653892	0.07651033825494159	0.3973700039785178	-1.415575038598003	0.03054598396015173	-0.4592699997211411	0.002972627490870181	-1.128525498558747	-1.128525498558746	-0.1080482020950075	0.04103110863832218	-0.1668719090960136	-0.05159991261745905	-0.3005368773865774	0.02466720842508267	-0.003271968543705507	-0.2861461928722132	0.03529455240041387	0.03480433395397663	0.2623949237435328	-26.82035853489068	-11.80167158726818	3.124396585492076	1.48593859104433	-617.9815231515515	-50.19597313274887	-4.349993710979807	1.612432319739773	0.4603799419589982	1.42792120124654	-5.719089701404342	0.4200076391672683	-1.660460193779513	0.2158777482003946	-4.684860917740076	-4.684860917740163	-0.3441090821006363	0.3522922619774955	-1.026408133709785	-0.0299965371069377	-1.031169638591823e-07	-4.170300224510622e-08	6.90211410289601e-07	6.977046548636706e-08	-1.490129599973527e-07	5.475709059098558e-07	-1.388153958331189e-07
1.23	-0.5100957925287294	-0.06734141272671841	0.6207744094331269	1.66530464071115	-0.4669163311920375	-0.03994678049159975	-0.2617299025513395	1.265142200428253	1.265142200428177	-0.09355672782726776	-0.1713489024133568	0.2173756943921296	-0.01021665293086519	0.339144533988478	0.0812349788502067	0.4113729655959033	-1.472056052843382	0.03496180316032531	-0.4758503893376258	0.005760118295937767	-1.1749892718169	-1.174989271816901	-0.1110227343238153	0.04464966275164315	-0.1771172088922279	-0.05161317884637089	-0.2982821118100096	0.02546637218543655	-0.003632766361149895	-0.2837616678653117	0.03537417013149147	0.03534518655610198	0.2610265089930031	-26.64853304866326	-12.13956162359345	3.261549052740137	0.9263002465948423	-615.9190326814911	-50.42268994098374	-4.755497469771452	1.57797583831398	0.485013394704144	1.373631438123602	-5.586234579274622	0.4580568697173605	-1.645115986962372	0.3351233130614369	-4.609669126398082	-4.609669126398255	-0.2699623235632642	0.3680376451673988	-1.023630762220756	0.02001986197052785	-1.050794552051548e-07	-3.891249366319159e-08	6.98482319294378e-07	7.541981369010219e-08	-1.517873909456503e-07	5.31916253937872e-07	-1.373353022236575e-07
1.24	-0.5066254243547442	-0.06650435467762623	0.6249560108469829	1.650306070046462	-0.4665436888190918	-0.04478623750708174	-0.2616542074866179	1.253162900824312	1.253162900824237	-0.09468113512366284	-0.1708840742937077	0.2155532893488832	-0.01073168500039569	0.3549016913003903	0.08621991050122085	0.4248618390588517	-1.527482158815557	0.03960513473149763	-0.4919622846092869	0.009545151757065388	-1.220754388936859	-1.220754388936861	-0.11383074776432	0.04832424323128458	-0.1873641030741825	-0.0513459839651293	-0.2960273462334359	0.02626553594578854	-0.003993564178603999	-0.2813771428584105	0.03545378786256772	0.03588603915822427	0.2596580942424803	-26.48398665142225	-12.47671286288209	3.399195437503826	0.3823841825594292	-613.9616826256896	-50.65179719325114	-5.193449815981791	1.579442877504471	0.5124381531088061	1.325103570359144	-5.508108046763429	0.4655101133670176	-1.566761324814789	0.4153862794123273	-4.545129690101325	-4.545129690101311	-0.3108053244400339	0.3634975352415863	-1.026727010857847	0.02609568492374472	-1.024093090328646e-07	-2.359011171546402e-08	7.035386875075563e-07	8.199066373421429e-08	-1.498381298211161e-07	5.095500342656098e-07	-1.319658979357135e-07
1.25	-0.5029982090169643	-0.06561614580545648	0.6292698579322372	1.634758534972104	-0.4661235766809733	-0.0497844227347805	-0.2615359121225911	1.240729608609277	1.240729608609278	-0.0958329244097756	-0.170382413836985	0.2136284402528434	-0.01124276567228213	0.3705146978490079	0.09146446300488459	0.4378142189701528	-1.581836342966513	0.0444549113595605	-0.5075924255039811	0.01426677282996467	-1.265771991706809	-1.265771991706809	-0.116496226104566	0.05201444075142177	-0.1976007865357998	-0.05082198018475136	-0.2933510989537629	0.02697999724865912	-0.004380719036386985	-0.2788602187218763	0.03562417891019488	0.03646445595664693	0.2579497241790879	-26.26502279555659	-12.84596106797088	3.54910360691192	-0.1990967550241617	-611.5850289291334	-50.94486918885239	-5.664539676890954	1.548216421264823	0.5368717738278191	1.266272227011777	-5.370811188539998	0.500267269319394	-1.548879723319145	0.5234777883529008	-4.460241462680238	-4.460241462679895	-0.239808816212365	0.3729275553394132	-1.021391043092316	0.07269484593869083	-9.833718045373189e-08	-4.475189143872102e-09	7.076222341653823e-07	8.884038933528256e-08	-1.464593303061197e-07	4.851526822630003e-07	-1.254194654161237e-07
1.26	-0.4992156662381532	-0.06467420981328358	0.6337104222217039	1.618673110538383	-0.4656538556102147	-0.05493645722173475	-0.261365814994406	1.227850107188095	1.227850107188169	-0.09701044642477465	-0.1698436220660701	0.2116013739163314	-0.01174717788209599	0.3859671795066046	0.09696533450185003	0.4502052799013056	-1.635060030688599	0.04952692125936389	-0.5227321364595714	0.01990550458783203	-1.309996230166296	-1.309996230166294	-0.1189772935406321	0.05575050606914446	-0.2078075511685633	-0.0500122915506187	-0.2906748516740777	0.02769445855152337	-0.004767873894139349	-0.2763432945853435	0.03579456995781803	0.03704287275505867	0.2562413541157103	-26.05345717234509	-13.21440959898944	3.699450233332832	-0.7670098966204338	-609.3171034923315	-51.24319410657245	-6.169133406443473	1.54733789930029	0.5637019517691422	1.2128397743295	-5.282008760989383	0.509956767715123	-1.468675336993971	0.5988084164059215	-4.386456828008805	-4.386456828008814	-0.2739231436040448	0.3726710947586834	-1.020743245087099	0.08323265567468556	-9.294266735707237e-08	1.61664876821936e-08	7.035647465496568e-07	9.415918198765243e-08	-1.406821127639958e-07	4.570960093442758e-07	-1.176296487686516e-07
1.27	-0.4952793633639732	-0.0636760120853708	0.638272012333638	1.602061202742909	-0.4651324103868402	-0.06023737008896208	-0.2611349229175198	1.214532482055724	1.214532482055741	-0.09821203126084969	-0.1692674277341257	0.2094723851986594	-0.01224221799008853	0.4012626005422746	0.1027134939745313	0.4620107677566585	-1.687112911478484	0.05479813712063282	-0.5373645189739388	0.02641719993109902	-1.353380513146717	-1.353380513146708	-0.121306959400597	0.05949254333660318	-0.2179826407964978	-0.04894924601905932	-0.2876255796242632	0.02848785832739869	-0.005181509615454729	-0.2735923731138318	0.03593663093787489	0.03755506263467263	0.2542156368662389	-25.8276036229657	-13.55460972606313	3.843023066621769	-1.301381603148453	-606.6174313742496	-51.48294554951594	-6.707610884730886	1.51601460092417	0.5862854331343268	1.149080622202143	-5.135648599080681	0.5410161657360669	-1.44771119963313	0.698993464482773	-4.292150122742907	-4.292150122741924	-0.2075908022115897	0.3757498282017083	-1.014747792630603	0.1247243422573761	-8.710140273422135e-08	3.732395986450045e-08	6.967569095171908e-07	9.896076756275929e-08	-1.340946188613559e-07	4.278030793592963e-07	-1.09419769915814e-07
1.28	-0.4911910322003913	-0.06261915026510788	0.6429485927903383	1.584935021967321	-0.4645571905707714	-0.06568204507953181	-0.2608345852129595	1.200785466875612	1.200785466875569	-0.09943593325453343	-0.1686536570724117	0.2072418743905109	-0.01272525087469328	0.4163728373868999	0.1086981529718765	0.473203348854575	-1.737914626712076	0.06028183979803473	-0.5514845611273065	0.03379463012219491	-1.395874239714507	-1.395874239714491	-0.1234407250613181	0.06326577202255212	-0.2281119692637916	-0.0476108468730676	-0.2845763075744311	0.02928125810326903	-0.005595145336728602	-0.270841451642322	0.03607869191792729	0.03806725251427704	0.2521899196167876	-25.60872695153718	-13.89420709846369	3.987206377621403	-1.827535185865652	-604.0237754503534	-51.72954862919135	-7.28196769482002	1.510301061091343	0.6110018567019199	1.090258422842219	-5.031775649731148	0.5524541309417185	-1.366207264794033	0.7719553859716931	-4.208345545482626	-4.208345545482604	-0.2347431037553131	0.3789093784567257	-1.01159101295895	0.1383033785611474	-8.676519145249636e-08	4.219485903624557e-08	6.918066082642193e-07	1.015075716529669e-07	-1.318899956929426e-07	4.044619791813489e-07	-1.05922039562647e-07
1.29	-0.4869524514481869	-0.0615012741472083	0.6477339739923453	1.567307110854436	-0.4639261160459836	-0.07126543739748004	-0.2604564072457917	1.186618134641406	1.186618134641378	-0.1006801213591627	-0.1680021401767984	0.2049103743376154	-0.01319354862812815	0.4313118299628754	0.1149143121938344	0.4837643779279111	-1.787447905616778	0.06596662891644504	-0.5651228363686117	0.04196777196791258	-1.437428030896957	-1.43742803089696	-0.1253476131816451	0.06703015358060643	-0.2381731910859853	-0.04600209595751537	-0.2810875179103584	0.02990759515997858	-0.006034245386297364	-0.2680052049233102	0.0363032046587634	0.03863747680639237	0.2497945689335866	-25.33897061681256	-14.27500420781745	4.146053133894008	-2.377533063495533	-601.0234763836726	-52.07383533956364	-7.893531499183248	1.480965757219648	0.6325299342343362	1.022721873819687	-4.881163631226714	0.5814369926512017	-1.352056119926401	0.8590148823276734	-4.104248733289633	-4.104248733292402	-0.1612757641712645	0.374233669769943	-1.001149810332602	0.1790648796566099	-8.84933751736936e-08	4.095829332903017e-08	6.87552882928558e-07	1.032088326863373e-07	-1.313289490498644e-07	3.833528151810386e-07	-1.041913648968564e-07
1.3	-0.4825654272899491	-0.06032011504123087	0.6526217048299338	1.549190455028429	-0.4632372044919391	-0.07698309616106759	-0.2599926936004745	1.172040193929643	1.172040193929631	-0.1019419011645929	-0.167313173240546	0.2024787096578015	-0.01364437808608659	0.4460615185936116	0.1213547505874502	0.4936732759708659	-1.835663569336963	0.07184924564927542	-0.578337850255021	0.05090176575186663	-1.477995935225943	-1.477995935225964	-0.1269590652219665	0.07075578015026725	-0.2481448946474999	-0.04411718777778913	-0.2775987282462767	0.03053393221668933	-0.006473345435935517	-0.2651689582042976	0.03652771739959906	0.03920770109850994	0.2473992182503947	-25.07616618937885	-14.65346008792294	4.303242395102132	-2.918681740156094	-598.1337327669587	-52.42306729324924	-8.53027326503131	1.472440272043488	0.6558576910334872	0.9598322167659827	-4.768252612827915	0.5920196538257297	-1.281554993814882	0.9241257736189608	-4.011168174789667	-4.011168174789688	-0.1756558877541959	0.371158380778027	-0.9936873608231243	0.1935348313959442	-6.829142714609897e-08	-7.92587593578088e-08	2.80261648319855e-07	3.812846973559194e-08	-8.661707370127171e-08	1.81637211548965e-07	-6.574259978660962e-08
1.31	-0.4780318072101035	-0.05907348612190457	0.657605215822766	1.530598240992973	-0.4624886665820225	-0.08282899511594911	-0.2594360817132378	1.157061541017895	1.157061541017872	-0.1032202039157958	-0.1665865577828226	0.1999477111324058	-0.01407529524908729	0.4606262508334608	0.1280023372512092	0.5029146549038569	-1.882544367823018	0.07789002508139224	-0.5907898848644033	0.06053272970043662	-1.517560798934536	-1.517560798934552	-0.1286330142576747	0.07455088597283681	-0.2580394457458084	-0.04202257899254899	-0.2737718100508431	0.03128955076175015	-0.00692547955730347	-0.2621013501209987	0.03665359421322238	0.03967364066118589	0.2446939335541683	-24.82617356755614	-14.9762517372467	4.442270727330463	-3.369901768790417	-594.8668472386524	-52.67197066816311	-9.181530400784006	1.443058378316275	0.6738880179293105	0.8891498006173408	-4.612756857358461	0.6149536505513026	-1.219216412252109	0.9993994062090871	-3.903069184687982	-3.903069184687238	-0.1530474235904424	0.3811282077963012	-0.9850638164750908	0.224079328223305	-3.900413882257594e-08	-2.48767728079065e-07	-2.940022687019712e-07	-5.461856600857374e-08	-2.361414074610811e-08	-9.490105993055591e-08	-1.208205434937334e-08
1.32	-0.4733536260721878	-0.05775944556316428	0.6626777124187383	1.511544266294485	-0.4616787515652553	-0.08879785216047469	-0.2587797966463682	1.141692454725903	1.141692454725869	-0.1045132027597757	-0.165822502961913	0.1973182221295992	-0.01448393523900851	0.4749737302077366	0.13483707847025	0.5114703965989189	-1.928015701943638	0.08412466701937471	-0.6029294681838727	0.07083640167833101	-1.556082611274883	-1.556082611274895	-0.1298982837778349	0.07824365278740185	-0.2678429901297323	-0.0396617531618985	-0.2699448918554019	0.03204516930681214	-0.007377613678725234	-0.2590337420376984	0.03677947102684596	0.04013958022386534	0.2419886488579494	-24.58265767955418	-15.29573139053181	4.578283589488262	-3.82237659921234	-591.7121805009787	-52.93816276813456	-9.847378223609423	1.42898969892881	0.6932886020898192	0.8227047691801993	-4.486359739740821	0.6307921549988609	-1.219064735832286	1.058667379483836	-3.802557901140628	-3.80255790114071	-0.09391998464458337	0.3506905791771217	-0.9754860179462238	0.246778240478007	3.551967193877607e-09	-3.938716266958303e-07	-8.870598131354516e-07	-1.440208691815278e-07	5.200083899661773e-08	-3.502182199671354e-07	4.923022586947374e-08
1.33	-0.4685329932975179	-0.05637619542762944	0.6678322938460303	1.492042590175353	-0.4608058414542348	-0.09488451319054193	-0.2580174530571459	1.125943372834716	1.125943372834735	-0.1058191093230017	-0.1650214255241994	0.1945910315319504	-0.0148681528441378	0.4891102751738474	0.1418362099363903	0.519325436444502	-1.972065401821542	0.09048455806779272	-0.6143265399029603	0.08172390030319285	-1.59354901914667	-1.593549019146688	-0.1312366554924231	0.08196484068753698	-0.2775810702570323	-0.03714591590501241	-0.2657358218071583	0.03270468896551704	-0.007772940187138584	-0.2557893513385229	0.03673711638887719	0.04059626763124564	0.2389241643564593	-24.37193596511768	-15.60275110905233	4.70922555722084	-4.153134737737277	-588.1520605559818	-53.24524699205541	-10.52806458435926	1.399629388742533	0.7066623756391821	0.7488678273921039	-4.326127580463729	0.6429443127936398	-1.088492060046751	1.117528724550493	-3.690997184039896	-3.690997184040763	-0.1469361297811635	0.3814362206311003	-0.9709233395814091	0.2596570531093585	5.215709304093174e-08	-5.278496845296662e-07	-1.488685040653657e-06	-2.31898367799959e-07	1.333654283042615e-07	-5.9586104978708e-07	1.140307969446433e-07
1.34	-0.4635722665745292	-0.05492226658608061	0.673061818518807	1.47210804656371	-0.4598684610861242	-0.1010828376718196	-0.2571434869575625	1.109825163874044	1.109825163874116	-0.1071370276763533	-0.164183415542443	0.1917668692671368	-0.01522607795973513	0.5029925198715713	0.1489728196730458	0.5264590456958756	-2.01458920044539	0.09701871843742493	-0.6252621584260367	0.09316090375058175	-1.629908025172146	-1.629908025172169	-0.1323006418036191	0.08563016159564778	-0.2872373235627134	-0.03440325525550823	-0.2615267517589236	0.03336420862422265	-0.00816826669564538	-0.2525449606393446	0.0366947617509106	0.04105295503862938	0.2358596798549595	-24.16665640928827	-15.90692694249629	4.837555300988337	-4.499649255373018	-584.6953922020989	-53.58382756312838	-11.22399651210664	1.378129645251432	0.7207842561928738	0.6784186503382693	-4.181179488929865	0.665646019241704	-1.126774096630066	1.16856834398925	-3.581077531878453	-3.58107753187846	-0.03904290396611754	0.339517180772253	-0.9591206536224578	0.2921429190016183	9.139175309307667e-08	-5.632876848536643e-07	-1.817833841912969e-06	-2.706257265988342e-07	1.894482196574815e-07	-7.069432552772349e-07	1.57238681829946e-07
1.35	-0.4584739596558132	-0.05339624855284344	0.6783590740558687	1.451755688884301	-0.4588651601987276	-0.1073877919998991	-0.2561526156993348	1.093348936582323	1.093348936582353	-0.1084650291521567	-0.163309103388568	0.1888466584636928	-0.01555576452820595	0.5166163707048116	0.1562566914915408	0.5328698700517692	-2.055625927653624	0.1036607317691221	-0.6356407827709536	0.1050982265855605	-1.665141975142968	-1.665141975142986	-0.1332713705443314	0.08922517576492897	-0.2967735265269381	-0.03149940384105641	-0.2568443184567929	0.03381460010434664	-0.008500491092936466	-0.2496299856838683	0.03730372100106661	0.04136294672138841	0.232421905983727	-23.74187182859304	-16.18042416455344	4.954821931569887	-5.004507423772273	-581.0060397686235	-53.86349098726914	-11.93576457177419	1.346672770116326	0.7360163659667884	0.6041352281802465	-4.026417824801493	0.6666937734031761	-0.980055883735973	1.219046056851766	-3.465275247108687	-3.465275247107855	-0.12194237239239	0.368002072362217	-0.9462382786176535	0.2950382818262974	1.259411802477673e-07	-5.494556564227469e-07	-2.010744430042844e-06	-2.847780154879329e-07	2.328901120334905e-07	-7.507451486024994e-07	1.896502236203161e-07
1.36	-0.4532409822352141	-0.05179662625716357	0.6837167820164823	1.431000664235202	-0.4577947962213604	-0.1137938624274911	-0.2550398248520377	1.076526225487409	1.076526225487398	-0.1098019088180209	-0.1623991393855267	0.1858320119984475	-0.01585530617670039	0.5299266202482925	0.1636936721615898	0.5385495304062773	-2.095122594383116	0.1104313364315979	-0.6454853783284091	0.1175448215645243	-1.699204785810771	-1.699204785810783	-0.1340762798157878	0.09276053142845711	-0.3061244559229698	-0.0283742712602311	-0.2521618851546783	0.03426499158446724	-0.008832715490267659	-0.2467150107283903	0.03791268025122408	0.04167293840414469	0.2289841321124786	-23.32135364636205	-16.45160979455012	5.069934290982231	-5.532078446910648	-577.4054516108416	-54.1801646799435	-12.66417845031969	1.315409387299548	0.7514060265036748	0.5321858500611372	-3.873167393181809	0.691364285397417	-1.019968339137826	1.27042277278627	-3.346849671274443	-3.346849671274449	-0.0058790101149593	0.3275854796216433	-0.9220659399838652	0.3363991522763141	1.603240127699758e-07	-5.633447935991237e-07	-2.241654985562519e-06	-3.08361122404687e-07	2.802358473899223e-07	-7.903175765193e-07	2.207793191005911e-07
1.37	-0.4478763921434353	-0.05012198051355986	0.6891276031055878	1.409858349702963	-0.4566562757228623	-0.1202952778802941	-0.2538003135354954	1.059368747368078	1.059368747368034	-0.1111466574168014	-0.1614540104881836	0.1827246663334294	-0.01612281073210003	0.5429364377063879	0.1712494843477636	0.5434882574808413	-2.1330667642101	0.1172898139632642	-0.6547173355361671	0.1304241491799923	-1.732085662981751	-1.732085662981783	-0.1348374463284554	0.09625396544986699	-0.3153178778475155	-0.02509815081531388	-0.2473294442965116	0.03471796193889149	-0.009077295763011202	-0.2434216138154858	0.03793066248669761	0.04195365212014685	0.2253488436737269	-23.07640657547856	-16.67256845008224	5.169304219634152	-5.782804614379267	-573.4985296410465	-54.49094197303979	-13.41025060268689	1.285568869445196	0.7597004143236517	0.4558212879068232	-3.713955966297493	0.6860436098315668	-0.8625353397217066	1.306693871335766	-3.227982994767669	-3.22798299477061	-0.1059552454560208	0.3580015704345788	-0.9140333544388848	0.3278947431155135	1.946157388525455e-07	-5.923939432169891e-07	-2.493346773248491e-06	-3.371017079303152e-07	3.297164968762729e-07	-8.275770155408471e-07	2.51207076755033e-07
1.38	-0.4423833436882001	-0.04837137032816455	0.6945840324957895	1.388344810634686	-0.4554485796244915	-0.1268865580908013	-0.2524300077197165	1.041888605226086	1.041888605226009	-0.1124979616354324	-0.1604743914092176	0.1795261758420158	-0.01635661883254728	0.5556182929397108	0.1788865605199098	0.5476711906255189	-2.169367501590714	0.1242664564061441	-0.6634583298690012	0.1437037214118087	-1.763737590343046	-1.763737590343098	-0.1353874037856576	0.09965856775263381	-0.3243534212020194	-0.02163498026975334	-0.2424970034383455	0.03517093229331202	-0.009321876035769727	-0.2401282169025812	0.03794864472217003	0.04223436583614396	0.2217135552349759	-22.83476017089753	-16.89197616333657	5.267317158835401	-6.066865924959735	-569.6707139720544	-54.8427841350019	-14.17516440453891	1.249816942345032	0.7676588236981289	0.3810270640838431	-3.544480903907654	0.7149972676401105	-0.9217757641530602	1.350471696055921	-3.10105970933759	-3.101059709337586	0.03636280097813838	0.3098191358930285	-0.8904902259755189	0.373809172404971	2.306141759031412e-07	-5.839905998915902e-07	-2.694012986052255e-06	-3.517509489057551e-07	3.772076823273236e-07	-8.367346299573608e-07	2.811814634049551e-07
1.39	-0.4367650515247503	-0.04654400921751439	0.7000785116632413	1.366476325005086	-0.4541707837603788	-0.1335625276018645	-0.250925193041966	1.024098136977258	1.024098136977233	-0.1138543096904417	-0.159461201227667	0.1762381616344703	-0.0165551638448668	0.5679770425443273	0.1865957300715877	0.5510963697990249	-2.204045772916962	0.1313040971429417	-0.6716453300327598	0.1573124440852677	-1.794138212100431	-1.794138212100485	-0.1358570906477745	0.102970817706432	-0.3332123431838597	-0.01804759777587394	-0.2373209150295619	0.03537314003791719	-0.009481114658673712	-0.2369687268141556	0.03815015266516989	0.04243839603824114	0.2177700775688269	-22.52473634830159	-17.085787982017	5.356376355920309	-6.332822760051713	-565.6203418345347	-55.19696870011536	-14.95889964165414	1.219493529262198	0.7739842003153233	0.3041107346191603	-3.38685796699736	0.7002893549209575	-0.7533526269932007	1.374057045045409	-2.976950828023095	-2.976950828023341	-0.0849892381789378	0.3400344379861332	-0.8781029073974516	0.3555993529802622	2.67631134015302e-07	-5.532365752935983e-07	-2.864228452555355e-06	-3.579908391012448e-07	4.235116069831164e-07	-8.291218006579683e-07	3.10885289939278e-07
1.4	-0.4310250539533066	-0.04463926877546494	0.7056034121005552	1.34426958511822	-0.4528221831132541	-0.1403176052114664	-0.2492826942390702	1.006010185027041	1.006010185027067	-0.1152146255757477	-0.1584152672440027	0.1728626562624846	-0.01671695571922737	0.5799593745386341	0.1943624267997698	0.5537554445979395	-2.237018353043765	0.1384274130085944	-0.679279949576755	0.1712405464409093	-1.823234330621181	-1.823234330621236	-0.1361809698447842	0.1062073281747472	-0.3418516540900671	-0.01428435267796079	-0.2321448266207807	0.03557534778252184	-0.009640353281627607	-0.2338092367257282	0.03835166060817013	0.04264242624033863	0.2138265999026755	-22.21744009574534	-17.27850087145087	5.44455255995448	-6.63634258723067	-561.6420128173689	-55.59761192823921	-15.76138474073856	1.174533420283065	0.7791642589989515	0.2278061891655948	-3.203342664018294	0.7321322934111208	-0.8112996402003505	1.414347632492457	-2.840159062010366	-2.840159062010365	0.06552433399958353	0.2946712387964286	-0.8465680108489559	0.4089816932117183	3.042965504233979e-07	-5.192306074735649e-07	-3.024851231213024e-06	-3.623740214643613e-07	4.699631518285042e-07	-8.069143965376215e-07	3.389287322167413e-07
1.41	-0.4251670392849377	-0.04265663738278474	0.7111510757442745	1.321741515912548	-0.4514021661974806	-0.1471461158849018	-0.2474996220305476	0.9876378259743729	0.9876378259743904	-0.1165779353277284	-0.1573373900074768	0.1694018426598043	-0.01684054996384403	0.591574002867536	0.2021662155518212	0.5556476208667424	-2.268298913079054	0.1455814350003841	-0.686328152122359	0.1854110315599209	-1.851007760443407	-1.851007760443466	-0.136462088788656	0.1093590193697854	-0.3502692458600369	-0.01041330628840056	-0.2267346316235572	0.0357150115425698	-0.009707687929655141	-0.2306274654245623	0.0385048231959897	0.04266549911373429	0.2096424852775642	-21.92059891533575	-17.38023625751985	5.50616363763904	-6.812804615803303	-557.4642753686099	-55.87503528694445	-16.58257119441062	1.14455695376718	0.7812673824712736	0.1505810114396697	-3.045851386265992	0.7083245433776371	-0.6371493442520584	1.423969396058259	-2.711552433944636	-2.71155243394535	-0.07222392366039157	0.3233976383457685	-0.8331501719639102	0.3798019625715542	3.407334647238516e-07	-4.831108765592044e-07	-3.179238762771163e-06	-3.655503437364352e-07	5.165106497971286e-07	-7.752205187836538e-07	3.658929247272458e-07
1.42	-0.4191949524503658	-0.04059591186275143	0.7167137926838222	1.298909553363925	-0.4499103515835267	-0.1540422223402968	-0.2455737308819444	0.9689946091251587	0.9689946091251685	-0.1179435150521621	-0.1562283999433053	0.1658580940570452	-0.01692470657441643	0.6027738077793778	0.2099812522703929	0.5567661037636281	-2.297797021633612	0.152786952644765	-0.6927991059684293	0.1998043344570443	-1.87740588993027	-1.877405889930334	-0.1366349643357219	0.1124298937043549	-0.3584386541057232	-0.00639682586910508	-0.2213244366263392	0.03585467530261217	-0.009775022577631227	-0.2274456941233995	0.03865798578380749	0.04268857198712132	0.2054583706524493	-21.6260536930671	-17.481698681029	5.567880745539878	-7.031445227341506	-553.3529850671396	-56.20429414484023	-17.42216905312486	1.091568736871022	0.781413852303001	0.07306751478220241	-2.846852367872098	0.7424314239293548	-0.6958499002936464	1.45891118811483	-2.56509899493775	-2.565098994937753	0.08717301336075371	0.2785078667027086	-0.7969313059922367	0.4380684991587655	3.741882605525787e-07	-4.394249597966152e-07	-3.302728104669915e-06	-3.63694156267601e-07	5.591096229634174e-07	-7.274249913633396e-07	3.892048868571784e-07
1.43	-0.4131128681540178	-0.03845704219854615	0.7222838438472302	1.275791381615665	-0.4483464248607688	-0.1610002161759517	-0.2435030640080459	0.9500943212336106	0.9500943212336317	-0.1193105088340843	-0.15508919485824	0.162233903796502	-0.01696820812884094	0.6135674141181905	0.2177874136936289	0.5571147722878232	-2.32552980448823	0.1599994598319099	-0.6987094513818	0.2143524110042974	-1.902410504493821	-1.902410504493842	-0.1367423560585833	0.1153990407345889	-0.3663515590204006	-0.002284616019602339	-0.2157491231051627	0.03575547613420252	-0.009747205998954693	-0.2242439746103702	0.03865854988202687	0.04266461814189344	0.2010911791926661	-21.37661682947557	-17.55076885051722	5.61978205304051	-7.117832749450038	-549.1110014684549	-56.54830463010821	-18.27953412903476	1.061980632750465	0.7793560699455486	-0.003513731762101582	-2.69027950950979	0.7113042555866795	-0.5247254555269784	1.456261490283911	-2.432048892048414	-2.432048892041819	-0.05661012250694175	0.3036130660158209	-0.7813572118880089	0.4010926438893601	4.055350071168093e-07	-3.90390532348209e-07	-3.404375622843928e-06	-3.582805050164007e-07	5.989173975625381e-07	-6.682472633168145e-07	4.099350999249823e-07
1.44	-0.4069251029842097	-0.03624028316358618	0.7278535256452804	1.252405124385806	-0.4467102442882439	-0.1680145331844744	-0.2412862152482244	0.930951205955429	0.9309512059554634	-0.1206779595047111	-0.1539207993139105	0.1585320070612752	-0.01696992850156179	0.6239099824715693	0.2255591264213298	0.5566922306920082	-2.351414117952974	0.1672377225982414	-0.7040637405418995	0.2290407116416864	-1.925971367256757	-1.925971367256734	-0.1367263420773399	0.1182679855581073	-0.3739799490423788	0.001959410471633819	-0.2101738095839894	0.03565627696578921	-0.009719389420218891	-0.2210422550973448	0.03865911398024469	0.04264066429665941	0.1967239877328813	-21.12931198313783	-17.6199166057553	5.6722130196071	-7.248593740964851	-544.9335074100295	-56.94809219575508	-19.15371092944933	1.001361139784253	0.7745241131959748	-0.08117450921981743	-2.477158489897493	0.7475825397666827	-0.584638649639415	1.486956006141983	-2.276348634814792	-2.276348634814793	0.1118541541817132	0.2584674253595925	-0.740028327452408	0.4644318275054465	4.35291138963972e-07	-3.225818077891209e-07	-3.476909719213224e-06	-3.459240063952847e-07	6.362356860941812e-07	-5.978187399174446e-07	4.293207139094867e-07
1.45	-0.4006360965985035	-0.03394605071236166	0.7334151507921453	1.228769133049526	-0.4450017640089098	-0.1750797039913073	-0.2389220875970524	0.911579741500006	0.91157974150002	-0.1220448628254081	-0.1527243288820859	0.1547552507670858	-0.01692880085796252	0.6338087635534633	0.2332733515374874	0.5555045193866317	-2.375463792840604	0.1744533564234911	-0.7088703443212181	0.2437911686698846	-1.948068883011828	-1.948068883011842	-0.1366429460176111	0.1210183926798095	-0.3813189102600179	0.00627986973325251	-0.2044297817219464	0.03552897249651871	-0.009601037499449475	-0.2178581268873246	0.03865107967125996	0.04235533643916911	0.1921676001963035	-20.88736535387779	-17.56222299241743	5.690269090865766	-7.244088022376189	-540.6480354204485	-57.14732647719391	-20.04330887828606	0.9718308095313987	0.7677058285943634	-0.1566737880750198	-2.320730085131599	0.7082852198673456	-0.4132497765683177	1.470043062739325	-2.13864812669851	-2.138648126704012	-0.04183214968130867	0.2814612733964963	-0.7230231674127666	0.4183654795395038	4.638259059391001e-07	-2.403571050914738e-07	-3.527088866696755e-06	-3.282363928294122e-07	6.716424049668683e-07	-5.187512129435688e-07	4.476738678836005e-07
1.46	-0.3942505635585515	-0.03157510918642183	0.7389610779565807	1.204902273344981	-0.4432211811081311	-0.182189856542831	-0.2364102648732825	0.8919948628708634	0.8919948628708565	-0.1234106150818161	-0.1515007275954815	0.1509066662310213	-0.01684396612093722	0.6432153133209368	0.2409009413643919	0.553552634206117	-2.397587791605669	0.1816582468872706	-0.7130600894801458	0.2585797261613079	-1.968654202000709	-1.968654202000759	-0.1364961292198734	0.1236941565143509	-0.3883455974173816	0.01070082915684837	-0.1986857538599051	0.03540166802724719	-0.00948268557866524	-0.2146739986773058	0.03864304536227472	0.0420700085816771	0.1876112126597242	-20.64781329171231	-17.50540004247793	5.709939760533589	-7.28406614471919	-536.4289326096862	-57.40746587188598	-20.94656498850504	0.9029148769001945	0.7571970553453466	-0.2340092842474363	-2.092023265384507	0.7454338674726323	-0.461266925561196	1.494576098787003	-1.973909281576809	-1.973909281576821	0.1245383017834677	0.2435387679274164	-0.6775735153973478	0.484531859900878	4.859411718107434e-07	-1.334564775818337e-07	-3.515308526627279e-06	-2.993461995192491e-07	6.969498657941287e-07	-4.285335903760792e-07	4.612465130448287e-07
1.47	-0.3877733794938286	-0.02912834075437123	0.7444837147360187	1.180823612193687	-0.4413687894887044	-0.1893393499901136	-0.2337506050118538	0.8722117663970065	0.8722117663970262	-0.1247744394211938	-0.1502511076087532	0.1469894831913135	-0.01671456929145092	0.6521308087397328	0.2484355017913099	0.550850399170482	-2.417819800020064	0.1888078846341858	-0.7167417826855499	0.2733467456206173	-1.98770136936061	-1.987701369360575	-0.1362602653785413	0.1262173845684244	-0.3950260488562788	0.01519072971552984	-0.1927150733609869	0.03482967105210837	-0.009293926466111404	-0.2118057022729357	0.03896081378741526	0.04172505319711155	0.1828523614857253	-20.30679984740463	-17.43820990011782	5.725401126396166	-7.347875267996709	-532.2022530365476	-57.70306265734071	-21.86121529791484	0.8723357687659178	0.7489504536049414	-0.3068346177822867	-1.940006773112436	0.6983310036379263	-0.3066651993552371	1.466939793935703	-1.830657029221976	-1.830657029209203	-0.02570890302843042	0.2541629722239983	-0.653573429205814	0.4334410273595224	5.027068534294826e-07	-5.992579395532174e-09	-3.451895280263629e-06	-2.611205230888433e-07	7.138412782502001e-07	-3.290242214805777e-07	4.708354008619857e-07
1.48	-0.3812097466960394	-0.02660675373460347	0.749975628364188	1.156552387529519	-0.4394451810367418	-0.1965226693057148	-0.2309434399709457	0.852246090936345	0.8522460909363931	-0.1261356689878218	-0.1489767657118725	0.1430074371430025	-0.01653982908167629	0.660505059934396	0.2558646589078232	0.5474080039524158	-2.436100494180275	0.1959016133945806	-0.7198252631439632	0.2880807620572398	-2.005169999361523	-2.005169999361403	-0.13597717467067	0.1286385385455664	-0.4013181991379721	0.01976950521452118	-0.1867443928620722	0.03425767407696834	-0.009105167353524927	-0.2089374058685684	0.03927858221255524	0.04138009781254384	0.1780935103117232	-19.96900578881323	-17.37147333272249	5.742099019442009	-7.449903575065365	-528.0516831092846	-58.0630356669646	-22.78290665277752	0.7946660320735855	0.7361163932643959	-0.3820413207336673	-1.70176041454769	0.7342520701685793	-0.3416243761630613	1.487975494249612	-1.658201809779485	-1.658201809779495	0.1339836750913085	0.2231239525411264	-0.5999132839565531	0.5023068479628499	5.178846671211696e-07	7.15989732674745e-08	-3.434228757818303e-06	-2.385437311524243e-07	7.353329461256503e-07	-2.37186852595054e-07	4.776046036075686e-07
1.49	-0.3745650153269391	-0.02401156364925034	0.7554294448010511	1.132108149227003	-0.4374509965148322	-0.2037338917242211	-0.2279893498837358	0.8321136671516417	0.832113667151688	-0.1274938258284598	-0.1476786533607742	0.13896431902813	-0.01631899520683354	0.6683487506484111	0.2631388844101242	0.5432329806563093	-2.452401365273724	0.2029198449525557	-0.7223180697994541	0.3027134729741185	-2.021037918969195	-2.021037918969109	-0.1356431136055155	0.1309749023063417	-0.4072464795189551	0.02440232899958992	-0.180941254216488	0.03387767726444112	-0.00880871138170208	-0.2055253580687983	0.0387247431543012	0.04083025655531503	0.173375237556265	-19.91628862104055	-17.15533803623467	5.722980679563595	-7.157111985926731	-523.8407098515077	-58.2166826824533	-23.70766427817036	0.7654260864611382	0.7178593783322257	-0.4534235130733714	-1.542290044890454	0.6837208882248609	-0.187485984972978	1.447351528818523	-1.509658027593087	-1.509658027598163	-0.01531958309206977	0.236850584749257	-0.5804760804049899	0.4449167313113215	5.316272924941746e-07	1.041135982459652e-07	-3.457910235837616e-06	-2.301111232778777e-07	7.60982537168616e-07	-1.522837914108565e-07	4.818252448461521e-07
1.5	-0.3678446059516206	-0.02134467455895036	0.7608378728691482	1.107511294295922	-0.4353870072394208	-0.2109669176442279	-0.2248896461596752	0.8118308499725934	0.8118308499726411	-0.1288483294395018	-0.1463575857726965	0.1348636799764004	-0.01605160377663365	0.6756406611782557	0.2702044598971958	0.5383303301992324	-2.466623819893049	0.2098625640950472	-0.7241859634441812	0.31720348942746	-2.035248678230151	-2.035248678230099	-0.1352465287531451	0.1332295859432597	-0.4128223865093708	0.02908101628595637	-0.1751381155709069	0.03349768045191372	-0.008512255409810305	-0.2021133102690335	0.03817090409604661	0.04028041529808472	0.1686569648008036	-19.86721068744813	-16.94049581350892	5.706275674979683	-6.904613075087299	-519.7109082819285	-58.43611016567421	-24.63372946337273	0.6843099952394597	0.6943863902185538	-0.5275667529277591	-1.28607711972289	0.7191495870718942	-0.2166417740103265	1.459436601542164	-1.32676974043649	-1.326769740436505	0.146488432534491	0.2067879277696853	-0.5294386058430866	0.5114795482223941	5.428405661957785e-07	2.668239688315601e-07	-3.347588323291444e-06	-1.875608475928168e-07	7.789331317956291e-07	-5.287899956124953e-08	4.880581856795128e-07
1.51	-0.3610540436357695	-0.01860809211967185	0.7661937526950202	1.082782218044134	-0.4332541933381601	-0.2182164573705452	-0.2216460053120241	0.791414186359241	0.7914141863592775	-0.1301983138105215	-0.1450151000793362	0.1307092255650457	-0.01573733622760179	0.6823641585708193	0.2770841807087963	0.5327322027923872	-2.478852482055262	0.2166746414172528	-0.7256009789070179	0.3314922184235514	-2.047802267666855	-2.047802267666814	-0.1347641748654275	0.135271697878543	-0.4179858529565418	0.03377903971062731	-0.1688373673036609	0.0323381035473418	-0.008213933431857419	-0.1998068835257316	0.03910217844988711	0.03958978820131674	0.1635828972513673	-19.3558905419037	-16.74180460697947	5.687984526332168	-7.019594793208092	-515.7484829524501	-58.68876331473027	-25.55979171818786	0.6502818646266681	0.6805733529497371	-0.5927916221500619	-1.140345424970601	0.6586926349064444	-0.08531503520516587	1.408721796764179	-1.177487127260657	-1.177487127262276	-0.002960450490694724	0.2029427694790176	-0.4974027506358121	0.4501815664829945	5.515750752594093e-07	5.571261701121217e-07	-3.10594308799109e-06	-1.115752574534506e-07	7.893387099350087e-07	6.07374883404591e-08	4.962631801157553e-07
1.52	-0.3541994638953218	-0.01580355078701355	0.7714902800693064	1.057941038238623	-0.4310539674976557	-0.2254764239720463	-0.2182604510247881	0.7708804201351263	0.7708804201351529	-0.1315438885061362	-0.1436521892780133	0.126505616071923	-0.01537584487894454	0.6884441460978594	0.2837962385731526	0.5264598398820541	-2.489044530637476	0.2233449519439207	-0.7262713384812475	0.3455861773445065	-2.058669200382492	-2.058669200382462	-0.1343645936729531	0.1373146075366821	-0.4226534028629809	0.03852577621104061	-0.1625366190364147	0.03117852664277296	-0.0079156114538776	-0.1975004567824317	0.04003345280372851	0.03889916110455312	0.1585088297019297	-18.84665258567144	-16.54428595403144	5.671638163449171	-7.174631048689461	-511.8412288069417	-59.00502648027821	-26.48517096582878	0.5556080221347586	0.6608538007697328	-0.6624138536253552	-0.8787544037231106	0.6907962279643812	-0.06771059628889582	1.420482586514906	-0.9894383962232512	-0.9894383962232571	0.1299338934858507	0.2069474723408622	-0.4302552976966904	0.5212221633708674	5.299461824965572e-07	8.445233096937012e-07	-2.707510040991662e-06	-2.399729580837176e-08	7.640422352895231e-07	1.58609207772675e-07	4.817996654932871e-07
1.53	-0.3472872765615681	-0.0129329744906967	0.7767207433971048	1.033008415948867	-0.4287876063664556	-0.232741099923635	-0.2147350772554001	0.7502466335852768	0.7502466335852707	-0.1328843784070177	-0.1422699115380346	0.1222576788902452	-0.01496650801258198	0.6938924231394785	0.290266322899463	0.5195227257926899	-2.497115898627789	0.2298980444575191	-0.7265448830110683	0.3594364366688101	-2.067789595236641	-2.067789595236619	-0.133740600093179	0.139138798654685	-0.4268672604683822	0.04333550295638635	-0.1567596517620666	0.03047631969207953	-0.007534281298720699	-0.1940777245467084	0.03916913653548292	0.03811829506834192	0.1537279443905058	-18.9232519134905	-16.20128712912012	5.627854809536997	-6.678780279481053	-507.9691948352898	-59.13995715400574	-27.40970285639908	0.524327867391688	0.6322069552866207	-0.7257417769345588	-0.7166884409663006	0.63325246376762	0.01105896603864581	1.359476625745799	-0.8286474001385421	-0.8286474001399023	0.0276899987756538	0.1694409323648816	-0.4068982230679547	0.4599438622261592	4.760561752930674e-07	1.128833821220112e-06	-2.14248994406197e-06	7.589756056152672e-08	7.008123295601185e-07	2.397521107060552e-07	4.432508599959393e-07
1.54	-0.3403236283929562	-0.009999273109771771	0.7818785592659411	1.008006007890351	-0.4264565769699779	-0.2400048642510469	-0.2110727650886979	0.7295305816128611	0.7295305816128211	-0.1342188167903918	-0.1408695346867081	0.1179696136862923	-0.01450925469234402	0.6987363130697474	0.2964212554947672	0.5119303480896203	-2.50300168438934	0.2362786049995186	-0.7260890136461957	0.3729738568074237	-2.075122284895907	-2.075122284895895	-0.1331542901713056	0.1409344298060841	-0.4306790073180275	0.04810906698612179	-0.1509826844877177	0.02977411274139068	-0.007152951143573501	-0.1906549923109837	0.03830482026723896	0.03733742903213728	0.14894705907908	-19.00207072231362	-15.86232720797606	5.589774023987252	-6.222584486302853	-504.1475369289178	-59.32567152509692	-28.33390842378608	0.434730599864695	0.5978234545684936	-0.7934665763664281	-0.4416379579707063	0.6562898336445975	0.07817218264982302	1.35791474937691	-0.6318973572469253	-0.6318973572469104	0.1223971619056849	0.2012354790201435	-0.349833146545473	0.5139896202488133	4.472413407084e-07	1.38177616778017e-06	-1.770848452117221e-06	1.514236235674846e-07	6.744557579866242e-07	3.147287745113966e-07	4.25025104096569e-07
1.55	-0.3333146002771139	-0.00700555958645464	0.7869573059376936	0.9829554011774473	-0.4240627168149931	-0.2472613610966805	-0.2072769046242411	0.7087501133642586	0.7087501133642197	-0.1355472358283351	-0.1394520113340141	0.1136455692232782	-0.01400447663533664	0.7029526805784005	0.3022715093278991	0.5037193187353882	-2.50675392144709	0.2424586889960071	-0.7251059336006546	0.3861334956064211	-2.080665349582553	-2.080665349582535	-0.132527842321384	0.142559309432338	-0.4340445872424619	0.05284555075011309	-0.1447859406309018	0.02856754749703512	-0.006846814039753687	-0.1882810845781069	0.03881970330339066	0.03628868451343353	0.1438628458011643	-18.66366487780164	-15.47388328138657	5.536723969870113	-6.056046344608268	-500.5996828499153	-59.39813898309053	-29.25890632905403	0.3976039882141057	0.5711804182182517	-0.8497313350487824	-0.2871375844550416	0.5936294989688287	0.124437978298844	1.285277373532584	-0.4696953577641129	-0.4696953577631615	0.03324013688803276	0.141127897206828	-0.3170686835917801	0.4532334279540399	4.473174658802003e-07	1.598576932965953e-06	-1.62201274417685e-06	1.988725985671646e-07	6.905836801145022e-07	3.826008584518245e-07	4.30215035777476e-07
1.56	-0.3262669056538163	-0.003954832710699667	0.7919509802718845	0.9578782478930096	-0.4216081034567801	-0.2545048147292987	-0.2033513899861203	0.6879233776021132	0.6879233776020729	-0.1368692960797121	-0.1380186364464984	0.10929043930738	-0.01345238260599339	0.7064696145609944	0.3078239259823355	0.4949158805772686	-2.508310998695954	0.2484292456452086	-0.7234803710434089	0.3989046915402774	-2.084375787604825	-2.084375787604799	-0.131882532857356	0.1441047367697451	-0.4368960978948703	0.05757226145329494	-0.1385891967740852	0.0273609822526851	-0.006540676935960147	-0.185907176845227	0.03933458633954463	0.03523993999473801	0.138778632523246	-18.32590824567816	-15.08933775118741	5.488879307164113	-5.930072587762506	-497.0755270192646	-59.51898051816566	-30.18415362963556	0.294843894652848	0.5382560188294185	-0.9119483371439453	-0.002605996193231706	0.6143843641872087	0.206668684990766	1.280226176348655	-0.2653720243718383	-0.265372024371835	0.1261694847269576	0.1853450212507905	-0.2470192921402535	0.5120350080869295	4.250902904325697e-07	1.776483128837515e-06	-1.414283948996228e-06	2.53830368384004e-07	6.636875604926005e-07	4.292779018562435e-07	4.227759735345831e-07
1.57	-0.3191876204611409	-0.0008502043419994599	0.7968536915809606	0.932796866664951	-0.4190947863528782	-0.2617295386931408	-0.1993002416760473	0.6670690921079564	0.6670690921079947	-0.1381841013979905	-0.1365707275862912	0.1049094663099035	-0.01285292971685282	0.7092690164175736	0.3130370870414574	0.4855345468236726	-2.507583356804614	0.2541901203509618	-0.7213558018009153	0.4112335544241801	-2.086161979352915	-2.08616197935291	-0.1310837954307859	0.1454627982649405	-0.4392180912371744	0.06230463808052419	-0.1324733056093548	0.02594010186824407	-0.006237338316997161	-0.1833741404970451	0.03938090843235266	0.03421456322291295	0.1337010212159289	-18.15203573357878	-14.68825811230337	5.440696059079119	-5.572776035492716	-493.7087822012002	-59.69174809519264	-31.09411819702623	0.254717160006628	0.5032180861483017	-0.9648937443157997	0.1677285755499889	0.5501948010926253	0.231990961849885	1.195503936886923	-0.08742020474210827	-0.08742020474504331	0.05622266794930535	0.1086548981625059	-0.2126612590908534	0.4515845528658922	3.749839892106505e-07	1.905771113066302e-06	-1.132938794765295e-06	3.181741317222925e-07	5.830113886834745e-07	4.494611445906519e-07	3.995506688869403e-07
1.58	-0.3120838954841313	0.002304630024630878	0.8016598559825313	0.9077342177145559	-0.4165252093464541	-0.2689296889809616	-0.1951285472186404	0.6462065092053788	0.6462065092054911	-0.1394910199827479	-0.1351097144742206	0.1005076989982413	-0.01220660394887495	0.7113575714280003	0.3178651255683617	0.4756064990761428	-2.504564543163179	0.2596812261496426	-0.7185656358395713	0.423013921007118	-2.086035269289582	-2.086035269289596	-0.1303051861511231	0.1467255871404797	-0.4410549607320928	0.0669468372207528	-0.1263574144446195	0.02451922148381255	-0.005933999698099929	-0.1808411041488543	0.03942723052516509	0.03318918645110243	0.1286234099086108	-17.98607495816762	-14.28917802650488	5.396698791784501	-5.224788020343615	-490.4655514871108	-59.91933564814178	-31.98126572923336	0.1526745254223787	0.4612315123858952	-1.021291135930664	0.4556283538259945	0.5604305827727233	0.339788028760818	1.170526916155668	0.1172083379129819	0.1172083379129812	0.1221438553454718	0.1662904973195443	-0.1499945226631061	0.4939995106868035	3.325367629594505e-07	2.031665204623021e-06	-8.900994640857103e-07	3.715505668482521e-07	5.217072144852861e-07	4.676107791386234e-07	3.799675311716669e-07
1.59	-0.3049629528454518	0.005505727743219403	0.8063640800078189	0.8827134786933685	-0.4139020347268226	-0.2760992815205323	-0.1908419536278356	0.6253550392330411	0.625355039233139	-0.1407896890405528	-0.1336370294319431	0.09609009376087908	-0.01151417627294765	0.7127037314933975	0.3222800106390985	0.4651549696296798	-2.499178409682519	0.2649032680334263	-0.7152480508134565	0.4341921916581761	-2.0839172770196	-2.083917277019573	-0.1294248110905751	0.1477895097922311	-0.4423793152132612	0.07152253665961449	-0.1201636270698139	0.02298150573256964	-0.00567982666995318	-0.1784766275716369	0.03971846292252742	0.0319454903141245	0.1234585336126649	-17.75951165882303	-13.80243263148835	5.33477199005222	-4.845387673343945	-487.3748322047966	-59.99138707635208	-32.84002174663621	0.1064753138532749	0.4205424744175659	-1.06949113637513	0.6408095899102237	0.4953053276827959	0.3437812372699697	1.074586315226065	0.3102405748071073	0.3102405748132176	0.07190156683536267	0.072973200243112	-0.1105655432435905	0.4366446949572158	3.004839955970831e-07	2.152953298981937e-06	-6.995180367972395e-07	4.100427708289091e-07	4.866936084733686e-07	4.830005168621451e-07	3.653273342931803e-07
1.6	-0.2978323708927681	0.008748759406515268	0.8109613072811677	0.8577587417559318	-0.4112281968210528	-0.283232490710294	-0.1864469554953915	0.6045349783640571	0.6045349783641405	-0.142079370900669	-0.1321543991529192	0.09166186305222548	-0.01077653369573744	0.7132854342289909	0.3262519145098294	0.4542071486883749	-2.491364126412891	0.2698138833772719	-0.7112889658780143	0.4446948293350432	-2.079753448618968	-2.079753448618901	-0.1285077466129896	0.1487146344895899	-0.4431800549904246	0.07598981747733137	-0.1139698396950076	0.02144378998133298	-0.00542565364181346	-0.176112150994417	0.04000969531989255	0.03070179417715556	0.1182936573167156	-17.54335837563708	-13.31703180372115	5.276678102914957	-4.463431675744949	-484.439035709389	-60.11785081767893	-33.66470525365551	-0.0002169405383747021	0.3726352723847076	-1.120549434899016	0.9412583116195001	0.4981452747850536	0.4680880106263572	1.035400321317449	0.5263755640427505	0.5263755640427497	0.1294817387529771	0.1385309064410228	-0.04527158186210354	0.4723157864578552	2.775303130324616e-07	2.233055877665073e-06	-5.8153536185999e-07	4.329611930387047e-07	4.675831751546233e-07	5.015196824789875e-07	3.54453209708293e-07
1.61	-0.2906998670453536	0.01202921354174228	0.8154466948216362	0.8328943465617454	-0.4085068448616541	-0.2903230287948371	-0.1819505003292645	0.5837668117910056	0.5837668117910074	-0.1433596813290704	-0.1306632569292374	0.08722823443223406	-0.009994782478783753	0.7130822770020901	0.3297562393649369	0.4427987979907321	-2.481100002602612	0.2743976814456228	-0.7067162589274908	0.4544622332023338	-2.073528513094526	-2.073528513094512	-0.1275503846611522	0.149487215914586	-0.4434573996116544	0.0803369075025655	-0.1077368704339113	0.01959976878411432	-0.005231784672678407	-0.1739519391614749	0.04049456319015889	0.02942898273376363	0.1130873887942295	-17.28428967736982	-12.82622927319894	5.217412583735998	-4.068221287757541	-481.7609901203944	-60.27395572116064	-34.44948357106147	-0.05035779134659754	0.3270166916384267	-1.161617177743975	1.131195677118312	0.4294393351224776	0.467526944342648	0.9273148162278758	0.7231863098530682	0.7231863098450122	0.07980538325740795	0.04244983807202449	-0.005652702257227138	0.4120832262187378	2.679977805445152e-07	2.252409820726437e-06	-5.706358466407908e-07	4.329082871364798e-07	4.719299215583064e-07	5.246547542384782e-07	3.491340417564649e-07
1.62	-0.2835733933057246	0.01534224804543326	0.819815870997019	0.8081450338579388	-0.405741466469119	-0.2973647068284587	-0.1773603902451064	0.5630714213258399	0.5630714213257606	-0.1446302297459817	-0.129165223275799	0.08279449500602977	-0.00917032483844518	0.7120794126719634	0.3327679882026245	0.4309648756712013	-2.468347628336884	0.2786191700044668	-0.7015169556938748	0.4634258129413464	-2.065198227041761	-2.065198227041801	-0.1265553443149821	0.1500929204413074	-0.4432022162330364	0.08453110215430212	-0.1015039011728161	0.01775574758690191	-0.005037915703533073	-0.1717917273285322	0.04097943106042796	0.02815617129038039	0.1078811202717384	-17.03589537663256	-12.33617132562045	5.161251946217162	-3.669906269030129	-479.2412829448139	-60.48325972504023	-35.18860915222484	-0.1601583611836014	0.2741200689007353	-1.205663759276616	1.438908402709431	0.4256833728836827	0.5934072672448503	0.8746354956618253	0.9474456697072364	0.9474456697072751	0.1370174176195024	0.1051555267860798	0.06123401810745131	0.4417367117583619	2.487445108644642e-07	2.274504747823867e-06	-5.110548939187866e-07	4.384033751139757e-07	4.573893629467834e-07	5.339791877438429e-07	3.383175944872873e-07
1.63	-0.2764611030787006	0.01868287637173349	0.8240646948730509	0.7835359299518658	-0.4029356105171865	-0.3043515836464019	-0.1726845910899347	0.5424700298039391	0.5424700298039432	-0.1458902423423787	-0.1276621443420012	0.07836606647883382	-0.008304522449278056	0.7102409000232148	0.3352694753039898	0.4187416515836537	-2.453052126753981	0.282485966188486	-0.6957543205705388	0.4715946063950452	-2.054719781220587	-2.054719781220589	-0.1254428226996817	0.1504953917966316	-0.4423909896473167	0.08860145427874674	-0.09539656372304044	0.01584677261682108	-0.004894719107282481	-0.1696763667791384	0.0415347848884286	0.02677446903948155	0.10278257571045	-16.79006126513848	-11.79763032431182	5.096511709194948	-3.245359011456913	-477.0605125783767	-60.61643458433534	-35.87638415651726	-0.2164042018256858	0.2250251615147374	-1.239312129693539	1.63798015756991	0.3569899293744877	0.5835688292598928	0.7670895155202043	1.152027220446967	1.152027220452613	0.0993955007282156	0.00353561693324983	0.1050139171318582	0.3851612540147629	2.138868999023526e-07	2.300999675610769e-06	-3.733274231001819e-07	4.528044532668118e-07	4.125297094424322e-07	5.211339124728492e-07	3.18676567261313e-07
1.64	-0.2693713392751855	0.0220458919951994	0.8281895544289675	0.7590924028859192	-0.4000931241657708	-0.3112776586742348	-0.1679312863511669	0.5219842193766755	0.5219842193767632	-0.1471389245291762	-0.126155892159244	0.07394853960516078	-0.007398921180620999	0.707574127970259	0.3372454476357611	0.4061720116481098	-2.435232260311515	0.2859452499010416	-0.6893565976719261	0.4789269296605971	-2.042082008114434	-2.042082008114398	-0.1242892623946635	0.1507275702330626	-0.4410218855284915	0.09249087805228184	-0.08928922627326634	0.01393779764674553	-0.004751522511035297	-0.1675610062297429	0.04209013871643175	0.02539276678859027	0.09768403114915672	-16.55685067823418	-11.25913090912985	5.034351085619686	-2.809712163095739	-475.0637923943327	-60.80021694980686	-36.50742473809215	-0.3258102420251172	0.1690171149819584	-1.274946928875877	1.94378137462189	0.3441808785909759	0.7204248223001598	0.7073414580324274	1.379311126702932	1.379311126703106	0.1452251555630693	0.07109694300745625	0.1728095247285555	0.4055510415764673	1.908662201661348e-07	2.294109537222018e-06	-2.9474076259501e-07	4.504474726527073e-07	3.970495706575843e-07	5.163089419713983e-07	3.021314759797811e-07
1.65	-0.2623123954397583	0.02542603382735694	0.8321871777038188	0.7348394719373644	-0.3972180100194051	-0.3181365573375799	-0.1631087882523252	0.5016353123955577	0.5016353123955829	-0.1483758136145047	-0.124647940122385	0.06954745827107904	-0.006455243692729813	0.7040736539586111	0.3386953122831393	0.3933104758971375	-2.414940665353062	0.2890094309681083	-0.6823279529771584	0.4854444659508355	-2.02734126965021	-2.027341269650372	-0.1230721444509959	0.1508324854163703	-0.4390952709838973	0.09621980612603094	-0.08339887131983868	0.01199014467665975	-0.004666424606386496	-0.1655314130645908	0.04277020210009511	0.02395264814221276	0.09279826471734508	-16.31500828492823	-10.69646895107616	4.967990590566616	-2.402502496144816	-473.5535643859169	-60.94657824260529	-37.08326406479735	-0.3833628046449036	0.1199097550527877	-1.297990696633577	2.133792563050384	0.2770532313603765	0.7086112080199553	0.6047260909729321	1.575116235407814	1.575116235378077	0.1127618059133146	-0.02450778652676528	0.2175197816564264	0.3525336540533668	1.885601700752346e-07	2.228795533025868e-06	-3.196505201383601e-07	4.187638891964539e-07	4.329835826318734e-07	5.255195048166494e-07	2.910042726010246e-07
1.66	-0.2552926957092297	0.02881806202907563	0.8360549388614751	0.7108018457397123	-0.3943143507602491	-0.3249222641709861	-0.1582249615152906	0.4814445450049077	0.4814445450048681	-0.1495999701819687	-0.1231398782521965	0.06516862955490968	-0.005475082931345247	0.6997253069905524	0.3396227215479922	0.3801995882091289	-2.392171310130877	0.2916542724590087	-0.6747182316841956	0.4911926572992118	-2.010454090020959	-2.010454090021319	-0.1217427588215382	0.1507495368989109	-0.4365713619460399	0.09978753275095015	-0.07750851636641605	0.0100424917065774	-0.004581326701738685	-0.1635018198994385	0.04345026548376012	0.02251252949584013	0.08791249828552665	-16.08101973572725	-10.13448113989873	4.904079239223983	-2.00164671947728	-472.1592763230971	-61.13106015365385	-37.60771775842583	-0.4953848333073578	0.06452603847690684	-1.324817316283134	2.439333427368302	0.2603129633577195	0.8366401419391267	0.5534724696600206	1.808599359708467	1.808599359708477	0.1676786927211032	0.0335242028540717	0.2922684233811864	0.3733107518104968	1.836028170202496e-07	2.162628195335917e-06	-3.323357719816785e-07	3.896042429065776e-07	4.623260336749606e-07	5.300087813985344e-07	2.787188760281452e-07
1.67	-0.24832072821645	0.03221673786253158	0.8397905149083852	0.6870041698002275	-0.3913862727692125	-0.3316288860159105	-0.1532874727612704	0.4614332003818089	0.4614332003817972	-0.1508102034576299	-0.1216333550450841	0.06081800240801367	-0.004459967066683166	0.6945252042349768	0.3400243875701066	0.3668884414911078	-2.366955922549156	0.2938881177803785	-0.6665088616144583	0.4961831430743281	-1.991457523630188	-1.991457523630474	-0.1202853849999739	0.1505272652016713	-0.4334513948770733	0.1032086285159558	-0.0718060092611268	0.00801490262332053	-0.004553056636287302	-0.1615855213731307	0.04416693425030915	0.02107744602889264	0.08320869325035495	-15.86679088358716	-9.571245537882797	4.839996839473991	-1.590163935525154	-471.2660428935116	-61.34178380603723	-38.08185491052952	-0.5538231640659591	0.01484800833783016	-1.338242222489535	2.623786986275871	0.1936891800015461	0.8279027816785048	0.4535440668522022	1.998731042732179	1.998731042743328	0.1378651211957916	-0.05441651616884224	0.337321377106029	0.3221686554628409	1.735767965339257e-07	2.094829484790168e-06	-3.216506452808175e-07	3.652697706112461e-07	4.790669711731022e-07	5.25472069535749e-07	2.642192865841482e-07
1.68	-0.2414050617847027	0.03561680258106047	0.8433921837135295	0.6634708768490997	-0.3884381025522665	-0.3382504506916999	-0.1483037376624164	0.441622530575414	0.4416225305754286	-0.1520052433162163	-0.1201299172869699	0.05650166703749778	-0.003411508311047538	0.6884650947840697	0.3399004985625781	0.3534181398559672	-2.339294712459361	0.2956727176407442	-0.6577067978572214	0.5004419262660369	-1.970319126680585	-1.970319126680796	-0.11870407540554	0.1501324470981969	-0.4297130066700407	0.1064561109456516	-0.06610350215584163	0.005987313540066977	-0.004524786570864127	-0.1596692228468183	0.04488360301686053	0.01964236256195061	0.07850488821517672	-15.65719221770084	-9.008848976634297	4.777933571603361	-1.195347807459179	-470.442582144824	-61.57968644229395	-38.50757010407589	-0.6673861723736753	-0.04058496745165347	-1.356648299706998	2.928497928983113	0.1704638711568835	0.9551788794390469	0.4071319529784928	2.236965471475035	2.236965471475103	0.1924658472950412	-0.0009850783928857048	0.415952650994419	0.3385880847485438	1.662093658111949e-07	2.029947850116477e-06	-3.186890220415404e-07	3.402556292169071e-07	5.049399922790012e-07	5.23856308011417e-07	2.510863432275889e-07
1.69	-0.2345542417105863	0.03901293774074337	0.84685850452488	0.6402263218041482	-0.3854743192568966	-0.3447809265696777	-0.1432813615538312	0.4220338199053263	0.4220338199053392	-0.153183870981677	-0.1186311073163507	0.05222571181856635	-0.00233146249461893	0.6815505778866779	0.3392323582345027	0.3398302492864013	-2.309191853061984	0.297002502756276	-0.6482875417057287	0.5038960723910613	-1.94704971254579	-1.947049712545836	-0.1169998539833096	0.1495975770878608	-0.4253736479207598	0.1095191827993421	-0.06038948724675258	0.003845618721651787	-0.004571654559946741	-0.1580367163018096	0.0457719760994167	0.01815315223035537	0.07379603906015889	-15.42370661434767	-8.424957772013189	4.709964069339311	-0.7576812487274318	-470.044257829997	-61.81733320151157	-38.88742669936325	-0.7257902451456749	-0.09399575787767281	-1.362109146281875	3.114798211906509	0.1017845835832123	0.9506365654075929	0.2939724832625246	2.427876871962608	2.427876871987256	0.1629387429197161	-0.08467419298788517	0.4586405083523994	0.2848197298799547	1.64408357405987e-07	1.971173843049906e-06	-3.318984841749542e-07	3.13818430646521e-07	5.499333134386418e-07	5.28356286258222e-07	2.40814815116602e-07
1.7	-0.2277770279647887	0.04239957805866704	0.8501884964883949	0.6172955190065282	-0.3824997283600043	-0.3512141423696601	-0.1382285606757964	0.4026889928740833	0.4026889928740959	-0.1543447487422699	-0.1171386332919605	0.04799629279141927	-0.001221855360813245	0.6737438291203377	0.3380015302107323	0.3261523702888241	-2.276544262992945	0.2978342379450819	-0.6382547822581071	0.5065268801560129	-1.921542398911759	-1.921542398911641	-0.1151540944317711	0.1488652578521681	-0.4204057683131797	0.1123683744210592	-0.05467547233766592	0.001703923903237207	-0.004618522549033869	-0.1564042097567992	0.04666034918197402	0.01666394189876151	0.06908718990513747	-15.19086378070537	-7.842339305692033	4.643780839919775	-0.3490608762638301	-469.6574778609971	-62.07039996373204	-39.22461357407384	-0.8458325461633633	-0.1531225065906235	-1.37464598530926	3.437444063315823	0.0708538858116821	1.077879538664841	0.2424642809639753	2.68454537132224	2.68454537132226	0.2207734731566466	-0.04047492346418205	0.5416568226542782	0.2958120383538859	1.63837520227902e-07	1.910750150651591e-06	-3.485434529129156e-07	2.86949356111454e-07	5.992098385747028e-07	5.338352847116635e-07	2.309998403886296e-07
1.71	-0.2210822168155434	0.04577100586419402	0.8533814110191246	0.5947037429853237	-0.3795193424981544	-0.3575438012975785	-0.1331540792439698	0.3836102453018009	0.3836102453018009	-0.1554866077876877	-0.1156542585826364	0.0438195202269587	-8.494323753074193e-05	0.6650655738246621	0.3361804310327334	0.3124253322232641	-2.241365565268444	0.2981491475900474	-0.6275696668666395	0.5082007833883353	-1.893815203718831	-1.893815203718826	-0.113201311678076	0.1479724313850342	-0.4148476161599755	0.1149658396697725	-0.04884258219636262	-0.0006104387531847185	-0.004753830070547097	-0.1551918972714508	0.04777046332575871	0.01513847465360032	0.06427398586098969	-14.9212201804395	-7.246867770463671	4.571492172219186	0.1336924211351674	-469.7243909249485	-62.35957161715994	-39.52280642913276	-0.9018017343163874	-0.2120957816882693	-1.372373113739005	3.624841923408236	-0.002475015320437776	1.080130099201983	0.1045599212062115	2.875550177342889	2.875550177325988	0.1852614172077914	-0.1194211963962744	0.5781135171533529	0.2342419206890375	1.660960768721997e-07	1.846532181990262e-06	-3.730900868413364e-07	2.590869668576204e-07	6.583377328565307e-07	5.415660296403689e-07	2.222349384415903e-07
1.72	-0.2144787841618643	0.04912112424628422	0.8564369270898868	0.572477105800642	-0.3765386644436859	-0.3637633485596194	-0.1280679174644522	0.364820518398261	0.3648205183982478	-0.1566083928574218	-0.1141799590755955	0.03970137300513017	0.001076449168750725	0.6554681300071186	0.333739645523377	0.2986726782953331	-2.2035164956883	0.297892676468635	-0.6162324490826013	0.5088629496942534	-1.863738265163308	-1.863738265163416	-0.1111392992951066	0.1468502173955691	-0.408680699786776	0.1172644310208449	-0.04300969205506256	-0.002924801409606903	-0.004889137592057499	-0.1539795847861016	0.04888057746954438	0.01361300740843935	0.05946078181683774	-14.647889329845	-6.653133156300024	4.500728079378589	0.5748625366892126	-469.7393514760144	-62.6516575052102	-39.78608991293117	-1.029670250536959	-0.2770597728620953	-1.379769157783425	3.971518434444522	-0.04342226746388654	1.20830001717892	0.04011689568309802	3.154494043841336	3.154494043841257	0.242619399011474	-0.08635242793039755	0.6634096666533745	0.2360372588257002	1.634426996266701e-07	1.780060939696975e-06	-3.78652556420748e-07	2.349316584702821e-07	7.001613001884981e-07	5.401326120213883e-07	2.115084751305549e-07
1.73	-0.2079758858407629	0.05244367609742775	0.8593549259241626	0.5506423102694187	-0.3735633794220508	-0.36986618858765	-0.1229804813394057	0.346343272335664	0.3463432723356475	-0.1577089174015183	-0.1127179014063557	0.03564787689740979	0.002259348959710846	0.6449573707674446	0.3306611793504517	0.2849343042052975	-2.1629893327613	0.2970598438596272	-0.6042221172716928	0.5084320427025881	-1.831310869048506	-1.83131086904851	-0.1089555933444835	0.1455224855343	-0.4019214690960722	0.1192544197525573	-0.03712260142001927	-0.005407608036779566	-0.005112499739359843	-0.1532073487185785	0.05018787587329138	0.01212081530986258	0.05461237013974873	-14.34961329431146	-6.074338007102722	4.427913113770625	1.072915391943031	-470.3207096349963	-63.03510908616398	-40.0187477296091	-1.084960766862723	-0.3396299834354558	-1.369649869684191	4.161258090157925	-0.1190957831730173	1.214587628745641	-0.1135293884760108	3.346837295223958	3.346837295239566	0.2080003080063958	-0.1619358484486301	0.6967819081614361	0.1710865987745684	1.483340614462213e-07	1.707876039265508e-06	-3.360766092580295e-07	2.201764479944141e-07	6.981060384690334e-07	5.154614965136326e-07	1.958080526465292e-07
1.74	-0.2015827315132944	0.05573216529805645	0.862135785350524	0.5292263749411312	-0.3705995991316156	-0.3758454877244318	-0.1179031212626529	0.3282022952142001	0.328202295214182	-0.1587872540631251	-0.1112703115123728	0.031664893524173	0.003460270021674235	0.6335193312805678	0.3269271154204101	0.2712447967124527	-2.119744455101093	0.295591730228467	-0.5915242708328311	0.5068477400355383	-1.796484476936733	-1.796484476936633	-0.1067017227971134	0.1439566623440918	-0.3945781528900661	0.1208686852214922	-0.03123551078497718	-0.007890414663952419	-0.005335861886663735	-0.1524351126510537	0.05149517427703939	0.01062862321128617	0.0497639584626575	-14.04647073317608	-5.496981401995158	4.355998507593584	1.529824347924399	-470.8313144353065	-63.41279020076489	-40.21959659295008	-1.215126299977535	-0.4081793242853325	-1.369995838345243	4.515061381085882	-0.1704784718943804	1.345802942769547	-0.1905622393938041	3.634293243235388	3.634293243235331	0.2566523183608523	-0.1339706937182286	0.7802267697138279	0.1608926062702148	1.307649686754506e-07	1.630535159249986e-06	-2.850988925682177e-07	2.068297947586545e-07	6.834068733383914e-07	4.844646655326536e-07	1.790617521869182e-07
1.75	-0.1953086738952243	0.05898001852082651	0.8647801121860017	0.5082566840479823	-0.367653572054826	-0.3816943466662681	-0.1128473151938672	0.3104217064562007	0.310421706456193	-0.1598423386171022	-0.1098395033358774	0.02775834334309727	0.004675635635552788	0.6211369239816976	0.3225330317036742	0.2576409318945693	-2.073739318564209	0.2935043423687795	-0.5781336011317951	0.5041189644548215	-1.759229964611664	-1.759229964611557	-0.1043001670019875	0.1421636273821557	-0.3866346631841368	0.1221394341897184	-0.02544762080301014	-0.0103163021572	-0.005630015281674441	-0.1519228190285058	0.05291020934105828	0.009114861686098381	0.04502323342900367	-13.75016268379407	-4.90701396546738	4.279734599504333	2.027159176032306	-471.9594064474024	-63.79823290942358	-40.38717508630553	-1.27314561760792	-0.4715594452452256	-1.352408541244329	4.711350291375672	-0.2444725442236825	1.35291659134807	-0.3432116074450685	3.831497841304144	3.831497841305227	0.2343934422836054	-0.2082668647089566	0.8160305389375714	0.1002007475770348	1.062876764780064e-07	1.53871787501769e-06	-2.105315922061811e-07	1.974379368508921e-07	6.332075178609807e-07	4.357071718768547e-07	1.593789481804716e-07
1.76	-0.1891631098846962	0.06218062359645366	0.8672890350257537	0.4877606666204793	-0.3647317395768759	-0.3874058553895788	-0.1078246321588957	0.2930257563442846	0.2930257563442875	-0.1608729103666889	-0.1084278849024565	0.02393415215266186	0.005901715680209273	0.6078206097721827	0.3174774859918301	0.2441639975673178	-2.025009761971884	0.2907528104603814	-0.5640542271276612	0.5002231332727288	-1.719556747720133	-1.719556747720018	-0.1017991619190551	0.1401187137291131	-0.3781063547620035	0.1230115713770731	-0.01965973082104501	-0.01274218965044855	-0.005924168676686672	-0.1514105254059571	0.05432524440507749	0.007601100160909697	0.04028250839534805	-13.45005444588246	-4.318132066118932	4.204124784372648	2.493431981375686	-473.0276167215128	-64.17372003378973	-40.52235543867518	-1.401907682106492	-0.5404717233069659	-1.344609740218838	5.059945392174298	-0.3033072816365133	1.483543803389146	-0.4239733596690131	4.118034156528118	4.118034156528114	0.2765421759221732	-0.1843464319395081	0.8971905129546319	0.08117025009591562	8.514885710256267e-08	1.44151416402118e-06	-1.477227719559698e-07	1.855218964024711e-07	5.911895560687485e-07	3.906082057146073e-07	1.407385805769721e-07
1.77	-0.1831553627699303	0.06532736718136384	0.8696639440813845	0.4677655940367304	-0.3618406678350937	-0.3929729662779505	-0.1028468014186179	0.2760386496657503	0.2760386496657575	-0.1618777503608061	-0.1070377783860384	0.02019820799809394	0.007134644857924062	0.5935698303948826	0.3117610586088964	0.2308493680071271	-1.973544579731825	0.2873475611113592	-0.5492546548898304	0.4951480821022888	-1.677454391923149	-1.677454391923147	-0.0991472876219478	0.1378560685011063	-0.368983092648714	0.1235065935822074	-0.01392143585613775	-0.01524178886025704	-0.006294003429293499	-0.1512165706584507	0.05591847175215146	0.006160170278930301	0.03561111954046514	-13.12712114691758	-3.76105959105966	4.12922425639088	2.957530735189618	-474.6590616016485	-64.64497362796523	-40.62602245093919	-1.460563513895008	-0.6037240400319791	-1.320044008046172	5.258784864461764	-0.3764070400373393	1.495259448182039	-0.5785108978314428	4.317843022517497	4.3178430225006	0.2629412449897008	-0.2542788841816608	0.9348322009972355	0.02333325260890538	7.444276529587015e-08	1.327477869386503e-06	-1.21659202055212e-07	1.657177855144921e-07	5.747384495426993e-07	3.569421379697084e-07	1.253558267326826e-07
1.78	-0.1772949035386082	0.06841364733359553	0.871906675952588	0.4482989693202897	-0.3589871032425014	-0.3983886623411037	-0.09792556917046459	0.2594848678914325	0.2594848678914436	-0.1628553853742751	-0.1056717093850906	0.01655648409275515	0.008370457267067559	0.5783630330834539	0.3053847994561377	0.2177285606818665	-1.919320188510164	0.2832513806222456	-0.5337712620839198	0.488903434847853	-1.632891766876804	-1.632891766876914	-0.09635816578945204	0.135311210635083	-0.3592623049161793	0.12358821766281	-0.008183140891233455	-0.01774138807006589	-0.006663838181899012	-0.151022615910944	0.05751169909922602	0.004719240396950819	0.03093973068557901	-12.79941565065286	-3.204763780629564	4.054381322334907	3.395109771725456	-476.2135313602056	-65.09908018128864	-40.69910363145893	-1.593111268932261	-0.6724380772719318	-1.305845293232796	5.611787188494536	-0.4414935096547961	1.620307917005081	-0.6578925764681778	4.610088006400395	4.610088006400628	0.3039916829998787	-0.2407889595428326	1.016695636803684	-0.001509374810437535	6.572854973409999e-08	1.211361997485716e-06	-1.017766684002106e-07	1.449503380533211e-07	5.631918884950039e-07	3.257251436579141e-07	1.106875355786658e-07
1.79	-0.171591177581161	0.07143284962660224	0.8740192810914111	0.429388283204295	-0.3561779255645617	-0.4036458200232538	-0.09307289490010209	0.2433889482995805	0.2433889482995841	-0.1638043740138355	-0.1043321975976429	0.01301491961682151	0.009605041086835004	0.5622197607503372	0.2983434299369364	0.2048328105144586	-1.862345953244467	0.2784630212104436	-0.5175442316763247	0.4814254681902377	-1.585871543773292	-1.585871543773364	-0.09341739313383048	0.1325395508918081	-0.3489519582125464	0.1232535000419164	-0.002436276985284242	-0.0203005274193949	-0.007107677061578851	-0.1511652725478368	0.0593054882325824	0.003325840168784988	0.02627544795358499	-12.43925219196008	-2.670203194903197	3.977759596586698	3.846556479729284	-478.2655537883199	-65.62760652323804	-40.74264207245592	-1.649340756658486	-0.7368004607141559	-1.275273704668927	5.810865651787128	-0.5158189954472073	1.641388282527154	-0.8236413655899132	4.811062858312177	4.811062858317855	0.2926016622292461	-0.3031610751202732	1.053023249209434	-0.06085449967943406	6.398590102955756e-08	1.087967605153541e-06	-1.035277616053549e-07	1.208112125859786e-07	5.688112366215453e-07	3.030799063619851e-07	9.851986384060285e-08
1.8	-0.1660537654552767	0.07437827541012287	0.8760041619633254	0.411061464232193	-0.3534202938484404	-0.4087372098653501	-0.08830117882735217	0.2277758456179599	0.2277758456179581	-0.164723258605761	-0.1030219637263103	0.009579422420337463	0.01083399742160341	0.5451002667709387	0.2906294975589299	0.192183707300096	-1.802546759731577	0.2729421882584686	-0.5006176940731123	0.4727117953253564	-1.536328384830355	-1.536328384830388	-0.09033735626277074	0.1294556274125145	-0.3380488490262596	0.1224627206629983	0.003310586920665672	-0.02285966676872553	-0.007551515941247416	-0.1513079291847303	0.06109927736593874	0.001932439940617176	0.02161116522159194	-12.07233795758395	-2.136331617620884	3.900685586036108	4.273765752129394	-480.2084714706734	-66.13066057868416	-40.75781281035623	-1.788355598188596	-0.8069506490329742	-1.25651590262376	6.176778837932914	-0.5879882176894349	1.760209356128559	-0.9050338179213876	5.114675174285481	5.114675174285696	0.3318445260875173	-0.3032417067465583	1.135248133334462	-0.09272172641533273	6.375143791344562e-08	9.631151375593203e-07	-1.092531747600952e-07	9.606153046451605e-08	5.783117476119179e-07	2.822732007267232e-07	8.686669176802045e-08
1.81	-0.1606922014287284	0.07724320790696661	0.8778638992980219	0.3933464373905752	-0.3507214967553528	-0.4136554789428066	-0.08362311520596624	0.2126705749134009	0.2126705749133998	-0.1656106322208339	-0.1017437126644036	0.006255845217431798	0.0120527699632096	0.5270472737785535	0.2822445768941574	0.1798115024657282	-1.739979143765233	0.2666915110006108	-0.4829188415588851	0.4626878022101139	-1.484296962754525	-1.48429696275449	-0.08711150999527209	0.1261380233231173	-0.3265677179366445	0.1212126405843376	0.009041149361396272	-0.0254660933702636	-0.008062067537128789	-0.1517867151672005	0.0631168721501809	0.000605897514122455	0.01697616544786975	-11.66353254269116	-1.633267423245381	3.822166974972857	4.693201936829822	-482.6397910594178	-66.71599097508624	-40.7459934615754	-1.838597401338681	-0.8711171770733995	-1.220286658020034	6.368645109559868	-0.6625654380010414	1.792383798191138	-1.083051069604278	5.311680848430869	5.311680848440898	0.3219405606619704	-0.3545664128735312	1.169395183612153	-0.1531213197591816	6.947430787163409e-08	8.325032726800172e-07	-1.306771517157402e-07	6.890014955927958e-08	6.031428519144232e-07	2.687286951510957e-07	7.724579337408607e-08
1.82	-0.1555161325824194	0.08002092031678777	0.8796013718075393	0.3762714651353356	-0.3480889980264766	-0.4183932273752966	-0.07905168531798856	0.19809847945444	0.1980984794544409	-0.1664649501965149	-0.1005003469739587	0.003050049242789715	0.01325664766979564	0.5080012307231623	0.2731854801544156	0.1677307422643007	-1.674535842455901	0.2596825154160688	-0.464513565079804	0.4513850486437298	-1.429693335710733	-1.429693335710631	-0.08372622838453604	0.1224785531202307	-0.3144926033735443	0.1194837536589669	0.01477171180212644	-0.02807251997180289	-0.008572619133008479	-0.1522655011496706	0.06513446693442304	-0.0007206449123736585	0.01234116567414753	-11.24480807815402	-1.130975244299041	3.742670362835668	5.088258783166014	-484.9126032227888	-67.26604098942033	-40.70876130949515	-1.986965610789819	-0.9417858640268318	-1.198226976035707	6.751915906530554	-0.7396518830262724	1.901494149099365	-1.160785908149709	5.629116167877752	5.629116167877934	0.3637315947350038	-0.3716149294444138	1.254044828031488	-0.1884830957573061	7.640218500973919e-08	7.025241451481641e-07	-1.549746948404336e-07	4.159806953659331e-08	6.320443158378167e-07	2.571303726082034e-07	6.815195345609046e-08
1.83	-0.1505351396852772	0.08270469984298921	0.881219602727657	0.359864730573686	-0.3455303558962023	-0.422942969898626	-0.07460010297137623	0.1840848930565533	0.1840848930565543	-0.1672847109800416	-0.09929475793522412	-3.216355185201368e-05	0.01444079511633785	0.488027390933712	0.2634589052369769	0.1559680667862575	-1.606320969153605	0.2519159796315139	-0.4453165349316164	0.4387165901688835	-1.37258563851099	-1.37258563851097	-0.08019734167569584	0.1185772028879913	-0.3018496032905457	0.1172633684375666	0.02044955149185904	-0.0306789523440958	-0.009137765715239251	-0.1530615445389711	0.06737812025024204	-0.001990269791355163	0.007762276428214804	-10.78178268229796	-0.6552838013672995	3.660702796905912	5.468636404531629	-487.6485723777496	-67.87737780215001	-40.64795473353954	-2.02811303746844	-1.004823234421947	-1.157250309779583	6.929772915151669	-0.8147000714368016	1.946631576583168	-1.352100393652435	5.817331140503228	5.817331140490815	0.3518114491861354	-0.4087652624008575	1.284494322048917	-0.2512204996258037	8.875259445746877e-08	5.753923356798362e-07	-1.922032857258434e-07	1.366284348538296e-08	6.792623980552051e-07	2.542898737126192e-07	6.142987667981912e-08
1.84	-0.1457589891609193	0.08528786763425233	0.882721814397776	0.3441548447196734	-0.3430532882528264	-0.4272971772946926	-0.07028165012481258	0.170655530559561	0.1706555305595606	-0.1680683140484337	-0.09813005643726744	-0.002984933000940773	0.01560025785780719	0.4670327561664319	0.2530631331667471	0.1445268922645845	-1.535166100928403	0.2433676180362908	-0.4254065396272405	0.4247591486340256	-1.31284855553202	-1.312848555532082	-0.07649468535775153	0.114301044964265	-0.2886039342629523	0.11454681264439	0.02612739118158908	-0.03328538471639067	-0.009702912297480543	-0.1538575879282708	0.06962177356606064	-0.003259894670338965	0.003183387182280803	-10.3043940646333	-0.1807477115888255	3.577367223656577	5.82105961962731	-490.1582069382687	-68.44183928378455	-40.56573472222488	-2.19112460635579	-1.075625294585045	-1.133926784761666	7.339914891111984	-0.8960170451599099	2.044087180337031	-1.418582520152021	6.154993323723064	6.154993323723237	0.3984855165558247	-0.4465764677417964	1.374578616950463	-0.2877172101125371	1.023974671573954e-07	4.498112746926995e-07	-2.325701781252156e-07	-1.442434332364421e-08	7.323910764769927e-07	2.539051895610263e-07	5.52913276406053e-08
1.85	-0.141197292938428	0.08776377350305237	0.8841113384967841	0.3291701560905922	-0.3406655819237978	-0.4314482284405343	-0.06610991902741642	0.1578359363626617	0.157835936362662	-0.1688142734446944	-0.09700927690808669	-0.005802525365446185	0.01672994260257167	0.4451342835387074	0.2420072331984334	0.1334329915049693	-1.46127259448089	0.2340411448088313	-0.4046838476051333	0.4093657585845282	-1.250623653717911	-1.250623653717924	-0.07266571866172472	0.1097883754557634	-0.2748136510433788	0.1113055840627134	0.03174021149821471	-0.03588780453389879	-0.01031303050691848	-0.1549970800660972	0.07210058257346387	-0.004463912121873326	-0.001338855938143955	-9.778305925345109	0.2635451888744259	3.491111597136082	6.164203510549965	-493.1098551848689	-69.07094207896141	-40.46585314087202	-2.215055177722391	-1.137207075524789	-1.088684502011365	7.488921346133827	-0.970849261123676	2.104404005213439	-1.632914086474522	6.323223228044514	6.323223228051806	0.3798275564898173	-0.4636541819428741	1.396396869201423	-0.3550074725029608	1.22757367978094e-07	3.322747214517421e-07	-2.892170096282677e-07	-4.329982656384609e-08	8.16180972709101e-07	2.662600443938883e-07	5.217982873737746e-08
1.86	-0.1368597507595631	0.09012579342665519	0.885391611032106	0.3149393730908983	-0.33837511768696	-0.4353884439077417	-0.06209876119834057	0.145651988107463	0.1456519881074628	-0.1695209981119217	-0.09593563247189486	-0.008479186158807725	0.01782467870345785	0.4222019474413216	0.2302859441273011	0.1226765795273639	-1.384384975050864	0.2239191995979834	-0.3832394039003907	0.3926444949699968	-1.185719367192211	-1.185719367192176	-0.06864773955114979	0.1048740263657197	-0.2604176200341799	0.1075570838687271	0.03735303181483903	-0.03849022435140865	-0.01092314871637699	-0.1561365722039216	0.07457939158086653	-0.005667929573409725	-0.005861099058568578	-9.231314677182368	0.7058587768988619	3.403252322555838	6.468136961628767	-495.7385215874259	-69.63794602326718	-40.35144815669035	-2.397897300288052	-1.208703115148738	-1.066429028359711	7.938737487614423	-1.05511144183759	2.188437516864134	-1.684157233158793	6.690870266041378	6.690870266041423	0.4362879994654577	-0.5269123840501962	1.49572817487556	-0.3891715325744637	1.423751889947132e-07	2.182372444605018e-07	-3.431366269224115e-07	-7.095028285961214e-08	8.970410504959638e-07	2.778667143854231e-07	4.913489011836247e-08
1.87	-0.1327560467659672	0.09236732895244187	0.8865660975742694	0.3014912588280281	-0.3361898092870075	-0.439110143061652	-0.05826219852754955	0.1341296354479008	0.1341296354479012	-0.1701868789858598	-0.09491241476511333	-0.01100918408904728	0.0188792507735162	0.3983647457389767	0.2179118491527194	0.1122754103820425	-1.304732292077869	0.2130075565182385	-0.3609769444315427	0.37444104542774	-1.118299128150442	-1.118299128150416	-0.06449859820526108	0.09970188223198094	-0.2454813792006144	0.1032699813378544	0.04286953245307908	-0.04108808909557712	-0.01156846625807726	-0.1576536804520121	0.07732385491956298	-0.006797666985358472	-0.01030721135159279	-8.62414613204778	1.113361020920518	3.311821617830693	6.758684879776132	-498.7886950645878	-70.2709952266175	-40.22535954748607	-2.402754935720628	-1.268181255341822	-1.018555528159151	8.05438046028404	-1.129407154249248	2.263742117486507	-1.922487878854526	6.835397374023231	6.835397374021729	0.4086667296063056	-0.522581695212595	1.507668195824452	-0.4615429839756042	1.574875254865642e-07	1.254441589853988e-07	-3.804981579481847e-07	-9.116307556416127e-08	9.601129448652677e-07	2.849308335546155e-07	4.649406751063977e-08
1.88	-0.1288959394554983	0.09448183981513691	0.8876382534908714	0.2888548407465153	-0.3341176606004932	-0.4426054992297553	-0.05461448016500051	0.1232950445089133	0.1232950445089132	-0.1708103805408479	-0.09394296175310124	-0.01338680037930571	0.01988833914413944	0.3734826108161194	0.2048810115089717	0.102210454415091	-1.222045738779197	0.2012872569102413	-0.3379708067390416	0.3548756333216708	-1.048167023077539	-1.048167023077523	-0.06017187576114354	0.09412108741116663	-0.2299412920379535	0.09846034398170449	0.04838603309131652	-0.04368595383974565	-0.01221378379979533	-0.1591707887000997	0.08006831825826013	-0.007927404397306674	-0.0147533236446201	-7.989770682501829	1.518086675360058	3.218564101772126	7.000136657408022	-501.4228351033477	-70.82665156998338	-40.09054045497668	-2.606883944390538	-1.340051648981935	-0.9991863926857302	8.545511552749923	-1.216842747488069	2.337173161594746	-1.956549745921271	7.233243472267976	7.233243472268013	0.4718042191112374	-0.6086425214652943	1.61649744069465	-0.4936784976298981	1.721156791390457e-07	3.551703232238727e-08	-4.163629320671431e-07	-1.105299302023989e-07	1.021271259725368e-06	2.916878827426588e-07	4.395986370002629e-08
1.89	-0.1252891156492555	0.0964628317569447	0.8886115102207449	0.2770590566611653	-0.3321666874149238	-0.4458666687837723	-0.05117005819617509	0.1131743225639981	0.1131743225639976	-0.1713900357785825	-0.09303061768956837	-0.01560638065143203	0.0208465735759569	0.3477064205422069	0.1912104711819219	0.09249199641662535	-1.136598905050511	0.1887722226032752	-0.314138993764879	0.3337774615402964	-0.9755192748488334	-0.9755192748488255	-0.0557297695962909	0.08827687712809495	-0.2138730096536496	0.09309941256230364	0.05376487319906334	-0.04632884814254024	-0.01288499741261232	-0.161101256489848	0.08309476134055871	-0.008929842089162279	-0.01909619718582191	-7.28540421705747	1.865231168769315	3.123109638424959	7.21749351696542	-504.4425895313676	-71.4883246960329	-39.95005141930853	-2.58934707817065	-1.396618207287476	-0.9502875619274919	8.621112344376142	-1.289061078989676	2.424873017631088	-2.22114572974178	7.349246033608959	7.34924603360779	0.4347586204361022	-0.5830090647351801	1.617263022836215	-0.5703034253950466	1.832335072061006e-07	-3.363189295297453e-08	-4.413762186116989e-07	-1.237637338598802e-07	1.068556123143754e-06	2.962186745673717e-07	4.219864616845441e-08
1.9	-0.1219453258476086	0.09830390569893772	0.8894891599589336	0.2661331095253914	-0.3303449100337614	-0.4488857826775867	-0.04794355691226291	0.103793819208457	0.1037938192084568	-0.1719244009936151	-0.09217885548546852	-0.01766222422260772	0.02174859810132036	0.3208758098971367	0.1768974115460237	0.08308905607813455	-1.048078348863897	0.1754480960287572	-0.2895596746985537	0.3112914963390745	-0.9001233052026407	-0.9001233052026387	-0.05111387122088547	0.08200471552473965	-0.1971939518478276	0.08721836269090794	0.05914371330681097	-0.04897174244533496	-0.01355621102542595	-0.1630317242795973	0.08612120442285708	-0.009932279781018174	-0.02343907072702266	-6.547039895819894	2.208688764996164	3.025654893198999	7.373506122347117	-506.9476877383601	-72.05593366066969	-39.80702064631765	-2.817768018622092	-1.468555510751623	-0.9360828606907651	9.160256044335529	-1.378661200998437	2.486674380027304	-2.234108429890759	7.782887755765492	7.782887755765956	0.5065626612218073	-0.6942327855220186	1.73865252499828	-0.5977021880288559	1.936602129131326e-07	-1.003696797105074e-07	-4.647391306336583e-07	-1.361771249140505e-07	1.112442370840994e-06	3.001136141127867e-07	4.04622758736111e-08
1.91	-0.1188742631299252	0.09999870300629846	0.8902743976011314	0.2561061779030974	-0.3286603269021457	-0.451654983485245	-0.04494978837718741	0.09517986366806365	0.09517986366806462	-0.172412093140577	-0.09139117929150935	-0.01954868418146766	0.02258904406124304	0.2931611128996029	0.1619562392802923	0.07400249965187823	-0.9567890878840428	0.1613344490035611	-0.2641546534599786	0.2872232633476051	-0.8222048067997718	-0.8222048067997731	-0.04639763013579996	0.07545838663537537	-0.1799972259179205	0.08078386411118237	0.06431159300388818	-0.05191560464453814	-0.01422997309252151	-0.1653288997130139	0.08918314302628096	-0.01053642796881059	-0.02763610258434439	-5.804123024859149	2.39116385305084	2.939253906302505	7.543740375631622	-509.7847694979303	-72.96295106187615	-39.66459986094954	-2.774659963060803	-1.522798878819565	-0.8881102165440904	9.191116529042048	-1.447767760856531	2.586361156590051	-2.529022833070369	7.865772783129125	7.865772783128491	0.4581106474701317	-0.6457222158924095	1.725309899506984	-0.6792856470742447	1.979359296159597e-07	-1.456483336593604e-07	-4.73413709404508e-07	-1.412888437987506e-07	1.126080938620043e-06	2.983494683724495e-07	3.894704598565204e-08
1.92	-0.1160856152667665	0.1015409084321347	0.8909701360424763	0.2470077099714472	-0.3271208905022968	-0.4541663450483535	-0.04220387059188593	0.08735898149181558	0.08735898149181569	-0.1728518317136213	-0.09067114424149271	-0.02126015142652448	0.02336255264454248	0.2643928389924031	0.1463790352411261	0.06518921590757204	-0.8623856107349201	0.1464187496753122	-0.2379918257887065	0.2617213463843247	-0.7415086323736411	-0.7415086323736427	-0.04152315643798677	0.06847648673605933	-0.162195409087211	0.07383088736626311	0.06947947270095693	-0.05485946684374342	-0.01490373515962654	-0.1676260751464373	0.09224508162970078	-0.0111405761566075	-0.0318331344416681	-5.020109359492515	2.568994402969334	2.850679202169704	7.63851790472584	-512.0066803985306	-73.75816814530579	-39.52594915658623	-3.028483400555348	-1.595761865438582	-0.8814283243007413	9.783099278189201	-1.539071661609005	2.638235666566714	-2.520845224252991	8.338422960417871	8.338422960418903	0.5382091837673573	-0.7813469875123641	1.859670705158766	-0.7013978210675726	2.014725804570528e-07	-1.886497498307652e-07	-4.805373404443194e-07	-1.456431358082103e-07	1.135663124831835e-06	2.95924591718135e-07	3.743864744223464e-08
1.93	-0.1135890619028939	0.1029242820440448	0.8915791096270038	0.2388671732636995	-0.3257345160047876	-0.4564119872284826	-0.03972107678900266	0.08035772037753469	0.08035772037753762	-0.1732424332495904	-0.09002236130212853	-0.02279101184076033	0.02406379694030828	0.2347392136583088	0.130195999760373	0.05663860492596472	-0.7651997706909026	0.130724680489333	-0.2110103505912823	0.2345940259845814	-0.6582781700531944	-0.6582781700531908	-0.03657502584311183	0.06120817041337594	-0.1438718917666817	0.06633536980251099	0.07453769505992376	-0.05775291594922955	-0.01562517938758529	-0.1706783568522847	0.09615915680597154	-0.01182982973112456	-0.03595426888060921	-3.98389701448748	2.756021273480462	2.741913515441197	7.602720398501517	-514.5041786030231	-74.47157409825527	-39.39414724301336	-2.960588644685433	-1.644554972138141	-0.8366989437798391	9.764644167105258	-1.604230281675363	2.747108031867067	-2.845183679040291	8.385163999429484	8.385163999429631	0.4763462575344174	-0.710426369327104	1.834413663406395	-0.7859330925266813	1.966023571209215e-07	-2.057475862836966e-07	-4.700189410435722e-07	-1.413816971118094e-07	1.099103970716092e-06	2.859839009173264e-07	3.60079554429785e-08
1.94	-0.1113944021013332	0.1041428291845985	0.8921036128099773	0.2317141585163114	-0.3245090133460542	-0.4583840137395296	-0.03751685783635772	0.07420272511277486	0.07420272511277508	-0.1735829072275683	-0.08944843200892209	-0.02413549279820952	0.02468762518673703	0.2040141265302627	0.1134137409698348	0.04829513559678335	-0.6648812186629929	0.1142443819200352	-0.1832686919723865	0.2060063763366293	-0.5722554624698908	-0.5722554624698871	-0.031497644840764	0.05350575750346052	-0.1249195177298976	0.05834767749885249	0.07959591741889023	-0.06064636505472048	-0.01634662361557626	-0.1737306385581376	0.1000732319822358	-0.01251908330565018	-0.0400754033195411	-2.899711108122261	2.937101203661582	2.631293928666596	7.476779961468359	-516.286498120862	-75.0561952382121	-39.27221274482883	-3.24277575934575	-1.715606527395578	-0.8399999938155505	10.40964167496766	-1.696317538272728	2.790272350861053	-2.812911073894765	8.89687201298929	8.896872012989274	0.5640592652619527	-0.8681663049587697	1.985442048409722	-0.7998327690488295	1.910201575939787e-07	-2.217838007534979e-07	-4.580904044524626e-07	-1.365807471664702e-07	1.05845561453102e-06	2.751616866397642e-07	3.448544926779079e-08
1.95	-0.1095114320612941	0.1051905896640016	0.8925456743270005	0.2255784024401234	-0.3234521206647178	-0.4600745314519407	-0.03560679736428747	0.06892073525976355	0.06892073525976325	-0.1738723436999773	-0.08895298494794589	-0.02528782702581596	0.02522894308456044	0.1724075672242925	0.09603611323569197	0.04013567390452299	-0.5617424465024116	0.09700789340931044	-0.1547067325114926	0.1757502896272906	-0.483674981705754	-0.4836749817057542	-0.02637199621895035	0.04551266342862957	-0.1054488368132976	0.04983437459132653	0.08417811809289037	-0.06469251709610549	-0.01699472127074711	-0.1768599783691165	0.1030480257233328	-0.01187336443957434	-0.04387880672803074	-2.077560501097916	2.604291616775593	2.579748105776479	7.501969187011715	-518.2519609267395	-76.78326459140611	-39.16295895495229	-3.14543463269653	-1.764199304812495	-0.8009724230518428	10.34514987997909	-1.75619306090434	2.908430316575521	-3.170271737021765	8.908759329475306	8.908759329474748	0.4893853673797781	-0.7755809543702152	1.942657216809677	-0.8892298200387199	1.744023271094569e-07	-2.213648744847807e-07	-4.243047414107333e-07	-1.234173728625871e-07	9.544246262713407e-07	2.506758584725164e-07	3.153982336566351e-08
1.96	-0.1079496953376108	0.1060615021843854	0.892906730593877	0.2204898650642178	-0.3225713685791749	-0.461475575055169	-0.03400696061282408	0.06453857485866346	0.06453857485866374	-0.1741100101448198	-0.08853960882684365	-0.02624249922355149	0.02568269779962174	0.1397674632593724	0.07804414916598505	0.03209408556742548	-0.4554374786068007	0.0790162627613063	-0.1253738701357207	0.1439616322152208	-0.3922895720876395	-0.3922895720876434	-0.02114363932758913	0.03709156952879963	-0.08538711175571641	0.04083504094643071	0.08876031876691559	-0.06873866913749108	-0.01764281892591105	-0.1799893181800903	0.1060228194644307	-0.01122764557349862	-0.0476822101364986	-1.200327144207891	2.264282657897633	2.526556707404186	7.422412947483799	-519.4040128288779	-78.36440445388278	-39.06907256165777	-3.449484691135777	-1.83847379450838	-0.8164253227829819	11.04288082197356	-1.847345965728595	2.944452933836649	-3.119425214441034	9.457857783784835	9.457857783784833	0.5846009191714862	-0.9537662699585642	2.10365087660596	-0.8970389165227831	1.572899314223611e-07	-2.20230617119341e-07	-3.896315028335314e-07	-1.098906686695239e-07	8.474495853053012e-07	2.256190489274685e-07	2.853341098787411e-08
1.97	-0.1067186667071612	0.1067493530901547	0.8931878627204557	0.2164788749536438	-0.3218741871089889	-0.4625791486055327	-0.03273359546538709	0.06108321566856993	0.06108321566856723	-0.1742952724296797	-0.08821192834024624	-0.02699420585142895	0.02604380117610363	0.1062739360205387	0.05941146136841717	0.02413215861717107	-0.346216924548092	0.06030421219148655	-0.09521062783287862	0.1104422369796716	-0.2983179134427496	-0.2983179134427507	-0.01589224205745498	0.02837541899447973	-0.06487649130317906	0.03130240811803205	0.09251086775477416	-0.07003242997960614	-0.01814837781445861	-0.1825113749573646	0.1088531439735028	-0.01241935908240823	-0.05093554062221115	-0.4560251967597887	2.690555213085101	2.414012046000612	7.789993123693614	-520.6433630130366	-78.18513912356869	-38.9929015073191	-3.323925756509632	-1.892865070593572	-0.7860041046844218	10.94320361674616	-1.900458235360935	3.071829807175938	-3.50857072203938	9.436468833489135	9.436468833489501	0.497833371876876	-0.840940594925334	2.036426049509615	-0.9937990248173073	1.284316121741345e-07	-2.021072462067421e-07	-3.338783452888592e-07	-8.773487960843342e-08	6.70553292563211e-07	1.870014316596681e-07	2.40833198131096e-08
1.98	-0.1058275011523517	0.1072474373583059	0.8933893900328242	0.2135764025674435	-0.3213675908710514	-0.4633771757471352	-0.03180349907909107	0.05858150285065305	0.05858150285065299	-0.1744275358936484	-0.08797348958894867	-0.02753847459079468	0.02630709351253774	0.07179484813161016	0.04009082164233314	0.01617312272539452	-0.233733933732319	0.04089921631157566	-0.06426458838331962	0.07530787998702483	-0.2015602976519368	-0.2015602976519368	-0.01054387514962169	0.01924322246989413	-0.0438995340533617	0.02127283293687718	0.09626141674265941	-0.07132619082172077	-0.01865393670297224	-0.1850334317346306	0.1116834684825799	-0.01361107259131491	-0.05418887110790572	0.3491180033504038	3.106779182532398	2.302378753603606	8.040657202597904	-520.9782447829938	-77.84949750618917	-38.93659444640554	-3.646596821154772	-1.976064180211594	-0.8158471110874124	11.69536817338642	-1.985935027746814	3.101012363180025	-3.442417565860575	10.0150492129694	10.01504921296909	0.603994846711343	-1.036975468011699	2.196918236061987	-0.9964273870740018	9.943801158324046e-08	-1.834133342503246e-07	-2.778239009445634e-07	-6.544874819405942e-08	4.92638891701948e-07	1.483359616575079e-07	1.964153774019516e-08
1.99	-0.1052855096055238	0.1075494149464369	0.8935111750128658	0.2118134054315495	-0.3210585380168244	-0.4638616999700377	-0.03123343589143589	0.05706052439271597	0.05706052439271574	-0.1745064480021721	-0.08782794087625528	-0.02787038046729787	0.02646770302679217	0.03642690335496645	0.02023988292632289	0.008159507249223709	-0.1183659136724702	0.02079577214396364	-0.03251335697645973	0.03844205315661477	-0.1021715710942494	-0.1021715710942507	-0.005246736965124942	0.009805375968818628	-0.02234866539104	0.01079575605216273	0.1010383560896803	-0.06734821941434126	-0.0196729897198726	-0.1914365535556738	0.1234095102966059	-0.02108763152253471	-0.05813447820204901	3.763586535312546	5.797410052937242	1.826118513038688	6.885064473719853	-521.3104115755373	-72.01679393186332	-38.90184679894691	-3.508367270377408	-1.999332322553287	-0.7977660602075869	11.53246626259963	-2.039857310677165	3.23123166867899	-3.848070899786425	9.970355490582476	9.970355490582492	0.4913132738345523	-0.9063774778490368	2.154116099535224	-1.081314818356373	6.388326587297305e-08	-1.370481816686849e-07	-2.071570468185135e-07	-3.684101264543238e-08	2.653462470607709e-07	1.073496340388982e-07	1.560274710700992e-08
2	-0.1051024922993557	0.1076509384263562	0.8935520943792804	0.2112190779643161	-0.3209539812441551	-0.4640249012510237	-0.03103991210371657	0.05654734742303717	0.05654734742303714	-0.1745326407349046	-0.08777860827591326	-0.02798278867353432	0.02652194837636222	0	0	0	0	0	0	0	0	0	0	0	0	0	0.105815295436699	-0.0633702480069573	-0.02069204273676542	-0.1978396753767241	0.1351355521106301	-0.0285641904537507	-0.06208008529619345	7.24503543577798	8.476483361359001	1.351506183638529	5.602615676344578	-520.6454253745889	-66.01752968943953	-38.89005477802422	-3.858388536819331	-2.053853022274113	-0.8450254656979893	12.29494689591071	-2.124400623017097	3.253437477099995	-3.757662831101536	10.57161812028177	10.57161812028202	0.5939146028370742	-1.110481361560317	2.356477581805668	-1.060163220563598	2.832852016270565e-08	-9.06830290870452e-08	-1.364901926924636e-07	-8.233277096805325e-09	3.805360241959383e-08	6.636330642028849e-08	1.156395647382468e-08
