inDegrees=no
num_controls=7
num_derivatives=13
num_iterations=123
num_multipliers=7
num_parameters=0
num_slacks=7
num_states=26
objective=0.448839
objective_accelerations=0.052363
objective_balance=0.002589
objective_effort=0.019795
objective_height=0.368507
objective_ligament=0.005586
solver_duration=1795.018411
status=Solve_Succeeded
success=true
DataType=double
version=3
OpenSimVersion=4.5
endheader
time	/jointset/ground_pelvis/pelvis_tilt/value	/jointset/ground_pelvis/pelvis_tx/value	/jointset/ground_pelvis/pelvis_ty/value	/jointset/hip_l/hip_flexion_l/value	/jointset/hip_l/hip_adduction_l/value	/jointset/hip_l/hip_rotation_l/value	/jointset/back/lumbar_extension/value	/jointset/patellofemoral_l/patellar_flexion_l/value	/jointset/knee_l/knee_flexion_l/value	/jointset/knee_l/knee_adduction_l/value	/jointset/knee_l/knee_rotation_l/value	/jointset/ankle_l/ankle_angle_l/value	/jointset/subtalar_l/subtalar_angle_l/value	/jointset/ground_pelvis/pelvis_tilt/speed	/jointset/ground_pelvis/pelvis_tx/speed	/jointset/ground_pelvis/pelvis_ty/speed	/jointset/hip_l/hip_flexion_l/speed	/jointset/hip_l/hip_adduction_l/speed	/jointset/hip_l/hip_rotation_l/speed	/jointset/back/lumbar_extension/speed	/jointset/patellofemoral_l/patellar_flexion_l/speed	/jointset/knee_l/knee_flexion_l/speed	/jointset/knee_l/knee_adduction_l/speed	/jointset/knee_l/knee_rotation_l/speed	/jointset/ankle_l/ankle_angle_l/speed	/jointset/subtalar_l/subtalar_angle_l/speed	/forceset/tau_hip_flexion_l	/forceset/tau_hip_adduction_l	/forceset/tau_hip_rotation_l	/forceset/tau_knee_flexion_l	/forceset/tau_ankle_angle_l	/forceset/tau_subtalar_angle_l	/forceset/tau_lumbar_extension	lambda_cid13_p0	lambda_cid13_p1	lambda_cid13_p2	lambda_cid13_p3	lambda_cid13_p4	lambda_cid13_p5	lambda_cid14_p0	/jointset/ground_pelvis/pelvis_tilt/accel	/jointset/ground_pelvis/pelvis_tx/accel	/jointset/ground_pelvis/pelvis_ty/accel	/jointset/hip_l/hip_flexion_l/accel	/jointset/hip_l/hip_adduction_l/accel	/jointset/hip_l/hip_rotation_l/accel	/jointset/back/lumbar_extension/accel	/jointset/patellofemoral_l/patellar_flexion_l/accel	/jointset/knee_l/knee_flexion_l/accel	/jointset/knee_l/knee_adduction_l/accel	/jointset/knee_l/knee_rotation_l/accel	/jointset/ankle_l/ankle_angle_l/accel	/jointset/subtalar_l/subtalar_angle_l/accel	gamma_cid13_p0	gamma_cid13_p1	gamma_cid13_p2	gamma_cid13_p3	gamma_cid13_p4	gamma_cid13_p5	gamma_cid14_p0
0	-0.03909481040072008	0.06872335488543434	0.8959334770815528	0.1955287580552426	-0.3221878544052897	-0.4797746252659946	-0.1379045077516729	0.0701528807908478	0.07015288079084844	-0.1745327209895031	-0.114421709634546	-0.06701059314715049	0.003583800275752592	0	0	0	0	0	0	0	0	0	0	0	0	0	0.102931718733349	-0.1044230034386674	-0.03140004003509297	-0.2482195000348746	0.225207442223983	-0.01486372340742957	-0.04526548498179007	36.8604756952823	-2.421852512845072	2.818029907983498	-15.74769465536034	-517.5346428826706	-79.8692597776228	-39.82512415452857	-3.348095271335291	-1.228306245604694	-0.8417349776775618	10.4590529824392	-2.106965786255994	3.193198140901448	-2.62181145437741	10.06813068989846	10.06813068989933	0.6051161725289792	-0.8063363987903522	3.129502143512745	-0.6059068298507966	-3.699366243669523e-08	8.881525947546208e-08	1.33147357259748e-07	1.457647342684075e-08	-3.407246963113812e-08	-7.15308711989142e-08	-1.067067371142979e-08
0.01	-0.03925352767416873	0.06866285869138172	0.8958926627748438	0.1960336365992152	-0.3222914609166709	-0.4796139668808398	-0.138040762780676	0.07064219142290401	0.07064219142290779	-0.174505421905567	-0.1144558105295273	-0.06685914024690681	0.003552634618297924	-0.03159419526258912	-0.01204369073186992	-0.008136232059947285	0.1005334917283676	-0.02061315875083876	0.03200775055766948	-0.02702471450889593	0.09743480747577571	0.09743480747577921	0.005461699398252301	-0.00677376706162307	0.03016501178394732	-0.00618439444704939	0.09894433273827892	-0.1053816508052346	-0.03056758848425623	-0.2429063135489164	0.2164858288595213	-0.01025200077440525	-0.04192115427115781	34.19450153791702	-3.936157633056067	3.034580592486964	-14.6288534416416	-518.392068119605	-83.17510196872981	-39.83503294140548	-3.042703156268029	-1.184065359810724	-0.7955797423835087	9.78415362909956	-2.022299542511932	3.185958251498984	-2.708857755432944	9.517060070204135	9.517060070204106	0.5170111322073552	-0.6059200525558881	2.941165298659285	-0.6174243875895127	-7.496275268766715e-08	1.290557251035796e-07	2.022095252879809e-07	5.102338100778555e-08	-2.310034176310272e-07	-1.194627243498417e-07	-1.455535648897467e-08
0.02	-0.03972371120075167	0.06848359261544398	0.8957712836630894	0.1975305813326829	-0.3225979607401631	-0.4791369520424474	-0.1384404762160258	0.07209303098847683	0.07209303098847708	-0.1744234429658542	-0.1145562537336625	-0.06640980430825884	0.003461081289281243	-0.06229325062707308	-0.02375397637702482	-0.01611296100910762	0.1984132378992975	-0.04057866242224278	0.0632712906473108	-0.05269168126928645	0.1923057867030317	0.1923057867030336	0.01093597114586336	-0.01326846183155021	0.05957660768083719	-0.01207753431239933	0.0949569467431782	-0.1063402981718012	-0.02973513693344654	-0.2375931270629712	0.207764215495053	-0.005640278141383504	-0.03857682356054569	31.59005980973383	-5.463127885441374	3.25531205032132	-13.70514573820345	-518.3744470785774	-86.32156917411955	-39.86420594883022	-3.169067291714295	-1.161625228261663	-0.8098343555201765	9.928303870951655	-1.977434770369087	3.044356047295816	-2.350261904676346	9.555365040194518	9.555365040194358	0.6076306424006448	-0.7505219404511629	2.978818966101275	-0.5476559135109388	-1.129318429386391e-07	1.692961907316972e-07	2.712716933162138e-07	8.747028858873034e-08	-4.279343656309163e-07	-1.673945775007692e-07	-1.844003926651956e-08
0.03	-0.04049691269053734	0.06818899829863526	0.8955706769581468	0.1999938153690607	-0.3231008493253034	-0.4783512600829237	-0.1390895369971804	0.07448024235639078	0.07448024235638574	-0.1742866790211486	-0.1147206413908241	-0.06566985125540212	0.003312211950964653	-0.09219731500590632	-0.03509636648588712	-0.02399996230566679	0.293775558780453	-0.05988799950359161	0.09374326300114572	-0.07689321352714898	0.2846978908931788	0.284697890893179	0.01639280634153607	-0.01955729531880088	0.0882931347411918	-0.01764371326865852	0.09088512823654005	-0.1025352291497929	-0.02899725273581128	-0.2332906291106289	0.2025844821336062	-0.005614763018899375	-0.03519389204279592	29.94071279991276	-5.283634547972614	3.338879626360222	-12.96198041871127	-518.4927540510923	-85.48711884650029	-39.91145859517597	-2.878628437790137	-1.110250186002058	-0.7769567482175784	9.271475225124858	-1.891077209681942	3.0300075591609	-2.42100967121964	9.015347414219251	9.015347414219091	0.5111703334572666	-0.5602658622018617	2.799936039321929	-0.5532628842184192	-1.436783801451792e-07	1.846562589775029e-07	3.321268336653732e-07	1.147408934723325e-07	-5.840075401559554e-07	-2.121993960124819e-07	-2.352147352054162e-08
0.04	-0.041564665309475	0.06778303922397726	0.8952914354939397	0.2033969284199379	-0.3237935100877903	-0.4772645704539165	-0.1399737952578891	0.07777821762735962	0.07777821762735976	-0.17409605464943	-0.1149463577447378	-0.06464635963927794	0.003109248023578464	-0.1212034764576365	-0.04602692794687734	-0.03183991286197789	0.3863890407987022	-0.07853309789150791	0.1234708245443231	-0.09973117718015287	0.3744585673151039	0.3744585673151031	0.02170805654947644	-0.02553420117964434	0.1162843203343218	-0.02289645212631794	0.08681330972992551	-0.09873016012778139	-0.0282593685381065	-0.2289881311582825	0.1974047487721655	-0.005589247896409354	-0.03181096052503404	28.34822649317639	-5.114391176134611	3.424418152398276	-12.40122974007958	-517.8072087582439	-84.50117853030434	-39.97531230718288	-2.989486706293711	-1.079259498687228	-0.8004242074705628	9.378536098370388	-1.844587031682592	2.895473885164318	-2.077548183704639	9.029079486550103	9.029079486550087	0.5793136448541553	-0.6881364151697139	2.833750672656383	-0.4849678937909832	-1.742759987322465e-07	1.995033293391372e-07	3.928127569489847e-07	1.418222962384636e-07	-7.392382863619256e-07	-2.569397395831798e-07	-2.862758306273847e-08
0.05	-0.04291846881177871	0.06726971388505663	0.8949337971979855	0.2077136916212708	-0.3246692253395829	-0.4758846840152237	-0.1410792168681478	0.08196151984678295	0.08196151984678109	-0.173852682493328	-0.11523096715193	-0.06334637822694118	0.002855504982740458	-0.1493957190351454	-0.05657865382628965	-0.0396940976255095	0.4765190635520227	-0.09648591118230472	0.1523779328094558	-0.1211469651706231	0.4617688729847843	0.4617688729847879	0.02695117297226102	-0.03134390916387274	0.1435807535469625	-0.02779251389102196	0.08216438667988137	-0.09466473044318995	-0.02739083939790144	-0.2243582406281531	0.1911557923587797	-0.005258551849708367	-0.02807269041214753	26.40624083487199	-5.022752083112874	3.529477426255935	-11.45420480121365	-517.2979517327262	-83.70713249964525	-40.05391465280491	-2.709879747816484	-1.034177647578338	-0.7790174073394499	8.763530355916249	-1.752088803905488	2.868997319389629	-2.142667151627105	8.517061336288171	8.517061336288767	0.4946120860981665	-0.5207724468012074	2.657902007287018	-0.4830540601727506	-1.924328677107751e-07	2.013064378557729e-07	4.296768106573851e-07	1.584033701332017e-07	-8.392235020229786e-07	-2.852947202127945e-07	-3.167702864759371e-08
0.06	-0.04454935208272397	0.06665266158433997	0.894497396695087	0.212918414048559	-0.325720760789509	-0.4742195928894393	-0.1423926109672926	0.08700493616872171	0.0870049361687219	-0.1735573188839776	-0.1155723505303218	-0.06177737001013411	0.002554575575782886	-0.1766194301861369	-0.06677232030608962	-0.04759235425084035	0.5639808859894796	-0.1136971375181916	0.1805117619626637	-0.1413256749574527	0.546481387818911	0.5464813878189164	0.03210634719934762	-0.03688899541817258	0.170089681228368	-0.03233372535023146	0.07751546362984296	-0.09059930075859982	-0.02652231025765661	-0.2197283500980302	0.1849068359453922	-0.004927855803010239	-0.02433442029925402	24.51601255325688	-4.939259612453379	3.634790172599903	-10.67353723691856	-516.0579964785711	-82.77333371667989	-40.14521208301107	-2.795780420990266	-1.007647618764739	-0.8092385798304138	8.844896035197655	-1.696269640700616	2.740818062779368	-1.830132542976518	8.509521319439346	8.509521319438853	0.5617252057145459	-0.6352120691839954	2.676249566409395	-0.4139978326920727	-2.100659156531546e-07	2.025603269263034e-07	4.65537838278408e-07	1.745423249175654e-07	-9.368825900821404e-07	-3.129597908238372e-07	-3.463987785529773e-08
0.07000000000000001	-0.04644836487956178	0.06593549840987264	0.8939815803577189	0.2189857115523934	-0.3269407661256837	-0.4722772642449903	-0.1439009661228383	0.09288340943846281	0.09288340943846297	-0.1732107622618175	-0.1159684283430002	-0.05994682526754186	0.002210137965380237	-0.2030281250031353	-0.07659384081077934	-0.05558930996274063	0.64903573904467	-0.13017798162622	0.2078308824852335	-0.1601435037634082	0.6287759773865085	0.6287759773865037	0.03717587138518497	-0.04227582578306455	0.1958899633077613	-0.03649217671284535	0.07287447662253217	-0.08713870361885138	-0.02570283894928018	-0.2160278022558836	0.1793264587847722	-0.00419837197734634	-0.0206237870161014	22.83528656986302	-5.039917787011442	3.740076643988533	-10.00638474164977	-515.09408952788	-82.23592880675126	-40.24687905296551	-2.540174767022652	-0.9593980956991618	-0.7978721381319412	8.26932185367771	-1.605172347443763	2.708932900149884	-1.877330191209063	8.023841427880706	8.023841427879461	0.4752906072060553	-0.4827456235535212	2.5125138099427	-0.4076091498016358	-2.192113725346701e-07	1.81091595179515e-07	4.878736326182957e-07	1.809092764996618e-07	-9.902149750494577e-07	-3.333693040988524e-07	-3.806344808913259e-08
0.08	-0.04860681677556258	0.06512212126448291	0.8933852048489795	0.2258902659693802	-0.328321816013257	-0.4700654496246854	-0.1455914439948043	0.09957171133437231	0.09957171133437255	-0.1728143654813619	-0.1164168398800097	-0.05786215844790794	0.001825947769000336	-0.2285072500188588	-0.086015114490578	-0.06370418852512547	0.7314322686197795	-0.1459060477978415	0.2344089571339673	-0.1777502182415268	0.7084471130525365	0.7084471130525228	0.04207437885853165	-0.04735574028442528	0.2209140966366913	-0.0402842425456825	0.06823348961522727	-0.08367810647910148	-0.02488336764090289	-0.2123272544137331	0.173746081624154	-0.003468888151679821	-0.01691315373294653	21.20078122168477	-5.14749676830481	3.845128089984434	-9.487541130429966	-513.4759150592174	-81.57364867266637	-40.35643749954595	-2.609866460735321	-0.9275982537865095	-0.8328231499273258	8.313231339181469	-1.545714053419264	2.592608888012153	-1.587909677409117	7.984830539125435	7.984830539125219	0.5275218632164045	-0.573828896477743	2.521019816316767	-0.3407207267367201	-2.278092428961298e-07	1.581568878961253e-07	5.093368312626262e-07	1.866457762622571e-07	-1.040687572720527e-06	-3.533107169005755e-07	-4.151674226013718e-08
0.09	-0.05101606342851168	0.06421649778437939	0.892706913977097	0.2336068553178311	-0.3298564338463826	-0.4675918828798301	-0.1474513593909465	0.1070446512777487	0.1070446512777488	-0.172369626574079	-0.1169152259327411	-0.05553075931662233	0.00140581149263957	-0.2531842932252624	-0.09504300211309272	-0.07198086583583878	0.8114477680883696	-0.1608871097798341	0.2601837070579897	-0.1940428463933224	0.785706753851604	0.7857067538515957	0.0468439989295846	-0.05227038431403543	0.2452353306044529	-0.04367789378935975	0.06339449083326654	-0.07979445994325646	-0.02405519811990471	-0.2089900543421767	0.1684241932067465	-0.002989696687355154	-0.01308462489280779	19.61645292797604	-5.158861153547788	3.939068211063182	-8.880500637325692	-512.1748802317254	-80.69040834636512	-40.47124595509025	-2.372963775277941	-0.8803596820195633	-0.829330972550149	7.780008718762272	-1.454810970299369	2.551733007812346	-1.621437195072616	7.531420943793075	7.531420943794018	0.4473590126669572	-0.4425471664916167	2.368105706679721	-0.3290003767517547	-2.289707658943178e-07	1.191054602660882e-07	5.179923446545546e-07	1.838611257765048e-07	-1.052815497620334e-06	-3.657665477051845e-07	-4.502005204083332e-08
0.1	-0.05366734861846127	0.0632226002949437	0.8919450081419262	0.2421104595545816	-0.3315369640392703	-0.4648642036430914	-0.149468500630808	0.1152771656478141	0.1152771656478139	-0.171878056079361	-0.1174612114278277	-0.05296006174172429	0.0009536760931283335	-0.27691495741907	-0.1036699163570157	-0.08042718118282863	0.8888352462795415	-0.1750885197502305	0.2852314555106145	-0.2091953869854347	0.8603619983904977	0.860361998390496	0.05144069634532613	-0.05687562875520386	0.2687737853591692	-0.04668406717577791	0.05855549205130611	-0.07591081340741264	-0.02322702859889929	-0.2056528542706246	0.1631023047893364	-0.002510505223033223	-0.009256096052665908	18.07300310625374	-5.17524983429655	4.031372985670704	-8.403069744187643	-510.2954719330783	-79.69670352770471	-40.58858500205318	-2.420590658216138	-0.8474035780681471	-0.8667507571826311	7.787627083697843	-1.389783651100045	2.447208593732621	-1.359892165472468	7.463951287090647	7.463951287090654	0.4929373321541173	-0.5119489787893925	2.364463973707724	-0.2632251552848947	-2.294785440693609e-07	7.8637178100082e-08	5.255219076946234e-07	1.803273631810076e-07	-1.061572462276514e-06	-3.775643053671901e-07	-4.852775879820565e-08
0.11	-0.05655191642448087	0.06214442984572405	0.8910976405944618	0.2513761660014573	-0.3333556947392023	-0.4618900362926172	-0.1516308568409826	0.1242442604263446	0.1242442604263441	-0.1713411923387365	-0.1180524457464164	-0.05015749543138445	0.0004735408610700207	-0.2998442095776402	-0.1118949387863845	-0.08907910228931153	0.9638757488190329	-0.1885253791631676	0.3094808938217594	-0.2230938140820336	0.9326280394480461	0.9326280394480411	0.05590197512925451	-0.06132323609396158	0.2916114707766115	-0.04927492315597717	0.05368237752249277	-0.07235705961341136	-0.02243175561523499	-0.2029376682326583	0.1581313786068254	-0.001754140487852116	-0.00541669426209822	16.62673662083051	-5.312628372644997	4.124230875830285	-7.947220712442232	-508.7809706719927	-78.9777261856219	-40.70567538374734	-2.205938198332253	-0.7996303761655571	-0.8695413756709638	7.297695690371818	-1.300861245176845	2.39556472422908	-1.377511836682946	7.043602611336128	7.043602611335609	0.4182868104881238	-0.4038865970613388	2.224209158130765	-0.2468772454719409	-2.236412269751434e-07	1.808481515592776e-08	5.189701271976876e-07	1.689526335254153e-07	-1.043282355122748e-06	-3.829736836444809e-07	-5.237406994056446e-08
0.12	-0.05966114589281693	0.06098609341205193	0.8901627281182746	0.2613793642439891	-0.3353048388650212	-0.4586770239041474	-0.1539267360931088	0.1339211500347021	0.1339211500347007	-0.1707606030784786	-0.1186867001355179	-0.04713039460039651	-3.047521600717924e-05	-0.3218472898824045	-0.1197031132475118	-0.09793616692739511	1.036333605410405	-0.2011712049275568	0.3330004631098504	-0.2358999953758096	1.002320964355562	1.002320964355552	0.06018580027222033	-0.06547964285841437	0.3136806894887851	-0.05146023617955598	0.04880926299369873	-0.06880330581940911	-0.02163648263158416	-0.200222482194681	0.1531604524243178	-0.0009977757526679304	-0.001577292471517896	15.21573559757094	-5.454110308764679	4.215377244237711	-7.602877117059754	-506.7654577625834	-78.16453168575816	-40.81972449359327	-2.235356287454934	-0.7640339844198271	-0.9077794635027688	7.271097894074038	-1.231576921390483	2.301234789121838	-1.141443004907915	6.949328057084152	6.949328057083894	0.4574466039616028	-0.4537088639284029	2.210770632653995	-0.1821165639607949	-2.170909778282001e-07	-4.472418607790604e-08	5.108361732696278e-07	1.566968963349809e-07	-1.021953251136405e-06	-3.87665266485287e-07	-5.62584265194386e-08
0.13	-0.06298641371264731	0.05975174256536038	0.8891381034594114	0.2720954423769303	-0.3373765945293832	-0.4552327998229758	-0.1563446442668295	0.1442830308884452	0.1442830308884463	-0.1701379306099072	-0.1193617514434828	-0.04388611565554938	-0.0005542532380694139	-0.3430527834520059	-0.1270962856553369	-0.1070245189791909	1.106453836893336	-0.213048955591236	0.3557281842115403	-0.2475071490348644	1.069627277921918	1.069627277921908	0.06431333980369107	-0.06947990895978283	0.3350460633706343	-0.05322935030283244	0.04386239178174134	-0.06538178741032984	-0.02086510578183468	-0.1979678326443468	0.1484100151820771	-8.327708198167885e-05	0.002309310103352653	13.85372690368292	-5.662762014541223	4.305711425710855	-7.236954237397531	-505.1454746450807	-77.51124088442094	-40.92796789414621	-2.040121414964445	-0.7163122613313777	-0.9149300696926354	6.81824269674424	-1.146269471514913	2.241032694988991	-1.144177996426651	6.557105081546739	6.557105081546903	0.3851560943501157	-0.3654932692788953	2.080053330474093	-0.1644543411382794	-2.071272302626344e-07	-1.242728691379379e-07	4.947464348953634e-07	1.384339688121826e-07	-9.843360245454141e-07	-3.902728677322833e-07	-6.107317913779414e-08
0.14	-0.06651913157282394	0.05844558931611715	0.8880214818812954	0.2834998742089696	-0.3395632067669137	-0.4515648001459281	-0.1588733892671453	0.1553051392928816	0.1553051392928818	-0.1694750330526993	-0.1200752669696634	-0.04043205645897897	-0.00109375150228985	-0.3633372979516775	-0.1340635937578492	-0.1163355507779812	1.174004345229934	-0.2241425195612462	0.377755582285088	-0.2580673606948178	1.134366474493689	1.134366474493682	0.06823081799957452	-0.07317248650266464	0.3556367398334321	-0.05460428461119676	0.03891552056978945	-0.06196026900124862	-0.02009372893211482	-0.1957131830940062	0.1436595779398376	0.0008312215887076977	0.006195912678226013	12.52151580907332	-5.874619577937993	4.394259361556538	-6.965908576572068	-503.1010206486807	-76.77937113552719	-41.02767524919769	-2.051160473468987	-0.678861123357265	-0.9523154129016401	6.757153264807689	-1.074739582656679	2.161170183493434	-0.9320546050876474	6.4359046581671	6.435904658167404	0.4154343368441438	-0.3921711522310697	2.055831148843737	-0.1032806009783571	-1.966926553289828e-07	-2.061304738291695e-07	4.775593469423122e-07	1.193424633125064e-07	-9.444721603537826e-07	-3.925930232422024e-07	-6.601626224435399e-08
0.15	-0.07025070040957476	0.05707186803171442	0.886810549322964	0.295568131293436	-0.3418569316932257	-0.4476803984423935	-0.1615019754175659	0.166962694330269	0.1669626943302692	-0.1687738245173901	-0.1208248826700863	-0.03677565687469717	-0.001644961603096106	-0.3828271990663526	-0.1406094692180458	-0.125887562755875	1.239229056172913	-0.2344723643910081	0.399010959137703	-0.267481502046051	1.196723776862986	1.196723776862979	0.07197769074322501	-0.07670202218313403	0.3755151869660755	-0.05557183704116281	0.03393010703880403	-0.05860255446590441	-0.0193570709749512	-0.1938979032254575	0.1391583990700662	0.001825244747500467	0.01010745529916548	11.24366328419373	-6.122750510588338	4.47970117405682	-6.674507757299359	-501.4698184152473	-76.14342637835752	-41.11621567084005	-1.87550649468017	-0.6317483430780618	-0.9623221373408865	6.342420810167365	-0.9926067532622386	2.090564729364448	-0.9208387986984212	6.0725429512358	6.072542951235657	0.3493533848276638	-0.3259598587784566	1.934639303096076	-0.08362625717251727	-1.813120698553814e-07	-3.030212662464387e-07	4.447524442627464e-07	9.369159365958188e-08	-8.86329596705057e-07	-3.883307531494021e-07	-7.093644188650471e-08
0.16	-0.07417268857031495	0.05563482847556436	0.8855029610354322	0.3082760936475576	-0.3442500550318607	-0.4435868743116891	-0.1642196519612102	0.1792312023763345	0.1792312023763342	-0.1680361393263039	-0.1216083167438779	-0.03292431525756463	-0.002203873966835375	-0.4014211627495649	-0.1467272481073156	-0.135666696618085	1.30194539916087	-0.2440222020258213	0.4195800677190746	-0.2758854393395776	1.256557076229275	1.256557076229267	0.0755261491549621	-0.07993616117654663	0.3946251464035763	-0.05614473719780011	0.02894469350782291	-0.0552448399305599	-0.01862041301779161	-0.1920826233569085	0.1346572202002941	0.002819267906293243	0.01401899792010903	9.99043685561371	-6.373278438307143	4.563338213994985	-6.463120336061518	-499.4875737732429	-75.44367413074511	-41.19092545347227	-1.871972987176447	-0.5932418091718769	-0.9977397897648705	6.255479673803497	-0.9187381436669375	2.023916529244765	-0.7300137935463145	5.931104057565548	5.931104057565441	0.3757514704614607	-0.3330918148197065	1.902133609815238	-0.02435014631259798	-1.651168473516706e-07	-4.02388113112702e-07	4.093728662164608e-07	6.696035814612241e-08	-8.251764237339867e-07	-3.829843188396835e-07	-7.585284919334097e-08
0.17	-0.07827668941752397	0.05413872636188722	0.8840963854715739	0.3215997366259443	-0.3467348780321373	-0.4392915318599802	-0.1670158420051147	0.1920862528845968	0.1920862528845957	-0.1672637594422302	-0.1224233740291794	-0.02888543821748616	-0.002766491145366362	-0.4192308405981738	-0.1524219039333263	-0.1456833106479302	1.362369737997594	-0.2528147306017671	0.4393732961583482	-0.2831933073022452	1.314037740927828	1.314037740927803	0.07891800824905527	-0.0830318248451398	0.4130221591095668	-0.0563149020118419	0.02393128351262411	-0.05193825924329446	-0.01792529136590511	-0.190658701076145	0.130375429566493	0.003875922546812536	0.01795264679685702	8.781049465495157	-6.652074627396434	4.643933161057578	-6.229241396553409	-497.9270249389563	-74.82615439976479	-41.24824381616269	-1.713223766586241	-0.546874337021523	-1.009019442363989	5.873896319782216	-0.8403400327159405	1.939668721485822	-0.7072839768158508	5.594270331164603	5.594270331162214	0.3161075002437514	-0.2911929515219984	1.789254019465306	-0.003759186790321551	-1.541741405067998e-07	-5.08960299255577e-07	3.845504684944445e-07	4.134634628818271e-08	-7.824104456022773e-07	-3.873928272396345e-07	-8.299543120782923e-08
0.18	-0.08255433875979583	0.05258781831640887	0.8825885643208632	0.3355152200589351	-0.349303792281805	-0.4348017285798358	-0.1698803328644833	0.2055036545708781	0.205503654570877	-0.1664584200929462	-0.123268065812893	-0.02466643726665289	-0.003328891879605834	-0.436150861762109	-0.1576884344675577	-0.1559158139885711	1.420313490081336	-0.2608404519040144	0.4584722334063081	-0.2895456024324701	1.369027311832958	1.369027311832918	0.0821180421975691	-0.08586306085944803	0.4306499285545315	-0.05610144833949737	0.01891787351745057	-0.04863167855602647	-0.01723016971402764	-0.1892347787953712	0.1260936389326952	0.004932577187336512	0.02188629567362274	7.590856981252352	-6.932481252732291	4.722785796642187	-6.059915464078413	-496.0931027451396	-74.159518550992	-41.28572205183638	-1.694041650241687	-0.5076167508159851	-1.040917651924016	5.759362323207299	-0.7653766889272529	1.885058290982033	-0.5388992270577645	5.432885298880829	5.432885298881067	0.3373864413455895	-0.2802062839627154	1.748284957610112	0.05237355096467545	-1.442439668009826e-07	-6.169214664638235e-07	3.617631898710824e-07	1.594770284576483e-08	-7.431889869576735e-07	-3.936818065233773e-07	-9.056715533463597e-08
0.19	-0.08699716133191171	0.05098636534103373	0.8809773177688559	0.3499984932486855	-0.3519492514309641	-0.4301247292827165	-0.1728032286742007	0.2194590739459821	0.2194590739459814	-0.1656219542184845	-0.1241403103474957	-0.0202748335119072	-0.0038872687509122	-0.4522705453165203	-0.162531199401361	-0.1663651155869088	1.475937005501545	-0.2681283340709366	0.4768165203259316	-0.2948789655538602	1.42164875667515	1.421648756675138	0.08514354777327621	-0.0885435240718021	0.447543254869694	-0.05551406265239144	0.01389407246186986	-0.0452930524075416	-0.01658585929430641	-0.188184684870445	0.1220754082306874	0.005955689108249108	0.02583453225994118	6.455397311056632	-7.20338597867671	4.794962947955007	-5.872349208130874	-494.6833930473742	-73.49256760183489	-41.30148166347053	-1.549440671350918	-0.4619599177465142	-1.051826501455184	5.403239043654509	-0.6919826909090251	1.792352056144122	-0.5073657611565457	5.115621488733472	5.115621488737659	0.2803302413613082	-0.2555239260464928	1.640702274517663	0.0709609756189951	-1.386721168223004e-07	-7.277826062407003e-07	3.486168048479482e-07	-8.909453056985554e-09	-7.135216418068742e-07	-4.074151958026059e-07	-1.000000306886193e-07
0.2	-0.09159688253223386	0.04933861400570382	0.8792606001833321	0.3650258801710848	-0.3546638871438593	-0.4252676394836631	-0.1757748202964271	0.2339284772518778	0.2339284772518772	-0.1647561937631317	-0.1250380710314543	-0.01571812733280021	-0.004437963785740415	-0.4675305874033354	-0.1669481064585112	-0.1770100206919179	1.529136236610827	-0.2746757646512317	0.4944903337932197	-0.2992847649343295	1.471824097991147	1.471824097991164	0.08797695837610491	-0.09096629073114587	0.46367041342679	-0.05456508104386754	0.008870271406307488	-0.04195442625905555	-0.01594154887459739	-0.1871345909455128	0.1180571775286804	0.006978801029163641	0.02978276884627439	5.335414949094337	-7.47529642905357	4.865354244699343	-5.741218332894152	-493.0557807408288	-72.78761564191413	-41.2938348119901	-1.522113356722474	-0.4224451754853414	-1.080038353258293	5.274505461021869	-0.6172863716018542	1.750963600514962	-0.3533864788736204	4.94366459364201	4.943664593642044	0.2989674467699033	-0.228666973360651	1.595051405996797	0.1246927352482768	-1.340687832274259e-07	-8.392881843661617e-07	3.376128406248645e-07	-3.364627839536538e-08	-6.859774329880316e-07	-4.228028984141647e-07	-1.098464952041975e-07
0.21	-0.09634520521977603	0.04764880246640237	0.8774364691716328	0.3805736754188522	-0.3574404093834764	-0.4202374671114757	-0.178785636034704	0.2488878376503001	0.2488878376502994	-0.1638629852252871	-0.1259592656991212	-0.01100386410730665	-0.004977410090734491	-0.4819936975273924	-0.1709440956464526	-0.1878423803265765	1.580025901406763	-0.2805090479943186	0.5114331087391337	-0.3027325063057357	1.519647763651889	1.519647763651927	0.09063866041755174	-0.09323462319465124	0.4790555783650373	-0.05326639381918363	0.003860678292582635	-0.03871655803482086	-0.01535722209681238	-0.1864667704032981	0.1142591178332763	0.008062678079802913	0.03372933808408708	4.258661207232047	-7.775164463795606	4.933346833881624	-5.594063416288854	-491.8651934620026	-72.17480612156155	-41.2613232618426	-1.387339602724402	-0.3776676558257752	-1.088900652953452	4.936683270423837	-0.5483169388277589	1.649170685243806	-0.3185865040250829	4.641707213218634	4.641707213221899	0.2457532611048969	-0.2201119179527822	1.491227557925777	0.1412229724803707	-1.341255113427156e-07	-9.45896455934657e-07	3.369509635334698e-07	-5.616585907936315e-08	-6.677505604929298e-07	-4.436788580982465e-07	-1.208861518224905e-07
0.22	-0.1012339449610543	0.04592113266214613	0.8755032013867101	0.3966184645708895	-0.3602716579811577	-0.4150412197411067	-0.181826552894245	0.2643134326375146	0.2643134326375157	-0.1629439633313743	-0.1269019827984455	-0.006139553528393184	-0.005502116272201342	-0.4956139981505335	-0.1745197594494697	-0.1988373753365967	1.628535017464478	-0.2856210362640313	0.527705333429615	-0.3053049891871829	1.565071015749765	1.565071015749825	0.09313962958991148	-0.0952707770624486	0.4936798841107679	-0.05161705633842259	-0.001148914821124211	-0.03547868981058526	-0.01477289531902127	-0.1857989498610806	0.1104610581378724	0.009146555130443296	0.03767590732191478	3.194479441427581	-8.075877161965144	4.999925051203093	-5.49872104223341	-490.5004109471807	-71.53400733035603	-41.20265170448914	-1.353551456539305	-0.3383800985004652	-1.112565428330605	4.798395713377757	-0.4730273569270245	1.616853549428444	-0.178334780881815	4.463581881068895	4.463581881068786	0.2668208729524863	-0.1822312542190492	1.442879567493508	0.194822786463715	-1.353620019162746e-07	-1.05126490305835e-06	3.389073363488317e-07	-7.812411200275781e-08	-6.51882507320294e-07	-4.659442499525871e-07	-1.32227882390838e-07
0.23	-0.1062548985095921	0.04415978778326336	0.873459206501467	0.4131368207279364	-0.3631505777661218	-0.4096858318253386	-0.184888709768881	0.2801815932131653	0.2801815932131651	-0.1620007693551787	-0.1278643015811704	-0.001132733279463789	-0.006008696583941474	-0.5084399594232601	-0.177680334387038	-0.2099812570485982	1.674746104394149	-0.2900503840099481	0.5432612342921105	-0.3069894827404883	1.608169659789088	1.608169659789101	0.09547298742681139	-0.09716044810074112	0.5075582138025725	-0.04964727213041669	-0.0061239820836254	-0.03238635149421756	-0.01425632098192064	-0.1855256004572219	0.1068884535140077	0.01029533780424336	0.04160721315038188	2.17518747821645	-8.406982427734192	5.064887810669061	-5.387782493936832	-489.5732838112135	-70.99660981855604	-41.11670639874205	-1.226567710935144	-0.2945805010743535	-1.118377514378782	4.473978273302531	-0.4108939374770758	1.508179765234402	-0.1429711926738935	4.174316676326106	4.174316676319168	0.212525907782391	-0.1873436602407086	1.341388239922441	0.2059477509854486	-1.417949556233967e-07	-1.150151207634511e-06	3.542002585205839e-07	-9.731184466487737e-08	-6.455843885918892e-07	-4.944518873366387e-07	-1.449232827243355e-07
0.24	-0.1114000015205165	0.04236890029306711	0.8713031572047554	0.4301055903723894	-0.3660703921193559	-0.404178240618831	-0.1879636044890736	0.296469002431401	0.2964690024314002	-0.1610350552668705	-0.1288445188005999	0.004009085980363385	-0.006494000750998262	-0.5204438906278196	-0.1804282817121675	-0.2212482576303633	1.718617714945451	-0.2937999499179872	0.5581459915775775	-0.3078525582985555	1.648920744266897	1.648920744266863	0.09764365201265721	-0.0988504644032878	0.5206796862903176	-0.04736182740175374	-0.01109904934611139	-0.02929401317784804	-0.01373974664481782	-0.1852522510533605	0.1033158488901433	0.01144412047804569	0.04553851897886114	1.166377948621951	-8.739014574287841	5.128961174388969	-5.32688578616635	-488.5042006978138	-70.43998780873333	-41.00248419879532	-1.189145442905894	-0.2558545760127101	-1.137189202283342	4.330500437704099	-0.3370709893514667	1.482624834022746	-0.01405118183418606	3.994069968766198	3.994069968766164	0.2342822227416669	-0.1423003070698813	1.291508126681645	0.2579548905951357	-1.497126130829655e-07	-1.247185471482806e-06	3.733036233655905e-07	-1.157080001094898e-07	-6.420205368475503e-07	-5.24743023443465e-07	-1.58005445847876e-07
0.25	-0.1166611958779824	0.04055257718117795	0.8690338844206176	0.4475016271285254	-0.3690244485493722	-0.3985253118112344	-0.1910429656501846	0.3131524066447349	0.3131524066447345	-0.1600484817498933	-0.1298409287889537	0.00927837046592654	-0.006954998971980877	-0.531662711391075	-0.1827689597844854	-0.2326178420300431	1.760206560456799	-0.2969039628131296	0.5723285720653611	-0.30788918443186	1.68737527273501	1.687375272734993	0.09964978960169102	-0.1004028596601126	0.5330518169638223	-0.04478988213992928	-0.01605426689239917	-0.02626994665419349	-0.01329275186078222	-0.1853495337533653	0.09996216073392532	0.01258963774909607	0.04947027377586404	0.1965490786715193	-9.072449869339945	5.188684197687471	-5.239015911653077	-487.897775321478	-69.92691907249673	-40.85909032655502	-1.068368705784033	-0.2130913241489311	-1.138702715048673	4.015648559415729	-0.2808268230510293	1.369246418529355	0.02110509463657918	3.713452671467579	3.713452671470041	0.1804202454135024	-0.1572822360631658	1.191221986568365	0.2641625544933719	-1.676003820014554e-07	-1.325058972484127e-06	4.239258155010518e-07	-1.257930831368693e-07	-6.591310056973252e-07	-5.668517430729277e-07	-1.731602475223043e-07
0.26	-0.1220306021056307	0.03871486390830416	0.8666505438612352	0.4653020667300886	-0.3720062971850313	-0.3927339228462854	-0.1941187783878853	0.3302088178198769	0.3302088178198766	-0.1590425187133404	-0.1308519773500892	0.01466760754800144	-0.007388808098241797	-0.5420862646642776	-0.184706313909095	-0.244061812679267	1.799498284030772	-0.2993583910464875	0.5858380230480718	-0.3071428736165603	1.723522136628472	1.723522136628471	0.1015215559278951	-0.1017781789599129	0.5446702055926661	-0.04192400845741384	-0.02100948443867905	-0.02324588013053903	-0.01284575707675509	-0.1854468164533692	0.09660847257770623	0.01373515502014591	0.05340202857287487	-0.7640564398924614	-9.406839968763252	5.247806033780667	-5.201705591355037	-487.1704755527629	-69.40177117320347	-40.68566479485551	-1.030091944895327	-0.1751897864710291	-1.152066452192158	3.871076050229109	-0.2071540569945748	1.347998933008149	0.1425362078866624	3.532537053836005	3.53253705383587	0.2074079701757281	-0.1068851156649679	1.140759717749478	0.3167405747333416	-1.886785865868001e-07	-1.396801029374416e-06	4.846340323694586e-07	-1.332186229907342e-07	-6.828572571372164e-07	-6.127420894296341e-07	-1.889782935330166e-07
0.27	-0.1275002997458815	0.03685976820883071	0.864152480837007	0.4834839674375562	-0.3750096238591519	-0.3868107658919533	-0.1971833229239566	0.3476152492932005	0.3476152492932037	-0.1580186934918646	-0.1318759758128375	0.02016923848304648	-0.007792688873520469	-0.5517236508871124	-0.1862480089518251	-0.2555533449896303	1.836504745987226	-0.3012065517372906	0.5986857402085858	-0.3056462018062986	1.757387216588063	1.757387216588036	0.1032238449286497	-0.1029939113748373	0.5555311035611726	-0.03880997250823181	-0.02593701481401363	-0.02021812684651136	-0.01247000492908693	-0.1859147515546856	0.09349055548139529	0.01479067175939615	0.05732467540779689	-1.683737780436387	-9.706086426584369	5.297644137642672	-5.120504218498816	-486.9122564012529	-68.84570020805171	-40.4813662539383	-0.9110799570176886	-0.133963841809733	-1.148217361627108	3.558896102804013	-0.1584533814553258	1.236834071795688	0.1712074362589013	3.256990876294655	3.256990876290783	0.1485096717261979	-0.1246257187925826	1.039982596394532	0.315228245021192	-2.016535170528545e-07	-1.473060446314389e-06	5.178238897075946e-07	-1.482974538483694e-07	-6.783370794987072e-07	-6.432781074487407e-07	-2.02819155579792e-07
0.28	-0.1330624748475688	0.03499119466320288	0.8615393983414416	0.5020246257314784	-0.3780283934014473	-0.3807623965731714	-0.2002293057881926	0.3653490310479746	0.3653490310479807	-0.1569784713190403	-0.1329112732826123	0.02577572394977521	-0.008164130661305212	-0.5605817569515528	-0.1874018831399729	-0.2670657069467505	1.871249801321703	-0.3024469646813789	0.6108804959380055	-0.3034305392495197	1.788992192918611	1.788992192918558	0.1048009461974392	-0.104037980365218	0.5656411119294107	-0.03543621095862738	-0.0308645451893493	-0.01719037356248483	-0.01209425278142033	-0.1863826866560047	0.09037263838508237	0.01584618849864406	0.06124732224272004	-2.593671912876212	-10.00635421918923	5.346862924315317	-5.096351112264452	-486.5299800497054	-68.28149364941729	-40.24781394185322	-0.874235913216456	-0.09762561555457105	-1.156232381543551	3.418794725833753	-0.08560450765162532	1.21740664678931	0.2863343571900977	3.080516328027294	3.080516328027264	0.1823704237827348	-0.07255243075622968	0.9905817976957934	0.3686856948178323	-2.11742349887381e-07	-1.550928786011785e-06	5.412126874870039e-07	-1.661021143785802e-07	-6.637565298596719e-07	-6.683454605804828e-07	-2.159558151188639e-07
0.29	-0.1387094586242265	0.03311299117428804	0.8588111678535505	0.5209016324575012	-0.3810567026064671	-0.3745953935477182	-0.2032495314183577	0.3833877799947184	0.3833877799947187	-0.1559231779719815	-0.1339563554383964	0.03147959140500609	-0.00850069545659405	-0.5686858090363668	-0.1881766643284107	-0.2785727428155545	1.903774582354695	-0.3031221119505268	0.6224155224786863	-0.3005071121957079	1.818384376910729	1.818384376910724	0.1062370921359316	-0.1049508510032787	0.5750065471415572	-0.031841774819304	-0.03577594017792327	-0.01435522268425192	-0.01178650996098433	-0.1872271788082144	0.08737025157100747	0.01697501681494289	0.0651710194905732	-3.497218968845733	-10.33581791946888	5.396438958742576	-5.017729676188293	-486.6341485798387	-67.84014386850652	-39.98565884978579	-0.7590713243379278	-0.05811605080256587	-1.146923943707209	3.112807876249941	-0.04440924044816412	1.105660683131033	0.3114680675987921	2.812630441143007	2.812630441150356	0.1209355921375724	-0.09635069781305299	0.8906032125587467	0.360255136332154	-2.104750283606949e-07	-1.625952210459492e-06	5.227713387605433e-07	-1.918825113883675e-07	-6.184452324438633e-07	-6.716911144705426e-07	-2.246959512075729e-07
0.3	-0.1444335992153772	0.03122889753742603	0.8559680700561396	0.5400925846106971	-0.3840889511649591	-0.3683162182517734	-0.2062372985403602	0.4017092629826503	0.4017092629826459	-0.154854183382885	-0.1350097055640593	0.03727332897827531	-0.008800229377921149	-0.5760131198501433	-0.1885799127294047	-0.2900391688507021	1.934038886756406	-0.3032348353757451	0.6333149500363094	-0.2969388376170153	1.845539001156407	1.845539001156451	0.1075411946046264	-0.1056915743406216	0.5836151355370903	-0.02803003616627812	-0.04068733516650205	-0.01152007180602108	-0.01147876714054064	-0.1880716709604288	0.08436786475693014	0.01810384513123798	0.06909471673842481	-4.392877998888721	-10.66655515418826	5.446095815101978	-4.993385610392082	-486.642251618499	-67.39964109950003	-39.69100940131334	-0.7188876590089822	-0.02331905806577623	-1.148110414812268	2.966699399577261	0.02688026113430416	1.09028685017781	0.4153038621662369	2.633004378739301	2.633004378739326	0.1559617298231985	-0.03812297061265398	0.8392124343731211	0.4121461975583439	-2.047292234239533e-07	-1.69985369649887e-06	4.878335942289515e-07	-2.208082692633395e-07	-5.61014766890736e-07	-6.664704644343055e-07	-2.317022470623359e-07
0.31	-0.1502273796119576	0.02934259276841148	0.8530105688204673	0.5595753540603401	-0.3871196524922219	-0.3619313891101033	-0.2091860096711285	0.4202915251484699	0.4202915251484624	-0.1537726561627316	-0.1360699467854447	0.04314950369506355	-0.009060621783977207	-0.5826163466986695	-0.1886219215384931	-0.3014431914562535	1.962141915025311	-0.3028202342660629	0.6435469379053965	-0.2927065776674345	1.870546775395417	1.87054677539542	0.1087454664476758	-0.1063312513222105	0.5914945922784581	-0.02401964915142585	-0.04557816747441147	-0.00881480400935542	-0.0112400900637441	-0.1892604542884085	0.08152419418769107	0.01922154589771682	0.07301509702138147	-5.268187604017305	-10.99308426641413	5.491724662674899	-4.921598562613632	-487.0966867849035	-67.00557920574214	-39.36019338216225	-0.6120064688164336	0.01418022324475588	-1.133973881616523	2.676177638758235	0.06169931130674283	0.9738558020965595	0.441708691688542	2.379712219722533	2.37971221971642	0.09960307644091412	-0.07292276544842824	0.7434786585667559	0.4000226688791758	-2.003889686421885e-07	-1.765578451275428e-06	4.538990888391076e-07	-2.483018851279738e-07	-5.079225522594639e-07	-6.61347376093125e-07	-2.383648773252964e-07
0.32	-0.1560833855312319	0.02745763231442112	0.8499395422191015	0.579327968412314	-0.3901436179533038	-0.3554473998803778	-0.2120894938763341	0.4391128747113285	0.4391128747113156	-0.1526796975911688	-0.1371357913173469	0.04910070625217504	-0.009280002776798659	-0.5884582243888763	-0.1883110497245664	-0.3127442419894106	1.98800786722266	-0.3018876621395166	0.6531469676473791	-0.2878934525044737	1.893356480564053	1.893356480564016	0.1098274648865287	-0.1068122364444566	0.5986207036017516	-0.0198277535193533	-0.0504689997823265	-0.006109536212691905	-0.0110014129869623	-0.1904492376163895	0.0786805236184501	0.0203392466641924	0.07693547730433545	-6.13994749691126	-11.32045049867108	5.537733905825865	-4.89131268475288	-487.5183219754567	-66.62404916802552	-38.9898823524846	-0.566617827345143	0.04725706653728538	-1.127516000333416	2.51928418526601	0.1304744645071429	0.9638952247569015	0.5314769048422344	2.19339056466461	2.193390564664606	0.1315070489838797	-0.006384598744104528	0.6885433507582519	0.448447921002409	-1.966598226234572e-07	-1.827748105502934e-06	4.204007743804586e-07	-2.751728305533308e-07	-4.567165336811723e-07	-6.5626670588023e-07	-2.448780877657341e-07
0.33	-0.1619942319570859	0.02557750658894006	0.8467560811578514	0.5993284978361501	-0.3931558040111874	-0.3488706607841298	-0.2149418109485037	0.45815172354078	0.4581517235407767	-0.1515763881849213	-0.1382059124790363	0.05511953570514393	-0.009456621303283277	-0.5935889847949387	-0.1876584369156686	-0.3239199822507016	2.011732256987095	-0.300472125392525	0.662101284102921	-0.2824813200104651	1.914055261970455	1.914055261970477	0.1108169702634745	-0.1071855365382443	0.6050219132711527	-0.01547289581313349	-0.05534955170256782	-0.003511322069954644	-0.01082744999871404	-0.1919102158542246	0.07597930054052354	0.02141073093364967	0.08085857027823432	-6.993057260232513	-11.62866346120798	5.578008157967027	-4.818736123596691	-488.3205440097374	-66.25176833630336	-38.57716822362261	-0.4679515422872814	0.08255538483958078	-1.108492870557877	2.244191094557223	0.1588967408268573	0.8460513419690228	0.5593777094842883	1.954467821929793	1.954467821938592	0.07978772941661584	-0.04869001688289219	0.5973624042331419	0.4327091975359887	-1.944782557046848e-07	-1.877316230680963e-06	3.905074923410522e-07	-2.989135846631107e-07	-4.114985579609376e-07	-6.508282535633055e-07	-2.506537162604281e-07
0.34	-0.1679527152660107	0.02370556539090273	0.8434616847276822	0.6195553061021346	-0.3961514740093953	-0.3422074082261231	-0.2177373474381726	0.4773868293629557	0.4773868293629622	-0.1504637606354293	-0.1392789441021012	0.06119866778064716	-0.009588950352284867	-0.5979856010030218	-0.1866741442358193	-0.3349313157732374	2.033263635652532	-0.2985844502042644	0.67044965999911	-0.2765373360042938	1.93260787910893	1.93260787910901	0.111691093535087	-0.1073943287195033	0.6106812281086375	-0.01096985802274487	-0.06023010362282041	-0.0009131079272205448	-0.01065348701046522	-0.1933711940920641	0.0732780774625946	0.02248221520310202	0.08478166325212606	-7.846710013041734	-11.93725345589113	5.618882413272372	-4.775220154949864	-489.1496807429325	-65.90294413087911	-38.1196758021056	-0.4197889877493335	0.1135930407276212	-1.09463465258237	2.080681965466544	0.2249021527609364	0.8427071128863145	0.6378472072747483	1.764157711079123	1.764157711079123	0.1084306279172257	0.02651698376165008	0.5401643843749767	0.4780839378361812	-1.930358310426092e-07	-1.920865715118944e-06	3.623360168302393e-07	-3.211593220251522e-07	-3.691405430087301e-07	-6.452189202414713e-07	-2.560770668108865e-07
0.35	-0.1739516599534541	0.0218450801121124	0.8400580678548657	0.6399868093701743	-0.3991260287462756	-0.3354638044191294	-0.2204707458777334	0.4967970618033967	0.4967970618033888	-0.1493428161189255	-0.1403534812217231	0.06733079122412314	-0.009675571156063762	-0.601684055188659	-0.1853715902162891	-0.3457536352516905	2.052676631332673	-0.2962562992540707	0.6781696348843833	-0.2700662807960151	1.949088629404696	1.949088629404762	0.1124840106238444	-0.1074904637156242	0.6156214370984969	-0.006336734638772313	-0.06509160510204857	0.001689926993148684	-0.01054335421286746	-0.195050967525574	0.07076564817523427	0.02338672956931561	0.08869479385197289	-8.666100112035544	-12.17629898049024	5.64520939355303	-4.691394464876111	-490.2948511053976	-65.44747869608022	-37.61560966784201	-0.3269403440410796	0.1462190186593959	-1.07033798338401	1.817589788968228	0.2475044691379611	0.7212045719657055	0.6631453443430935	1.537588340558501	1.537588340556321	0.06236403055528009	-0.02415129037143287	0.4525847796000704	0.4588285242733342	-1.849058145442755e-07	-1.95977483162988e-06	3.078204637247692e-07	-3.482409427916019e-07	-3.119646932105872e-07	-6.289261055053834e-07	-2.584849972576748e-07
0.36	-0.1799840025247679	0.01999914686073615	0.8365473663096831	0.6606016388789504	-0.4020751553930566	-0.3286460884841593	-0.223137151631864	0.516361612677142	0.5163616126771193	-0.148214414075293	-0.1414282742011208	0.0735086438821594	-0.009715280328883845	-0.6046651777771042	-0.1837637387530042	-0.3563482502464393	2.069928883800028	-0.2934988321843015	0.6852720855943705	-0.2631387989181913	1.963471565769787	1.963471565769838	0.1131825989606126	-0.1074455006746442	0.6198270710207026	-0.001587531830978182	-0.06995310658128862	0.004292961913516041	-0.01043322141527093	-0.196730740959087	0.06825321888787271	0.02429124393552639	0.09260792445181051	-9.489582045701303	-12.41494661873603	5.671837408035088	-4.625156115123938	-491.5194257487479	-65.02437485163247	-37.06387866934644	-0.2763226683109935	0.174652529478573	-1.049093755841512	1.648533322909279	0.3107653766760262	0.7192022778290719	0.7291325411837729	1.344594924944012	1.344594924944016	0.08956487751938606	0.05473659118184142	0.3932493708442854	0.5012998226005062	-1.732776730854375e-07	-1.996256678763593e-06	2.395249315697856e-07	-3.778521025695883e-07	-2.470379759545699e-07	-6.070450081833782e-07	-2.593156310348512e-07
0.37	-0.186042829795281	0.01817078525414277	0.8329319071186861	0.6813786807219384	-0.4049946650614786	-0.3217605559963085	-0.2257318327475714	0.5360599286363488	0.5360599286363653	-0.1470792372605604	-0.1425021636936979	0.07972505575103318	-0.009706922748104408	-0.6069880590027837	-0.1818604265611814	-0.3666953199331559	2.085127604578027	-0.2903407499580612	0.6917345516949105	-0.2557279891860912	1.975850783956123	1.97585078395615	0.1138407595814233	-0.1073100302246062	0.6233371477388102	0.003271740496908154	-0.07476993802505028	0.006574435202905379	-0.01038575043551332	-0.1986289096639749	0.06589750859928407	0.02525552849353284	0.0964951741496856	-10.27693510189123	-12.6851525763521	5.702667126412803	-4.567523462754847	-492.9836079709035	-64.71451751072031	-36.46246103102131	-0.1933974464751835	0.2053162408019069	-1.020318057767172	1.40280114455635	0.3279071619905863	0.5945781585859895	0.7574704447609759	1.133510871694585	1.133510871690954	0.05182864154081475	-0.003586770707254656	0.3120988041560941	0.4804393082320024	-1.867270179158719e-07	-2.00277657277914e-06	2.737823311932339e-07	-3.835390709735197e-07	-2.391119222805736e-07	-6.173525171615697e-07	-2.681157555420649e-07
0.38	-0.1921215111974066	0.01636288590482121	0.8292144163342859	0.7022971617105676	-0.4078806784043603	-0.3148134369709681	-0.2282503227148504	0.555871821898662	0.5558718218987175	-0.1459379014421836	-0.1435740062902987	0.08597301078346047	-0.009649532769976271	-0.6086360040996145	-0.1796712872986418	-0.3767545689270955	2.098216712928471	-0.2867995670761182	0.6975893930922308	-0.2479005692324784	1.986187026391104	1.986187026391107	0.1144143996893899	-0.1070361214794497	0.6261357037314018	0.008218947638766702	-0.07958676946882223	0.008855908492294017	-0.01033827945576057	-0.2005270783688645	0.06354179831069502	0.0262198130515383	0.1003824238475519	-11.07406001274229	-12.95475708449091	5.734668799030539	-4.509004695322518	-494.6075264345984	-64.45033807421039	-35.80745253379591	-0.1413354425412659	0.2318179436219315	-0.991529617286105	1.226610837398292	0.3873855078165526	0.5976773371851057	0.812454585486293	0.9359997746727763	0.9359997746727746	0.07266077495058096	0.08242425020552885	0.2509452257410958	0.5188867853949589	-2.145063549116049e-07	-1.992175350727163e-06	3.666414061186438e-07	-3.755550728779908e-07	-2.637576763677325e-07	-6.460535154541594e-07	-2.81469874752157e-07
0.39	-0.1982132974237331	0.01457826190431844	0.8253978709118144	0.7233360048034827	-0.4107295319671115	-0.3078105874433301	-0.230688616859363	0.5757769611475307	0.5757769611475471	-0.1447914279405538	-0.1446423333752596	0.09224541348080635	-0.009542404758531253	-0.6096144035721227	-0.1772100794360663	-0.3864970649190302	2.10921111871989	-0.2829159843024342	0.7028788447647674	-0.239698393396435	1.994513739815319	1.994513739815361	0.1148732798361242	-0.1066118294025005	0.6282315948290357	0.01321559226989812	-0.08437999787258674	0.01097032024706126	-0.0103420744314269	-0.2025154720240735	0.06129059972645477	0.02712298874312354	0.1042490700132176	-11.85042064649262	-13.2004614089026	5.761721632595044	-4.43289486452629	-496.3939491968113	-64.17390054857795	-35.1030009850731	-0.0600352045831186	0.2597127144044256	-0.9570466364480134	0.9847686209433326	0.3973102807543625	0.4790896686629785	0.8330790236671151	0.7320019103520593	0.7320019103579407	0.03115242416038857	0.02518594870128915	0.1718571403713965	0.4916637351377696	-2.243101171062383e-07	-1.987392147978988e-06	3.734882314635658e-07	-3.764842801511961e-07	-2.646440626474555e-07	-6.464201335196397e-07	-2.848873599695214e-07
0.4	-0.20431165624578	0.01281953808380726	0.8214856131201632	0.7444745745884968	-0.4135378565784045	-0.3007579412816914	-0.2330430932573148	0.5957555664874516	0.595755566487431	-0.1436406354795289	-0.1457058666870016	0.09853536430684789	-0.009384988214141838	-0.6099505232437331	-0.1744912513003227	-0.3958970427630036	2.118162051348496	-0.2786937767843479	0.7075487198923047	-0.231137019920243	2.00088024460178	2.000880244601861	0.1152781915678792	-0.1060773668350843	0.6296453294705439	0.01827665422765094	-0.08917322627636511	0.01308473200182667	-0.01034586940707728	-0.2045038656792867	0.05903940114221373	0.02802616443470602	0.1081157161788717	-12.63559382342394	-13.44621115475528	5.790596606194909	-4.36090011725862	-498.3273062998783	-63.94599695722305	-34.35418849644122	-0.01287948236172866	0.2833419982555637	-0.9230259876938198	0.8179162048358587	0.4551104566969972	0.473762028185226	0.8842941135159895	0.5439580471219697	0.5439580471219654	0.06186709195470792	0.1044583482989323	0.1145139345159426	0.5317702507192473	-2.229159802444493e-07	-1.986233285124985e-06	3.267536554304797e-07	-3.829659760147604e-07	-2.507295312766448e-07	-6.291358261977408e-07	-2.821148108963342e-07
0.41	-0.210410233639911	0.01108924079059923	0.8174811594456397	0.7656925776982846	-0.4163023334949342	-0.2936617394000747	-0.235310264550641	0.6157881736169268	0.6157881736169356	-0.1424859010178874	-0.1467635807738625	0.104836094455783	-0.009176676772266216	-0.6096632163637615	-0.1715295202591823	-0.4049266840032367	2.125103571385586	-0.2741537551153199	0.7115903080314298	-0.2222493793437514	2.005320400639179	2.005320400639253	0.115662233461615	-0.1054478194577634	0.6303894102116204	0.02338886216733856	-0.09391672970017272	0.01515394393747064	-0.01040284113143247	-0.2066235894584857	0.05700245363638615	0.02873898667520442	0.1119393658092696	-13.36857533784118	-13.61456470099713	5.802718329084175	-4.27513065976653	-500.4246369079859	-63.58504430148139	-33.56618591346733	0.06482691527463208	0.3083146024421128	-0.8829309929163413	0.5820506124502351	0.4608243950271796	0.3539226934062528	0.8981779398666248	0.3459834828620262	0.3459834828608698	0.02539876382449319	0.04496004538020061	0.03759045250569765	0.5017110413148708	-2.436327190533086e-07	-1.950507946428953e-06	4.033965729793377e-07	-3.704449700167588e-07	-2.680452805359905e-07	-6.37756562802349e-07	-2.903287491223577e-07
0.42	-0.2165028797368226	0.009389705996882396	0.8133884097985684	0.7869699521503033	-0.4190199349201699	-0.2865282085397402	-0.2374871236561724	0.6358555701269379	0.6358555701269774	-0.1413275809321592	-0.147814447964365	0.1111409124738494	-0.008917090255849474	-0.6087642637998698	-0.1683387514020848	-0.4135562372726043	2.130036319794863	-0.2693186785254328	0.7150145156357586	-0.2130745823612255	2.007838120709105	2.00783812070917	0.1159953163850098	-0.1047079875631816	0.6304629032967841	0.02853166913588015	-0.09866023312399164	0.01722315587311481	-0.01045981285578398	-0.2087433132376864	0.05496550613055902	0.02945180891570329	0.1157630154396567	-14.11049951986026	-13.78258146776918	5.816190614536375	-4.191375814807961	-502.6716494263227	-63.27131996213828	-32.74426539753973	0.1094496544222978	0.3291495614469955	-0.8430083935206989	0.4161618792734249	0.5141214408687969	0.3502859212259611	0.941725394722847	0.1594708536271461	0.1594708536271474	0.05167529788652571	0.126515251751092	-0.01960359666665673	0.5378900564900512	-2.79339882045658e-07	-1.891347708856969e-06	5.636852488888337e-07	-3.45040776316001e-07	-3.065341014090008e-07	-6.639400410520466e-07	-3.059911533139476e-07
0.43	-0.2225834794763406	0.00772317984286795	0.8092114604857393	0.8082865946240742	-0.4216878793504413	-0.2793631186733254	-0.2395709876633161	0.6559385696959953	0.6559385696960014	-0.1401665112540085	-0.1488571272295581	0.1174431215215781	-0.008606115210866828	-0.6072601727251147	-0.1649322719863008	-0.421758390576696	2.132967755364066	-0.2642284966933357	0.7178969793575262	-0.203660925656619	2.008454080683225	2.008454080683156	0.1162190425327402	-0.1038163408509434	0.6298738355316482	0.03366431959845872	-0.1033325733700287	0.01888589594185259	-0.0105628579727134	-0.2110078627362237	0.05301003880906401	0.03025673723315214	0.1195231904466084	-14.83270325815183	-13.99669348957787	5.840027548226844	-4.10569431832736	-505.0445770407104	-63.10535769058736	-31.89361956660077	0.1852318184400935	0.3514613912231024	-0.7975981639121699	0.182986173895925	0.5128576793770019	0.2409888822564413	0.9467798199250727	-0.03343576638065018	-0.03343576640091578	0.007519474998219575	0.07238277554799993	-0.09438895885477019	0.501324038123598	-3.15075424999852e-07	-1.81255230995491e-06	7.34551376307723e-07	-3.110798295872603e-07	-3.518047317750225e-07	-6.818777220706444e-07	-3.199386318162771e-07
0.44	-0.2286461697082233	0.006091731334927162	0.8049547337668577	0.8296228218091664	-0.4243036437373929	-0.2721724517127717	-0.2415595963010948	0.6760185099976551	0.6760185099976294	-0.1390032446740206	-0.1498905113487157	0.1237362737731719	-0.008243739361862059	-0.6051823622728417	-0.1613232221873536	-0.42951171848314	2.133953262059358	-0.258882669861365	0.7201299344634642	-0.1940235084881925	2.007226267229939	2.007226267229735	0.1164346967517473	-0.1028489583551927	0.6286515440698038	0.03881182994031075	-0.1080049136160788	0.02054863601058892	-0.01066590308961566	-0.2132724122347653	0.05105457148756879	0.03106166555059879	0.1232833654535485	-15.56186890526063	-14.21209963490369	5.866941920967245	-4.032249126488922	-507.5388593309415	-62.98931157035906	-31.01938515089038	0.2241935299258641	0.3696636380796641	-0.7532433139911386	0.02697610449131931	0.5652504408434864	0.220384198060053	0.9864774874868388	-0.2092838318542029	-0.2092838318542027	0.05006091214188447	0.1416624084535822	-0.146248336008354	0.5408620323447529	-3.508318795048789e-07	-1.719288897441217e-06	9.132114153651123e-07	-2.708139069431636e-07	-4.020724849253682e-07	-6.937395524979055e-07	-3.32622480863362e-07
0.45	-0.2346851384665563	0.004497312757314515	0.8006228159773841	0.8509590898786195	-0.4268648318142973	-0.2649621137935704	-0.2434510022316891	0.6960769322501978	0.6960769322501472	-0.1378383237531527	-0.1509134538603725	0.1300139943695248	-0.007830033491804798	-0.6025173308133992	-0.157533397781288	-0.4367896440514087	2.132985434483521	-0.2533208014943946	0.7218349462943032	-0.184236155775236	2.004164310230668	2.004164310230604	0.1165486733776787	-0.1017285065445151	0.6267908410841474	0.0439243009820092	-0.1126721211399995	0.0224215447478315	-0.01079501748095387	-0.2155229436856783	0.04915703262961152	0.03151176210640016	0.1270131571499947	-16.29046412374102	-14.26381670506981	5.85669596680875	-3.86085713132388	-510.1424709824253	-62.5570063901063	-30.12647430403386	0.3017687629250125	0.3876555914144109	-0.7028227569601279	-0.2059019197923546	0.5568345020002007	0.1298587711760168	0.9780924414819542	-0.3986649391905363	-0.3986649391696117	-0.008272711078389092	0.09911632428585569	-0.2213071378906709	0.4958361434986789	-3.78827228551962e-07	-1.61150237941845e-06	1.081244014018936e-06	-2.310886634867765e-07	-4.393037657421098e-07	-6.901853860170161e-07	-3.421877629757725e-07
0.46	-0.2406946347485004	0.002941595173671413	0.7962205678164849	0.8722762317260784	-0.4293693653140571	-0.2577378659369442	-0.2452438889794978	0.7160959322717015	0.7160959322716295	-0.1366723308158031	-0.1519248159025424	0.136270042764412	-0.007365323610647321	-0.5992878669950956	-0.1535830233934446	-0.4435777927682938	2.130128017660838	-0.2475517544323691	0.7229119219483496	-0.174319671931004	1.999341821022315	1.999341821022389	0.1166491000477235	-0.1005328644573969	0.624317103776636	0.04901263216035912	-0.1173393286639359	0.02429445348507329	-0.01092413187228074	-0.2177734751365935	0.04725949377165491	0.0319618586622009	0.1307429488464261	-17.02155006965614	-14.31668674411499	5.848449621399289	-3.718328651540062	-512.8064239848885	-62.167923123574	-29.22583753453423	0.3370800016980508	0.4017736344352389	-0.6552879437143968	-0.3509417448778472	0.6066861798544787	0.0947769627015477	1.012303713741929	-0.56139027367084	-0.5613902736708394	0.04735092096457302	0.1567004637417238	-0.2688552003793269	0.5360340596750547	-4.006136932326904e-07	-1.492097376988423e-06	1.240774660349907e-06	-1.917959633805569e-07	-4.661058686919684e-07	-6.742984220096061e-07	-3.492581915404434e-07
0.47	-0.2466691125819128	0.001426146460096442	0.791752978779425	0.8935554086837572	-0.4318152498189323	-0.2505056211674303	-0.2469371074174913	0.7360578742918006	0.7360578742917843	-0.135505624648048	-0.1529235819899072	0.1424982983752936	-0.006849944650360928	-0.5955222622806857	-0.1494828419411663	-0.4498494366367544	2.125397496912706	-0.2415944586748439	0.7234123746598974	-0.1643156280485007	1.992756643404476	1.992756643404551	0.1167075804149311	-0.09922288149870051	0.6212368402568383	0.05405780938054275	-0.1218197635501277	0.02557814225510311	-0.01109391487791662	-0.2204759567461224	0.04565085593428712	0.0325468416233266	0.1343206257167882	-17.67044338682024	-14.44723684409887	5.857963955597961	-3.608715855185448	-515.6605149948384	-62.01104253687853	-28.32743374452457	0.4091052089097896	0.4176872999781665	-0.5996116192418066	-0.5806058400026329	0.5948355576893957	0.008668325751289122	0.9957128683537302	-0.7505019361121312	-0.7505019361121209	-0.01275168776236541	0.1180455014369598	-0.342245718456399	0.4880340500313293	-4.498051649731632e-07	-1.239964697697289e-06	1.675808242435601e-06	-1.085194897662457e-07	-5.210634191824725e-07	-6.536021910990746e-07	-3.751538115225151e-07
0.48	-0.2526033734676612	-4.759105908494125e-05	0.7872253715015144	0.914777980713909	-0.4342006445094349	-0.2432721740907264	-0.2485300337880903	0.7559452804496674	0.7559452804497065	-0.1343379033330951	-0.1539092685897817	0.1486928245928421	-0.00628425901850446	-0.591244477462385	-0.145240784514727	-0.4555814409384116	2.118807032155704	-0.2354537915578055	0.7231523833862413	-0.1542612584520301	1.984434648575768	1.984434648575843	0.1168521294876903	-0.09791696695987002	0.6175712251099842	0.0590739664743788	-0.1263001984363328	0.02686183102513483	-0.01126369788357471	-0.2231784383556499	0.04404221809692119	0.03313182458445545	0.1378983025871364	-18.31970430912983	-14.58065929308387	5.871291597203604	-3.538799510253958	-518.5447957347454	-61.89753729471615	-27.43003661746933	0.4395160224761968	0.4301488292674595	-0.5473600303537245	-0.722930546651767	0.6433604517571044	-0.0573118343392328	1.022368856535377	-0.9087537158446181	-0.908753715844634	0.06456466207490598	0.1558867797685384	-0.3859255257906043	0.5302300344055448	-5.227821145390749e-07	-8.726344120738699e-07	2.349957580082002e-06	1.29315797230137e-08	-6.004577731988206e-07	-6.287318794801728e-07	-4.173882768857271e-07
0.49	-0.2584923035411157	-0.001478262604157599	0.7826431774323896	0.9359254202455763	-0.4365240271210487	-0.2360428933132408	-0.2500222869828686	0.7757408412031209	0.7757408412031053	-0.1331700750336184	-0.1548804700943449	0.1548477744741627	-0.005668968497843828	-0.5864556139545264	-0.1408768641463884	-0.46076199435279	2.110379982156054	-0.2292000431707479	0.7225881447081876	-0.1441949099187149	1.974403739152742	1.974403739152812	0.1167198708305253	-0.09632648484591722	0.6133260969995603	0.06397190040150851	-0.1307976175915582	0.02824617352792852	-0.01142675376514399	-0.2258297189583688	0.04230834663774363	0.03348035795107079	0.1414544188298248	-19.02235404317558	-14.59270396299884	5.854598733516012	-3.325910969916102	-521.50798136757	-61.56775041904942	-26.5328409313675	0.5114040187002832	0.4420270570638016	-0.4892240073137328	-0.947793153816359	0.6194920110590265	-0.07372213844146194	0.9979384394358958	-1.091236426723278	-1.091236426723926	-0.05115699973699621	0.1606790133513019	-0.4577235921173408	0.4675385704372272	-5.380609852049419e-07	-6.301339793519838e-07	2.625254683691724e-06	7.956232913068076e-08	-6.158466983965079e-07	-5.662026844189693e-07	-4.239270135323548e-07
0.5	-0.2643307784787395	-0.002864792262257524	0.7780120136270543	0.9569795490918065	-0.4387842502530165	-0.228822803373316	-0.2514140425747727	0.7954278974881047	0.7954278974880367	-0.1320033764947363	-0.1558357567605426	0.1609574896466893	-0.00500510593819781	-0.581153450296286	-0.1364124071201805	-0.4653753881805209	2.10014489506861	-0.2228218956285324	0.7213142158740131	-0.134161737877148	1.962733754882051	1.962733754882117	0.1166261773683682	-0.09473399928625853	0.6085242833511748	0.06878837427145983	-0.1352950367468	0.0296305160307207	-0.01158980964669599	-0.2284809995610899	0.04057447517856701	0.03382889131768498	0.145010535072498	-19.72628140462355	-14.60611202793626	5.839937845129573	-3.157049905262269	-524.518940143366	-61.29759659693816	-25.63564128819234	0.5421760525525288	0.4502561608413237	-0.4339281130242311	-1.084537964210822	0.6682402827886791	-0.1992498655633442	1.015733558185681	-1.236568685377528	-1.236568685377519	0.0722777010764923	0.1562874689097072	-0.4972626333828847	0.5139380229698702	-4.990357816119428e-07	-5.051204670080125e-07	2.525161449384565e-06	9.45974831674368e-08	-5.709952200001608e-07	-4.682298343532458e-07	-3.968697702104322e-07
0.51	-0.2701138307531505	-0.004206252137502245	0.773337585854642	0.9779226510007053	-0.4409799843202046	-0.221618646990165	-0.2527056412495381	0.8149902336861012	0.8149902336860766	-0.1308372984313285	-0.1567747922316392	0.1670164947563156	-0.004293344135296874	-0.5753748005192312	-0.1318697602798321	-0.4694096219489132	2.088180659447621	-0.2163100392566405	0.7194238872562578	-0.124177974239586	1.949463683342284	1.94946368334229	0.1165757152020001	-0.09305985538734103	0.6031836853889969	0.07354195416329391	-0.1397378060579645	0.03084385715701729	-0.01170043160092602	-0.2312030632644457	0.03877537557871096	0.03406898559788071	0.1484910881790569	-20.46128587239907	-14.56104243783773	5.8091660920321	-2.87022551275107	-527.6017152429437	-60.98440941805725	-24.73872486338934	0.6079866435891123	0.4577605312122028	-0.3731990243802459	-1.296653869893024	0.6445955302218154	-0.1982449454485748	0.986701191969137	-1.412619953612584	-1.412619953621603	-0.04573454232228902	0.1754467306477001	-0.5664237203508626	0.452545026546024	-4.696851604502337e-07	-3.836380282160345e-07	2.487629893578629e-06	1.137610776794535e-07	-5.375310184343695e-07	-3.785184419623543e-07	-3.781442641385835e-07
0.52	-0.2758366410891291	-0.00550198722722737	0.768625810141419	0.9987372530516229	-0.4431102123805075	-0.2144362580103049	-0.2538980016028428	0.8344117904556324	0.8344117904556522	-0.1296721302629495	-0.1576965924876941	0.1730193008177771	-0.003534751122626443	-0.5691050626098915	-0.1272674500162616	-0.4728449763426443	2.074444923472627	-0.209720694251454	0.7169607352158242	-0.114314073584917	1.934577869189065	1.934577869189011	0.1164441983624787	-0.09128695627782661	0.5972844737181945	0.07815461622536174	-0.1441805753691455	0.03205719828331295	-0.01181105355515264	-0.2339251269678023	0.03697627597885614	0.03430907987807584	0.1519716412855998	-21.1986641184587	-14.51564463184732	5.778443429613683	-2.618648618713345	-530.747848862899	-60.72523635310651	-23.84292039250616	0.6403936790095188	0.4621888454857404	-0.3141522380919878	-1.438838035012086	0.6837380094476009	-0.3138145500990173	0.9917609616070748	-1.559717208068002	-1.559717208067971	0.05606676644582272	0.1760385110290872	-0.6089853751077594	0.4857544570166263	-4.502065621775963e-07	-2.657587257016008e-07	2.513936785222923e-06	1.37137366553981e-07	-5.156864871038396e-07	-2.972371084233322e-07	-3.67920530770892e-07
0.53	-0.2814944935985664	-0.006751438541813413	0.7638826893034224	1.019406004400208	-0.4451741250280061	-0.2072810763979976	-0.2549923164793378	0.8536766582270628	0.8536766582271526	-0.1285086448879201	-0.1585999982153422	0.1789604809412562	-0.002730620425123512	-0.5623913855195409	-0.1226160977188008	-0.4756755678094551	2.059023273204265	-0.2030512306150236	0.7139737915053391	-0.1045804875195427	1.91814146764829	1.91814146764828	0.1162491460824848	-0.08938775766167714	0.590868889003083	0.08265020055548652	-0.1484065663030894	0.03294515813135598	-0.0118852900672886	-0.2369330320449835	0.03550647497383377	0.03445654553930642	0.1552619174835103	-21.83415148113358	-14.4427809215773	5.737540431968524	-2.389411842564814	-533.884329638571	-60.46105314338924	-22.94946692240332	0.6979071209574288	0.4676455824010033	-0.252069926408037	-1.636204931920305	0.6598132061478226	-0.3067260816398267	0.9594195581567665	-1.723661734279118	-1.723661734272536	-0.05779177808873086	0.1983188291050829	-0.6702382552409532	0.4279990175430162	-4.31280958766079e-07	-1.598145546609252e-07	2.529949506969905e-06	1.600792650916168e-07	-4.985097069474169e-07	-2.190147309832986e-07	-3.574363865998266e-07
0.54	-0.2870829988577176	-0.007954168901319909	0.7591143510856712	1.039912063964274	-0.4471710905060591	-0.2001588825828183	-0.2559902430693482	0.8727695499616455	0.8727695499618071	-0.1273472101462639	-0.1594841202983895	0.1848350265704786	-0.001882226165012825	-0.5552356125528075	-0.1179232590003524	-0.4778884522935595	2.041906566569018	-0.1963312603623112	0.7103631757901909	-0.09503641628800195	1.900182661819639	1.900182661819673	0.1160340716878213	-0.08743022735763971	0.5839575748668477	0.08700732874691575	-0.1526325572370431	0.03383311797939924	-0.01195952657942519	-0.2399409371221645	0.03403667396881277	0.03460401120053814	0.1585521936814109	-22.47309843010882	-14.36948932388225	5.696774051125081	-2.191760279247644	-537.0981798356015	-60.25151391005623	-22.06005452250368	0.7288128542860999	0.4704861296832871	-0.1906108415507063	-1.777849308389101	0.6938393327040053	-0.4385489510316628	0.9538579948403663	-1.864198065643293	-1.864198065643238	0.05206234351188676	0.1877048486066749	-0.7081312593324639	0.458063229277523	-4.129671794562267e-07	-6.707520993164161e-08	2.534572934362416e-06	1.825405615543936e-07	-4.864972472389428e-07	-1.441767305038481e-07	-3.466641283484328e-07
0.55	-0.2925978374839462	-0.009109838892979378	0.7543269911609884	1.060238733197826	-0.4491005855094983	-0.1930755745718423	-0.2568937706376505	0.8916753915435063	0.8916753915435306	-0.1261881281603278	-0.1603481758304789	0.1906380371987865	-0.0009909194208818667	-0.5476600839282457	-0.1132106749010457	-0.4794778718274582	2.023155150791283	-0.1895632510839248	0.70620300248671	-0.08571722693609622	1.880743875653747	1.880743875653762	0.1157727016652665	-0.08537283187151784	0.5765653379987923	0.09122642913251348	-0.15675484714347	0.03468345936892153	-0.01197293448321774	-0.2429416895605416	0.0325398266087035	0.03456826934725959	0.1617201132004758	-23.12446061393911	-14.20308909902455	5.628177193148832	-1.886268706830863	-540.2539762323512	-59.90489855880714	-21.17839346713668	0.7826720027428237	0.4716931730996637	-0.1273543759783785	-1.964672137025176	0.6686064020976074	-0.4193651082658004	0.9137299707971984	-2.019917569197773	-2.019917569200617	-0.06660397506720742	0.2164613244983016	-0.7666351643595237	0.3994002850389175	-3.921403273747103e-07	1.981262611632883e-08	2.524160481610239e-06	2.019643934251742e-07	-4.712063965303882e-07	-6.982688352421414e-08	-3.346252892826339e-07
0.5600000000000001	-0.2980347709966882	-0.01021837331903673	0.7495268876676331	1.080369711388688	-0.4509623354848152	-0.186036791011553	-0.2577055501993474	0.9103796055282808	0.9103796055281684	-0.1250319333346033	-0.1611913165225295	0.1963647524056504	-5.83083045273392e-05	-0.5396545898556212	-0.10849614587993	-0.4804371660281099	2.00276835803117	-0.1827822547378726	0.7014582856528495	-0.07668681496692943	1.859857142402431	1.859857142402428	0.11545663964559	-0.08324725935006196	0.5686984905780397	0.09526820319163178	-0.160877137049906	0.03553380075844298	-0.01198634238701821	-0.2459424419989181	0.03104297924859522	0.03453252749398069	0.164888032719532	-23.778317287324	-14.03583080762586	5.558963975835488	-1.614434290993429	-543.4716703997332	-59.60800154076603	-20.30840853772892	0.8148059438986219	0.4708751140451171	-0.06458577490130889	-2.104924704864552	0.6964367462371504	-0.5554576571075709	0.8961025182925688	-2.153787482727853	-2.153787482727826	0.0411239440875571	0.2013402556734711	-0.8030533698718869	0.4225979639816354	-3.682977879671972e-07	9.967865174672375e-08	2.495704972684437e-06	2.177432677855598e-07	-4.519814766217373e-07	3.937179255640028e-09	-3.210665532395491e-07
0.5700000000000001	-0.303389639983784	-0.01127981003661964	0.7447203531301199	1.100288912666408	-0.4527561611014603	-0.1790481767337677	-0.2584284818479419	0.9288678566635183	0.9288678566634786	-0.1238791505776514	-0.162012731629666	0.2020105051856284	0.0009139186476981003	-0.5312516000885849	-0.1037960347756402	-0.4807622753070956	1.980808476086519	-0.1759830669900777	0.6961697022632698	-0.06795833007807042	1.837560988470986	1.837560988470972	0.1150887293413332	-0.08102847246221505	0.5603773998884118	0.09914540668108683	-0.1648788493891059	0.03613236292373087	-0.01193508094337252	-0.2489965612153076	0.02950619401193574	0.03448355396789143	0.1679301646442375	-24.44496890671082	-13.85808157334458	5.485216248821985	-1.267755111161674	-546.6426862615333	-59.35865948699416	-19.45207215474002	0.8631339253596189	0.4688988715437494	-0.0004418006377540512	-2.281095349250819	0.6712737020223009	-0.5300611614892602	0.8523991752527074	-2.302281095070865	-2.302281095072546	-0.07733854081806156	0.2337303870954238	-0.8578104417338152	0.3652003255784435	-3.397537390029835e-07	1.836159599065474e-07	2.445412699925862e-06	2.320898709623933e-07	-4.278828010579897e-07	7.797388009817395e-08	-3.037833060847659e-07
0.58	-0.308658461386758	-0.01229438169057511	0.739913773840569	1.119980600042683	-0.4544820720580331	-0.1721153487862001	-0.2590658931074338	0.9471261959100978	0.9471261959101311	-0.1227303649283696	-0.1628116423715721	0.207570812354065	0.001923901391648281	-0.522445073031411	-0.09912313315444073	-0.4804461164356996	1.957265577742449	-0.1691993227234174	0.6903010196094468	-0.05958273714640586	1.813874764670822	1.813874764670796	0.1146572181116455	-0.07874638630416364	0.5516093682697607	0.1028193615365817	-0.1688805617283201	0.036730925089015	-0.01188381949972751	-0.2520506804316974	0.02796940877527666	0.03443458044179765	0.1709722965689303	-25.11390083120304	-13.67950305060238	5.410846761732389	-0.9541378155452186	-549.8705653036203	-59.15610107099029	-18.61101123741589	0.8955134019261084	0.4654332174270731	0.06366785517502263	-2.421527984748294	0.6933480500102022	-0.6714775099562356	0.8255241268536694	-2.431801456471702	-2.431801456471731	0.02840375900137736	0.2140001097143671	-0.8924415556765517	0.3819482371895977	-3.050867938719044e-07	2.728554034535331e-07	2.366681851012979e-06	2.445711907373913e-07	-3.974369088271398e-07	1.523656444641969e-07	-2.816495328310269e-07
0.59	-0.3138373776090045	-0.01326241592537213	0.7351135494699156	1.139429301149721	-0.4561401265291021	-0.1652439566365678	-0.2596213389400798	0.9651409246898554	0.9651409246898763	-0.1215860510830445	-0.1635872695727308	0.2130413175169316	0.002969771521861087	-0.5132759047230774	-0.09449310726472329	-0.4794914545034676	1.932223526492912	-0.1624170706172191	0.6838854083723256	-0.05158067925997791	1.788852328605564	1.788852328605547	0.1141909768000551	-0.07637284484289553	0.5424229106240094	0.1063183479303837	-0.1726497410789102	0.03722689125014452	-0.0117710869101584	-0.2552469349782876	0.02664399757436675	0.03421174881037019	0.1737982793822961	-25.71483577191569	-13.42533104554441	5.310725471084985	-0.6075617944586945	-552.9788517009682	-58.84102072528156	-17.7864610840378	0.9369105368319106	0.4604286325051968	0.1273849209921364	-2.58326799105776	0.6694884135807442	-0.640633577285265	0.7764091379440839	-2.570210346356558	-2.570210346355254	-0.08622432281168811	0.2504234228937005	-0.9420240354037547	0.3281013844829517	-2.70422125168431e-07	3.460997821213424e-07	2.269764031574005e-06	2.519912074129908e-07	-3.654563091126354e-07	2.181478558666115e-07	-2.592189494808546e-07
0.6	-0.3189227437498579	-0.01418442162971977	0.7303260756303335	1.158620036885063	-0.4577305935545778	-0.1584395267286471	-0.2600989916901796	0.9828988799759993	0.9828988799760087	-0.1204468169001506	-0.1643388829075639	0.2184179028700647	0.004049477024813396	-0.5037350567529475	-0.08991742706456507	-0.4778960102214361	1.905672503403325	-0.1556818336047763	0.6769085712673963	-0.0440241206372806	1.762520065948157	1.762520065948149	0.1136412856255666	-0.07394361303920109	0.5328254063230856	0.1095864360844833	-0.1764189204295094	0.03772285741126887	-0.0116583543205824	-0.2584431895248783	0.0253185863734562	0.03398891717893559	0.1766242621956551	-26.31830209942255	-13.16944900599789	5.20888611939588	-0.2908309240956084	-556.1451058167951	-58.56718970671766	-16.97934800651577	0.9698493342853415	0.4545640795152432	0.1918243251349201	-2.723322352757961	0.6839450312590718	-0.7837226835178269	0.736424274107537	-2.693766774901498	-2.693766774901539	0.01171378642174016	0.2251381781996218	-0.9746508867109952	0.3357685892491114	-2.357606767771807e-07	3.967169958381201e-07	2.147118302610316e-06	2.52251331899197e-07	-3.313046597871079e-07	2.71750699661969e-07	-2.363684884332893e-07
0.61	-0.3239109741939275	-0.01506101492421374	0.7255577310152372	1.177538071627425	-0.4592538364509314	-0.1517076898261233	-0.2605033776301813	1.000387190562078	1.000387190562117	-0.1193131932567382	-0.1650658821343934	0.223696549806179	0.005160876406104927	-0.4938501569735522	-0.08541699050151919	-0.4756673791294744	1.877696855058096	-0.1489762109356694	0.6693706527527865	-0.03694687835195884	1.734938633845295	1.734938633845285	0.1130675436244729	-0.07145015543378475	0.522838837698775	0.1126525108122224	-0.1799902393053798	0.03806437254113922	-0.01147559922008152	-0.2616195320165872	0.02394058378773842	0.03371390919990696	0.1792492678224663	-26.93202091577501	-12.88335678873115	5.095655528132406	0.118245755885462	-559.1294867446771	-58.29196015972148	-16.19027253304645	1.006900278188671	0.4454701264276117	0.2541504301391841	-2.870373398827291	0.6621268158479262	-0.7522372907636907	0.6793025574055434	-2.820799537370469	-2.820799537370775	-0.09420291016277522	0.2627764380256556	-1.020388633334676	0.2855747154118767	-2.017747929672615e-07	4.412325339724905e-07	2.018965910331254e-06	2.508749785916711e-07	-2.9786216285538e-07	3.188048878000582e-07	-2.133662188173297e-07
0.62	-0.3287985376445177	-0.0158930665167316	0.7208148262968431	1.19616921242165	-0.4607103719343716	-0.1450539142798135	-0.2608398054769969	1.01759359320525	1.017593593205319	-0.1181857639766957	-0.165767681407904	0.2288733852994413	0.006301646094848959	-0.4836016580572762	-0.08100908666934412	-0.4728080308810125	1.848293713775987	-0.1423403510221046	0.6612963000249318	-0.03043250200019474	1.706138477366754	1.706138477366741	0.1124024129518643	-0.06890362237584824	0.5124631177527207	0.1154604975749837	-0.1835615581812658	0.03840588767100266	-0.0112928441195849	-0.2647958745082963	0.02256258120202018	0.03343890122086916	0.1818742734492647	-27.54876807386788	-12.59505697969544	4.980158452846698	0.5026398039631462	-562.1756537063847	-58.05366351857549	-15.41957703871063	1.042569161661436	0.436057533341085	0.3179677564349622	-3.008820940134238	0.6699924801506406	-0.8910095261667828	0.6238510873960063	-2.93751165003758	-2.937511650037586	-0.006563947881265158	0.2357532687036488	-1.052481151059768	0.2841509962535304	-1.688282392824671e-07	4.763608789031572e-07	1.882341728336232e-06	2.469809671399421e-07	-2.655106696064209e-07	3.557842210808115e-07	-1.901303975576867e-07
0.63	-0.3335819600780945	-0.01668153595134898	0.7161036533871072	1.214499458698038	-0.462100780117739	-0.1384836513550994	-0.2611138468680986	1.034506040891412	1.034506040891488	-0.1170651197106147	-0.166443703628692	0.2339446237193492	0.007469396732908125	-0.4730274797098816	-0.07670324288406551	-0.4693214487818808	1.817525681091257	-0.1357536966970541	0.6526723224788444	-0.02447557792086971	1.67615508025614	1.67615508025613	0.1117060235328012	-0.06629220592636556	0.501724811522175	0.1180461794804144	-0.1869566706899844	0.03858692924575222	-0.01104532507572238	-0.2680267926829804	0.02125989992097856	0.03312730633966487	0.184341467467674	-28.13722880145067	-12.29142506279473	4.857195372827582	0.9138518752956846	-565.1041485273686	-57.83045338166136	-14.66735482945417	1.073110391587185	0.4251303151110125	0.3797197292693693	-3.145313957438911	0.6508494056123098	-0.8608313302182562	0.5666428130976037	-3.058115567274784	-3.058115567274544	-0.1041410286380864	0.2754918414161324	-1.093422146719808	0.2389670097107142	-1.357563496288068e-07	5.063810624282128e-07	1.734942914276658e-06	2.411228871817832e-07	-2.32451021208122e-07	3.854145956349038e-07	-1.658735744553422e-07
0.64	-0.3382579870841345	-0.01742749044531565	0.711430489556886	1.232515120742617	-0.4634257522584698	-0.1320021760981254	-0.2613313130694261	1.051112782241328	1.051112782241411	-0.1159520322566695	-0.167093280483315	0.238906695719418	0.008661642234426175	-0.4621225725501397	-0.07250609853920199	-0.4652062149780602	1.785376867414665	-0.1292531424948007	0.6435387664772154	-0.01911746404567015	1.644997210117464	1.644997210117455	0.1108910505249674	-0.06361454914306093	0.4906298337849164	0.1203594702667598	-0.1903517831987197	0.03876797082049577	-0.01079780603185001	-0.271257710857665	0.019957218639937	0.03281571145845259	0.1868086614860688	-28.72931808736368	-11.9851394200686	4.731504945857105	1.30584186458037	-568.0997712089153	-57.63979738750115	-13.93355139674577	1.108714924130868	0.4143176452580757	0.4436980973727686	-3.284977138506605	0.6527724555912231	-0.9929252172751336	0.504089046570922	-3.172406255650109	-3.172406255650093	-0.03028066563539879	0.2490013354680321	-1.123815452402309	0.2296727724364785	-1.024744375408306e-07	5.278416241384605e-07	1.569489311352158e-06	2.31973665402039e-07	-1.9820473445147e-07	4.027304988091857e-07	-1.399058834003627e-07
0.65	-0.3428234381387663	-0.01813204384665391	0.7068016069867357	1.250202609195957	-0.4646860137776667	-0.1256148520635311	-0.2614981387700604	1.067402200038156	1.0674022000382	-0.1148471991314397	-0.1677157675286089	0.2437561475239026	0.009875883303711603	-0.4509146180813766	-0.06842498899273754	-0.4604655910738237	1.751893843300445	-0.1228142094240352	0.6338389756715893	-0.01435360466182686	1.612696777451842	1.612696777451842	0.1100559319456572	-0.06087574895105621	0.4792065656881908	0.1224433690772141	-0.1935946793140206	0.03900437151637236	-0.01049177621904761	-0.2744975176866315	0.01877952240840956	0.03234593642548254	0.1891418609071622	-29.27957710024972	-11.60317752946497	4.577411306486685	1.720907116934496	-570.9725998966953	-57.31465231933534	-13.21851615731082	1.134762613861251	0.4019917315168439	0.5049155205354046	-3.414043158908554	0.6369499221094286	-0.9716655672353829	0.4466450972051841	-3.287272917703469	-3.287272917702222	-0.112980032528141	0.2876853279238117	-1.159628823083725	0.1906820391756163	-7.090722890745854e-08	5.411954157922396e-07	1.4013879074394e-06	2.204027296207277e-07	-1.642166928299843e-07	4.120947130694108e-07	-1.146607541555611e-07
0.66	-0.3472752242675868	-0.01879638932809231	0.7022232648523449	1.267548451785948	-0.4658823867282977	-0.1193271578479996	-0.2616205037342695	1.08336293127919	1.083362931279195	-0.1137512877076939	-0.1683105933786115	0.2484897573804649	0.01110955008186672	-0.4393895873881258	-0.06446451455923118	-0.4550981278261286	1.71704769474507	-0.1164754287816612	0.6236128026648018	-0.0102253167614171	1.579259898958811	1.579259898958818	0.1091067102283748	-0.0580823100847668	0.467461444200424	0.1242446120406967	-0.1968375754293253	0.03924077221224757	-0.01018574640623125	-0.277737324515598	0.01760182617688256	0.0318761613925107	0.1914750603282522	-29.83415177283646	-11.21749407920619	4.419337592315062	2.123467916516618	-573.9181388229931	-57.01576541892521	-12.52158327855944	1.172130169028399	0.3901906226664602	0.56906596606452	-3.557602026737436	0.6327419699129331	-1.098201657507435	0.376974749884239	-3.399695421132068	-3.399695421132066	-0.05310129322981588	0.2599290703249634	-1.188186130610538	0.1731416030421178	-4.247547801964841e-08	5.397253993427615e-07	1.228444810290972e-06	2.044035168079794e-07	-1.307008708842313e-07	4.069186961725028e-07	-9.073688079222746e-08
0.67	-0.3516103108497885	-0.01942177096087781	0.6977016982025233	1.284539278919386	-0.4670157593035628	-0.1131446254354319	-0.2617047370321839	1.098983758698657	1.098983758698707	-0.1126649783647221	-0.1688772447763209	0.2531043957406033	0.01235999950238883	-0.4275788290435317	-0.06063544414519306	-0.4491125839108995	1.680899537214699	-0.1102171400567473	0.6128132607879803	-0.006735696753692752	1.544723737174216	1.544723737174222	0.1081277921014399	-0.05523884594880746	0.4554155369225179	0.1257955822498279	-0.1998835894384978	0.03928612747154912	-0.009823622661752161	-0.2809454879152308	0.01641552623020799	0.03145232043793079	0.1936336611841995	-30.38114901533675	-10.85449496708736	4.266488212673626	2.557307478567343	-576.6765913952931	-56.80985612966278	-11.84182924831156	1.192865074290158	0.3757591761590681	0.6286696669449559	-3.676173939406474	0.6194677452859194	-1.082952150086963	0.3178025363899218	-3.507838763632132	-3.507838763632469	-0.1243060911521568	0.2981543347442346	-1.220350525717646	0.1384023740064872	-1.406378233941815e-08	5.374675771875057e-07	1.051694859509724e-06	1.875643931025735e-07	-9.650654255153993e-08	3.960518050833808e-07	-6.61321729483999e-08
0.68	-0.3558258265671198	-0.02000956310444566	0.6932430612043927	1.301162074212878	-0.4680871299072772	-0.1070725127810956	-0.2617575047479756	1.114253772058976	1.114253772059073	-0.1115892620067648	-0.1694151416827693	0.2575970635280955	0.01362442415383383	-0.4154754144143293	-0.0569466167156996	-0.4425121974879495	1.643441326755544	-0.1040750344716227	0.6015288510184618	-0.003932200339032505	1.509097087129262	1.509097087129265	0.1069881132254322	-0.05233141183233547	0.4430673296711318	0.1270396582252735	-0.2029296034476624	0.03933148273085466	-0.009461498917271488	-0.2841536513148625	0.01522922628353458	0.0310284794833569	0.1957922620401535	-30.93355756739523	-10.48759992194723	4.109650672954548	2.986832832828231	-579.5197448997453	-56.62719908166955	-11.17852271807157	1.230661425950034	0.3621420257575365	0.6920344676087419	-3.819612612494408	0.609505341955072	-1.195175236046818	0.2397500312714788	-3.617793073204057	-3.617793073204051	-0.08525344304438096	0.2727230664274885	-1.248646125306556	0.1117627563049793	1.430780292565243e-08	5.336341436206947e-07	8.673312014628358e-07	1.690454476118527e-07	-6.09552014449721e-08	3.73803165609831e-07	-4.016579614358448e-08
0.6899999999999999	-0.3599189994058897	-0.02056123208070156	0.6888534202131789	1.31740416137303	-0.4690975382058418	-0.1011160876842618	-0.2617857325736226	1.129162338997804	1.1291623389978	-0.1105250785138583	-0.1699237559472963	0.2619648226761605	0.01489995284825176	-0.4031150076386523	-0.05341652822397842	-0.4353202578871248	1.604781642646681	-0.0980285493324443	0.5896732566532978	-0.001846515160473694	1.472454579585816	1.472454579585819	0.1058253560046755	-0.0493902368763752	0.4304359891773178	0.1280102035754878	-0.2056439495777735	0.03927403573048782	-0.009054351655574559	-0.2872719094647985	0.01410723847107224	0.03057095125979609	0.1976512782846635	-31.44696122888132	-10.1085544606364	3.945907127074868	3.453191468321832	-581.9975539739152	-56.44808981938056	-10.53110803425236	1.245340972203786	0.3440710726821165	0.7471278292500585	-3.918328837595389	0.5987885357301459	-1.1932044245262	0.1730052056504263	-3.711733286419485	-3.711733286419522	-0.1351903398141284	0.3051515094335156	-1.277610876315355	0.08114485880570997	3.747458804802434e-08	5.171387894662806e-07	6.916761881411323e-07	1.49776184777586e-07	-3.025775733593763e-08	3.438996309766409e-07	-1.721688051353382e-08
0.7	-0.3638872460431356	-0.02107847440967974	0.6845385694425596	1.333253815186598	-0.470048167965847	-0.09528070910863461	-0.2617970980585544	1.143699630122896	1.14369963012279	-0.1094732032888042	-0.1704028911024152	0.2662048218463084	0.01618347588305706	-0.3904901741098862	-0.05006128726015607	-0.4275541533690639	1.564954657437292	-0.09211932676003079	0.577319546777134	-0.0005597322018209871	1.434841924382187	1.434841924382191	0.1045264596550064	-0.04643558995028614	0.4175153340876425	0.1286385263027444	-0.2083582957078364	0.03921658873012929	-0.008647204393872508	-0.2903901676147332	0.01298525065860757	0.03011342303624492	0.1995102945292198	-31.96688471840898	-9.725155310539181	3.777801102075117	3.924264465736227	-584.5714956970626	-56.28778636806037	-9.899172425093932	1.283546776567842	0.3271725201777708	0.8068674510559973	-4.053072832599585	0.5820528286020936	-1.29479833824681	0.07996958729042203	-3.811822605240543	-3.811822605240474	-0.1124812688268927	0.2754174604532357	-1.306509044478844	0.04331823171343146	4.922439221221936e-08	4.728688998293821e-07	5.351240084101501e-07	1.28861064544573e-07	-1.02075711569753e-08	2.972047134126257e-07	-8.869119765147393e-10
0.71	-0.3677281154559076	-0.02156295650934785	0.6803042449044266	1.348699418170287	-0.4709403795901597	-0.08957166110468602	-0.2617989762673767	1.157855989288117	1.157855989288057	-0.1084347282326047	-0.1708525413351627	0.2703143591671954	0.01747168708371761	-0.3776547762813275	-0.04685619943982864	-0.4192151937325739	1.523970096302077	-0.08635220667294069	0.5644256604385445	0.0001070274342570112	1.396269716808371	1.396269716808354	0.1031165361974931	-0.04349108184111573	0.4043599123444857	0.1289453421867379	-0.2112637164347641	0.0393156863599714	-0.008200113735611275	-0.2932904450721486	0.01183064543020518	0.02959915545918733	0.201582129381729	-32.4973241016348	-9.307514728724794	3.595373740267073	4.326837100974487	-587.1743143518993	-56.02758197634068	-9.282462833115199	1.287870777884847	0.3140397125252136	0.861745092555145	-4.150530413614013	0.5695687447063892	-1.296333150224086	0.0484697019240086	-3.903950743412738	-3.903950743415769	-0.1629836987499003	0.3045650971665445	-1.324855985984739	0.01548527547558304	6.313393328266012e-08	3.857298284782691e-07	2.73029653944847e-07	8.930503695780711e-08	2.16299269540146e-08	1.983782054731765e-07	2.450262848209254e-08
0.72	-0.3714397639920152	-0.02201601517089969	0.6761561769371803	1.363729299010705	-0.4717758145844113	-0.08399348183783845	-0.2617964987698749	1.171621820195608	1.17162182019559	-0.1074118995738904	-0.1712726269646132	0.2742913828213007	0.01876119084496474	-0.3646459987773699	-0.04377659963690615	-0.4103028391916923	1.4818102287816	-0.08076400074809277	0.5511457993575929	0.0003114090766324905	1.356736272836131	1.356736272836095	0.1013971801585252	-0.04052266929124148	0.3910126007313035	0.128897038420062	-0.2141691371616427	0.03941478398981151	-0.007753023077356951	-0.2961907225295638	0.0106760402017964	0.02908488788212323	0.2036539642342895	-33.0348361727866	-8.885190326202116	3.408264501170162	4.740041403182215	-589.877099549873	-55.78164306850225	-8.680878529739259	1.318222711647605	0.3020749166967838	0.9215464319343092	-4.288134109652168	0.5462699961536516	-1.371993286719247	-0.0125060114502194	-4.004069884925326	-4.004069884925183	-0.1743677851178428	0.2801983485939948	-1.344887018483904	-0.02770569842046496	8.225663240265966e-08	1.951134219549122e-07	-2.438216740170975e-07	4.753715758533399e-09	8.191955731472671e-08	-2.628317578628811e-08	7.176010116522346e-08
0.73	-0.3750208146638815	-0.02243884954460005	0.6721000656249284	1.378332024655	-0.4725561039459886	-0.07855206983676551	-0.261793527221429	1.184987619452133	1.184987619452152	-0.1064057172152858	-0.1716636498694545	0.2781341782527887	0.02004879180070021	-0.3515672031240866	-0.04080529129647759	-0.4008271228409079	1.438562393074084	-0.07532458946402559	0.5370713281505195	0.0002776365850758741	1.316267626170222	1.316267626170199	0.09978866736542748	-0.03767589607656741	0.3775285396341811	0.1285695549273075	-0.2172481673519773	0.03944513380527224	-0.007288581272235571	-0.2988162820547827	0.009321556667018597	0.02870602576329045	0.2059229773017993	-33.62907780594124	-8.522021240561667	3.242330335669853	5.100971236905474	-592.5661008043357	-55.65270238609048	-8.094453488212375	1.302257233703315	0.292395016083382	0.9744544526258884	-4.368972334648404	0.5382489086578003	-1.434885029449543	0.0003975270665022889	-4.091676128038975	-4.0916761280371	-0.1616676694924786	0.2876889096268006	-1.352858592032978	-0.04324560935357165	9.325002021457494e-08	4.030775257414827e-08	-6.328094274881309e-07	-6.063648295921915e-08	1.256570872635668e-07	-2.036280146030515e-07	1.056693832342686e-07
0.74	-0.3784711675309069	-0.02283242359022265	0.6681414855193796	1.392497099135551	-0.4732829047518997	-0.07325334474611493	-0.2617910513188565	1.197944049427875	1.197944049427934	-0.1054171349132271	-0.1720260506218026	0.2818415944859642	0.02133152273457801	-0.338506437809419	-0.03792453402135538	-0.3907965978511035	1.39427999603268	-0.070066289614976	0.5226084172735209	0.0002122798965132593	1.274862416679702	1.274862416679691	0.09787716884886026	-0.03479823879298617	0.3639367610687954	0.127923034048528	-0.220327197542306	0.0394754836207297	-0.006824139467176965	-0.3014418415800004	0.007967073132239424	0.02832716364445302	0.2081919903693162	-34.23091369413838	-8.155127480205117	3.073066403797289	5.482714006232897	-595.3583584287006	-55.52569503798314	-7.526462029821337	1.314616643924445	0.2839647036355132	1.032508159738333	-4.49504637642988	0.5100477091501282	-1.449681220704303	-0.01882285085156006	-4.19138244984758	-4.19138244984753	-0.2349649298117543	0.2863751623754239	-1.366430512136591	-0.0915131756254618	8.25652445382651e-08	-1.900261775969923e-08	-6.80827648983394e-07	-7.493035505958083e-08	1.252556827807473e-07	-2.547954069059423e-07	1.039834903324175e-07
0.75	-0.3817910240977521	-0.02319762197344437	0.6642859567173782	1.406214167076023	-0.4739581223633215	-0.06810179689459446	-0.2617893093679232	1.210481827296405	1.210481827296456	-0.104448786154711	-0.1723599415813726	0.2854126318190184	0.0226061046052509	-0.3254695489998569	-0.03512793307748096	-0.3802199075144418	1.34896172063963	-0.06501369831304474	0.5076134073154216	0.0001383676900670645	1.232546241153835	1.232546241153829	0.09575569270131477	-0.03199419661668311	0.3502620454376177	0.1269358564068212	-0.2232843782465213	0.03962396168853622	-0.006389487436142491	-0.303938698744272	0.006772969191817232	0.02785317827775216	0.2103844427233258	-34.77228649589355	-7.750245878656543	2.889450992213636	5.798897826548249	-597.9686723033691	-55.27800921394567	-6.991127379022129	1.297534097173448	0.2755720986498032	1.083662716969046	-4.575985855433689	0.497496230578991	-1.537497220319625	-0.00133679584922433	-4.273793029499449	-4.273793029498771	-0.2062676529601482	0.2751293998620904	-1.369301999419658	-0.1108477561822092	7.542268148863774e-08	-5.965778256752665e-08	-7.188818496294169e-07	-8.505104555721398e-08	1.260576412131787e-07	-2.962362069114508e-07	1.039489022959698e-07
0.76	-0.3849806499569607	-0.02353524148545008	0.6605388774680111	1.419472898715626	-0.474583887783751	-0.06310281641004931	-0.2617882388171038	1.222592031824569	1.222592031824612	-0.103502757896816	-0.1726662499882548	0.2888466600135984	0.02386910915995891	-0.3124602962822408	-0.03240875977815588	-0.3691066873242155	1.302612735858936	-0.06017585141653702	0.4920949438790477	7.79998712984354e-05	1.18934774860624	1.189347748606238	0.0934130687244011	-0.02928172825620673	0.3365349333739877	0.1256075708555569	-0.2262415589507464	0.03977243975633285	-0.005954835405169672	-0.3064355559085429	0.005578865251393665	0.02737919291103813	0.2125768950773284	-35.32110302811282	-7.343829874969009	2.705326741815121	6.134006499371329	-600.675500443091	-55.03340565238707	-6.489229361109886	1.309089425535236	0.2684791747256434	1.139814130451241	-4.701188253958517	0.4670988280654086	-1.554371916359237	-0.01611397331608754	-4.367845854193249	-4.367845854193305	-0.2791944956853945	0.2680603992100812	-1.376909798627071	-0.159734757536988	7.876506781399076e-08	-4.509353901833341e-08	-7.274425485616887e-07	-8.281911851077046e-08	1.304215538747531e-07	-3.088862937167065e-07	1.088021766611161e-07
0.77	-0.3880403777318831	-0.02384607385295877	0.6569055316055317	1.432263228544104	-0.475162273718982	-0.05826159320234486	-0.2617876545680045	1.234266050153926	1.234266050154039	-0.1025810530384267	-0.1729457362015154	0.2921432563376336	0.02511727639941954	-0.2994919269468351	-0.02977201837735256	-0.3574808130950812	1.25529969639808	-0.0555357454395864	0.4760742362819498	4.193455793954432e-05	1.145328117571379	1.145328117571361	0.09089269474318594	-0.02662381838197819	0.3227830441777976	0.1239739222740494	-0.2290261101539733	0.03983869557239236	-0.005546366492244719	-0.3086490062034192	0.004282949256406489	0.02698371948044259	0.214627797629181	-35.8810720603689	-6.979392766973135	2.539128052973381	6.469493338516691	-603.0549791933537	-54.86371990335143	-6.019001339735008	1.289720662659779	0.25910970353965	1.186251634954948	-4.769378616183448	0.4574064373127549	-1.637157635798641	0.003109881013160048	-4.438214187854677	-4.438214187857159	-0.2437270212247875	0.2632534374152716	-1.374530724176173	-0.1728809724793405	8.213807027231528e-08	-2.934698595729226e-08	-7.334698757434377e-07	-7.984509481115191e-08	1.341486389753594e-07	-3.201728891829881e-07	1.135636448059753e-07
0.78	-0.3909706198184272	-0.02413097119030305	0.6533908999985057	1.444575824613166	-0.4756952706034829	-0.05358282456150046	-0.2617873384337635	1.245496033680994	1.245496033681173	-0.1016856055542294	-0.1731989238848482	0.295302293320894	0.02634756694026072	-0.2865631586067673	-0.02722175374527405	-0.3453638362335234	1.207065983975854	-0.0510980412705167	0.4596040305083096	2.437689893982099e-05	1.100540788147628	1.100540788147594	0.08816159388656149	-0.02402202227230907	0.3090230652191598	0.1220322311316731	-0.2318106613572226	0.03990495138843021	-0.005137897579376777	-0.3108624564982956	0.002987033261415392	0.02658824604981523	0.216678700181017	-36.44903024344099	-6.61369483402425	2.372885657995539	6.827787537838826	-605.5382992382767	-54.69661973710321	-5.579432394756162	1.301169226467658	0.2511838209806792	1.238034656935933	-4.885322846232445	0.4266184664892205	-1.644271551667684	-0.01241244244425384	-4.521385531971367	-4.521385531971326	-0.3213398707672573	0.2568376462981923	-1.378527751116607	-0.221343269710751	8.561223908306734e-08	-9.693671031014705e-09	-7.311260614886765e-07	-7.441892564886815e-08	1.357714243092887e-07	-3.269540350074424e-07	1.180217532664073e-07
0.79	-0.3937718314913051	-0.02439080715339682	0.6499998222905915	1.456401686666606	-0.4761847969042016	-0.04907101358046661	-0.2617870878074187	1.256274459496509	1.256274459496758	-0.1008182536538722	-0.1734261893011227	0.2983237751230797	0.02755709123447634	-0.2736873981577975	-0.02476021336366947	-0.3327768396063368	1.157967607053458	-0.04683778170639532	0.4426851250756549	2.615013442451282e-05	1.055031628417791	1.055031628417775	0.08528450145968282	-0.02143477670388587	0.295278402315396	0.1198287784123478	-0.2343571484570043	0.04000055962757257	-0.004761322221757355	-0.3128920368024276	0.001804334609514229	0.02616428498137497	0.2185427711425925	-36.96239500158892	-6.245323886404727	2.206377661207093	7.141834609130711	-607.7009521617946	-54.48987569759692	-5.170118046697709	1.279556495151738	0.2414089444556872	1.280289437052768	-4.942904745320159	0.4212434140473041	-1.726569209155031	0.006532471243216006	-4.582617480927266	-4.582617480924481	-0.2745143858569447	0.2589539357298471	-1.371675823400797	-0.2263385108096277	8.84428545800283e-08	7.821504778074559e-09	-7.266850788513458e-07	-6.935405348105875e-08	1.368199552628022e-07	-3.328407310135188e-07	1.217132198152409e-07
0.8	-0.3964445301514849	-0.02462647375313353	0.6467368660032377	1.467732403024806	-0.4766326178667444	-0.04473056548777521	-0.2617868073957801	1.266594406457236	1.26659440645756	-0.09998039676922371	-0.1736277250769916	0.3012079622435491	0.02874328255394545	-0.2608605560672244	-0.02238788107385892	-0.3197395521214326	1.108036844927978	-0.04275697363532733	0.4253314528393745	3.033395784579658e-05	1.008845017190459	1.008845017190463	0.08226259074445375	-0.01887609419084344	0.2815641288758511	0.1173656361823747	-0.2369036355567928	0.04009616786672109	-0.004384746864137232	-0.3149216171065582	0.0006216359576166219	0.02574032391294563	0.2204068421041595	-37.48377277551582	-5.875659750549	2.039788601911717	7.480179540649003	-609.9674573427573	-54.28278329732044	-4.79039731738279	1.291385554788322	0.2333422026218686	1.328092828479445	-5.051799886849285	0.3907281678785438	-1.731224912392838	-0.01193032485692755	-4.656875831470265	-4.656875831470102	-0.3503035284373378	0.2511250352220352	-1.372449858272834	-0.2732811718403274	8.888312919719396e-08	1.739502100903619e-08	-7.144546136501863e-07	-6.563114157843974e-08	1.357355413747719e-07	-3.354051848370488e-07	1.225571592638522e-07
0.8100000000000001	-0.3989892696741477	-0.0248388631254249	0.643606446974238	1.478559845585887	-0.4770406304584441	-0.04056595771545171	-0.2617864318789693	1.27644926704395	1.27644926704395	-0.09917346523202179	-0.1738040502630106	0.3039551757345747	0.02990340640127244	-0.2480979674790846	-0.02010439303656836	-0.3062777452771278	1.057327473122465	-0.03889261541665621	0.4075076160185577	4.509143733086632e-05	0.9620306857358887	0.9620306857358901	0.07908705038075259	-0.01642980473633921	0.2678833683629569	0.1145906524852299	-0.2391886618229501	0.04012839346739842	-0.004041712558330548	-0.3167538095272366	-0.0004700180832685228	0.02534158088928804	0.2220686116420027	-37.95393539618176	-5.53207135690217	1.884388772862999	7.770741022667119	-611.8783099875056	-54.09675806682564	-4.439446183482026	1.267112844910883	0.2236796318989682	1.365227844460657	-5.099121914315596	0.3773228357145973	-1.820249150951718	0.008227089337371467	-4.708198612764996	-4.708198612765417	-0.3066521615754738	0.2350997654734446	-1.365173859343752	-0.2897999860342126	8.960405686032748e-08	2.840105711111158e-08	-7.015904133669569e-07	-6.15292475747749e-08	1.3465490040201e-07	-3.372935097217284e-07	1.235791785617947e-07
0.82	-0.4014066998441117	-0.02502885211182012	0.6406126466600923	1.488876471211528	-0.4774113928305865	-0.03658204552814481	-0.2617858991263679	1.285833086954056	1.285833086953732	-0.0983993836727063	-0.1739571687814975	0.306565724678162	0.03103374180815143	-0.2353986855275819	-0.01790780389462971	-0.2924158091506298	1.005873457840426	-0.03530692972385468	0.389192335836717	6.178111626288698e-05	0.9146368818687388	0.9146368818687369	0.07569259516749235	-0.01423476068548198	0.2542312193882217	0.1114079480927786	-0.2414736880891227	0.04016061906806383	-0.003698678252555064	-0.3185860019479148	-0.001561672124155141	0.02494283786561318	0.2237303811798337	-38.43214687314005	-5.187315671959095	1.729079126898758	8.087035474187374	-613.894007957384	-53.90787877316703	-4.116293719217615	1.278724227460903	0.2159624235514815	1.40811868491808	-5.200728582154173	0.3349936627046289	-1.829513584597649	-0.01154388496753404	-4.772770313986086	-4.772770313986202	-0.3940864983491562	0.2008759544926324	-1.366727550641031	-0.3548253109016622	9.150668155911507e-08	4.543875582840235e-08	-6.860578548434337e-07	-5.583163946144359e-08	1.335901453882734e-07	-3.363349759165122e-07	1.25351007751658e-07
0.83	-0.4036974823894011	-0.02519731926543443	0.6377593917704341	1.498675058301571	-0.4777474328742264	-0.03278352039135124	-0.2617852069766248	1.294740214946116	1.294740214946181	-0.09766002147899973	-0.1740890585600804	0.3090399896905259	0.03213062726347584	-0.2227679003508749	-0.0158006628020377	-0.2781758370552083	0.9537376226730855	-0.03192801154927358	0.3704552049563442	7.173326672234129e-05	0.8667064507589824	0.8667064507589823	0.07216105540714032	-0.01214356397266073	0.2406340051528027	0.1079327530361468	-0.2435109988097125	0.04020619729561441	-0.003387106575039499	-0.3202087367925118	-0.002579697668035567	0.02456460287063635	0.2251967896120291	-38.86580036625066	-4.865021389997001	1.583921974711999	8.359307612861526	-615.5716867137775	-53.73342872218556	-3.819873038153557	1.253754124892337	0.2058243335421234	1.440862772366226	-5.235948897610506	0.3353884705698978	-1.90434750702156	0.006527430214175246	-4.815544740822085	-4.815544740821752	-0.3354719268885409	0.213040824816418	-1.35438670895529	-0.3492552982659719	9.249164555957858e-08	5.94989169763687e-08	-6.688896742248166e-07	-5.055927598604192e-08	1.318093150277933e-07	-3.345849001632187e-07	1.262156972102844e-07
0.84	-0.4058622573904995	-0.02534516813183702	0.6350503218618326	1.507949099457222	-0.4780504742209737	-0.02917407349681647	-0.2617845627723451	1.303165565580808	1.303165565581261	-0.09695653152530075	-0.1742000765125025	0.311378648890743	0.03319168302918948	-0.210197176689498	-0.01378414645228723	-0.2635788129392975	0.9009642709622854	-0.0287071903452888	0.351376687385393	5.219202364241e-05	0.8182814103951589	0.8182814103951613	0.06851814716637526	-0.01006039545425729	0.2271100569588657	0.1042420101706335	-0.2455483095303095	0.04025177552315718	-0.003075534897525949	-0.3218314716371085	-0.00359772321191726	0.02418636787564755	0.2266631980442188	-39.30751030685258	-4.541577187489418	1.438878952230652	8.65898506312179	-617.3548829174408	-53.55356492466769	-3.548969620211646	1.266711924394901	0.1978374749831661	1.479529089015944	-5.328231890846039	0.3033742685853671	-1.897790922713334	-0.01744256367541098	-4.871692164799559	-4.871692164799489	-0.4163601944317599	0.1992703156090714	-1.352074342344612	-0.3979348726779908	8.90502461916551e-08	5.919683808406296e-08	-6.438320223239827e-07	-4.733809252888952e-08	1.26574474171257e-07	-3.290167985427292e-07	1.227047714947093e-07
0.85	-0.4079016550939324	-0.02547327908936202	0.6324889391734849	1.51669230588408	-0.4783222481318433	-0.02575735497106623	-0.261784180462929	1.311104289198301	1.311104289198492	-0.09629002993161971	-0.174290670514391	0.3135824244228732	0.03421453793296744	-0.1976925391263691	-0.01185023057192347	-0.2486449649942001	0.847576263365643	-0.02569469712732673	0.3318885016758644	2.444394206305529e-05	0.7693906108029425	0.7693906108029491	0.06475262960042955	-0.008107638243922121	0.2136545874240172	0.1002617973187389	-0.2473769637760849	0.04025522541288067	-0.002800897387166901	-0.3232738643646049	-0.004506087799538298	0.02384236136495356	0.2279852199333119	-39.69485901081774	-4.250048989910156	1.307528140284461	8.886277545353606	-618.8507306787219	-53.39738147170873	-3.302346829191647	1.240822772448508	0.1893318956654625	1.508251034219076	-5.359185990865043	0.2932021393717089	-1.986027660335382	0.004585181973633698	-4.908703146683778	-4.908703146683191	-0.3610451237938679	0.185758640882214	-1.340853717979763	-0.4080765445896977	8.593625365368776e-08	6.02689078944086e-08	-6.18289372286464e-07	-4.38377972650774e-08	1.214372803169193e-07	-3.226329818539747e-07	1.193568343539131e-07
0.86	-0.4098163098016986	-0.02558241823786291	0.6300784826419807	1.524898612075614	-0.4785652940523393	-0.02253785735546181	-0.2617840704118538	1.318551918961822	1.318551918961751	-0.0956620630308203	-0.1743632409007475	0.31565193116787	0.03519558829759749	-0.1852485775561752	-0.009989784647465633	-0.2333935815705977	0.7935842238973321	-0.02296159227056224	0.3119325053558262	-2.259644602029922e-06	0.7200626396006822	0.7200626396006928	0.06081120858976846	-0.006455672348127123	0.2002562995321769	0.09588110234106469	-0.2492056180218635	0.04025867530260852	-0.002526259876801607	-0.3247162570921006	-0.005414452387157093	0.02349835485426717	0.2293072418224007	-40.09025405313513	-3.957400041902217	1.176327644060816	9.142155673650905	-620.453120854449	-53.23337687467668	-3.07875300506596	1.254576725807909	0.183143483801972	1.543036184716954	-5.449038265179722	0.2474965963458602	-1.991353044815227	-0.01723366469255586	-4.959126486808326	-4.959126486808306	-0.4515408833748265	0.1391120527010468	-1.340638013743009	-0.4780312978339244	8.465573936347499e-08	6.90362104396023e-08	-5.900307326835102e-07	-3.877447588397085e-08	1.168469096748945e-07	-3.116811607829359e-07	1.169216332318792e-07
0.87	-0.411606855251682	-0.02567331517259809	0.6278220573707912	1.532562167074699	-0.4787822015942677	-0.01952003198987201	-0.2617841926464111	1.325504190726494	1.325504190726538	-0.09507420020406529	-0.1744203695360416	0.3175877970535533	0.03613115349745899	-0.1728708578681539	-0.00820103929608941	-0.2178455103682639	0.7390417918044248	-0.02045125471178114	0.2915792392899648	-2.168676582665853e-05	0.6703297052384286	0.6703297052384287	0.05673952980365651	-0.004987933071271767	0.1869303371276252	0.09118921158636602	-0.2508126720236407	0.04029436629469797	-0.002285050488295998	-0.3259477010737435	-0.006243509049708987	0.02318001235217898	0.2304645106428198	-40.44014132653859	-3.690448008945087	1.056743412048929	9.342039760781718	-621.7459456497909	-53.08245336485136	-2.876964478121325	1.227826528571684	0.1750176360957287	1.567609504707796	-5.469582296130267	0.2481741088222729	-2.06523459334301	0.005777839323275049	-4.989701086488993	-4.98970108649059	-0.3882196023992214	0.1478006412100239	-1.326555623727915	-0.4711225648782533	8.289608034559657e-08	7.6247835558402e-08	-5.610930493715391e-07	-3.399819917150691e-08	1.1193506551644e-07	-3.002436143295825e-07	1.140053048083077e-07
0.88	-0.4132739321171307	-0.02574666913876147	0.6257224961949684	1.539677750429899	-0.4789749314059729	-0.01670732352611588	-0.2617844941371479	1.331957268312433	1.331957268312592	-0.09452770181040632	-0.174463381623354	0.3193908072612077	0.03701852886965536	-0.160554860649234	-0.006481190933104287	-0.2020207624972756	0.6839898951201566	-0.01812604622587728	0.2709091249892475	-3.811088062261763e-05	0.62022380385397	0.6202238038539596	0.05253832197075047	-0.003632362753126086	0.1736851639264068	0.08624313680805101	-0.2524197260254205	0.0403300572867834	-0.002043841099785201	-0.3271791450553863	-0.007072565712261658	0.02286166985008437	0.2316217794632369	-40.79807071649671	-3.422383463442115	0.9373192479250451	9.571846460862272	-623.1462731624852	-52.92134479226272	-2.695722175799521	1.242232231987638	0.1693640861237438	1.598371518447849	-5.55093118345186	0.2104707817704261	-2.054722691786366	-0.01663306340681741	-5.033719891249346	-5.033719891249309	-0.477446692733642	0.116678260959133	-1.324480173076348	-0.5288681025571834	7.796669466777611e-08	7.316805616413333e-08	-5.276632307537604e-07	-3.112083334390966e-08	1.04896550403143e-07	-2.85592807654764e-07	1.079061342361021e-07
0.89	-0.4148181603422183	-0.02580314423894809	0.6237824951621469	1.546240373253189	-0.4791453795724043	-0.01410301687224423	-0.2617849138803842	1.337907522566173	1.337907522566399	-0.09402378962083645	-0.1744935561909334	0.3210617641107688	0.03785511234477869	-0.1482990666365812	-0.004822554460980179	-0.1859403229348687	0.6284577244405256	-0.01600362724987013	0.2498893162349208	-4.468427312734771e-05	0.5697749935307512	0.5697749935307446	0.04822081819879019	-0.002446427792470039	0.1605176839730098	0.08101722372747032	-0.253789363517209	0.04032927723396332	-0.001840099943581238	-0.3282316055722919	-0.007775179041669281	0.02259094079120908	0.2326103507178726	-41.09432301629457	-3.195494763971009	0.8355373897779117	9.720750176172352	-624.2395057793058	-52.79984754288548	-2.533837252435855	1.216018392282277	0.1627989115750237	1.61876807298035	-5.565892072009909	0.2071856343861461	-2.134974433437556	0.007503546868443777	-5.058290104284062	-5.058290104283513	-0.4123640194852517	0.112861595997414	-1.311159238412588	-0.5278557258950998	7.309688236786667e-08	7.040930181066134e-08	-4.937995724705903e-07	-2.81829887995886e-08	9.7836599463384e-08	-2.703598972310211e-07	1.01763255065674e-07
0.9	-0.4162400775459042	-0.02584329587764983	0.6220044761045183	1.552245367957326	-0.4792957919133016	-0.01171078119914675	-0.2617853647527369	1.343351723016394	1.343351723016687	-0.09356374482899484	-0.1745132093124219	0.3226013906944079	0.03863775612607884	-0.1360926563688006	-0.003216498636128275	-0.1696243674587261	0.5724642712892474	-0.01411888111905429	0.2284949288333252	-4.433670400132001e-05	0.5190130431504955	0.5190130431504925	0.04376484242450891	-0.001528073536669621	0.1474191107419645	0.0754551980434271	-0.2551590010089866	0.04032849718115843	-0.001636358787326627	-0.3292840660891965	-0.008477792371073451	0.02232021173235707	0.2335989219725157	-41.39859528932156	-2.967528597410654	0.7339568864400411	9.900505588423805	-625.4414381979415	-52.6660604287183	-2.390158001095525	1.232355483013204	0.1588479566692917	1.64547470119498	-5.643187677781307	0.1629362127321871	-2.129638421240112	-0.01524887108065831	-5.096347902656758	-5.096347902656757	-0.5051410931978335	0.06316211998805434	-1.31069882860599	-0.5960906232496677	6.870365709124528e-08	7.021874778356252e-08	-4.564651968642899e-07	-2.476131452147707e-08	9.060516191192906e-08	-2.504701568158847e-07	9.527070710946665e-08
0.91	-0.4175401923694755	-0.02586763923015286	0.6203907170439443	1.557688304505	-0.4794284293872416	-0.009534250518495685	-0.2617857616354176	1.348286848752852	1.348286848753044	-0.09314881677929029	-0.1745248176598834	0.3240103839934651	0.03936327623165756	-0.1239380846548537	-0.001659643474154061	-0.153095836080459	0.5160620842918288	-0.01244060590429651	0.2067615336240834	-3.436247349438219e-05	0.4679710225456638	0.4679710225456634	0.03920280183042436	-0.0008264008074098013	0.1343905218537094	0.06960393026991274	-0.2562816212497804	0.04034713073530571	-0.001468989795659677	-0.3301246113904518	-0.009083532747460755	0.02208441621255032	0.2344043855977725	-41.6498164179865	-2.772184099342028	0.6468993217724085	10.01707144099153	-626.312393476932	-52.55404524401824	-2.263633825103522	1.20584820684956	0.1529792243311771	1.661300448709609	-5.647869019000982	0.1655286884429805	-2.20258133732773	0.009222173934900827	-5.114309252417162	-5.114309252416792	-0.4344003310793389	0.0686576001577351	-1.297291339834941	-0.5863402635015235	6.419488955698997e-08	6.973820944684544e-08	-4.187615728985776e-07	-2.13857186614052e-08	8.327390277525118e-08	-2.30186233708248e-07	8.86246102756369e-08
0.92	-0.4187189934376552	-0.02587663904536222	0.6189431949156666	1.562565392221044	-0.4795452330065151	-0.007576532043244809	-0.2617860384550294	1.352710318260657	1.352710318260748	-0.09278004209323705	-0.174530411729903	0.32528942091946	0.04002894457768121	-0.1118299052903408	-0.0001477911773936013	-0.1363769809995064	0.4592945049632564	-0.01095211018572457	0.1847324877523812	-2.032409024531275e-05	0.4166817974199998	0.4166817974200017	0.03453416969371689	-0.0003252180476374808	0.1214278361294672	0.0634848461324307	-0.2574042414905678	0.04036576428946456	-0.001301620803953761	-0.3309651566917065	-0.009689273123845285	0.0218486206927615	0.2352098492230331	-41.90904185274116	-2.575801991965716	0.5600918135228494	10.1653914584278	-627.2930736956566	-52.42781791916028	-2.153247406352387	1.223077013126397	0.1498473836265272	1.683539441732069	-5.716266144012077	0.1249803134950525	-2.188768553732156	-0.01443604053222351	-5.145788806823267	-5.145788806823275	-0.5264594017224062	0.0230641260906295	-1.297518195803421	-0.6496538960431701	5.853069944639575e-08	6.635782801394603e-08	-3.773654653387458e-07	-1.847090698172983e-08	7.494442778634396e-08	-2.059604836756096e-07	8.044302466558377e-08
0.9299999999999999	-0.4197769588547589	-0.02587073224803674	0.6176637348200268	1.56687315716084	-0.4796480159640508	-0.005840489432281116	-0.2617861490559087	1.356619764913965	1.356619764914117	-0.09245839638852889	-0.174531873264499	0.3264391472986107	0.0406322059099113	-0.09977078885196891	0.001323142485758655	-0.1194910722945147	0.402213775524141	-0.009630887538900314	0.1624371650589048	-2.219070959494499e-06	0.3651769293903491	0.3651769293903533	0.02977964135697497	4.962126814422147e-06	0.1085260306415757	0.05712961381447876	-0.25825792292302	0.04038016538660428	-0.001171211088668153	-0.3316127586471787	-0.01017313680175458	0.02165877622202441	0.2358160593489569	-42.10635186273431	-2.420074444672407	0.4910250835299197	10.24168337586256	-627.9367466289923	-52.33919402993261	-2.058104146956086	1.196192657398724	0.144811981690543	1.694724900755824	-5.710675851984121	0.1317760563316751	-2.25569599470673	0.009870325380115676	-5.157440946708843	-5.157440946708511	-0.4522237136983434	0.0337293916683002	-1.285221218024736	-0.6340991262499571	5.283343830588784e-08	6.291520096501031e-08	-3.35787219377002e-07	-1.55619461939998e-08	6.657066303212578e-08	-1.81494434541697e-07	7.219846738557992e-08
0.9399999999999999	-0.4207145603678384	-0.02585029698927355	0.6165538554746115	1.570608774904622	-0.4797383701319073	-0.004328556421756054	-0.2617860912961509	1.360013241857841	1.360013241858054	-0.09218475079999393	-0.1745308861116855	0.327460113724334	0.04117078667364604	-0.08775712448535096	0.002757901110149076	-0.1024608309545958	0.3448650657601136	-0.008466352249857277	0.1399105676633744	1.334803717236555e-05	0.3134878555337843	0.3134878555337905	0.02493414645830279	0.0001645194430996258	0.09567584544397574	0.05054873243337703	-0.2591116043554592	0.04039456648376144	-0.00104080137332836	-0.33226036060265	-0.01065700047966028	0.02146893175131412	0.2364222694748898	-42.31163687341792	-2.263347427014774	0.4222521731294813	10.35042886398503	-628.6910067562383	-52.2347755381031	-1.977363574243109	1.213986598775612	0.1426123758741528	1.712405968717523	-5.769862208994492	0.09364284193881879	-2.235023494142961	-0.01494362276300693	-5.182629972206134	-5.182629972206158	-0.5446527141084555	-0.01106044554269019	-1.28719413774511	-0.6947837086731194	4.670152934365649e-08	5.86544886767397e-08	-2.918151544186943e-07	-1.272988284326529e-08	5.761480421953345e-08	-1.538701686481765e-07	6.312628244336528e-08
0.95	-0.4215322453866674	-0.02581568302706129	0.6156149249390411	1.573769730900024	-0.4798177455131297	-0.003042921307232302	-0.261785896800447	1.362889006617312	1.362889006617442	-0.09195990955992842	-0.174528974474266	0.3283528198136009	0.04164260051705738	-0.07578572446553139	0.004160181511680149	-0.08530871584773586	0.2872968422626456	-0.007425452251001074	0.1171913832595119	2.34008562417877e-05	0.2616444189360552	0.2616444189360601	0.02002456160550558	0.0002026091446267269	0.08287151416723718	0.04378952407056623	-0.2597193647105275	0.04041710753749246	-0.0009476422969158061	-0.3326866519673312	-0.01106575334348454	0.02133507536922553	0.2368465074304327	-42.46995841870119	-2.150072145576673	0.3728722966054779	10.39856707960669	-629.1146883551849	-52.17514509594488	-1.910323946539787	1.187843790821698	0.1383273910329336	1.719108150676024	-5.754691269790277	0.1068368496824125	-2.294090383349675	0.008657197161023259	-5.188313019634808	-5.188313019634997	-0.4655227325114527	0.008910151271224367	-1.276129421027945	-0.6701455681236077	4.054176333734352e-08	5.435107845145446e-08	-2.477511085942929e-07	-9.877710400990461e-09	4.86205533084461e-08	-1.261344237145809e-07	5.402371485935316e-08
0.96	-0.4222303909878518	-0.02576718795708564	0.6148480143283407	1.576354126890518	-0.4798872072401992	-0.001985222930713901	-0.2617856662839689	1.365245714507589	1.365245714507636	-0.09178444644071965	-0.1745271486451814	0.3291176672304225	0.04204609104323281	-0.06384924095624767	0.00553412266282701	-0.06805684598064139	0.2295530647784852	-0.006483621419209894	0.09432322006197728	2.05521920761655e-05	0.2096764816951854	0.2096764816951889	0.01505852228686363	0.0001473577769854357	0.07010411095490973	0.03688406898621273	-0.2603271250655905	0.0404396485912263	-0.0008544832204682668	-0.3331129433320124	-0.01147450620730894	0.02120121898714034	0.2372707453859802	-42.63621804116067	-2.035830456397174	0.3238218641826822	10.47973619999477	-629.6494934575452	-52.09853953691913	-1.856343022151693	1.207003296668442	0.136944525797312	1.732356920764419	-5.804973006332963	0.07382900852578893	-2.264819252877388	-0.01752391941000879	-5.207530100834261	-5.207530100834288	-0.5559436072774135	-0.02972865937642438	-1.279808524862887	-0.7240330529816986	3.38582849022963e-08	4.924494701029405e-08	-2.019578224873301e-07	-6.6474870377575e-09	3.8904530945652e-08	-9.630287282757265e-08	4.434995360954792e-08
0.97	-0.422809347585836	-0.0257050784266819	0.6142540602512805	1.578360339969038	-0.4799476190537106	-0.0011568248417952	-0.2617855054573673	1.367082172541541	1.367082172541582	-0.09165883568370023	-0.1745261440593785	0.3297549969612196	0.04237997542696268	-0.05194744733296604	0.00688480040691596	-0.05072341971415506	0.1716729281693812	-0.005604151420980096	0.07134486525415637	1.116344919721807e-05	0.1575996220600873	0.1575996220600884	0.01005993246342329	5.42440994654045e-05	0.05736459217163929	0.02988364149806894	-0.260720273559145	0.04049747607401995	-0.000798890658912917	-0.3333390153809673	-0.01179984831878921	0.02111378270424808	0.2375434842506021	-42.7559040530688	-1.95950243108866	0.2917801650689608	10.49679585563742	-629.9028933809609	-52.05433192686365	-1.81492804593814	1.180964494639766	0.1336812440328245	1.7354238337592	-5.782024449879185	0.09421531164688438	-2.316050106271567	0.00728619644052164	-5.210096343984958	-5.21009634398531	-0.4723579904861864	0.000966687141888729	-1.270608183989577	-0.6894111158339777	2.714120357480226e-08	4.404445250779933e-08	-1.561152607735765e-07	-3.438013199870182e-09	2.917238761784132e-08	-6.642027907619109e-08	3.464015390474101e-08
0.98	-0.4232694468276918	-0.02562955174977364	0.6138337581077189	1.579787253589132	-0.4799993943040051	-0.0005585516032626354	-0.2617854520085618	1.368397395489316	1.368397395489348	-0.09158331908903773	-0.1745260567285283	0.3302650145783978	0.04264358283199036	-0.04007776973041349	0.008217551963732229	-0.03332645928092679	0.1136931730930752	-0.004756308775736847	0.04829824998484956	-9.233669867512816e-07	0.1054294644594944	0.1054294644594927	0.005039689815628411	-3.609321478794814e-05	0.04464168823115049	0.02282867324579429	-0.2611134220527003	0.04055530355680933	-0.0007432980973433421	-0.3335650874299222	-0.0121251904302709	0.02102634642134838	0.2378162231152239	-42.88349696162931	-1.882191459073512	0.2600401348202381	10.54732495393682	-630.2677307988995	-51.99232223750942	-1.78565361126365	1.200580092522628	0.1333592883427757	1.745063754112807	-5.824896699773354	0.0675035379284671	-2.278471345174581	-0.01806353407100901	-5.226189693933204	-5.226189693933296	-0.5602741721483288	-0.02917338672311583	-1.276485556306564	-0.7349412058078884	1.934882968900976e-08	3.582434004260641e-08	-1.086958796425177e-07	-8.925241730435452e-10	1.892437340949989e-08	-3.490431366486423e-08	2.377712363988081e-08
0.99	-0.4236109923555726	-0.02554075813981316	0.6135876769203364	1.580633981621997	-0.4800428012260672	-0.0001910182965108969	-0.2617854914318696	1.369190529785317	1.369190529785185	-0.09155808163481997	-0.1745268325094871	0.330647860973971	0.04283643696720957	-0.02823466755103771	0.009541116574250831	-0.01588579720120326	0.05564654212131926	-0.003926446410885637	0.02520435830713953	-3.548574036811778e-06	0.05318974366308734	0.05318974366308615	5.345516573567762e-06	-0.0001180560299196962	0.03192748497724206	0.01573832616486339	-0.2613060676044913	0.04064081837200381	-0.0007261952179371187	-0.3335723894847212	-0.01236659318802071	0.02098793021211331	0.2379530621678063	-42.96328060023392	-1.844605038069922	0.2461290997505308	10.52241556993807	-630.3439917617874	-51.95971490099009	-1.768249916511142	1.175676285871515	0.1318473547327582	1.744166340030593	-5.795429094861656	0.09053106686854259	-2.325447086414671	0.009149894072373875	-5.224013538906085	-5.224013538905957	-0.475377605482491	0.002431099528169622	-1.268902424626066	-0.6966527753517112	1.157058283333845e-08	2.76376197483022e-08	-6.127215415500535e-08	1.654715006790874e-09	8.681707541933392e-09	-3.380540222585542e-09	1.292184953427251e-08
1	-0.4238342066606149	-0.02543873042228222	0.6135161221347769	1.580900066785347	-0.4800779488282603	-5.454370800521553e-05	-0.2617854547256303	1.369461036820071	1.369461036819774	-0.09158326023293262	-0.1745284001528786	0.3309035623940665	0.04295827336839615	-0.01641152516260257	0.01086437347782451	0.001578821083663303	-0.002435400809834061	-0.0031044448018298	0.002086506335610651	1.430254268879578e-05	0.0009040122102147942	0.0009040122102147944	-0.005043520650419014	-0.0001944657075965602	0.01921269313561019	0.008625126439291548	-0.2614987131562829	0.04072633318719573	-0.0007090923385172056	-0.3335796915395202	-0.01260799594577131	0.02094951400287367	0.2380899012203885	-43.0509585580128	-1.806016839124316	0.2324927166615005	10.53124485852126	-630.5319934400222	-51.90888350501384	-1.762525109445136	1.196588134334505	0.1332977469537878	1.749854995141409	-5.831959091652831	0.06593138676939246	-2.283263403938351	-0.01396826931587681	-5.235391825226309	-5.235391825226247	-0.5631785457358776	-0.02806275923214008	-1.276603273851258	-0.7395117347360791	5.176784929544834e-09	2.272333220109361e-08	-1.342268173504282e-08	4.37346918138806e-09	-1.036820929688078e-09	2.890842025297066e-08	2.826679035350015e-09
1.01	-0.4239392764839924	-0.02532346686411898	0.613619259318734	1.580585334208611	-0.4801047587147407	-0.0001491701894195391	-0.2617851739916241	1.369208544468846	1.36920854446882	-0.09165891127918589	-0.1745304504957341	0.3310320758357619	0.04300908120514471	-0.004604568289371115	0.01218875149957399	0.01904523139001786	-0.06049909373224979	-0.00224334460076509	-0.02099583963769746	4.166745480209545e-05	-0.05140145329761391	-0.0514014532976162	-0.01008074193433381	-0.0001899417823131022	0.00648605793699958	0.001553941847366422	-0.2614343023248803	0.04082421921053367	-0.000729291378034636	-0.3333633038228642	-0.01278893898800391	0.02097520972091971	0.2380324442717558	-43.09592431390524	-1.814692257276758	0.2400313858292964	10.48907475593886	-630.3845932610981	-51.91399988190968	-1.768445256834895	1.172429387168393	0.1320712554125995	1.744524230023616	-5.791772276479559	0.0983242553004517	-2.318330199939752	0.01106235091145285	-5.227968065814116	-5.227968065814493	-0.4731034457838647	0.01856827228318381	-1.271282991723796	-0.6883036681151038	-1.217012974248778e-09	1.780904465388502e-08	3.442679068491972e-08	7.092223355985245e-09	-1.075534940130955e-08	6.119738072852686e-08	-7.268491463572477e-09
1.02	-0.4239263407539678	-0.02519494684061283	0.6138969586420828	1.579690325125862	-0.4801225326155057	-0.00047414213174562	-0.2617846249126111	1.36843302863209	1.368433028632337	-0.09178475644348875	-0.1745316839385527	0.3310332050556999	0.04298970082663506	0.00718958551789804	0.01351566654640595	0.03649124896202247	-0.11849070201241	-0.00129724765868424	-0.04398258584751421	6.797154437668521e-05	-0.1037006848955614	-0.1037006848955662	-0.01508234426083204	-3.10857020451594e-05	-0.006264151215924451	-0.005412516612333241	-0.2613698914934719	0.04092210523388042	-0.0007494904175179923	-0.3331469161062074	-0.01296988203023456	0.02100090543897933	0.237974987323127	-43.1487879467867	-1.822323282422046	0.247789966235614	10.48081959736526	-630.3491085321019	-51.90089645357813	-1.786036022845418	1.194027521142051	0.1338051519702768	1.745776448271422	-5.817542163201728	0.08293073497264693	-2.264143451240052	-0.01418043382362819	-5.234145043250075	-5.23414504325005	-0.5560547542525549	0.002803671764813203	-1.281318064713952	-0.7185665082909547	-7.734551472760916e-09	1.267144479273961e-08	8.219835275671574e-08	9.989029951645697e-09	-2.063600015860476e-08	9.290836807744307e-08	-1.735632095572156e-08
1.03	-0.4237955022684838	-0.02505313149098564	0.6143489479215268	1.578215902932727	-0.4801302837242551	-0.001028309917872373	-0.2617838545536789	1.367134633012113	1.367134633012246	-0.09196037989428127	-0.1745303413776105	0.3309066870301294	0.04290137364897055	0.01897803410710888	0.01484910339207807	0.05389639762113015	-0.17636693238111	-0.0002246627087914138	-0.06681577169604214	8.27598684568425e-05	-0.1559694234234574	-0.1559694234234603	-0.02002940677274063	0.0003476699889321894	-0.01904602449055554	-0.01221544063160321	-0.2610523236328686	0.04104351686074726	-0.0008069385156992942	-0.3327306905581363	-0.01304736537331969	0.02107655700324942	0.2377306333287877	-43.14631536117987	-1.871622366948893	0.2739377029622803	10.40535690216369	-629.9948610409645	-51.92737060979871	-1.815479984569033	1.171239656747263	0.1333705479149819	1.736346515329898	-5.768645730445249	0.1236535049916164	-2.287644095103973	0.0088074094524512	-5.221880356123767	-5.221880356123514	-0.462099473445833	0.06265276062093664	-1.27760629334682	-0.6555503118296973	-1.425335263040284e-08	7.531566234513218e-09	1.299691198249591e-07	1.288765340874557e-08	-3.051830522493746e-08	1.246134577413936e-07	-2.744407553963826e-08
1.04	-0.4235467820713212	-0.02489793025349188	0.6149746811756818	1.576163521984558	-0.480126462757507	-0.001809757151165689	-0.2617830365227213	1.365313821587142	1.365313821587164	-0.0921850874649446	-0.1745237630112328	0.3306521534049108	0.04274613823849632	0.03076592785378645	0.01619284411972102	0.07124004390421987	-0.234082453019455	0.001017167440857628	-0.08943847528236273	7.750594968212586e-05	-0.20818384589393	-0.2081838458939314	-0.02489916823608175	0.00101607539417941	-0.03186727114555196	-0.01879416317426008	-0.2607347557722582	0.04116492848763392	-0.0008643866138363393	-0.3323144650100639	-0.01312484871639948	0.02115220856755131	0.2374862793344511	-43.15175324630572	-1.919756273694261	0.3001507063948926	10.36395326695341	-629.7524606399538	-51.9360364446114	-1.857022530851944	1.193916552635399	0.1358659283644401	1.733475973067832	-5.785400217130749	0.1167797749238925	-2.222046998798583	-0.01818888239461965	-5.223281831765403	-5.223281831765453	-0.5405945445390565	0.06073361461879224	-1.28919274078702	-0.6737262129683347	-2.170236669831031e-08	-9.204003915728357e-10	1.76911744860641e-07	1.526960390764233e-08	-4.073545679221763e-08	1.537017726107034e-07	-3.787825163639621e-08
1.05	-0.4231801664208398	-0.02472921191458967	0.6157734770746284	1.573534899057054	-0.4801093594558425	-0.002816311549943015	-0.2617823508734722	1.362971215706862	1.362971215707023	-0.09245811463694084	-0.1745090948700528	0.3302691758672247	0.0425262512370835	0.04255825424707214	0.01755524653448825	0.08850227190327756	-0.2916035388166697	0.00243466052414005	-0.1118309554734872	5.914593772868106e-05	-0.2603206802083826	-0.2603206802083858	-0.02969179581573204	0.001963822250591234	-0.04473795089155866	-0.02514260052210467	-0.2601947730231008	0.04129870672128519	-0.0009601318653182177	-0.3317004283482649	-0.01309040229110721	0.02127779760764437	0.2370877107272634	-43.1000645078089	-2.009739105558815	0.3446392751055604	10.24171971960956	-629.2146502766559	-51.98008492817574	-1.911062217160714	1.172044727279818	0.1370943800871934	1.720056320123214	-5.729678510152294	0.1588819325663977	-2.241663267643871	0.006268744990002566	-5.206376968040884	-5.206376968041114	-0.4464423006800728	0.1187867728731183	-1.28746208118565	-0.6093320914912659	-2.918044991966357e-08	-9.475869769779484e-09	2.238284904578055e-07	1.763540837659524e-08	-5.09630723126524e-08	1.827083132676807e-07	-4.832325340543043e-08
1.06	-0.4226955966975054	-0.02454673615512893	0.6167443872749253	1.570332222121749	-0.4800771516518385	-0.00404555369830207	-0.2617818631632256	1.360107742936086	1.360107742936387	-0.09277863717193086	-0.174483550949966	0.3297572002341428	0.04224409394303239	0.05435674242454479	0.01894432823142887	0.1056629041742777	-0.3488932545793031	0.004038067908859269	-0.133976025199592	3.791814920438183e-05	-0.3123572239930629	-0.3123572239930678	-0.03439824083546471	0.003191231175832316	-0.0576668902246916	-0.03124822170189927	-0.2596547902739459	0.04143248495494623	-0.001055877116775449	-0.331086391686465	-0.01305595586581149	0.0214033866477536	0.236689142120071	-43.05630956822972	-2.098422326489068	0.3890228378756889	10.15355898568781	-628.7884689729117	-52.00713758422361	-1.97807137128666	1.195148909472788	0.1412017847991233	1.713156827456316	-5.739126210214496	0.1539626352112313	-2.172564905794671	-0.01876243770880956	-5.203223725810923	-5.203223725810953	-0.5233580325555447	0.1166660283845997	-1.300844658212265	-0.6251629793583643	-3.575392870715024e-08	-1.665727252534989e-08	2.688578511007228e-07	1.987780656421406e-08	-6.050323173097223e-08	2.090086353232515e-07	-5.786747950975394e-08
1.07	-0.4220929688353494	-0.02435021105664739	0.6178863230367114	1.566557916643106	-0.480027962334523	-0.005494928633974656	-0.2617816310497445	1.356724513839332	1.356724513839453	-0.0931457921164735	-0.1744443758375681	0.3291156211424276	0.04190211363185398	0.06617291939538886	0.02036749089972693	0.1227000439808518	-0.4059167935844927	0.005834698945370524	-0.1558503286056396	6.384239875292493e-06	-0.364261328448201	-0.3642613284482051	-0.03901397442052491	0.004690419138872205	-0.07066029495704688	-0.03710203446467152	-0.258863271958106	0.04156851720171325	-0.001189577039638223	-0.3302727557665764	-0.01289422903699837	0.02157717548295069	0.236108724541243	-42.94877588618201	-2.229231962601044	0.4515747304329658	9.983124187125583	-628.0344567055196	-52.07020516098578	-2.058669473790725	1.175460397700513	0.1438978774264586	1.695347791180001	-5.676317128582659	0.1977101834947725	-2.187613291020645	0.004333086322154787	-5.179900161862188	-5.179900161862063	-0.4278875722808638	0.1736102536347572	-1.300292931015988	-0.5586529964205864	-4.227929023751635e-08	-2.376558663078006e-08	3.137868189269248e-07	2.211364058793215e-08	-7.000682433534976e-08	2.351650095808752e-07	-6.73637920148907e-08
1.08	-0.4213720575421235	-0.0241392494575666	0.6191979012433478	1.562214905897828	-0.4799597673377182	-0.007161596650305831	-0.2617817778845817	1.352823064426726	1.35282306442667	-0.09355854570702378	-0.1743887958308629	0.328343767093335	0.04150296267871099	0.07801342863864523	0.02183162835127743	0.1395913931443114	-0.4626343079061411	0.007839203806827715	-0.1774346413321211	-3.787151476824575e-05	-0.4160012871632167	-0.41600128716322	-0.04351797003756935	0.006472210036755186	-0.08372188170015531	-0.0426823500948009	-0.2580717536422717	0.04170454944848902	-0.00132327696247793	-0.329459119846687	-0.01273250220818167	0.02175096431816254	0.2355283069624072	-42.84920140373489	-2.358640709259042	0.5138949066121162	9.846524609946879	-627.3916483201876	-52.11748648525712	-2.153539393468536	1.20001536395525	0.1493967414496115	1.683998698833414	-5.677921273506258	0.1955374002004046	-2.11456676988146	-0.0213068067717125	-5.170394577786447	-5.170394577786444	-0.5010104389524007	0.1731866153531888	-1.314481060362892	-0.5704635528298088	-4.864313031914146e-08	-3.140707185675627e-08	3.564180697032316e-07	2.421523661579069e-08	-7.917374341644207e-08	2.573929166601103e-07	-7.619593542887742e-08
1.09	-0.4205325940648193	-0.0239134121797587	0.6206775909323832	1.557306357950045	-0.4798705440376601	-0.009042642716563029	-0.2617824195179274	1.348405141208581	1.348405141208667	-0.09401583505971038	-0.1743141821550045	0.3274409251123404	0.04104927897374559	0.08988436947173906	0.02334540322662497	0.1563149454713817	-0.5190118770832757	0.01003751374396222	-0.1987258716651784	-8.984034080709256e-05	-0.4675457060787379	-0.467545706078735	-0.04792069670675313	0.008483726367383676	-0.09686009116317228	-0.04801353195087239	-0.2570454559797772	0.04184102420510098	-0.001495231641850399	-0.3284440195817301	-0.0124458226088921	0.02196804638419036	0.2347825263654399	-42.68735417327682	-2.526973208968501	0.5929498157194359	9.62646582918112	-626.431743207311	-52.19336981576959	-2.263500943347518	1.181392535226442	0.1538095623809703	1.661775791719073	-5.608172134060971	0.236737104548287	-2.129153934103986	0.002950301461513026	-5.140800835177674	-5.140800835176744	-0.4070519189949177	0.2202037197533334	-1.315527182595458	-0.5083577621282941	-5.49946807253189e-08	-3.90891244506001e-08	3.988744941822638e-07	2.63066188830947e-08	-8.831504603380615e-08	2.793219186279464e-07	-8.497754423810273e-08
1.1	-0.4195742693607367	-0.0236721488128366	0.6223235646031045	1.55183593483164	-0.4797583857754154	-0.01113515163996703	-0.2617835623951326	1.343472906743931	1.343472906744161	-0.09451658130670645	-0.1742184394002692	0.3264062937780506	0.04054350099819293	0.1017856739944332	0.02491684617411924	0.1728481894814652	-0.5750093420301666	0.01242619624422923	-0.2197272127616807	-0.0001381202875853284	-0.5188635364639683	-0.5188635364639591	-0.05220934889967904	0.01069802581143841	-0.1100797523591637	-0.05310120421224289	-0.2560191583172934	0.04197749896171284	-0.001667186321227628	-0.3274289193167729	-0.01215914300960101	0.02218512845021917	0.2340367457684615	-42.53349054529046	-2.69385797938298	0.6717169076390881	9.439734912349032	-625.582451250494	-52.25503231163747	-2.389436653774554	1.206088101875319	0.1609303558789611	1.645937035436061	-5.601900427457523	0.2336119128268971	-2.056588922570474	-0.02056903091958458	-5.125076871728296	-5.125076871728288	-0.4781955437008319	0.2137432380384208	-1.330771406957771	-0.521761633889619	-5.966694940164262e-08	-4.257147801945446e-08	4.381526589897373e-07	2.88629496989215e-08	-9.613896109638379e-08	2.9767329969535e-07	-9.202562904440776e-08
1.11	-0.4184967411183764	-0.02341486206303117	0.6241338395088761	1.54580756605282	-0.4796213956987819	-0.01343609832811331	-0.2617851997030767	1.338028761955485	1.338028761955548	-0.09505970527151665	-0.1740996105690725	0.3252390484446371	0.03998804790001909	0.1137269400749697	0.02655192728801347	0.1891670870422277	-0.6305859417149632	0.01500681887259119	-0.2404029049487143	-0.0001896371375681842	-0.5699142976097663	-0.5699142976097495	-0.05639427204181112	0.0131020658204647	-0.1233826652675277	-0.05794387211913166	-0.2547397185923559	0.04210269390695613	-0.00187559031496813	-0.3261954962456684	-0.01176693498686659	0.0224524146759535	0.2331041808443888	-42.32183530049739	-2.902656491162236	0.7685785829044909	9.1792824829742	-624.3847590100763	-52.35593660773989	-2.532350941205117	1.1891834370084	0.1665168653022661	1.618889484634308	-5.523778287567106	0.2754778018470836	-2.064244348426507	0.002512612492560267	-5.087387260835548	-5.087387260834419	-0.3854972958428473	0.2589894958740591	-1.332053133973794	-0.4587373013507112	-6.417128990498099e-08	-4.563386168580996e-08	4.771129978300551e-07	3.146577536960057e-08	-1.038311374034828e-07	3.156669186727106e-07	-9.890036145042079e-08
1.12	-0.4172995927000379	-0.02314088052685526	0.626106108063903	1.539225783567436	-0.4794575613230639	-0.0159420389344649	-0.2617873610546049	1.332075647250615	1.332075647250511	-0.09564404978702519	-0.1739556903150713	0.3239383736019003	0.03938552453632388	0.1257097091901307	0.02825580344821511	0.2052469193325118	-0.6856920833428144	0.01779505606120558	-0.2607259964020167	-0.0002429290063417997	-0.6206575197487644	-0.6206575197487401	-0.06045345903888185	0.01571631037106373	-0.1367656542238146	-0.06251525731650903	-0.2534602788674284	0.04222788885218692	-0.002083994308732437	-0.3249620731745644	-0.0113747269641349	0.02271970090166828	0.2321716159203086	-42.11817884255541	-3.109991470099949	0.865134916908497	8.951323052864627	-623.2968485875623	-52.44445916914144	-2.693284376746379	1.214388708800225	0.1746893651404436	1.598123981340367	-5.507808816068462	0.2751348248773782	-1.986068775824247	-0.02092403467769176	-5.06356907036832	-5.06356907036828	-0.4530483146885649	0.2557841463529588	-1.346786616542331	-0.4675050919873409	-6.781639092979905e-08	-4.733787641041003e-08	5.108906281495083e-07	3.401729794573051e-08	-1.102652633669893e-07	3.282979201362874e-07	-1.042923489953487e-07
1.13	-0.4159823589986651	-0.02284949677324839	0.6282378995071674	1.53209540432816	-0.4792648447208206	-0.01864937309178793	-0.2617901036490864	1.325616784183066	1.325616784183027	-0.0962684128346504	-0.1737847169233512	0.3225034651468935	0.0387385840997289	0.1377466715486969	0.03003407169657618	0.2210634780157943	-0.7402913753286762	0.02078389466299319	-0.2806772232938641	-0.000307394158324515	-0.6710492531896367	-0.6710492531896339	-0.06439308966477961	0.01850836069977396	-0.150228155562298	-0.06682549168202921	-0.2519366506727631	0.0423788513592188	-0.00232913260131972	-0.323497737927246	-0.01087699084853397	0.02300762481777727	0.2310575767878025	-41.85763185727296	-3.342435305798053	0.9727588634261454	8.656382634804938	-621.8571090835856	-52.53466959229961	-2.873374564606856	1.19978806021831	0.1813715975241948	1.566214642866236	-5.422141370703121	0.3160344150709146	-1.990184006480537	0.0005216043203626402	-5.017077358681513	-5.017077358684755	-0.3605458047601585	0.2955348841247188	-1.347798276628821	-0.4057387226950918	-7.135408701980199e-08	-4.887209501729066e-08	5.440204199038528e-07	3.656240763504174e-08	-1.165421330375466e-07	3.402585944106409e-07	-1.094989934326408e-07
1.14	-0.41454446806154	-0.02253993512858985	0.6305264151034732	1.524421801772854	-0.4790411845251112	-0.02155432639015454	-0.2617935450231114	1.318655983405561	1.318655983405586	-0.09693139726217997	-0.1735848991467415	0.3209335684016763	0.03804995009670652	0.1498411563406024	0.03189138165854929	0.2365917499408398	-0.7943367465488581	0.02398377475444073	-0.3002498246103322	-0.0003826849191490034	-0.7210450617398992	-0.7210450617399178	-0.06817773501946853	0.02148518734827068	-0.16376331226588	-0.07085397060197865	-0.2504130224780982	0.04252981386624451	-0.002574270893916452	-0.3220334026799279	-0.01037925473293511	0.02329554873387611	0.2299435376552972	-41.60506528470631	-3.573459091700102	1.080130377631547	8.392728456498942	-620.5260524220114	-52.61470465620194	-3.073773051698359	1.225893195468059	0.1904977078628548	1.540466629692964	-5.397024662932516	0.3173431228093632	-1.910343660748359	-0.0230891564459247	-4.984384092246384	-4.984384092246305	-0.4220512604467997	0.2927394103102522	-1.36131768956207	-0.4111540028731937	-7.704065136840104e-08	-5.472002961241369e-08	5.75464843424981e-07	4.041590157632093e-08	-1.245659515308472e-07	3.475743438725932e-07	-1.149546827958245e-07
1.15	-0.4129854256175031	-0.02221132858669109	0.6329687395924511	1.516210535453596	-0.478784538570858	-0.02465309637181475	-0.2617973513839865	1.311197214276737	1.31119721427686	-0.09763157135863844	-0.1733545612615214	0.3192280129809292	0.03732237481530132	0.1619679724240381	0.03385066300924178	0.2518220502350436	-0.8478218734719483	0.0273763053600479	-0.3194441071187309	-0.0003351056113108173	-0.7706425149842153	-0.7706425149842162	-0.07183500463379829	0.0246000503981792	-0.1773535615214955	-0.07461643198786815	-0.2489926913108383	0.04272603765429742	-0.00285392841115554	-0.3202739000790764	-0.009976038729009224	0.02366532126208456	0.2289715289185754	-41.37192357334691	-3.848239393122163	1.20774031950659	8.04495265445853	-619.1196155572609	-52.73464314141273	-3.295699205985981	1.20616320022066	0.2017628080823645	1.506620264409015	-5.310071446553015	0.3547653582916089	-1.915046185795539	0.02520372150100839	-4.937464328363778	-4.937464328361174	-0.3342905046651791	0.3236424301011372	-1.358746073483402	-0.3521562745377247	-8.305204463981115e-08	-6.122003755459665e-08	6.066545019806229e-07	4.44671745324325e-08	-1.328538436833998e-07	3.541879535373219e-07	-1.204480184850151e-07
1.16	-0.4113050975355431	-0.02186250533940342	0.6355618287913962	1.507467254917203	-0.4784930558447768	-0.02794202430654399	-0.2617993775023429	1.303244462937903	1.303244462938118	-0.09836766328978985	-0.1730925182102454	0.3173863815616415	0.036558502106419	0.1740982839250478	0.03593472273633303	0.2667446919342456	-0.9007395899772681	0.03095112911986546	-0.3382814152235261	-2.663641937944854e-05	-0.8198415037421144	-0.8198415037420977	-0.07536130195769276	0.02782622055888719	-0.1909785119739959	-0.0781134560973937	-0.2475723601435396	0.04292226144234692	-0.003133585928417352	-0.318514397478226	-0.009572822725089903	0.02403509379028407	0.2279995201818944	-41.14687286108224	-4.12152517427262	1.335022946019718	7.727399761301512	-617.8225479190741	-52.84617040949174	-3.540381570530692	1.226592278982866	0.2154533831426056	1.478934910692579	-5.283542579378439	0.3538017536514421	-1.838948780027668	0.02908882037296517	-4.904691194962976	-4.904691194962938	-0.3958568023597447	0.3150008324701473	-1.368257928939056	-0.3580665476004056	-9.030619513064866e-08	-7.18622516739641e-08	6.338497498368038e-07	4.802014471687024e-08	-1.411860964480294e-07	3.553774116887047e-07	-1.259364123463785e-07
1.17	-0.4095037069425161	-0.02149209083530469	0.6383025605537628	1.498197788921503	-0.4781649213671566	-0.0314174099923649	-0.2617960641300245	1.294801773048534	1.294801773048734	-0.09913845751984297	-0.1727976560140562	0.3154085092515256	0.03576108743205011	0.1861539067295492	0.03818176570752094	0.2813461101596651	-0.9530441239989569	0.03470580767283767	-0.3567316970662279	0.0008292046628243847	-0.8686253278526099	-0.8686253278526029	-0.07877711011719887	0.03116378759321625	-0.204583442600207	-0.08131439651368451	-0.2465103433383399	0.04333037341390571	-0.003445227142184295	-0.3163042300438055	-0.009384090043852931	0.02444107163044053	0.2274084403112379	-40.98462034969392	-4.404742627973608	1.469832412978013	7.300205900114	-616.5543314082587	-52.89702313638541	-3.809079465634564	1.191148909455137	0.2343783135141323	1.442382529870826	-5.187498273362628	0.3907255484122829	-1.838558942074704	0.1348158180483821	-4.854529604017826	-4.854529604019307	-0.3114192481949362	0.3459142800920212	-1.354735153370906	-0.2929100562903318	-9.778226655352681e-08	-8.324414546782889e-08	6.603317100680807e-07	5.148413226350906e-08	-1.4952627075053e-07	3.555982713555612e-07	-1.314239237384871e-07
1.18	-0.4075825397957887	-0.02109819618961262	0.6411876339486645	1.488408559693634	-0.477798355175547	-0.03507539670775416	-0.2617799955336756	1.285873384601077	1.285873384601255	-0.0999428051165839	-0.1724688622192843	0.3132949627303656	0.03493330289998888	0.198053594664906	0.0406307510550017	0.2956130184412552	-1.004692236412587	0.03863747191749936	-0.3748016211362604	0.002524408381195302	-0.9169812153601054	-0.9169812153601087	-0.08207197529466097	0.03461254027465463	-0.2181133541827693	-0.08418742763585221	-0.2454483265330873	0.04373848538545842	-0.00375686835597917	-0.3140940626093867	-0.009195357362625327	0.02484704947058249	0.2268173604406375	-40.83061422483031	-4.686495223052193	1.6043842387603	6.901467742295484	-615.3977995950687	-52.94141322000664	-4.103011826940382	1.195405305153949	0.2558418584011743	1.412032921926702	-5.15225825776663	0.3891988919893384	-1.762877225493787	0.1969613476061499	-4.819103874362971	-4.819103874363045	-0.371668205950946	0.3372379618920135	-1.353254120209297	-0.2924846887757824	-9.928035292980571e-08	-8.269890373180735e-08	6.781685430924915e-07	5.285290675987228e-08	-1.519354018252953e-07	3.519574612791206e-07	-1.329280281153861e-07
1.19	-0.4055430985460582	-0.02067880700191513	0.6442135860421369	1.478106346898213	-0.4773916509309047	-0.03891204562745857	-0.2617429492084574	1.276463851675345	1.276463851675515	-0.1007795929930169	-0.1721051919376016	0.3110465124305741	0.03407833451111817	0.209808331099449	0.04327989668261992	0.3095094810516801	-1.055612226071581	0.04273270752603468	-0.3924560515835785	0.005014825993846393	-0.9648261029905194	-0.9648261029905252	-0.08525975130755069	0.03813397474292209	-0.2315601235003917	-0.08675058488209954	-0.2439979855353358	0.04400505125048793	-0.004098236245171834	-0.3116417332026302	-0.00891515619515534	0.02534183419496169	0.2259049030077377	-40.61388886500092	-5.032339381864759	1.765763552545557	6.449622433586319	-613.729658947502	-53.08930504301093	-4.423374081721402	1.161549694970694	0.2743832379865986	1.368234382109168	-5.041167430915103	0.4239989487270882	-1.756006296791943	0.2945773673141571	-4.752264440732381	-4.752264440732699	-0.2884939615583353	0.361615555789116	-1.337900371264479	-0.2299509287525412	-9.95391009427652e-08	-7.968096316641899e-08	6.942130936471861e-07	5.378730781898321e-08	-1.531149263772374e-07	3.475160611339477e-07	-1.336063042086441e-07
1.2	-0.4033869015555087	-0.02023193989333256	0.6473764590520154	1.467299074584013	-0.4769431317194885	-0.04292309492012558	-0.2616770996272517	1.266578853226639	1.266578853226799	-0.1016474909620989	-0.1717059034379361	0.3086640920308612	0.03319939061254427	0.2214047428286414	0.04612633523201694	0.3229972017224597	-1.105704140168544	0.04700046527222922	-0.4096816957285411	0.008285059575278928	-1.012074319955004	-1.012074319955012	-0.08829399382445437	0.04173618387098989	-0.2449073741670449	-0.08898252957648019	-0.2425476445375701	0.04427161711551569	-0.004439604134384121	-0.3091894037958738	-0.008634955027687774	0.02583661891933716	0.2249924455748528	-40.40533571451612	-5.37660708906184	1.92672509292199	6.023092476535525	-612.1720169665588	-53.23278095644487	-4.771230121550703	1.163740364083843	0.2953004427569324	1.330284533997658	-4.986643145360133	0.4237033195211846	-1.677119965022662	0.3529245413623547	-4.69976974117708	-4.699769741177014	-0.3409615067537398	0.3533928938520873	-1.333350390015457	-0.2262421784024439	-1.004224355307809e-07	-7.625124505713849e-08	7.057404680703293e-07	5.679799427826469e-08	-1.556773520150477e-07	3.390607469857295e-07	-1.331734017376789e-07
1.21	-0.401115498573108	-0.0197556044490976	0.6506721272062758	1.455995011936774	-0.4764511438240548	-0.04710422897183528	-0.2615746436002013	1.256224391168246	1.256224391168385	-0.1025451057168325	-0.1712703660003114	0.3061486912792405	0.03229966073071686	0.2328484010121006	0.04917515962336524	0.3360643619651432	-1.154966662695539	0.05142461101965211	-0.4264761102792565	0.01234201564026855	-1.058715550938443	-1.058715550938448	-0.09120292131466018	0.04537674224488538	-0.2581551693796538	-0.09091090859816987	-0.2409407107823094	0.04474552090739723	-0.004812810842666186	-0.3065360049991548	-0.008246419109000395	0.02622936752667061	0.2239658462883163	-40.15063032389877	-5.675655570058107	2.070213653335049	5.560681688309346	-610.3802522763674	-53.23586251319866	-5.14755559125948	1.130551201179261	0.3148465475864476	1.284089858444911	-4.874810533935879	0.455804868795075	-1.67034943105173	0.4524616097220244	-4.630892193408191	-4.63089219340788	-0.2619885746627507	0.3703574103300105	-1.317851672158797	-0.1683281360652662	-1.014541094303725e-07	-7.272372978118359e-08	7.161950131622289e-07	6.030179852008666e-08	-1.585682166607518e-07	3.296521282617881e-07	-1.324765943577107e-07
1.22	-0.3987304844777322	-0.01924774613889663	0.6540962985807713	1.444202573318752	-0.4759141075378585	-0.05145125661524383	-0.2614275419183651	1.245406598316723	1.245406598316841	-0.1034710357873684	-0.1707982289587124	0.3035013410584387	0.03138220858426988	0.2441269654236514	0.0524309084252203	0.3486978457694784	-1.203379334325203	0.05601014342476498	-0.4428604140682016	0.01721419053144836	-1.104740478581117	-1.10474047858112	-0.09395705698521573	0.04905610466565018	-0.2712972680032705	-0.09252698250038092	-0.2393337770270519	0.04521942469927622	-0.005186017550981461	-0.3038826062024355	-0.00785788319031324	0.02662211613400087	0.2229392470017773	-39.90407496822745	-5.973494674793439	2.213757743757963	5.120366636583958	-608.7004611090795	-53.23782686461502	-5.553164362615552	1.13072160970215	0.3366853248582841	1.243549246327998	-4.816672965894104	0.4559806510591826	-1.595097812668596	0.5159683066003614	-4.576509073023951	-4.576509073023949	-0.3100031428236851	0.3611537032259536	-1.312211072216996	-0.1637811545067127	-1.006002205421365e-07	-6.561237950704179e-08	7.22549653318996e-07	6.230934401999028e-08	-1.581425941369884e-07	3.185846126409058e-07	-1.306631953524836e-07
1.23	-0.396233407462558	-0.01870632319249842	0.6576445369028145	1.431930401592281	-0.4753304659657315	-0.05595988761874942	-0.2612279533999867	1.234131881764952	1.234131881765036	-0.1044238947968352	-0.1702892177423856	0.3007231088617544	0.03045006156680365	0.2552644474535138	0.05588494482510761	0.3608671769182234	-1.250890772256502	0.06074547075982305	-0.4587836033128423	0.0228160312279352	-1.150075236075099	-1.1500752360751	-0.09658928488369022	0.05275151053396282	-0.2843286379422483	-0.09384992561597068	-0.2373022979705137	0.04532921697226904	-0.005582224106022183	-0.3010265550852956	-0.007491066716640555	0.02723867559586591	0.2215421867794685	-39.62887476140108	-6.401782062093637	2.410346531687314	4.661847180957032	-606.5143799278818	-53.52311091074811	-5.988712630094911	1.10165344692339	0.354465250526897	1.191197487458735	-4.693756173439629	0.4863109817568315	-1.578698048277989	0.5991696636523499	-4.492794121261141	-4.492794121260892	-0.2360435317654219	0.3746955585093243	-1.2955170210416	-0.1087536023867177	-9.923868013410072e-08	-5.753615057954192e-08	7.278004729163044e-07	6.391405062783892e-08	-1.568240712214452e-07	3.070704709323854e-07	-1.285491755250715e-07
1.24	-0.3936256772376262	-0.01812941939150675	0.6613119830240074	1.419188040093158	-0.4746986706788486	-0.06062530422828583	-0.2609689709321453	1.222407650631505	1.222407650631557	-0.1054023182689667	-0.1697430601613989	0.2978151795524195	0.02950624457572113	0.2662576073751805	0.05952707934391344	0.3725394055994108	-1.297417288855475	0.06564088637599082	-0.4742175352741304	0.0290929804236025	-1.194643394916113	-1.194643394916113	-0.09906994951840824	0.05648537759729162	-0.2972366905333632	-0.09486097722362501	-0.2352708189139771	0.04543900924525724	-0.005978430661103369	-0.2981705039681555	-0.007124250242968956	0.02785523505772464	0.2201451265571593	-39.36184413844728	-6.828136036278594	2.606052301834729	4.223103584638398	-604.4399063585417	-53.80791107171805	-6.454585727215386	1.101857188063002	0.3743049486419881	1.144128752816487	-4.619688699428822	0.4879983072811224	-1.497246355998094	0.6509900064364402	-4.423189342430197	-4.423189342430314	-0.2796904900723876	0.3688459422291901	-1.287547602644424	-0.1014028529196244	-9.763192901530361e-08	-5.44777070946827e-08	7.113813595539407e-07	6.446687285906569e-08	-1.541761108762219e-07	2.864708917123605e-07	-1.239176891699382e-07
1.25	-0.3909086842250233	-0.01751513059970859	0.665093654099112	1.405985234918359	-0.4740171580246787	-0.06544272577640588	-0.2606438038813315	1.210241569588326	1.210241569588321	-0.1064047703617908	-0.1691595152532953	0.2947788243576088	0.02855383012049494	0.277118827003774	0.06336427785350594	0.3837105134180066	-1.342984980885384	0.07069135491032881	-0.4892091600252332	0.0360615223298994	-1.238444072892676	-1.238444072892676	-0.1013695084440554	0.06022188704631113	-0.3100074107541755	-0.09556318577614581	-0.2331712941958599	0.04589841440119877	-0.006405340050611403	-0.2950928311132561	-0.006674030495833143	0.02828482684507872	0.218702915972536	-39.06339949552144	-7.160260129715707	2.765569617129584	3.763421487347633	-602.2069661513083	-53.84603727325346	-6.951820435313417	1.074920409512222	0.3934800798993925	1.090927324746346	-4.501506531409976	0.5179411660080672	-1.491568246888751	0.7379501713038384	-4.339172468747349	-4.339172468747226	-0.197469831272787	0.3759409090445193	-1.267791070947492	-0.045892626066702	-9.595096939193398e-08	-5.29378039411489e-08	6.884042401643081e-07	6.47013616605253e-08	-1.511258207825427e-07	2.631217721928015e-07	-1.185243379445735e-07
1.26	-0.3880837458042836	-0.01686145926725819	0.6689845013580756	1.392331513407934	-0.4732842666772659	-0.07040835311448215	-0.2602453186337383	1.197641348676686	1.197641348676625	-0.1074286942913635	-0.1685386277581392	0.2916155705927602	0.0275961410258138	0.2878466890025555	0.06740358747435975	0.3943746423712146	-1.387600555980814	0.07591662502458474	-0.503858693265231	0.04375661977929771	-1.281471368608356	-1.281471368608355	-0.1033643168681787	0.06395389500757825	-0.3226164045409024	-0.09591590511460241	-0.2310717694777457	0.04635781955713741	-0.006832249440130794	-0.2920151582583566	-0.006223810748697941	0.02871441863242839	0.2172607053879104	-38.77256163874642	-7.491196248014417	2.925061590560925	3.317761977682819	-600.0810814645647	-53.88686908194229	-7.48219963836075	1.075185662100575	0.4147271708942484	1.042732979738929	-4.429265312533121	0.522958623264709	-1.42882805377707	0.7963011150567157	-4.268512890253499	-4.268512890253498	-0.2187403897675965	0.3679456446787152	-1.255202315827347	-0.03150501010678333	-8.719164405864734e-08	-2.091831055721402e-07	2.843929762135093e-07	-3.473127867862816e-09	-9.955163145987102e-08	6.199257881725389e-08	-8.133966507515489e-08
1.27	-0.3851521397276635	-0.01616643067176823	0.6729793542979172	1.378236562630988	-0.4724984479873972	-0.07551652589909427	-0.2597666611018877	1.184614922477647	1.184614922477576	-0.1084732947410163	-0.1678798060489731	0.2883269887306324	0.0266363022847241	0.2984491319734741	0.07163080599976147	0.4045005116134563	-1.431200404871837	0.08127246838795651	-0.5177203553670177	0.05206423505437908	-1.323657447354528	-1.323657447354526	-0.1054962508367205	0.06779881955748805	-0.3350701959739955	-0.09599912051221639	-0.2283865939800018	0.04652293158878352	-0.007253852141088379	-0.2889306427837556	-0.005503893916004806	0.02920468138903648	0.215304651660627	-38.36352152669103	-7.879736792199634	3.105797836071102	2.834300885847975	-597.406974080029	-54.06250508100445	-8.045640801306673	1.048968512710575	0.4309964188139945	0.983196189387101	-4.296960718207405	0.5457902961146228	-1.35652738367298	0.8613940032537556	-4.170187721234173	-4.170187721234098	-0.2015621792495446	0.3909347148967112	-1.236039866453511	0.01130288163818018	-7.604097895849675e-08	-4.187342196303379e-07	-2.483460392782287e-07	-9.475875872390303e-08	-3.158423293821478e-08	-1.991974503204542e-07	-3.341468083950138e-08
1.28	-0.3821152702417095	-0.01542827444593409	0.6770726023887653	1.363711290156967	-0.4716582922432465	-0.08076165372378363	-0.2592022469633819	1.17117132902026	1.17117132902018	-0.1095374429861234	-0.1671829013233571	0.284914754492293	0.02567723792690358	0.3088993708693156	0.0760291135431979	0.4140536725725139	-1.47366489539568	0.086784035880977	-0.5312497012805449	0.06090794111025727	-1.364904820278107	-1.364904820278105	-0.1072738759593448	0.07157049829738178	-0.3473468797832174	-0.09576102846075504	-0.2257014184822603	0.0466880436204279	-0.007675454842078581	-0.2858461273091541	-0.004783977083312027	0.02969494414564181	0.2133485979333416	-37.96162913657869	-8.264731066473635	3.283347850575463	2.355711368241437	-594.838981799969	-54.25266493860421	-8.628496897471576	1.044744847085151	0.4489449745011895	0.9281913231021024	-4.202193639097097	0.554103449194448	-1.362364816125215	0.9035192712160753	-4.08077172573508	-4.08077172573506	-0.1478786205840988	0.3532964826755081	-1.219780791053083	0.03275647970828076	-6.820876124641388e-08	-5.155827865589661e-07	-5.065163877466133e-07	-1.357103110683783e-07	1.382742745233821e-09	-3.13554224686996e-07	-9.396398755930739e-09
1.29	-0.3789746257793578	-0.01464528214475579	0.6812585139827245	1.348766951443885	-0.4707623366966909	-0.0861395963164093	-0.2585467310488869	1.157319908567362	1.157319908567249	-0.1106185057768904	-0.16644838648531	0.2813806312962114	0.02472198899052778	0.3192033368275868	0.080597691271224	0.4230323316370977	-1.515017419313397	0.0924299259366842	-0.5442552801967582	0.07028777947861202	-1.405224988916878	-1.405224988916875	-0.1089106098813145	0.07533210214723798	-0.3594459571975229	-0.09524062130293155	-0.2229213024487778	0.04689052087077453	-0.008055733884057514	-0.2825910218003091	-0.004136397018118277	0.03017231031031928	0.2113088641265347	-37.57499779389828	-8.638016044718459	3.455105641436914	1.907555983804638	-592.1179817707859	-54.43517393601898	-9.226593853681825	1.019303807633574	0.4650330080920094	0.8682614181666821	-4.073956728481441	0.573401266216372	-1.257118363754471	0.9690967731218855	-3.984499238554594	-3.984499238554496	-0.1674454944600101	0.387384687426586	-1.200249318723644	0.06908272075846275	-6.162096130485639e-08	-5.701678983140064e-07	-6.617234860812423e-07	-1.577865839710171e-07	2.122455986435481e-08	-3.728485285143517e-07	5.656870020609024e-09
1.3	-0.3757317253899363	-0.01381576029906948	0.6855313238113355	1.33341465249955	-0.469809208353087	-0.09164508748507601	-0.2577946406200129	1.143069914466956	1.143069914466808	-0.1117151108501716	-0.1656762971385057	0.2777264617055658	0.02377342410311799	0.3293505562832779	0.08533502244479978	0.4314333195028912	-1.555256941646013	0.0982185952906937	-0.5567594164883756	0.0802228439860358	-1.444619549779909	-1.444619549779906	-0.1103823324615494	0.07908540004853082	-0.3713561586960029	-0.09442421866754507	-0.2201411864153021	0.04709299812111425	-0.008436012926008141	-0.2793359162914653	-0.003488816952926276	0.03064967647498573	0.209269130319723	-37.19519138527681	-9.007210550759673	3.622904597955254	1.459416683126317	-589.5026221598686	-54.6352127072845	-9.839921124690568	1.01339554656914	0.4826956636111249	0.8126570833440365	-3.979593322077185	0.5826593088549051	-1.262076291206027	1.014564499029881	-3.89565017058708	-3.895650170587079	-0.1148763522371483	0.3516352929628435	-1.182005607887976	0.09195557522088181	-4.463475362431665e-08	-6.021866158838773e-07	-8.437420204276702e-07	-1.789839256064184e-07	5.227478074540272e-08	-4.199873668401492e-07	2.762778056245364e-08
1.31	-0.3723880835497658	-0.0129380676199666	0.6898852050192333	1.317665557571839	-0.4687976513628939	-0.09727268335416862	-0.2569407126821326	1.128430696862095	1.128430696861986	-0.1128262239468803	-0.1648667403599998	0.2739540925743331	0.02283421195047014	0.3393478542629265	0.09022668572845008	0.4392403009026987	-1.594357444615996	0.1041137532169485	-0.5686810374439083	0.09063637588777289	-1.48305375475397	-1.48305375475397	-0.1118042696308415	0.08282004740720043	-0.3830838882402497	-0.09337317748459317	-0.2170003060465818	0.04724518638731161	-0.008769147620848107	-0.2759978196023194	-0.002740291187773212	0.03106397600575599	0.2068984271250776	-36.76539616991868	-9.35079082372032	3.778649727740621	1.047867315129345	-586.5174569826881	-54.80686876612458	-10.46861344933665	0.9884190508230746	0.4958362455080108	0.7493453212668082	-3.844569728960014	0.5962863887276382	-1.14535022410301	1.065792380412171	-3.791785243416667	-3.791785243417315	-0.1505428123568324	0.3832611789370671	-1.163144119922318	0.1186661651291046	-2.334063416619841e-08	-6.248563987198917e-07	-1.036868149693272e-06	-1.998171385739642e-07	8.796848318496337e-08	-4.62090369458158e-07	5.246457126421037e-08
1.32	-0.3689453643043667	-0.012010771391074	0.6943140813717226	1.301531599425526	-0.4677264743225951	-0.1030171244780934	-0.2559804404563017	1.113412241290973	1.113412241290903	-0.1139504944979016	-0.1640200607635835	0.2700654486492118	0.02190690776471113	0.3491660373289904	0.09525573240274385	0.4464323484212173	-1.632229585366024	0.1101426053118796	-0.5801284674544869	0.1014917015761724	-1.520467143032076	-1.520467143032081	-0.1130138233233979	0.08650996363059238	-0.3946111174736679	-0.09204262528977099	-0.213859425677872	0.04739737465350232	-0.009102282315629593	-0.2726597229131757	-0.001991765422621626	0.0314782755365153	0.2045277239304236	-36.34154382874638	-9.690682642252888	3.930783096095757	0.6286795031731802	-583.6290135522743	-55.00119599292115	-11.11292575081024	0.9775725638522174	0.5101723417398224	0.6896703070862557	-3.733920878086172	0.609398142590163	-1.167238102215205	1.102923256362368	-3.691486831396178	-3.691486831396179	-0.07239965689001053	0.3426890659073195	-1.14190554572225	0.1478577775949423	3.191971054539386e-10	-6.412210138901244e-07	-1.230237095627153e-06	-2.188453355386857e-07	1.251337030136294e-07	-4.905065876957857e-07	7.76741600854223e-08
1.33	-0.3654052973459849	-0.01103252848386056	0.6988117794274532	1.285024997059575	-0.4665945408715177	-0.1088732624094814	-0.2549096374155554	1.09802479683452	1.098024796834551	-0.1150864660035969	-0.1631367374949704	0.266062509032927	0.02099399136796942	0.3588144174836576	0.1004123848085266	0.453000856814456	-1.668876052025266	0.1162606203209496	-0.5910214486360661	0.1127294571513071	-1.556840152214403	-1.556840152214409	-0.1141469311057928	0.09014283585014243	-0.4059393364674534	-0.09050101112052833	-0.2104391640037317	0.04749995240294914	-0.009377015005270443	-0.2692783572128973	-0.001149131125891687	0.03181768238981461	0.2019005913572482	-35.87579122969503	-9.997210572149829	4.068259267485757	0.242196881823975	-580.4708377530852	-55.15524356015205	-11.77327083983586	0.953553237762631	0.5212934314657564	0.6245153352342157	-3.597756104430844	0.6157405285724814	-1.038586818856434	1.143284294831424	-3.582990857761173	-3.582990857761263	-0.1288358032388065	0.37149809256341	-1.122718531866078	0.1635426529190167	2.505751464504093e-08	-6.547112143891918e-07	-1.423716737395101e-06	-2.370506575609431e-07	1.629697616520346e-07	-5.126832424658867e-07	1.030537009905035e-07
1.34	-0.3617697300867587	-0.01000214270429564	0.7033719774130744	1.268158380718111	-0.4654008798006486	-0.1148359818912313	-0.2537246403017095	1.082279065707022	1.082279065707153	-0.1162327824799819	-0.162217503145645	0.2619473995355723	0.02009773699618612	0.3682660974978715	0.1056843068730408	0.4589323343993586	-1.704232380468014	0.1224881292703034	-0.6014447775267326	0.1243305161961386	-1.592124477241135	-1.592124477241142	-0.1150828174611714	0.0936921797730752	-0.4170450936876138	-0.08871022029808223	-0.2070189023296026	0.04760253015239171	-0.009651747694885892	-0.2658969915126202	-0.0003064968291621299	0.03215708924310744	0.1992734587840627	-35.41498886200798	-10.30061575047747	4.202661701940642	-0.1595892790424537	-577.3986654278182	-55.33688647203207	-12.45023076445099	0.9382325357615494	0.533226273486102	0.5622641454190433	-3.475893234787326	0.6312969306469454	-1.073307644032719	1.175583950301728	-3.47375000027699	-3.473750000276997	-0.03295537148677011	0.3259834065838629	-1.097413190997205	0.1976931082356308	4.859946323952217e-08	-6.750564271809959e-07	-1.61271142599641e-06	-2.5548430767846e-07	1.988833521302895e-07	-5.255429017721489e-07	1.261917326975433e-07
1.35	-0.3580405899975664	-0.00891846906105704	0.7079883204997612	1.250944492020845	-0.4641445373204986	-0.1209001191304692	-0.2524218676515592	1.066185865777769	1.066185865777787	-0.1173881195951091	-0.1612630302416025	0.2577223456968875	0.01922042329418946	0.377525800151919	0.1110688470046243	0.464230273960588	-1.738332584282138	0.1287953534511429	-0.611298141325933	0.136287458494167	-1.626333825584974	-1.626333825584973	-0.1159597384463057	0.09719700490046422	-0.4279228820149077	-0.08671340277375812	-0.203509840635357	0.04748948253425857	-0.009852658548167	-0.2624455207589926	0.0004013690199882834	0.03259133066362361	0.196560732538126	-34.99055885959781	-10.64470261441872	4.350246354096527	-0.5146457952461755	-574.2320223019	-55.66033239626503	-13.14457141616177	0.9144517702162865	0.5437755496007638	0.4977067533859137	-3.345130468748911	0.6329976331596122	-0.9285403562939919	1.215266068599918	-3.367305996349363	-3.367305996348363	-0.1114476383541466	0.3615386630644514	-1.076607112298484	0.2068787205010215	7.154322736145055e-08	-6.988291461191682e-07	-1.7994636380144e-06	-2.740321218436066e-07	2.338357085284693e-07	-5.337440633464917e-07	1.482090098055625e-07
1.36	-0.3542199303538356	-0.007780408483181339	0.7126544725604425	1.233395991982631	-0.462824610104269	-0.1270602279293865	-0.2509976222386195	1.049756016616095	1.049756016615999	-0.1185515033553537	-0.1602737477668369	0.253389784883189	0.01836431829663005	0.3865700084055645	0.1165616938004606	0.4688941291982602	-1.771154648657222	0.1352050764862702	-0.6206390894623467	0.1486250687540567	-1.659454323725297	-1.659454323725289	-0.1166921464845364	0.1006540939177746	-0.4385464886903216	-0.08446847941062544	-0.2000007789411243	0.04737643491611945	-0.01005356940141643	-0.2589940500053671	0.001109234869137745	0.03302557208413064	0.1938480062921786	-34.57015397836214	-10.98566358281074	4.49456846052193	-0.8921137811776103	-571.1410276320966	-56.0141397760471	-13.85727316615521	0.8951336556811444	0.554887606336631	0.4354472807076035	-3.220265346979565	0.6517967015044992	-0.970824511475442	1.251717542673972	-3.255979959573927	-3.255979959573898	-0.004052782106056372	0.3164361845681496	-1.04657686062118	0.2473142759973447	1.056930917278007e-07	-6.774723930965152e-07	-1.992009249437933e-06	-2.845526219094068e-07	2.790986829290018e-07	-5.165602026965623e-07	1.77121891370206e-07
1.37	-0.3503098104367446	-0.006586946938560706	0.7173640428706556	1.215525669226537	-0.4614403426557492	-0.1333109776793018	-0.2494485610336152	1.033000569375778	1.033000569375681	-0.1197220358604442	-0.1592503218696514	0.2489522209533639	0.01753150236905176	0.3954130758698831	0.1221408778985409	0.4729070023308198	-1.802669422934559	0.1416584541032808	-0.629427710020811	0.1612191593199102	-1.691426797132837	-1.691426797132834	-0.1173845794119586	0.1040175173429737	-0.4489189026532435	-0.08206072710699953	-0.1960439662802108	0.04736328688715002	-0.01018541010518378	-0.2556114294238581	0.002141151116640489	0.03314313957686634	0.1907141291024525	-34.03560221800478	-11.18187135259953	4.58473346166698	-1.212680821048366	-567.6642946430378	-56.08799116571736	-14.58893800381445	0.8727971612127573	0.5609146328948579	0.367337557317776	-3.080964279878619	0.6439768822024411	-0.82021701027458	1.26805287452021	-3.136676354752907	-3.136676354753578	-0.09748690965638811	0.3438004840399188	-1.025525111757481	0.2429688147991058	1.459712921653188e-07	-6.314354600952862e-07	-2.187723126161372e-06	-2.90683184577127e-07	3.300002765495708e-07	-4.854939080177344e-07	2.098058066220658e-07
1.38	-0.3463124790711294	-0.005337397388689042	0.722110367957752	1.197347422565314	-0.4599911677129789	-0.1396470808712512	-0.2477725993107568	1.015931638336704	1.015931638336605	-0.1208986223671279	-0.1581937607257059	0.2444123425943834	0.01672385658596047	0.4040122981104233	0.1277792948506672	0.4762450845748863	-1.832739429682609	0.1481865753364161	-0.6377097778689815	0.1740051723249301	-1.72215108347673	-1.722151083476732	-0.1179029468032246	0.1072811432699381	-0.4590093745213563	-0.07943445051321825	-0.1920871536193121	0.04735013885817543	-0.01031725080892267	-0.2522288088423513	0.00317306736414275	0.03326070706959446	0.1875802519127134	-33.50410139689001	-11.37662707376231	4.673620048562176	-1.563133839550316	-564.2525678015535	-56.20056260018397	-15.33922167386001	0.846364610925475	0.5667341771458366	0.3004891030090103	-2.931311841122379	0.6667454247294389	-0.8695139694166655	1.290102030507244	-3.006342546844588	-3.006342546844585	0.03076032512517157	0.2964766849212006	-0.9901884416593614	0.2910191340284214	1.762275428001187e-07	-6.134280251432328e-07	-2.347657970594833e-06	-2.978289605385329e-07	3.684400041788909e-07	-4.509495163191128e-07	2.33036119786579e-07
1.39	-0.3422303283437657	-0.004031192551382729	0.7268867271239204	1.17887553619218	-0.4584764813378467	-0.1460632470064543	-0.2459678881628011	0.9985616443625985	0.998561644362537	-0.1220799452185295	-0.1571049695807591	0.2397729666209226	0.01594336254106963	0.4123741560971289	0.1334688348938947	0.4789156481257457	-1.861399159053204	0.1547573425431035	-0.6454371049140718	0.1869696064908807	-1.751638940210326	-1.751638940210327	-0.1183401813738155	0.1104661481196053	-0.4688146232184316	-0.07663391666489799	-0.1880991125659126	0.04699367698451373	-0.01035997382350797	-0.2487665135235766	0.003907767814217949	0.03354392428276144	0.1843977643552958	-33.06337776494465	-11.63803395990128	4.785243281467582	-1.81300307605612	-560.8053597282811	-56.53805603408792	-16.10816373557826	0.8245885234515244	0.5710765335568242	0.2337572323725922	-2.797445054700001	0.6536413078873003	-0.7111633689634164	1.304496493355072	-2.888743077254587	-2.888743077254502	-0.07787836904082471	0.3273605899513987	-0.9680750040649072	0.2795353059933856	2.005029524236203e-07	-6.12147871285041e-07	-2.486240811887509e-06	-3.05580589594558e-07	3.994428117811768e-07	-4.143294860764196e-07	2.506247671892895e-07
1.4	-0.3380658606103532	-0.002667889790515021	0.7316864753758473	1.160124224211404	-0.4568958075027982	-0.1525540506714895	-0.2440325561964431	0.9809030246530304	0.9809030246530061	-0.1232650230198153	-0.1559847587463218	0.2350370617764244	0.01519186679381388	0.4204756993201702	0.1391988795629462	0.4809229017265332	-1.888624551210679	0.1613840673197471	-0.652637283835491	0.200129336005476	-1.77987623056942	-1.77987623056942	-0.1186539367799904	0.113565081167749	-0.4783151487288386	-0.07363479098619541	-0.1841110715125249	0.04663721511085167	-0.01040269683811874	-0.2453042182048009	0.004642468264294452	0.03382714149592918	0.1812152767978665	-32.62533037580967	-11.89756991913965	4.894968141882229	-2.096609626817535	-557.4198709468382	-56.9161672727133	-16.89564707862105	0.7943016581925848	0.5748351023106379	0.1678271129946635	-2.644444398498533	0.6779369387206653	-0.7640843446824842	1.329161100236205	-2.756229271943984	-2.756229271943986	0.05545615800836304	0.2792623246164918	-0.9292438043256974	0.330737500104889	2.313094091669048e-07	-5.698676292555742e-07	-2.614542053906435e-06	-3.042998123150907e-07	4.349082401187489e-07	-3.57090294831594e-07	2.722936038528461e-07
1.41	-0.3338216076937378	-0.001247114720683116	0.7365029872403217	1.141107695160102	-0.4552488039989531	-0.1591141547982057	-0.24196489195177	0.9629683276207635	0.9629683276207435	-0.1244530007862387	-0.1548340867231038	0.2302076879605372	0.01447107226983349	0.4283265665994952	0.1449590895700948	0.4822677396953529	-1.914432879378474	0.168018674801841	-0.6592901637473515	0.213423771982063	-1.806841737378684	-1.806841737378683	-0.1189268369135804	0.1165609367750561	-0.4875010569826494	-0.07049631863220705	-0.1799040957444814	0.0463322422151287	-0.01036700987470415	-0.2419405875896427	0.005603565419932033	0.03384148179444099	0.1778245535648536	-32.11671315636224	-12.03123289470413	4.960115687556543	-2.334402838181922	-553.8994238286008	-57.0637925231371	-17.70129737429409	0.7732834730771039	0.5769983876989686	0.1011502505529021	-2.511707324718378	0.6569538477014452	-0.6016075868142943	1.332623704322419	-2.633556947010123	-2.633556947009984	-0.06657060945700101	0.3079341873557541	-0.9045346805788881	0.3099759855613707	2.663610465380485e-07	-5.009373299147765e-07	-2.736160256397424e-06	-2.971479709175531e-07	4.732743719342572e-07	-2.864486489353811e-07	2.96614563535953e-07
1.42	-0.329500285262274	0.0002313393367766754	0.7413296151068298	1.121840546767362	-0.4535353081813375	-0.1657379312785159	-0.2397636755757408	0.9447706064080855	0.9447706064080701	-0.1256432890560805	-0.1536538187420994	0.2252882009931778	0.01378257724589609	0.4358896022898058	0.1507346770885234	0.4829461021332646	-1.938748419498208	0.1746825300738424	-0.6653717545542706	0.2268397622767494	-1.832481066651648	-1.832481066651647	-0.119116037463743	0.1194842727250805	-0.496337779023265	-0.06717489097759628	-0.1756971199764497	0.0460272693194041	-0.01033132291128738	-0.2385769569744852	0.006564662575570204	0.03385582209295106	0.1744338303318295	-31.6103396991604	-12.16435332915877	5.025007661827982	-2.610103052772045	-550.4364584260032	-57.25886608806672	-18.52448199490843	0.7367353403897139	0.5779106045666409	0.03453200681307731	-2.345886788886486	0.6837864967021519	-0.6498265236941756	1.353471963856101	-2.490993764684058	-2.490993764684087	0.07219607469384147	0.2647583931599596	-0.8594065616866682	0.3673285602293714	2.980166944617025e-07	-4.285090721000817e-07	-2.828100433410094e-06	-2.868315347083152e-07	5.072415622240517e-07	-2.085074583034211e-07	3.16984851398857e-07
1.43	-0.3251047092258129	0.001767571075175042	0.7461597053155059	1.102337622743412	-0.4517552047920606	-0.1724198504867007	-0.2374279706127879	0.9263231838400053	0.9263231838399635	-0.1268351524735703	-0.1524448652847685	0.2202820900898902	0.01312798201636831	0.4431727588486131	0.1565079432618969	0.482960144604082	-1.961575052880121	0.1813358597296897	-0.6709247243099421	0.2403040501970048	-1.856768184206807	-1.856768184206805	-0.119237591578304	0.1222918336418864	-0.5048212688426502	-0.0637199272205527	-0.1712866993323058	0.04547058839612211	-0.01021523367682588	-0.2352843923039807	0.007526161544549867	0.03382259083572806	0.170836828193861	-31.10129907239004	-12.27266587570024	5.080671733695259	-2.796351314461926	-546.8513992091371	-57.474623366427	-19.36421990669077	0.7162348950015502	0.5764217592302761	-0.03181858207270982	-2.211783984996316	0.6561946348987522	-0.4946147773632859	1.34333018860607	-2.362349776734475	-2.362349776734383	-0.05159110305141784	0.2859890161226685	-0.833395289001665	0.3386111320901493	3.272717291552344e-07	-3.536081195021149e-07	-2.899061316550159e-06	-2.742780573390821e-07	5.380991559180829e-07	-1.254062446686051e-07	3.345624229750655e-07
1.44	-0.3206378758074884	0.003361412902408652	0.7509866041590324	1.082614285911212	-0.4499085504192505	-0.1791546159076139	-0.2349575381741338	0.9076399342912136	0.9076399342911451	-0.1280276834219108	-0.1512083894032315	0.2151930292690213	0.01250874259414064	0.4501410786624317	0.162256694855572	0.4823078291033479	-1.982830981148137	0.1879927267804463	-0.675940997099999	0.2537852574170928	-1.879646462794072	-1.879646462794069	-0.1192495436336782	0.1249887575659628	-0.512927762539524	-0.06010372951757719	-0.1668762786881733	0.04491390747284073	-0.01009914444238714	-0.2319918276334751	0.008487660513531066	0.03378935957850718	0.1672398260558807	-30.59437066058581	-12.38067099478603	5.136359997612243	-3.022436445288317	-543.3232599174495	-57.74148130716195	-20.21921480566407	0.6737679913919802	0.5730076886269584	-0.09873958749726452	-2.031745766106841	0.6844939756840395	-0.5424871305712232	1.356855823822626	-2.209225971105112	-2.209225971105119	0.0941164865312042	0.2426309946140825	-0.7840073371843885	0.3995753494157543	3.534219986964931e-07	-2.784764917301268e-07	-2.953725346125215e-06	-2.597598564607217e-07	5.649235516832596e-07	-4.081482824469072e-08	3.497735041904488e-07
1.45	-0.3161028731681725	0.005012552692031694	0.7558036653484469	1.062686187111204	-0.4479954582205039	-0.1859369591141843	-0.2323523971512828	0.8887350207556959	0.8887350207556335	-0.129219890036514	-0.1499455843044555	0.2100247909124042	0.0119262873588755	0.4568043306150815	0.1679597695720423	0.4809937216239219	-2.002515697486908	0.1946190500719733	-0.6804334794218759	0.2672343852826803	-1.901087278731134	-1.901087278731124	-0.1191769813416063	0.1275603389994758	-0.5206527381578339	-0.05636694773524309	-0.1624297882396455	0.04433076644481222	-0.009895039308199292	-0.2285716026492422	0.009214506174832434	0.03361758625344036	0.1635673219940348	-30.16577433363384	-12.40418502766562	5.166460485312176	-3.083805326925918	-539.7292400933162	-57.90055824828509	-21.08775546722364	0.654394919118698	0.5671860489900171	-0.1642295142581036	-1.895801185089094	0.6511312593021925	-0.3881605728338745	1.337656987381736	-2.074238419413011	-2.074238419411901	-0.03406562767430511	0.2620432049990375	-0.7567032070808054	0.3641669407801253	3.77188252138685e-07	-2.031677383780865e-07	-2.995875720284282e-06	-2.437330286021384e-07	5.886510276102088e-07	4.492085103513847e-08	3.6316745887877e-07
1.46	-0.3115028797849464	0.006720368965986015	0.7606042888258484	1.042569447824342	-0.4460162168381588	-0.1927613335019398	-0.2296130217058853	0.869623153257928	0.8696231532578698	-0.1304109493738451	-0.1486575390938821	0.2047813106930191	0.01138188741106132	0.4631392274444183	0.173591991721828	0.4790202867007821	-2.020559078518751	0.2012225635001049	-0.6843472333372699	0.280632141926465	-1.921037255244444	-1.921037255244427	-0.1190200881783127	0.1300367799241537	-0.527976135093205	-0.05249267202739324	-0.1579832977911237	0.04374762541678909	-0.00969093417407862	-0.2251513776650044	0.009941351836137098	0.03344581292838374	0.1598948179321803	-29.73966188355676	-12.42804371763135	5.197508394018264	-3.18579165631054	-536.1985639199777	-58.11523717176106	-21.96772492280902	0.6080969667293783	0.55883717529003	-0.2306050762400553	-1.703478704721041	0.6799320030049467	-0.4267414492745985	1.346581579462064	-1.911058086354475	-1.91105808635448	0.1109826607755406	0.2236028928470656	-0.703691600596667	0.4270741345189043	4.010679702160732e-07	-8.177563902204507e-08	-2.998015243381824e-06	-2.154965369095411e-07	6.082670546168371e-07	1.420385987406287e-07	3.773155630863518e-07
1.47	-0.3068411541317745	0.008484151257011237	0.7653819228269215	1.022280319014285	-0.4439712675943777	-0.199622313580378	-0.2267402266027202	0.8503193023225664	0.8503193023225475	-0.1316000790902933	-0.1473455323212107	0.1994666783841896	0.01087670444330084	0.4691412515933066	0.179151171597051	0.4763989895865901	-2.036986465869202	0.2077522156008871	-0.6877422806326083	0.2938994222033844	-1.939473458065323	-1.939473458065317	-0.1188074865014439	0.1323574506939091	-0.5348726555706246	-0.04852831867255466	-0.1531437557932013	0.04271683481049175	-0.009444301330640828	-0.2222902316929388	0.01138626555972163	0.03313645021867329	0.1558988151220524	-29.08790349919849	-12.42266631280937	5.213624517783394	-3.396740405826301	-532.6379002352553	-58.31166022757793	-22.8546967516236	0.5866140880204124	0.5524323907757829	-0.2938941895029595	-1.570267340473051	0.6376088360002115	-0.2795363787932613	1.312682776347383	-1.771060137063201	-1.771060137064848	-0.02391857291391921	0.2346556592942419	-0.6709996020569625	0.3837786229746031	4.250422421561248e-07	7.801924867066523e-08	-2.96681239059476e-06	-1.770853253552653e-07	6.244568741898645e-07	2.486414034675033e-07	3.920921252266507e-07
1.48	-0.3021213364473031	0.01030312014621614	0.7701301434247538	1.00183533661267	-0.4418613964251113	-0.2065139741335945	-0.223735582391878	0.8308388576075765	0.8308388576075938	-0.1327871462887916	-0.1460106475427821	0.1940854074044378	0.01041169754649046	0.4747576337042666	0.184629311357765	0.4731376060526298	-2.051729796830295	0.2142069485970817	-0.6904833282931373	0.3070019634619246	-1.956356011170544	-1.956356011170548	-0.1186075845868323	0.1346123810738423	-0.5413038692777382	-0.04445745783738506	-0.1483042137952841	0.04168604420420082	-0.009197668487281577	-0.2194290857208669	0.01283117928330988	0.03282708750897452	0.1519028123119162	-28.4392789569278	-12.41739152071383	5.230502984487984	-3.644303569631788	-529.1493447521144	-58.56813987963808	-23.74550650896559	0.530968559143727	0.5426291523882518	-0.3586223601937336	-1.366667426849628	0.6649481820874451	-0.295941522312715	1.313633775786251	-1.600328143222697	-1.600328143222697	0.1084427083240904	0.2104548148826123	-0.6106302465354785	0.4483756305851062	4.224854743560081e-07	3.097352077483303e-07	-2.706202274051446e-06	-1.089438683325518e-07	6.012653956738601e-07	3.467161973331352e-07	3.85936885131761e-07
1.49	-0.2973472633733369	0.01217636140371891	0.7748425978619817	0.981251395433231	-0.4396872962855463	-0.2134312762949394	-0.2206007461987162	0.811197483829557	0.8111974838295289	-0.133971059025694	-0.1446544269788161	0.1886421503014045	0.009988038304658955	0.4799955832140751	0.1899949227209327	0.4692508305530578	-2.064773728733618	0.2205951590057426	-0.6928582005535249	0.3199352647093249	-1.971654011215222	-1.971654011215211	-0.1181854312708845	0.1366334454717504	-0.5472727045387461	-0.04026439080562474	-0.1437589713482278	0.0407531420348289	-0.008850220509743576	-0.216037587997057	0.01338776081195887	0.03246682111443708	0.1480900778762525	-28.08451223810276	-12.33549951480583	5.231672574052834	-3.569787499234806	-525.7351409220959	-58.76666412611073	-24.63850881620748	0.5110300140585013	0.5299311341657497	-0.4189700941982443	-1.230509729780311	0.6232630536082965	-0.1900983507983127	1.278676730067591	-1.454895642836741	-1.454895642834498	0.007576765413563802	0.1977948605190823	-0.5787647992437629	0.4063870387330428	3.95948728329201e-07	6.064567505777805e-07	-2.238243284497678e-06	-1.39308432902891e-08	5.424792823466161e-07	4.370829813818748e-07	3.608625160935277e-07
1.5	-0.2925226464308402	0.01410253957603028	0.7795131315543421	0.9605455642032172	-0.4374498129252232	-0.2203686948334665	-0.2173374773069105	0.7914110581095457	0.7914110581094657	-0.1351510552050152	-0.1432780232492	0.1831414539190895	0.009606632692997431	0.4848664074102438	0.1952166943194847	0.4647534570791135	-2.076107806945211	0.2268835927485157	-0.6945066037297721	0.3326885031907521	-1.985366399569756	-1.985366399569731	-0.1178242730675971	0.138649014200624	-0.5527917251341664	-0.03600673180340207	-0.1392137289011739	0.03982023986546562	-0.008502772532326949	-0.2126460902732365	0.01394434234061225	0.03210655471991407	0.1442773434405822	-27.73300784077153	-12.25524344062786	5.23562554475209	-3.529384365558498	-522.3926809478775	-59.01636533306534	-25.53254133718073	0.4575434964157664	0.5138611994651395	-0.4807419550681981	-1.024696688503379	0.6449928489098878	-0.1506477054846632	1.277621222591631	-1.283205805194	-1.283205805193984	0.0962436857919939	0.2093556810757016	-0.520667313417951	0.4612940246775715	3.867337517917153e-07	8.825255877427591e-07	-1.919756219169693e-06	6.296504449473369e-08	5.166112365257911e-07	5.276909518612209e-07	3.515391375842267e-07
1.51	-0.287651140110416	0.01608018721425287	0.7841356946737138	0.9397348559087251	-0.4351500674647383	-0.227320058055627	-0.2139478893002363	0.771495575555319	0.7714955755553221	-0.1363271924821475	-0.1418823143955527	0.177587886595578	0.009268046081543064	0.4893632757307095	0.2002847019053909	0.4596601396387295	-2.085731317630269	0.2330426380888037	-0.6956625322941381	0.3451805569637331	-1.9974439136042	-1.997443913604173	-0.1173984634808546	0.140481036567282	-0.5578343392548084	-0.0316986422671588	-0.1343517559215767	0.03874951524478942	-0.008175211085330186	-0.209714135167573	0.01517781471861464	0.03142417597430505	0.1401962001154027	-27.17666054741422	-12.05496159450608	5.202167246371159	-3.556430122806523	-519.0585006194226	-59.02894453063833	-26.42687420228333	0.4350376608937974	0.499081339755752	-0.5383754528851675	-0.8857745538288164	0.598017935695739	-0.08220179219284018	1.22771627761594	-1.127166711999286	-1.127166711999036	0.01659160881927581	0.1680345145728683	-0.4829038262126112	0.417349717565359	3.944941093537652e-07	1.138354773356555e-06	-1.74775163958298e-06	1.221061377676608e-07	5.230028968612582e-07	6.185352850425614e-07	3.5765172979328e-07
1.52	-0.2827368092745802	0.01810767708865499	0.7887043748558095	0.9188369932483177	-0.4327894000390284	-0.2342798078354868	-0.2104348369912396	0.7514678893588622	0.7514678893589485	-0.1374989032606736	-0.1404687035182151	0.1719865240578953	0.00897289702534473	0.4934313104924465	0.2051851415553911	0.4539768696238785	-2.093538680128197	0.2390679857933896	-0.6961839152697152	0.3573813636552984	-2.007807128015832	-2.007807128015803	-0.1169389733459549	0.1422294189384207	-0.5623507679684622	-0.02731922075220905	-0.1294897829419859	0.03767879062411728	-0.007847649638347491	-0.2067821800619074	0.01641128709661966	0.0307417972287031	0.1361150567902145	-26.62232671137576	-11.85789896929866	5.173303115635484	-3.619543114260096	-515.7749299268336	-59.09181509824329	-27.32134674506305	0.371776784670025	0.4803476122839825	-0.5987324699616023	-0.6614670510770763	0.6182533217694567	-0.02373858772691502	1.219371806308501	-0.9403458806317015	-0.9403458806316927	0.1029797954234506	0.1926276819718633	-0.4154302320203201	0.4755604204188659	3.987495240763927e-07	1.327060590691624e-06	-1.620066799423991e-06	1.639854513410247e-07	5.318697922545222e-07	6.903989452867187e-07	3.606388005981847e-07
1.53	-0.277783903362214	0.02018328745830495	0.7932133666088568	0.8978699703292434	-0.430369228957225	-0.2412420694249631	-0.2068014563689444	0.7313450988945303	0.7313450988945643	-0.138665724755577	-0.1390383291494943	0.1663426149622442	0.00872181494344596	0.4970751955044612	0.2099037167718943	0.4477299828340531	-2.099562375709594	0.2449356156475009	-0.6961674732788183	0.3692318859115788	-2.016459563080928	-2.016459563080955	-0.1164261037556205	0.1438300088915862	-0.566340355540622	-0.02289225861590033	-0.124547869623121	0.03616786369397702	-0.00753033677579067	-0.204084819514632	0.01767621764867885	0.03014258044366757	0.1319562332559903	-26.068925934477	-11.70129427974737	5.156032743545588	-3.634172931338971	-512.6669766831404	-59.31133829892276	-28.21629869519523	0.3494999052668589	0.462670161047368	-0.6512816019230516	-0.5272775034029226	0.5664591363584343	0.02981451081614039	1.158461201484136	-0.7840540792565656	-0.7840540792647241	0.02549623792583532	0.1411518522828418	-0.3770635123977391	0.4269386743302884	3.992809370321339e-07	1.444447829230546e-06	-1.539471682406956e-06	1.875241239836027e-07	5.433666248966957e-07	7.42095640535119e-07	3.603050049111817e-07
1.54	-0.272796797490567	0.02230509511706272	0.7976571665303198	0.876851819116009	-0.4278912933130544	-0.2482010708108668	-0.2030514567708475	0.7111445117275849	0.711144511727568	-0.1398274064151582	-0.1375924734411857	0.1606615418923549	0.008515137395729025	0.5002713023484614	0.2144245993769515	0.4409385033070251	-2.103764338960266	0.2506208982666699	-0.6955318745551955	0.3807051588157122	-2.023366468538343	-2.023366468538423	-0.1159110062817894	0.1453256868565095	-0.5697835628161384	-0.01843831391585476	-0.119605956304262	0.03465693676384004	-0.007213023913220549	-0.2013874589673572	0.01894114820073994	0.02954336365863699	0.1277974097217585	-25.51580531914122	-11.54755384510396	5.142547732033835	-3.688814337009824	-509.5846569150233	-59.57516925994425	-29.11272721930845	0.2822211510671433	0.4408090899947904	-0.7076510174021505	-0.2971205849321664	0.5817838747810198	0.100092758818291	1.143921935879089	-0.591239959095187	-0.5912399590951879	0.1034253721227842	0.1716452843234171	-0.3061541726916034	0.4809569331662315	3.863264164053755e-07	1.548816060077892e-06	-1.415077719209645e-06	2.178710896774281e-07	5.272166966918224e-07	7.721318204777413e-07	3.538610303505102e-07
1.55	-0.2677800402055346	0.02447101445480837	0.8020303693406603	0.855801013898896	-0.4253573869939182	-0.2551511024971289	-0.1991886289091438	0.6908838246511944	0.6908838246511478	-0.1409834415713478	-0.136132463914849	0.1549488188251238	0.008353229038004922	0.5030058668848889	0.2187145409211221	0.4336177136861478	-2.106082359950411	0.2561247125173947	-0.6943685625033849	0.3917840678640819	-2.028469540749356	-2.028469540749384	-0.1152976457820873	0.1466634287259774	-0.5726729296177444	-0.0139453483233131	-0.11483632888144	0.03331830795248662	-0.006880790847771447	-0.1984249988766424	0.01967428132987389	0.02877319290023434	0.123733172982834	-25.15143796482708	-11.28163463539584	5.105598525470945	-3.48948438089645	-506.6620139497379	-59.67153213397623	-30.01098349140202	0.2579262731084483	0.4164330549161073	-0.7568541868458138	-0.1519911966101458	0.5292925012057494	0.1406456552325315	1.078423540193772	-0.4246965307188093	-0.4246965307110567	0.04026192917468364	0.1126762241463809	-0.2670485350464374	0.4330320239603944	3.57833754911825e-07	1.638184129889294e-06	-1.240219868022017e-06	2.560623930172551e-07	4.792128918588319e-07	7.772113197419684e-07	3.403770670875691e-07
1.56	-0.2627381668415018	0.0266785024816533	0.8063278520043088	0.8347364588037708	-0.4227695200720766	-0.262086262017499	-0.1952173023267811	0.6705811357169693	0.6705811357168965	-0.1421333490144805	-0.1346595094526452	0.1492098579696466	0.008236163466538755	0.5052945181484312	0.2227383371968082	0.4257944739686586	-2.10651431456274	0.26141301880762	-0.6925574413767716	0.4024049029475662	-2.031766840104945	-2.031766840104921	-0.1146854636711542	0.1479146740309613	-0.5750311204654038	-0.009469756664280718	-0.1100667014586219	0.03197967914113584	-0.006548557782291783	-0.1954625387859299	0.02040741445900912	0.02800302214183528	0.1196689362439041	-24.79166468091808	-11.01848371586404	5.073172441784375	-3.31607254534194	-503.8251364597406	-59.81722979385724	-30.89742000379356	0.1930384964901012	0.3875800362978907	-0.8081410367244932	0.08009269063095455	0.5386822826811177	0.2296545737788213	1.052307142902018	-0.2300853880103399	-0.2300853880103399	0.1031896943689646	0.1543459714266021	-0.1999189819023007	0.4774821464643729	3.268130302064659e-07	1.768247374330313e-06	-1.031291478320616e-06	3.021858888302622e-07	4.27375743193988e-07	7.787803973248105e-07	3.271137236409205e-07
1.57	-0.257675774052493	0.02892492209515615	0.810544663483673	0.8136771288333188	-0.4201298407192165	-0.2690010019249408	-0.1911420754655993	0.6502547594298748	0.6502547594298848	-0.1432764914587979	-0.133175155962978	0.143450190145637	0.008163941037967401	0.5071006384289584	0.2265027055530332	0.4174928139381576	-2.10503583270492	0.2664802117374582	-0.6902893871247501	0.4125552779068771	-2.033196632842713	-2.033196632842682	-0.1139440847574626	0.1489381513922254	-0.5767996450237659	-0.004975406393815334	-0.1050152153162069	0.03022612241728176	-0.006296696255174517	-0.193161218767477	0.02205317413046391	0.02709314929132619	0.1154089397782173	-24.15532657976981	-10.7361270000626	5.029736301731944	-3.344916563382069	-501.1776377518567	-59.9275285805415	-31.76374361988973	0.1618632621153881	0.3645113405326366	-0.852362052630241	0.2290791545537416	0.4841845697818483	0.2408305054755751	0.983623965176333	-0.05271987565395212	-0.05271987565286818	0.05975124910730142	0.07350845613667174	-0.1498243746190504	0.4350567898406681	2.926322264863462e-07	1.949179587058354e-06	-7.797749154770012e-07	3.582246252347439e-07	3.707469147393276e-07	7.759614478059212e-07	3.141261549646375e-07
1.58	-0.2525978271670222	0.03120771461327081	0.8146762216494488	0.7926420543256846	-0.4174408000827279	-0.2758899713589499	-0.1869679005962783	0.6299234264836029	0.6299234264836973	-0.1444121922621298	-0.1316811357321687	0.1376759360396808	0.00813659117660138	0.5084053374407388	0.2300129181191705	0.408743811250963	-2.101663221999251	0.271285275533162	-0.6874033466902579	0.422194504575416	-2.032758171940237	-2.0327581719402	-0.1131971354742487	0.1498480222599035	-0.5779483768547632	-0.0004952432232277308	-0.09996372917379151	0.02847256569343143	-0.006044834728042345	-0.1908598987490241	0.02369893380192044	0.02618327644082248	0.1111489433125285	-23.52673818281784	-10.45500196900379	4.989453989864437	-3.3837178419097	-498.658806590812	-60.08780642805429	-32.60483422627782	0.09275424274077058	0.3367488782803379	-0.8976095680632131	0.4589184602006263	0.4862564558542196	0.3532518102729672	0.950077484747614	0.1435653400383162	0.1435653400383167	0.1043037682733992	0.1316246727093755	-0.07596043642932758	0.4746447264888131	2.608532773493041e-07	2.059781020550387e-06	-5.871363884567539e-07	3.956199994589664e-07	3.232416258375887e-07	7.639552660133237e-07	3.000879183707443e-07
1.59	-0.2475094457274576	0.03352422020956472	0.8187181161304523	0.7716504839657817	-0.4147049675091292	-0.2827473012478962	-0.1826999162466136	0.6096060308426989	0.609606030842771	-0.145540013858932	-0.1301787577314427	0.1318933138009208	0.008154074791307421	0.5091862961845087	0.2332336077488094	0.3995683672962536	-2.09631981249583	0.2758330464327577	-0.6839660841391946	0.4313028482953496	-2.030395628487378	-2.030395628487405	-0.1123617370275356	0.1506029216815002	-0.5784760094029088	0.003984360776322032	-0.09507473232121205	0.0267421142133127	-0.005801153872617647	-0.1882163911009717	0.02479436524494653	0.02523478974915344	0.1069831207223873	-23.08663559778887	-10.12640883864158	4.944235505990681	-3.206303936577206	-496.2714332735891	-60.21406271129624	-33.41533295850081	0.05803426814529414	0.3066229808695417	-0.9374660199643871	0.6216735857951813	0.4316114047640098	0.3536899533665812	0.8762852563086578	0.3313429293405121	0.3313429293306309	0.0742898355837346	0.04360213014744022	-0.02608239980098722	0.4331933815815581	2.323339880035813e-07	2.074933539364987e-06	-4.744037671967867e-07	4.077136678671239e-07	2.881182834719568e-07	7.394806975635511e-07	2.846237753172371e-07
1.6	-0.2424158011848647	0.0358713114972678	0.8226662653297511	0.7507222719789902	-0.4119251424269835	-0.2895673132161633	-0.1783438339716112	0.589322009452609	0.5893220094526593	-0.1466592550807238	-0.1286695948258501	0.1261084316895208	0.008216069474987724	0.5094579580462851	0.2361300564010027	0.3899947549099606	-2.088991547377117	0.2800837772424228	-0.6799397625543889	0.4398140896429801	-2.026083321777292	-2.026083321777386	-0.1114810604722829	0.1512050032336014	-0.5784003513828069	0.00840697057161211	-0.09018573546863132	0.02501166273319669	-0.005557473017181385	-0.1855728834529191	0.02588979668797394	0.02428630305748827	0.1028172981322454	-22.65651293544671	-9.798604455433132	4.902040272563522	-3.031800462922894	-494.0442621210315	-60.3895989294131	-34.18982693438783	-0.009105133657918761	0.2719006827912079	-0.9772432543799294	0.8558895832591108	0.4268484378680703	0.4710636170214249	0.8306570102870021	0.5335179914833483	0.5335179914833481	0.1133593899813174	0.1010610988102755	0.04469767722013544	0.4632458856368717	2.119241827643474e-07	2.096362533036155e-06	-4.014399167669844e-07	4.163116319762055e-07	2.674829514378758e-07	7.278914942748571e-07	2.745388352122891e-07
1.61	-0.237322049416174	0.03824573282828893	0.8265167983390512	0.7298772542514502	-0.4091043284003896	-0.2963442706997947	-0.1739057108587245	0.5690908947894517	0.5690908947894434	-0.1477694293604845	-0.1271552502663817	0.1203273858470219	0.008322029214252709	0.5092009095489498	0.2386981578946491	0.3800558632687828	-2.079677233620836	0.2840249218043373	-0.6753571549733414	0.4477028010194132	-2.019806706194908	-2.019806706194944	-0.1105455298469543	0.1516379742586659	-0.5777009366410265	0.01277648241465085	-0.08517633889965462	0.02299981838223698	-0.005387637352131117	-0.1832821601312144	0.02746461450212287	0.0232575766683457	0.09857562939790386	-22.08869661707704	-9.456286374333791	4.853218844533842	-2.94999755639117	-492.0293628529444	-60.55568964368767	-34.92283453747739	-0.04776792107555922	0.2409414711738728	-1.010555937182442	1.019376557510328	0.3694173597624238	0.4662863617551346	0.751818414097879	0.7246148278658677	0.7246148278745376	0.08521524080297969	0.01040220465970551	0.09881752917048311	0.4222327142810028	2.034758665821847e-07	2.127049327120758e-06	-3.871350033116746e-07	4.197534322441498e-07	2.68217434642832e-07	7.353082045987538e-07	2.723882194564661e-07
1.62	-0.2322336207751169	0.04064417049195101	0.8302662736683005	0.7091354145186136	-0.4062457689492941	-0.3030725167009939	-0.1693919325895182	0.5489325225793695	0.5489325225793015	-0.1488699352655984	-0.125637378576597	0.1145565849832436	0.008471369848076867	0.5083933325194437	0.240933322929195	0.3697832188997764	-2.068355948436644	0.2876328621426219	-0.6701974660679446	0.4549451209069029	-2.011534831162525	-2.011534831162503	-0.1095473855418507	0.1519104292959366	-0.5763513556387064	0.01708314948343508	-0.08016694233067044	0.02098797403128132	-0.00521780168710619	-0.1809914368095043	0.02903943231627388	0.02222885027920952	0.09433396066356646	-21.53085157160897	-9.114195722304418	4.806688353463135	-2.870369549786336	-490.1738539288214	-60.76992740981522	-35.60899207050731	-0.1192108400920658	0.2053133909710892	-1.043993799945642	1.257283868841449	0.3602075931420994	0.5864798818912845	0.7013787124983532	0.9325698814831248	0.9325698814831256	0.125882125936323	0.06895790125151645	0.1747309293280714	0.4506769307859676	1.89977535223422e-07	2.149597560836887e-06	-3.498308508574437e-07	4.229979154805449e-07	2.621881533517283e-07	7.30884313465376e-07	2.665323455300349e-07
1.63	-0.2271560959962547	0.04306323327461242	0.8339114502995695	0.6885169728815155	-0.4033527893529595	-0.3097464126788091	-0.1648090209492705	0.5288669726737869	0.5288669726737805	-0.1499599962100931	-0.1241176527283256	0.1088025717562703	0.008663521527476754	0.5070166426722476	0.2428172593220795	0.3592060377001051	-2.054987779114306	0.2909003516099885	-0.6644796942912297	0.4615192718877708	-2.001229696872318	-2.001229696872307	-0.1084602351524338	0.1520108536951033	-0.5743403631464431	0.02133180947040001	-0.07519073332777898	0.01896190262819158	-0.005095430369636566	-0.1787039241495129	0.03064192997359016	0.02106308580947735	0.09011768792508192	-20.98199708608905	-8.708472215198013	4.747107591163791	-2.739259362195078	-488.5150203836003	-60.88307198399619	-36.24303679541246	-0.1611938390739669	0.1707231790240287	-1.071443817059909	1.428223945275964	0.3003715151635727	0.5799467568145962	0.6177430026681081	1.131253721630649	1.131253721628983	0.1011550588507582	-0.02309922497890406	0.2309919998367896	0.4093370077985959	1.683726005548549e-07	2.1590812634352e-06	-2.756068673786328e-07	4.259256529557687e-07	2.453012501064242e-07	7.07453141045322e-07	2.547285571718389e-07
1.64	-0.2220951972722719	0.04549929330431805	0.8374494824114254	0.6680425410339108	-0.4004290644836246	-0.3163600267526068	-0.1601639058568567	0.5089148278148751	0.5089148278149297	-0.1510389809380153	-0.1225976594229058	0.1030720101723519	0.008897635101775712	0.5050681215434275	0.2443327723380397	0.3483543150171533	-2.039553990538129	0.2937819167425396	-0.658141085264395	0.4673858113401225	-1.988853821828468	-1.988853821828469	-0.1073321422267606	0.1519639207251437	-0.5716610270277268	0.02547552846323861	-0.07021452432488169	0.01693583122510421	-0.004973059052178934	-0.1764164114895176	0.03224442763090794	0.01989732133974901	0.08590141518660072	-20.44337482276398	-8.302900327743668	4.689771339335645	-2.608748824826354	-487.017846482921	-61.04069264622233	-36.82287077304482	-0.2335770964168064	0.1316287155862198	-1.098902096601752	1.670407719609521	0.2830227261790201	0.7106473319152361	0.5598564067951604	1.346718032211396	1.346718032211402	0.1340706331875859	0.0394864274262539	0.3083996546186402	0.429688731960699	1.574052704363609e-07	2.152273929891108e-06	-2.481149450139592e-07	4.181524479328457e-07	2.570205529567566e-07	6.992571997939048e-07	2.463188545149433e-07
1.65	-0.2170565475702005	0.04794863190212856	0.8408777820202323	0.6477325000939893	-0.3974784723141352	-0.3229071485691707	-0.1554639273624257	0.4890965784407388	0.4890965784407666	-0.1521065899429248	-0.1210787540585762	0.09737149443876861	0.009172613081690775	0.5025598579196568	0.2454694789105973	0.3372703013719492	-2.022099767561204	0.2962682517526944	-0.6511908836628356	0.4724859783476014	-1.974439977503019	-1.974439977503034	-0.1061754711624036	0.151783679578262	-0.5683268095094638	0.02950268440364542	-0.06521386925732298	0.01465796248423212	-0.004919593355237244	-0.1743476734751536	0.03400747387931246	0.0187578377055331	0.0816806217778528	-19.87129100405627	-7.913995428546738	4.63439969877763	-2.486304319514837	-485.8070904905449	-61.27476016148021	-37.35344123833679	-0.2747954959987644	0.09494623178366354	-1.118374931635715	1.836045370401088	0.2209741658996757	0.7012839627094086	0.466510467971933	1.542080511681156	1.54208051167911	0.1089108939650479	-0.05192358053748102	0.3632949350257205	0.3863286956566897	1.65053748280497e-07	2.116957283097804e-06	-3.024041295990359e-07	3.91652593538164e-07	3.188007164744579e-07	7.177229130876052e-07	2.438488018353246e-07
1.66	-0.2120460494044946	0.05040738848640328	0.8441941967059561	0.627607624540571	-0.3945051097390506	-0.329381952892033	-0.1507166644738703	0.4694331400856501	0.4694331400856522	-0.1531621431270077	-0.1195626799446766	0.09170779330728702	0.009487282555125154	0.4994378142702228	0.2462163696308818	0.3259773304005057	-2.002520913237591	0.2983359978614877	-0.643677586523951	0.4768426901649874	-1.957891618018789	-1.957891618018817	-0.1049209780618346	0.1513976706396961	-0.5642981066073774	0.03341382716709314	-0.06021321418976337	0.0123800937433595	-0.004866127658279892	-0.1722789354607911	0.03577052012771673	0.01761835407131621	0.077459828369106	-19.3039663979107	-7.525613325443333	4.580661189471222	-2.380102125328292	-484.6787291068423	-61.54042585649741	-37.83570397036882	-0.3563331015494871	0.0536655451315913	-1.140693561849638	2.095333988947305	0.199304945906711	0.8232664393803396	0.4111653687766203	1.773621063967697	1.773621063967704	0.1536350404299991	-0.001667130910608594	0.4472967313832752	0.4064860965688784	1.696597583207251e-07	2.077875536357211e-06	-3.446181611156327e-07	3.669358218081094e-07	3.728560981265955e-07	7.299807716088303e-07	2.399353197023014e-07
1.67	-0.2070697306834749	0.05287162642343604	0.8473967865269797	0.6076889257882869	-0.3915131724503271	-0.3357786783822628	-0.1459298052189639	0.4499456843257356	0.4499456843257283	-0.1542047732776564	-0.1180512756695923	0.08608777678373024	0.009840452308178737	0.4957230633909834	0.2465618671667447	0.3145168314284874	-1.980861802982418	0.2999756942364417	-0.6355682356118508	0.4803942535753166	-1.939236840231251	-1.939236840231249	-0.1035929220455546	0.1508535037983983	-0.5595883035366629	0.03719665280680175	-0.05523328360102166	0.01006880425391564	-0.004877281704572791	-0.1704022553720112	0.03764745505559296	0.01638807224339926	0.07326788061710923	-18.72756683452693	-7.096589555912679	4.51724762314427	-2.235501128598957	-483.9178618275447	-61.76058153576615	-38.27103225523273	-0.3945283556934405	0.01465550791781714	-1.152210674845015	2.254705668374533	0.1347236312297498	0.8198710503763192	0.3069157410315955	1.965764446828093	1.965764446832617	0.1245081873708026	-0.08537523183518747	0.5004169906484214	0.3603867927508482	1.684492857946581e-07	2.031595804423274e-06	-3.637473411777816e-07	3.456278845839596e-07	4.121435144475079e-07	7.30370672476793e-07	2.332623400848281e-07
1.68	-0.2021336559261637	0.05533725206584827	0.8504840748362897	0.5879975193634693	-0.3885071538682657	-0.3420912900367216	-0.14111147754718	0.4306556480058323	0.4306556480058166	-0.1552336994071123	-0.1165462298171419	0.08051837727002721	0.01023069151664524	0.4913890215284521	0.2464939107067766	0.302917028057786	-1.957062447744354	0.301152256528996	-0.6268548193696923	0.4831363735404665	-1.918407730016463	-1.91840773001643	-0.1021801738235219	0.1501259861132671	-0.5541747046366335	0.04082771824967043	-0.05025335301227863	0.007757514764471605	-0.004888435750854993	-0.168525575283232	0.03952438998346919	0.01515779041548197	0.06907593286511363	-18.15232667915215	-6.668659649171726	4.455490693156608	-2.116825201223628	-483.1856416031362	-62.0025925279892	-38.66151137976576	-0.4801912982078981	-0.02902525403461201	-1.168554441586209	2.523382985525565	0.1066781294267828	0.9440795053919692	0.2492766797407793	2.208487549417767	2.208487549417768	0.1705734815805788	-0.03833729967730532	0.5880558972462028	0.3761340572008888	1.682694613504277e-07	1.979580328771439e-06	-3.852831077238771e-07	3.22952086227875e-07	4.550473326717038e-07	7.31026597476864e-07	2.264712027579683e-07
1.69	-0.1972438994936729	0.0578000994512659	0.8534548174283465	0.5685545517246433	-0.3854916946261228	-0.3483136589544832	-0.1362700348647473	0.4115845809648166	0.4115845809647909	-0.1562481594490178	-0.1150491883996341	0.07500654558612879	0.01065644563873064	0.486454424593824	0.2460027937617778	0.2912183738702914	-1.931164917895957	0.3018560867622106	-0.6175221960775961	0.4850108546743068	-1.895431981215802	-1.895431981215787	-0.1006969517442103	0.1492461627515812	-0.5480721262051897	0.04429407516615112	-0.04527883282450094	0.00533419542370768	-0.004970400072524516	-0.1669149559307496	0.04151469736146311	0.01391587336905904	0.06490417905824848	-17.56921339827494	-6.234853549659938	4.39028131073348	-1.962596773958287	-482.8748031269721	-62.27926047231568	-39.00981399169622	-0.5163224787961125	-0.07001488463204224	-1.172380239224266	2.677815123446932	0.03951465960551925	0.9425713686206143	0.13533758946228	2.398130185643903	2.398130185641195	0.1396995897830867	-0.1183658067268513	0.639340190642238	0.3272852091221902	1.702475563275427e-07	1.915555639710254e-06	-4.118576647207353e-07	2.974123286268021e-07	5.055229923808996e-07	7.322395105035364e-07	2.194326727270805e-07
1.7	-0.1924067347480694	0.06025586367325365	0.8563082016121497	0.5493815348120911	-0.3824717412437801	-0.3544397581138237	-0.1314140866191249	0.3927544737398567	0.3927544737398228	-0.1572472866663903	-0.1135620574062113	0.06955933596145454	0.01111594307003097	0.4808706841509618	0.2450772780208011	0.2794453464070685	-1.903072302489556	0.3020510845688946	-0.607600867685414	0.4860374861784117	-1.870215766804997	-1.870215766805001	-0.09911360891783301	0.1481439012973907	-0.541250292791795	0.04757638009265318	-0.0403043126367287	0.002910876082941766	-0.005052364394164983	-0.1653043365782725	0.04350500473945573	0.0126739563226327	0.06073242525137997	-16.98312536955335	-5.802559842017727	4.326446571798781	-1.844818609194299	-482.5314400847632	-62.56657086908692	-39.31915356107659	-0.6100199998547321	-0.1159050132301989	-1.183429096731872	2.962400097126295	0.00491164412065591	1.061820525409117	0.07970675379372576	2.656580671446349	2.656580671446433	0.190597630993729	-0.08282491817821598	0.7319068936363684	0.3393236592051607	1.728455682667906e-07	1.847619067069069e-06	-4.397483408073834e-07	2.713408666707421e-07	5.574290700912847e-07	7.334975319612217e-07	2.124018696958893e-07
1.71	-0.1876284525976112	0.06270018068241687	0.8590436447960733	0.530500015542398	-0.3794523810132547	-0.360463512816924	-0.1265524536293756	0.3741874262763072	0.3741874262762754	-0.1582302110422142	-0.1120867477696447	0.06418381608181462	0.01160729490125345	0.4746776943808993	0.2437108538177114	0.267641692011312	-1.872865459550894	0.3017306208658481	-0.5970497417725036	0.4861364793424724	-1.842816442726053	-1.842816442726048	-0.09745674434175361	0.1468832056389967	-0.5337341579634056	0.05065890581292903	-0.03532491518465853	0.0003819268132932837	-0.00521009414907201	-0.1640396717159283	0.04564682354657719	0.01143505037066651	0.05657596063819664	-16.38163760820182	-5.37117711537727	4.259222997467146	-1.691936287546957	-482.6883152410738	-62.90589869491065	-39.59316271212564	-0.6401974518203913	-0.1582567286564311	-1.178942923916229	3.104696528917595	-0.06424794814769653	1.067003365679362	-0.04789926661509904	2.838160681102475	2.83816068110366	0.1556470612981833	-0.1530644643746205	0.7794456350370725	0.2872401549421679	1.76869389218944e-07	1.770685162193882e-06	-4.706660908005481e-07	2.440464846982114e-07	6.126251092044049e-07	7.348593028102365e-07	2.053888387640004e-07
1.72	-0.1829153521421011	0.0651285843285876	0.8616610295734554	0.5119315387294278	-0.3764389699338856	-0.366378707312606	-0.1216944096808511	0.3559056825345432	0.355905682534514	-0.1591960835341971	-0.1106251196046063	0.05888705332197793	0.01212837661497937	0.4678343451613015	0.241894605422303	0.2558336650988067	-1.840463811144969	0.3008612543375867	-0.5858888262016992	0.4853196779334386	-1.813155022447747	-1.813155022447734	-0.09570323215034877	0.1454076069924177	-0.5254988688311425	0.05352235659333978	-0.03034551773259568	-0.002147022456357902	-0.005367823903962231	-0.1627750068535892	0.04778864235369677	0.01019614441869591	0.05241949602500923	-15.77285579899208	-4.941761770257466	4.193102519739031	-1.585912926289372	-482.7485396721747	-63.24428439042386	-39.83580744732296	-0.7400918897618005	-0.2058698516939455	-1.184303600081658	3.401361190579081	-0.1048689209223103	1.183778456987892	-0.1034521608251972	3.108999911318882	3.108999911318833	0.2099271540588258	-0.12580551581522	0.8757377544111097	0.2955086712321365	1.733559349859047e-07	1.694627646327722e-06	-4.722465656531206e-07	2.218608560216089e-07	6.440694212104965e-07	7.200385553942756e-07	1.955835192809394e-07
1.73	-0.1782739517026188	0.06753655130972752	0.8641604184919058	0.4936981288610753	-0.3734369433170085	-0.3721792224682048	-0.1168491775213551	0.3379319254972071	0.3379319254971748	-0.160143726482543	-0.1091792440231825	0.0536762736474855	0.01267710233670577	0.4603380360677483	0.2396212741630023	0.2440535368690005	-1.805852181925186	0.2994461159158623	-0.5741084164687861	0.4835650877208587	-1.781215164026814	-1.781215164026789	-0.09381365949448478	0.1437341925022042	-0.5165380343023536	0.05618036651142549	-0.02539568326329027	-0.004700904854350789	-0.005594539068508717	-0.1618144550502403	0.05002149202606544	0.008946188644904499	0.04830513773464198	-15.16941480384464	-4.503958095350979	4.122611904966167	-1.428595832100393	-483.3229361038207	-63.61075117496345	-40.049707995732	-0.7706094381336719	-0.2496510949530493	-1.17333588035138	3.545914677023192	-0.1747032285963563	1.191199692719958	-0.2357123881897221	3.293628707078465	3.293628707080251	0.1804526039393214	-0.1932284479491598	0.9241546930583903	0.2443759418463286	1.507301043904126e-07	1.620792402591596e-06	-3.994360928277637e-07	2.126295660596814e-07	6.152861394809085e-07	6.641835652349843e-07	1.786977538288351e-07
1.74	-0.1737107561578681	0.06991946771189347	0.8665423124388739	0.4758218054627892	-0.3704520414695083	-0.3778587280342191	-0.112026341251328	0.3202889970239986	0.3202889970239645	-0.1610720776478088	-0.10775112639313	0.04855868199647005	0.01325109391556294	0.4521933662149314	0.2368844896275093	0.232334670802342	-1.769046517131594	0.2974363004621842	-0.5616869082847956	0.4808405000396649	-1.746989309621963	-1.746989309621927	-0.09184487553505538	0.1418560167190009	-0.50686126413574	0.05857552801949287	-0.02044584879399278	-0.007254787252345234	-0.005821254233033903	-0.160853903246897	0.05225434169843261	0.007696232871110184	0.04419077944426929	-14.55912614310625	-4.067734534219083	4.052809561300151	-1.311903610700191	-483.8041271904501	-63.97101944885603	-40.2317038426652	-0.8697640416145447	-0.2985605069324275	-1.1720511674521	3.840168305340645	-0.2238043273130742	1.311998147203373	-0.2974516545479548	3.56619910810238	3.566199108102416	0.2257694147719135	-0.1667577744131994	1.018924881976083	0.2429389892284673	1.302774346193068e-07	1.543895051101734e-06	-3.343622766829212e-07	2.020214654448921e-07	5.908775318066334e-07	6.112411269914005e-07	1.625579839059962e-07
1.75	-0.1692322508543085	0.07227267963436539	0.8688074256196728	0.4583245582500263	-0.3674901613384564	-0.3834107856555342	-0.1072357022303869	0.3029997935875721	0.3029997935875482	-0.1619801515984006	-0.1063427378554696	0.04354145706978241	0.01384781236136909	0.4433957303525478	0.2336784377355136	0.2207068322015651	-1.730028312438108	0.2948356141804339	-0.5486211089410384	0.4771193541591797	-1.710460641200187	-1.710460641200135	-0.08975420138660917	0.1397814110651162	-0.496463271448093	0.06072122435112574	-0.01548559888925945	-0.009878632416638854	-0.006124105246508403	-0.1602303931690722	0.05465364121649308	0.006464704064711571	0.04008723993242746	-13.92689566365476	-3.639691860882435	3.98012555002363	-1.171661348618826	-484.7688378796894	-64.38810782876078	-40.38212876989758	-0.9016100611199475	-0.3435107835253383	-1.155206266691833	3.988793107869895	-0.2939822435048618	1.319527716008947	-0.434638553181281	3.754783604230799	3.754783604233115	0.2032780094953584	-0.2339562468209232	1.068341319618156	0.193153712869184	1.159263317782094e-07	1.458400243226385e-06	-2.910106119872163e-07	1.875477041509136e-07	5.787516628261223e-07	5.664762383573035e-07	1.48512739892249e-07
1.76	-0.1648450912498866	0.07459145438727893	0.8709568492024037	0.4412287223955013	-0.3645574443632016	-0.3888290539058024	-0.1024873131679274	0.2860875934143652	0.2860875934143524	-0.1628668064885811	-0.1049563242315414	0.03863183304146304	0.01446454152203928	0.4339242263873776	0.2299970557158356	0.2091967511887334	-1.688764245483928	0.2916036693027301	-0.5349290340753995	0.4723905083433946	-1.671588656977788	-1.671588656977721	-0.08756106345358783	0.1374610339734387	-0.4853410844620798	0.06257767099229807	-0.01052534898453592	-0.01250247758093499	-0.006426956259962109	-0.1596068830912545	0.0570529407345511	0.005233175258308425	0.03598370042057981	-13.28733220191925	-3.212961105992497	3.907683604932095	-1.068050586049986	-485.6302770170454	-64.79286564095334	-40.50177717549998	-1.00453766217184	-0.3936265324688776	-1.148499649863068	4.289340757479503	-0.3500560465037702	1.437253251579697	-0.4989916416079034	4.034862268226733	4.034862268226728	0.246262171686947	-0.2159120619717857	1.163763741649319	0.1850890511363508	1.034049799007601e-07	1.367436466639724e-06	-2.53884359454613e-07	1.715491503880575e-07	5.699021450477495e-07	5.236819485830508e-07	1.348556996521424e-07
1.77	-0.1605559304907822	0.07687103133598008	0.8729918657293565	0.4245566664481781	-0.3616601542024002	-0.3941070851813773	-0.09779142737746617	0.2695757798313678	0.2695757798313718	-0.1637308922727789	-0.1035941055572439	0.03383704919932027	0.01509846008017848	0.4237943639999903	0.2258378466403825	0.1978341936303357	-1.645266927373572	0.2877451583452552	-0.5205718259680026	0.4666113761805443	-1.630375055441362	-1.630375055441325	-0.08523607883640462	0.1349397466540249	-0.4734934131067669	0.06415585419268077	-0.005567819895601179	-0.01518009873282571	-0.00680138748418334	-0.1593037849527028	0.05961751081823136	0.004035934177704812	0.03190162269118223	-12.62463896936916	-2.801230060960584	3.833130161560295	-0.9507829349941743	-486.9646162567619	-65.26151110400656	-40.59147924134516	-1.034292365234785	-0.439114275478053	-1.125873420226262	4.43688934726729	-0.4202711232813305	1.450871926479656	-0.6436650388465038	4.224437176776064	4.224437176771502	0.228790295915589	-0.2767694948466405	1.213640384825541	0.1364946458251085	9.660159978471102e-08	1.259382162830217e-06	-2.362125199317021e-07	1.507856201599592e-07	5.712912247760583e-07	4.870457802458121e-07	1.224117962046625e-07
1.78	-0.1563714847231941	0.07910660695784784	0.8749141087584457	0.4083309760838489	-0.358804753651756	-0.3992383609086463	-0.0931585911156782	0.253488067879819	0.2534880678798397	-0.164571093472967	-0.1022584062417269	0.02916441638120129	0.01574662280858868	0.4129812280840987	0.221196790349154	0.1866420516160113	-1.599491128885066	0.2832257472713013	-0.5055779244142075	0.4597806026087768	-1.586768330687917	-1.586768330687911	-0.08278414665195816	0.1321571622177924	-0.4609108796573235	0.06542650504649865	-0.0006102908066720445	-0.01785771988471663	-0.007175818708393808	-0.1590006868141547	0.06218208090191066	0.002838693097100275	0.02781954496178043	-11.95325433435201	-2.390647426431489	3.758334226380625	-0.8681904643629599	-488.1730409909812	-65.71045184086005	-40.65212189520076	-1.14119236787268	-0.4899959756239359	-1.114416541048446	4.74503683310962	-0.4822360697995616	1.564591940859316	-0.709319923391328	4.513486911630576	4.513486911630388	0.2716516851396044	-0.268171485335545	1.310736160475404	0.1235825818233807	9.141044230554106e-08	1.148955408090189e-06	-2.23162063533049e-07	1.292356397023702e-07	5.759219660207648e-07	4.52782373623194e-07	1.104449330559761e-07
1.79	-0.1522984512819354	0.08129336403921814	0.8767253824519136	0.392574218691866	-0.3559978340762148	-0.4042162530016223	-0.08859954510400818	0.2378482283762842	0.2378482283762959	-0.1653861410771384	-0.1009515197995411	0.0246212259929672	0.01640595479284002	0.4015079731067727	0.2160735549549114	0.1756474531630795	-1.55147401329304	0.2780420150218448	-0.4898947660508022	0.4518488246140804	-1.540793764871224	-1.540793764871216	-0.08020707439099668	0.129172273643704	-0.4476048977907929	0.06638317655080965	0.004343429371871387	-0.02059088296873987	-0.007617567654752231	-0.1590219231528482	0.06492203717368603	0.00169177006970245	0.02375877882969758	-11.25377825073544	-2.002156385178194	3.681713561766115	-0.7775505016984318	-489.8376785855684	-66.23277510832101	-40.68472093387008	-1.168055705281181	-0.5356308588313076	-1.08664565509132	4.887966908193221	-0.5539745965913376	1.586128538112653	-0.8620730041602821	4.700293802732976	4.700293802733405	0.2536105903776228	-0.3209067823721233	1.358899202153269	0.07308030838794069	9.186206405544752e-08	1.030225075093339e-06	-2.262864480692968e-07	1.049330834415644e-07	5.918985225728623e-07	4.26823633001747e-07	1.001477109530663e-07
1.8	-0.1483436831189736	0.08342646005914466	0.878427777329317	0.377309216052992	-0.3532462583819826	-0.4090341233601579	-0.08412521012561548	0.2226803050081244	0.2226803050081272	-0.1661748428399369	-0.0996759340908844	0.02021476942388069	0.01707312766686507	0.3893281724247026	0.2104645780604003	0.164866288403115	-1.501140178263248	0.2721569710094834	-0.4735735775261361	0.4428383959533238	-1.492385103612756	-1.492385103612744	-0.07751497837790722	0.1258970155125504	-0.4335641158278068	0.06699468300123974	0.009297149550410184	-0.0233240460527649	-0.008059316601096966	-0.1590431594915468	0.0676619934454593	0.0005448470423012423	0.01969801269761299	-10.5433767310905	-1.614760381998679	3.604334046482772	-0.7216891326015077	-491.341161399991	-66.72683778575714	-40.69043067242177	-1.282501508821491	-0.5871442756776417	-1.071729802454973	5.208380720662841	-0.6224984223805211	1.692197973111472	-0.9250500566033458	5.000305999985815	5.000305999985846	0.2946564355652129	-0.3262453967485616	1.457696179766532	0.0545495710471886	9.354665416778704e-08	9.103892014839849e-07	-2.322168541479848e-07	8.015090087636429e-08	6.110802297221749e-07	4.026305426663054e-07	9.020011792077044e-08
1.81	-0.1445139948722712	0.08550104575587962	0.8800235286711151	0.3625587500796835	-0.3505569849879298	-0.4136852572090393	-0.07974672162219844	0.2080083681182024	0.2080083681182003	-0.1669360194627419	-0.09843411859535689	0.01595230459196407	0.01774471019254314	0.376490553895526	0.2043710195095794	0.1543246214109589	-1.44855917046616	0.2655792273983731	-0.4565471502511464	0.4326718749998024	-1.441587370002298	-1.441587370002325	-0.07469413280297749	0.1224138708288015	-0.4188045397795254	0.06726475013285972	0.01423460815327747	-0.02607034336374391	-0.00856064308514779	-0.1593833600163951	0.07058437344534399	-0.0005596101483716074	0.01566417707271925	-9.802106237077309	-1.24610294234365	3.52410515845134	-0.6602724570063808	-493.2902516017101	-67.28033813887372	-40.67060995796197	-1.302262347412333	-0.6326865818097945	-1.039155134453776	5.342015509689941	-0.6932569313126385	1.723851531920144	-1.090567574248171	5.181727772073904	5.181727772068159	0.279815544947773	-0.3672574087495107	1.50375471233107	0.004595985557741647	1.001014693117372e-07	7.861864424552442e-07	-2.49231045319311e-07	5.347419440880688e-08	6.429222817304876e-07	3.854117709605855e-07	8.163355971739949e-08
1.82	-0.14081625687535	0.08751225087970128	0.8815151093456202	0.3483459051244373	-0.3479370579501554	-0.4181629294997252	-0.07547552122022104	0.1938568527104844	0.193856852710477	-0.1676681842444993	-0.09722871622757998	0.01184116879952468	0.01841726552980508	0.3629381224684854	0.1977884634777455	0.1440321549444873	-1.393615974650743	0.2582876997538083	-0.4388812658870596	0.4213807756654149	-1.388300807171915	-1.38830080717198	-0.07171261016841084	0.1186143899625948	-0.4032983079323589	0.06718924531801326	0.01917206675614434	-0.02881664067472197	-0.009061969569194275	-0.1597235605412448	0.07350675344522839	-0.001664067339043607	0.01163034144782493	-9.046749312143442	-0.8787135901135539	3.442710365616892	-0.6365194866041204	-495.0297309419976	-67.79568226501013	-40.62681085821053	-1.425464088394319	-0.6849437718802456	-1.021889697318068	5.680818324328682	-0.7652552290714116	1.820089390930895	-1.149965732776527	5.498071843970839	5.498071843970871	0.3267918474926052	-0.3895126332401043	1.607027339543538	-0.01456481824610283	1.078177268346822e-07	6.634044533941774e-07	-2.691739481109769e-07	2.682519051510144e-08	6.781098055695358e-07	3.708346597236238e-07	7.362572952512744e-08
1.83	-0.1372572883342332	0.08945521480212129	0.8829051045827577	0.3346936739987622	-0.3453936135128048	-0.422460350376238	-0.07132324748110229	0.1802501672185132	0.1802501672185069	-0.1683699201869079	-0.09606235570406985	0.007888645641302863	0.01908724113165972	0.3487308284600897	0.1907236517990075	0.1340108812746931	-1.336428628303995	0.2502760631095684	-0.4204962716405166	0.4088870777500977	-1.332614905573445	-1.332614905573472	-0.06861367383820688	0.1146007292999379	-0.3870817483306209	0.06674231939025418	0.02407091015475372	-0.03155216948109675	-0.009615066021457763	-0.1603979403853654	0.0766460583902453	-0.002735893209076322	0.007642661838842425	-8.248814219804149	-0.5270242659290424	3.357048009776536	-0.6165115876615542	-497.2021418361765	-68.35400693896743	-40.56083868138352	-1.437098094177171	-0.729354634337428	-0.9854937882291466	5.797925453848968	-0.8379196788139548	1.863776205143972	-1.327105982126241	5.667044459817411	5.667044459823138	0.3046182117146896	-0.415917241003168	1.647672475472188	-0.06932384956371954	1.207604750631042e-07	5.47015929187642e-07	-3.022960531941708e-07	3.008482037298749e-10	7.283519526468921e-07	3.681450205960731e-07	6.813217538280019e-08
1.84	-0.1338441399406234	0.09132510965406057	0.8841962375659136	0.3216253628693549	-0.3429340458012393	-0.4265707069575598	-0.06730151755338012	0.167212979770934	0.1672129797709281	-0.1690400320288286	-0.09493785667882931	0.00410202852009508	0.01975083400033218	0.3337740929670949	0.1831746493816023	0.1242597041481334	-1.276831975397204	0.2415123545967821	-0.4014684068488545	0.3952720133861022	-1.27440119829368	-1.274401198293669	-0.06538779007078699	0.1102420903082934	-0.3701171005295528	0.06591269868157872	0.02896975355336548	-0.03428769828747197	-0.01016816247373019	-0.1610723202294839	0.0797853633352622	-0.0038077190791094	0.003654982229861785	-7.432456734003509	-0.1770490183743301	3.269932946562579	-0.640975482642453	-499.0999707014487	-68.86248214514058	-40.47502750041746	-1.575352385314137	-0.7817819196137089	-0.9678703886711781	6.162679636337112	-0.9156696027806509	1.948663499954683	-1.374239022512195	6.003632980229976	6.003632980229871	0.3521813349358018	-0.4585082990376293	1.756644979409538	-0.09110377442938056	1.345286524714383e-07	4.318949206862365e-07	-3.369699964874626e-07	-2.623448007606116e-08	7.821430220392361e-07	3.671821815351202e-07	6.297932659103605e-08
1.85	-0.1305837593998913	0.09311712841492145	0.8853913097817723	0.3091640809560489	-0.3405658177172238	-0.4304871027240071	-0.06342219847364776	0.1547698327512345	0.154769832751229	-0.1696774353473185	-0.09385796179662784	0.000488518318957278	0.02040412509098375	0.3181767706573491	0.1751487364837968	0.1148004623328287	-1.21501518020035	0.2320070649482223	-0.3817015449607409	0.3803962138342937	-1.213797439341916	-1.213797439341969	-0.06206595446159197	0.1056776192991127	-0.3524579230673759	0.06468272006363651	0.03382426053722504	-0.03704150136947056	-0.01076441064420956	-0.1621140244378368	0.0831324415490152	-0.004804668112465352	-0.0002911396678069985	-6.574796634907248	0.140184974229461	3.180030659769447	-0.6628111324632334	-501.4255266565925	-69.45068333423497	-40.37310779323219	-1.570721938064323	-0.8250660526307476	-0.9279093145811128	6.252564954588127	-0.9868820613612733	2.007155147645052	-1.573588730412947	6.153350960856011	6.153350960846421	0.3262138646554023	-0.4643863100027011	1.789619816336931	-0.1483547528732504	1.525787437505664e-07	3.233491499051925e-07	-3.796941004956377e-07	-5.282679806702817e-08	8.543441259405799e-07	3.751771178196427e-07	5.9593886805318e-08
1.86	-0.1274831120391087	0.09482647403125097	0.8864931979321538	0.2973332440933576	-0.3382964272127873	-0.4342025383486922	-0.05969750505121279	0.1429456440426944	0.1429456440426861	-0.1702808144715652	-0.09282550558614619	-0.002944586970215692	0.02104323442597657	0.301827456977224	0.1666400204753299	0.1056228910526807	-1.150742965274352	0.2217448386809587	-0.3612763784964134	0.3643468819265732	-1.150609536061896	-1.150609536062014	-0.05858295122263558	0.1007543559641557	-0.3340361181365926	0.06307634754982966	0.03867876752108568	-0.03979530445147254	-0.01136065881469495	-0.1631557286461944	0.08647951976276404	-0.005801617145827363	-0.004237261565469146	-5.692858358668298	0.4549846991806046	3.088441797597872	-0.7423794818000334	-503.3915039675683	-69.97430653616395	-40.25781621586572	-1.72575065938999	-0.8783425417459821	-0.9115362816398089	6.653763582165936	-1.067056926521401	2.080324415197452	-1.608945493694598	6.520461845881134	6.520461845881036	0.3844148608880829	-0.5302667641929026	1.909170473130825	-0.1663825536023105	1.698098117417904e-07	2.178031370852616e-07	-4.196383660803151e-07	-7.831815312653842e-08	9.231854744357234e-07	3.820572106710624e-07	5.620515046295873e-08
1.87	-0.1245491443306144	0.09644836982580562	0.8875047969363834	0.286156334684651	-0.3361333734421182	-0.4377100315195883	-0.05613980979856692	0.131765441873855	0.1317654418738516	-0.1708487565030292	-0.09184340658231688	-0.006189965682346407	0.02166430313390717	0.2848409612614852	0.1576604173351227	0.0967422700232539	-1.084226746212274	0.2107389398871872	-0.3401134128301401	0.3469910596573607	-1.084995307056869	-1.084995307056885	-0.05497735153240878	0.09560242112337954	-0.3149114021525292	0.06107468082177758	0.04344454522570859	-0.0425850020463066	-0.01198877627834888	-0.1645790736816563	0.09002205919080827	-0.006683392178003611	-0.008107120079187392	-4.771890746136057	0.7209874578412553	2.995429326098657	-0.8195535011401976	-505.7853205630561	-70.60702836601119	-40.13187507031442	-1.703873053781799	-0.9196000957409929	-0.8693181392361481	6.712387490169256	-1.136367497909842	2.150684909524093	-1.829066935304325	6.647232064990679	6.647232065006009	0.3528040139888771	-0.5171882592904894	1.933366603085563	-0.2264228405492069	1.820682383421682e-07	1.304699404578014e-07	-4.427050412366151e-07	-9.712509038791892e-08	9.716283079646528e-07	3.821686112500734e-07	5.279639931242063e-08
1.88	-0.1217887963845011	0.09797810340984163	0.8884289911051905	0.2756569547509537	-0.3340841808878081	-0.4410026145803856	-0.05276170603696721	0.1212544477225035	0.1212544477225049	-0.1713798082394139	-0.09091473320994439	-0.00924024834622824	0.02226348235292874	0.2671035045011074	0.1482075783716061	0.08814192396814187	-1.015237070272578	0.1989725954092226	-0.3182943564765947	0.3284285837173579	-1.016767932564759	-1.016767932564672	-0.05120489220622591	0.09006922967178296	-0.2950169084868084	0.05869844976802376	0.04821032293034333	-0.04537469964113789	-0.01261689374202416	-0.1660024187171078	0.0935645986188562	-0.00756516721017443	-0.01197697859290034	-3.821065329040574	0.9838760566746224	2.90049917496754	-0.9667867976116832	-507.7390567885883	-71.160405093283	-39.99811242680988	-1.87594286831778	-0.9729897064078744	-0.8554812867768462	7.14845495768961	-1.21914606336004	2.211542552651874	-1.850276227852685	7.04309094329767	7.04309094329777	0.4177867880793086	-0.6065180863569851	2.063126009462301	-0.2412954187426577	1.93918280884314e-07	4.609722868584405e-08	-4.649761930141387e-07	-1.150821035558718e-07	1.018033001571023e-06	3.823752945496189e-07	4.956854462638972e-08
1.89	-0.119209000231236	0.09941100580317414	0.8892686329372661	0.2658586280484087	-0.3321564173121874	-0.444073299684965	-0.04957591121386713	0.1114377870550906	0.1114377870550925	-0.1718726793985958	-0.09004254357331117	-0.01208813925946347	0.02283683459943205	0.2487238309609103	0.1382964070398558	0.07982788726492324	-0.9440108564331178	0.1864485101171789	-0.2957288175115868	0.3085295079093144	-0.9461298776862413	-0.9461298776862115	-0.04735472095415623	0.0843086137099905	-0.2744358796924464	0.05590238820694337	0.0529015397275967	-0.04831319387180791	-0.01327704199383455	-0.1679146655949403	0.09737880866792467	-0.008267366815519176	-0.01578394428585055	-2.802780175464331	1.168672292197482	2.804644500297468	-1.125023710615276	-510.0930536499874	-71.88378164206357	-39.85944990851645	-1.838763356117688	-1.011682331007808	-0.8129325204868321	7.172334754302243	-1.288724954987015	2.296211941667933	-2.089854206270749	7.139302058972572	7.139302058964038	0.3707552798553068	-0.5699218622438265	2.074410242343693	-0.3091367430506637	2.028075390042798e-07	-1.68119678837296e-08	-4.81479800295536e-07	-1.268771670464765e-07	1.049661180738843e-06	3.832727775730404e-07	4.765218930803551e-08
1.9	-0.1168169575652224	0.1007424961862994	0.8900264208706312	0.2567850895157046	-0.3303578316280592	-0.4469148989252454	-0.04659513333864534	0.102340534796233	0.1023405347962315	-0.1723266242480371	-0.0892297777985238	-0.01472645609917092	0.02338015118667256	0.2295528070508343	0.127925176330148	0.07177114422599938	-0.8702794363045344	0.1731370171107174	-0.2724771836168711	0.2874251941416465	-0.8728862508539713	-0.8728862508539988	-0.0434196302587069	0.07818445730206013	-0.2531020937812626	0.05269131791546525	0.05759275652485289	-0.05125168810248203	-0.01393719024566019	-0.1698269124727749	0.1011930187169893	-0.00896956642087045	-0.01959090997879279	-1.748735541482276	1.349617917315896	2.706650272224219	-1.367879274971008	-511.9232194054329	-72.51209885963935	-39.71886598326366	-2.03421294229355	-1.06500158199939	-0.8040225539178887	7.649496215514218	-1.376627606243578	2.348761538593428	-2.091323819777599	7.564205334048222	7.564205334048151	0.4347706767552542	-0.6792261755845724	2.213677432826671	-0.3242971648222042	2.108592706309252e-07	-7.822215899899783e-08	-4.956446236307777e-07	-1.380055987563988e-07	1.077796637105098e-06	3.827103013721387e-07	4.558736638262994e-08
1.91	-0.1146198290113057	0.1019680241254412	0.8907049645783501	0.248460103325424	-0.3286961274445448	-0.4495201869850479	-0.04383226617463361	0.09398780011893387	0.09398780011893315	-0.1727408653070689	-0.08847936336295197	-0.01714802040661595	0.0238892676320077	0.2097479985582592	0.1171044077245752	0.06397368087722718	-0.7942933325682456	0.1590797786765363	-0.2484658101115964	0.2649320320987591	-0.7972125113505457	-0.7972125113505577	-0.03939702386275631	0.07183440509748228	-0.231079006585774	0.04907404400045769	0.06210613389777656	-0.05447164703527996	-0.01459837278649177	-0.1721047773029385	0.10497338279747	-0.00927556330051124	-0.02327093683798266	-0.7149201472934567	1.373624059655025	2.620438664607099	-1.572169103465382	-514.1234590328238	-73.4898947286415	-39.57935204685285	-1.972345586098901	-1.102044661230335	-0.7619812643465201	7.636860380878386	-1.438809922471555	2.44458723215878	-2.360743380825324	7.636176429080328	7.636176429082736	0.3906542560968567	-0.6225663253026754	2.216396750128289	-0.3890514626001881	2.11457016467018e-07	-1.262912015709462e-07	-4.889942698452322e-07	-1.432010076182473e-07	1.074846860537425e-06	3.691541880747599e-07	4.220118175446715e-08
1.92	-0.1126244946989869	0.1030830583462486	0.8913066590447833	0.2409077167581456	-0.3271787032374656	-0.4518819089146649	-0.04130081682790677	0.08640524647078621	0.08640524647078689	-0.1731139505751244	-0.08779438376590984	-0.01934539936466243	0.02436048954664072	0.1891939587313087	0.1058264326632475	0.05640129596886401	-0.7157595117042679	0.1442810218237081	-0.2237639575797499	0.2411416306846297	-0.718850045023496	-0.7188500450234913	-0.03518847206353026	0.06509748959657342	-0.2082650239015521	0.04511241177504363	0.0666195112707096	-0.05769160596807765	-0.01525955532731059	-0.1743826421331045	0.1087537468779492	-0.009581560180152706	-0.0269509636971628	0.3606402549624841	1.392959816205953	2.531957332800089	-1.877228284768679	-515.7166902922496	-74.35620952308565	-39.4439076892661	-2.184059209168625	-1.156442873150397	-0.7590068658360822	8.159039641052042	-1.524931289972971	2.486857343907788	-2.350771694025981	8.101950698773043	8.1019506987732	0.4719597574103605	-0.7565988348507743	2.371856530573335	-0.3931688269035029	2.114662689664285e-07	-1.714861344041156e-07	-4.817264111997391e-07	-1.475453755543251e-07	1.068485737836753e-06	3.555910516878528e-07	3.897465943450084e-08
1.93	-0.1108378224682792	0.1040831168777969	0.8918337451916502	0.2341520255193703	-0.3258129249157115	-0.4539928816069242	-0.03901443432359891	0.07961860147568844	0.07961860147568862	-0.1734445013237314	-0.08717803198223717	-0.02131114461053437	0.02479015675089231	0.1680082009557821	0.09411359487511599	0.04904207418167837	-0.6349534852768032	0.1287468753652274	-0.1983163059724897	0.2159212693584814	-0.6380376331619143	-0.6380376331619211	-0.0309125425816971	0.05810950537787267	-0.1847562881290211	0.04075590789274883	0.07101450904487089	-0.06026733194227147	-0.0159557811568856	-0.1772876248186185	0.1133730560853303	-0.01044074545308997	-0.03053930711843638	1.660692599230928	1.617546729815115	2.405832316725804	-2.216757294325082	-517.6378909379781	-74.72499459647244	-39.3154490058816	-2.105669618023821	-1.189483486634658	-0.7202625400517783	8.105195219304926	-1.586751849358877	2.590924286314031	-2.639708474666512	8.137077307095044	8.137077307093222	0.4066933101920188	-0.6794637759586747	2.359549777535842	-0.4665784205474193	2.04781409761078e-07	-1.839880689586738e-07	-4.67434434772342e-07	-1.422091529597621e-07	1.023320552873218e-06	3.41948027657562e-07	3.756429587026943e-08
1.94	-0.109266974926583	0.1049638911804659	0.8922880625796668	0.2282171567600128	-0.3246063071636571	-0.4558459367396757	-0.03698666345710404	0.07365331877465549	0.07365331877465682	-0.1737320360241967	-0.086633473152868	-0.02303796896329247	0.02517432146598996	0.1460290209290893	0.08196958688738742	0.04184754419880492	-0.5515950158208885	0.1124489078838164	-0.1721804456780737	0.1894193031220415	-0.5545775862105596	-0.5545775862105786	-0.02658526243497495	0.05073889873601424	-0.1604808452787756	0.03601191394425584	0.07540950681904816	-0.06284305791646404	-0.01665200698645193	-0.1801926075041246	0.117992365292715	-0.0112999307260239	-0.03412765053970086	3.008223907305894	1.835600240551745	2.278715743909812	-2.673402583358483	-518.8683719816789	-74.96768760909177	-39.19683759967637	-2.342743659401878	-1.242676913069816	-0.7260685049736414	8.66952824674201	-1.677695494559015	2.624499081338918	-2.607092676084307	8.631477716727668	8.631477716727682	0.4822298903881755	-0.8331233194823119	2.525197946116232	-0.4706668401431395	1.97455461176763e-07	-1.958651092791941e-07	-4.518208656876354e-07	-1.364456686297667e-07	9.74826795191582e-07	3.272903653272052e-07	3.603507700039171e-08
1.95	-0.1079191377367433	0.1057211153739146	0.892671221968249	0.2231273191419798	-0.3235663425488667	-0.4574338665764144	-0.03523113583655296	0.06853486966501257	0.06853486966501332	-0.17397626671963	-0.08616384734489671	-0.02451860834626454	0.02550902861225205	0.1234128665806392	0.06940349385456381	0.03479849490660125	-0.4659421729218293	0.09542380162599803	-0.145287677783138	0.1614594761372273	-0.4686641763573043	-0.4686641763573113	-0.02224663560585768	0.04312406188786666	-0.1355180543562353	0.03087236592998894	0.07949453330776704	-0.06661275917282279	-0.01730736953438464	-0.1834060617818202	0.1219448943137727	-0.01088515243877503	-0.0375020561805932	4.173484044281144	1.555711578109015	2.20422703818847	-3.034292712109259	-520.3672069980038	-76.33310738261268	-39.09073067722789	-2.239874594067831	-1.274361625393593	-0.6920431935076011	8.577734595004372	-1.73288585038069	2.739394666013537	-2.924439437319715	8.638475638089888	8.638475638091714	0.4117361769669877	-0.7350430407332906	2.501171313108562	-0.5440975428829277	1.801926272184956e-07	-1.980562889721266e-07	-4.157226104146269e-07	-1.240596274005702e-07	8.747401603793611e-07	2.969058093458238e-07	3.266360089299583e-08
1.96	-0.1068012267446886	0.1063505214116342	0.8929843468534763	0.2189069244096423	-0.3227002225284519	-0.4587493229297152	-0.03376200883137755	0.06428899525759396	0.06428899525759371	-0.1741766997272097	-0.08577224574006029	-0.025745749490454	0.02579064052620858	0.1000437813721415	0.0564059557415545	0.02784064352783262	-0.3777064386821071	0.07767998900868253	-0.117685748990497	0.132139180046822	-0.380062645765432	-0.3800626457654264	-0.01782572486500199	0.03513405810962721	-0.1097811975222699	0.02539286748314301	0.0835795597964966	-0.07038246042918439	-0.01796273208230221	-0.1866195160595231	0.1258974233348256	-0.0104703741515322	-0.04087646182146969	5.392168527902349	1.268553361324053	2.128515875722801	-3.528996147464467	-521.0950986330564	-77.55716272230292	-38.99966647555411	-2.493329831411406	-1.328965929106967	-0.7078289222866319	9.1861065148746	-1.821436766458437	2.766331260879965	-2.879186497202528	9.169101864451067	9.169101864451179	0.4986866727358811	-0.9081567055006892	2.680011128401257	-0.5386569266589406	1.624636210469986e-07	-1.993515732517799e-07	-3.788730147958858e-07	-1.112804868084511e-07	7.722561080592218e-07	2.66037191555853e-07	2.925526027761204e-08
1.97	-0.1059200639329025	0.1068476925468123	0.8932282687301889	0.2155807149400844	-0.3220150037958975	-0.4597849660707455	-0.03259358533882301	0.06094157775007038	0.06094157775006841	-0.1743328294213977	-0.08546184840410609	-0.02671225972257405	0.02601554060364411	0.07607280249717238	0.04294208065212845	0.0209426643913353	-0.2870920498828708	0.05925397069894117	-0.08932604620144124	0.1013104005480058	-0.2889811201598237	-0.2889811201598175	-0.0133877057054464	0.02688199737727011	-0.08341706498069663	0.01952576979523431	0.08676834508035157	-0.07250042514016818	-0.01842513970907307	-0.1889447804952498	0.1285653952687086	-0.0107545747161623	-0.04363663053589777	6.14962755239127	1.319788716035028	2.051319092983203	-3.43259556293188	-522.025111607852	-78.04966459125949	-38.92585815166246	-2.366368803590084	-1.368040394533882	-0.6808511965629831	9.065633242133144	-1.869601998707152	2.888351296470975	-3.219991363628703	9.143634090794004	9.143634090793789	0.4181761696538514	-0.7932760447017393	2.630184236168509	-0.6198875872470639	1.336630248112967e-07	-1.793693414660502e-07	-3.241790859659996e-07	-8.91652363469194e-08	6.128333899260192e-07	2.236721058118822e-07	2.497138759751522e-08
1.98	-0.1052820882874765	0.1072076365119616	0.8934031970580901	0.2131739549944569	-0.3215173287735354	-0.4605334998821748	-0.03174050317873805	0.05851816673503427	0.05851816673503449	-0.1744442155975674	-0.08523588073300432	-0.02741201464545168	0.02617993942472251	0.05140634810018897	0.0289605217357763	0.01404193376555626	-0.1938165338962315	0.04017124697019334	-0.06026388307028189	0.06907091355288665	-0.1952613472670838	-0.1952613472670874	-0.008877021262353473	0.01824812514097308	-0.05643013567379764	0.01329261621171592	0.08995713036421391	-0.07461838985115277	-0.01888754733579579	-0.1912700449309867	0.1312333672025885	-0.01103877528079568	-0.04639679925031587	6.965585215810673	1.361151693748759	1.975272973231653	-3.484318494406383	-522.1085550235455	-78.39124235712778	-38.87133511182109	-2.632424935814254	-1.432502694492198	-0.7083792201429765	9.718331952355232	-1.952777850259715	2.906823329300694	-3.161327996463117	9.696751321877382	9.696751321875411	0.5132197294433818	-0.9845190062886751	2.8045704814664	-0.611868105780865	1.047139893041712e-07	-1.589194028930222e-07	-2.692159217850986e-07	-6.69205212508714e-08	4.524601865362847e-07	1.811534609845127e-07	2.069416533349132e-08
1.99	-0.1048938882074868	0.1074256620897746	0.8935089548416341	0.2117119751446452	-0.321213804034889	-0.4609877728178707	-0.03121753035734482	0.05704460371086391	0.0570446037108658	-0.1745106374404339	-0.08509775935551728	-0.02783847699867733	0.02628028944036899	0.02610099984171053	0.01460352046036103	0.007087419411345769	-0.0981616918725481	0.02042154220817503	-0.03047610360388718	0.03527660223837725	-0.09899609879829782	-0.09899609879830387	-0.004414993191045284	0.009313211637936062	-0.02870051727078998	0.006744483408091626	0.09446447094717142	-0.06966756755066154	-0.01992152451458474	-0.1977316978695952	0.1439284100246239	-0.01933384016149593	-0.05007107983075704	10.67399266633689	4.351996093495563	1.455487518988657	-4.918270184107302	-522.3075361091609	-71.73465261213748	-38.8376971831454	-2.499481060445348	-1.443461823689937	-0.6923101694879309	9.551731573596602	-2.002862725326761	3.031963358746137	-3.52553997204151	9.659682867616986	9.659682867617809	0.4115184739679296	-0.857434975683676	2.781429991412507	-0.6811946327649043	6.856564913299061e-08	-1.157856851360082e-07	-2.011948430799793e-07	-3.839677138077722e-08	2.459884482047314e-07	1.311872006123008e-07	1.673948824900457e-08
2	-0.1047627198679989	0.1074988850589086	0.8935445029563505	0.2112190779643161	-0.3211111355310941	-0.4611407263382172	-0.03103991210371657	0.05654734742303641	0.05654734742303714	-0.1745326741769389	-0.08505087860372186	-0.02798278867353432	0.02631417637495689	0	0	0	0	0	0	0	0	0	0	0	0	0	0.0989718115301628	-0.06471674525016233	-0.02095550169343112	-0.2041933508081678	0.1566234528466734	-0.02762890504217864	-0.05374536041118751	14.44593068420577	7.3310619966343	0.9383276859217727	-6.512092830885606	-521.5833676698624	-64.91891797083881	-38.82628581018579	-2.791555252460652	-1.48180653148137	-0.7349602315700262	10.21970192212819	-2.087145339491007	3.04448815679919	-3.457786181236685	10.24292138777975	10.24292138777949	0.5038127533909147	-1.060178633268482	2.998750255022857	-0.6511382266742779	3.241730896181006e-08	-7.265196737899414e-08	-1.3317376437486e-07	-9.873021510683021e-09	3.951670987317823e-08	8.122094024008887e-08	1.278481116451781e-08
