inDegrees=no
num_controls=7
num_derivatives=13
num_iterations=47
num_multipliers=7
num_parameters=0
num_slacks=7
num_states=26
objective=0.472036
objective_accelerations=0.056807
objective_balance=0.000639
objective_effort=0.015564
objective_height=0.390082
objective_ligament=0.008943
solver_duration=754.569308
status=Solve_Succeeded
success=true
DataType=double
version=3
OpenSimVersion=4.5
endheader
time	/jointset/ground_pelvis/pelvis_tilt/value	/jointset/ground_pelvis/pelvis_tx/value	/jointset/ground_pelvis/pelvis_ty/value	/jointset/hip_l/hip_flexion_l/value	/jointset/hip_l/hip_adduction_l/value	/jointset/hip_l/hip_rotation_l/value	/jointset/back/lumbar_extension/value	/jointset/patellofemoral_l/patellar_flexion_l/value	/jointset/knee_l/knee_flexion_l/value	/jointset/knee_l/knee_adduction_l/value	/jointset/knee_l/knee_rotation_l/value	/jointset/ankle_l/ankle_angle_l/value	/jointset/subtalar_l/subtalar_angle_l/value	/jointset/ground_pelvis/pelvis_tilt/speed	/jointset/ground_pelvis/pelvis_tx/speed	/jointset/ground_pelvis/pelvis_ty/speed	/jointset/hip_l/hip_flexion_l/speed	/jointset/hip_l/hip_adduction_l/speed	/jointset/hip_l/hip_rotation_l/speed	/jointset/back/lumbar_extension/speed	/jointset/patellofemoral_l/patellar_flexion_l/speed	/jointset/knee_l/knee_flexion_l/speed	/jointset/knee_l/knee_adduction_l/speed	/jointset/knee_l/knee_rotation_l/speed	/jointset/ankle_l/ankle_angle_l/speed	/jointset/subtalar_l/subtalar_angle_l/speed	/forceset/tau_hip_flexion_l	/forceset/tau_hip_adduction_l	/forceset/tau_hip_rotation_l	/forceset/tau_knee_flexion_l	/forceset/tau_ankle_angle_l	/forceset/tau_subtalar_angle_l	/forceset/tau_lumbar_extension	lambda_cid13_p0	lambda_cid13_p1	lambda_cid13_p2	lambda_cid13_p3	lambda_cid13_p4	lambda_cid13_p5	lambda_cid14_p0	/jointset/ground_pelvis/pelvis_tilt/accel	/jointset/ground_pelvis/pelvis_tx/accel	/jointset/ground_pelvis/pelvis_ty/accel	/jointset/hip_l/hip_flexion_l/accel	/jointset/hip_l/hip_adduction_l/accel	/jointset/hip_l/hip_rotation_l/accel	/jointset/back/lumbar_extension/accel	/jointset/patellofemoral_l/patellar_flexion_l/accel	/jointset/knee_l/knee_flexion_l/accel	/jointset/knee_l/knee_adduction_l/accel	/jointset/knee_l/knee_rotation_l/accel	/jointset/ankle_l/ankle_angle_l/accel	/jointset/subtalar_l/subtalar_angle_l/accel	gamma_cid13_p0	gamma_cid13_p1	gamma_cid13_p2	gamma_cid13_p3	gamma_cid13_p4	gamma_cid13_p5	gamma_cid14_p0
0	0.05560886597837927	0.1042242268628851	0.9049289623495225	0.1266922784136757	-0.3522448486349892	-0.228853779005729	-0.2144969558742783	0.2051545070141749	0.2051545070141877	-0.1382821181779838	-0.1554378471911553	0.09024313228550125	0.09841201690348751	0	0	0	0	0	0	0	0	0	0	0	0	0	0.1102179859963853	-0.02844631461387455	-0.006675684622599614	-0.2403068667865775	0.1833292965951599	-0.08994478883846678	-0.04373448672237142	27.29878562303661	36.41593505015069	-8.522800179813427	-17.81422912565058	-440.6370607999442	-36.11361979700653	-25.81477216968011	-2.819278214726033	-0.9734866506478171	-0.7725705802328016	10.27105449985548	0.008904483462981436	2.701863180888097	-3.508489718549688	9.876051976087327	9.876051976081708	2.509017895254955	-0.7885104991054026	3.368561967003632	1.043130411212697	3.846738593056402e-08	8.551674893204536e-07	-6.911897662163665e-07	7.382381096773784e-08	1.973679307064053e-07	8.750321872243064e-07	1.529772143414514e-07
0.01	0.05547489348829111	0.1041774418305293	0.9048913056556479	0.1271879913681492	-0.3522469406456954	-0.228713535744389	-0.2146736954644037	0.2056354133352712	0.205635413335312	-0.1381655699195353	-0.1554690145314964	0.09040815521308997	0.09846026578040312	-0.02667921688348121	-0.009192186460673855	-0.007529086093236238	0.09838738543688774	-0.0007837359842800907	0.0280337953439066	-0.03487085186666588	0.09559732663334579	0.09559732663333649	0.02240671996868849	-0.006205286862242379	0.03285629379718324	0.009206185321003552	0.1083263406992372	-0.03938047787784327	-0.006407823581455481	-0.2398862288637079	0.1811201259942335	-0.07987977226071377	-0.0418117116799652	27.25374658062235	31.95668270381477	-7.702329892752418	-18.85745893799271	-440.8602223750747	-45.31029454157077	-25.81491838625213	-2.574949038106022	-0.8673468765413318	-0.7427002480760619	9.509303334499885	-0.1768183013628019	2.852039454021288	-3.404822997760457	9.313951772826519	9.313951772828352	1.9711202197411	-0.5324426054994547	3.221938379323265	0.7927721179467719	-4.013090861387244e-09	6.627715649779533e-07	-2.562897832640163e-07	7.050676570341347e-08	-7.1627637721715e-08	3.960341936571485e-07	9.588860805489763e-08
0.02	0.05507758770680117	0.1040436824870148	0.9047784335760005	0.1286449227307757	-0.3522678311486367	-0.2282933741810227	-0.2151848315885968	0.2070547686759122	0.2070547686759073	-0.1378520302269118	-0.1555614157055381	0.09089729613730885	0.09858725841560942	-0.05266665828491002	-0.01739486223174392	-0.01504307715455186	0.1922436816295646	-0.003759698448113675	0.05598366040299824	-0.06687930681479703	0.1876898039014228	0.1876898039014218	0.03939828681998801	-0.01224676675311049	0.0648235993242726	0.01574875165811067	0.1064346954019313	-0.05031464114189955	-0.006139962540641673	-0.2394655909408965	0.1789109553932516	-0.06981475568306937	-0.03988893663762627	27.25268179330209	27.50235265257045	-6.897063027211733	-19.95249497065957	-440.2953792368717	-54.32484218815658	-25.81548492865977	-2.680923118315977	-0.7755845127267383	-0.7695515738486933	9.364836651013297	-0.429540812447696	2.685077123925106	-2.936010334843004	9.175082103033491	9.175082103031396	1.425987271777204	-0.7557491048304804	3.190764312985209	0.510406614433544	-4.649356765333851e-08	4.703756406354531e-07	1.786101996883338e-07	6.718972043908911e-08	-3.406232061498352e-07	-8.296379991000928e-08	3.880000176834392e-08
0.03	0.05442306542203193	0.1038307780954202	0.9045905464942751	0.1310237687524551	-0.3523238680562558	-0.2275969510702879	-0.2160050887402896	0.209380016940534	0.2093800169405335	-0.1373837600190977	-0.1557142928129087	0.09170126101869965	0.09877236209375048	-0.07817082655241969	-0.02522667276508526	-0.02252047570021872	0.2833195833023595	-0.007242151520364384	0.08314027362537831	-0.09706288365928652	0.2769795359916767	0.2769795359916865	0.05455020128669628	-0.01823662544122321	0.09577383298584007	0.02143941040974625	0.1032955102908673	-0.04494824734234912	-0.005503955898810898	-0.2348210947754392	0.1721297673157984	-0.07165113094396514	-0.03768060883809354	24.91553156482295	28.51343810038828	-6.834754637556777	-17.93696712482996	-440.6201937411907	-51.57080958338955	-25.81651743631123	-2.475116156397797	-0.7930643999643947	-0.7348236829166587	8.948072056567941	-0.2768694123988844	2.706837903414338	-3.043145380271334	8.748864277426664	8.74886427742949	1.604062398686362	-0.5067807122427572	3.01783508057216	0.6234145096519527	-4.369006818465495e-08	7.184923578952235e-07	-1.970466499076465e-08	1.000238029903701e-07	-3.983398875144857e-07	1.544902296939936e-07	8.739348726870883e-08
0.04	0.05351551095952177	0.1035383385832274	0.9043282874894961	0.1343071948171071	-0.3524085838661624	-0.2266337849309333	-0.2171239044646279	0.2125867516291624	0.212586751629158	-0.1367551168937459	-0.1559243037994029	0.09280886467426681	0.09901937616023272	-0.1032730938372	-0.03330188635136341	-0.02991746176528515	0.3731596902213564	-0.009495478904031858	0.1093322661285675	-0.1265910213445981	0.363987088698146	0.3639870886981768	0.07147287033616355	-0.02367354258697484	0.1255513541605977	0.02813082932632067	0.1001563251798641	-0.03958185354275188	-0.004867949257248136	-0.2301765986098486	0.165348579238405	-0.07348750620478739	-0.03547228103857902	22.61881841371541	29.53153467641042	-6.78966056304294	-15.97048821798682	-440.2163005606868	-48.64610153733053	-25.81712544618531	-2.600542921770512	-0.8242651233138094	-0.7534690777286205	9.117677700253688	-0.183715674731027	2.49215298008692	-2.804922503007675	8.718646226276483	8.718646226276464	1.780138188329043	-0.6451607963581962	2.956221815623572	0.7105586474214336	-3.995287848379336e-08	9.756918100333913e-07	-2.310755059096869e-07	1.336032696203235e-07	-4.517003031664872e-07	4.067164659613195e-07	1.381659849708659e-07
0.05	0.05235895544000032	0.1031648098506534	0.9039920918182498	0.138481210054488	-0.3525123302762912	-0.2254139381544994	-0.2185326836225852	0.2166522995613139	0.2166522995613288	-0.1359538157912086	-0.1561874193250682	0.09420890860174296	0.09933562300444893	-0.1279142395117579	-0.04135434017004878	-0.03733622071505832	0.4611733157860229	-0.0113158162462405	0.1345224756027442	-0.1549093997454515	0.4486843198405766	0.4486843198406285	0.08851046357779924	-0.02890492944572627	0.1542918551595039	0.03500474091191772	0.09678464183774989	-0.03812017093295146	-0.004235712316480837	-0.2270120091670373	0.1605560307481854	-0.07237253820693691	-0.03290515877975044	21.18435916451248	29.18112903543766	-6.599767222690425	-15.21078834843804	-439.632295813966	-48.57671500035055	-25.81630959318479	-2.377326086500402	-0.7882805193992295	-0.7383523095599172	8.572699264657862	-0.1905949892247749	2.515331060592435	-2.806983934049619	8.279506830599205	8.279506830602205	1.624175304821278	-0.4554943606561272	2.808152613060303	0.6586123227912234	-4.542978150018058e-08	9.004121255939068e-07	-1.905990035154877e-07	1.320357248473536e-07	-5.221014347316104e-07	3.415056086225448e-07	1.292295233364497e-07
0.06	0.05095970332451435	0.1027122475782427	0.9035812539563152	0.1435212604035373	-0.352636160504893	-0.2239456140574164	-0.2202169842496323	0.221551668859377	0.2215516688593746	-0.1349904176736742	-0.1565015220653015	0.09589139521341924	0.09971716994625368	-0.1518124130344644	-0.04910859431872395	-0.04484589990298342	0.5463667125540828	-0.01351224259880089	0.1590277302573052	-0.1816953151633652	0.53075136187792	0.5307513618779878	0.1038922733290533	-0.0338709855053715	0.1820398909998587	0.04119084884401071	0.09341295849549265	-0.03665848832318839	-0.003603475375849759	-0.2238474197242837	0.1557634822579333	-0.07125757020913552	-0.03033803652100606	19.7863634318402	28.83603858686437	-6.424085835305952	-14.49133376134087	-438.3923656422457	-48.34920458394806	-25.81310798474537	-2.451948491400583	-0.7646251893115094	-0.7716531253590176	8.553631940932346	-0.2589334768013614	2.355162016163757	-2.498429906419971	8.192608405258953	8.192608405257893	1.448981490252759	-0.5920946365369013	2.757728783913555	0.57299791672073	-5.129464631518878e-08	8.111333196143107e-07	-1.395184024554727e-07	1.289883059100502e-07	-5.932200701246543e-07	2.629289789214079e-07	1.17779000256283e-07
0.07000000000000001	0.04932456134444119	0.1021834061210372	0.9030947513902087	0.1494005951400433	-0.3527829001272438	-0.222236322550291	-0.2221617419124413	0.2272590724148953	0.2272590724148992	-0.1338795506486506	-0.1568642584219824	0.09784644815577577	0.1001581950768306	-0.1751053269951135	-0.05663078656561246	-0.05247237991742475	0.6290853029297053	-0.01579582809301446	0.1827594840255274	-0.2070774542078631	0.6102705493966269	0.6102705493966556	0.1181894586938937	-0.03852762635285326	0.2087905996466291	0.04700772306433239	0.09010228800371629	-0.03454044326845232	-0.002942605833015722	-0.2210811144056943	0.1510440961659975	-0.07034448660627265	-0.0278990040662392	18.36523501796697	28.59778256151651	-6.282690636077164	-13.62525518809176	-437.627138325832	-47.93406385868445	-25.80652840532909	-2.251353267650673	-0.7416538974844821	-0.7609299354468263	8.068733957436772	-0.2071828092699209	2.371566441320317	-2.531291425451103	7.762730533398806	7.762730533393453	1.406456605545241	-0.3801901998595661	2.606747592206098	0.5849549438151935	-4.96538126205984e-08	7.434050962424727e-07	-1.736575810052722e-07	1.271263984533774e-07	-6.173742082617247e-07	2.741577148353113e-07	1.159793780759203e-07
0.08	0.04745981214092911	0.1015802152103422	0.9025314271247667	0.1560946680546269	-0.3529512979492486	-0.2202918366286515	-0.2243549580700894	0.2337478991672582	0.2337478991672536	-0.1326284378608041	-0.1572691094653119	0.1000636093220284	0.1006571735034362	-0.1977338577259813	-0.06397848501665616	-0.06021023977010768	0.709314348167706	-0.01784388252877303	0.2060666131605141	-0.2313870141318572	0.6870360012442238	0.687036001244215	0.1319414258965614	-0.04229392284055956	0.2344615357792941	0.05278150804974815	0.08679161751192567	-0.03242239821370595	-0.002281736290337859	-0.2183148090870609	0.1463247100740796	-0.06943140300339073	-0.02545997161150551	16.9768127068918	28.36482367687817	-6.154731894041636	-12.79273442176998	-436.2727324862549	-47.37499473845525	-25.79514325731028	-2.319071845444684	-0.7297264301423172	-0.7939290930073444	8.05572291340799	-0.2118272651103419	2.270237089516622	-2.283914082319435	7.641861271036867	7.641861271036147	1.339937857818263	-0.4140257645817565	2.541774281092705	0.5643800697396377	-4.752874031248552e-08	6.770672330388774e-07	-2.132948098524791e-07	1.253409756083582e-07	-6.384983788338935e-07	2.911803453050238e-07	1.148023946632868e-07
0.09	0.04537156728414459	0.1009044083415291	0.9018899650615814	0.1635798166275746	-0.3531391905594066	-0.2181184398622922	-0.2267852823554529	0.2409919691024925	0.240991969102502	-0.1312425092383719	-0.1577096203569768	0.1025324920423652	0.101213636252524	-0.2198021936113994	-0.0711525560864693	-0.06811164779053082	0.7873183519947661	-0.01971015943802392	0.2284604600093071	-0.254493604348103	0.7613683701170388	0.7613683701169985	0.1451348096560228	-0.04575741515847021	0.2591503394801318	0.0584949708698781	0.08315441014706321	-0.03021523763016502	-0.00157837176327726	-0.215535974456093	0.1413754688781408	-0.0682479052189113	-0.02281220476861151	15.51982591372077	28.02592371189685	-6.00930593082259	-11.94682331234957	-435.1397127048869	-46.98858407109167	-25.77754997107686	-2.133762031945571	-0.7066725065491182	-0.7927959362012893	7.613190798745899	-0.1704089017127745	2.201171281832321	-2.29639570290965	7.267459400565982	7.267459400561684	1.292703519302812	-0.304934555091201	2.407748840851062	0.5723403337408155	-3.963053178260055e-08	5.086460051990831e-07	-2.587913630994072e-07	1.098708664129528e-07	-6.261072059362021e-07	2.853571698367361e-07	1.035166298649264e-07
0.1	0.04306602955415172	0.1001577757497888	0.9011685790622642	0.1718330955750857	-0.3533450221382378	-0.2157256620675934	-0.2294411453853008	0.2489670696675098	0.2489670696675107	-0.1297279138015039	-0.1581832508897175	0.1052433258849642	0.1018267358189314	-0.2411924323710958	-0.07814362960209781	-0.07619502699646635	0.8629404230774568	-0.02143167626248781	0.2499428188289775	-0.2764947630296861	0.8332421271963402	0.8332421271962738	0.1576747887871969	-0.04891785106419549	0.2828517602318417	0.06410887151365524	0.07951720278226485	-0.0280080770466226	-0.0008750072364398963	-0.2127571398250442	0.1364262276822256	-0.06706440743441978	-0.02016443792568712	14.09156594065389	27.69199554299508	-5.876096898146766	-11.12482280311983	-433.48604511605	-46.4710954512516	-25.75233504580924	-2.183452420300683	-0.6931269193051818	-0.8303233301098328	7.579336364534146	-0.1828752481529267	2.087939483692085	-2.06282777538711	7.150138912334075	7.150138912334416	1.209256932160837	-0.3534144821446318	2.34429769126735	0.5444676344691608	-3.122479479365869e-08	3.312504156330294e-07	-3.048030217880692e-07	9.319770786806285e-08	-6.107696292169845e-07	2.775255718684043e-07	9.134218098869999e-08
0.11	0.04054935727649824	0.0993422075949978	0.9003652936753006	0.1808317413490642	-0.3535674715478179	-0.2131233320305401	-0.23231078412887	0.2576494698937714	0.2576494698937767	-0.1280911867270393	-0.1586879703566131	0.1081865741720306	0.1024954681710396	-0.2620387499327776	-0.08493124868750529	-0.08449908430027706	0.9364000568276741	-0.02304161475449711	0.2704168329419675	-0.2972320218660873	0.9028369027151965	0.9028369027151689	0.1695397142979989	-0.05193657554132221	0.3056448668224164	0.06961703027691422	0.0757870723181216	-0.02568523584326236	-0.0001880024012087361	-0.2104019797072484	0.1319459810891362	-0.06581293703237849	-0.01743944281305686	12.80349869453699	27.32649158919874	-5.763544678422115	-10.46535808181973	-432.1417608053453	-46.02417567285577	-25.71815329755318	-2.019713276487618	-0.6657481996255242	-0.8361238602200599	7.170983154738538	-0.1475470155980355	2.011234317209446	-2.049030365548878	6.803976547772898	6.803976547778459	1.155491218426425	-0.2627383969016221	2.223867660602829	0.5508935357854903	-2.058483881870603e-08	9.243670519084937e-08	-3.458785308598052e-07	6.830279683443527e-08	-5.78927149035684e-07	2.467376937772845e-07	7.22336204278201e-08
0.12	0.03782732345276651	0.09845992949005987	0.8994778323293589	0.1905533247154521	-0.3538055191154966	-0.2103194414639366	-0.2353817665463556	0.2670157838104487	0.2670157838104514	-0.1263397342258913	-0.1592202044615501	0.1113531636285335	0.1032186628184867	-0.2822647415899458	-0.0914856196314737	-0.09303021879211704	1.007527941556811	-0.02455130788142776	0.2902549247392438	-0.3167634978138135	0.9700248652785104	0.9700248652785195	0.1806198741242641	-0.05442077867463983	0.3275199941190041	0.07500133058142325	0.07205694185400735	-0.02336239463990998	0.0004990024339708688	-0.2080468195894237	0.1274657344960529	-0.06456146663034326	-0.01471444770040736	11.54034040957089	26.96564643006491	-5.662037994949244	-9.822237713538312	-430.3432218855151	-45.45915788455125	-25.67350512419459	-2.059387239398279	-0.6464772910171794	-0.8757387677156976	7.112986560318051	-0.1628261751371809	1.960755020549321	-1.821671197652308	6.668776321225523	6.668776321225415	1.052303795253508	-0.2465102133827625	2.160701832470136	0.5196959427192452	-9.693847002628573e-09	-1.532779177093223e-07	-3.863994163790776e-07	4.248409338634279e-08	-5.45230185319318e-07	2.133704583689975e-07	5.234594619450725e-08
0.13	0.03490565212838591	0.09751324547648009	0.8985038270930414	0.2009754011786369	-0.3540581888369423	-0.2073215224738632	-0.2386416544185718	0.2770425649996632	0.2770425649996864	-0.1244811775669569	-0.1597759599040313	0.1147340403125748	0.1039951194123009	-0.3019675920112626	-0.09781318346942264	-0.1018103253673484	1.0765018480385	-0.02596236487687433	0.3092244797674324	-0.3350231178970953	1.034925944056436	1.034925944056372	0.1909646687955941	-0.05663813858944664	0.3484970255238397	0.08027262042625165	0.06820786436045789	-0.02084260738945249	0.001161265266516153	-0.2058904991156816	0.1230203253452205	-0.06321481546954595	-0.01191411927081859	10.2736700166995	26.5720026251811	-5.564353313714244	-9.180042864806918	-428.9069486071675	-44.96358388158113	-25.61695496150795	-1.91042498620688	-0.6201881165314154	-0.8851793659828631	6.731778565710496	-0.1270999814050194	1.849444014917578	-1.799463604252773	6.339949392423661	6.339949392412646	1.006474945872665	-0.195584201394616	2.042446722059661	0.5283166941570513	3.084667648119099e-09	-4.481901327652078e-07	-4.256283314157538e-07	9.517674301772714e-09	-4.998020903371185e-07	1.601285066869432e-07	2.748837222083374e-08
0.14	0.03179001409126427	0.09650442738725185	0.8974408142382608	0.2120756538813701	-0.3543243400322786	-0.2041370302793159	-0.2420784097297353	0.2877061921239384	0.2877061921239616	-0.1225229914327634	-0.1603511360098106	0.1183199358961782	0.1048237831423219	-0.3210580841409735	-0.103912434761165	-0.1108317424847498	1.143163189464834	-0.02724760265858449	0.327569565634186	-0.3521369856038759	1.097394052288262	1.097394052288124	0.2005457691789225	-0.05830491133884678	0.3685237740314515	0.08544275782277844	0.06435878686690101	-0.01832282013898966	0.00182352809893603	-0.2037341786419181	0.1185749161943944	-0.06186816430873859	-0.009113790841242256	9.028353530823503	26.18274185361417	-5.476643916140629	-8.548164098002401	-427.0793627136529	-44.36293780387627	-25.54698582150897	-1.936915581077388	-0.6008147817756967	-0.9240008761497313	6.650473549246997	-0.1376623323898873	1.835861188262335	-1.592520722352244	6.182182212005396	6.18218221200548	0.8995649376531997	-0.1363927803013811	1.970645253025553	0.4994654530589909	1.612353027606266e-08	-7.498882226011916e-07	-4.646790436272444e-07	-2.443463659472531e-08	-4.527559082837696e-07	1.041452148291969e-07	1.945294834696696e-09
0.15	0.02848626616270972	0.09543576584730719	0.896286324774333	0.2238316198692294	-0.3546026388166232	-0.2007737014611761	-0.2456803458618665	0.2989830657353882	0.2989830657354055	-0.1204722255556521	-0.1609418626194877	0.1221016174890072	0.1057038454770926	-0.3395734948450896	-0.1097792052929436	-0.1201046338059373	1.207634731962564	-0.02837788788412376	0.3449594490288797	-0.3680806428520914	1.15758904301344	1.157589043013313	0.2095200216534563	-0.05977778202416578	0.3876659608612264	0.09057321458212375	0.0604120232956765	-0.0156406274756686	0.002429590410570899	-0.2018151364270753	0.1142910955239692	-0.06043496163511959	-0.00624238448541174	7.82184627555184	25.75975207152448	-5.395729155776991	-7.980279973587755	-425.6081669210481	-43.8403135921674	-25.46217244252507	-1.791131997294459	-0.5735138454051331	-0.9347950064662063	6.286218402349379	-0.09536639044674555	1.670071636296693	-1.569848530906812	5.879413787756516	5.879413787757881	0.8830648024391693	-0.1434043648290385	1.863990436505129	0.520542817426085	3.136047822630249e-08	-1.077898588908907e-06	-5.209238569043202e-07	-6.343448011688719e-08	-4.01386255907172e-07	4.710872246184426e-08	-2.395885587548873e-08
0.16	0.02500090849068413	0.09430965547074008	0.8950379340479208	0.2362204460425343	-0.3548911714077878	-0.1972405698648436	-0.2494366306274478	0.3108501405110807	0.3108501405110895	-0.1183343752737585	-0.161545451966468	0.1260703179578464	0.1066353537854676	-0.3573800328378783	-0.1154022020856538	-0.1296119949816164	1.269735226552833	-0.02929436402208824	0.3615301212725295	-0.3830067122943621	1.215434285137914	1.215434285137794	0.2179626501314175	-0.06087745879675245	0.4059275492330678	0.09573195254362157	0.05646525972439716	-0.01295843481236275	0.003035652722281197	-0.199896094212263	0.1100072748535307	-0.05900175896152552	-0.003370978129616144	6.633419529894898	25.34080177998397	-5.323687666235982	-7.417673025674397	-423.8036958492342	-43.22482918137652	-25.36105670085185	-1.795141038812129	-0.5520600339618322	-0.9708948470480683	6.176263967754806	-0.09490051487491684	1.672018958053558	-1.389003161163456	5.712232491864492	5.712232491864003	0.793240138338712	-0.06175399775487136	1.794525561439016	0.5051216934895495	4.695946375903813e-08	-1.410242741929613e-06	-5.800006397686687e-07	-1.032656819538642e-07	-3.493045025361571e-07	-1.010123822473752e-08	-4.992247748610559e-08
0.17	0.02134054236421493	0.0931285476047974	0.8936932429133156	0.2492191101020353	-0.3551880065271525	-0.1935466403268889	-0.2533366187638574	0.3232843011271648	0.3232843011272326	-0.1161148314760275	-0.1621592173918727	0.1302172799470121	0.1076184015424408	-0.3745870449991493	-0.1207758333533962	-0.1393643531305904	1.329609009608864	-0.03005192727481498	0.3771463749724082	-0.3968128984024316	1.270999020853302	1.270999020853226	0.2258298617107879	-0.0617983868655751	0.4233125232784935	0.1008646366234696	0.05248771738868564	-0.01018600583280874	0.003561955264267818	-0.1982895258915158	0.1059605449861194	-0.05748824505531877	-0.0004616248710798995	5.505838672224149	24.8890923738116	-5.261015118550701	-6.920938750303866	-422.3796805198421	-42.69940804139845	-25.24225371900251	-1.667536893551101	-0.5235059509771309	-0.9831926549598342	5.834668506188936	-0.06275568949877142	1.490033755593128	-1.349723848248082	5.418782349948783	5.418782349955629	0.7657198955277249	-0.09575247275221024	1.687586984949801	0.5156980190740562	3.059420264183586e-08	-1.690756500390752e-06	-3.216659826668585e-07	-1.306547410724051e-07	-4.146214670765161e-07	-3.324070191422594e-07	-1.002957960813698e-07
0.18	0.01751129499838664	0.0918950051706184	0.8922498709259934	0.2628048585984432	-0.3554917315708673	-0.1896998272160119	-0.2573693282638676	0.3362621467481907	0.3362621467482302	-0.1138201639171144	-0.1627798901500758	0.1345335124083946	0.1086524473909808	-0.3911562807111411	-0.1258891157329193	-0.1493481655250231	1.38715211393135	-0.03067234888864425	0.3921068358578249	-0.4095509850153051	1.324171286111602	1.324171286111574	0.2329874024018271	-0.06225892538664779	0.4397816436781383	0.1059315708569877	0.04851017505316534	-0.007413576853163171	0.00408825780543741	-0.1966829575705764	0.1019138151187817	-0.05597473114896026	0.00244772838755653	4.393390172809621	24.4410063779359	-5.206084417411573	-6.426401239927483	-420.6759260954527	-42.09296172364214	-25.10431572712474	-1.667585748956515	-0.4999902563178316	-1.017185696139806	5.710128221045944	-0.06747218709543326	1.540860395161169	-1.175383262124379	5.233738400446901	5.233738400447224	0.6513059606724461	0.03032391179517897	1.611354832282954	0.4919717242236101	8.067159037898441e-09	-1.961278857491012e-06	-2.143578101691123e-09	-1.556453148476331e-07	-5.025695097684655e-07	-7.058156087790004e-07	-1.553745984327109e-07
0.19	0.01351936122317071	0.09061165221550024	0.8907054927759095	0.2769545466037497	-0.3558014589169377	-0.1857064607332516	-0.2615238496165383	0.3497598124710543	0.3497598124710596	-0.1114583676347852	-0.1634030670261298	0.1390097605958041	0.1097362591902707	-0.4071273028730384	-0.1307365006494011	-0.1595624218749647	1.442414824626988	-0.03124066737758726	0.4064386407677515	-0.4211704214742729	1.374985187980482	1.374985187980472	0.2392925441146886	-0.06232425222774576	0.4553280663305347	0.1108357488883639	0.04442975772431266	-0.004498394655517358	0.004530957346307453	-0.1952366447932678	0.09791334305214601	-0.05440302054611748	0.005447363421400295	3.279276318788871	23.97360746356436	-5.15455257525197	-5.95380491872051	-419.3493567463476	-41.54062879083639	-24.94581886941298	-1.546368056886687	-0.4703984505455299	-1.028892923916842	5.378755190124013	-0.04637061285571738	1.360067355534906	-1.127794231410181	4.948748586096639	4.948748586099276	0.6078979031930187	-0.01709683491085438	1.505235945148323	0.4906944819921384	1.593389723172412e-08	-2.176190537490983e-06	1.010787903791961e-08	-1.87835477830586e-07	-4.402801119728032e-07	-7.897734961308762e-07	-1.785918120819378e-07
0.2	0.00937081570493376	0.08928116824297146	0.8890579025984268	0.2916457442552729	-0.356115841234504	-0.1815736308380645	-0.2657890794125235	0.3637543237137676	0.3637543237137673	-0.1090359640098776	-0.164025324341255	0.1436372630024314	0.1108693234977538	-0.4224786293181741	-0.1353153192150465	-0.1699905710047493	1.495454043174687	-0.03160334318899138	0.4199995183427355	-0.4316926736783561	1.423540390088882	1.42354039008889	0.2451088708915441	-0.06207501318277601	0.4700324875201431	0.1157820724956403	0.04034934039528024	-0.001583212457945867	0.004973656887673419	-0.1937903320161018	0.09391287098544958	-0.05283130994339653	0.00844699845514367	2.178189990770927	23.50842553887352	-5.108511063719061	-5.495753802452253	-417.7914670500714	-40.94286081130354	-24.76653673090609	-1.543646605604383	-0.4462769861504241	-1.059964252108407	5.265429791457962	-0.02634365158764186	1.386674928172673	-0.9559464111475816	4.781998448350888	4.781998448350927	0.553542973471247	0.09323708900876647	1.442954539725461	0.5004008394036956	3.05548091583861e-08	-2.378744289246444e-06	-4.592309658370496e-08	-2.216255495263668e-07	-3.446046162910047e-07	-8.09409005197226e-07	-1.947286726862503e-07
0.21	0.005071458356247432	0.08790624624114253	0.8873049596013375	0.3068568257139046	-0.3564329066197244	-0.1773096154471337	-0.27015372754031	0.3782234203787211	0.3782234203787426	-0.1065576283312639	-0.1646442667773126	0.1484076752362644	0.1120520081752352	-0.4372760877771011	-0.1396215094907076	-0.1806240384133938	1.546358123040096	-0.0317803898605403	0.4326680086239744	-0.4410803076826474	1.469874352410139	1.469874352410139	0.2504759629738957	-0.0616681959941724	0.4838988088526594	0.1207536256113468	0.0363127477282419	0.001328702417748145	0.0053218533524929	-0.1927507872954931	0.09025066594301022	-0.05125515391937067	0.01143770501868978	1.162361307248148	23.04243886131477	-5.080679575597376	-5.101449788895882	-416.6554537029793	-40.41127915606036	-24.56539704568245	-1.430268528202594	-0.4156999892991988	-1.069004540533684	4.942291391879388	-0.00864094039682573	1.186494096008939	-0.9066752659277099	4.498446147481419	4.498446147480299	0.5155460238941443	0.02121150793789083	1.335724285857581	0.4957339945193691	3.618663968303881e-08	-2.625082977855071e-06	-2.561179622798487e-08	-2.564861922452657e-07	-3.045626541378176e-07	-9.183525311407541e-07	-2.204205887740248e-07
0.22	0.0006276318105473795	0.08648968034835247	0.8854448886191035	0.3225648268327542	-0.3567507936247563	-0.1729230035498081	-0.2746075526823094	0.3931437268715993	0.3931437268716086	-0.1040281709921934	-0.1652577795466252	0.1533122013545914	0.1132844486732466	-0.4513724687226933	-0.143644097407276	-0.1914161680336863	1.594837975217386	-0.03176766715041807	0.444518819621596	-0.4495280765212769	1.513782355670126	1.51378235567012	0.2553332029873275	-0.06098907983949454	0.4968552644188902	0.1257332366016651	0.03227615506118454	0.00424061729344483	0.005670049817158487	-0.1917112425748765	0.08658846090057114	-0.04967899789533767	0.01442841158222075	0.1541762757238239	22.57921317659734	-5.057969791516912	-4.712626277021872	-415.3792933205492	-39.85167764888826	-24.33995476249974	-1.403431102937578	-0.3895565143317483	-1.091696694438019	4.780584253834073	0.01161022474659197	1.223139071449274	-0.7679733780153405	4.296806636096779	4.296806636097037	0.4515725596872419	0.1476968822236711	1.260981386468452	0.5020124143261084	3.954275339705629e-08	-2.882506460603739e-06	1.402666260301202e-08	-2.916178656029286e-07	-2.786051308526333e-07	-1.04990568161015e-06	-2.485315062500174e-07
0.23	-0.003954092903182327	0.08503433290008947	0.8834761079667188	0.3387460676404755	-0.3570679307926428	-0.1684219769075062	-0.2791405588143324	0.4084912144973512	0.408491214497383	-0.1014530703586042	-0.165863527891789	0.1583417578286445	0.1145663609491373	-0.4648725631594292	-0.1473746245633719	-0.2023604610640748	1.641021769184525	-0.0316448499982597	0.4555849644627798	-0.4568868433017536	1.555311177808946	1.555311177808954	0.2595765221603172	-0.06010364525978416	0.5089040029023697	0.1306308595531122	0.02814141603437983	0.007189424786960508	0.005936644670298068	-0.1908192756748281	0.08299061832981573	-0.04809501111410199	0.01753099328168337	-0.8529263235097122	22.11821177126406	-5.042257317512165	-4.343574039459631	-414.4729574986546	-39.32534025533505	-24.08778261027917	-1.308300997082659	-0.3572455486339435	-1.098924967823241	4.47902626113577	0.01524441423933313	1.032968550691155	-0.6918823411156676	4.020372207409837	4.020372207411814	0.3936761428605394	0.06753625752582054	1.153925356369484	0.4813424621246283	3.860860286966397e-08	-3.093124680838587e-06	7.951151872478804e-08	-3.211700703838068e-07	-2.597534866026616e-07	-1.185248085069958e-06	-2.751384702796794e-07
0.24	-0.008667819037879465	0.08354319123378895	0.8813972585119336	0.3553774962464722	-0.3573833143982547	-0.1638133655447448	-0.2837415634167684	0.4242418807854267	0.4242418807854649	-0.09883894362394927	-0.1664587079888077	0.1634872227429488	0.1158967904998565	-0.4777727529178414	-0.1508029410147858	-0.2134299285138119	1.684875534870942	-0.03141695469454468	0.4660357637134959	-0.4631277706043285	1.594418088133174	1.594418088133196	0.263138423203534	-0.05887543021282472	0.52003695246912	0.1354366915673864	0.02400667700760669	0.01013823228048482	0.006203239523383012	-0.1899273087747596	0.0793927757590661	-0.04651102433285399	0.02063357498116654	-1.855370643885053	21.65961905819985	-5.030610895607792	-3.978656940587606	-413.4806112057357	-38.78796094637773	-23.80649157432849	-1.283450167273027	-0.3291143733952463	-1.116731578307754	4.314578597689545	0.03262585505792762	1.100069953355748	-0.5444054824351091	3.812424273178487	3.812424273178646	0.3152889337326595	0.2162529756735382	1.077823603122657	0.4836542268915743	3.644866255901172e-08	-3.29036996892663e-06	1.523810597867868e-07	-3.491281412856038e-07	-2.429320935056079e-07	-1.321673132241314e-06	-3.013157333246757e-07
0.25	-0.01350784077147532	0.08201927415920678	0.8792071447677589	0.3724363389029838	-0.3576957844364367	-0.1591039783069856	-0.2883991838035869	0.4403718107371892	0.4403718107372083	-0.09619190292486687	-0.1670405944717969	0.1687395646945668	0.1172749944598025	-0.4901405120835842	-0.1539296172393321	-0.2246035941460167	1.726524265240826	-0.03103407893322108	0.4756847784614083	-0.4682124501055567	1.63117508879793	1.631175088797947	0.2662468846358765	-0.05748291578620723	0.530289680638559	0.1402231304594371	0.01991543889771833	0.01308501274373234	0.006363299625221533	-0.1893641206058187	0.07609098538954409	-0.04495653329012492	0.02373641979800134	-2.786189578417467	21.21545381020732	-5.03743794462934	-3.673413815199068	-412.8744889576623	-38.29229142344232	-23.49382435575162	-1.199769913482389	-0.2968869285281233	-1.119347900243728	4.034719361520763	0.04797088576463054	0.8735816579744456	-0.4629206861520184	3.548477482000297	3.548477481999469	0.3046762298181498	0.1036416435372014	0.9776297884682071	0.4794973408746083	3.430137060929033e-08	-3.457989095571157e-06	2.049250784479765e-07	-3.743675826396709e-07	-2.321745699255364e-07	-1.438299481772201e-06	-3.21942607853613e-07
0.26	-0.01846880632117319	0.08046560178607089	0.8769049615983489	0.3899006086841753	-0.3580030552271916	-0.1543028480372533	-0.2931021352858533	0.4568575385993777	0.456857538599367	-0.09351456731509315	-0.1676079776170453	0.1740901604008025	0.1187017345327715	-0.5019615161396559	-0.1567540007255318	-0.2358438135608846	1.765960959806029	-0.03037710520809226	0.4843843701079408	-0.4721939896942221	1.665577670217731	1.665577670217741	0.2691974053415413	-0.05597476266433048	0.5396877033925458	0.1451439141720015	0.0158242007878274	0.01603179320698362	0.006523359727079135	-0.1888009324368786	0.07278919502002175	-0.04340204224739153	0.02683926461483297	-3.714891612998771	20.7733745333517	-5.047402789601182	-3.37059988325348	-412.2267662089571	-37.80067531270651	-23.1477343554462	-1.174099145338996	-0.268655825725846	-1.130042334840361	3.872171436753209	0.08744544781897748	0.9101853330797639	-0.323777499922678	3.341540424187512	3.341540424186897	0.2837007883971422	0.239380714725456	0.9068825200323238	0.5105231909943343	3.215812613506683e-08	-3.61612785055376e-06	2.509649299409071e-07	-3.987370625384644e-07	-2.233574845908992e-07	-1.548590248058137e-06	-3.407933580574115e-07
0.27	-0.02354532436028372	0.07888521960724733	0.8744901136328601	0.4077482327854088	-0.3583027568555207	-0.1494190097307745	-0.2978392846166452	0.4736755341057176	0.473675534105728	-0.09080910687189023	-0.1681596185130004	0.1795304268856429	0.120177906720967	-0.513242161968728	-0.1592691521944128	-0.2471260026038599	1.803175949573765	-0.02954106787322303	0.492277244615733	-0.4750607574843275	1.697619517187557	1.697619517187602	0.2718244418324601	-0.05430787250653164	0.5482203181997525	0.1500837523176876	0.01170285562069844	0.01892281967878176	0.00659459470996152	-0.1884486268156274	0.0696684667773055	-0.04187784256675405	0.02999833513934852	-4.606201121498817	20.34758364178306	-5.071022133417783	-3.106588644400652	-411.9178543934984	-37.33152111083103	-22.76643776483349	-1.090055252982943	-0.2350334079122713	-1.127384857449857	3.587981802981421	0.08542475965883634	0.7126942450898714	-0.2418585718125248	3.075288902535758	3.075288902541545	0.2411051665362225	0.1372318806694663	0.804543719767534	0.4852417204891392	2.500104069475735e-08	-3.744288437954326e-06	3.343547792026774e-07	-4.179621278327681e-07	-2.249052263205085e-07	-1.671799841069302e-06	-3.610182605628009e-07
0.28	-0.02873165044793731	0.07728126819364683	0.871962428243257	0.4259563705955614	-0.3585933497338379	-0.1444594715321244	-0.3025998480559887	0.4908019044955895	0.4908019044956106	-0.08807959604633699	-0.168693212764515	0.1850516380702978	0.1217033828094459	-0.5239231258494905	-0.1614678476809161	-0.2584112983837787	1.838063701589412	-0.0285553552048291	0.4995243485419625	-0.4768768114047773	1.72725264692361	1.727252646923694	0.2740074818072533	-0.05236543377423294	0.555876643355067	0.1550046942287106	0.007581510453540614	0.02181384615056579	0.006665829692913639	-0.1880963211943931	0.06654773853457994	-0.04035364288613756	0.0331574056638457	-5.497737229927045	19.92343524264597	-5.096733381973086	-2.844082982036127	-411.6086729724858	-36.88071844284254	-22.34848359740067	-1.054162755677278	-0.2053646292502375	-1.130663682229044	3.406723886335501	0.1173805145239213	0.7810312167672886	-0.1136347259916477	2.859796977433045	2.859796977433051	0.1949014851720083	0.2944904296254969	0.7316245896539693	0.5067439440617181	1.605820367748574e-08	-3.86177186977773e-06	4.310473673958152e-07	-4.353549358706781e-07	-2.301445502921782e-07	-1.799610660037397e-06	-3.817325871756062e-07
0.29	-0.03402193070277837	0.07565688878575345	0.8693219439537194	0.4445020450687435	-0.3588735658684934	-0.1394306430695418	-0.3073732597579572	0.5082127631151798	0.5082127631151864	-0.08533063950514881	-0.1692063002645615	0.1906450451058788	0.1232776985268072	-0.5340366026286257	-0.1633570948101383	-0.2696761635533864	1.870696589379295	-0.0274695536856606	0.5061262436580536	-0.4776370135968126	1.754529257295235	1.754529257295379	0.2757238942705958	-0.05022933497399805	0.5626618489680617	0.1598477646299242	0.00344224828537979	0.02468055569973303	0.006646458735624137	-0.1878922082912881	0.06351625108854876	-0.03889267078390648	0.03635053298426703	-6.383011367570573	19.53328494058436	-5.136586356364679	-2.575905153805119	-411.604263559508	-36.41644882859987	-21.89281915365633	-0.9754943691567144	-0.1731519461854151	-1.123034864040411	3.135381453856342	0.1073301875135362	0.5822188391470572	-0.0319356572123692	2.603197630073105	2.603197630082051	0.1504383993916108	0.1766612280571505	0.6304054529788523	0.4720433394814345	5.864305316238427e-09	-3.906005007435645e-06	5.315807733411087e-07	-4.447529318416138e-07	-2.337446249010115e-07	-1.898397569228422e-06	-3.965472545854591e-07
0.3	-0.03941045657143091	0.07401512746828288	0.8665690836265428	0.4633628104655355	-0.3591422939445827	-0.1343393056197733	-0.3121492180201255	0.5258847087511024	0.5258847087510788	-0.0825664333848275	-0.1696973284520381	0.1963019915787623	0.1249002358984465	-0.5435722486127876	-0.1649442295963524	-0.2808865059115333	1.901081886310848	-0.02625774349047788	0.5120261459788263	-0.4773861234449848	1.779470050188693	1.779470050188896	0.2770573976329837	-0.04795357126037265	0.5685845308153218	0.1646490250843497	-0.0006970138827857626	0.02754726524889498	0.006627087778348046	-0.187688095388186	0.06048476364251368	-0.03743169868168248	0.03954366030468609	-7.270320236286214	19.14424579741031	-5.177478028030583	-2.308447282214879	-411.6308649357841	-35.98438744361894	-21.39887030932988	-0.9385965966827997	-0.144942160648541	-1.119759119936892	2.957205714669409	0.1425822497267685	0.6406326577036452	0.08858374278089778	2.39263348179939	2.392633481799439	0.1183196649810644	0.3224234123036734	0.5591198365070823	0.4983819547041097	-4.822969349675291e-09	-3.921350705140974e-06	6.336288679773925e-07	-4.509980441805034e-07	-2.366982349723882e-07	-1.985738429493279e-06	-4.090352958307673e-07
0.31	-0.04489162574335316	0.07235901614234296	0.8637044768945601	0.4825164469456056	-0.3593984443471088	-0.1291921013288682	-0.3169175300712809	0.5437945038375279	0.5437945038375149	-0.07979098461291456	-0.1701648209694125	0.202013902085222	0.1265703694052901	-0.5525704626695154	-0.1662260405178219	-0.292013886147998	1.929275604693048	-0.02495457951923559	0.5172995049441038	-0.4761144516687352	1.802101633776616	1.802101633776763	0.2779840611859839	-0.04552946761243794	0.5736589521268234	0.1693672286803628	-0.004753682298038762	0.03023602624348651	0.006515380146544111	-0.1878405525745076	0.05786077732730929	-0.03601516629878471	0.04271335787077	-8.047411326658558	18.77164125327038	-5.239760690134517	-2.131752404571744	-411.9755896050368	-35.60400428748966	-20.86445129437817	-0.8667735236844457	-0.1120918746796172	-1.106131843588396	2.694979347077503	0.127204742296171	0.4530847831603472	0.1707341624507439	2.140403363080799	2.140403363072276	0.07202550929133648	0.2048315673995064	0.4606811226481854	0.45751033315726	-2.165280776779788e-08	-3.964272040320867e-06	7.736173736979037e-07	-4.542769730365932e-07	-2.697521286141122e-07	-2.107927642825034e-06	-4.266974608207877e-07
0.32	-0.05046004499854121	0.07069162844383212	0.8607292154865951	0.5019409254989158	-0.3596409588556316	-0.1239956839948653	-0.3216682703511921	0.5619190112729876	0.5619190112729858	-0.07700783204366152	-0.170607586905061	0.2077723723736346	0.1282874791023151	-0.56102226526693	-0.1671995041105337	-0.3030174411079392	1.955250300958542	-0.02353056468905636	0.5218687545982008	-0.4738717691963553	1.82241251999622	1.822412519996309	0.2785981570922517	-0.04300825491005356	0.5778964872053851	0.174044263120671	-0.008810350713316801	0.03292478723805592	0.006403672514919321	-0.1879930097608506	0.05523679101209208	-0.03459863391592291	0.04588305543683971	-8.828628193563505	18.39946404129437	-5.301773774522924	-1.954163146214899	-412.3874967213728	-35.27026976618347	-20.29025341958248	-0.8293143048203035	-0.08327269489691322	-1.094994064632191	2.513401291328179	0.1667524215141674	0.4998107954676029	0.282785882006887	1.928494008135378	1.928494008135354	0.05580613563456062	0.3418452231936911	0.391742589919179	0.4901481235631179	-4.115332607818517e-08	-4.019182783098398e-06	9.301017103246007e-07	-4.562662569001614e-07	-3.158931020690306e-07	-2.245268314011961e-06	-4.466092448302482e-07
0.33	-0.05611012284052856	0.06901599264589882	0.8576446259083219	0.5216140994808599	-0.3598689435601644	-0.1187566610211729	-0.3263920686894745	0.5802352375733332	0.5802352375733627	-0.07422057441369706	-0.1710247187846449	0.2135690388741777	0.1300507452480906	-0.5688969007203181	-0.1678815330058492	-0.3138715157877304	1.979031929264252	-0.0220584764456023	0.5258282802145159	-0.4707512110321067	1.840474425844792	1.840474425844935	0.2788031913049266	-0.0404203687436065	0.5813050382793605	0.178587638573863	-0.01288729337853445	0.03557188887133281	0.00622053271341052	-0.1881789392469518	0.05260640951494133	-0.03329325541526065	0.04906169660953931	-9.631945662245851	18.08483937719787	-5.379141107631809	-1.732658439141131	-412.9798622139902	-34.8619030724506	-19.67921215542815	-0.7520910073120847	-0.053840997935009	-1.076336517267067	2.257647404552188	0.1389254292292207	0.3275130017168352	0.3471938976382528	1.691382347434482	1.691382347442549	-0.005237703905934961	0.2170761710747268	0.2955083449744331	0.4337512305367014	-6.186544635955443e-08	-4.019044828839512e-06	1.090035838185488e-06	-4.500571787169779e-07	-3.656117153301199e-07	-2.35528849426279e-06	-4.618720689301034e-07
0.34	-0.06183605760539047	0.06733490195679552	0.8544523511137279	0.5415145105067386	-0.3600819097015807	-0.1134813448799101	-0.3310805608233119	0.5987213516270384	0.5987213516270421	-0.07143288439530163	-0.1714160086309586	0.2193958102812239	0.1318589089432658	-0.5761936498422953	-0.1682904823445308	-0.3245544843720854	2.000697709744351	-0.02052685206342882	0.5291273881109709	-0.4668105283077008	1.856390070662019	1.856390070662217	0.2786846347980077	-0.03783984826897917	0.5839174685068461	0.1830237730006375	-0.01696423604367493	0.03821899050467612	0.0060373929114631	-0.188364868732998	0.04997602801782133	-0.03198787691449052	0.05224033778228262	-10.43873939166112	17.76944930169764	-5.454816175609448	-1.51365621948758	-413.6287214092827	-34.50811837580762	-19.03456875594912	-0.7137370385382944	-0.02865678357007485	-1.060772845544979	2.090231726205918	0.178659649258038	0.3677272514956883	0.4468107940382561	1.499241801866411	1.499241801866398	-0.008912008284249078	0.3403720848298495	0.232518420621294	0.4686999182796467	-8.315624220915389e-08	-3.992614959578158e-06	1.251617627531363e-06	-4.399324649293757e-07	-4.170390520807236e-07	-2.45226008182772e-06	-4.749144942671619e-07
0.35	-0.0676320189884079	0.06565108628963623	0.8511542266807609	0.5616209325787009	-0.3602794161042367	-0.1081758688497416	-0.3357257107362433	0.6173558703888979	0.6173558703887846	-0.06864826324646103	-0.1717813559678164	0.2252447327536108	0.1337106702115657	-0.5829066197431828	-0.1684270635377101	-0.3350304340027602	2.020242559635292	-0.01896412888935682	0.5318550070514096	-0.462088015166548	1.870163172393178	1.870163172393373	0.278210968541811	-0.03524049136773485	0.5857421760886714	0.1873110493447676	-0.02101069893764346	0.04067642458100157	0.005785616922051337	-0.1888168482459461	0.04761006423870306	-0.03074193894999757	0.05542397476266597	-11.18182121511419	17.47986981088004	-5.547344076178641	-1.34290465312124	-414.5719403476021	-34.18284760540618	-18.35974656663936	-0.6362934996358131	0.0005920544958828777	-1.035097729218699	1.834972208743598	0.1468522913511855	0.2079363151359122	0.5046874408260467	1.263863841632096	1.263863841631859	-0.07142101701911595	0.218287757153028	0.1385803018402033	0.4065980417656175	-3.457014847810136e-08	-4.048776448793984e-06	6.586503119620234e-07	-4.727863798096645e-07	-3.027597695401073e-07	-2.178276343660634e-06	-4.140960574292644e-07
0.36	-0.07349235337717487	0.06396725497888342	0.8477525244100091	0.5819124752672046	-0.3604609405471546	-0.10284658521023	-0.3403196923444307	0.6361176240645199	0.6361176240645215	-0.06586934417619135	-0.1721209956831373	0.231108128976819	0.1356048755531637	-0.5890682509949209	-0.1682936110632334	-0.3452700519290846	2.03772183305449	-0.01733046012043748	0.5338889099845324	-0.4565768673585233	1.881837053439993	1.881837053440186	0.2775442189763072	-0.03269832389122211	0.5868122186655772	0.1915125876603261	-0.02505716183196793	0.04313385865697796	0.005533840935271688	-0.1892688277591687	0.04524410045941352	-0.0294960009860868	0.05860761174285263	-11.92713652590025	17.18813079999253	-5.636613544048521	-1.179021728321896	-415.5524208184873	-33.91753824650978	-17.65835784523025	-0.6034693087085109	0.0253499499612527	-1.013506504674905	1.677116431857765	0.192848768227616	0.2289840500326135	0.6045377274125537	1.079397664997583	1.079397664997584	-0.04752867014573765	0.3289341998835993	0.08158541963746073	0.4515523125653683	5.056693364898461e-08	-4.148139571674799e-06	-3.290042277168138e-07	-5.281214235316196e-07	-1.018031784471603e-07	-1.710254435110647e-06	-3.146427080690818e-07
0.37	-0.07941170647396796	0.0622860996055305	0.8442497291253963	0.6023688507457984	-0.3606251259018705	-0.09750196970822081	-0.3448546659253794	0.6549858658870403	0.6549858658870791	-0.0630956613111522	-0.1724361108729261	0.2369787546645056	0.1375415825950217	-0.5947157257390704	-0.1678905546494418	-0.3552377672934584	2.053204594229218	-0.01551687598635629	0.5349986212985233	-0.4502985119247684	1.891452935397419	1.891452935397528	0.27709873513523	-0.03028766411714695	0.5871862197964234	0.1957832535991694	-0.0289672429649628	0.04542264597398956	0.005193046647802409	-0.1901881046281156	0.04341231607627766	-0.0283273549527357	0.06172362654225685	-12.52476086814642	16.92780789408358	-5.757971897963616	-1.132015817030456	-416.8559730158751	-33.67095937459337	-16.93408025945397	-0.5323929988733148	0.05471018235100204	-0.9807241429085747	1.431560464914525	0.1746422328739442	0.046430510355556	0.6573849871521107	0.8489828060785977	0.8489828060660553	-0.05778414253342871	0.2025247312160652	-0.003847334376915246	0.4087286822416023	6.074372359498491e-08	-4.253165911074008e-06	-5.102203099551689e-07	-5.488363288655217e-07	-7.828223997829875e-08	-1.69255528956235e-06	-3.01946021603018e-07
0.38	-0.08538493560652372	0.06061036013536844	0.8406487926690217	0.6229695947370687	-0.3607713696158867	-0.09214736392540575	-0.34932327584483	0.6739395263981558	0.6739395263981728	-0.06032937846489098	-0.1727260408919112	0.24284928940466	0.1395197772858074	-0.5998434581474487	-0.1672104304250581	-0.3648982862814336	2.066595535589314	-0.01374213197725515	0.5358869661434448	-0.443304135059224	1.898920791153389	1.898920791153415	0.2760642152363639	-0.02766128974121019	0.5867940291598677	0.1998101174459287	-0.03287732409789571	0.04771143329105824	0.004852252359913416	-0.1911073814970229	0.04158053169316705	-0.02715870891928713	0.06483964134169784	-13.12444756127112	16.66913213197607	-5.881062088703165	-1.079052223827878	-418.182078192571	-33.43789541412981	-16.19061955762115	-0.4995208415543802	0.08076351207975987	-0.9520672293952095	1.25875246893147	0.1850807432315983	0.1847107562188478	0.7477420137704158	0.649792424706471	0.6497924247064562	-0.1653358817035698	0.3720771202560384	-0.0716529338428164	0.4027918941485962	2.808606086607871e-08	-4.361428374198013e-06	-2.306144165132448e-07	-5.497682979776792e-07	-1.561531030089155e-07	-1.932183437157878e-06	-3.388245710764509e-07
0.39	-0.09140657675316552	0.05894271364299813	0.836952878455638	0.6436937221797437	-0.3609003806040772	-0.08678468763187523	-0.35371876618567	0.6929573498931756	0.692957349893121	-0.05757687553833891	-0.1729888909210926	0.2487120534389868	0.1415365633672758	-0.6043881052466801	-0.1662820361402983	-0.3742267410021041	2.077904278246764	-0.01206579484390627	0.5365955497599706	-0.4356952596961609	1.904324265550847	1.90432426555088	0.274375976118955	-0.02490154817029299	0.5856428111781748	0.203507848036795	-0.03698415615531689	0.05010259499560416	0.004415987912078474	-0.191734598506847	0.03922772301130701	-0.02602246876450858	0.06806929892747458	-13.90694837633232	16.44334575019092	-5.994324914697033	-0.854477734487647	-419.6870022430699	-33.13413285622084	-15.43163806473914	-0.4174467739408191	0.1042921480338982	-0.9145994929858315	1.018079038876738	0.1585311128162251	0.005728780034024527	0.7822613093222144	0.4377491988699544	0.4377491988711364	-0.180302401139883	0.2289188207979587	-0.1544136944583615	0.3480837439409638	5.275001636148552e-08	-4.641360778027605e-06	-5.717197264433085e-07	-6.027486829111866e-07	-1.042939214627579e-07	-1.956412156670948e-06	-3.223375104562053e-07
0.4	-0.09747076639676219	0.05728543404574789	0.8331654067151311	0.6645211658239368	-0.3610127040380522	-0.08141656617905001	-0.3580352075705293	0.7120196329824394	0.7120196329824171	-0.05484320189761974	-0.1732239443056431	0.2545597938006799	0.1435892907751295	-0.6083531575392452	-0.1651370514010448	-0.3832097917061114	2.087258775893228	-0.01040462113334206	0.5369759980030614	-0.4274943438631961	1.907812710012485	1.907812710012527	0.2722983580263159	-0.02210196078783444	0.5837892946314497	0.2069983827230737	-0.04109098821280734	0.05249375670004967	0.003979723465349364	-0.1923618155167346	0.03687491432939813	-0.02488622860990502	0.07129895651321634	-14.6893508038001	16.2169595682142	-6.106826809541522	-0.6310977807039393	-421.1818424817053	-32.85429004780966	-14.66255498641769	-0.3836018802212169	0.1240816029786082	-0.8829864260625708	0.8679034667343238	0.1820480586747285	0.1190836815319723	0.8661501077506901	0.2667864375426234	0.266786437542629	-0.2432116767496772	0.3800462825644205	-0.2121126468492106	0.3613527132311228	1.131225209146606e-07	-5.028235112132806e-06	-1.299497589293621e-06	-6.881526711432396e-07	2.83806976886024e-08	-1.846457625903145e-06	-2.726062992857996e-07
0.41	-0.1035718792606434	0.05564070128287624	0.8292899620571468	0.6854325965414257	-0.3611079177039463	-0.07604988550502224	-0.3622667311759046	0.7311073247320425	0.7311073247322848	-0.05212881700069404	-0.1734330049932825	0.2603857435902235	0.1456767365764991	-0.6117875688926422	-0.1637698630860167	-0.3918097186826997	2.094707043962283	-0.008631998012440649	0.5361795581945562	-0.4187162250704397	1.909401993897992	1.909401993897987	0.270632266596197	-0.01978114488013105	0.5812949331230917	0.2104709852591324	-0.04499612602817451	0.0546619953302999	0.003420936053636912	-0.1936514717180322	0.03523720810162202	-0.02378366825111879	0.07441956884489045	-15.26449293913474	15.99539810589822	-6.250352504214664	-0.5935484704881915	-423.0517486047696	-32.67801978815172	-13.88965630757387	-0.3110863404585058	0.1488386271697373	-0.8380662549142338	0.6352490132491515	0.1765700471186051	-0.2062777398487126	0.8977655860773815	0.05650296153317833	0.05650296152620787	-0.1211188570224094	0.1470863476571626	-0.2841509998543617	0.3382508270985482	5.702685494576745e-08	-4.67414054360585e-06	-7.327050277909679e-07	-6.158850363676699e-07	-8.885903775952538e-08	-1.947585297588503e-06	-3.039856986088933e-07
0.42	-0.1097048813535819	0.0540108006394359	0.8253306040451054	0.7064089020468622	-0.361185065017012	-0.07069662321458808	-0.3664076490291411	0.7502012100402248	0.75020121004024	-0.04942965521509007	-0.1736210601007685	0.2661835391452494	0.1477985157638897	-0.6147310033484856	-0.1621706275147842	-0.399992462517576	2.100233733481622	-0.006791350558774293	0.5342923212738162	-0.4093731934361277	1.909051421682642	1.90905142168259	0.269253735930941	-0.01790084486109967	0.5781584477337278	0.2138650599274174	-0.04890126384325931	0.05683023396093113	0.002862148637560375	-0.1949411279191165	0.03359950187401503	-0.02268110789166507	0.07754018117672366	-15.83836253379475	15.77288059727616	-6.392888773700894	-0.5526785591195317	-424.8902452003645	-32.49894709570689	-13.11282888887914	-0.2854065007106858	0.170491054219546	-0.7995497977201782	0.4835877567912341	0.1956529252275341	-0.09907574091486718	0.9791326760618189	-0.1211847826289557	-0.1211847826289564	-0.1856995237771653	0.2919431048302045	-0.3405374230502802	0.3456471396764061	-7.803028256350901e-08	-3.81769417668422e-06	7.117623976797774e-07	-4.367213859937146e-07	-3.755322339530648e-07	-2.191819547208205e-06	-3.903553423343581e-07
0.43	-0.1158646484801148	0.05239802853810619	0.8212916116178797	0.7274304536384121	-0.3612445187094382	-0.0653621154315402	-0.3704525591260503	0.7692816119682113	0.7692816119678828	-0.04674787191494086	-0.1737892948880603	0.2719464434278361	0.1499522267344521	-0.6171356874577463	-0.160348985575607	-0.4077262913281596	2.103755065935979	-0.005098792102717838	0.5324867107113835	-0.3995224363947056	1.906710031540162	1.906710031540138	0.2671146681379636	-0.01578873992838338	0.5743175591396494	0.2168449444080961	-0.05293659279033905	0.05903472865767904	0.002186834329905809	-0.1962248568219059	0.03176302861936007	-0.02161461650095977	0.08075538119402655	-16.49798945090954	15.57836123355614	-6.536825187284516	-0.4319144105327767	-427.0386479399973	-32.27374224900117	-12.33199969551686	-0.2050103928368793	0.1931496979168548	-0.7484391130064355	0.2381541983821978	0.1562663215380105	-0.2400956044126457	1.001005650737259	-0.3383705827112646	-0.3383705827070408	-0.2267071086527708	0.1646269426869332	-0.4217287045007185	0.2697175434076337	-1.98173948243132e-07	-2.893473582194192e-06	2.056696137923802e-06	-2.519556545094817e-07	-6.184110128057666e-07	-2.272590604184244e-06	-4.644917396495308e-07
0.44	-0.1220458646530863	0.05080450264299914	0.8171776529644919	0.7484775681962262	-0.3612870050141377	-0.06004942213226524	-0.3743963699660358	0.788329049103953	0.7883290491039263	-0.04408721863166305	-0.173937652075725	0.2776677659991369	0.1521348482380492	-0.619020812639075	-0.1583213862702533	-0.4149857077499647	2.105346326735371	-0.003397873016823503	0.5299294245286631	-0.3891533420511046	1.902458463291527	1.902458463291531	0.2650277322811306	-0.01392532478785256	0.5698421054690065	0.2196471665345239	-0.05697192173770894	0.06123922335395784	0.00151152002837811	-0.1975085857249347	0.02992655536448871	-0.02054812511109272	0.08397058121117824	-17.15508473545281	15.38162872950459	-6.678386484181834	-0.3261057520425585	-429.1408190128945	-32.09148075671486	-11.54751794556474	-0.181494715124328	0.2116825274549706	-0.7046673199644629	0.09757342579822016	0.1973250511954519	-0.2494108649723195	1.082800136497519	-0.5032204038601045	-0.5032204038600552	-0.1752731365482627	0.2422051463931844	-0.4674504383630588	0.3101146688262794	-3.073287399430097e-07	-1.919314083180082e-06	3.328289268000761e-06	-6.306207378609775e-08	-8.290202209862704e-07	-2.232915098159688e-06	-5.296141659255404e-07
0.45	-0.1282432117301709	0.04923226397840564	0.8129935212167509	0.7695308898698113	-0.3613132036181768	-0.05476073443993228	-0.3782340672204066	0.8073245836253575	0.8073245836254221	-0.04145174634193078	-0.1740656584904708	0.2833411005109293	0.1543434230476893	-0.6203528302959902	-0.1560948175701613	-0.4217548981406671	2.105001342042151	-0.001847365296889716	0.5277361709593074	-0.3783135691988445	1.896356529092694	1.896356529092638	0.262039654054646	-0.01170580760223936	0.56473350485316	0.2220272793900801	-0.06107577976844297	0.06327158557008632	0.0008683674695286071	-0.1988990140405341	0.02806431186968682	-0.01958373718505478	0.08722413185791159	-17.84241456748176	15.24241742989696	-6.838124750411287	-0.1796350404369943	-431.4427083803	-31.86244202724549	-10.76010702275851	-0.09472311472203437	0.2328775813606364	-0.6503678748265631	-0.1480830113928787	0.1325999873265114	-0.2156473742752841	1.095446803099664	-0.7073550019614202	-0.7073550019705668	-0.364712504607031	0.208027355245437	-0.5463275031448402	0.1956538974862896	-3.567415860183977e-07	-1.316454817303946e-06	3.937871643380739e-06	4.418601182935898e-08	-9.104880960418266e-07	-2.092105005835062e-06	-5.529066238433847e-07
0.46	-0.1344510125485773	0.04768323770882819	0.8087442329698621	0.7905712519775625	-0.3613241598740467	-0.04949625223754374	-0.3819611905575518	0.8262503637900235	0.8262503637900368	-0.0388469823025067	-0.1741722292631037	0.2889605964905655	0.1565745378465977	-0.6211115609028074	-0.1536789072670395	-0.4280170075795361	2.10275441356849	-0.0003494033796037066	0.5250883265356343	-0.3670385586062228	1.888507591931201	1.888507591931084	0.2588860822718327	-0.009638196392636219	0.5590743990393406	0.2241551643882808	-0.06517963779910887	0.06530394778631865	0.0002252149094176076	-0.2002894423560905	0.02620206837492614	-0.01861934925883588	0.09047768250468465	-18.52702717675034	15.1003918628553	-6.994741283942358	-0.06117743198103547	-433.6971972084436	-31.71324930346059	-9.970904131568716	-0.0668373051048118	0.24955084806101	-0.6032511295977905	-0.2828153302898704	0.1868158906658952	-0.3403290358357047	1.169847684569812	-0.8526209963921785	-0.8526209963921738	-0.2083718478139325	0.2118239511913239	-0.5775514779575333	0.2596690973552816	-3.583608755941945e-07	-1.010635737938186e-06	4.017845415003135e-06	8.611770135847467e-08	-8.886429045974256e-07	-1.870387244470383e-06	-5.427351070746972e-07
0.47	-0.1406637836667543	0.04615928542390311	0.8044349108833239	0.8115800568652338	-0.3613201981633052	-0.04426016326366167	-0.3855734239988917	0.8450891495565761	0.845089149556585	-0.03627435525404894	-0.174258559135179	0.2945209077441313	0.1588259165050692	-0.6213612493063692	-0.1510825856791126	-0.4337546946941572	2.098707156800657	0.001148184822831408	0.5220073010295122	-0.355350092249317	1.878964710255375	1.878964710255381	0.2556761699045863	-0.007676556211092898	0.552905761069699	0.2260973839774726	-0.0690950187420043	0.06698745661482754	-0.0003559384087830563	-0.2022170178327203	0.02483567436457499	-0.01773562780285883	0.09359114736592272	-19.07506326541156	14.99401241515569	-7.185057731694247	-0.01810406959377256	-436.1894789423138	-31.61651210698673	-9.181426905246816	0.008144859901076733	0.269038540448329	-0.5452959457906298	-0.5106400822373707	0.1316317933898095	-0.3108609596095505	1.177051723008898	-1.047741820196988	-1.047741820178293	-0.3717780592351111	0.1817429159049983	-0.6488807596106433	0.1576758661176971	-3.624633675939036e-07	-1.023358842674363e-06	4.097469554890799e-06	8.766324169260959e-08	-8.809483904236232e-07	-1.824319474130266e-06	-5.578788061978134e-07
0.48	-0.1468766157753891	0.04466216950011563	0.80007095823696	0.8325393973387866	-0.3613011802688771	-0.03905865887515665	-0.3890670316543102	0.8638239824929724	0.8638239824929642	-0.03373272275486119	-0.1743265908325856	0.3000170604573728	0.1610959528547154	-0.6211237589946222	-0.1483116350395174	-0.4389431195446748	2.092861530744531	0.002661833359572709	0.5181714094590161	-0.343313401422108	1.867717025898787	1.867717025898918	0.2526871724151308	-0.005978561458789468	0.5462426909743326	0.2278867026233271	-0.07301039968489494	0.06867096544333136	-0.000937091726918873	-0.2041445933093563	0.0234692803542168	-0.01685190634689341	0.09670461222716824	-19.62115853522391	14.88452185840355	-7.371710451604009	-0.0027783778252636	-438.6463641942868	-31.6015331021465	-8.393607521645071	0.03059843795686709	0.2844766583947447	-0.4933986767770672	-0.6424891879487916	0.1900279575271941	-0.4913022487104337	1.23949257863041	-1.193581532544471	-1.193581532544426	-0.1641888722557198	0.1590948653435006	-0.6764379031023912	0.2290889086879238	-3.68721091886065e-07	-1.312552522291465e-06	4.176790240820017e-06	5.415665253676129e-08	-8.855355961450572e-07	-1.930702639396373e-06	-5.949942021326842e-07
0.49	-0.1530845012591497	0.04319357102004289	0.7956579193532844	0.8534312772480366	-0.3612673181634002	-0.03389925622900396	-0.3924387322824906	0.8824379863604365	0.8824379863604165	-0.03122047984817879	-0.1743796645051344	0.30544409270629	0.163382530447074	-0.6203648074281529	-0.1453855719414295	-0.4435683765696168	2.085222663954055	0.004105655880239964	0.5136282464478337	-0.3309795563965402	1.854819432635555	1.854819432635595	0.249765151199616	-0.004671174036292142	0.539087346990895	0.2293879846751798	-0.07706953864712976	0.07030162385795997	-0.001446677188571924	-0.2059684358388456	0.02178685776328312	-0.01613093420591168	0.09988960892907693	-20.29606342083069	14.87086314332156	-7.576609011204248	0.1673007038070896	-441.2505814339166	-31.43207096223412	-7.622035705462324	0.1117867360811709	0.3000520730065628	-0.4328246741349904	-0.868404801883638	0.1202796157007866	-0.4485649733314223	1.237405637032152	-1.377372869104086	-1.377372869117721	-0.3557518159021441	0.112052718077325	-0.7466189542008946	0.1042510563426316	-3.690207257487339e-07	-1.287836288846713e-06	4.227832496328244e-06	5.96511282563754e-08	-8.739841420723656e-07	-1.847723457495299e-06	-6.038489069493841e-07
0.5	-0.1592821485832269	0.04175490935844956	0.7912014808076028	0.8742380046139256	-0.3612192737894515	-0.02878783354215975	-0.3956856794259121	0.9009151093660837	0.9009151093660639	-0.02873736576754557	-0.1744205658960044	0.3107972642537264	0.1656828415005324	-0.6190761270581219	-0.1423242713436358	-0.4476230519458978	2.075831022072115	0.005498287055484778	0.5085754175962667	-0.3183627044704988	1.84034085353666	1.84034085353661	0.2468614071959839	-0.003544105118822352	0.5314705506780018	0.2306333948433787	-0.08112867760935416	0.07193228227258294	-0.001956262649942226	-0.2077922783683372	0.0201044351723418	-0.01540996206494545	0.1030746056309969	-20.96702040907154	14.84833415433499	-7.770748935986284	0.3044151995167935	-443.7933033037765	-31.35518965100946	-6.89070719934511	0.136544198669124	0.3115241583359885	-0.3792823470448687	-0.9930442062416728	0.1797896884427766	-0.5932354167872785	1.296093958725089	-1.509778699677141	-1.509778699677109	-0.1605334298791863	0.1230311643381598	-0.7687283689933628	0.1779145319572581	-3.637127450895274e-07	-9.676754313437433e-07	4.25225975849907e-06	1.018524885646604e-07	-8.472433611346146e-07	-1.586520890025112e-06	-5.861053142430994e-07
0.51	-0.1654644373658316	0.04034749926668482	0.7867073724785444	0.8949423975997031	-0.3611574820579949	-0.0237285564228383	-0.3988051687295582	0.9192397882052209	0.919239788205216	-0.02628364470530907	-0.1744505419232104	0.3160720905479445	0.167994386198835	-0.617299320993609	-0.1391382004520765	-0.4510983111111157	2.064765744877618	0.00684929516568277	0.5032137874145	-0.3055119870409471	1.824341095493954	1.824341095493938	0.2438707454689179	-0.002485221876186605	0.5234244713465976	0.231625267952994	-0.0849889030185612	0.07321240274138666	-0.002385835379839333	-0.210080435764486	0.01884248381854778	-0.01478748304227282	0.106091999282663	-21.52261161713123	14.8674241214746	-7.993277964411287	0.3941028058268152	-446.4784622431762	-31.29792775366003	-6.201114485466159	0.2105620053786233	0.3251051716579288	-0.3167690356057145	-1.205592442463947	0.1105425156085641	-0.5181254777360967	1.283036017640876	-1.683031747310802	-1.683031747305611	-0.3701753605260138	0.09297029184056337	-0.8331334911340489	0.05190199375283625	-3.569839954226869e-07	-6.920137116697297e-07	4.256650279242185e-06	1.375547512316473e-07	-8.19407742079753e-07	-1.342638089631892e-06	-5.697256352546498e-07
0.52	-0.171626495448783	0.03897254120725444	0.7821814872909644	0.9155276732202556	-0.3610826230167827	-0.0187249953371015	-0.4017954557823939	0.9373968779857748	0.9373968779857996	-0.02386019882358722	-0.1744707984404958	0.3212643388936644	0.1703142652868912	-0.6150299871276528	-0.1358338648767638	-0.4539784236502054	2.052007549026718	0.00811174900789258	0.4974322108781308	-0.2925222543085821	1.806823041821512	1.806823041821531	0.2408063710856188	-0.001600203128988041	0.5149549609783909	0.232300272794174	-0.08884912842775039	0.07449252321019774	-0.002815408109464041	-0.2123685931606332	0.01758053246475021	-0.01416500401959446	0.1091093929343453	-22.0746967436897	14.8776819128338	-8.205009508292104	0.4500002667356306	-449.1104961602138	-31.33149595721624	-5.55374128189461	0.2350497589576958	0.3351770950867551	-0.260253021819211	-1.33162793752218	0.1620788348452025	-0.6772246877076685	1.323897019287744	-1.81343782562413	-1.813437825624116	-0.1752759611258307	0.08825826525088408	-0.8534145763537725	0.1145408782703038	-3.488054814623423e-07	-4.617592754946523e-07	4.240595145467225e-06	1.666252816115953e-07	-7.904549412727376e-07	-1.116428520949864e-06	-5.547377049578686e-07
0.53	-0.1777634785468285	0.0376311728604711	0.7776298013466265	0.9359771409313618	-0.3609954760056907	-0.01378038172623666	-0.4046550772516171	0.9553714351289661	0.9553714351289511	-0.02146825237966932	-0.1744824881637364	0.3263699047828525	0.172639408832375	-0.6122834375192968	-0.1324242062094274	-0.4562548071225477	2.03760823851542	0.009305156670924889	0.4914688576566539	-0.2793806195621944	1.78784651109354	1.787846511093514	0.2375374748843975	-0.0007474715461572798	0.5060947073552227	0.2326737810403385	-0.09279586672568228	0.07566721621523684	-0.003156609888318286	-0.214680253119655	0.0161654633033741	-0.01368126963865894	0.1121678527532074	-22.70124451612838	14.96542420166203	-8.433882037665004	0.6059580623131675	-451.8953358131663	-31.26117297324005	-4.94856293534758	0.306906942476199	0.3462363723162812	-0.1958923451760393	-1.535790941272335	0.09546956331138377	-0.5596629755758535	1.312509698306881	-1.97593268178845	-1.975932681795064	-0.4095047700122412	0.08310421712441113	-0.911889759114582	-0.009892378512533792	-3.372791109423389e-07	-2.424211991551019e-07	4.18940921558402e-06	1.918772544529831e-07	-7.540321310374294e-07	-8.816128211171802e-07	-5.371778384698666e-07
0.54	-0.1838705062726481	0.03632437632431332	0.773058439300518	0.9562742738706898	-0.3608968953517155	-0.008896156114826432	-0.4073826397741773	0.9731489925677906	0.9731489925677471	-0.01911035656180502	-0.1744857858487893	0.3313849563350466	0.1749665578250597	-0.6090389126828804	-0.1289195027516538	-0.4579136440043181	2.021540594670573	0.01039847758512351	0.4853546109868361	-0.2661104649761157	1.767423100949383	1.767423100949313	0.2339962458674931	7.820452967197117e-05	0.4968520935794067	0.2327013622344168	-0.09674260502360391	0.07684190922027315	-0.003497811666857938	-0.2169919130786767	0.01475039414199018	-0.01319753525773994	0.1152263125720805	-23.32502221258179	15.04480496754407	-8.652422698000722	0.7301141810469955	-454.63620047227	-31.27903512584921	-4.385183250671718	0.3346448045697316	0.3541860531742805	-0.1367437037048209	-1.665294604231962	0.1420614850784841	-0.7074033773758476	1.349600987225949	-2.102813708860801	-2.102813708860886	-0.2297425242624676	0.0828471638506247	-0.9298866068831959	0.04535546785313804	-3.220487289095215e-07	-3.51607975271988e-08	4.099355170857649e-06	2.129044402304321e-07	-7.093446295197543e-07	-6.372754442667508e-07	-5.167724255575352e-07
0.55	-0.1899427796966097	0.03505306778646174	0.7684735863224272	0.9764027165525315	-0.3607876670676161	-0.004074262158239893	-0.40997686137652	0.9907153137923461	0.9907153137922441	-0.01678853744078481	-0.1744811641640239	0.3363058402853472	0.1772925528251417	-0.6053378858642192	-0.1253291495097108	-0.4589501737753471	2.003877445034497	0.01143559048996723	0.4789238989964331	-0.2527261845392705	1.745607532975722	1.745607532975715	0.2303873113615152	0.0007880786376826762	0.4872699659819641	0.2324457389619056	-0.1005649760545852	0.0777763933455055	-0.003748075226056724	-0.2195929570898875	0.01357681730602118	-0.01281144403188449	0.1181705187049723	-23.88871456940035	15.16997159362587	-8.894142091925429	0.8431272953447392	-457.4708701288283	-31.28323268524009	-3.862849688006951	0.3994887449457128	0.3634631310877551	-0.07122793196053238	-1.85743984194257	0.08217419396813672	-0.6264180207897211	1.333992214802723	-2.255868860979185	-2.255868860969469	-0.4234699344218156	0.05711720340544735	-0.9806007210485823	-0.06930059510549946	-3.056264175331242e-07	1.498743386282722e-07	3.988283045539214e-06	2.298988276641189e-07	-6.644066367366676e-07	-4.126478971524933e-07	-4.947036821668573e-07
0.5600000000000001	-0.1959757114274967	0.03381806341530658	0.7638815439829942	0.9963464047982863	-0.3606685400543158	0.0006802220962655238	-0.4124370100459157	1.008056491233289	1.008056491233134	-0.01450220786894714	-0.1744710318043988	0.3411292579826967	0.1796143357184378	-0.6011705740683103	-0.121658669412369	-0.4593515162727735	1.984589707452534	0.01237822342603695	0.4718726705693306	-0.2392958783868812	1.722394344227648	1.722394344227706	0.2268983360292816	0.001180339510846213	0.4773588429895719	0.2318589408773001	-0.1043873470855454	0.0787108774707667	-0.003998338785148244	-0.2221940011010936	0.01240324047005599	-0.01242535280598742	0.1211147248378811	-24.45058748630433	15.28741822105254	-9.126174180886798	0.9260695105993064	-460.2767434202002	-31.37119209655351	-3.38061594765334	0.4279018000192074	0.3702114242541234	-0.009706248984331672	-1.990212193409371	0.1231654913235921	-0.8315066647158748	1.358806130334795	-2.382337863743223	-2.382337863743276	-0.205750689513669	0.01932451688096196	-0.9956856858729867	-0.02087949456578042	-2.877737909444311e-07	3.082391562168256e-07	3.851989223510305e-06	2.420538570852913e-07	-6.191680544350871e-07	-2.116721457216413e-07	-4.706389422021635e-07
0.5700000000000001	-0.2019647746711806	0.03262010399122105	0.7592886482165985	1.016089438593558	-0.3605403116369739	0.005361823500476782	-0.4147626369417322	1.025158835466395	1.025158835466228	-0.01225042821846681	-0.1744580501914235	0.3458520484102234	0.1819287733216812	-0.5965657808128495	-0.1179253870485589	-0.459120682028508	1.963757893853513	0.01325046008729311	0.4644072705131363	-0.2258357313593757	1.697856688855888	1.697856688855941	0.22342635560028	0.001386970428510607	0.467149283242774	0.2309663216762283	-0.1081613197512611	0.07950904955569549	-0.004145283267569955	-0.2248444208317182	0.01119447968923858	-0.01214635754225209	0.1239809064903569	-25.03888634017334	15.46188383108402	-9.37401539190631	1.084969693238834	-463.0905019332534	-31.38641769010126	-2.937303498072699	0.488190435170506	0.3761106820329504	0.05540279209168901	-2.168574547856747	0.06610308503466394	-0.7105187661997356	1.338684401435457	-2.522059999064892	-2.52205999906559	-0.4225475103389078	0.0177120521686547	-1.04108617744883	-0.1333043329256522	-2.470600146203609e-07	2.33679775319972e-07	3.351792393100611e-06	2.030323941011975e-07	-5.313809019907849e-07	-1.498401899015587e-07	-4.156160637202044e-07
0.58	-0.2079055055129348	0.0314597221986916	0.7547012456988371	1.035616372531901	-0.3604039907867193	0.009967478486104313	-0.4169538492847774	1.042009287020741	1.042009287020574	-0.01003429353040469	-0.1744437263346913	0.3504712442286076	0.1842323144929043	-0.5915040936829571	-0.114143143101152	-0.4582528665459015	1.941369736066164	0.01399671000886457	0.4566833868517897	-0.2124129678328019	1.67201580847723	1.672015808477278	0.2197693435414569	0.00144878826454406	0.4566399211613527	0.2296796544732415	-0.1119352924169541	0.08030722164064832	-0.004292227749675843	-0.2274948405623338	0.009985718908422335	-0.01186736227848769	0.1268470881428519	-25.6264601861051	15.62934425059535	-9.61288125590446	1.216906894274218	-465.8918901723044	-31.48056173875624	-2.53160827748725	0.519280574905454	0.3800037409735609	0.1176899986838693	-2.30148103107493	0.09796814338654816	-0.8832033857464925	1.35132943014844	-2.642982865122767	-2.642982865122851	-0.2427570154779976	-0.009638099445501595	-1.05564615279757	-0.09968909494890123	-1.765735781758013e-07	-1.442227477904211e-07	2.37767536572992e-06	9.736247589164421e-08	-3.881816581978252e-07	-2.692187585978198e-07	-3.202756094948324e-07
0.59	-0.2137935249788315	0.03033736209948445	0.7501256892349591	1.054912009672201	-0.3602603903685985	0.01449252900848233	-0.4190109999482191	1.058595044527392	1.05859504452733	-0.007853177489006661	-0.1744301398613958	0.3549840760583113	0.1865217374357713	-0.5860267987704498	-0.1103239650716843	-0.4567513204405345	1.917505505043798	0.0146951784184344	0.4483876017893682	-0.1990381902755973	1.644929919010285	1.644929919010295	0.216324597795451	0.001282990268492521	0.4458805870967189	0.2281232170021092	-0.1155846648485022	0.08095053355599247	-0.004343316173723136	-0.2302859098709219	0.008914126737500442	-0.01167783565569638	0.1295870087243552	-26.18120379275284	15.84004098254679	-9.870210373078466	1.363645197791729	-468.6771819816153	-31.53664426548051	-2.162144480760439	0.5728900931164627	0.3836186754428326	0.1823919273946817	-2.466741786025438	0.05130584244178743	-0.793876547611668	1.327398105424216	-2.772205179850272	-2.772205179855953	-0.4147783651532895	-0.01754718165095379	-1.092981367241279	-0.1960363573271543	-1.108851794398731e-07	-5.458733610018043e-07	1.440663813866727e-06	-9.899890113952766e-09	-2.540691665377298e-07	-4.37996105760565e-07	-2.299848413336105e-07
0.6	-0.2196245842668613	0.0292533425488741	0.7455683492343209	1.073961434972641	-0.360110701335844	0.01893639958402106	-0.4209350335987042	1.074903780500896	1.074903780500943	-0.005710397907271477	-0.1744177106744466	0.359387933680575	0.1887931129471005	-0.5801120581102304	-0.1064750333817931	-0.4546095738979453	1.892127368093108	0.01521443293597433	0.4404473974820743	-0.1857895652416955	1.616611501848542	1.616611501848515	0.2121020516097929	0.001217330993793772	0.4348450796742877	0.2260701681657047	-0.1192340372800202	0.08159384547139581	-0.004394404597813816	-0.2330769791795019	0.007842534566591657	-0.0114883090328134	0.1323269293058822	-26.73672339863344	16.04419128906115	-10.11886271181643	1.493916310184657	-471.475164800972	-31.64686704736779	-1.827462803565918	0.6067697244478255	0.3859544730583443	0.2457300861283026	-2.604262216739765	0.06212536498045385	-0.8120872347211309	1.326098925487882	-2.889488404082445	-2.889488404082412	-0.3983171034084764	0.01038964482480934	-1.110880824356933	-0.1990113680034444	-5.198424868201004e-08	-9.81118833380436e-07	5.561429346726949e-07	-1.194149871480977e-07	-1.328111047241275e-07	-6.76654651729555e-07	-1.468375315070416e-07
0.61	-0.2253945023775215	0.02820791229569032	0.741035610656371	1.092749856141016	-0.359956124421306	0.02329845730403405	-0.4227271721486964	1.090923322885795	1.090923322885793	-0.003609258034730816	-0.1744069382753483	0.3636803092768262	0.191042472945032	-0.5738051218222359	-0.1026096433300971	-0.4518310992616388	1.865315549367757	0.01568744337224216	0.4319152918150987	-0.1726693358444873	1.587099375584051	1.587099375584034	0.2081152833536595	0.000920007019653094	0.4235944562376814	0.2237455583158355	-0.1227698047099423	0.08217508989000832	-0.004468422974028651	-0.2358956055072082	0.006827400395208872	-0.0113432223120917	0.1349480127955473	-27.27767979352593	16.26561241501937	-10.37086297770803	1.642123928662512	-474.2256834259123	-31.72492747236812	-1.525956881844915	0.6526131559533791	0.3870002026264671	0.3099506526643065	-2.755846624775788	0.03793438436610195	-0.8812109458764341	1.300306283606455	-3.011695380545316	-3.011695380543767	-0.4006186024410481	-0.05241092288366139	-1.137546436215966	-0.2574328000696032	-1.60418400587302e-08	-1.19252363271145e-06	3.302539669774964e-08	-1.787345188296433e-07	-5.63430094484326e-08	-7.875964860672927e-07	-9.446589208171009e-08
0.62	-0.2310993596103027	0.02720116972930395	0.7365338657248405	1.111262918137275	-0.3597972083021245	0.02757370622474914	-0.4243890441373616	1.106641819879461	1.106641819879418	-0.001548338227893694	-0.1743996626168314	0.3678590999721259	0.1932669374431465	-0.5670998825351272	-0.09873749602230927	-0.4484108446140697	1.837055533668684	0.01608227386514502	0.4230856376204924	-0.1597362529765246	1.556402423603046	1.556402423603039	0.204058038468518	0.0005179828715018745	0.4121280994849376	0.2210910682023282	-0.1263055721398321	0.08275633430867679	-0.00454244135015762	-0.2387142318349031	0.005812266223837948	-0.01119813559128294	0.1375690962852391	-27.82059407014553	16.48043906783634	-10.61388822635966	1.783547041164065	-477.0122171671357	-31.83598040656996	-1.256170148061537	0.686430324270588	0.3873059242767778	0.3740860883808332	-2.893901611484179	0.0464893763073892	-0.8715969402473528	1.288669619638797	-3.126453547385181	-3.126453547385246	-0.4124124292101115	-0.01055038997745376	-1.154027487584335	-0.264987420731109	-1.542023471942506e-08	-1.059558165815356e-06	6.591299905986973e-08	-1.608301038148812e-07	-4.87825550002885e-08	-7.020510717415624e-07	-8.944143788905214e-08
0.63	-0.2367353165186129	0.02623313402213872	0.7320694937796555	1.12948643090597	-0.3596345791516068	0.03175923370490594	-0.4259225758277341	1.122047633567069	1.122047633567037	0.0004719409178701728	-0.1743966093317748	0.3719222579534467	0.195463449916252	-0.5600305895803374	-0.09487265597969517	-0.4443587808476592	1.807420186809065	0.01644070922121476	0.4139392582480723	-0.1470167480779422	1.524577121426526	1.52457712142652	0.2000337407987864	8.013241601512476e-05	0.4004765516527597	0.2181735041209128	-0.1296789093027909	0.08326587708842792	-0.004642935370155684	-0.2415107656226474	0.004859903614117425	-0.0110868622689951	0.1400250759706643	-28.34021565755061	16.70447463377861	-10.85678460968882	1.940078338252144	-479.6566016028287	-31.91888637724509	-1.016745346671747	0.726307531977751	0.3855915356647511	0.4364722475227934	-3.032382847851159	0.03013587358835438	-0.9483448985103177	1.256591477913828	-3.238030167546636	-3.23803016754646	-0.3921760174302215	-0.06230797134045962	-1.174804568680278	-0.3106856435029035	-1.486516273362913e-08	-9.292022050464215e-07	9.604703736658912e-08	-1.428554008102111e-07	-4.229957345125723e-08	-6.194967215975962e-07	-8.397836324729795e-08
0.64	-0.2422987547471926	0.02530365041368202	0.7276487836174846	1.147406783881145	-0.3594684425958641	0.03585086009879322	-0.4273303123585305	1.137129701909955	1.13712970190994	0.002453029570631549	-0.1743983156708758	0.3758680832289127	0.197629677800212	-0.5525961465897753	-0.09102707628060043	-0.4396784880112188	1.776423574963427	0.01678375491053971	0.4043054203648093	-0.1345772210615372	1.491653354659559	1.491653354659553	0.1962199398660348	-0.0004339419597208939	0.3886615583147539	0.2150341503732519	-0.1330522464657179	0.08377541986822465	-0.004743429390001123	-0.24430729941038	0.003907541004405155	-0.01097558894663771	0.1424810556561174	-28.86232451325685	16.92209101945573	-11.09082817497105	2.090287301252183	-482.3499694583046	-32.03552150918075	-0.8064137576506506	0.759460331424936	0.3834538555729836	0.4997319023867923	-3.166154608688021	0.04341144295839215	-0.9690886424159838	1.232674043203315	-3.346146465474678	-3.346146465474702	-0.370313081814144	-0.02579517402738447	-1.186716588749795	-0.3093453539801954	-1.442157906992968e-08	-8.032189302202964e-07	1.215669953642587e-07	-1.247629179305598e-07	-3.762208703046911e-08	-5.419544249473972e-07	-7.77803029881392e-08
0.65	-0.2477861288975327	0.02441249231717812	0.723277984540928	1.165010557719784	-0.3592989202205301	0.0398447116239092	-0.4286150882612821	1.151877208789496	1.151877208789478	0.004396274601902687	-0.1744049119092123	0.3796950056077322	0.1997634386273489	-0.5448204457159007	-0.08721056209574048	-0.4343785255078271	1.744111303502686	0.01711568928294733	0.3944527959405067	-0.1224371733404309	1.457676672168155	1.457676672168162	0.1924005463800077	-0.0008649289849749939	0.3767003734325	0.2116762140334639	-0.1362824622996789	0.08421607820884772	-0.004854998500428728	-0.2470512720004525	0.002999825546485893	-0.0108986202112167	0.1447934343429997	-29.36654974354498	17.14941295061	-11.32406377298906	2.25583804957444	-484.8998183873138	-32.11748363734769	-0.6239568327234832	0.795354163869971	0.3798247254460708	0.5605417735106883	-3.296752528752525	0.02734639545739613	-0.9952422975600009	1.195788058762211	-3.449116748290107	-3.449116748288209	-0.3921262101212189	-0.04869917680640778	-1.204234424653928	-0.3551906506231087	-1.389339713527546e-08	-6.835671570168971e-07	1.463131179899545e-07	-1.074898022091191e-07	-3.256747511423853e-08	-4.643204472871616e-07	-7.229568521107529e-08
0.66	-0.25319400019943	0.02355931426762372	0.7189632677592441	1.182284611021023	-0.3591262261092583	0.04373965831376109	-0.4297802401023816	1.166279811322657	1.166279811322638	0.00630045095270619	-0.174415207759811	0.3834016331403902	0.2018623855157586	-0.5366955769019841	-0.08343106689069858	-0.4284620290366588	1.710479467482529	0.01741810209837119	0.3845244533112948	-0.1106524087314195	1.422672485384076	1.422672485384096	0.1884062037690113	-0.001173864411510693	0.3646025890826181	0.2080713626278755	-0.139512678133615	0.08465673654948425	-0.004966567610673739	-0.2497952445905179	0.002092110088565561	-0.01082165147577905	0.1471058130299067	-29.87367396071524	17.37052925442432	-11.54864245035078	2.415540920927873	-487.5093293095885	-32.23307724592013	-0.468201205544809	0.829293919433342	0.3760500596094389	0.6230386959420946	-3.43006752057132	0.03750713156161247	-0.9842322833979301	1.161617420784343	-3.551647324009705	-3.551647324009661	-0.405302906807994	-0.001384854283773914	-1.214036482275324	-0.3587283671402677	-1.321052121944684e-08	-5.754929867807687e-07	1.696442273640414e-07	-9.171495786269231e-08	-2.682326229205603e-08	-3.865188243514308e-07	-6.811564797269913e-08
0.67	-0.2585190094975073	0.02274371031089077	0.7147107500695395	1.199215993817569	-0.3589505713767743	0.04753523770693651	-0.4308293674486089	1.180327414469463	1.180327414469501	0.008163698578866877	-0.1744277056788143	0.3869866758411531	0.2039241865798445	-0.5282530213288389	-0.07969888292221659	-0.4219422318934959	1.675589287250847	0.01771027401457587	0.3745773547314943	-0.09924641621239502	1.386689575568314	1.386689575568315	0.1842180570095858	-0.001303692111149498	0.3523890285683322	0.2042525654538942	-0.1425468392893224	0.08501852803246608	-0.005090207627468593	-0.252486008342184	0.001276343400313436	-0.01077323958497163	0.149232882511924	-30.3435993431352	17.59590067735252	-11.77203273209679	2.577824926133094	-489.91979113946	-32.32007060934787	-0.3379838882136133	0.8597202581768311	0.3704125560173759	0.6813371763658373	-3.549668740139945	0.02468312955607755	-1.002125640792383	1.119086812662537	-3.645385005880614	-3.645385005883435	-0.42942866942712	-0.01546476684485381	-1.227578030557347	-0.3988409337775075	-1.227688606509037e-08	-4.752937806652639e-07	1.863879662568378e-07	-7.715245168635382e-08	-2.070781246901046e-08	-3.131142688835691e-07	-6.368541935213149e-08
0.68	-0.263757996463465	0.02196515019195278	0.710526407741839	1.215792239718668	-0.3587720727435479	0.05123091071520864	-0.4317666355406042	1.194010434079008	1.194010434079097	0.009984293115649193	-0.1744408384826079	0.3904490704978642	0.2059467225639403	-0.5194911104788341	-0.07602229933170569	-0.414826956635874	1.639452088392228	0.0179868822470308	0.3645431763308394	-0.0882805578853411	1.349755777931708	1.34975577793169	0.1798755858934687	-0.001300841372428267	0.340072980271963	0.200218346629894	-0.1455810004450127	0.08538031951543613	-0.005213847644288194	-0.2551767720938541	0.0004605767120542961	-0.0107248276941848	0.1513599519939611	-30.81674643992462	17.81524097592972	-11.98692862604621	2.734520289736082	-492.3997597212017	-32.44044126958838	-0.2321518384162282	0.8931649748051751	0.3649299840152861	0.7421343188339051	-3.679471245958973	0.03439439481163502	-1.001648247568855	1.073590582390229	-3.741824888178353	-3.741824888178352	-0.4361677781462941	0.02515083338817944	-1.234534038691875	-0.4018126971440401	-1.084173243367823e-08	-3.908445027910062e-07	1.899569641870538e-07	-6.501462185019199e-08	-1.38498886442388e-08	-2.485038483514452e-07	-5.875480796718087e-08
0.6899999999999999	-0.2689078700533218	0.02122304216220596	0.7064161441952028	1.232001090952172	-0.3585907789303843	0.05482565312977535	-0.4325965140782151	1.207319518062103	1.207319518062329	0.01176100645944125	-0.1744531670719202	0.3937878642799956	0.2079280277480014	-0.5104327056869854	-0.07241161173896048	-0.4071304192183097	1.602120180072909	0.01827297462229576	0.3543518589536132	-0.07778442908055157	1.311913431968928	1.311913431968899	0.1754816687668884	-0.001153574086064515	0.3276739128870588	0.1960149629526133	-0.1484211531399586	0.08568196689631642	-0.005349849024903456	-0.2577657271305411	-0.0002996737086946802	-0.01070492427380422	0.1533026634875051	-31.26276690628891	18.03905299006811	-12.19892776597382	2.90442228248549	-494.6542439051112	-32.52322556643467	-0.1495313589842432	0.9198093118145267	0.3572810433640011	0.7977116463032147	-3.789751058935988	0.02586715243750076	-1.035943390460128	1.024232112925307	-3.827566384481483	-3.827566384483123	-0.4388633253917595	0.01123188945784671	-1.244388701751133	-0.4337309198480006	-9.491335389041966e-09	-3.096068861635757e-07	1.932063761807508e-07	-5.315213824021076e-08	-7.526536079140991e-09	-1.871494138250219e-07	-5.385990272862309e-08
0.7	-0.2739656333791683	0.02051666958767875	0.7023857056613594	1.247830683015684	-0.3584065940947573	0.05831686838903113	-0.4333241097110959	1.220245753198741	1.220245753199096	0.0134942087028605	-0.1744636795457094	0.39700230826561	0.2098664731519237	-0.5010690576775531	-0.06887520828778436	-0.3988619540773664	1.56360025439288	0.01856508673971195	0.3438377452699598	-0.06782397693969468	1.273186008640004	1.273186008639964	0.1711733658211932	-0.0009376182718095212	0.3152030209676986	0.1916463906022142	-0.1512613058348876	0.08598361427715775	-0.005485850405647065	-0.2603546821672404	-0.001059924129458446	-0.01068502085348848	0.1552453749810704	-31.7122952495006	18.25710230800977	-12.40272449993069	3.069375902690024	-496.986736732176	-32.63820632054448	-0.08893046933085169	0.9542136183218725	0.3500731557015278	0.856519863509708	-3.917074718101059	0.03559834324187241	-1.066207508854301	0.966455249603699	-3.918840361407108	-3.918840361407104	-0.4190449419692773	0.03888853896641453	-1.248898945582997	-0.4348504317676999	-8.326856018623695e-09	-2.354142038840217e-07	1.95754760958858e-07	-4.189363990056078e-08	-2.375791438488844e-09	-1.329371421498109e-07	-4.904332064989459e-08
0.71	-0.2789283333983407	0.01984526189168113	0.6984407522631285	1.263269341528104	-0.3582194911129998	0.06170176179443389	-0.4339548318101276	1.232780439179261	1.232780439179863	0.01518432650051026	-0.1744715529770599	0.4000917103339616	0.2117603538221799	-0.4914221491840719	-0.0654209967433845	-0.390038169713133	1.523943521586816	0.01884601529471781	0.3331116153318782	-0.05842409819312377	1.233614647477346	1.233614647477316	0.166825478226029	-0.0006360000857232671	0.3026660730106694	0.1870851494586	-0.153894232759786	0.08620016138438195	-0.005624432894152748	-0.2628281105763429	-0.001757260715435839	-0.01068072895030507	0.1569982678329002	-32.12901610715912	18.4712594311603	-12.600271580713	3.242201611717937	-499.0701108032825	-32.72743945919703	-0.04911661991037316	0.9772458990063151	0.3408884925922876	0.9088913544705224	-4.018164241189221	0.02289367127299658	-1.080253391005932	0.9112058881810713	-3.996755864146981	-3.996755864145549	-0.4463968048379625	0.02598836671403277	-1.257799938280939	-0.4734449633317631	-5.966671928358217e-09	-1.434921577145634e-07	1.872924930511908e-07	-2.862965191855117e-08	5.27796337307593e-09	-6.730679539956601e-08	-4.132466610749233e-08
0.72	-0.2837931010457452	0.01920795497888432	0.6945867534348579	1.278305794376603	-0.3580298681337628	0.06497850636950114	-0.4344946647814921	1.244915317174064	1.244915317174907	0.01683021819488971	-0.1744763722448848	0.4030554014792458	0.213607285279465	-0.481482583324795	-0.06205505164762531	-0.3806710400853272	1.483159121607545	0.01906908623545738	0.3222079792049599	-0.04964615140667331	1.193224411496615	1.193224411496594	0.1623281451689441	-0.0003267855682688832	0.2900608363529188	0.182256548008044	-0.1565271596846627	0.08641670849155017	-0.005763015382770562	-0.26530153898546	-0.002454597301433813	-0.01067643704721726	0.1587511606847565	-32.54944017765738	18.67989981633819	-12.78989730016814	3.410714520806151	-501.2391986854663	-32.8473400551045	-0.02882069302307862	1.012745091480997	0.3324198659734479	0.9651889162241811	-4.142608152742532	0.0240268203886136	-1.101708746621638	0.8420688575796157	-4.08261532502161	-4.082615325021631	-0.4489340343534106	0.04040780524003937	-1.262556685727191	-0.4883224931560337	-7.203040315649517e-10	-8.775095259128526e-09	1.522527876261369e-07	-1.052482686877684e-08	1.897346687305061e-08	2.588442222145068e-08	-2.660100906656708e-08
0.73	-0.2885572761051587	0.01860383970669617	0.6908290538410924	1.292929185491992	-0.3578381316451699	0.06814538471574771	-0.4349496473857057	1.256642398370581	1.256642398370987	0.018430637711803	-0.1744777215071945	0.4058927745591849	0.2154048947065899	-0.4713201632607281	-0.05878485988473189	-0.3707854804807756	1.441359029144074	0.0192632200217122	0.3111147991719818	-0.04144820810380339	1.152066393605414	1.152066393605399	0.1577445079324381	3.549191105217816e-05	0.2774026759872324	0.1772125451266735	-0.1589504967368683	0.08660962929691943	-0.005906476668715212	-0.2676312992803854	-0.0030694441647443	-0.01071285570223958	0.1603229294384283	-32.93180972438619	18.89883954832051	-12.98034456337255	3.578478651519761	-503.1341243526613	-32.90265564888242	-0.0254244062131189	1.022829539139019	0.3217907958454031	1.012754997389677	-4.222720870941962	0.01483410163226416	-1.121062304972154	0.7939812664685477	-4.151206972785257	-4.151206972784525	-0.4647587054427126	0.03095082040676052	-1.269106760492678	-0.5203874801986549	2.679906068669502e-09	1.055015370413483e-07	1.390785625722433e-07	5.839964529583981e-09	2.857473907150107e-08	1.099873045777188e-07	-1.669457333461556e-08
0.74	-0.293218859148874	0.01803192074501675	0.6871727129463359	1.307129773467191	-0.3576449083299368	0.07119974332699064	-0.4353255857169235	1.267954136997864	1.267954136997828	0.01998488482890727	-0.1744760853745131	0.4086032338257711	0.2171504744459865	-0.4609641801858902	-0.05561578954588268	-0.3603993002835055	1.398598493568896	0.01936645156350843	0.2997040322055512	-0.03383729680783071	1.110155897649575	1.110155897649564	0.153093665210191	0.0002702934355141396	0.2646780736814141	0.1718506104624564	-0.1613738337890741	0.0868025501022502	-0.006049937954794711	-0.2699610595753241	-0.003684291028066951	-0.01074927435732591	0.1618946981921036	-33.3193606077577	19.11517950395526	-13.16637153499555	3.74660897971905	-505.1337601640987	-32.98099131666313	-0.02539586201766473	1.051457693635169	0.3121955811646562	1.065313034767863	-4.334696775083963	0.005846371496864126	-1.165226133312176	0.7246624562001754	-4.233110937949381	-4.233110937949407	-0.4623751315016364	0.01491261426814754	-1.275845073753513	-0.5519088497253876	1.157028711413697e-09	1.652703555952693e-07	1.842122851747782e-07	1.756466619084203e-08	2.725806113255337e-08	1.698546262279901e-07	-1.963406109326094e-08
0.75	-0.2977759494404417	0.01749116982774996	0.6836226821440249	1.320898076074788	-0.3574510638908777	0.07413892403078462	-0.4356284589237004	1.278843139150025	1.278843139150018	0.02149189064253028	-0.1744724540890542	0.4111861494800068	0.2188409174813402	-0.4504191460565878	-0.05255271012814706	-0.3495279991193549	1.354906517526501	0.01938869064844944	0.2880938676189653	-0.02685343123625583	1.067528724801851	1.067528724801828	0.1482853679378915	0.0004420158145318324	0.2518965590433254	0.1661881468026707	-0.1635753322861538	0.08687889003687926	-0.006187438162629896	-0.2721385289637608	-0.004237904659228469	-0.0107452047566209	0.1632736441290293	-33.66487134326182	19.29505420730395	-13.33342601304978	3.905678973447317	-506.850627291734	-33.09722008830162	-0.02536279571351644	1.061235869278489	0.3006219548316911	1.109873070906959	-4.409774611497606	-0.001690926471817399	-1.164653590284281	0.6678356043465367	-4.294887289006702	-4.294887289008538	-0.4933584707746745	0.01626366384543893	-1.280569829453635	-0.5809520093606468	4.355360122041559e-10	2.107135093714931e-07	2.09554194457023e-07	2.646391996535412e-08	2.730438713344347e-08	2.130816793728178e-07	-2.04424689981625e-08
0.76	-0.3022265474713727	0.01698050127121139	0.6801837312360889	1.334224793603423	-0.3572574177816629	0.07696085469491994	-0.4358649760754182	1.289302396207545	1.289302396207566	0.02295015319427745	-0.1744675132569761	0.4136409969537402	0.2204732285030446	-0.4396657280592666	-0.04959931740023886	-0.3381833214085139	1.310281477776885	0.01932678559481229	0.2762540242742791	-0.02056608579627728	1.024206878721214	1.024206878721179	0.1433450128383696	0.0005322027586211391	0.239064437580554	0.1602242077326637	-0.1657768307832607	0.08695522997148915	-0.006324938370590955	-0.2743159983522081	-0.004791518290392783	-0.01074113515594513	0.1646525900659311	-34.01553417838559	19.47222750874909	-13.49593375666699	4.06545252440234	-508.6787098675505	-33.23755985896224	-0.02532699693346598	1.093134467238897	0.2902582431992238	1.15998834410592	-4.521309516528337	-0.01098245621882476	-1.211161884932279	0.5853584298809249	-4.372045584531977	-4.372045584531977	-0.4887866969461152	-0.001394472717654944	-1.285966438689975	-0.6122039317697154	2.086141900811605e-09	2.137526954057328e-07	1.763123363112076e-07	2.699984799509801e-08	3.138520479625352e-08	2.070535377415313e-07	-1.494288053598221e-08
0.77	-0.3065685304723104	0.01649880911245468	0.6768605444671451	1.347100631454252	-0.3570647380536044	0.07966313695511015	-0.4360422540429126	1.299325071582223	1.299325071582248	0.02435857097011771	-0.1744619832644235	0.4159673236735236	0.2220445429449744	-0.4286863490314421	-0.04675801854034251	-0.3263794103644239	1.264727330849858	0.01919640687717415	0.2641595662621245	-0.01502788155864919	0.9802217771893388	0.9802217771893137	0.138323789808437	0.0005601451077366999	0.2261961486350768	0.1539930746965039	-0.1677798297423025	0.08705945704567755	-0.006457803246657056	-0.276300023052748	-0.005271187951707165	-0.01078079065855693	0.1658597455768721	-34.329787382242	19.66294050148269	-13.66165659576891	4.219545165268486	-510.2182253217256	-33.29679198218066	-0.02528759821939472	1.107018537917364	0.2782355613695526	1.20179269051772	-4.59628072928599	-0.01601044184195614	-1.215013594417687	0.5172953423150033	-4.427703147033092	-4.427703147031553	-0.5109817902485577	0.0028819832225171	-1.287963471678448	-0.6354612223373669	3.436943724376186e-09	2.172419625426942e-07	1.481236227101053e-07	2.78534280242254e-08	3.480172676585851e-08	2.025617095132616e-07	-1.01725336096103e-08
0.78	-0.3107993838994944	0.01604496391309398	0.6736576368498334	1.359516165146112	-0.3568737510851858	0.08224318946817404	-0.4361683011837044	1.308904703799679	1.308904703799709	0.02571633817876404	-0.1744565751694741	0.4181648268340084	0.2235521674099826	-0.4174398133091028	-0.04402992552103844	-0.3141274910820841	1.218220645982979	0.01898823366730592	0.2518080748475467	-0.0103199204565831	0.9355982472767519	0.935598247276737	0.1332148994092393	0.0005078232367056513	0.2132997257215258	0.1474862123484141	-0.1697828287013592	0.08716368411988891	-0.00659066812299874	-0.2782840477532967	-0.005750857613012346	-0.01082044616111926	0.1670669010878006	-34.64914445994417	19.85096833714958	-13.8228634987692	4.37533819242754	-511.8723613701915	-33.3775085805103	-0.02524615667724928	1.146565806141822	0.2676170750808083	1.249589991755859	-4.711817104498979	-0.02654135466489695	-1.262568565416972	0.4193098027685569	-4.499731260674292	-4.49973126067427	-0.5063201707991428	-0.01744731674708239	-1.291593232304695	-0.6673497941557567	3.797088637364372e-09	2.222184541929971e-07	1.366322563002281e-07	2.975664074696778e-08	3.60231847057425e-08	2.031463951384384e-07	-7.811854366779026e-09
0.79	-0.314916507347446	0.01561782477630138	0.6705794312075511	1.371462016840482	-0.3566851527929814	0.08469854730776533	-0.4362514256416081	1.318034997682225	1.318034997682229	0.02702260816832965	-0.1744518989873067	0.4202332455599538	0.2249934937075567	-0.4059417037751044	-0.04141742098817068	-0.3014440560314246	1.170799168875026	0.01872291259332539	0.2392284096559943	-0.00645094925098626	0.8903617073356487	0.8903617073356402	0.1280241978803457	0.0004247372737196549	0.2003804699959099	0.1407418127658304	-0.171591624154619	0.08720185839894536	-0.006716775868643797	-0.2800808463791457	-0.006187564335738012	-0.0108372217377178	0.1681164451980913	-34.93364997558217	20.01231298833761	-13.96765812889222	4.522459376040365	-513.2507980937827	-33.46791832564937	-0.02520312730799966	1.157910312195879	0.2551455211168971	1.2881648602669	-4.77989036644134	-0.02783292375804005	-1.260920353200794	0.3487940603778795	-4.550437454895246	-4.550437454894317	-0.5276570032452963	-0.004103544818095727	-1.292613254431859	-0.6836213321946204	4.113010259559545e-09	2.266186461044697e-07	1.259324792700655e-07	3.149352864935806e-08	3.727520695213172e-08	2.039524000229931e-07	-5.688644032496773e-09
0.8	-0.318917354343021	0.015216226360583	0.6676301488354843	1.382929138293276	-0.3564994687995163	0.08702705752401003	-0.4363002397312524	1.326709961746545	1.326709961746521	0.02827652877073427	-0.1744481265265118	0.4221723674262927	0.2263662487509278	-0.3941845228344334	-0.03892178130619615	-0.2883428370389629	1.122474597667153	0.01840537391960655	0.2264385501773856	-0.003457846808496339	0.8445322836318685	0.8445322836318659	0.1227450219790203	0.0003270789609854882	0.1874403538006209	0.1337719615078494	-0.1734004196078728	0.08724003267801728	-0.006842883614336471	-0.2818776450049954	-0.006624271058461001	-0.01085399731428937	0.1691659893083896	-35.22299085636664	20.17071803882375	-14.10765936767573	4.671671964035919	-514.7460600633791	-33.57855815998112	-0.02515888774917911	1.198380087476282	0.2442441049022009	1.333146780116306	-4.892435924483002	-0.03698487461259857	-1.304607422828282	0.2441360501472582	-4.618308013209685	-4.618308013209737	-0.5240150452855379	-0.02036178669679368	-1.295765326239291	-0.7124401292352508	4.264673944523536e-09	2.288782961288586e-07	1.181728913645576e-07	3.26126386475834e-08	3.864075376554035e-08	2.055804478709509e-07	-4.447461072825125e-09
0.8100000000000001	-0.3227992893666069	0.01483902973538855	0.6648138755377494	1.393908598924437	-0.356317181727626	0.0892267900275482	-0.4363234625895245	1.334923932822816	1.334923932822791	0.02947718909561604	-0.1744452738146288	0.4239821235387063	0.2276683341796286	-0.3821482495841887	-0.03653377756545297	-0.2748507277023576	1.07326981886775	0.01804389609703883	0.2134865207388511	-0.001336677872427951	0.798188460574173	0.7981884605741666	0.1173680488651664	0.0002457825372322419	0.1745206725930541	0.1266176661826057	-0.175061371532805	0.08724875123067724	-0.006966482769891095	-0.2833710430528622	-0.007028780154527256	-0.01087365681072528	0.1701029951495903	-35.47753921694001	20.31479973090219	-14.23454408596407	4.781648400699505	-515.8929607455686	-33.64242415758509	-0.02511136687626693	1.21438694624178	0.2336501372275644	1.366415180126574	-4.956653779709091	-0.0369768188078527	-1.293705117968709	0.1736143635819259	-4.653439420317634	-4.653439420318171	-0.5473635642664063	-0.001631245150143135	-1.288587760764534	-0.7210929034968814	4.337807604994692e-09	2.288984646938094e-07	1.098832393574682e-07	3.347972344312383e-08	3.983451299240009e-08	2.052917842206258e-07	-3.27466074912583e-09
0.82	-0.3265592344571988	0.01448522747331507	0.662134357767319	1.404391580783202	-0.3561387589505079	0.09129636135398693	-0.4363299723489369	1.342672261674856	1.342672261674827	0.03062351466536674	-0.1744431576019683	0.4256629791904907	0.2288980429212114	-0.3697865362362238	-0.03424290868200188	-0.2609917315780285	1.023178843186741	0.01763251496530772	0.2004063147562123	-0.0001152270065619205	0.7514038387857522	0.7514038387857422	0.1118780709580716	0.0001797791160591903	0.1616602616755206	0.1192966240842453	-0.1767223234577076	0.0872574697833651	-0.007090081925568737	-0.2848644411007306	-0.007433289250590333	-0.01089331630711179	0.1710400009908227	-35.73671366247086	20.45579944357014	-14.35649194712462	4.89392474902322	-517.1586919501456	-33.72502061844482	-0.02506344826960404	1.263468107020282	0.2248171334438156	1.406524137661083	-5.069675300804104	-0.04696553644530538	-1.330242731649166	0.06419243610678083	-4.70646775935472	-4.706467759354709	-0.5466160039337229	-0.01730318618080846	-1.283911268232577	-0.7457894838586251	4.080288530759193e-09	2.19489237640074e-07	9.936173850161522e-08	3.328564949051735e-08	4.030495606536976e-08	1.969327563670053e-07	-2.389787313731178e-09
0.83	-0.3301944741807246	0.01415389872798261	0.6595951279839022	1.414369895290259	-0.3559646677370076	0.09323433242342741	-0.4363277290986906	1.349950731603466	1.349950731603484	0.03171462943207012	-0.1744416327779582	0.4272156110892432	0.2300538334690218	-0.357256767387626	-0.03203391914631532	-0.2468064056351353	0.9723994210428905	0.01717852017125926	0.1871488842488402	0.0005125001203238496	0.7042352515228644	0.7042352515228641	0.1063507588481741	0.0001227391178762867	0.1488838292143553	0.1118428142414629	-0.1784130213664116	0.08723826439107453	-0.00721576199910857	-0.2860012437004992	-0.007925987504762592	-0.01090085667633311	0.1720550242248637	-36.00335775891739	20.57666990622804	-14.4567562573684	4.963961248112895	-518.2046758099667	-33.77772528323263	-0.02501458746218191	1.248428743806949	0.2172846744128825	1.431717882053249	-5.094769536504481	-0.04571912143284913	-1.32933472482643	0.05435631178225843	-4.730288190375251	-4.730288190373797	-0.5548851500361328	-0.0002419814171359157	-1.271842354104414	-0.7480218057304929	3.713488765213993e-09	2.107591524210114e-07	9.012101860169592e-08	3.336864831978035e-08	4.029423413374625e-08	1.892007570298826e-07	-1.594638987809664e-09
0.84	-0.3337042767217562	0.01384432884016349	0.6571991876718041	1.423837876802819	-0.3557953370055577	0.09503856088488914	-0.4363207498851348	1.356755868863325	1.356755868863386	0.03275065181055128	-0.1744407458688834	0.4286410120395725	0.2311345169041558	-0.344699099737938	-0.02989113717933568	-0.232333837314279	0.9211122442858808	0.01668041855527986	0.173657793159662	0.0008319656793059854	0.6567373050351987	0.656737305035208	0.1008595933175441	5.219612849200148e-05	0.1362140719913533	0.104275201548984	-0.1801037192750801	0.0872190589988026	-0.00734144207273545	-0.2871380463002695	-0.008418685758935479	-0.01090839704552274	0.1730700474589418	-36.27433829787345	20.69433676292156	-14.5519832606355	5.036210129743901	-519.3695646007498	-33.84759308179918	-0.02496621606877508	1.269047867238304	0.2115756197024544	1.463972613253708	-5.171226223435879	-0.0557869008315182	-1.376974848010397	0.002540122525821217	-4.772339604310277	-4.772339604310297	-0.5393866880802247	-0.02000378442112228	-1.262576220599856	-0.768550053797933	2.81957037099847e-09	2.053049278162534e-07	8.705818331275185e-08	3.478811586159028e-08	3.796259865055553e-08	1.844932481841027e-07	-1.2322823664057e-09
0.85	-0.3370884809447774	0.01355589465561101	0.6549493524035213	1.432790583400273	-0.3556311928076978	0.09670700646969035	-0.4363116912572914	1.363084438139746	1.363084438139786	0.0337316920450656	-0.1744405030801842	0.429940283734465	0.2321390210061567	-0.3321473631975789	-0.02780279763942385	-0.2175910527488423	0.8693572052949567	0.01614035262177288	0.1600194677669587	0.0009692381730641275	0.6089274704845079	0.6089274704845162	0.09532876590426291	6.68156699181694e-07	0.1236608760939245	0.09660930049103703	-0.1818162938368544	0.08720412629056284	-0.007462689790417803	-0.28796538405028	-0.009020475097865504	-0.01091206812956088	0.1741384665339807	-36.56504721542762	20.7996483065303	-14.6291015519381	5.097976987271805	-520.3695705080755	-33.88299882773568	-0.02491877597641621	1.247395302193416	0.2064056334626573	1.485763114051449	-5.188421424327679	-0.05434654875927799	-1.359029277539121	0.01774255401830256	-4.792667160118506	-4.792667160118625	-0.5628630376300872	0.002946386064604382	-1.248590460023844	-0.7680997447924834	1.963050680972985e-09	1.992989021007927e-07	8.338738670464401e-08	3.604687339621024e-08	3.568731186197703e-08	1.792224337576488e-07	-8.238015330208943e-10
0.86	-0.3403473360514408	0.01328813236892317	0.652848211328065	1.44122358387034	-0.3554726952910027	0.09823871522203824	-0.4363015755562501	1.368933436714726	1.368933436714741	0.03465683755149359	-0.1744406408332742	0.4311146436332403	0.2330663681749782	-0.3196292764668775	-0.02575675760640878	-0.2025949987489144	0.8171710188077511	0.01555108232230663	0.146310426668704	0.001043380315509474	0.5608231647470158	0.5608231647470234	0.08968064770386217	-2.391223017229669e-05	0.1112317127681175	0.08884381491311502	-0.1835288683986078	0.08718919358232972	-0.007583937508183493	-0.2887927218002939	-0.009622264436797321	-0.0109157392135875	0.1752068856090417	-36.85982407031056	20.90170984713768	-14.70117586884962	5.161891917067888	-521.487626635294	-33.93392550023061	-0.02487265069173542	1.262317905306774	0.2031157183231252	1.514626500151958	-5.257455722692224	-0.06562777402338751	-1.391117989120694	-0.01008594773712094	-4.831233841670525	-4.831233841670516	-0.5628448455041465	-0.01461426743687887	-1.23776970627544	-0.7884669577929485	1.315963734411719e-09	1.902027901653968e-07	7.631200670921887e-08	3.640565489056634e-08	3.372757776322695e-08	1.707971080794201e-07	-1.570251125433663e-10
0.87	-0.3434810847294826	0.01304066787288614	0.6508982534997233	1.449132488511196	-0.3553203143073182	0.09963293561683007	-0.4362910395864735	1.374300000965566	1.374300000965563	0.03552501883015764	-0.1744408590420803	0.4321654126117377	0.233915676202636	-0.3071143160948407	-0.02373809915841111	-0.187358597521144	0.764528233337056	0.01491607100637673	0.132512089745414	0.001050156747699781	0.512448355463074	0.5124483554630773	0.08394755522427975	-2.008994565504345e-05	0.09895020479207445	0.08100733958412895	-0.1850965548158162	0.08713263918535102	-0.007697061921834353	-0.2894532118046151	-0.01008564450773971	-0.01091204877503773	0.1761923440678519	-37.08944265474581	20.98309872346547	-14.76302463472056	5.146179560412712	-522.3725857704261	-33.9754104841847	-0.02482759798826624	1.247008208006891	0.2009546179448042	1.533848748868947	-5.279939494920479	-0.06381099231425114	-1.377415583252029	0.004010903829746944	-4.846804049858276	-4.84680404985893	-0.5797303341523159	0.007850392011685345	-1.219114640391284	-0.7828426810761564	7.629488218176489e-10	1.80422608005219e-07	6.916392575413719e-08	3.645411517449176e-08	3.183052722746689e-08	1.615157059524104e-07	4.978084290707657e-10
0.88	-0.3464894991828313	0.01281333270331051	0.6491018000466149	1.456512515390214	-0.3551745580731803	0.1008885278345254	-0.4362808455593353	1.379181577207947	1.379181577207925	0.03633563140700367	-0.1744410450449125	0.4330942118510498	0.2346862985048787	-0.2945624315286198	-0.02173089231412811	-0.1718941237022119	0.7113954664398683	0.01422613241298957	0.1185847912493713	0.0009749917851878931	0.4638255630550417	0.4638255630550407	0.07816690734601799	-1.747103650908866e-05	0.08683776493112988	0.07310666983015544	-0.1866642412330172	0.0870760847883726	-0.007810186335623679	-0.2901137018089426	-0.0105490245786833	-0.01090835833648541	0.1771778025266705	-37.32290528495189	21.0612486602876	-14.81988855028448	5.131801045219572	-523.3756057649377	-34.03093545659448	-0.02478450757735216	1.269702744143595	0.2008253975802081	1.560241018384306	-5.35545200799071	-0.07661322951484846	-1.416910303671256	-0.02647422667786257	-4.880830466488594	-4.8808304664886	-0.5723559252400167	-0.01485494251115142	-1.203956083255698	-0.8013058427904293	8.322565954681381e-10	1.661170382041764e-07	6.153489998901984e-08	3.444968129710653e-08	3.034815256994855e-08	1.465710288565413e-07	1.073635233588583e-09
0.89	-0.3493723622814199	0.01260600497639959	0.6474610394305971	1.463359086660918	-0.355035933499008	0.1020042092297076	-0.4362715293631159	1.383575793213596	1.38357579321356	0.0370882876624322	-0.174441172427146	0.4339026849736179	0.2353776643451407	-0.282017201730479	-0.0197371207398218	-0.1562291489623537	0.657867709058368	0.01349109216935961	0.1045278791115503	0.0009009106432775625	0.4149867413369369	0.4149867413369378	0.07236415013958387	-1.124952442660367e-05	0.07487959056427186	0.06515791128742481	-0.188156180423488	0.08704336662666107	-0.007922919434144115	-0.2904172305170596	-0.01116095492309443	-0.01090306693041649	0.1781169820804334	-37.58430033468444	21.12803433918873	-14.85716778537003	5.156557756576012	-524.1027630257903	-34.03328607328995	-0.02474595123541234	1.24588271132001	0.1982894202292653	1.573959088731599	-5.359097543280638	-0.07311641341845496	-1.403613355430908	0.004024418930041721	-4.890042852201311	-4.890042852201026	-0.5842482229028226	0.00789338357400363	-1.188331307673916	-0.7929796950644687	8.619828015787771e-10	1.51681420735526e-07	5.39691385293608e-08	3.248212867909341e-08	2.876214418645196e-08	1.315379855511872e-07	1.634630427489993e-09
0.9	-0.3521299831592918	0.01241854224180649	0.6459777952393666	1.469668848369795	-0.3549048927255985	0.1029786151661917	-0.4362625740829326	1.387480694036517	1.38748069403647	0.03778291382485799	-0.1744413310571501	0.4345922597136633	0.2359892788329651	-0.2695139873855167	-0.01775789385056323	-0.1403908387447024	0.6040335540748301	0.01270937226047645	0.09032969950999596	0.0009028085764694319	0.3659625265096375	0.36596252650964	0.06656088875084257	-2.372059209966815e-05	0.06305808842649169	0.05715639934269188	-0.1896481196139807	0.08701064846494135	-0.008035652532798062	-0.2907207592251841	-0.01177288526750472	-0.01089777552435777	0.1790561616341749	-37.84935958864485	21.19161279505916	-14.88953939693686	5.182233333345963	-524.9474989621085	-34.04809397583981	-0.0247099535302738	1.261299653507875	0.1979164605706766	1.594908113942925	-5.416731528398249	-0.08594916256549523	-1.445163796417918	-0.011278411657673	-4.917909088327518	-4.917909088327545	-0.5724567617014533	-0.01859345846226119	-1.176621637440091	-0.8118565231908766	5.750564673706336e-10	1.362054219260129e-07	4.690949151336833e-08	3.08096261360572e-08	2.634706599512941e-08	1.157980125699533e-07	2.076972736460146e-09
0.91	-0.3547626824122965	0.01225081296844006	0.6446537530515046	1.47543871845126	-0.3547818615638152	0.1038103955251971	-0.4362534269683289	1.390894485852049	1.390894485852002	0.03841952551982376	-0.1744416336739293	0.4351642916262138	0.2365207034779247	-0.2570209095796358	-0.01578876421501644	-0.1243933725539202	0.5498858818883106	0.01188992350570461	0.07600676248799959	0.0009165103272888546	0.3167706067298608	0.3167706067298659	0.06076115120040495	-4.037369705325877e-05	0.05136928399366316	0.04912287223321934	-0.1908909944984247	0.08693229179603756	-0.008136414395809139	-0.2908913886350894	-0.01222600473073351	-0.01087513031894806	0.1798146565785425	-38.0396897228332	21.22823369763762	-14.9103757486281	5.156797034177909	-525.5046471647973	-34.06728510289147	-0.02467855625153214	1.244056528179371	0.196296564074403	1.605804643018393	-5.42197031563501	-0.0809935460143051	-1.428791724506225	0.006178865219103683	-4.923618398616477	-4.9236183986161	-0.5837636181997268	0.006277819097027661	-1.161855696961744	-0.799973550859426	2.740906105375377e-10	1.204425112651031e-07	3.993689824261353e-08	2.908850945262084e-08	2.388597388806304e-08	9.989331254300003e-08	2.480481847243776e-09
0.92	-0.3572703019504317	0.01210275206123473	0.6434904132798248	1.480665474760483	-0.3546672350523964	0.1044983599000966	-0.4362444459568564	1.39381560147462	1.393815601474577	0.03899813356597982	-0.1744422070106277	0.4356200663242859	0.2369716183025826	-0.2444980444117131	-0.0138242206183459	-0.1082503555082399	0.4954107996275444	0.01102844218768515	0.06156650268937519	0.0008695879488012047	0.2674272879175353	0.2674272879175427	0.05496015899057533	-7.786457764712067e-05	0.03980664553053464	0.04105443528238867	-0.1921338693829145	0.08685393512711746	-0.00823717625887122	-0.2910620180449999	-0.01267912419396029	-0.01085248511356287	0.1805731515228636	-38.23354473736807	21.2617270615545	-14.92643605181593	5.131628927240643	-526.179328036961	-34.09750060395435	-0.02465012934815549	1.267257125916214	0.1969992527954393	1.624018284922526	-5.482213543247556	-0.09435567521501804	-1.468628351743522	-0.02340323751929694	-4.948188894837315	-4.948188894837355	-0.5727076935798463	-0.02276101359029995	-1.15138844350006	-0.8188384914624801	-1.672704725450736e-10	1.018104820902263e-07	3.383484242423533e-08	2.68812513651831e-08	2.096474262355838e-08	8.234134205885396e-08	2.495658976162207e-09
0.9299999999999999	-0.3596523796743948	0.01197433107345486	0.6424891925128333	1.485345752346699	-0.3545614021556008	0.1050413948245822	-0.4362363345316994	1.39624257739911	1.396242577399115	0.03951873352874115	-0.1744432096614209	0.4359608324095418	0.2373417460120328	-0.2318939299687945	-0.01185880276863308	-0.09197331667696099	0.4405791768433983	0.01013177547802981	0.04702470960434814	0.0007305444419434444	0.2179475960952742	0.2179475960952771	0.04915919144534931	-0.0001273040883251576	0.02836590450690064	0.03296810468743083	-0.193290374833028	0.08680115332266954	-0.008332721668557395	-0.2909460600993412	-0.01321086722489763	-0.01082651393866947	0.1812766457227974	-38.43436747254412	21.2824462132846	-14.92612504037191	5.118779291359725	-526.6201449376063	-34.08813034090909	-0.02462691622731532	1.260525715910782	0.196494142446067	1.632622514210467	-5.49346611488865	-0.0882837250834653	-1.449314480704777	-0.01247780393355903	-4.950904960624612	-4.950904960625242	-0.5838779707824989	0.003278912986424109	-1.137513181259604	-0.8039973266283759	-6.17585258178671e-10	8.306569114050832e-08	2.782982798941108e-08	2.468780687347588e-08	1.800085776530088e-08	6.458852131223589e-08	2.507684410681901e-09
0.9399999999999999	-0.3619077088314424	0.01186560048244959	0.6416513573005505	1.489475747811294	-0.3544647282371502	0.1054385398794496	-0.4362302781209365	1.398174147278436	1.39817414727849	0.03998130647889568	-0.1744448438407525	0.4361877718346667	0.2376309170189101	-0.2191483310286355	-0.009886141263428674	-0.07557324456648151	0.3853543753036382	0.009196646518671414	0.03238852876642301	0.0004585850685052642	0.1683460788848516	0.1683460788848505	0.04335475646858261	-0.0002041702872816928	0.01704131350468591	0.02486309476783675	-0.1944468802831572	0.08674837151820623	-0.008428267078237619	-0.290830102153685	-0.0137426102558375	-0.01080054276380287	0.1819801399227143	-38.63861710914656	21.30011817814656	-14.92116215915717	5.105710889831547	-527.1781117055863	-34.0886004838865	-0.02460706259981132	1.295554025364266	0.1984479838937677	1.648624940762635	-5.56084929437031	-0.1020481251556171	-1.487505902323124	-0.04998641083554531	-4.972553972469606	-4.972553972469585	-0.5734011798879736	-0.02824635124596498	-1.128158439216186	-0.822574356389696	-1.185577277339594e-09	6.283888829287631e-08	2.310021459558077e-08	2.26759124970835e-08	1.447638281771985e-08	4.419595425883994e-08	2.478287575961055e-09
0.95	-0.3640351087716315	0.01177662844065027	0.640978090201991	1.493051816420266	-0.3543775317612161	0.1056889691288039	-0.4362273301981223	1.399609017141377	1.399609017141414	0.04038576287716096	-0.1744472668468871	0.4363019127800901	0.2378389985910754	-0.2063297997279246	-0.007907352043622863	-0.0590643104453785	0.3298208777220272	0.008240658137113539	0.01769008834962087	0.0001345951096811973	0.1185996037315519	0.1185996037315504	0.03753052601814762	-0.0002791095498120929	0.00579247348828856	0.01675162038857048	-0.1954639686645533	0.08672076812158508	-0.008511787050839669	-0.2905642268634052	-0.01424681344183989	-0.01077245997423638	0.1826059207194485	-38.82024726112773	21.30621597438032	-14.90670499835561	5.091348108898107	-527.5644940384657	-34.07160082070421	-0.02459575872547843	1.275282800646159	0.1977358020725523	1.654409578773922	-5.555368773930618	-0.09267766847610932	-1.462094362525386	-0.02306594654612774	-4.979938272594674	-4.979938272594727	-0.5878279719003056	0.003086278474382332	-1.122405334900268	-0.8056829486585882	-1.745734556302507e-09	4.239731030465527e-08	1.819956765299496e-08	2.058561913143357e-08	1.097247698568631e-08	2.370391625894566e-08	2.440745619958251e-09
0.96	-0.3660342673751698	0.01170747257325881	0.6404703888308404	1.496071396296646	-0.3542999558638613	0.1057921977237543	-0.4362275143065178	1.400545573455618	1.400545573455638	0.04073179817206851	-0.1744503984471904	0.4363037336149448	0.2379659156254551	-0.1935000636983492	-0.005922906381855837	-0.04246009908467369	0.2740566287854572	0.007272530802749246	0.002948397886154326	-0.000167821174751158	0.06868336914487252	0.06868336914487042	0.03167053579655086	-0.0003458891231019715	-0.00542270861005915	0.008630187210765266	-0.1964810570459515	0.08669316472495378	-0.008595307023435344	-0.2902983515731271	-0.01475101662784555	-0.01074437718468853	0.1832317015161791	-39.0052713987777	21.30934436419729	-14.88770379332493	5.07639296928217	-528.0681420832622	-34.06370666474363	-0.02458788705079576	1.297794971137147	0.1995792722860113	1.667680388682997	-5.60699956536211	-0.1044759157168773	-1.496155911655984	-0.04567167595732777	-5.006505859145546	-5.006505859145588	-0.5805531341203166	-0.02661441339780237	-1.121426855606252	-0.8245661160974438	-2.158598719542815e-09	1.791795967336011e-08	1.008348999380545e-08	1.702142476774139e-08	7.855270525945779e-09	1.34182446488233e-09	2.250075383854605e-09
0.97	-0.367904916816706	0.01165822222660885	0.640129157168896	1.498532111706747	-0.3542320992913789	0.1057477086961968	-0.4362307006784089	1.400982198760787	1.400982198760809	0.04101920775807601	-0.1744541692272419	0.436193584059712	0.2380116429933691	-0.1806107361883126	-0.003922782475955327	-0.02577509072967989	0.2180395324353231	0.006296929386798566	-0.01186381689846753	-0.0004762370893428501	0.01862104026332137	0.01862104026332045	0.02581966247707261	-0.0004132137958961211	-0.01660065618058708	0.0005173844793159505	-0.1973680196826443	0.08666805766808645	-0.008671730059002241	-0.289791222173602	-0.01524004877205146	-0.01070577495515114	0.1837776014014551	-39.1639784791455	21.29273785314041	-14.85349617044822	5.034992568470419	-528.3178434407838	-34.03254868746149	-0.02458534752579908	1.287366220352729	0.200888733618543	1.670583411600524	-5.6061015144719	-0.09438131883161159	-1.476395723518409	-0.02444413242600339	-5.009194559532254	-5.009194559532033	-0.5861118162362987	0.002466187084877509	-1.114997424977952	-0.8043219249975408	-2.579957757796422e-09	-6.486982544677122e-09	2.123710736655997e-09	1.34826398442752e-08	4.717554166183486e-09	-2.090391049057476e-08	2.040778590152741e-09
0.98	-0.3696461000672605	0.01162910507579329	0.6399551100610399	1.50043124878442	-0.3541740545459154	0.1055545692284604	-0.4362371747260834	1.400917581145765	1.400917581145789	0.04124835713382163	-0.1744587617177492	0.4359718512853236	0.2379763054193028	-0.1676068255016433	-0.001896267214975066	-0.009023188266956838	0.1617409622998823	0.005310165398952442	-0.02678169014921398	-0.0008253563325662062	-0.03156521489312282	-0.03156521489312262	0.02001849374260536	-0.0005102312164844548	-0.0277393524391908	-0.007582801185287379	-0.1982549823193396	0.08664295061121208	-0.008748153094536833	-0.2892840927740771	-0.01572908091626004	-0.01066717272562748	0.1843235012867268	-39.32611500658149	21.27325168102432	-14.81485422166048	4.992767729127785	-528.6854587626341	-34.00997584962588	-0.02458614276870754	1.320711606463683	0.2048575433019622	1.681059210228848	-5.663294322423459	-0.1067084300959323	-1.517287604880871	-0.05381234168375125	-5.031291114124152	-5.03129111412421	-0.5706122171180981	-0.03255296295655395	-1.113576593221401	-0.8220427027281869	-3.273152796475636e-09	-2.851085553846039e-08	-8.345196552110224e-10	1.075695700804115e-08	9.235210057247475e-10	-3.942622661063104e-08	1.235431953307769e-09
0.99	-0.3712566582370453	0.0116204023134176	0.6399488712849175	1.501766051503437	-0.3541258857350168	0.1052119706048718	-0.4362472260678729	1.400350499477435	1.40035049947745	0.04141957658083028	-0.1744643514870517	0.4356388738991993	0.237860096043539	-0.1544825595523465	0.0001619999118278966	0.007782269690251502	0.1051764479112268	0.004324682663895947	-0.0417333143241367	-0.001181960219342037	-0.08187042276030815	-0.08187042276030852	0.01421673739956797	-0.0006050992017066987	-0.03885519171208057	-0.01565337571935153	-0.1990750592966792	0.08665448673811822	-0.008815308472051402	-0.2885114286479069	-0.01630135631938691	-0.01062178908497587	0.1848428829188581	-39.49844892501405	21.24009423325712	-14.75974152617306	4.962917598469276	-528.8568879588524	-33.95643746817147	-0.02459386389933197	1.311622551794466	0.2072556849132861	1.681314019206728	-5.65949903989998	-0.09430399404090814	-1.483395031847425	-0.02614164152096445	-5.033031308801748	-5.033031308801783	-0.5862607397400853	0.002435828791958509	-1.110450578966006	-0.7987016194583422	-3.967951759192481e-09	-5.057203009012777e-08	-3.839335244577054e-09	8.031399802238545e-09	-2.872505479869469e-09	-5.799865590518619e-08	4.357450781382589e-10
1	-0.372735306054814	0.01163247109981883	0.6401108920745151	1.502533915270004	-0.3540875389112345	0.1047199966979226	-0.4362607548943943	1.399279786593276	1.399279786593282	0.04153251778505014	-0.174470812027176	0.435194765523416	0.237663353564292	-0.1412247550977759	0.002258042540409154	0.02462872487706539	0.04835317181004496	0.003345767975625324	-0.0566567468210376	-0.001520853279970461	-0.132291458058934	-0.1322914580589353	0.008362845182789133	-0.000684385383046758	-0.04996555037070089	-0.02368942188192815	-0.1998951362740068	0.08666602286502219	-0.008882463849518744	-0.2877387645217362	-0.01687363172251792	-0.01057640544433113	0.1853622645509994	-39.67430486988299	21.20415157132399	-14.70029892384484	4.931933614127676	-529.147233554438	-33.91133017441085	-0.02460486395036872	1.347419307518424	0.2124126436576156	1.689258656149961	-5.715046664928705	-0.1053948207387094	-1.511649269276465	-0.05027017645433032	-5.054456600412264	-5.054456600412395	-0.581039391866367	-0.02943660218000037	-1.112480470367517	-0.8151370284306039	-4.81993527759725e-09	-7.628875731444071e-08	-1.140950018884878e-08	5.318154378718008e-09	-6.863877828740604e-09	-8.148217630063291e-08	1.907148471643831e-10
1.01	-0.3740808529095045	0.01166573564650422	0.6404415332677841	1.502732414922602	-0.3540588964898997	0.1040789876359684	-0.4362772497098813	1.397704275879115	1.397704275879138	0.04158667986595969	-0.1744778906294057	0.434639562244372	0.237386521520766	-0.1278755879933795	0.004405930832188772	0.04150162086198586	-0.008681765262581886	0.002387653932181317	-0.071539249759209	-0.001743041440758665	-0.1828315247166602	-0.1828315247166616	0.002465415690363898	-0.000723169995090294	-0.06107627103520979	-0.03166370702169631	-0.2006069247179265	0.08668312062783318	-0.008935555291595372	-0.2868301341476759	-0.01733506185053296	-0.01052365184272067	0.1858502494312003	-39.79819177091375	21.15060441638246	-14.63199097190829	4.832199084941537	-529.2777102360527	-33.86044682899283	-0.02462240795906109	1.330020600857975	0.217637042757701	1.686618953354545	-5.701995042520921	-0.09027382671391224	-1.475685117318025	-0.002932879548549252	-5.056907678638574	-5.056907678638439	-0.5947281650307022	0.01011542138819122	-1.110548319407195	-0.7865637437807583	-5.671918796002019e-09	-1.020054845387537e-07	-1.89796651331205e-08	2.604908955197472e-09	-1.085525017761174e-08	-1.049656966960796e-07	-5.43153838094927e-11
1.02	-0.3752926370553644	0.01172081110027145	0.6409409661976404	1.502359709641655	-0.3540396860351127	0.1032893266823862	-0.4362949143557036	1.395622739302339	1.395622739302381	0.04158174096451972	-0.1744851141153293	0.4339732156676986	0.2370303487284363	-0.1144722133306701	0.006620223956780045	0.05838707219456926	-0.06588781489884903	0.001459374666071167	-0.0863871251466021	-0.001754819347839406	-0.2334966305818175	-0.2334966305818177	-0.003457351286065313	-0.0007133621229445188	-0.07219420989630486	-0.03955757164269875	-0.2013187131618323	0.08670021839064831	-0.008988646733690601	-0.2859215037736175	-0.01779649197855094	-0.01047089824110469	0.1863382343114129	-39.92577048793134	21.0943627042687	-14.55943714491116	4.731087766770574	-529.528619749395	-33.81835666367119	-0.02464324916610456	1.358260819180983	0.225693610219944	1.691769725682551	-5.749269177656758	-0.09942786527187969	-1.504723759120754	-0.00818812571287353	-5.079464441898472	-5.079464441898364	-0.5861068886671376	-0.01971810534199615	-1.113924109684747	-0.7990529246773661	-6.010789661922446e-09	-1.31831922997539e-07	-2.737803614524607e-08	-1.839542806896016e-09	-1.472903516141276e-08	-1.322424843487367e-07	-4.281988841493704e-10
1.03	-0.3763700996109912	0.01179836916091884	0.6416092632441557	1.501414173883015	-0.3540295642832318	0.1023512608205331	-0.4363115561523414	1.393033942426057	1.393033942426088	0.04151761862988631	-0.1744919844698865	0.4331955830244469	0.2365956959555126	-0.1010086036436552	0.00890337283660971	0.07526930957246826	-0.1232408365931233	0.0005727913572807757	-0.1012320108913913	-0.001530553226834822	-0.2842827434824901	-0.2842827434824869	-0.009355171455810964	-0.0006555214533953149	-0.0833408401466571	-0.04735677891812221	-0.20194890597341	0.08675502942059009	-0.00903570201413709	-0.2847204814461056	-0.01837337987403209	-0.01040636272223401	0.1867831348779136	-40.07236070728353	21.02181537553835	-14.46770137200358	4.65924695698668	-529.5562648262678	-33.74733076887579	-0.02467134670227755	1.342165963161686	0.2314219390913153	1.685992869664972	-5.731543124564091	-0.08209169026707452	-1.475276164756387	0.04418199399888762	-5.081184372426062	-5.081184372425564	-0.5898444432534675	0.0192965490842739	-1.116319181858934	-0.7678939125159502	-6.344424684450172e-09	-1.617002972852475e-07	-3.578485823969669e-08	-6.301659939791277e-09	-1.860162027414164e-08	-1.59557978810141e-07	-8.033972137684938e-10
1.04	-0.3773125750858152	0.01189911799281005	0.6424462910896139	1.499894463015575	-0.3540280719897563	0.1012645650647118	-0.4363246656851805	1.389936684489114	1.389936684489137	0.0413948731211241	-0.1744981241385714	0.4323062267388611	0.2360835432531267	-0.08747479716863757	0.01125837820554577	0.09213323198321891	-0.1807228366574412	-0.0002665170148873666	-0.1161131039401164	-0.001048366586152527	-0.33518884271414	-0.335188842714134	-0.01518198611056463	-0.0005672249446113201	-0.09453893836295009	-0.05505755753519229	-0.2025790987850107	0.0868098404505319	-0.009082757294612238	-0.2835194591185975	-0.01895026776951206	-0.01034182720336195	0.1872280354443887	-40.2228972847833	20.94672001443159	-14.37185954549726	4.585773217718794	-529.7065182866403	-33.68549533253887	-0.02470217972019266	1.37230017678147	0.2400649080412282	1.688106732252891	-5.775064851665481	-0.08997287794737982	-1.511965219907875	0.04339597822263653	-5.103461708093937	-5.103461708093946	-0.5719057856687192	-0.01362693749491208	-1.124217702872881	-0.7793671930066042	-6.753342128228821e-09	-1.888174294115373e-07	-3.969018925011097e-08	-1.06547697097735e-08	-2.16905583483744e-08	-1.798897107452194e-07	-2.169742832173005e-09
1.05	-0.3781198337783463	0.0120238267309817	0.6434517263745977	1.497799943249291	-0.3540347262148132	0.1000290792912352	-0.4363308492029884	1.386329937814831	1.38632993781483	0.04121410249882939	-0.1745032080101606	0.4313046370510432	0.2354949122780504	-0.0740134045355849	0.01370043977446296	0.1089367450132295	-0.238136467204786	-0.001056498134189834	-0.130971557838624	-6.256497285027493e-05	-0.3861638754395074	-0.3861638754394986	-0.02097175327459523	-0.0004450087492290909	-0.1057873876541892	-0.06265041602281153	-0.2030759940702508	0.08685496626696587	-0.009117173691568307	-0.2820991378666047	-0.01940190873481431	-0.0102711309040873	0.1876355370501907	-40.30967720601237	20.85128502688045	-14.26534979734011	4.422066539746606	-529.5866730083244	-33.59990541677946	-0.02473792666466625	1.327589794883657	0.2488342884055287	1.673906606385168	-5.717814604275909	-0.07232360670410207	-1.470927075944856	0.1450380361880185	-5.095030821809743	-5.095030821809271	-0.5824775958875963	0.0258059217423625	-1.126427979775246	-0.746472308086637	-7.164612147671562e-09	-2.158485852202827e-07	-4.345484866414916e-08	-1.500447299966469e-08	-2.475500745265416e-08	-2.000032001013502e-07	-3.567061803352054e-09
1.06	-0.3787935723468887	0.01217346758626036	0.6446246833934831	1.495132626687914	-0.3540490428266217	0.09864538065854786	-0.4363234015465425	1.382213339459885	1.382213339459871	0.04097544112207513	-0.1745069377151145	0.4301903089828082	0.2348309072918086	-0.06077077236987175	0.01624480162694845	0.1256375787636177	-0.2952821956724044	-0.001798994364788807	-0.1457556757820395	0.001677867972632604	-0.4371591788469407	-0.4371591788469284	-0.02676013700332197	-0.0002963916063470174	-0.117086614446463	-0.07013235976831625	-0.2035728893556104	0.08690009208338789	-0.009151590088519995	-0.2806788166146163	-0.01985354970010435	-0.010200434604825	0.1880430386558683	-40.4006940017056	20.75343879441993	-14.15485393863142	4.25682591223102	-529.5912640997842	-33.52422452713436	-0.02477591005633441	1.328548083313514	0.2605249647549127	1.667570876328395	-5.721484435720165	-0.08047590020668551	-1.497098028889437	0.1943222446604724	-5.107515844507148	-5.107515844506991	-0.5716290986079473	-0.008346747994938661	-1.134373203079798	-0.7571842445836863	-7.368255272293375e-09	-2.47063532012184e-07	-4.993633253613349e-08	-2.062396965824422e-08	-2.75248962848075e-08	-2.217715304527088e-07	-5.132482488840586e-09
1.07	-0.3793358010884637	0.01234914089096513	0.6459640306490969	1.491895193770348	-0.3540705564811489	0.09711418241985548	-0.436294445953295	1.377586985391355	1.377586985391358	0.04067904894446663	-0.1745090997614658	0.4289628955490534	0.2340927386597527	-0.0476955134780444	0.01891475333767382	0.1422041691750147	-0.3521580468722947	-0.002498555406565904	-0.160476086609674	0.004274704248220667	-0.4880855513749203	-0.4880855513749194	-0.03250513808938909	-0.0001411540260555312	-0.1283887800228061	-0.07747595772841405	-0.2041644783063814	0.08696979946186491	-0.009189199389635611	-0.2787211585189398	-0.02058075207324059	-0.0101067756848163	0.1885599148164719	-40.55371494992804	20.63096806250827	-14.01129572066979	4.091610108343908	-529.3122148541903	-33.39643924950818	-0.02481498347158535	1.293934186962125	0.2739590352426589	1.647041551165367	-5.663684614037542	-0.06390172466375849	-1.458350835417349	0.3165823537398666	-5.081284070708944	-5.081284070710745	-0.5739926589300973	0.02666166800877687	-1.127058585117428	-0.7190849574732278	-7.560854413148116e-09	-2.785010208776576e-07	-5.65623283473703e-08	-2.631100851728591e-08	-3.027911701737964e-08	-2.436278842612603e-07	-6.706844754877495e-09
1.08	-0.3797478933621511	0.01255225946497951	0.647468211494348	1.4880903925104	-0.354098906849794	0.09543601242774145	-0.4362346783903125	1.372452150374793	1.372452150374813	0.04032559534693	-0.1745098689006041	0.4276226763894949	0.2332819065709458	-0.0347434787924293	0.02173385548886782	0.1586042966911785	-0.4087558641487507	-0.003166337188364277	-0.1751500264659856	0.007840261913072299	-0.5388553684535248	-0.5388553684535361	-0.03817242098841784	-1.781016706428395e-05	-0.1396477596073847	-0.08466505111853122	-0.2047560672571607	0.08703950684033514	-0.009226808690766324	-0.2767635004232669	-0.0213079544463783	-0.01001311676481907	0.1890767909770694	-40.71130734370715	20.50632104141001	-13.86399034891577	3.924213011414118	-529.1596240208751	-33.27932974374387	-0.02485557823270489	1.303903242071011	0.2903550528486712	1.634278297281762	-5.665877651033326	-0.07412004821096609	-1.48780383462485	0.3880665225130144	-5.076204754632113	-5.076204754632115	-0.556085461200282	-0.01472549225502759	-1.125736004726844	-0.7262833305875771	-7.686109886737225e-09	-3.051920928530276e-07	-6.428182832270632e-08	-3.047552037581692e-08	-3.333246650478494e-08	-2.650094334970907e-07	-7.307462257074444e-09
1.09	-0.3800310802477508	0.01278434299884174	0.6491354842821337	1.483721127446569	-0.3541337219242223	0.09361151064297074	-0.4361344605164807	1.366810523605401	1.366810523605388	0.03991581175089909	-0.17450943796761	0.4261700954875072	0.2324000630212499	-0.02191675704915661	0.02471062299108328	0.1748146374046119	-0.4650363282379584	-0.003785837864642447	-0.1897277590951307	0.0123633551320743	-0.5894316853840771	-0.5894316853840876	-0.04377337457295653	0.0001109174719070469	-0.1508597304283948	-0.09166692964249622	-0.2050550569359483	0.08707539163086572	-0.009246967069667031	-0.2746824780172586	-0.02181595612002706	-0.009898187527152011	0.1893903291980761	-40.77193402651211	20.35121331194832	-13.7069799608724	3.679061962972313	-528.6756718856807	-33.17312574656909	-0.02490015278748423	1.2686276801973	0.3054963766665343	1.609061101535244	-5.600008245332234	-0.05421730613438509	-1.439396827426458	0.5084370630850881	-5.042598579782765	-5.042598579782656	-0.5604990012210095	0.0276773272331793	-1.11764070513398	-0.681569172783457	-7.806241385643079e-09	-3.315220244128463e-07	-7.208452970183248e-08	-3.452418778865691e-08	-3.640857578875363e-08	-2.863548562980401e-07	-7.833990483761837e-09
1.1	-0.3801866857079679	0.01304702596327789	0.6509637903056855	1.478790882250351	-0.3541744024511732	0.09164190376183406	-0.4359842104421552	1.360664282983201	1.360664282983155	0.03945033888019948	-0.174507518671184	0.4246056522604408	0.2314493148744178	-0.009227193716212169	0.02785374160365209	0.1908109438444557	-0.5209518906258795	-0.004339427692846549	-0.2041710457389621	0.01784670201071815	-0.6397781390152703	-0.6397781390152802	-0.04931027592311085	0.0002798625212737989	-0.1620202246232411	-0.09844597054576382	-0.205354046614755	0.0871112764213909	-0.00926712544854941	-0.2726014556112522	-0.02232395779367555	-0.009783258289493654	0.1897038674190646	-40.8374630556459	20.19416074980096	-13.54645748879898	3.431033768232797	-528.3190538141533	-33.07858301715384	-0.02494543565565416	1.276471560005307	0.3236252749193695	1.591471442563843	-5.592897310776006	-0.06093787859617605	-1.460914637562128	0.5801172544412977	-5.030232094760319	-5.030232094760343	-0.5432750143234161	-0.006682010175978735	-1.115440679494027	-0.6817158064481081	-7.682991032784882e-09	-3.58815551466968e-07	-8.051550588273682e-08	-3.895605193196284e-08	-3.92322831367994e-08	-3.083900698540488e-07	-8.313403357336023e-09
1.11	-0.3802159531853012	0.01334196728021131	0.6529509193789563	1.473303342139451	-0.354220244937941	0.08952862173727461	-0.435774506785791	1.35401584223301	1.354015842232989	0.03892983817604698	-0.1745036417747879	0.4229298275999726	0.2304319502522184	0.003361514904058307	0.03116191263412979	0.2065721054362954	-0.5764901540107573	-0.004813443404988983	-0.2184561873810863	0.0242390429844235	-0.6898602821663411	-0.689860282166357	-0.05477534352271054	0.0005089772500270812	-0.1731389787359908	-0.1049832534347331	-0.2054474205520524	0.08718536387154718	-0.009278433172049112	-0.2702288691601205	-0.02288117208244799	-0.00966145456949421	0.1898529303907777	-40.89628856259367	20.02170880246322	-13.37064119403864	3.211761813201333	-527.6198988596338	-32.94640338034002	-0.0249946238651857	1.248242701440215	0.3385128602782987	1.562015243146793	-5.524394914372951	-0.03826280940415368	-1.407966147071905	0.6905445769632242	-4.989744328634043	-4.989744328634923	-0.5459880760126937	0.03968854653379157	-1.109252538677012	-0.6331071178723262	-7.535402494750284e-09	-3.862054380705201e-07	-8.900930954381898e-08	-4.342623574831535e-08	-4.203075029125288e-08	-3.304942624855633e-07	-8.788104695598891e-09
1.12	-0.3801196991387496	0.01367081027608281	0.6550943754132756	1.467262398582295	-0.3542703534602067	0.08727335785238718	-0.4354965293080623	1.346868072270639	1.346868072270642	0.03835511370725598	-0.1744970776646883	0.4211429834460745	0.2293505382835789	0.01587711106041657	0.03463407739126896	0.222076336054212	-0.6316325798768104	-0.005192634792367603	-0.232567417804586	0.0315014662832428	-0.739643981451557	-0.7396439814515788	-0.06015502885168979	0.0008173052640897873	-0.1842241233092037	-0.1112554398337445	-0.2055407944893612	0.08725945132170324	-0.009289740895528845	-0.2678562827089898	-0.02343838637121974	-0.009539650849495079	0.1900019933624807	-40.96036319313902	19.84756592094865	-13.1915739249872	2.988443377075597	-527.0492371675169	-32.82711215360008	-0.02504353946069969	1.261849067222813	0.3564240202516938	1.540085247779223	-5.513729807011077	-0.04197301364345102	-1.42613239383727	0.7541337194640196	-4.97054332158937	-4.97054332158937	-0.526198560199338	0.009160646885835804	-1.108718771586614	-0.6286965084565755	-7.126126982987222e-09	-4.121603699522785e-07	-1.016880279868226e-07	-4.748454010199804e-08	-4.418419049618319e-08	-3.527119017064273e-07	-8.457807357292692e-09
1.13	-0.3798986447583992	0.01403519408871162	0.6573915112243696	1.460672152907294	-0.354323754813668	0.08487795159581558	-0.4351416742345691	1.33922406478487	1.339224064784899	0.03772699499805029	-0.1744869956917856	0.4192454227005761	0.2282077533893542	0.02831991659353955	0.03826999752652349	0.237300053642065	-0.6863341817229185	-0.005467900642472028	-0.2464781870537132	0.03960844514165963	-0.7890969438351703	-0.7890969438351869	-0.06545175647205842	0.001218309220733714	-0.1952848751937755	-0.1172522027501112	-0.2053601085829136	0.08734207271536695	-0.009287523178345046	-0.2652805790859005	-0.02391887095972361	-0.00940849724885408	0.1899396054823648	-40.97643343546157	19.6543374542898	-13.00190273350645	2.756682654466018	-526.1271410677248	-32.68906603166957	-0.02509527511505782	1.233418732075002	0.3712624655508605	1.505889830076572	-5.436020050959648	-0.01731005491853436	-1.368232016936795	0.8598144777844908	-4.923585322632665	-4.923585322631881	-0.5289156926310323	0.05840683285191762	-1.10430203160897	-0.5776819986048224	-6.684140599508113e-09	-4.37935932493812e-07	-1.14889860777566e-07	-5.149135952284694e-08	-4.625700233242307e-08	-3.749437217509596e-07	-8.026885184415374e-09
1.14	-0.3795535778355723	0.01443675439377071	0.6598393591744992	1.453537362278325	-0.3543793101624754	0.08234450108145672	-0.4347015824707398	1.331087345150089	1.33108734515014	0.03704640784670792	-0.1744723363667584	0.4172373447092881	0.2270064977028902	0.04067961955537634	0.04206937587732467	0.2522187638614139	-0.7405415706709858	-0.005623433861561989	-0.2601762693622942	0.04854880435022685	-0.8381864112541966	-0.838186411254208	-0.07064871727944441	0.001732775689305209	-0.2063275724670069	-0.122949598281603	-0.2051794226764626	0.08742469410903571	-0.009285305461147782	-0.2627048754628113	-0.02439935554822744	-0.009277343648205144	0.189877217602254	-40.99810313678982	19.45965440762959	-12.80921811738804	2.519998330276626	-525.3339565370815	-32.56548274978793	-0.02514571298878253	1.245228552965522	0.3891156633610541	1.479083774078391	-5.414887227402885	-0.01802648744060132	-1.383595005728068	0.9208097894940365	-4.897844328672004	-4.897844328672011	-0.5062451976028254	0.03185314927126372	-1.105107849318484	-0.5688230314816047	-5.893570826701725e-09	-4.618289738558284e-07	-1.318758012181862e-07	-5.517309089372687e-08	-4.760834766179122e-08	-3.962732942302655e-07	-6.870373706495497e-09
1.15	-0.3790853120064193	0.01487712290908151	0.6624347933997931	1.445863096516861	-0.3544358073915707	0.07967518865582043	-0.4341680406039911	1.322461655510657	1.322461655510656	0.03631435560438476	-0.1744519528483937	0.4151189059542659	0.2257497733180608	0.05295823392821051	0.04603129019216281	0.2668094426674184	-0.7942136846381319	-0.005652269625770518	-0.2736488304034798	0.05829055158856743	-0.886879889049498	-0.8868798890495118	-0.07573784680332636	0.002367711670768725	-0.2173584826866455	-0.1283402306266074	-0.2047154970940291	0.08751501141265378	-0.009269155758948329	-0.2599306985288214	-0.02480235650710014	-0.009139003841584146	0.1895916750589102	-40.97215618645723	19.24761839458128	-12.60703402024479	2.2785862797383	-524.1840140110575	-32.42183696692233	-0.02519767205637876	1.216880897543157	0.4037618955090929	1.440254346599358	-5.328689425912092	0.008289974052803474	-1.323508831245461	1.020504579192981	-4.844354285082021	-4.84435428508237	-0.5067184090000797	0.08282590043207372	-1.101851253093121	-0.5158306242107272	-5.050308215973769e-09	-4.854374480628014e-07	-1.49433757931462e-07	-5.880568104775102e-08	-4.885063410058573e-08	-4.174664804497114e-07	-5.604180124324996e-09
1.16	-0.378494719429916	0.01535791708353349	0.6651743732956942	1.43765504642682	-0.3544918725593154	0.07687226618418699	-0.4335331517872201	1.313351180137248	1.313351180137192	0.03553211775098546	-0.1744245175546407	0.4128902043680855	0.2244408131521411	0.06514496902507289	0.05015450770556059	0.281047897982906	-0.8472984363869471	-0.005537021591428912	-0.2868982785619328	0.06881819435445713	-0.9351435580497135	-0.9351435580497295	-0.08068583949597787	0.003143130766158085	-0.2283801386985469	-0.1333967544996475	-0.2042515715115865	0.08760532871627616	-0.009253006056714128	-0.2571565215948308	-0.02520535746597379	-0.00900066403495743	0.1893061325155772	-40.95214393446454	19.03435491984475	-12.40206504482095	2.031460143986804	-523.1628160820162	-32.29443876026875	-0.02524728518573954	1.226852697771113	0.4213763030730096	1.408639075975003	-5.297414783736732	0.01079027226938524	-1.338972429181629	1.077988895003802	-4.811882569654802	-4.81188256965478	-0.4780178313567456	0.05994977205635469	-1.103257007770989	-0.5020013370887881	-3.838416341111996e-09	-5.074333510748102e-07	-1.710940955932377e-07	-6.216845309779883e-08	-4.945506656455516e-08	-4.382533695148078e-07	-3.544362038507023e-09
1.17	-0.3777826668855072	0.01588073984916468	0.6680545063444433	1.428919174254707	-0.3545461002343937	0.07393818861717338	-0.4327892080226677	1.303760321216137	1.303760321216112	0.03470087422472776	-0.174388653810188	0.4105512968267078	0.2230828718293892	0.07725202259834041	0.05443589693111776	0.2949127367222779	-0.8997662834118444	-0.005284903893012412	-0.2998637075994646	0.0800907145276774	-0.9829457291541815	-0.9829457291541658	-0.08555209173283346	0.004055310471118419	-0.2394020115877394	-0.13813854278982	-0.2035320831540792	0.08770389458774533	-0.00922239061366488	-0.2541451083238384	-0.02560871487015981	-0.008852441841527841	0.1888102095802161	-40.91051637857623	18.80435144571151	-12.18453181101311	1.808562777053567	-521.7895907950697	-32.14497115897283	-0.02529702426860776	1.200604312476184	0.4353847484919422	1.365500010259503	-5.205012569178676	0.03601383737333831	-1.267327415700733	1.169906974069702	-4.752009635120404	-4.752009635115667	-0.4893712722358695	0.1106397904399147	-1.101773220908243	-0.4522146693064887	-2.560697811940604e-09	-5.291412949448611e-07	-1.934870012815312e-07	-6.548304334356513e-08	-4.994559653302009e-08	-4.589677055166274e-07	-1.342825291323412e-09
1.18	-0.3769499492802895	0.01644714941029043	0.6710713065280539	1.419661915030884	-0.354597088468739	0.07087605690485425	-0.4319289343772645	1.293693915533125	1.29369391553313	0.03382127970561903	-0.1743429107245359	0.4081021463981543	0.2216791232048705	0.08927798118646862	0.05887186680447051	0.3083813249552659	-0.9515758467292451	-0.004889133444775369	-0.3125091076234676	0.09208417052443343	-1.030252910429756	-1.030252910429708	-0.09035603806512607	0.00511899900503988	-0.250428716133526	-0.1425582148529931	-0.2028125947965627	0.08780246045922284	-0.009191775170636187	-0.2511336950528469	-0.02601207227434532	-0.008704219648084347	0.1883142866448661	-40.87512648618338	18.57332847997624	-11.96442374612837	1.578993372450652	-520.5445447571446	-32.01384885880716	-0.02534336211838927	1.210633700743207	0.45229243263215	1.329388974698224	-5.165758042237436	0.03952082223346223	-1.274966626475902	1.222176059710898	-4.712884603876025	-4.712884603876047	-0.4655566504441567	0.09025153784851903	-1.104223339089753	-0.4375780916889453	-2.973120144122274e-10	-5.500606048418521e-07	-2.279339833823854e-07	-6.901496547730768e-08	-4.884123770960115e-08	-4.813421677224999e-07	2.784301942723972e-09
1.19	-0.3759973433296957	0.01705868490266621	0.6742207416936502	1.409889942240654	-0.35464347344326	0.06768916984925261	-0.4309452756238889	1.283157014122279	1.283157014122246	0.03289379269637551	-0.1742858954719644	0.4055426827480158	0.2202326513480007	0.1012291531302571	0.06346024116251091	0.3214323642990417	-1.002696184046621	-0.004366293978478206	-0.3248142601722561	0.1047571454314797	-1.077033919008289	-1.077033919008285	-0.09513157064993263	0.006303998699411458	-0.2614651387426224	-0.1466871352277978	-0.2018088524336327	0.08790973389535379	-0.009144937630845743	-0.2479264937895605	-0.0263524227889971	-0.008559894035547962	0.1875857114863197	-40.79953902610008	18.3329688856588	-11.73826920842083	1.357174387289499	-518.9431664254172	-31.85034375204786	-0.02538809626139368	1.185251477814774	0.4658467055416766	1.281950408315314	-5.066791767092567	0.06196412062208301	-1.200205924859399	1.306292998170531	-4.646692711031286	-4.646692711037749	-0.4821442123254991	0.1355339431894166	-1.103545938667097	-0.3930724915183845	2.170419436312118e-09	-5.708164174517454e-07	-2.648799813248682e-07	-7.259194422197212e-08	-4.740623120981603e-08	-5.040608024340904e-07	7.310636960633376e-09
1.2	-0.3749256471523386	0.01771685149225274	0.6774984850515033	1.399610442039132	-0.3546839703007597	0.06438084799701159	-0.4298316001630482	1.27215510588041	1.272155105880336	0.03191883183130038	-0.1742164482708543	0.402872816028415	0.2187463855911543	0.1130960265387657	0.0681980862466167	0.3340429634067078	-1.0530813289882	-0.003711510040414668	-0.3367960669522062	0.1180875120172813	-1.123254276634396	-1.123254276634435	-0.09985080922780289	0.007605388712100741	-0.2725093300256185	-0.1505169948482885	-0.2008051100706927	0.08801700733150167	-0.009098100091136666	-0.2447192925262766	-0.02669277330364586	-0.008415568422982052	0.1868571363277853	-40.73037265416603	18.09166781203675	-11.50960468647083	1.127697556080371	-517.4682259985153	-31.70782177242703	-0.0254284632110356	1.193773993687204	0.4821865778452536	1.241300927476309	-5.018719567078182	0.06590971658671516	-1.210297472708236	1.353654395461909	-4.600754413390749	-4.60075441339072	-0.4542978490569042	0.1135296015120158	-1.105777073869612	-0.3777659408261835	4.990946586920093e-09	-5.864849001091306e-07	-3.034061243023957e-07	-7.539503039889645e-08	-4.4769754446764e-08	-5.198124190327505e-07	1.215889660543603e-08
1.21	-0.3737356842071498	0.01842312865422497	0.6809000681678344	1.388830856751286	-0.3547172334522193	0.06095405084984538	-0.4285815027014929	1.260693887718782	1.260693887719191	0.03089729191189462	-0.174133452936631	0.4000924757621602	0.2172233568722877	0.1248801927795153	0.07308060661281854	0.3461934277643876	-1.102699606799845	-0.00291146476134882	-0.3485412398255104	0.1320297996488098	-1.168885563852035	-1.168885563852058	-0.1044031577942473	0.009014891684298369	-0.2835573828613578	-0.1540260660745179	-0.1995121519716142	0.08811426003543871	-0.009035960945368694	-0.2413275695081333	-0.02698414757622744	-0.008262666717139204	0.1858866186750066	-40.62495268596525	17.83443292003326	-11.27170493074179	0.9136278955747952	-515.6416183895119	-31.55381164786699	-0.02546643553010428	1.168284262944975	0.4947581218291447	1.189876130021924	-4.912961861216242	0.09157788698051625	-1.153324616260587	1.429188850108765	-4.528750725715359	-4.528750725713009	-0.4476648199915887	0.1577443546215259	-1.104144168510027	-0.3279379985915506	7.895262716250428e-09	-6.009451419027954e-07	-3.423075517257464e-07	-7.801431709098252e-08	-4.184792849618609e-08	-5.339093688295896e-07	1.708361334912584e-08
1.22	-0.3724283703348166	0.01917892569102349	0.6844207473157635	1.377559172690725	-0.3547415909602062	0.05741046248962806	-0.4271890477829993	1.248779469715024	1.248779469715915	0.02983183621491537	-0.1740357458307762	0.3972016900115292	0.2156671453841447	0.136566211967307	0.07810206121187649	0.3578621697263599	-1.151501083531839	-0.001930381345726416	-0.3601543095635764	0.1465590034047506	-1.21389424506027	-1.213894245060278	-0.1086339647428277	0.01054774303841276	-0.2945984269004542	-0.1571535487035557	-0.1982191938725223	0.08821151273939594	-0.008973821799584	-0.2379358464899863	-0.02727552184880478	-0.008109765011262184	0.184916101022242	-40.52611533389909	17.57640074170956	-11.03145060546417	0.6910341489250963	-513.9387878432121	-31.42289302495037	-0.02564352860713947	1.174144583095598	0.5099734244164951	1.14495644833483	-4.85535935114785	0.1021173438980069	-1.183876845660585	1.471037620344317	-4.476233211509959	-4.476233211509909	-0.3899895254841237	0.1381992778953372	-1.104375314541009	-0.3014482213878887	1.277367387101186e-08	-5.022377691058551e-07	-4.019592871892908e-07	-6.484988272301951e-08	-2.989443521447513e-08	-4.728310235657783e-07	3.293365559215165e-08
1.23	-0.3710046240500467	0.0199856231374474	0.6880556528168899	1.365803571287098	-0.3547555016836781	0.05375158587649026	-0.425648575602753	1.236418128940149	1.236418128940764	0.02872510000851884	-0.1739225795077065	0.3942004704961134	0.2140810982125478	0.148165254550227	0.08325927906907117	0.3690319209024557	-1.199471058598132	-0.0008216091534826696	-0.3715610766360146	0.1616220534648311	-1.258255998632506	-1.258255998632526	-0.1126910489148571	0.01212120275139217	-0.3056411233175705	-0.1599927659755512	-0.1966455455570585	0.08832071891598932	-0.008890787575868333	-0.2343831745002014	-0.02749669348058362	-0.007987334880360516	0.1837092778094306	-40.39000861994396	17.32430603758478	-10.7912628334017	0.4840762132436238	-511.8994042152004	-31.23644854880595	-0.03735971625902312	1.150119606854913	0.5218649377788566	1.0899305793173	-4.745591528185015	0.1198665943022122	-1.110060119418226	1.536931821752802	-4.398470955908818	-4.398470955910689	-0.4102610451862074	0.1721602431007449	-1.103576354731111	-0.2655786551947037	1.818357214800475e-08	-3.730621923806737e-07	-4.671976440482723e-07	-4.743598499273544e-08	-1.550933918976673e-08	-3.915131757856375e-07	5.172513162346035e-08
1.24	-0.3694654202372529	0.02084454655672482	0.6917996450551906	1.353572715144048	-0.3547574027977451	0.04998044489635259	-0.4239548742973225	1.223616705724386	1.223616705724722	0.02757845432398365	-0.1737926304024849	0.3910889521066395	0.2124685748332129	0.1596577175717329	0.08854725578257874	0.3796795171613318	-1.246552031417027	0.0004715405353473316	-0.3826071829637644	0.1772048284414222	-1.301910733237881	-1.301910733237913	-0.1166158603718426	0.01390429946843272	-0.3166582017120527	-0.1624487902511191	-0.195071897241587	0.08842992509258521	-0.008807753352123084	-0.2308305025104164	-0.02771786511236353	-0.007864904749456208	0.1825024545966289	-40.25873076086648	17.06784724875622	-10.54442832265469	0.2623945203992515	-509.9632340935247	-31.08303978242459	-0.0689000039328404	1.152828670812752	0.5361251956790948	1.040525464890867	-4.677558901667987	0.1389928432152402	-1.111744696722949	1.574982603646382	-4.334829418137695	-4.334829418137748	-0.3635349824753642	0.1801266787075452	-1.099251710014134	-0.2248096221023755	2.260748276230515e-08	-3.197036301929448e-07	-5.240577726760908e-07	-4.071693898868645e-08	-6.472577336537135e-09	-3.598179962577506e-07	6.385040895208993e-08
1.25	-0.3678117681719758	0.02175698212209585	0.6956474493769295	1.340875524846107	-0.3547456876009739	0.0461009492793918	-0.42210294585766	1.210382345118956	1.21038234511906	0.02639259655894273	-0.1736441224978181	0.387867341781572	0.2108329934787417	0.1710551868872655	0.09395917027829205	0.3897883029231831	-1.292728300401901	0.001888381692652811	-0.3932047661729759	0.1932537813114862	-1.344833057615837	-1.344833057615836	-0.1205768283801018	0.01581997677638107	-0.3276612281124987	-0.1646276363248407	-0.193246640713429	0.08846798239921563	-0.008706378972523092	-0.2271013132697831	-0.02797308728398462	-0.007737238425316631	0.1810735265168267	-40.12177635721435	16.79784623784605	-10.28369959219276	0.09324289938209861	-507.7169572334436	-30.92139836929946	-0.1217025835200604	1.130585323999731	0.5466142535464175	0.9820990561307956	-4.563995773315304	0.14566198248296	-1.02064292274747	1.63078990161828	-4.2516997149313	-4.251699714926307	-0.4155659009998888	0.2005632208207112	-1.100441525711807	-0.2083301744251314	2.673300237342231e-08	-2.892896908257602e-07	-5.783823848655312e-07	-3.72344928491559e-08	9.456097016397056e-10	-3.431402031746245e-07	7.395828404175088e-08
1.26	-0.3660446655611265	0.02272411476782977	0.699593550341146	1.327721304883037	-0.3547192775465319	0.0421181022723993	-0.4200883402347097	1.196722608116285	1.196722608116156	0.02516649147558771	-0.1734758028272753	0.3845357785083674	0.2091768420486496	0.1823478266858428	0.09948667185515679	0.3993388456569429	-1.33795796444351	0.003410512069745057	-0.4032774609712738	0.2097402650988208	-1.386986012686063	-1.386986012686029	-0.1246653240283078	0.01786665264361948	-0.3386487913390231	-0.1665628053752843	-0.1914213841852615	0.088506039705867	-0.008605004593089612	-0.2233721240291549	-0.02822830945560076	-0.007609572101139524	0.1796445984370358	-39.9894892286063	16.52309202265212	-10.01584988503011	-0.09226920347601747	-505.5677480268466	-30.7965354880749	-0.1971371024808118	1.131862767421661	0.5592426119093979	0.9288768592725727	-4.488237913014949	0.1600506871725876	-1.006767014540253	1.662488787100469	-4.180955556591607	-4.180955556591633	-0.3890405104647422	0.2063263905655403	-1.096159075229801	-0.1760742174467722	3.146258564454826e-08	-2.496650164130789e-07	-6.386697444124455e-07	-3.270129067298848e-08	1.108958201424091e-08	-3.137021397603709e-07	8.485933242524484e-08
1.27	-0.364165150505664	0.02374706960957513	0.7036323157789821	1.314119588063238	-0.3546771517924806	0.03803650103636274	-0.4179068584759102	1.18264525266354	1.182645252663462	0.02389943157448248	-0.1732866505151071	0.3810944308524946	0.2075025188340318	0.193532927395773	0.1051200690000816	0.4083153854519811	-1.382212943780417	0.005039810490874375	-0.4130173968522734	0.2266179656819692	-1.428346421866393	-1.428346421866364	-0.1286968878128494	0.01997482462589894	-0.3496131673211517	-0.1682471888739969	-0.1893414696797171	0.08855364720798238	-0.008493655890525434	-0.2194883709189626	-0.02848451742568712	-0.007530521676752316	0.1779883342403264	-39.84835492859465	16.26608192865513	-9.7487497492163	-0.2247289927959943	-503.1193448862407	-30.60184604197942	-0.296542543237512	1.108502466432586	0.5677488457585982	0.8672191053041616	-4.368251556672796	0.1682602669869112	-0.9537292623460014	1.709692546932056	-4.092805014174135	-4.092805014174989	-0.402755674311755	0.2145657130866864	-1.095444813526054	-0.1563064476525869	3.6396244476488e-08	-2.069286071877296e-07	-7.009715456341822e-07	-2.781310334930861e-08	2.215442773036391e-08	-2.799531742072227e-07	9.602834475935806e-08
1.28	-0.3621744506943699	0.02482683053876461	0.707757881927905	1.300080496727543	-0.3546179548847387	0.0338582759640298	-0.4155547433406764	1.168158448835908	1.168158448835878	0.02259354776313572	-0.1730761158609119	0.3775436658460339	0.205813014578113	0.2045847778518547	0.110847889343981	0.4166989878743769	-1.425432867623098	0.006824742808151959	-0.4226022282319179	0.2438669403855152	-1.468875687663544	-1.468875687663521	-0.1324301060719058	0.02214312104928116	-0.3605322614561466	-0.1695990136354712	-0.1872615551741625	0.0886012547101221	-0.008382307188085438	-0.2156046178087729	-0.02874072539576762	-0.007451471252323185	0.1763320700436283	-39.7115081031677	16.00371247935255	-9.473815789371365	-0.3753212182287593	-500.7605880368098	-30.44785149355142	-0.4212333282944263	1.105212716651921	0.5781272517043409	0.8102893847440975	-4.281226814169472	0.1911774664022356	-0.9757461142692271	1.736743611179943	-4.014726879955891	-4.014726879955999	-0.3293714053677045	0.2183512787860808	-1.087102705803081	-0.1095624699990955	3.980074404253799e-08	-1.383846440904902e-07	-7.459918289208861e-07	-1.862624691003673e-08	3.264842308118869e-08	-2.271706472656084e-07	1.063815073752849e-07
1.29	-0.360073867815878	0.0259643331554821	0.7119642841531449	1.285614372423326	-0.3545402513720428	0.02958510182263743	-0.4130284919589643	1.153270588207629	1.153270588207495	0.0212515257881664	-0.172843744090486	0.3738839744696192	0.2041114738675298	0.2155060043575513	0.1166669670590458	0.4244780295472858	-1.467610761906642	0.008740320766388341	-0.4319823700637106	0.2614318238607929	-1.508545178802587	-1.508545178802585	-0.1359462581572208	0.0243523007500177	-0.3713914123645541	-0.1706547440847999	-0.1848902643113675	0.08856315120509343	-0.008247779129405284	-0.211692602894886	-0.02885182282709177	-0.007398336489126509	0.1744302858949885	-39.5171838261677	15.74283341305224	-9.199461391137241	-0.5275417759165497	-498.1344141289899	-30.27662526744269	-0.5725010239865818	1.08171724184988	0.5859470575532466	0.7462066025511861	-4.158876484587837	0.1955202988791937	-0.9115197056927761	1.773633901171539	-3.920395226773528	-3.920395226776484	-0.3585195659355495	0.2252045774676629	-1.083127660900178	-0.09531960575459388	4.263180888387933e-08	-6.016284829129215e-08	-7.845315429819529e-07	-7.827389552417878e-09	4.292834954502663e-08	-1.672505348033195e-07	1.164287263468919e-07
1.3	-0.3578648447474632	0.02716045635457934	0.7162453758039109	1.270731908026446	-0.3544426376120966	0.02521965196531796	-0.4103251371054049	1.137990565668779	1.137990565668542	0.01987518580119145	-0.1725886798707036	0.3701161303086121	0.2024010275977821	0.2262728158360998	0.1225720058199322	0.43163687297964	-1.508700886155826	0.01080679225841908	-0.4410573714178426	0.2792876347548611	-1.547308069777432	-1.547308069777448	-0.1392937084754235	0.02668161092076496	-0.3821628183745849	-0.1713801254683208	-0.1825189734485655	0.08852504770006951	-0.008113251070660795	-0.2077805879809968	-0.028962920258416	-0.007345201725924119	0.1725285017463571	-39.32677005534424	15.47618489343909	-8.916814597311072	-0.6987554453309621	-495.5884277742955	-30.14872815725331	-0.7516411553193928	1.07432971122226	0.595319460868691	0.6862497366331668	-4.063672807297262	0.2213561731610929	-0.9147180187370785	1.794929094937973	-3.833406847116035	-3.833406847115978	-0.2956310519452469	0.242377372788218	-1.069553726127733	-0.04349265683751728	4.598839581561082e-08	2.112627589431082e-08	-8.317274512624684e-07	2.868059699292572e-09	5.486270489058356e-08	-1.039314153005904e-07	1.276321780253919e-07
1.31	-0.3555488863106901	0.02841601490153209	0.7205949220467027	1.255443998923514	-0.3543238048610009	0.02076503535196808	-0.4074419757203268	1.122327502521595	1.122327502521437	0.01846584063595826	-0.1723100319347294	0.3662409726476689	0.2006846425221625	0.2368910017906289	0.1285490084698575	0.4381646512537875	-1.548688604362475	0.01297580479632299	-0.4498004288673376	0.2973793014755305	-1.585142674019438	-1.585142674019446	-0.1425728258518341	0.02906204234059227	-0.3928541137877421	-0.1718573653385791	-0.1799503297397548	0.08845527319591738	-0.007965131527652162	-0.2037011323296893	-0.02918556836729061	-0.007335584443081339	0.1704343601665411	-39.16656471834089	15.2273563709061	-8.629734365710831	-0.7747562454068682	-492.7962390280872	-29.95895757285658	-0.9599688145543697	1.051392715125123	0.6002897732411182	0.6198975108926557	-3.93746051408678	0.2172044930327419	-0.8441491758626252	1.821484342736834	-3.734232961288711	-3.734232961287478	-0.3436439027156926	0.2378165120922501	-1.06671651353216	-0.04382396222148026	4.956269904193251e-08	1.036861504114245e-07	-8.825094971481841e-07	1.352066844998382e-08	6.748246648713837e-08	-3.920413573825044e-08	1.393146403967476e-07
1.32	-0.3531275800788595	0.02973162329622137	0.725006517199853	1.239761984801169	-0.3541827758447436	0.01622497825057075	-0.4043768578916201	1.106290944182281	1.106290944182201	0.01702378593249877	-0.1720071915874576	0.3622593422196672	0.1989646881858198	0.2473423748474308	0.1345819753672397	0.4440466550513911	-1.587521890038654	0.01524604529133121	-0.4581454690291072	0.3156789234804133	-1.622007108203276	-1.622007108203276	-0.1458356161173136	0.03152009318091154	-0.4034573717857963	-0.1720939776128954	-0.177381686030932	0.08838549869179246	-0.007817011984745412	-0.199621676678382	-0.02940821647615804	-0.007325967160190816	0.1683402185867371	-39.00969942869251	14.97218241801669	-8.33372606127371	-0.871847336216687	-490.0740213171121	-29.81560953108819	-1.198858119021022	1.040967131676827	0.6065123103600891	0.5570948413244221	-3.832786301203208	0.2416017645819486	-0.8351145611920255	1.836520151780596	-3.639372835482228	-3.639372835482291	-0.2923656297590382	0.2579012568866034	-1.051946243107126	0.004632862350865828	4.341928899359955e-08	2.497012674991509e-07	-8.16261756762411e-07	3.740714804909684e-08	7.197517052835583e-08	7.94005390781195e-08	1.377976124624715e-07
1.33	-0.3506026092227751	0.03110782177517832	0.7294736820499005	1.223697429074282	-0.3540185279938335	0.01160250806737138	-0.4011279074026241	1.089890639954974	1.089890639954934	0.0155500256687544	-0.171679798632973	0.3581722019192807	0.1972436326179595	0.2576160534040892	0.1406644714017263	0.4492751607690834	-1.625184118650155	0.01762438553201548	-0.4663067230426117	0.3341330718655787	-1.657880063223441	-1.657880063223442	-0.1488844224351946	0.03396876158411967	-0.4139467245448752	-0.1720679038168974	-0.1745242046673884	0.08820978329852662	-0.007655918325209886	-0.1955889176710349	-0.02945243401896695	-0.007353983240220582	0.1660005973093981	-38.78931159673684	14.72536899668306	-8.042636093238469	-0.9726424185317682	-487.1340803536962	-29.6567521219499	-1.469763218834793	1.015215220578842	0.6101463566238384	0.4890699137371933	-3.702161606567571	0.2391470620737873	-0.8002304986164522	1.853146813799987	-3.535231280316657	-3.535231280316869	-0.3062627841805535	0.2397805810056095	-1.043812429898266	0.008982154254353334	3.284574495240939e-08	4.246445098764208e-07	-6.966622020469893e-07	6.732671582910791e-08	7.276289244875781e-08	2.22566967613238e-07	1.302631698300398e-07
1.34	-0.3479759721805373	0.03254505083580633	0.7339898002524735	1.207262406968191	-0.3538298573588614	0.006899705408581375	-0.3976937585033926	1.073136811288453	1.073136811288468	0.01404675241169243	-0.1713276328046591	0.3539808915637933	0.1955243152912646	0.2676756120774924	0.1467880917014524	0.4538373255565704	-1.661615165879417	0.020130602103201	-0.474211964143598	0.3527186055273612	-1.692711996044929	-1.692711996044932	-0.1517382148082039	0.03647466794603987	-0.4242913828075535	-0.1717463293796969	-0.1716667233038587	0.08803406790518124	-0.007494824664829999	-0.1915561586636703	-0.02949665156180354	-0.007381999320405674	0.1636609760320523	-38.57169969562724	14.47225357484122	-7.742787680183799	-1.094025202296291	-484.2511117001571	-29.54058349833741	-1.774262052620288	0.9981431550257316	0.6147371634079906	0.4238266552833584	-3.586550024755522	0.2671770306821404	-0.7839119786883917	1.862797207103982	-3.431168395747055	-3.431168395747068	-0.2533628407847137	0.2693488486290255	-1.023007343827002	0.06373299059137617	2.646054563873628e-08	5.878294242287534e-07	-6.422015929832509e-07	9.253932352487676e-08	7.951261484876158e-08	3.410897383168609e-07	1.319033739300824e-07
1.35	-0.3452497507137113	0.03404366848914964	0.7385481917598539	1.190469219126066	-0.3536156294320643	0.002119333629360659	-0.3940733413436086	1.056039950991162	1.056039950991225	0.01251549225619851	-0.1709502461599196	0.3496868535734625	0.1938094571293812	0.2775324452871897	0.1529362352805115	0.4577268252271039	-1.696806836795056	0.022729880829076	-0.4817628845605942	0.3713697233956436	-1.726470972524667	-1.726470972524654	-0.1545362442793507	0.03903657007956655	-0.4344894422180801	-0.1711870002252453	-0.1686437216113704	0.08783862850813681	-0.00733290837320098	-0.1873926266696925	-0.02966665290794909	-0.00747056499745037	0.161149721401035	-38.39405054792039	14.2479347079095	-7.44239351957822	-1.112425266949478	-481.1755641929354	-29.34714183683031	-2.114086450326734	0.9740259572298666	0.6149970981722417	0.3544075557827334	-3.45313234070669	0.2585764747499554	-0.7256090364617871	1.867003621524173	-3.31992670733454	-3.319926707332197	-0.2962724636175325	0.2546077787004011	-1.014154940241479	0.05772581759794304	2.216951868882155e-08	7.451351745686177e-07	-6.20310456745352e-07	1.153984511785247e-07	8.924333748856605e-08	4.472906801047369e-07	1.381309013963619e-07
1.36	-0.3424260464041304	0.03560379640688695	0.7431420574505081	1.173330583231637	-0.3533749540817717	-0.00273353274667037	-0.3902662660961743	1.038611168042426	1.038611168042532	0.01095560191330507	-0.1705462411172507	0.3452916450489089	0.1921013308469868	0.2871721806284093	0.1590901445802532	0.4609321622113888	-1.73070477634025	0.02542008680333912	-0.4887108835078507	0.3900502230572761	-1.759096526334304	-1.759096526334276	-0.1574642522840119	0.04179834753253084	-0.4445254896516455	-0.1703999534817562	-0.1656207199188728	0.08764318911111962	-0.007170992081733751	-0.183229094675717	-0.02983665425408667	-0.007559130674446767	0.1586384667700265	-38.21826625982995	14.01675078357305	-7.132689880534821	-1.153377420463104	-478.1419968957355	-29.19642333678296	-2.491125401709695	0.9547235813301562	0.6158903075445067	0.2869941180336363	-3.327803750666824	0.2853624803597555	-0.6633276847404763	1.868673565773952	-3.204483861727165	-3.204483861727179	-0.2793585474876025	0.3093239125165451	-0.9906049484347649	0.1092765083988728	1.622281811551001e-08	9.107286501396148e-07	-5.780151209650291e-07	1.398094644246513e-07	9.894026610835818e-08	5.63637799213087e-07	1.41435544943237e-07
1.37	-0.3395070371410644	0.03722547061304402	0.7477645588768123	1.155859409590043	-0.3531069627500952	-0.00765425873251627	-0.3862724464207902	1.020861798654187	1.020861798654208	0.009366855852242019	-0.1701144154062467	0.340796961551521	0.1904022032241718	0.2965852929368011	0.1652425858017713	0.4634527368195676	-1.763303309654745	0.02819663450924415	-0.4954240037167183	0.408706432063667	-1.790579745449894	-1.790579745449882	-0.1602274954679535	0.04455494840700289	-0.4543741837465456	-0.1693783756975174	-0.1623514102369374	0.08729887392484807	-0.007019792189773673	-0.1791808170560161	-0.02983666622295076	-0.00766713421287387	0.1559171620509106	-37.98502653756407	13.78545185389719	-6.824684981221862	-1.198626169782463	-474.9826578844811	-29.0632640117165	-2.907097238927682	0.9279550256262513	0.6146393040030373	0.2173036449150338	-3.191874657578943	0.2765677908572483	-0.6735965216025349	1.863002574598913	-3.090628812788849	-3.090628812791411	-0.266029029877009	0.256993341928019	-0.9764015640325612	0.1055584098151213	9.370671029403357e-09	1.080854475446387e-06	-5.245612385599433e-07	1.650691651041647e-07	1.086187136234561e-07	6.855336090435715e-07	1.431417363466879e-07
1.38	-0.3364952267609073	0.03890861288632574	0.7524088089517388	1.138069051308155	-0.3528106525663336	-0.01264177438697407	-0.3820922830540359	1.002803519499528	1.002803519499466	0.007752232994141994	-0.1696553906530965	0.3362049111283809	0.1887146833784744	0.3057324040464932	0.1713837580051825	0.4652818919359259	-1.794541704398769	0.03108385722120563	-0.5020688172312918	0.4273189613311457	-1.820878479618044	-1.82087847961805	-0.1626396116930798	0.0472381559620958	-0.4639988748020409	-0.1680783980581281	-0.1590821005549971	0.08695455873858021	-0.006868592297767903	-0.1751325394363131	-0.0298366781918143	-0.007775137751296046	0.1531958573318006	-37.75287124672977	13.54705199235703	-6.507220423266696	-1.266407358510033	-471.8492893710462	-28.97120570477394	-3.363723926008881	0.9015233415901774	0.6136365039231528	0.1487102196695357	-3.055776036572726	0.3074974815710254	-0.6496663458816566	1.859937617991481	-2.967586872239314	-2.967586872239401	-0.2091331557245666	0.2946452486407214	-0.9458043405537759	0.164956479428969	-1.586741573475909e-10	1.267396251171773e-06	-4.598802750193982e-07	1.925604492931184e-07	1.170385564723504e-07	8.019552240436513e-07	1.449885504673625e-07
1.39	-0.333393225231446	0.04065304236579977	0.7570678860728229	1.119973139599955	-0.3524849891594244	-0.01769543177927126	-0.3777264492339605	0.984448302548066	0.9844483025479812	0.006115103736925	-0.1691700859601041	0.3315177616358831	0.1870414480951941	0.3146220649183916	0.1774925068209196	0.4664159892177919	-1.824398152954037	0.03406447103676142	-0.5086029772214421	0.4458240741857002	-1.849946210638712	-1.849946210638682	-0.164769903073396	0.04983258957657226	-0.4733886007930595	-0.1665268176477804	-0.1556980947341393	0.08660135508487024	-0.006735040325062235	-0.1709656152693002	-0.03002337790391432	-0.007952321642857061	0.150338369592202	-37.58488322708089	13.34417503112085	-6.18884275189312	-1.211039004659016	-468.5858124721544	-28.79436845381457	-3.862665616584002	0.8758162510570532	0.6080959577139066	0.0781535686469122	-2.914202347930985	0.2956343864373766	-0.6461613044608492	1.842238844367906	-2.84359074742216	-2.843590747416715	-0.2123120692733503	0.2432929433395814	-0.9291344837746216	0.1563363096177566	-1.12857020815801e-08	1.463734642469564e-06	-3.88499279188335e-07	2.213834849312552e-07	1.247072965365751e-07	9.151099808384939e-07	1.469192845967029e-07
1.4	-0.330203701335051	0.04245827971089411	0.7617347829839657	1.101585938789616	-0.3521290614033846	-0.02281260486724898	-0.3731762761403026	0.9658089633802979	0.9658089633802153	0.004457204577941675	-0.1686585468258701	0.3267379993323983	0.1853849441135726	0.3232368774329882	0.1835453311292501	0.4668458499477111	-1.852799524826394	0.03713672704790765	-0.514771956366764	0.4641868160474726	-1.877702922877044	-1.877702922876977	-0.1667935920572482	0.05248504421059137	-0.4825214370000259	-0.1647321377262289	-0.1523140889132875	0.08624815143112513	-0.006601488351856324	-0.1667986911022775	-0.03021007761602641	-0.008129505534482332	0.1474808818526023	-37.41704490629854	13.13381323667252	-5.860692404737142	-1.179377156813733	-465.3327489820785	-28.65665072532306	-4.405418505203217	0.8465536701297731	0.6024516024418454	0.007862909280201634	-2.764760699990636	0.3258259206890686	-0.5766301769159328	1.831463419435027	-2.705383115771943	-2.705383115771971	-0.1878126764318142	0.3062494525492638	-0.8944263837433267	0.213576381669752	7.712622194187424e-08	1.054643025193924e-06	-1.289849955089821e-06	1.237497823259306e-07	2.366844762302568e-07	7.839736959902008e-07	2.371254963971749e-07
1.41	-0.3269293024158759	0.04432376440680184	0.766402495620175	1.082921735048948	-0.3517426329023352	-0.02798527517207178	-0.3684434725253412	0.9468986612023622	0.946898661202307	0.002775059105924025	-0.1681183250017922	0.3218680836182242	0.1837465133360125	0.3315898523620273	0.1895408451153374	0.4665797168480399	-1.87979094582513	0.04016295499795215	-0.5197444667865599	0.4823398091265012	-1.904126219863757	-1.904126219863743	-0.1695759632197801	0.05555621405174125	-0.4914049225737519	-0.1629087856543984	-0.1487195444404347	0.08574499501094945	-0.006460228606741419	-0.1628712332394323	-0.03012714206644019	-0.00837079484702752	0.1444522181295642	-37.17025797866295	12.94780831402588	-5.548235932386994	-1.176981493324567	-462.0642972276856	-28.50316683379524	-4.993208088631297	0.8217478939758182	0.5964607449750524	-0.06129730339574515	-2.628744188298372	0.2936367830828503	-0.4544994057239208	1.802102579312539	-2.576198229996403	-2.576198230004397	-0.314563720980196	0.306431493200734	-0.8767698330113235	0.1739233080513101	2.302384647313301e-07	2.520219023455229e-07	-2.823476217617514e-06	-5.608080013765013e-08	4.164621416830907e-07	4.940482340738568e-07	3.847107686838869e-07
1.42	-0.323572958049475	0.04624887613222689	0.7710640577486263	1.063995134820597	-0.3513254190116102	-0.03320705816730907	-0.3635301619141535	0.9277310470066136	0.9277310470065169	0.001066867045215227	-0.1675476153306427	0.3169110410105405	0.1821277578167927	0.339625966878449	0.1954707370327134	0.465615748396156	-1.90527882236321	0.0432938049848072	-0.5245944944548422	0.5002882152925597	-1.929165326445489	-1.929165326445529	-0.1720029097749529	0.05858261362500275	-0.4999468157004397	-0.1607970860580996	-0.1451249999675481	0.085241838590876	-0.006318968862742001	-0.1589437753766015	-0.03004420651681799	-0.00861208415938379	0.1414235544065482	-36.92179688836341	12.75413271497523	-5.226127883348308	-1.212021847572878	-458.7750433043606	-28.42399474700256	-5.626952605056641	0.7831815876063002	0.5893271886995987	-0.1317041611623652	-2.464051807859429	0.3467503280512232	-0.5521336266131414	1.790546036840999	-2.428545034775897	-2.428545034775853	-0.1167277549600132	0.2972953989715855	-0.8261078943356509	0.271245886563422	3.24962254871848e-07	-1.452912402585504e-07	-3.761266338406551e-06	-1.515519649937161e-07	5.421565438829009e-07	4.365892616658799e-07	4.773404257098229e-07
1.43	-0.3201377568942592	0.04823287386594458	0.775712511755241	1.044821122409126	-0.3508767134866376	-0.03847569602325981	-0.3584387433125998	0.9083200272080104	0.9083200272079923	-0.0006651312090073661	-0.1669465509303692	0.3118701971204996	0.1805310288133227	0.3473566695076331	0.2013083033252956	0.4639579583831814	-1.929251816701669	0.04646113306916858	-0.5291309220828885	0.5179386060856531	-1.952787646466156	-1.952787646466202	-0.174320483943562	0.0616136659359924	-0.5081609080196675	-0.1585042405457815	-0.1414159790644712	0.08460485395472525	-0.006086484503044763	-0.1550527730593764	-0.03010520227223322	-0.008961778460465291	0.1382569508483472	-36.73536713801254	12.61995904758909	-4.915290404476508	-1.100633986213801	-455.4595616517539	-28.27366793501731	-6.307160690463819	0.7594241662138751	0.5778548005703894	-0.2002470811626611	-2.323083619791595	0.3044943665409036	-0.4035476452101517	1.743750760598873	-2.291538360288276	-2.291538360289217	-0.2779480269413105	0.3026706623797218	-0.8098801615867282	0.2155577206735259	3.784114491743222e-07	-2.560935692416243e-07	-4.277861945207905e-06	-1.873897484375715e-07	6.296196737831584e-07	5.434600490827885e-07	5.311221478100366e-07
1.44	-0.3166269667996195	0.05027462395279469	0.7803409017297661	1.025415547979679	-0.3503957806172313	-0.04378952821837798	-0.3531725277711038	0.8886802916342572	0.8886802916343864	-0.002418040360620185	-0.1663158439039565	0.3067490482550999	0.1789586790323973	0.3547437547624027	0.207021207659198	0.4616029419782861	-1.951591225958225	0.04973927387004285	-0.5336333622833375	0.5352476032809612	-1.974908481469871	-1.974908481469923	-0.1761850892773808	0.06451113885566999	-0.5160078107737104	-0.1559212415491648	-0.1377069581614335	0.08396786931846373	-0.005854000142334921	-0.1511617707421436	-0.03016619802768562	-0.009311472761745975	0.1350903472901236	-36.54605251771764	12.47784543279831	-4.594692502997273	-1.032661035893908	-452.1046259439754	-28.21082535494997	-7.033843754358786	0.7144581127233948	0.5643947969636622	-0.2711494395465088	-2.13733479147887	0.3689128713537411	-0.5453361410936848	1.722267317283937	-2.128248031385468	-2.128248031385486	-0.02613398800193226	0.2705795207091884	-0.7526699812986588	0.3292765834231588	4.023937010637983e-07	-1.75883848609581e-07	-4.530911796854322e-06	-1.846998266928127e-07	6.861685451994826e-07	7.197866719864797e-07	5.636332244268319e-07
1.45	-0.3130439215560629	0.0523728573792941	0.7849422885655276	1.005794591475923	-0.3498819649496035	-0.04914732944633743	-0.3477352842099691	0.8688269555414033	0.8688269555414679	-0.004188708877562286	-0.165656729929146	0.301551272713539	0.1774129814397934	0.3618076537721115	0.2126013484109401	0.4585591198781026	-1.972322689178462	0.05300798086747836	-0.5377968718824018	0.5521186127069866	-1.995485862826201	-1.995485862826192	-0.1780097806464657	0.06734196868690043	-0.5234800770679506	-0.1532159401686853	-0.1337917025936812	0.08302801223051202	-0.005505589465175713	-0.1476091095472558	-0.02994514685748754	-0.009767818647862223	0.1317480679502271	-36.28273394592991	12.38552251605676	-4.300801686081679	-0.9613192917061248	-448.786871471872	-28.12898384519831	-7.806348715181459	0.693759735287176	0.5511767785828198	-0.3381476108672658	-1.999379415803263	0.3041428968284305	-0.3317757420786936	1.657143319350664	-1.981669479732689	-1.981669479723431	-0.2698862031909329	0.2930299503376959	-0.7343845950515516	0.2420303177891826	4.037495507432941e-07	5.099583869121103e-08	-4.581596157935344e-06	-1.524261313210829e-07	7.189796824227873e-07	9.49445454281807e-07	5.798114839760025e-07
1.46	-0.3093919565343698	0.05452616282617155	0.7895098073771644	0.9859746548742633	-0.3493358035554242	-0.05454274924483783	-0.3421318054417559	0.8487760083766006	0.848776008376579	-0.005979474206590961	-0.1649685686088133	0.2962807985807217	0.17589451154148	0.3685277103895201	0.2180356117348036	0.4548293371533938	-1.99138724553899	0.05620841918051012	-0.5411570763920989	0.5684946446965655	-2.014430695861566	-2.014430695861495	-0.1802044516887147	0.07032060795843972	-0.5305475290247842	-0.1504757026910511	-0.129876447025923	0.08208815514257486	-0.005157178788218694	-0.1440564483523702	-0.02972409568728374	-0.01022416453395023	0.1284057886103355	-36.01619185347676	12.28572679508585	-3.99782531707524	-0.9315279163238054	-445.4217708695439	-28.13671013040734	-8.620349554969179	0.6456896342633348	0.5352193113879781	-0.408341564451564	-1.803953419537138	0.3552591344730003	-0.3846751232202191	1.623271829994646	-1.80173836719229	-1.801738367192331	-0.1001299226347527	0.3001414087709673	-0.6717071138173383	0.3362638028541006	4.145042156432929e-07	-3.416606205525614e-08	-4.603711357175213e-06	-1.63674631827335e-07	7.414732987264263e-07	1.01598870165856e-06	5.711819198596287e-07
1.47	-0.3056745906934681	0.05673296539984101	0.7940366377385061	0.9659726337038015	-0.3487575859073674	-0.059968302113427	-0.3363671338770537	0.8285438993484977	0.8285438993485076	-0.007792703560567471	-0.1642493485859866	0.2909417696873411	0.1744042262177485	0.3748804583247537	0.2232888995227104	0.450426071140087	-2.00871582309715	0.05944001939734674	-0.5439327522324912	0.5843445492223855	-2.031706594625615	-2.03170659462545	-0.182379371277587	0.07350690222994337	-0.5371861481867395	-0.1475493619278918	-0.1260062033638057	0.08113004789174438	-0.004725239384381163	-0.1404423541677441	-0.02984664212043797	-0.01083176453956605	0.1250541502200647	-35.8892204288826	12.27772581794435	-3.711390792619604	-0.6989153219313716	-442.1923764449194	-28.01556482418653	-9.446516598163022	0.6203706006958333	0.5149362410085573	-0.4727663228101702	-1.652065581880722	0.308589297553406	-0.2203764098521645	1.551581910594316	-1.647943954668348	-1.647943954654133	-0.267071725947495	0.3245400009812875	-0.6491110460963219	0.2762505829320484	4.330912265603779e-07	-3.793626195077811e-07	-4.602018921547452e-06	-2.111916288985732e-07	7.553689809303437e-07	9.466023366031634e-07	5.418791693553007e-07
1.48	-0.3018956367277042	0.05899121139709279	0.7985161459991066	0.9458063756261738	-0.3481467564906889	-0.06542088425950167	-0.3304468168377492	0.808147545668031	0.8081475456680562	-0.009625861860237842	-0.1634989323075083	0.2855385202565986	0.1729442905756255	0.3808453353616846	0.2283242964512667	0.4453649170051837	-2.024234626972326	0.0627307729047603	-0.5465629318890192	0.5996237396169519	-2.047279626335949	-2.047279626335688	-0.1841902408238189	0.07655985908709585	-0.5433916364971617	-0.1444057663693243	-0.122135959701689	0.08017194064091002	-0.004293299980657947	-0.1368282599831196	-0.02996918855359193	-0.01143936454518549	0.1217025118297946	-35.76084239689876	12.26767236201989	-3.422563418892917	-0.5032970829061596	-438.9363324133329	-27.97502187114726	-10.27454644260564	0.5681154546028147	0.4916411395178776	-0.5399191887708702	-1.441998682940492	0.3670897925883901	-0.3555758864473537	1.509129003743932	-1.461164956449234	-1.461164956449216	-0.02731991410665654	0.273473925900744	-0.5850809435107134	0.3797147619357222	4.350105170965129e-07	-3.730641713725927e-07	-4.56236879633745e-06	-2.084408548969389e-07	7.77508791136196e-07	1.046390231756748e-06	5.313037608345055e-07
1.49	-0.2980589081983039	0.06129875066751185	0.8029418366279638	0.9254937594311987	-0.3475028853753076	-0.07089939052836997	-0.3243767911556147	0.7876040028439067	0.7876040028439087	-0.01147527437014549	-0.1627189311792213	0.2800755213713934	0.1715167370699904	0.3864293326192811	0.2331490761305566	0.4396684311925499	-2.037981881229884	0.06604430986296814	-0.5490704458588282	0.6142769498442041	-2.061124133598702	-2.061124133598447	-0.1856622613996591	0.07945146885261209	-0.5491159251134762	-0.1410728679202809	-0.1180693288606951	0.07883666159155617	-0.003748687504428676	-0.1337671357259389	-0.02950553872622691	-0.01212063469353843	0.1182237448466049	-35.46299954362102	12.28937270385489	-3.172418316381703	-0.4340614333227186	-435.8621867926693	-27.9914768578242	-11.10264255621937	0.5429363669332296	0.4726968755291194	-0.6000655643253874	-1.295012634472813	0.3142801905487009	-0.1875951824197104	1.427749987299253	-1.300481037339781	-1.300481037340645	-0.2027740976274632	0.2978574854255299	-0.5522371524629348	0.3153982864124916	4.218647526729433e-07	-4.906831434082067e-08	-4.488410759389651e-06	-1.602557493486703e-07	8.071000247284123e-07	1.299085631329985e-06	5.376549883372879e-07
1.5	-0.2941684607952071	0.0636534978334027	0.8073074519413315	0.9050528859261862	-0.3468257199817208	-0.07640082314297594	-0.3181633667801906	0.766931137461924	0.7669311374619073	-0.01333853327944873	-0.1619098433565745	0.2745580527336723	0.1701235767288505	0.3915891101006855	0.2377658755456224	0.4333498539072886	-2.049886088979823	0.06938962854565113	-0.5511482010355202	0.6283034782747924	-2.073144137907514	-2.073144137907265	-0.1869595207076921	0.08237719796006772	-0.5542855870006348	-0.1375271334702839	-0.1140026980197159	0.07750138254217068	-0.003204075028096162	-0.1307060114687617	-0.02904188889887038	-0.01280190484193844	0.1147449778634076	-35.16257458506551	12.30947977772802	-2.920712923600808	-0.4012574146401366	-432.7401629512933	-28.08486359106837	-11.9295200522522	0.4832714993643744	0.4500450866730546	-0.6643374832963777	-1.073389381417078	0.3734461374834109	-0.2696241278239494	1.383792644411112	-1.096264365661143	-1.096264365661145	0.00763233945474572	0.2802977942886303	-0.4741555976795147	0.4222819621264471	4.024295459694179e-07	2.669782949724426e-07	-4.372041307244651e-06	-1.104917092399974e-07	8.244712776487732e-07	1.522904583495102e-06	5.388681021846439e-07
1.51	-0.2902284425322741	0.06605327483304987	0.8116068526427113	0.8845020898122595	-0.3461152352119727	-0.08192099028729667	-0.3118130615186675	0.7461471792690612	0.7461471792690696	-0.01521425500802254	-0.1610716072926978	0.2689915526309593	0.1687665179429711	0.396347926853602	0.2421443072894073	0.4264328052615624	-2.059961867549213	0.07268046634474334	-0.5527354326520826	0.641632286145324	-2.083332418187656	-2.083332418187415	-0.1882481150885306	0.08531018386689167	-0.5589301822029574	-0.133895248024144	-0.1100363722780741	0.07605880560292312	-0.002575791372570247	-0.1276099170041033	-0.02895095877040623	-0.01360231842761493	0.111308064626232	-35.01222076807547	12.40644711949013	-2.679939032077143	-0.1665912451560085	-429.8453522365696	-28.08747000885293	-12.75441447769795	0.4622390191096977	0.4249531046467	-0.7198441919673854	-0.9279222144707381	0.3034339754866995	-0.08022998372715114	1.288631675646221	-0.932954103120594	-0.9329541031219862	-0.206648971370447	0.305085310331657	-0.4469241385208696	0.3324236821139318	3.768306858315355e-07	5.752346415215671e-07	-4.21410866820639e-06	-5.918031326212806e-08	8.298669495107158e-07	1.71842461720026e-06	5.350458646496818e-07
1.52	-0.28624282565064	0.06849547832741794	0.8158341917302825	0.8638598858886856	-0.3453725357893609	-0.0874524212088139	-0.3053332268149842	0.7252707694246228	0.7252707694246313	-0.01710477140933572	-0.1602029841054489	0.2633811440448205	0.1674455343808043	0.4007088338406929	0.2462511744897999	0.4189375311455813	-2.068167650909436	0.07583255911841837	-0.5534009564748339	0.6542093667067383	-2.091634468224994	-2.091634468224763	-0.1899184552500599	0.08845462263181016	-0.5630672836857682	-0.1303120887277568	-0.1060700465364303	0.07461622866367471	-0.001947507717189645	-0.1245138225394453	-0.02886002864194042	-0.01440273201328908	0.1078711513890588	-34.85881290474612	12.50198344816994	-2.437910077932513	0.03144473972243878	-426.8978760297605	-28.1634787895007	-13.57717532286758	0.4036895461992442	0.3957321779945795	-0.7799825773473498	-0.6993903395836573	0.3456971323999712	-0.08528256906170453	1.233447182587693	-0.7190183171005473	-0.7190183171005486	-0.068716816683424	0.3225883659075441	-0.3726568537771062	0.4125367321758783	3.47395849339315e-07	8.920461908486104e-07	-4.029879390443313e-06	-5.816787508005267e-09	8.322142434266624e-07	1.904412148334775e-06	5.285078465963677e-07
1.53	-0.2822156525639361	0.07097734108432042	0.8199838026951188	0.8431449602429106	-0.3445988005298261	-0.09298814805363724	-0.2987314571863638	0.7043206544942958	0.7043206544943024	-0.01901201127468595	-0.1593030623132608	0.2577319486444767	0.1661604992279526	0.4046473848527565	0.2500700550336986	0.4108980199629665	-2.074492046929474	0.07890943987461493	-0.5537113502382512	0.6660163921786004	-2.098073136020164	-2.098073136019999	-0.1914775855930332	0.09150714644329699	-0.5666811035293406	-0.1266736573523018	-0.1021131227945589	0.07307145005221277	-0.001268985300058029	-0.1216953700169989	-0.02869288460148975	-0.01536011967282569	0.1044473942007559	-34.71905138731201	12.68541924410015	-2.229699391860076	0.2825884182191896	-424.305414441144	-28.16776713675947	-14.39827762097398	0.3772151418824103	0.3672836065950175	-0.8287654984594156	-0.5500985045645118	0.2883586628449832	0.001608689099012311	1.135105203628591	-0.5590865455756288	-0.5590865455855354	-0.1916777085557959	0.2925474152109726	-0.3420750473892436	0.3429106496521461	3.138852879706104e-07	1.217947643127192e-06	-3.817709934035117e-06	4.972712613338683e-08	8.313226357749883e-07	2.080271395487983e-06	5.190843117423047e-07
1.54	-0.2781514385144754	0.07349585616946336	0.8240504525261808	0.8223765637826654	-0.3437943614396055	-0.09852587354228046	-0.2920154623081959	0.6833155937790478	0.6833155937790516	-0.02093327575654695	-0.1583734226776721	0.2520493489461494	0.1649125312507398	0.4081170263917191	0.2535816401378868	0.4023453043907331	-2.07886181380354	0.08197332525543256	-0.5538006852384382	0.6770544166161888	-2.10262362520935	-2.102623625209251	-0.192723378554067	0.09439819131245281	-0.5697481432825896	-0.1228986535999734	-0.09815619905269751	0.07152667144073915	-0.0005904628829025498	-0.1188769174945546	-0.02852574056104181	-0.0163175073323806	0.1010236370124464	-34.57602122738696	12.86746691320841	-2.020333668326858	0.498363597067827	-421.6597826806006	-28.24217831830753	-15.21617988349497	0.3099076515790556	0.3342730900525077	-0.8826234552710832	-0.3084645103893145	0.3430980573241762	-0.04107081641560457	1.079646975732961	-0.3413825959036917	-0.3413825959036917	-0.006049340295537807	0.2902925774413427	-0.2633008357124448	0.4398512075505319	2.727016319973359e-07	1.517619831621712e-06	-3.561433365246156e-06	1.058307223557282e-07	8.025414651268434e-07	2.19760458141893e-06	5.048744827406268e-07
1.55	-0.2740549168148088	0.07604795314720728	0.8280290915190459	0.8015743127695434	-0.3429592571727023	-0.1040641457812466	-0.2851929609230651	0.662274659314861	0.6622746593148625	-0.02286473036599273	-0.1574160891515478	0.246339019588916	0.163703228427095	0.411110898210499	0.2567861203191981	0.3933072675201754	-2.081267982362298	0.08503784781092161	-0.553783766779999	0.6873038567563833	-2.105238950824079	-2.105238950823858	-0.1935408585069369	0.09706665753761659	-0.5722162394065211	-0.1189444659614224	-0.09413467256478317	0.06963914006940836	0.0001344993425455902	-0.1164754820025106	-0.02800335816949726	-0.01732103610960504	0.09757579487482164	-34.34280009775588	13.07350533758385	-1.837346392843652	0.6489454729888221	-419.3383029323971	-28.38560661243224	-16.02164594629067	0.2826920393954736	0.3058290396328742	-0.9255362452381849	-0.1585942882653849	0.2869540703120721	0.03410051157489165	0.976291985080721	-0.1730548620644558	-0.1730548620461229	-0.115453986351544	0.2543139196286792	-0.2232665046108734	0.3758826614242741	2.22677236588362e-07	1.787071346625901e-06	-3.254337732192403e-06	1.625791702474241e-07	7.416266675479839e-07	2.247505566376407e-06	4.851500104819145e-07
1.56	-0.2699307433784805	0.07863055363825676	0.8319151216547473	0.7807576198189041	-0.3420937427371152	-0.1096000433687081	-0.2782722252461484	0.6412172821309662	0.6412172821309667	-0.02480353110767894	-0.1564322329082571	0.2406070687696679	0.162534003503719	0.4136473737239997	0.2596823427989975	0.3838235329580279	-2.081750201306915	0.08805535899244492	-0.5533257549375117	0.6967012749733001	-2.105912169151083	-2.10591216915074	-0.1941926050025599	0.09970273474577181	-0.5740724356855468	-0.1148830735461955	-0.09011314607686947	0.06775160869806995	0.0008594615679894262	-0.1140740465104636	-0.02748097577795186	-0.01832456488683606	0.09412795273719633	-34.11015989096904	13.28055742243938	-1.655560475967789	0.7767840684255992	-417.0215432056025	-28.59848954824671	-16.80945769789726	0.2184283905232545	0.2726215497501761	-0.9717629935890515	0.07632541243869351	0.3336957825310171	0.04714786039404964	0.9092425910774156	0.04703886164146945	0.04703886164146986	0.02709735115385088	0.2838147740396376	-0.1409208667312705	0.4612921628857045	1.182618144097142e-07	2.322216210998207e-06	-2.576736150391097e-06	2.623369295610858e-07	6.110002440057335e-07	2.222968253046387e-06	4.396835383321243e-07
1.57	-0.2657837269559563	0.08124050684859725	0.8357041839279186	0.7599460456578678	-0.3411979934110043	-0.1151315946732377	-0.2712616426837465	0.6201629300440411	0.6201629300439269	-0.02674617309359809	-0.1554238565471765	0.2348596833620336	0.1614063796322373	0.4156768559232114	0.2622508175310488	0.373927607194336	-2.080258412227495	0.09104553377115235	-0.5527659835391089	0.7052632298333396	-2.104657065567296	-2.104657065566982	-0.1944650937296808	0.1020536104754699	-0.5753260511327297	-0.1106866323593361	-0.08613977001853074	0.06577241203242722	0.001599124556901452	-0.1118228918728533	-0.02696880295562261	-0.01947377427269161	0.09072707523004893	-33.91714084239451	13.57065182199306	-1.50167736209267	0.9764322185067463	-415.0600646450842	-28.73041684416218	-17.57453503645916	0.183335216239735	0.2404390234517572	-1.007650969262926	0.2315226657955853	0.2740508354643154	0.09351903020193823	0.8068707823806037	0.2098600412414405	0.2098600412370344	-0.07328720932200376	0.2227733037556235	-0.1056868907794156	0.3915975602561578	-5.414239123102519e-08	3.189477762080657e-06	-1.436002132655353e-06	4.158563281522042e-07	3.932342880092452e-07	2.105383066856998e-06	3.62039566318487e-07
1.58	-0.2616187902951114	0.08387444052396216	0.8393924582231522	0.7391585727896436	-0.340273867835114	-0.1206509228136746	-0.2641700008029622	0.5991301517797484	0.5991301517797492	-0.0286953130113091	-0.1543895615627486	0.2291021407985209	0.1603192756653581	0.417231421387224	0.2644784358038792	0.3636659373705043	-2.076929942743984	0.09373060894683305	-0.5508811221151824	0.7129131386499163	-2.101597404603744	-2.101597404603459	-0.1954921914438938	0.1048864594580077	-0.5761038668626169	-0.1067790926256761	-0.08216639396029883	0.06379321536665403	0.002338787547374043	-0.1095717372352867	-0.02645663013334792	-0.02062298365876971	0.08732619772283942	-33.72765163697324	13.86320787662176	-1.350290530492369	1.171905751544329	-413.149957501369	-28.90076890541394	-18.31160438017599	0.1234450434834869	0.2044502579060089	-1.044911805617043	0.4436614932567903	0.2726758619255875	0.3121658654988181	0.7268333823849171	0.4079503375945014	0.4079503375945005	-0.1238244462645491	0.380209424607625	-0.04576092327211725	0.4035118722458438	-2.380539582211226e-07	3.987238456008493e-06	-1.623417375924243e-07	5.580704786105767e-07	1.457856543957324e-07	1.844720285330627e-06	2.652095327450448e-07
1.59	-0.2574409514672342	0.08652890575449644	0.8429763430608739	0.7184143631130491	-0.3393231745653959	-0.1261501667889635	-0.2570060502325144	0.578137651234004	0.5781376512340274	-0.0306532129703876	-0.1533278098682275	0.2233398271888918	0.1592717234762489	0.4182608830559459	0.2663553393544702	0.3530607478997785	-2.07159738925271	0.09637597979923565	-0.5488573725192374	0.7197293972401797	-2.096578538113921	-2.096578538113679	-0.196119391639767	0.1074649933265816	-0.5762607211239609	-0.1027460358943664	-0.07833253618842699	0.06180591118646146	0.002948540859480511	-0.1072325588482998	-0.02606628223953015	-0.02173138758651744	0.08405026354818559	-33.58638153536839	14.14175385546062	-1.191266935109162	1.365422199276647	-411.4849381771522	-29.10736946802209	-19.01526501131108	0.08131061859594158	0.1705718717573661	-1.075927543588812	0.6251613887177278	0.2547408282175345	0.1640709222130567	0.6368853673866642	0.5974659456481894	0.5974659456415926	-0.03597142838302637	0.1972451161974017	0.01419583337629592	0.3999469057077716	-4.375826584710621e-07	4.690676558083648e-06	1.291718740985958e-06	6.849417923173659e-07	-1.419466131265972e-07	1.389880767275506e-06	1.423412727690117e-07
1.6	-0.2532550952446637	0.08920039231416088	0.8464526549987308	0.6977329007936994	-0.3383471729608937	-0.1316258549851737	-0.2497783644221555	0.5572050615813762	0.5572050615813703	-0.03261814565593699	-0.1522401588853285	0.2175789137388361	0.1582638507208794	0.4188349003258379	0.2678827016299129	0.342151357397543	-2.064380471295241	0.09879227590443068	-0.54616996630046	0.7256601866320296	-2.08961522598522	-2.089615225985022	-0.1968987367210087	0.1100663171237584	-0.5758238349476303	-0.09884320587768582	-0.074498678416529	0.0598186070062977	0.003558294171231653	-0.1048933804612987	-0.0256759343456982	-0.02283979151421593	0.08077432937354649	-33.4523873264445	14.42547019492168	-1.037518565380736	1.579446313363889	-409.9249217549333	-29.30534387568384	-19.68015456661729	0.0323561637175516	0.1345420028763299	-1.105752011918989	0.8205343864956782	0.2268609124840893	0.4448971900652898	0.5497395427022601	0.7968394653698944	0.7968394653698965	-0.1542534233382283	0.3847674103282036	0.07298716426281851	0.3774665293200135	-5.607759593473908e-07	5.002046387890007e-06	2.224020742804123e-06	7.447345138521812e-07	-3.392034505309152e-07	1.003033241907192e-06	5.52689270124291e-08
1.61	-0.2490660975884662	0.09188533010609247	0.8498184482140074	0.6771336275330864	-0.3373475463688478	-0.1370720061672876	-0.2424957080370712	0.5363520779855546	0.5363520779855466	-0.03459020479619503	-0.1511264374195626	0.2118255193223591	0.1572951936165204	0.4188722713010327	0.2690393411873684	0.3309693582625672	-2.055131148653426	0.1011288984488756	-0.5430249145508471	0.7307151022118201	-2.080652215053493	-2.08065221505332	-0.1974461741875056	0.1126392153663385	-0.5747525597949666	-0.09486585502128717	-0.07059204509768535	0.05794255427528966	0.004019223629866819	-0.1027081087716717	-0.02508310937989762	-0.02398679679103721	0.07745798595915647	-33.27110224740407	14.73188531828167	-0.9036248576575925	1.750934021437746	-408.6140315763309	-29.4926126905469	-20.30094558961333	-0.0244979818086289	0.09653388975667208	-1.130201438279147	1.028498580077421	0.2355133067583683	0.2545633364798834	0.4599693396358271	0.9954236504366846	0.9954236504329531	0.005939743782216768	0.1881786970754726	0.1396739240237672	0.4102169560389733	-5.713745461476447e-07	4.7351155160999e-06	2.386728991400975e-06	7.055863119333359e-07	-4.030090285111675e-07	7.16473905751917e-07	2.099555472953551e-08
1.62	-0.2448795113317612	0.09457989608511386	0.8530712659231358	0.6566371209743017	-0.3363248634750913	-0.1424856559980919	-0.2351671821413852	0.5155986028477201	0.5155986028477159	-0.03656555258068969	-0.1499880614382053	0.2060859329040604	0.1563667795391731	0.4183526204270627	0.2698083390478738	0.3195562561679248	-2.043827130929496	0.1034035362466695	-0.5396696960384111	0.7348340887523467	-2.069713534387263	-2.069713534387115	-0.1975564655704969	0.1149972202430213	-0.5730622353120773	-0.09079460047532117	-0.06668541177885343	0.05606650154427179	0.004480153088537196	-0.1005228370820464	-0.02449028441409924	-0.02513380206787336	0.07414164254475783	-33.09942491743323	15.04562887848118	-0.7773495729464694	1.950558409588661	-407.44355972443	-29.66253919129984	-20.87297643525209	-0.0790482061153896	0.05701366348627757	-1.151972603852308	1.231473402918551	0.2144639631538876	0.4869305426299305	0.3625537348494346	1.191973412270449	1.19197341227045	-0.06682420663710692	0.3417887371487398	0.1967970303079417	0.3962472672334796	-5.499258461448513e-07	4.381470881529989e-06	2.327519765406908e-06	6.478012555496313e-07	-4.065594663594316e-07	5.28031958010287e-07	5.611628111367799e-09
1.63	-0.2407007322442734	0.09728023690724547	0.8562089463031228	0.6362635339188567	-0.3352801918496167	-0.1478625253640564	-0.227802355512238	0.4949642630944836	0.4949642630945043	-0.03854181006546308	-0.148825793693544	0.2003662484883713	0.1554789166975808	0.4173176317876406	0.2701966050708364	0.3079536494912478	-2.030562750220871	0.1054923097731849	-0.5356216702863955	0.7379674507728744	-2.056821015203407	-2.056821015203373	-0.1977008579686289	0.1174281096354111	-0.5707704674964622	-0.08679701906262841	-0.06278018560745567	0.05411539081664392	0.004817380386855778	-0.09847538722084045	-0.02368053117957777	-0.02618527445290566	0.07086160109388279	-32.86232103660522	15.31615829152128	-0.6553001244114055	2.04892913256449	-406.5212970559256	-29.94321934796573	-21.39731661287328	-0.128616296015448	0.0203508833005872	-1.168381068589616	1.422982093795716	0.1996176597122144	0.376101515779279	0.2641594899843133	1.387895318253046	1.387895318235884	0.01157010907685264	0.1897875492580715	0.2610735187640034	0.3979041903443523	-4.770328173266444e-07	3.888627838287252e-06	1.912074593359027e-06	5.600991433144454e-07	-3.133845476800383e-07	4.970942390379207e-07	2.055023269183697e-08
1.64	-0.2365348814638114	0.09998258395192647	0.8592298053425403	0.6160324030082924	-0.3342159257664175	-0.1531964418876381	-0.2204111088520188	0.4744688493624717	0.4744688493624693	-0.04051954810118926	-0.1476400073531159	0.1946726231231517	0.1546303077925269	0.4157669590218177	0.2702095835577556	0.2961919880540383	-2.015335901953797	0.1073224277921671	-0.5310791275627	0.7401180949665978	-2.041928330147153	-2.041928330147234	-0.1978525757476324	0.1197009393867566	-0.5678504252178176	-0.08294381316764732	-0.05887495943601975	0.0521642800890498	0.005154607684826362	-0.0964279373596111	-0.0228707779450389	-0.02723674683788133	0.0675815596430296	-32.63253065722297	15.59489408015743	-0.5424699290643886	2.167551543526252	-405.6999526135766	-30.20661667900556	-21.87447902269024	-0.1821850313955371	-0.01804384372238248	-1.183783555958785	1.623966914608597	0.1627328616472528	0.5858339369658877	0.1660101694885383	1.592006586750163	1.592006586750153	-0.06828928281139486	0.3101768089398554	0.3224519229138765	0.3673721636911421	-4.167078159026466e-07	3.449674425096892e-06	1.594212041233259e-06	4.831535925988354e-07	-2.356146651755123e-07	4.439692182180701e-07	2.773765626881103e-08
1.65	-0.2323871617700037	0.102683098922406	0.8621323752537144	0.5959635839673542	-0.3331344008347402	-0.1584819651392947	-0.213003464769114	0.4541324836902946	0.454132483690298	-0.04249856891870846	-0.1464316817947761	0.1890113591856371	0.153819821243542	0.4136817904858503	0.2698217035562016	0.2843062549362557	-1.998063022129219	0.1089653756367062	-0.5259817346010356	0.7412333807925877	-2.024985384577632	-2.024985384577696	-0.1978827866866519	0.1219128070201465	-0.5642899592772775	-0.07914232228288313	-0.05498076871420298	0.05039580556287226	0.005393726746265643	-0.09437806743703214	-0.02212118012369075	-0.02833080748026104	0.06430875957482331	-32.44131748255073	15.90515609711392	-0.4418341194904434	2.323961856988844	-405.1292401491339	-30.43325188357412	-22.30488831865478	-0.236012292024846	-0.0598387513970251	-1.193359364919977	1.833622661013734	0.161923293672671	0.4782344452025245	0.05768666586392113	1.799348063898432	1.799348063900954	0.04050183071344587	0.1692079768659945	0.3897669043231416	0.3876056813990315	-3.783768624185195e-07	3.105027864498218e-06	1.447119073971219e-06	4.250320245424884e-07	-1.8480359597701e-07	3.520164191651193e-07	2.136051308966685e-08
1.66	-0.2282631596670197	0.1053775993582649	0.8649156095986644	0.5760784285535893	-0.3320370769150542	-0.1637152059674469	-0.2055899880526071	0.4339763293781851	0.433976329378189	-0.0444757140795986	-0.1452027343128276	0.1833890845024673	0.1530475632295109	0.411023440856778	0.2690066766336308	0.2723248748092256	-1.97860317651939	0.1104822253938605	-0.5206226428619382	0.7412846216869664	-2.005886058134295	-2.005886058134342	-0.1974774444192425	0.1238253241066329	-0.5600525743487741	-0.07529810617691939	-0.05108657799237631	0.04862733103670103	0.005632845807639945	-0.09232819751444415	-0.0213715823023375	-0.02942486812263077	0.06103595950662136	-32.25602529280171	16.22382469231188	-0.3509566441135497	2.495778867837552	-404.6385424862971	-30.63910094317668	-22.68973538958701	-0.296821250016486	-0.1034732279257544	-1.202912957808257	2.061360071658941	0.1375132441702957	0.6381736924524809	-0.04679881683372953	2.023282761513372	2.023282761513394	0.01882135847438549	0.2503066995591392	0.4578357205065206	0.3759172079310575	-3.219286209034026e-07	2.861164508210223e-06	1.050116102047053e-06	3.800321035397385e-07	-7.772509763165471e-08	4.759649849176486e-07	4.882820148520033e-08
1.67	-0.2241683055948578	0.1080618670330826	0.8675787318163879	0.5563979375809364	-0.3309260806445518	-0.1688915053550536	-0.1981816751386669	0.4140213860639479	0.414021386063958	-0.04644928248335439	-0.1439549841644182	0.1778122060623274	0.1523127570535173	0.4078502150750349	0.2677776638459184	0.2602968950827829	-1.957134652801041	0.1116945979274553	-0.5145682513239361	0.7401982078976936	-1.984745018630883	-1.984745018630902	-0.1971736695782187	0.1256949007975958	-0.5552074071940046	-0.0716559271884539	-0.04714662785739121	0.0467464131524134	0.005798744281784808	-0.0905930643857292	-0.02027246961382469	-0.03044632693523308	0.05777320948897227	-31.97262013389587	16.51227309266563	-0.2763814050136003	2.55585074080946	-404.5179531487166	-30.97118711651919	-23.03095224148802	-0.3421749232218963	-0.1429251487683721	-1.20308508982091	2.243625984631674	0.1094493810151502	0.5996191706512044	-0.1665256404965282	2.213111781557509	2.213111781561572	0.0459536911683222	0.1507243753475213	0.5152798546440868	0.3590660715677341	-2.308443875643331e-07	2.809974924869123e-06	1.753440035629172e-07	3.601176842571018e-07	1.369234858473944e-07	1.012666159857142e-06	1.409992443617378e-07
1.68	-0.2201081041167049	0.1107317826111083	0.8701215053148954	0.5369429373380079	-0.329803690624099	-0.1740051513700471	-0.1907896189587239	0.3942885725921064	0.3942885725921208	-0.04841785350984125	-0.1426894500048052	0.1722872638220727	0.1516145122328611	0.404092922054543	0.2661362572752225	0.2482551309660214	-1.933505030574337	0.1127609753834971	-0.5080919683388487	0.7380332748875228	-1.961460089655376	-1.961460089655368	-0.1964779689671181	0.1273821263478645	-0.549665334371958	-0.06798583510945126	-0.04320667772243901	0.04486549526810078	0.005964642755939505	-0.0888579312570265	-0.01917335692532064	-0.03146778574787065	0.0545104594713031	-31.69220411667986	16.80484172238779	-0.2065704971784519	2.611454064406565	-404.4409712663505	-31.31932479880981	-23.33107074610733	-0.4136346977661912	-0.1859519845224862	-1.205669835872034	2.493579773330113	0.1083142286596891	0.7225519818695805	-0.26250266101333	2.452060655932131	2.45206065593216	0.09720651248972112	0.2138364714203116	0.5972168539619315	0.3814998260384877	-1.686688911650042e-07	2.782098943136465e-06	-4.288232289118144e-07	3.451648076935125e-07	2.960613468814725e-07	1.38578442309181e-06	2.044325679925288e-07
1.69	-0.2160882094089807	0.1133831913484607	0.8725439303586547	0.5177347764278084	-0.3286715946409031	-0.1790517550054012	-0.1834248742503493	0.3747992398827665	0.3747992398827683	-0.05037807150043593	-0.1414080267642731	0.1668211089743604	0.1509528000062968	0.3997936187784311	0.2640725565540493	0.236237773465424	-1.907762526450511	0.1136104284109619	-0.501134352752184	0.7347248469840874	-1.936034094116176	-1.936034094116152	-0.1955481782588727	0.1288678137185715	-0.5434522587968169	-0.06437984049241896	-0.03935361269286343	0.04304176994865321	0.006082294606830014	-0.08713095683380095	-0.0181862457256035	-0.03256450527879523	0.05132294484528169	-31.47374914638796	17.14262828093751	-0.1458923672859093	2.726954111559091	-404.6897969184648	-31.61919016612003	-23.59317525843088	-0.4519697372036817	-0.2274516783700884	-1.198510578770675	2.669250105137055	0.06580476261354287	0.6967312000816192	-0.3936358255268266	2.643680723036761	2.643680723039056	0.09389696636049649	0.1106209414265973	0.6504258167397546	0.3462847333051754	-1.670210627332564e-07	2.803035814771482e-06	-4.664115231793609e-07	3.406001611979285e-07	3.389736327963934e-07	1.416400964944503e-06	2.076962919525386e-07
1.7	-0.2121140860529503	0.1160117885661103	0.8748464334530848	0.4987949734334954	-0.3275324953428683	-0.1840259095142842	-0.176098938415112	0.3555753294728521	0.3555753294728272	-0.05232838526070031	-0.1401128094357074	0.1614204994638886	0.1503263748166567	0.394938651715513	0.26157395333465	0.224270741100181	-1.87983344739756	0.1141616383513691	-0.4936021430448492	0.730271500259925	-1.908375629772064	-1.908375629772024	-0.1944971228958832	0.1301409439505052	-0.5365562669236927	-0.06092842772460289	-0.03550054766325707	0.04121804462922055	0.006199946457588095	-0.08540398241055577	-0.01719913452587621	-0.03366122480969599	0.0481354302192788	-31.25580504384069	17.4835036947628	-0.08913153344200268	2.832828664095176	-404.9439582910979	-31.92857414343135	-23.82080012843633	-0.5247674551273931	-0.2729324841676787	-1.195604808801132	2.930894759155027	0.04866561124815832	0.8374708060036189	-0.4914864251587341	2.898554416914497	2.898554416914522	0.121459443438529	0.1713250436656545	0.7338001135585487	0.3505834561952405	-1.611055349618705e-07	2.820815428109804e-06	-5.307355506707593e-07	3.348250458846131e-07	4.013432378617211e-07	1.469239461934744e-06	2.132536887497665e-07
1.71	-0.2081910536187131	0.1186132304648557	0.8770296997747787	0.4801448910459072	-0.3263893051981867	-0.1889220970547552	-0.1688236826222113	0.3366387658414575	0.3366387658414408	-0.05426749855578623	-0.1388059865285479	0.1560921058183232	0.1497337389959254	0.3895692839989706	0.2586402195469414	0.21240234459119	-1.849801541581319	0.1144439034771492	-0.4855734401946423	0.7245800403897912	-1.878554092529334	-1.878554092529276	-0.193257642949336	0.1311636270934571	-0.529002872378694	-0.05759997735528621	-0.03158580250012093	0.03932437089217038	0.006257736534850416	-0.08402008568740287	-0.01593151400889277	-0.03477551957602597	0.04492942683726308	-30.97403764738915	17.83693253907639	-0.05275813787261	2.892131378170554	-405.6226434891626	-32.300794466922	-24.01657741528072	-0.5578377987519618	-0.3146608307442208	-1.179366811226853	3.096534000775078	0.01287719603267302	0.7950910173124784	-0.6379184575224863	3.081357603449358	3.081357603452157	0.1357696305895848	0.0585818815209818	0.7841147686338292	0.3234363125928381	-1.453742987093167e-07	2.831333347365732e-06	-6.565517645770199e-07	3.262658522905154e-07	5.084646769729864e-07	1.573188455741345e-06	2.240865330725961e-07
1.72	-0.2043246781354068	0.1211831216247897	0.8790949001835271	0.4618065668180669	-0.3252443183556895	-0.1937360933681671	-0.1616113299659276	0.3180118984275913	0.3180118984275825	-0.05619210157935128	-0.1374907684035699	0.1508428472469401	0.1491742797759459	0.3836072615290511	0.2552638055723517	0.2006575585110785	-1.817481815448422	0.1145209779145172	-0.4771638976331048	0.7176908729363872	-1.846436386266717	-1.846436386266641	-0.1915950685897164	0.1318199875128491	-0.5207292520871625	-0.05429310757425072	-0.02767105733696106	0.03743069715512604	0.006315526612071276	-0.08263618896423421	-0.01466389349190233	-0.03588981434234598	0.04172342345526146	-30.68852183498919	18.19234832610321	-0.01971966565855987	2.931173806559572	-406.2389932713176	-32.67535515920887	-24.17907851163888	-0.6432984058027349	-0.3614685215439027	-1.170882723025236	3.388458822486234	0.00762747356575016	0.9136387482697329	-0.7310279418127128	3.357788220891796	3.357788220891722	0.2060783260530216	0.0980604989536875	0.8778452628651527	0.3462673385390045	-1.356537963889147e-07	2.821972790927172e-06	-7.286370540333017e-07	3.173657204122695e-07	5.825008141055027e-07	1.625121764015993e-06	2.28806937569723e-07
1.73	-0.200520755812304	0.1237170595144889	0.8810434030808352	0.4438026825301705	-0.3240995388011387	-0.1984636820992095	-0.15447395926755	0.2997176223169786	0.2997176223169704	-0.05809801146010778	-0.1361704211136201	0.1456799361747756	0.1486478491027804	0.3770862456568299	0.251451907661204	0.1890750605246858	-1.782924727258817	0.1143934726739359	-0.4682354335471746	0.7095792457690295	-1.812037032535373	-1.81203703253532	-0.1895400823788118	0.1322315927629207	-0.5117327396047553	-0.05100454249382682	-0.02380942691046065	0.03551630834638025	0.006325523501796512	-0.08147237233542313	-0.0132770743907801	-0.03702775539832672	0.0385900575067059	-30.39243369787881	18.56496580317183	0.0005424545553830667	2.951721391540729	-407.3088386724575	-33.08779045355945	-24.30912527829489	-0.6701839729841035	-0.4017700517180671	-1.147014325817769	3.544849609766492	-0.02942941693913179	0.9004138383345188	-0.8818332497235849	3.538237431382854	3.538237431379355	0.2126190403527156	0.009889236620685325	0.9286494974280642	0.3180740043859426	-1.411747979678978e-07	2.762206099691874e-06	-6.644760707771381e-07	3.076010664563623e-07	5.726420783633354e-07	1.545158155406049e-06	2.180279410802471e-07
1.74	-0.1967847798069323	0.1262107344999129	0.8828770648004052	0.4261554722826837	-0.3229573322778067	-0.2030983934694779	-0.1474238254699508	0.2817787854401045	0.2817787854400957	-0.05998188942439475	-0.1348465220314562	0.1406106092787363	0.1481538886627375	0.3700179979825162	0.2472112247173375	0.177689322963452	-1.746147007366457	0.1140063716705969	-0.4585884254780509	0.700243492780621	-1.775348539518944	-1.775348539518915	-0.1871886852981671	0.1325303459564635	-0.5020124168623658	-0.04779906094972892	-0.01994779648398529	0.03360191953761115	0.006335520391534813	-0.08030855570662641	-0.01189025528966775	-0.03816569645433805	0.03545669155814026	-30.09194146417982	18.93962303101207	0.01727030416864693	2.953814745355975	-408.3037891304782	-33.49475686558811	-24.40767759236667	-0.7527447662211653	-0.4472255280876759	-1.131530637993437	3.832585163037021	-0.04429167898580694	1.057347544908412	-0.9758531060228474	3.815616077908671	3.815616077908466	0.2653605000010392	0.07549008764793064	1.02260731486158	0.3296506312738018	-1.444848956870973e-07	2.689250070210266e-06	-6.046557337504686e-07	2.963383869889819e-07	5.649729051146085e-07	1.465605141315347e-06	2.069808308275581e-07
1.75	-0.1931221507815407	0.1286598759804156	0.8845979629353077	0.4088868971318035	-0.3218204929504042	-0.2076331790731201	-0.1404732545540506	0.2642180761033025	0.2642180761032983	-0.06184118631033912	-0.1335204513266607	0.1356419657298572	0.1476913053806333	0.3624156492976853	0.2425466347021761	0.1665317589815546	-1.707209647339893	0.1132877617076954	-0.4482674451598774	0.6896668877240149	-1.736423412017285	-1.736423412017282	-0.1846796593555565	0.1326274551018533	-0.4916094065136984	-0.04476946990425373	-0.01610662854000663	0.0316509683078957	0.006288516603925392	-0.07937639657761851	-0.0103794956075819	-0.03932132267512062	0.03236665873571382	-29.77761605735436	19.32884062204981	0.02105053042068374	2.952473875341194	-409.7158876255817	-33.93829558716835	-24.47567096909409	-0.7778415546152286	-0.4865874102349151	-1.101538573872939	3.978035777973956	-0.09696793304964881	1.034831778112567	-1.12913460679506	3.986411211522423	3.986411211518541	0.2426874955479953	-0.03175527199645956	1.065236260985151	0.2815056045084592	-1.415874556461349e-07	2.579262437190939e-06	-5.570225957527637e-07	2.808697128163114e-07	5.634513496359267e-07	1.387204950297906e-06	1.951809396243094e-07
1.76	-0.1895383175699966	0.1310602692263658	0.8862085515712742	0.3920184404522912	-0.3206931041782526	-0.2120616831730123	-0.1336345637689793	0.2470577080665685	0.2470577080665589	-0.06367559016603724	-0.132195124850396	0.1307805699576877	0.1472573964616488	0.3542588352128035	0.237461577806826	0.1556274231762721	-1.666123313093015	0.1121162606205002	-0.4373321247280731	0.6778674666147865	-1.695280279506511	-1.695280279506534	-0.1822100792466677	0.1323815002480036	-0.4805628615203978	-0.04206418832581483	-0.01226546059602726	0.02970001707818255	0.00624151281624144	-0.07844423744860725	-0.008868735925494399	-0.04047694889589866	0.02927662591328796	-29.45785920548222	19.72025997946651	0.02087974785630033	2.934562066341046	-411.0338740615503	-34.36786047792248	-24.51410595360851	-0.8636378462312682	-0.5313189041254328	-1.080885002670444	4.262380007099797	-0.1348699038445338	1.180215567634594	-1.220416316547302	4.259217079731593	4.259217079731608	0.2574713332566969	0.006877287800022752	1.151314243788191	0.2647887378665414	-1.377310705559128e-07	2.457542562195865e-06	-5.032978063032738e-07	2.637684841888154e-07	5.659301149181681e-07	1.299673048259032e-06	1.81903082744859e-07
1.77	-0.1860386934659814	0.1334077156490278	0.887711480014575	0.3755715528128656	-0.3195792299707944	-0.2163779904913018	-0.1269202176672174	0.2303198877233516	0.2303198877233417	-0.06548451459035651	-0.1308738960964774	0.1260329641865686	0.1468495195307526	0.3455733200881227	0.2319570641560454	0.1450090628549132	-1.622873430556862	0.1106168017698247	-0.4258571567378076	0.6647881702445905	-1.651890348693932	-1.651890348693941	-0.1795019208131867	0.1317887779346744	-0.4688357206006345	-0.03951900960778217	-0.008412315533004089	0.02776642559801453	0.006134987048798663	-0.0777812678381065	-0.007160352770722102	-0.04163634576769751	0.02619785874993358	-29.09833728535475	20.11824681303682	0.006076717837746199	2.8812522981973	-412.7596365858227	-34.85483826938234	-24.52406177211064	-0.8849469833206958	-0.5705691217378491	-1.044573429044855	4.413378204390776	-0.1639997062195578	1.142095963143704	-1.383723821211597	4.437867131030646	4.437867131032599	0.2887425624072146	-0.1037686144994543	1.201847080103662	0.2479163645297963	-1.308779821867541e-07	2.299159431026579e-06	-4.305366060669559e-07	2.415655228899899e-07	5.809098825782944e-07	1.183604549278181e-06	1.640065831272785e-07
1.78	-0.1826287122407589	0.1356980066299452	0.889109772478227	0.3595685811643075	-0.3184816535179519	-0.2205773564200041	-0.1203430720339481	0.2140277638980648	0.214027763898054	-0.06726410653755066	-0.1295608788904041	0.1214063164374531	0.1464668011721884	0.3363302594540684	0.2260304894579177	0.1347002272465119	-1.577340114920005	0.1088567096975278	-0.4139438468106943	0.6504273729161606	-1.60614097592097	-1.606140975920966	-0.1763435838191673	0.1307391906773418	-0.4563712571195411	-0.03703247385942205	-0.004559170469949862	0.02583283411785584	0.006028461281313025	-0.07711829822758497	-0.005451969615940408	-0.0427957426394817	0.02311909158659648	-28.73205811908884	20.51858913328018	-0.01314271741357384	2.811729841282204	-414.3678960596625	-35.31777821988541	-24.50669730160125	-0.9751469481059473	-0.6157311135948558	-1.018980060078911	4.719066627240412	-0.1869965481688014	1.267883955004155	-1.476716508194075	4.73110547180816	4.731105471808148	0.3475070453643885	-0.08449570100067175	1.298778756054181	0.2530601439320255	-1.226257858445323e-07	2.133257184218147e-06	-3.598172630391949e-07	2.183694250335837e-07	5.98570623710336e-07	1.066793827069448e-06	1.459228541366415e-07
1.79	-0.1793137562199253	0.1379269479590328	0.8904066346849153	0.3440321491175183	-0.317402684764389	-0.2246548717886583	-0.1139161765270533	0.1982048214820222	0.1982048214820205	-0.06900938779717208	-0.1282599916863828	0.1169080343267513	0.1461090069486679	0.3265671160080019	0.2196885302714097	0.1247304177723142	-1.529548422578987	0.106908085930123	-0.4014496017270826	0.634735805996679	-1.55803561474996	-1.558035614749939	-0.172606436906882	0.1293924556543715	-0.4431513437537941	-0.03451565257145697	-0.0007277289379045714	0.02392888315508681	0.005872053798544591	-0.07669704191088171	-0.003567166136958573	-0.04394900049539008	0.02007934184217188	-28.33104090845721	20.92111694833106	-0.04520112141065296	2.706271159834882	-416.3708523398006	-35.83536313982	-24.46330909833293	-0.9910106569913691	-0.6537811517685325	-0.9771213998162579	4.868871549299932	-0.2033601419090292	1.256732287838435	-1.647765153747552	4.912012874283162	4.912012874285819	0.4030251244331127	-0.1667078029295914	1.353709377185264	0.2523515108051682	-1.094767115965902e-07	1.941038032672705e-06	-2.962444202413829e-07	1.916973492256455e-07	6.256147719940807e-07	9.47385323563129e-07	1.271838223403073e-07
1.8	-0.1760992541563777	0.1400903991301373	0.8916055707951164	0.3289855641964928	-0.3163441152186753	-0.2286041372059176	-0.1076526743633371	0.1828752849645997	0.1828752849645971	-0.07071405626560037	-0.1269739609125891	0.1125459736997788	0.1457766526159422	0.3162394679965627	0.2129324578613142	0.1151150079490742	-1.479370689767264	0.1047768681274173	-0.3882938565315212	0.617748704280303	-1.507459796197518	-1.50745979619748	-0.1682210255836984	0.1277679046320255	-0.4291269603740356	-0.0319444957004358	0.003103712594110106	0.02202493219228697	0.005715646315757846	-0.07627578559420757	-0.001682362657996154	-0.04510225835133973	0.01703959209774505	-27.92115679845435	21.32616585134787	-0.08231314512198	2.584689626773267	-418.2179219668485	-36.31534309401377	-24.39529786104066	-1.088047861180448	-0.6985537583123693	-0.9481001298873604	5.196274721381728	-0.2235153552289538	1.400183977394069	-1.735823467572995	5.225196948094626	5.225196948094395	0.4771599275440682	-0.1400589008758309	1.459672758856449	0.2639272605432378	-9.453177853618699e-08	1.758281138777175e-06	-2.51571495340741e-07	1.665319768451374e-07	6.618720830170407e-07	8.502111822336671e-07	1.110353455703753e-07
1.81	-0.1729905695798325	0.1421843147934262	0.8927102199537164	0.314451576813949	-0.3153084052571213	-0.2324184299042465	-0.1015656233780765	0.1680628442342456	0.1680628442342432	-0.07237321895988816	-0.1257055995506832	0.1083276438993974	0.1454693750071794	0.3053942352904527	0.2057886127659001	0.1058758281574277	-1.427069033749941	0.1022638550759902	-0.3744798957203181	0.5994748071236337	-1.454665714492493	-1.454665714492507	-0.1636596659935973	0.1258066700410073	-0.4144410091641415	-0.02959305789472005	0.006844041505741361	0.02007040579237229	0.005512547023738839	-0.07606548725422224	0.0003248257828827274	-0.04621194407912333	0.01410839950174238	-27.49053557170084	21.71772030628459	-0.1276233691863899	2.445194684641451	-420.445788698685	-36.86429878304753	-24.30441668920915	-1.098278655716662	-0.7315828702862407	-0.9025174534755965	5.300749525027223	-0.2805568991123776	1.384809382805718	-1.901175686937489	5.360889033003618	5.360889032995932	0.4386160731169582	-0.2388924105240698	1.487788325305104	0.2082504004060917	-7.249320316656231e-08	1.612900162598793e-06	-2.815532461339206e-07	1.473180830029776e-07	7.345213868599012e-07	8.408627715027889e-07	1.051195611547322e-07
1.82	-0.1699934408664259	0.1442049354087348	0.8937243392044656	0.3004513336882039	-0.3143008979498854	-0.2360920215444988	-0.09566691193382702	0.1537892193711992	0.1537892193712022	-0.07398816963861224	-0.1244597978691465	0.1042591200157636	0.1451831114484378	0.2939282953687221	0.1982734482652683	0.09700902637890042	-1.372621838407832	0.09913633726404773	-0.3601536449162231	0.580080796078021	-1.399696622735583	-1.399696622735649	-0.1593786224685403	0.1232559685576185	-0.3991657770242794	-0.02774168569618947	0.01058437041739806	0.01811587939247665	0.005309447731717517	-0.07585518891422116	0.002332014223771851	-0.04732162980688152	0.01117720690575081	-27.0469106159462	22.11165584080977	-0.1786329277545103	2.286629741285874	-422.4455573386324	-37.35981706871456	-24.19376220326443	-1.212189304304526	-0.7728176393559461	-0.8736245272635179	5.625382586338824	-0.3464163073320293	1.502641975972449	-1.959846245361632	5.660198958471423	5.660198958471282	0.421096714535284	-0.2579522793499538	1.577528944850037	0.1639141391061979	-5.060612588947659e-08	1.451487743130066e-06	-2.943826554345193e-07	1.263064343366019e-07	8.075161488300145e-07	8.108364611562179e-07	9.629131240275477e-08
1.83	-0.1671135907723582	0.1461485333295342	0.8946517686014327	0.2870060005117211	-0.3133267739852998	-0.2396193419822796	-0.08996855059289825	0.1400761198036187	0.1400761198036184	-0.07555979716057598	-0.1232414851579337	0.1003464787484853	0.1449140278780222	0.2819465850753273	0.1903793119645832	0.08854328676027914	-1.316025755535518	0.09566705931655449	-0.3452104605558121	0.5593641917447574	-1.342486149445667	-1.342486149445714	-0.1548096540378926	0.1203369773940898	-0.3832185190071855	-0.02605025592186595	0.01436221281442205	0.01626012582935598	0.005063402092390574	-0.07596196497674521	0.004563760840701595	-0.04840052738242441	0.008208905344884044	-26.55126753145322	22.4969273295617	-0.2440424069829453	2.095174335237519	-424.826906859696	-37.93595663376865	-24.06587627864452	-1.205467305484472	-0.8077206536896144	-0.8228947040041711	5.739557282023805	-0.3505234829874733	1.505207310624765	-2.161659581740926	5.81703152101317	5.817031521015904	0.4955325232172116	-0.3193641969559142	1.624941819474057	0.1753339237857885	-2.940079002881608e-08	1.21793382885479e-06	-2.300265280185103e-07	9.72048889612552e-08	8.820654723727662e-07	6.877596025390366e-07	7.435697413727412e-08
1.84	-0.1643564188639496	0.1480111880816738	0.895496571397245	0.2741391953928315	-0.3123880107890956	-0.2429942204475461	-0.08448417370618883	0.1269482369702886	0.1269482369702922	-0.07708158787506431	-0.1220544606907755	0.09659763357924422	0.144662573910788	0.2693926582368266	0.1820848145332995	0.08048370614793862	-1.256916226889362	0.0920641835878797	-0.3296652504134275	0.5372839052342058	-1.282653275885293	-1.282653275885324	-0.1494112609717348	0.1169983197464976	-0.3664065574166924	-0.02421576505992725	0.01814005521146404	0.01440437226624608	0.004817356453067327	-0.07606874103924613	0.006795507457644221	-0.04947942495795093	0.005240603784016557	-26.03961742809595	22.88449228541469	-0.3156376063052778	1.877255135408721	-426.9327573177181	-38.44395045727452	-23.92314390041113	-1.326632613325709	-0.8528898654757053	-0.7923927260073641	6.128071741107044	-0.3731358635683419	1.623047132367143	-2.232582680819227	6.184679012562921	6.184679012562475	0.5869816416373321	-0.3418855761626465	1.750469659529867	0.1925263566292265	-8.119473556270252e-09	9.925367112416571e-07	-1.731318153700386e-07	6.944158126039721e-08	9.555977477099936e-07	5.747011648336818e-07	5.388497724037875e-08
1.85	-0.1617270250765546	0.1497889855323814	0.8962629050209652	0.2618747497504803	-0.3114860246514189	-0.2462102570685189	-0.07922795153535989	0.1144308466855383	0.114430846685549	-0.07854569613966025	-0.1209023994337833	0.09302087562926925	0.1444299562617372	0.2564053524747708	0.1734131337902663	0.07285137588863062	-1.195585669257055	0.08828697100370295	-0.3134440133600422	0.5137284378530039	-1.22040109673432	-1.220401096734368	-0.1433260286993814	0.1133278104455728	-0.348808803932856	-0.02231314503610496	0.02177567115503911	0.01259947085213368	0.004544391970864751	-0.07636573321972581	0.009097724720671984	-0.05049212714088185	0.002398045516015693	-25.52174746970228	23.24933342639732	-0.3917366081885869	1.652691762256747	-429.4117027346586	-39.02934893001037	-23.76808773132622	-1.296923406603216	-0.883532302774151	-0.7381830903982963	6.193618139171977	-0.3870093158565782	1.636407341688813	-2.451842428557873	6.309034028898011	6.309034028895715	0.6320414935756936	-0.3925896636026301	1.784879953524003	0.1882361665627639	1.355599234043061e-08	8.09452976313397e-07	-1.549431918281672e-07	4.862038149594915e-08	1.023854085481064e-06	5.136132856084267e-07	4.09988761930194e-08
1.86	-0.1592299331165709	0.1514782211508473	0.8969550093591911	0.2502352237574277	-0.310623209711585	-0.2492611322489849	-0.07421424677069963	0.1025486875248078	0.1025486875248114	-0.07994640258680914	-0.1197896344811075	0.08962418556627694	0.1442161860811855	0.2429322927544101	0.1643724480849618	0.06563784904909958	-1.131932297029563	0.08422994401896232	-0.2966329623120736	0.4887804240003135	-1.155607051082007	-1.15560705108207	-0.1367308974853754	0.1091390588828385	-0.330392980020482	-0.02044627136012207	0.02541128709857942	0.01079456943799675	0.004271427488622706	-0.07666272540024446	0.01139994198367635	-0.05150482932384737	-0.0004445127519853935	-24.98370508778498	23.61635578922451	-0.4747086256291455	1.396019037199089	-431.5437436418815	-39.5276880322693	-23.60339920882748	-1.423783404986664	-0.9266908579299742	-0.7086320420519656	6.592634660144024	-0.4290987436811073	1.741009931283782	-2.511091975116938	6.69305231283094	6.693052312830853	0.6889614299678791	-0.4455340285245631	1.914083745237369	0.1853770870613384	3.495298083064744e-08	6.341620497071283e-07	-1.4379109793578e-07	2.917081768560828e-08	1.09232822573511e-06	4.618001576669326e-07	2.936551336199839e-08
1.87	-0.1568698311741592	0.1530753008476557	0.8975770926473368	0.2392426100120917	-0.3098027669063489	-0.2521406050476535	-0.06945694708985396	0.09132564325754602	0.09132564325754226	-0.08127986155808073	-0.1187207672658385	0.08641499489607386	0.1440201932588611	0.2289690351390258	0.1549870967385462	0.05884098838292944	-1.066208736849535	0.07976075068582704	-0.2791756895680821	0.4625067305418541	-1.088632830977854	-1.088632830977847	-0.1299976766111436	0.1045302619132363	-0.311347961369494	-0.01882774072610173	0.02889592958440797	0.009030100729593434	0.003980246528387493	-0.07719656945775807	0.01377860295246427	-0.05244935004227401	-0.003140136629014044	-24.43838988319894	23.96088218843954	-0.5636764930683703	1.162306373178609	-434.0407586657502	-40.09981907867155	-23.43185768341911	-1.400484458381845	-0.952914798730111	-0.6556414162434004	6.619465428628669	-0.470545645319144	1.761011524854861	-2.711425275241357	6.754948208343292	6.754948208354048	0.6600258549190602	-0.4842120844687826	1.914302826508012	0.1387347469166837	5.465921363863996e-08	5.061846021986606e-07	-1.753607912009715e-07	1.804904359663168e-08	1.16212473820722e-06	4.662980196625537e-07	2.533806113017367e-08
1.88	-0.1546529393116153	0.1545768355258533	0.8981331216613521	0.2289186816148969	-0.3090299592378833	-0.2548429200031028	-0.06496756779239929	0.08078340946115359	0.0807834094611506	-0.08254708363287451	-0.1177011199309195	0.08339917279267481	0.1438381144819458	0.214290276780934	0.1452634443628179	0.05242699422301405	-0.9981952274016562	0.07470291666511146	-0.2612013936681701	0.4351963473221594	-1.019444956908269	-1.01944495690819	-0.1234835181861801	0.09929508281200435	-0.2917192666593682	-0.01766346227830849	0.03238057207028106	0.007265632021211494	0.003689065568151192	-0.07773041351523111	0.01615726392127374	-0.0533938707606694	-0.005835760506030897	-23.86864007993888	24.30723408892008	-0.6599071867520615	0.8877334869945682	-436.1219200798305	-40.56887667142499	-23.2563908112031	-1.5668835535281	-0.994351063792548	-0.6320587408010095	7.050624513713966	-0.5468268811971692	1.844414562467881	-2.718429927363984	7.135783105917558	7.13578310591747	0.6451489401142505	-0.5708104548505429	2.030818957064914	0.09452664981591218	7.374952349410052e-08	3.694183550680975e-07	-1.938874557323966e-07	5.787713273872477e-09	1.226546057475949e-06	4.55092258726289e-07	1.93961203138288e-08
1.89	-0.1525855192858759	0.1559794337429997	0.8986270124669603	0.2192854816450545	-0.3083096105206612	-0.2573623086326196	-0.06075774864328196	0.07094379963390048	0.07094379963389857	-0.08374819497996935	-0.1167358187807086	0.08058266809177229	0.1436666263488175	0.1991092009311098	0.1351939426055919	0.04641496667995306	-0.9280199100899649	0.06935493981180986	-0.2425706792604524	0.4065208681815135	-0.9480214499450039	-0.9480214499449637	-0.1165803490034071	0.09368542983886037	-0.2714301279510234	-0.0165953877509567	0.03579933658536062	0.005723891869040832	0.003387432586501639	-0.07855915287448677	0.01867969974238574	-0.05430994870128963	-0.008512776787686341	-23.27225071303247	24.64753071465458	-0.7676937798326159	0.6233368023736453	-438.553472956629	-41.09017305029587	-23.07992410213052	-1.5064240120297	-1.022594837993883	-0.5759498183349359	7.064709725703131	-0.5305687743043923	1.88825455964988	-2.979099055361026	7.21397193021552	7.213971930209708	0.7366522243297337	-0.5680060307967199	2.050698269506375	0.1187696536485067	8.837439194370704e-08	1.689333106773058e-07	-1.178521619440019e-07	-1.47353997438143e-08	1.251997226020167e-06	3.300352315338308e-07	-4.258627402907145e-10
1.9	-0.1506724509008991	0.1572794679213127	0.8990627479856826	0.2103667797254901	-0.3076430987093542	-0.2596922191821138	-0.05684208271516104	0.06183209236402142	0.06183209236402225	-0.08487552437185551	-0.1158290068226731	0.07797360216630968	0.1435069833208535	0.1834199486284729	0.1247506365961134	0.04079593684585159	-0.8552956173460186	0.06393553548219671	-0.2233057776636872	0.3763657031230224	-0.8738644454343564	-0.8738644454343547	-0.1087271271417955	0.08759724437570005	-0.2502315115711953	-0.01529444124545654	0.0392181011004617	0.004182151716880802	0.003085799604827028	-0.07938789223370402	0.02120213556351744	-0.05522602664189118	-0.01118979306934892	-22.64839588685804	24.98934355777904	-0.8829467783672341	0.3054744479918938	-440.5259146259934	-41.4931776930931	-22.90539854750429	-1.668518844090593	-1.069111914243084	-0.553459199009101	7.560419600164921	-0.5611123764594776	1.971252000277404	-3.014367110932987	7.682482615394062	7.682482615394091	0.8351594758819976	-0.6665169528538274	2.21271449136152	0.1411010454455809	1.024138557453833e-07	-2.100521773570217e-08	-4.90942140109681e-08	-3.385537016089168e-08	1.274831302715949e-06	2.148244042395369e-07	-1.875615725991991e-08
1.91	-0.1489183378806779	0.158473291232513	0.8994442582025274	0.2021865359265929	-0.3070312283510151	-0.2618259942977416	-0.05323560543550924	0.05347402452738085	0.05347402452738623	-0.08592019950981432	-0.1149847583688437	0.07558038320537801	0.1433611630238239	0.167305926510749	0.1139557428011276	0.03556172332041223	-0.7803490295264669	0.05839853656423435	-0.2033587051203564	0.3447187241176503	-0.797336626697728	-0.7973366266977758	-0.1001243966484304	0.0811583664268009	-0.2282876878561462	-0.01387121978074279	0.04231402674580156	0.002932443807231388	0.002797230135411414	-0.08028859254945443	0.02357884099856596	-0.05615818681375687	-0.01361082778479423	-22.09248945636634	25.347550855133	-0.9979724013143896	0.08501043956452066	-442.8084074906567	-41.85605225153856	-22.73567971570456	-1.597374615355248	-1.093429855307265	-0.4998051192551702	7.522395240657264	-0.5559673470630492	2.020018066052412	-3.271517598781783	7.699811473395552	7.699811473388107	0.8853138054875304	-0.6466835492247567	2.2039066279873	0.1427269143936464	1.112432181804795e-07	-1.170797539464246e-07	-4.510464419065472e-08	-4.0487371432544e-08	1.274373261960642e-06	1.872447560389153e-07	-2.381042382258387e-08
1.92	-0.1473282712255821	0.1595574152571273	0.899775145746129	0.1947678813794513	-0.3064759227213745	-0.2637575820509969	-0.0499519288065994	0.04589361087223066	0.04589361087223096	-0.0868763505489472	-0.1142077207611629	0.07341034054487984	0.1432295337849232	0.150610675603343	0.1028107792789154	0.03067140219727767	-0.7029777669946301	0.05262258974233641	-0.1828683051893653	0.3118055729745795	-0.718333609137166	-0.718333609137264	-0.09102230737811615	0.07415507514522963	-0.2055962514846709	-0.01245622961965493	0.04540995239111885	0.001682735897568708	0.002508660665954702	-0.08118929286521705	0.02595554643360621	-0.05709034698563924	-0.01603186250024933	-21.50504791327819	25.70679912866724	-1.12066017474	-0.1993576553812622	-444.566622594073	-42.08226341558694	-22.57370809492097	-1.784764602026939	-1.139125859688378	-0.4846807185481348	8.045354542621954	-0.6089019572465887	2.079917477809443	-3.267601538472697	8.177522380180783	8.177522380180687	0.9350312312718201	-0.7793996193882529	2.362237022646707	0.1394547847203971	1.192024737978624e-07	-2.075636873304402e-07	-4.167013481748847e-08	-4.647478188923166e-08	1.269742969584343e-06	1.610958454159887e-07	-2.844254178829431e-08
1.93	-0.1459076247898783	0.1605284444015188	0.9000588041920575	0.1881336419522812	-0.3059795676740344	-0.2654816209562179	-0.04700400839772	0.03911415044229976	0.03911415044229161	-0.08773942208881712	-0.1135031381560051	0.07147036787396202	0.1431118142005383	0.1334064101645953	0.09134197689411756	0.02610399199909295	-0.623473837094715	0.0465918040959432	-0.1618923361132185	0.2775964092431302	-0.6371713552045173	-0.6371713552045375	-0.08156113334302771	0.06663077072730764	-0.182288235407817	-0.01111181434396765	0.0482762828240638	0.0003948290647027041	0.002231674855331961	-0.08241670609210622	0.02845057516046599	-0.05779871411221663	-0.0182652217411645	-20.87935197889292	25.97442263669213	-1.242751513206244	-0.4687989052038748	-446.5720615791457	-42.50800490644148	-22.42223782588832	-1.705105598042856	-1.158727107060558	-0.435981674719539	7.962356062711595	-0.6086220558800107	2.113510279930579	-3.524888724180331	8.143650769248209	8.143650769259981	0.9562386610190909	-0.7585445456716563	2.331590651301194	0.1283596473951701	1.172642643637562e-07	-2.344545135606665e-07	-4.454943803062081e-08	-4.512997182569609e-08	1.217653315019264e-06	1.512215747393427e-07	-2.827271946365864e-08
1.94	-0.1446623906252111	0.1613831915862253	0.9002981464351512	0.1823063305939152	-0.3055452115206677	-0.2669944854391944	-0.04440364261289546	0.03315792732557519	0.03315792732557581	-0.08850696625405716	-0.1128777183335748	0.06976677671403175	0.1430068237185907	0.1155282213960729	0.07955438734192527	0.02180816163034396	-0.5415921532333835	0.04022281094777491	-0.1406334207405404	0.242294648163709	-0.5536861464942159	-0.5536861464941556	-0.0719168324522699	0.05832251860228706	-0.1583199492871059	-0.009910409132189813	0.05114261325700059	-0.0008930777681596839	0.001954689044794871	-0.08364411931898902	0.03094560388733287	-0.05850708123878858	-0.02049858098209861	-20.21870186831517	26.24288243727003	-1.37292275364831	-0.8138129265869962	-448.0012469085106	-42.78137291756468	-22.28408813189342	-1.919549267981797	-1.202883293167293	-0.4303647526609867	8.520905334905237	-0.6765434576016018	2.136506737115706	-3.486121008067038	8.642113335711302	8.642113335711802	0.9716566024056972	-0.9361891608079752	2.494291031418111	0.1108527719385003	1.152300327511745e-07	-2.670661006006097e-07	-4.231972900337717e-08	-4.458909185080188e-08	1.160345699634259e-06	1.341106599217085e-07	-2.894617594461108e-08
1.95	-0.143598289774214	0.1621182753205025	0.9004958963109215	0.177309044531854	-0.3051752585660888	-0.268291991217096	-0.04216306040922694	0.02804795791706809	0.02804795791706866	-0.08917519804536657	-0.112337578788745	0.06830611635524128	0.1429141669600778	0.0972280844745979	0.06738497708151885	0.01778018988654637	-0.4574123341103244	0.03378851325163518	-0.1187334545667814	0.2055613395976756	-0.467825746628484	-0.4678257466284515	-0.06151982466249432	0.04965496273318326	-0.1336657116397414	-0.008549039281215313	0.05329224370361691	-0.0009221182297557376	0.001766456592574254	-0.08403899655490121	0.03198601980102785	-0.05962391654140058	-0.02230828384719575	-20.07610925623705	26.71261506164464	-1.458842389721935	-0.6145677748976123	-449.6622814944443	-42.53932522881889	-22.16176121763151	-1.79483628937884	-1.235590846839486	-0.3830790194157053	8.434433531786174	-0.623713210257244	2.236856396243516	-3.806003726699664	8.630312774816391	8.63031277481195	1.10510597818153	-0.8395670698662128	2.472946110147315	0.1596272488751216	1.117074573722229e-07	-3.88349480191182e-07	3.909966974970901e-08	-5.65091282498509e-08	1.022159691540385e-06	4.831760918734977e-09	-4.269045391218166e-08
1.96	-0.1427191083694605	0.1627293407613034	0.900654553342419	0.1731671393271745	-0.3048690166453974	-0.2693664743655106	-0.04029762488038412	0.02381105439977226	0.02381105439977298	-0.08973318313657055	-0.1118856204565991	0.06709638956867664	0.1428372935315142	0.07854433214718094	0.05475072864664741	0.01398959277579022	-0.3705159817560563	0.02748060417001414	-0.09602889484352185	0.1672653131985143	-0.3790729682502606	-0.379072968250259	-0.04986749243600035	0.04068627606789522	-0.1081332348423107	-0.006753743142314742	0.05544187415014842	-0.0009511586913721564	0.001578224140393962	-0.08443387379087923	0.03302643571469317	-0.06074075184404534	-0.02411798671233212	-19.89561461167668	27.18228008378913	-1.552255032943723	-0.5023664648440865	-450.7040537433393	-42.13060555386223	-22.05764840960006	-1.99627234917013	-1.295850928060314	-0.3828898260526943	9.064211981147018	-0.6512657346978622	2.297425447015826	-3.79866457469259	9.220589038209646	9.220589038209472	1.222721489749376	-0.9964153200448274	2.669938861431318	0.1976380295237073	1.073082465835744e-07	-4.955892242520483e-07	1.126439002102086e-07	-6.67639535557477e-08	8.844539222686686e-07	-1.130991209760152e-07	-5.475519144686978e-08
1.97	-0.1420293295929268	0.1632125239003186	0.9007762359652741	0.1699053434418785	-0.3046263854939684	-0.2702117918116415	-0.03882278233514432	0.02047299177892068	0.02047299177890009	-0.09017178565062497	-0.1115259324304608	0.0661454575744936	0.1427789708474598	0.05922615287234973	0.04188220234391912	0.01035230106372618	-0.281516763776411	0.02093527676738047	-0.07307875488551556	0.127517606209978	-0.2882790050575061	-0.2882790050575052	-0.03799393969728718	0.03107598797876176	-0.08196591508575243	-0.005000095779264677	0.05971365669051299	-0.009861363465851111	0.001200807533647963	-0.09022735717129678	0.03933346432994233	-0.05551270292324132	-0.02722246822936088	-17.54723126297085	24.84687382656834	-1.57550802403123	-2.293320654365748	-451.7913838863935	-48.06553195796386	-21.973746695312	-1.927391252507459	-1.282909756872659	-0.3532165724548954	8.866741802891754	-0.6726979573725178	2.287201551817908	-4.090662206809905	9.047882523180897	9.047882523180904	1.148509010340179	-0.9696516478669337	2.603216948427979	0.1508524257794847	8.208894481462316e-08	-2.692926244823947e-07	-8.47116278221145e-10	-3.747001539927936e-08	7.581538250231958e-07	3.848540344953841e-08	-2.693084370059958e-08
1.98	-0.1415382927163152	0.1635669105212078	0.9008617321252749	0.167543332755681	-0.3044525139594333	-0.2708289292018675	-0.03775098454896568	0.0180506853026526	0.01805068530265273	-0.09049588526841996	-0.1112676105041472	0.06545881646100696	0.1427355095042526	0.03879595216278609	0.02899142502145204	0.00675230020492115	-0.1905589419360273	0.01372868079168514	-0.05039288366251487	0.08665636138641028	-0.195921739329847	-0.1959217393298456	-0.02696691318225794	0.02041305610885676	-0.05527505870279865	-0.00378147497286199	0.06398543923090169	-0.01877156824031647	0.0008233909271155165	-0.09602084055167058	0.04564049294522102	-0.05028465400241486	-0.03032694974640977	-15.15740071536862	22.51473633351889	-1.61130611239181	-4.176896316227827	-452.1918614172644	-53.8103961181814	-21.91210962690469	-2.218676636116561	-1.300301132008088	-0.3754316554008885	9.455932753294698	-0.7835194493101958	2.244571700014707	-4.021372141698843	9.53324954519055	9.533249545190625	1.053416245012591	-1.206944076199136	2.774646186710391	0.09063271819422435	5.709897884285813e-08	-5.407836671345168e-08	-1.070378680779928e-07	-9.452016865367483e-09	6.263914763718107e-07	1.796237385621137e-07	-5.277422141727971e-10
1.99	-0.1412523258383852	0.1637896858212847	0.9009117270698462	0.1661023025483398	-0.3043517524337462	-0.2712150046554251	-0.03709498102972618	0.01656453919816335	0.01656453919818997	-0.09070775148787465	-0.111116894410761	0.06504172707481098	0.1427039677052656	0.01864751423082287	0.01529673155551277	0.003279221029178573	-0.09705523156786562	0.006533558886566747	-0.02641539790672527	0.04424030201922072	-0.1004709141733734	-0.1004709141733733	-0.01492525888215317	0.009848834355518041	-0.02801642979752831	-0.002368159322340826	0.05773518247411413	0.007710220945875254	0.001422421548231612	-0.08126535637279501	0.03039601499995635	-0.06913722735651787	-0.02670646837043842	-21.53880370705088	30.8658788921379	-1.853159882848407	2.034557279223239	-452.7733229983	-35.11398906075463	-21.8742129073065	-1.875404279207833	-1.444104406127048	-0.3283995949992848	9.386378208568996	-0.6709694856490543	2.53528481713443	-4.39732890052975	9.676501226298273	9.676501226298132	1.351630137060771	-0.9632765399557005	2.720416264741861	0.1905520802766166	4.32317990346283e-08	-3.76357695979271e-07	1.408342175223491e-07	-4.331709002547855e-08	2.297099345335328e-07	-1.858781080050379e-07	-4.305508433018986e-08
2	-0.1411603387212676	0.1638675039962544	0.9009279605133929	0.1656140670506697	-0.3043196343120132	-0.2713491156906673	-0.0368722593174184	0.01605800179034012	0.01605800179033997	-0.09078478314137929	-0.1110682435978932	0.06490101298213324	0.1426913332811428	0	0	0	0	0	0	0	0	0	0	0	0	0	0.05148492571715419	0.03419201013202356	0.002021452169101983	-0.06650987219404571	0.01515153705462557	-0.08798980071068788	-0.02308598699453671	-27.87483572486126	39.21382908714444	-2.099933771825384	8.143864109131723	-452.6180040849932	-16.22687364885015	-21.86140710263988	-1.918491895888449	-1.620708749922803	-0.3366600260880848	10.16623699323547	-0.6512068455998666	2.732154130201839	-4.386220672105057	10.53726734857052	10.53726734857083	1.630137161422268	-1.063866596635005	2.926206365161964	0.2816014525581477	2.936461922639848e-08	-6.986370252450901e-07	3.887063031226912e-07	-7.718216318558962e-08	-1.66971607304745e-07	-5.513799545721894e-07	-8.558242644620693e-08
