inDegrees=no
num_controls=7
num_derivatives=13
num_iterations=100
num_multipliers=7
num_parameters=0
num_slacks=7
num_states=26
objective=5.810367
objective_accelerations=0.279162
objective_balance=0.066246
objective_effort=0.377626
objective_height=5.042786
objective_ligament=0.044546
solver_duration=866.272219
status=Solve_Succeeded
success=true
DataType=double
version=3
OpenSimVersion=4.4-2022-07-23-0e9fedc
endheader
time	/jointset/ground_pelvis/pelvis_tilt/value	/jointset/ground_pelvis/pelvis_tx/value	/jointset/ground_pelvis/pelvis_ty/value	/jointset/hip_r/hip_flexion_r/value	/jointset/hip_r/hip_adduction_r/value	/jointset/hip_r/hip_rotation_r/value	/jointset/back/lumbar_extension/value	/jointset/patellofemoral_r/patellar_flexion_r/value	/jointset/knee_r/knee_flexion_r/value	/jointset/knee_r/knee_adduction_r/value	/jointset/knee_r/knee_rotation_r/value	/jointset/ankle_r/ankle_angle_r/value	/jointset/subtalar_r/subtalar_angle_r/value	/jointset/ground_pelvis/pelvis_tilt/speed	/jointset/ground_pelvis/pelvis_tx/speed	/jointset/ground_pelvis/pelvis_ty/speed	/jointset/hip_r/hip_flexion_r/speed	/jointset/hip_r/hip_adduction_r/speed	/jointset/hip_r/hip_rotation_r/speed	/jointset/back/lumbar_extension/speed	/jointset/patellofemoral_r/patellar_flexion_r/speed	/jointset/knee_r/knee_flexion_r/speed	/jointset/knee_r/knee_adduction_r/speed	/jointset/knee_r/knee_rotation_r/speed	/jointset/ankle_r/ankle_angle_r/speed	/jointset/subtalar_r/subtalar_angle_r/speed	/forceset/tau_hip_flexion_r	/forceset/tau_hip_adduction_r	/forceset/tau_hip_rotation_r	/forceset/tau_knee_flexion_r	/forceset/tau_ankle_angle_r	/forceset/tau_subtalar_angle_r	/forceset/tau_lumbar_extension	lambda_cid13_p0	lambda_cid14_p0	lambda_cid14_p1	lambda_cid14_p2	lambda_cid14_p3	lambda_cid14_p4	lambda_cid14_p5	/jointset/ground_pelvis/pelvis_tilt/accel	/jointset/ground_pelvis/pelvis_tx/accel	/jointset/ground_pelvis/pelvis_ty/accel	/jointset/hip_r/hip_flexion_r/accel	/jointset/hip_r/hip_adduction_r/accel	/jointset/hip_r/hip_rotation_r/accel	/jointset/back/lumbar_extension/accel	/jointset/patellofemoral_r/patellar_flexion_r/accel	/jointset/knee_r/knee_flexion_r/accel	/jointset/knee_r/knee_adduction_r/accel	/jointset/knee_r/knee_rotation_r/accel	/jointset/ankle_r/ankle_angle_r/accel	/jointset/subtalar_r/subtalar_angle_r/accel	gamma_cid13_p0	gamma_cid14_p0	gamma_cid14_p1	gamma_cid14_p2	gamma_cid14_p3	gamma_cid14_p4	gamma_cid14_p5
0	-0.006516389897493356	0.0962610784790212	0.9427240395687919	0.1762555651711513	-0.2321526496870292	-0.2616388987865052	-0.0385979564078546	0.07317816487789026	0.07317816487761825	0.1745326565913131	0.1745310987482538	0.0324735960626065	-0.003451767347777641	0	0	0	0	0	0	0	0	0	0	0	0	0	0.2291632242098574	-0.1348176277775719	-0.05201562191212054	-0.4540951535653766	0.510337569973651	-0.1972948412081714	-0.1168195664709485	-39.0764439961843	112.6373745595725	-56.07717479573134	-1.891970692637353	-69.54725416404135	-682.9586360966319	26.01365938045046	-0.588755054233424	-0.002608837656438032	-0.3304144006240318	4.829634271795913	0.1827845443210844	1.971579171754098	-4.147786969291413	7.102832620926993	7.102832620926666	-2.279241064972704	0.07828849493966185	3.587491657871907	1.008304974464918	6.878298876230044e-08	3.637606409330037e-08	-4.772363531057242e-07	1.399790571134106e-07	2.736753074937382e-08	5.858259064190973e-09	-2.53005599203554e-07
0.01	-0.006542300624550161	0.09626119233389864	0.9427082711236081	0.1764881567038785	-0.2321423560334765	-0.2615339635137502	-0.03880643183670544	0.07352326385577819	0.07352326385517963	0.1744183236603841	0.1745257356750195	0.03264954546130817	-0.003400998734694108	-0.005188994501736298	2.898883524887427e-05	-0.003148267290739227	0.04632597538297217	0.002031922226237306	0.0208277844527917	-0.04144255329347094	0.06871327249775298	0.06871327249776032	-0.02271605530969755	-0.001010415960729237	0.0350276699752612	0.01009051064785066	0.2253817748111462	-0.1820100659445517	-0.05039380142423246	-0.4484669844510807	0.4911256120094224	-0.1499093938491156	-0.1138172200803131	-39.08779426544824	108.2319054831616	-36.5061764255378	-4.741257125499375	-67.60029136201834	-683.490508931982	64.95518571326237	-0.4849950314027675	0.00659089426859332	-0.3062184596245856	4.505233179815266	0.209328513344741	2.114521870960218	-4.104609634733273	6.709582362600203	6.709582362600773	-2.245266749667088	-0.1813354645240781	3.436085472758919	0.999883229601968	9.391395031666412e-08	4.696820459935002e-08	-6.37336467615243e-07	1.737073649583985e-07	4.315840926185653e-08	-7.319007867571834e-08	-3.392972514157616e-07
0.02	-0.006620305973340626	0.09626178370715503	0.942661182892247	0.1771782387920686	-0.232112556667392	-0.2612255216389882	-0.03942175682361426	0.07454629711746599	0.07454629711764875	0.1740813343815462	0.1745121426759647	0.0331709077207558	-0.003251233191202296	-0.01041892433378999	9.550367579610959e-05	-0.006263957235435063	0.09149811109634028	0.003901142514969316	0.04070132046207253	-0.081369911601114	0.1355868569315755	0.1355868569315869	-0.04453127004747728	-0.001645984839210842	0.06908257216681428	0.01979938608202517	0.2216003254132498	-0.22920250411069	-0.04877198092808269	-0.4428388153370452	0.4719136540458805	-0.1025239464891378	-0.1108148736898137	-39.12145545700727	103.8916027952165	-16.93880903773653	-7.572784123401431	-65.85531434699168	-683.0815359967605	103.7135518801939	-0.5969421202956612	0.004896363402402716	-0.3238989314153202	4.598866337874808	0.1502441568197134	1.780729483044033	-3.844747972124968	6.734895008142361	6.734895008141376	-2.099072950588207	0.1532579113972518	3.39293810112937	0.9319779317292197	1.190449118710278e-07	5.756034510539967e-08	-7.974365821247617e-07	2.074356728033864e-07	5.894928777433923e-08	-1.522384164156276e-07	-4.255889036279691e-07
0.03	-0.006750070551925638	0.09626245032854261	0.9425829887035183	0.1783147697160359	-0.2320649339203137	-0.2607247849895868	-0.04042855505780049	0.07622981628060553	0.0762298162803231	0.1735308281761568	0.1744957268671328	0.03402733870871714	-0.003006442905981444	-0.01544852213342571	-3.272654467445419e-05	-0.00937731411285723	0.1356240061739321	0.005585206011329088	0.05933945954963577	-0.119732007538291	0.2008349253425488	0.2008349253425445	-0.06539583180876637	-0.001636644606522178	0.1019627217509362	0.02906621391788149	0.2127115517632087	-0.2072709659479304	-0.04629004118648702	-0.427918461509414	0.4520151364310068	-0.1137919187123326	-0.1042756286147144	-39.17673266849635	97.05747332276918	-22.99004382327475	-6.652658635423156	-60.24926462326037	-682.721838322723	90.04520865168783	-0.4431365289911821	-0.03225293568176221	-0.3054498731197178	4.291849257726903	0.1716822103530672	1.889425384728977	-3.793281247322964	6.377431309671768	6.377431309670294	-2.054125755953716	-0.07508448545324611	3.199440735101355	0.9100643728905468	1.314052731659946e-07	6.068942559723215e-08	-8.765437399832368e-07	2.042608318511566e-07	6.815095216147935e-08	-2.175902501482571e-07	-4.475764504476448e-07
0.04	-0.006927564692385805	0.09625972060354195	0.9424735817845681	0.1798870392237656	-0.2320016315854176	-0.2600408530967143	-0.04181124241994145	0.0785573498373164	0.07855734983733687	0.1727768807614063	0.1744794331489276	0.03520534866211895	-0.002671778509722418	-0.01996483670041389	-0.0005837656018514949	-0.01250650327978119	0.1786458278525747	0.007037060080005154	0.077340369161693	-0.1565477371876718	0.264389735837381	0.2643897358373697	-0.08521951225226107	-0.001621566960232132	0.1333983652569654	0.03777420828881865	0.2038227781131197	-0.1853394277849581	-0.04380810143702055	-0.412998107683209	0.4321166188160575	-0.12505989093544	-0.09773638353963555	-39.25270002922191	90.28316771691064	-29.05760312083707	-5.699319468982794	-54.82070144140692	-681.4712065411696	76.1784554773817	-0.4942854737647845	-0.07966540393982367	-0.3270653893156005	4.378051658084825	0.1038022712833265	1.653283587940824	-3.535474714564875	6.396243424914602	6.396243424915363	-1.89089668702992	0.1544053941194645	3.104036885509961	0.8202112387455344	1.435023231154068e-07	6.366462856299828e-08	-9.539809399726182e-07	2.003251012330049e-07	7.721675646356085e-08	-2.826596817364064e-07	-4.682381394241753e-07
0.05	-0.007148496233805704	0.09624985022002525	0.9423326481213843	0.1818844028099134	-0.2319252210455855	-0.2591810189570244	-0.04355440777796321	0.08151235124613003	0.08151235124616106	0.1718305079536671	0.1744642491153364	0.03669105884419398	-0.0022529340919147	-0.02419429518897748	-0.001411685515766039	-0.01569255478453517	0.2206423463543767	0.008204465607885526	0.09453481774250419	-0.1918593671747484	0.3263195302445238	0.3263195302445078	-0.1038651809549822	-0.001441237345033583	0.1635546790901043	0.04591284379217433	0.1979605565073532	-0.1803484741755229	-0.0419546437902751	-0.4047100226033825	0.4185624924503269	-0.1233618136198096	-0.09326289730791079	-39.34826426430929	86.01848222766205	-29.13902561270291	-5.603889472584511	-51.779520243718	-680.8950981372245	74.80051905675759	-0.3831834341182638	-0.08754593313389286	-0.3162809027226018	4.082780791583756	0.1170257567269618	1.738833215086669	-3.495112053020354	6.047666293555924	6.047666293554331	-1.823046037272686	-0.05398512212696792	2.943109165753562	0.7982869678172139	1.400306507623825e-07	5.938094675754995e-08	-9.257475622333707e-07	1.93637540383848e-07	7.927106333486075e-08	-3.275181721031795e-07	-4.63368897412311e-07
0.06	-0.007410903839724411	0.09623106250776363	0.9421594727688171	0.1842961973502749	-0.2318383732378524	-0.2581519787871968	-0.04564391041826543	0.0850779143683647	0.08507791436833184	0.1707033496434094	0.1744501020034671	0.03847266827129952	-0.001755183866723495	-0.02826004958599466	-0.002367231350832784	-0.01895484115647583	0.2615320186703084	0.009124513663332065	0.111181575200763	-0.2258151936513339	0.3865020784493385	0.3865020784493122	-0.1213766126728608	-0.001414182423678378	0.192578214264754	0.0535553697630038	0.1920983349033016	-0.1753575205662595	-0.04010118614589791	-0.3964219375223785	0.4050083660848167	-0.1216637363042638	-0.08878941107487072	-39.46206504556807	81.80854263863137	-29.22763624968559	-5.488153569965118	-48.90382429180131	-679.517136338752	73.25783305207001	-0.4615446554541368	-0.105190588171152	-0.3423123627528633	4.156682420910665	0.05433077679686153	1.543745363429787	-3.264314012465772	6.046794184449241	6.046794184448858	-1.664049290062053	0.1237504553513096	2.877481153811302	0.7209893322404533	1.35903453259782e-07	5.479162769857679e-08	-8.930648970108126e-07	1.868341129986489e-07	8.103014926170667e-08	-3.715256754711577e-07	-4.574246688325143e-07
0.07000000000000001	-0.007713338654588722	0.09620204736835603	0.9419531932324162	0.1871117580176517	-0.2317436712907316	-0.2569610891597423	-0.04806591326791232	0.08923719875423632	0.08923719875435324	0.1694070445850836	0.1744373811679529	0.04053891321831299	-0.001183555273374301	-0.03219395298708257	-0.003459481194984334	-0.0223183773153741	0.3013911344716764	0.009779601683452316	0.126880994284664	-0.2583562671087152	0.4450630729821157	0.4450630729820793	-0.1376957266542371	-0.001141559933194957	0.2204776800711986	0.06069315219470535	0.1856526152090633	-0.1701935407942453	-0.03804190413609428	-0.3877447538596793	0.390265392291449	-0.1192382339314786	-0.08385928741311091	-39.59268477323527	77.21159322406763	-29.07933959135823	-5.397336299013709	-45.70764570696027	-678.6231262560812	72.09199471094435	-0.3543513045303808	-0.1147786570641184	-0.3360457595941594	3.872189557367357	0.06557242395184629	1.565786318109702	-3.214637635595017	5.716966091807066	5.716966091806279	-1.587655351630858	-0.02265659470150704	2.717242836209804	0.6984741320805833	1.235904985103895e-07	4.67862222283831e-08	-8.020967776150851e-07	1.645948174275617e-07	7.812654458250068e-08	-4.026205253248499e-07	-4.18785557134355e-07
0.08	-0.008054120127953299	0.09616140243560044	0.9417127440309992	0.1903202425225817	-0.2316435235415432	-0.255616656113872	-0.05080645357674355	0.09397333588655254	0.09397333588650926	0.1679531858060841	0.1744270516082644	0.04287836553183445	-0.0005428885690020423	-0.035929381271587	-0.004693190020429548	-0.02578877415967959	0.3401167861778434	0.01021367407707766	0.1418902588581766	-0.2895226854947919	0.5018726276794802	0.5018726276794421	-0.1528873566137248	-0.0009359270666147953	0.2472196875635774	0.06736299196421067	0.1792068955151708	-0.1650295610227008	-0.03598262212941735	-0.3790675701967914	0.3755224184977837	-0.1168127315591943	-0.0789291637506432	-39.73856630171559	72.66432433112762	-28.93549510558475	-5.290787548145421	-42.66075665944017	-677.0034490313121	70.78149739774165	-0.4218496321362299	-0.1334823844306815	-0.363684499834246	3.929989601870331	0.01012765149806367	1.405714461351868	-2.989382998204108	5.696506217366935	5.696506217368252	-1.438552485684852	0.1103525305709335	2.645989490997418	0.6274007998013136	1.107494303902363e-07	3.856042408649777e-08	-7.073683063372178e-07	1.413596593928688e-07	7.492212115451714e-08	-4.328823007582656e-07	-3.780370981382369e-07
0.09	-0.008431555720742957	0.09610783275932784	0.9414369846719868	0.1939107091952031	-0.2315400770560768	-0.254126795449799	-0.05385162086522401	0.09926936825484002	0.0992693682550321	0.1663529229509961	0.1744197066535112	0.0454797693700937	0.0001623028686675898	-0.03952904055661324	-0.006031252474821268	-0.02938261068134362	0.3777803576660327	0.01046138516009792	0.1559676153470466	-0.3192901987918422	0.5570387521361799	0.5570387521360832	-0.1670177809174047	-0.0005558579322716246	0.2728888964064142	0.07362719135069266	0.1731713704042666	-0.1612861723704791	-0.03403546742896883	-0.3719208079870379	0.3623895357545461	-0.1132321686507238	-0.07422422796709406	-39.89807769380566	68.64663306622045	-28.20820196059955	-5.264784131984805	-40.06760864624209	-675.9708421637392	70.70122248995443	-0.3247017840490719	-0.1355293313460579	-0.3602472495150449	3.655121809146309	0.02989616218157936	1.391644337556472	-2.937349482434937	5.382379537591919	5.382379537583185	-1.378260274248204	-0.001539461588048893	2.501581961751571	0.6186196684997284	9.368195522671921e-08	3.158000196608924e-08	-5.730399137250923e-07	1.377129385007964e-07	6.670365883685418e-08	-4.437477368956972e-07	-3.458256594257303e-07
0.1	-0.008844123447918028	0.09604057022743041	0.941124684143521	0.1978719277599636	-0.2314345927946566	-0.2524995816016269	-0.05718784608406335	0.1051082046635177	0.1051082046634659	0.1646157612773404	0.1744154876756876	0.04833270437296708	0.0009286743323025208	-0.04295580813573083	-0.007431761145393467	-0.03309700805034662	0.4142671646285304	0.01062122926247217	0.1693608956320332	-0.3477342715679474	0.6104334357036654	0.6104334357035099	-0.180267120082501	-0.0003107314560555093	0.2975259204822165	0.07959899715427061	0.1671358452922887	-0.1575427837188204	-0.03208831273244851	-0.3647740457778	0.3492566530107046	-0.1096516057429169	-0.0695192921837435	-40.0694309047512	64.67398514832526	-27.48149299398345	-5.229011618636922	-37.60895377813227	-674.2839512388113	70.49780864619619	-0.3872712909534283	-0.1459716276674634	-0.3877966693019934	3.694636696731847	-0.007445744631116561	1.268899220575233	-2.724694894014487	5.342218039524188	5.342218039525561	-1.262335457968412	0.08336399894556965	2.43955253758986	0.5689220832205044	7.624292779565357e-08	2.470906345196437e-08	-4.352302093473174e-07	1.357882780168664e-07	5.804440189152708e-08	-4.529080003477675e-07	-3.143647279909039e-07
0.11	-0.009290438027406997	0.09595903189000698	0.940774555733581	0.2021926139249371	-0.2313281213586156	-0.2507429971374301	-0.06080161258340994	0.1114726619124281	0.1114726619125435	0.1627508239597264	0.1744143252993761	0.05142698811954491	0.001753170388452163	-0.04628802525059096	-0.008880909040195072	-0.03695155738242745	0.4496734577099673	0.01065309685829146	0.1818516023394118	-0.3747947136129892	0.6621550023502513	0.662155002350279	-0.1925588791572665	4.550182905932411e-05	0.3211592728723355	0.08524608836956844	0.1611643739076051	-0.1533689047772228	-0.03019605462217671	-0.3583733621235173	0.3368651386926279	-0.1063108357966684	-0.06480772721822775	-40.25079577152061	60.89826082840851	-26.82892879852773	-5.176298224941339	-35.26617213902085	-673.124759198882	70.14554897030447	-0.3033176339065209	-0.145125343228368	-0.3878073484212727	3.43414256874282	0.005492074356677062	1.223525470232113	-2.663071654647148	5.041659314162914	5.041659314189679	-1.188418273004386	0.00687302091067836	2.299507830800824	0.554433274070905	5.442060695998436e-08	1.739850767141448e-08	-2.581444992737198e-07	1.29374096851563e-07	4.553677514978905e-08	-4.519394601129292e-07	-2.651062052266083e-07
0.12	-0.009769498920545157	0.09586285427906556	0.9403851771736659	0.2068614664116032	-0.2312219334340377	-0.2488646317912097	-0.06467925406220737	0.1183452414957127	0.1183452414956309	0.1607678046225855	0.174415749259898	0.0547524616382279	0.002632503483439613	-0.0495050708514012	-0.01035961584899766	-0.04094703804536204	0.4839004289870968	0.01056452696095093	0.1937170720233924	-0.4005092674538409	0.7120579024743134	0.7120579024745161	-0.2038835238629459	0.0002065362188912233	0.3437638749055572	0.09056640492032403	0.1551929025224607	-0.1491950258358385	-0.02830379651732854	-0.3519726784686055	0.3244736243744812	-0.1029700658505753	-0.06009616225301528	-40.44024112133648	57.16302920792069	-26.17561882426027	-5.116457223139093	-33.041928320695	-671.3772604946126	69.6853589418134	-0.3642369881424031	-0.1518834104682496	-0.4159829354727094	3.458772335870196	-0.03153324326317993	1.143851815895828	-2.455517253175833	4.978484735019568	4.978484735019228	-1.068912584151255	0.04432421988885105	2.23380246620981	0.5035671503119425	3.21057812473934e-08	1.003855669238986e-08	-7.664575485227703e-08	1.224554751602626e-07	3.259674730733068e-08	-4.498328520481011e-07	-2.138479530994511e-07
0.13	-0.01028039710243808	0.09575176294880185	0.9399550811510785	0.2118671798546168	-0.2311173243099062	-0.246871884241301	-0.06880720357541882	0.1257084046466302	0.1257084046466018	0.1586764469866254	0.1744191379154149	0.05829904666617099	0.003563375002532993	-0.05265636596641998	-0.01186019379772062	-0.04509639542553338	0.5170473739340169	0.01033941699342877	0.2047270323095198	-0.4248685387273579	0.7602782844056087	0.7602782844057192	-0.2142335816222778	0.0004436686457873066	0.3653892646721679	0.09555775685015221	0.1493332130871426	-0.1443561292730156	-0.02650813616651024	-0.3463080952577928	0.3128728392652109	-0.1001161555240667	-0.05542705189672195	-40.6358210844506	53.63138679727955	-25.70221971336456	-5.023233325239758	-30.92815062338792	-670.1482200942896	68.87197498966306	-0.2878305232888914	-0.1493703220403267	-0.4181363977207053	3.21343011519442	-0.02064502435494178	1.063772416615316	-2.394317593527198	4.699342539466949	4.699342539453214	-0.9948721877140798	0.00929572352564061	2.102331494464155	0.4894037916175276	5.708796636438348e-09	2.159128415765943e-09	1.439800083301426e-07	1.06395985562763e-07	1.593696902063562e-08	-4.405205186000032e-07	-1.387915576032757e-07
0.14	-0.01082225918556693	0.09562562077205519	0.9394827467030007	0.2171985176552873	-0.231015495315564	-0.2447721962322868	-0.07317238290720889	0.133544877140801	0.1335448771407134	0.1564862248101254	0.1744240754877592	0.06205697044425679	0.004542656956385329	-0.05569785108567226	-0.01336978514558413	-0.04939472314347557	0.5490253005244229	0.01000850099150816	0.2151051638614985	-0.4479552311642713	0.8067197710282107	0.8067197710282319	-0.22365643201726	0.0005163198501764118	0.3860316249418768	0.1002484918719724	0.1434735236522432	-0.1395172327099827	-0.02471247582030458	-0.3406435120457579	0.3012720541562838	-0.09726224519718392	-0.05075794154043831	-40.83554581122822	50.13592932209198	-25.22768031809298	-4.92425703294729	-28.9175193643604	-668.3920003574434	67.96403711308415	-0.3422749889880863	-0.1536860902969049	-0.4457770030268536	3.224968664567145	-0.05269445014298606	1.017486069066249	-2.201001485854497	4.62270567328104	4.622705673281205	-0.8834711112812395	0.01142797538726896	2.037196566828889	0.4434437687101707	-2.125124437429107e-08	-5.791951901906148e-09	3.7000260168649e-07	8.907568659889107e-08	-1.235878292850709e-09	-4.302142919955922e-07	-6.045265957344255e-08
0.15	-0.01139415456084374	0.09548434582413162	0.938966653314862	0.2228442413734193	-0.2309174573563098	-0.242572949407182	-0.07776203271196665	0.1418374893338976	0.1418374893339392	0.1542061482378216	0.1744301362131627	0.06601664318967496	0.005567468217076457	-0.05865779382688831	-0.01488467267187296	-0.0538470874067261	0.5799260192343256	0.009597989199932665	0.224637049024627	-0.4697810005588189	0.8515149858031749	0.8515149858032592	-0.2322446610708011	0.0006707708913195033	0.4057513485973241	0.1046849346630561	0.1376931300159867	-0.1346155335619171	-0.02302379636745751	-0.3355977322187363	0.2901652238120208	-0.09430728913285404	-0.04611123279903018	-41.03744679477358	46.77055384317941	-24.68742011475565	-4.834684646524596	-26.98092341401168	-667.1695002530827	67.19949062170163	-0.2693262637986052	-0.1503110530113707	-0.448521827643071	2.993615934395887	-0.03529718496889625	0.9049622079166209	-2.144305280817484	4.364782117813957	4.364782117823368	-0.8292786878376334	0.01369111617773712	1.916615727629654	0.4394946219702264	-4.787972000874533e-08	-1.14488197832586e-08	6.05468871440742e-07	8.093735437817691e-08	-2.079831870964545e-08	-4.128287495840563e-07	1.534252458490357e-08
0.16	-0.01199494383300061	0.09532793780710015	0.9384053251461552	0.2287931707707073	-0.230823538043137	-0.2402815992368797	-0.0825641283335805	0.1505694242228355	0.1505694242227592	0.1518436333978685	0.1744369889372232	0.07016896426418079	0.006635793923208635	-0.06147663045236346	-0.01639639896716646	-0.05844167925704656	0.6096664363519307	0.009184771756192141	0.2335258329070499	-0.4904443945357713	0.8945843101065305	0.8945843101066755	-0.2401440855422449	0.0006747198405245605	0.4245612907618436	0.1089513809606528	0.1319127363802023	-0.1297138344139104	-0.02133511691914808	-0.3305519523908607	0.2790583934678437	-0.09135233306850114	-0.04146452405726356	-41.23952607488508	43.4374569094434	-24.14454406258059	-4.742062029983487	-25.13385612164748	-665.4769113920788	66.35520355463454	-0.3140537658389315	-0.1530538440983529	-0.4742225204408207	2.992908346107488	-0.05323558057614834	0.8888658129252044	-1.968526402334829	4.277527578959494	4.277527578959171	-0.7457101948617709	-0.01867244300040453	1.855240268642843	0.4094444700126267	-7.445358487534243e-08	-1.672781738098193e-08	8.424905702487656e-07	7.431134609162993e-08	-4.075433916698505e-08	-3.942772022160528e-07	9.071874410559273e-08
0.17	-0.01262352863663317	0.09515645121223287	0.9377972966513853	0.2350341710755289	-0.2307339575367472	-0.2379054445097205	-0.0875667754774883	0.1597238841091641	0.1597238841091622	0.1494057819114216	0.1744442091273003	0.0745049495719278	0.007745764221587166	-0.06422695100114439	-0.01789696258046563	-0.06318744438272621	0.6383463505252862	0.008722280658003491	0.2416062064873517	-0.5098854323184303	0.9360193147296864	0.9360193147298117	-0.2473004367399897	0.0007449909963991848	0.4424853362064373	0.1130051282929445	0.126191654473685	-0.1248871923194745	-0.01977562035440449	-0.3260822396348262	0.2683970239525497	-0.08823801107599404	-0.03681181033931347	-41.43982230063467	40.22277753428983	-23.51032451792631	-4.66559703769501	-23.35755410295353	-664.2961255291099	65.70445404889234	-0.2535032575588598	-0.1479728033465342	-0.4783454672328739	2.777446987881178	-0.04394946484700752	0.7527641072874698	-1.901952175864188	4.033249785658541	4.033249785655769	-0.6815682626456435	0.01620644990748694	1.738400289599735	0.3978552540928147	-1.016687400612374e-07	-2.13586427768401e-08	1.093193761753691e-06	6.280095167681726e-08	-6.270477464741333e-08	-3.711956513974695e-07	1.798945663874425e-07
0.18	-0.01327921305741634	0.09497007594455066	0.9371410921136358	0.2415563533290592	-0.2306492406593236	-0.2354514578514531	-0.09275784494116375	0.1692840466183209	0.1692840466182864	0.1469001727770863	0.174451397939127	0.07901565805555653	0.008895175071135438	-0.06689655387624266	-0.01937413353015297	-0.06807688785299376	0.665902826095821	0.008212045943499949	0.2490922191358953	-0.5281288584863079	0.9757248346194352	0.9757248346195404	-0.253695615154372	0.0006684443533603061	0.4595059259403104	0.1168394911954582	0.1204705725672958	-0.1200605502250008	-0.01821612379247941	-0.3216125268782447	0.2577356544373618	-0.08512368908338284	-0.03215909662136303	-41.63637234979073	37.03657103017557	-22.87191257476511	-4.588895246144403	-21.658760248199	-662.7022189224953	64.98831810256451	-0.2979102311014166	-0.148375311376479	-0.5029581893583843	2.768220625543208	-0.06278430383921874	0.7699936265734942	-1.729004079377968	3.931630632278235	3.931630632277818	-0.5934756381893206	-0.04803600278310356	1.674549126498236	0.365567584056875	-1.290075174773584e-07	-2.586451931450741e-08	1.346534349441153e-06	5.034898885173646e-08	-8.503967567446119e-08	-3.47240846901666e-07	2.717305530569862e-07
0.19	-0.0139613976995965	0.09476905988262217	0.9364352518133868	0.2483488893797488	-0.2305699949074847	-0.2329264350569632	-0.09812523483123703	0.1792331113037776	0.1792331113037225	0.1443344455143219	0.1744581640217434	0.08369220951061516	0.01008173714651634	-0.06952692894557973	-0.02082263350297193	-0.07311288107244267	0.6924180372285139	0.007627049675373373	0.2558130038199731	-0.5451578931849823	1.013805516470142	1.013805516470091	-0.2593297531157356	0.0006704618903681808	0.4756597017748997	0.1204352595520956	0.1148360506294239	-0.1152362492083798	-0.01681501167505954	-0.317708956978105	0.2475448877830149	-0.0819539804581898	-0.0275295371458136	-41.82720168315836	33.97417259254294	-22.18508885554255	-4.522971559264467	-20.03382656682405	-661.6007293057947	64.38578391401195	-0.2435755305648772	-0.1421383588696778	-0.5072447966186653	2.565223642374472	-0.05763599229374389	0.6081749100697575	-1.661169211998063	3.703925856988552	3.703925856965505	-0.5301279089398995	0.02213503225394261	1.564057648697909	0.3511575181760669	-1.554840636625673e-07	-3.842752304314229e-08	1.575148964183929e-06	-3.753856804469736e-08	-1.002886233402112e-07	-3.511258535207703e-07	4.315611194264826e-07
0.2	-0.01466948096963135	0.09455374861723648	0.9356783865992657	0.2554009879987152	-0.2304968548590524	-0.2303371936115264	-0.1036571782777199	0.1895545105868728	0.1895545105868259	0.1417160278656794	0.1744645131595571	0.08852595189134869	0.01130317211680062	-0.07207627944344966	-0.02223317422160128	-0.07828187062742661	0.717815339770783	0.006990905247294872	0.261935949333869	-0.5610395697590085	1.050191754141723	1.050191754141518	-0.2642336924303911	0.0005850554398376567	0.4909441110798428	0.1238140701771091	0.1092015286908619	-0.1104119481913699	-0.01541389955844528	-0.3138053870779786	0.2373541211287978	-0.07878427183253398	-0.02289997767102537	-42.01000857851709	30.93646460281292	-21.49272850556677	-4.459317377411039	-18.47500706814971	-660.1429304129131	63.7321944210471	-0.2817053168072343	-0.1407834605390638	-0.5295574564653751	2.544638907458376	-0.07301393582959341	0.6504257925369537	-1.499532454447914	3.592741796453413	3.592741796453524	-0.4474359088478462	-0.06552080029077587	1.500675820568481	0.3221760377320468	-1.817690029075735e-07	-5.278099948088108e-08	1.79826891827233e-06	-1.421895902903209e-07	-1.139629147034506e-07	-3.611974848320764e-07	6.065015923959686e-07
0.21	-0.01540281371143017	0.09432453437314407	0.934869173962652	0.2627017274268553	-0.2304303813610404	-0.2276902347668948	-0.1093422283004716	0.2002315313228455	0.2002315313226975	0.1390521139673025	0.1744702438693445	0.09350827062969429	0.01255727860503148	-0.07458030006513532	-0.02360163923165372	-0.08357856103366715	0.742154855159246	0.006314482407662169	0.267327189982678	-0.575794983624083	1.084935393461921	1.084935393461646	-0.2684828868262534	0.0005747721166422333	0.5053846251721548	0.1269953515931118	0.1038337496989399	-0.105696139420669	-0.01422583282383799	-0.3107234328421903	0.2279750454186039	-0.07560780388895036	-0.01842867430172828	-42.1829704582152	28.12777174345039	-20.75349017096547	-4.407526460843777	-17.05458903195902	-659.2149953947761	63.22073477732091	-0.2332490392909286	-0.1336960629953508	-0.5324831298480323	2.351955893622177	-0.06310589362830017	0.4640841600528259	-1.437228175958369	3.373662482960706	3.373662482950174	-0.4034438808355158	0.03318870144301549	1.395443568345208	0.3145946129730291	-2.117162095011127e-07	-9.900440838536111e-08	1.964129807581789e-06	-5.011636312354684e-07	-1.035825729604667e-07	-4.62890070638375e-07	9.9897143428208e-07
0.22	-0.01616088638034181	0.09408187187059813	0.934006442762547	0.2702405316165902	-0.230370301978488	-0.2249932413239867	-0.115169568926602	0.2112476859482989	0.2112476859483473	0.1363477515897878	0.1744762659067292	0.09863093538191009	0.01384289599130667	-0.07702426486437661	-0.02492282591230958	-0.08898558332571409	0.7654282921109498	0.005712082143952983	0.2719428689914476	-0.5894976904259257	1.118018532108432	1.118018532108086	-0.2723233882573745	0.0006433207844779561	0.5190133138557842	0.1301162497866682	0.09846597070607378	-0.1009803306496619	-0.01303776608614735	-0.3076414786071296	0.2185959697083897	-0.07243133594509411	-0.0139573709332774	-42.34443446983505	25.34074491595461	-20.00724869469179	-4.360518655202284	-15.69790338822696	-657.98103267457	62.68163627677124	-0.2696941523177493	-0.1313277946602699	-0.5516238336266416	2.331423220106496	-0.058209420644685	0.4953134645289405	-1.288991041801398	3.260641661716186	3.260641661716195	-0.365697315899954	-0.04975440208455502	1.338310738831497	0.3100993932428517	-2.425905723854196e-07	-1.532961546231931e-07	2.115494731124427e-06	-9.245232465349241e-07	-8.711245068426191e-08	-5.877778347978358e-07	1.446512002476196e-06
0.23	-0.01694307840457854	0.09382624905494982	0.9330891051271826	0.2780063959499731	-0.2303166788794029	-0.2222524493038691	-0.1211286154497374	0.2225859364608413	0.222585936460652	0.1336087487262932	0.1744822688356108	0.1038854831175187	0.01515840277671007	-0.0794041015454604	-0.02619392469201666	-0.09449620798329511	0.7875684716867309	0.005020684410817383	0.2761024599181751	-0.6021306549476476	1.149354977916241	1.149354977915933	-0.2754110057184926	0.0005665558724002467	0.5317614034435896	0.1329694988499353	0.09291590989556169	-0.09610774489540889	-0.01193356250340527	-0.3046383671998168	0.2089774545663749	-0.06935793352228296	-0.009309654837819507	-42.49279560233354	22.44365450890199	-19.32107461649202	-4.308463342176835	-14.2140428537556	-657.2020619766857	62.04911295556741	-0.2206221655325618	-0.1238457327421199	-0.5530445233352632	2.128891265240638	-0.07326609809786662	0.3590886479837534	-1.223305267833619	3.028707065893181	3.028707065899135	-0.2701380286317446	0.01453440329058139	1.222791540279241	0.2708155477148383	-2.55291244384999e-07	-1.727871388314382e-07	2.19750578216799e-06	-1.080983294576058e-06	-8.481150382902663e-08	-6.18173900470297e-07	1.623978118923658e-06
0.24	-0.01774876754355525	0.09355814628887946	0.9321162086969397	0.2859883772667888	-0.2302697019873474	-0.2194735000262623	-0.1272085628402342	0.2342292636360944	0.2342292636361639	0.130840900874736	0.1744877385044679	0.1092634584432915	0.01650201762971359	-0.08172368780762113	-0.02741881599672186	-0.1000973423014089	0.8086516888195148	0.004382840739490548	0.2795743204944077	-0.6136778638883339	1.179033864747256	1.179033864746987	-0.2780923858762345	0.000536668522646848	0.5436988318923766	0.1357378633070674	0.08736584908430683	-0.09123515914064408	-0.01082935891596213	-0.3016352557932026	0.199358939424479	-0.06628453109894045	-0.004661938743190951	-42.62652268445413	19.56539913140673	-18.62640766449206	-4.263696339172428	-12.81403309647246	-656.1799266712611	61.45031389782956	-0.2576440685325599	-0.1220862996604071	-0.5697257657331801	2.120030731506944	-0.04749860828259778	0.3577673944299595	-1.071839925594058	2.929129866357759	2.92912986635758	-0.284449855225141	-0.0403788896198801	1.17617851102737	0.2931224720159606	-2.627994332746564e-07	-1.823350481740871e-07	2.259701441068961e-06	-1.16118632340053e-06	-8.655889280835405e-08	-6.215723380036156e-07	1.724280106300647e-06
0.25	-0.01857745130144742	0.09327805649622548	0.9310868608959063	0.2941760995869432	-0.2302290537705456	-0.216662798420583	-0.1333985883260494	0.2461613132265919	0.2461613132263412	0.1280485693944785	0.1744929610589092	0.114756861096154	0.01787265253359105	-0.08400131956548305	-0.02858767034480784	-0.1057828254115269	0.8287139226059985	0.003748391378578755	0.2824770482425595	-0.6241613642212477	1.207104338493953	1.207104338493952	-0.2803013824700559	0.0005059258477804786	0.5548538086189726	0.1383670981647347	0.08208207898647615	-0.0867219563522828	-0.009876956954079533	-0.2995134935772616	0.1906615699089051	-0.06337584717068945	-0.0001711582715021873	-42.74417591397451	16.95125616030685	-17.95493612825314	-4.217626964315196	-11.56292290276204	-655.5691073666853	60.90073792788338	-0.2110628199864612	-0.1125815718036473	-0.5696751887767223	1.922480884085227	-0.07108372483011675	0.2429215941986103	-1.011724727704638	2.705301831967518	2.705301832007951	-0.1780144428120563	0.01504444367350683	1.065929226377423	0.2447408996904673	-2.704149607927604e-07	-1.916934665580172e-07	2.324363206173133e-06	-1.239607210838613e-06	-8.867896972193766e-08	-6.224705723513971e-07	1.822910028792344e-06
0.26	-0.01942855939506666	0.09298661884620488	0.9300003151427449	0.3025590764812198	-0.230194683172376	-0.2138257903116023	-0.1396884727433551	0.258365926694677	0.2583659266946187	0.1252363699720525	0.174497769468002	0.1203579679108393	0.01926896316745465	-0.0862085549461821	-0.02968838747004569	-0.1115369327270297	0.8477026036670656	0.003127317024064098	0.2848356211582752	-0.6336496501766705	1.233546640366319	1.233546640366588	-0.2820659743179983	0.0004538391765707651	0.565239664261646	0.1408730093043603	0.07679830888794252	-0.08220875356327605	-0.00892455498715075	-0.2973917313620615	0.1819642003934718	-0.06046716324174956	0.004319622199385256	-42.84439014899267	14.35385958011724	-17.2746300205568	-4.179708492700975	-10.39103770300284	-654.7468807329317	60.39850735761699	-0.2435647930993132	-0.1084588550912515	-0.5834506068101094	1.905320186423515	-0.04482360700278458	0.2489364279428913	-0.8727970500956044	2.60349549149191	2.603495491491907	-0.1955689060497675	-0.04464768888894096	1.022354294242426	0.2684577284077353	-2.780648366719674e-07	-2.009912478351572e-07	2.389814125262328e-06	-1.317457813033053e-06	-9.091830677448323e-08	-6.225687416798067e-07	1.921004890520747e-06
0.27	-0.02030143695083805	0.09268450354937648	0.9288559093436957	0.3111267980385108	-0.2301665596413427	-0.2109677353210185	-0.1460682840265843	0.2708270992315445	0.2708270992313665	0.122408786255672	0.1745020184912282	0.1260591915684909	0.02068960531464509	-0.08835009712225117	-0.03072379293927931	-0.1173504418349231	0.8656654312046588	0.002502010911013207	0.2866870744419084	-0.6421585943654565	1.258426926456998	1.258426926456918	-0.2833953903409539	0.0004015393280697631	0.5748837284281854	0.1432381277118783	0.07152733995833419	-0.07780407769644002	-0.008064733707899834	-0.2956375393433237	0.1734300833932437	-0.05771811665726235	0.008829021224347634	-42.92584994785363	11.77644771580587	-16.6579249453863	-4.134197311183337	-9.170637869738673	-654.3232967523936	59.83483610666838	-0.1969240978144674	-0.09946785175420372	-0.5813577944380163	1.715309354864152	-0.07061429182926968	0.139715040611003	-0.8168412867335638	2.391210107299834	2.391210107247802	-0.09308574801200355	0.01504549866046451	0.9171841377383915	0.2181670852820179	-2.80520549045683e-07	-2.092689389016505e-07	2.406033057867257e-06	-1.389858115293666e-06	-8.89291045413549e-08	-6.252142215592554e-07	1.996041762618445e-06
0.28	-0.02119522496200101	0.09237235690607208	0.9276531571072333	0.319868856934568	-0.2301445352071832	-0.2080938727451509	-0.1525285643884181	0.2835292576167389	0.2835292576168065	0.1195696168189434	0.1745058578436586	0.1318532061997803	0.02213342428358335	-0.09039064601624752	-0.03169465676523995	-0.1232062202096494	0.8825700714397763	0.001907497663027443	0.2879971382069508	-0.6497434658927088	1.281743810125412	1.281743810124983	-0.2843831182676186	0.0003719047391313138	0.5837978589898671	0.1455083736537217	0.06625637102804814	-0.07339940182945752	-0.007204912423691683	-0.293883347325511	0.1648959663928907	-0.05496907007270614	0.01333842024883081	-42.98731962074983	9.214049996879762	-16.03234341944826	-4.097238031043942	-8.024631874668941	-653.7136971705527	59.32984290327531	-0.2233661366839875	-0.09555052643704261	-0.5919044601766733	1.693682725928318	-0.03866503398936495	0.1406585242250791	-0.6879825177884806	2.290815007038968	2.290815007039078	-0.1272312867919691	-0.04011463697685531	0.8763675732705831	0.2494832352729421	-2.811262853763469e-07	-2.171833101670916e-07	2.404717310354503e-06	-1.460317214838122e-06	-8.543384722017832e-08	-6.28766962730855e-07	2.062866200053152e-06
0.29	-0.0221090883520958	0.09205084421492965	0.9263916760428955	0.3287748255622319	-0.2301284251713638	-0.2052091567479997	-0.1590599032501172	0.2964567257410712	0.2964567257409673	0.1167224826425918	0.1745092556607095	0.1377326974400828	0.0235993002530219	-0.09237397251826199	-0.03259464103474068	-0.1290904724721903	0.8984461001201612	0.001317308808700241	0.2888686478257063	-0.6563620025163234	1.303473869512301	1.303473869512186	-0.2849869793264197	0.0003077874556638067	0.591974736134715	0.1476456622315656	0.06107254943150515	-0.06921987626979899	-0.006444597156232164	-0.2926994914012883	0.1567938166186867	-0.05239411412691749	0.0178417785701718	-43.02759342854354	6.752107730260763	-15.46359444443996	-4.052572233681309	-6.895174083858363	-653.5978561253676	58.80006504377759	-0.184612840542211	-0.08525320279820786	-0.5868835357443647	1.507914585579315	-0.06873400883942769	0.04847531768751262	-0.6244436442429755	2.072765883496258	2.072765883543527	-0.01823178937435482	0.01017169492851309	0.7694525408340611	0.1928827723977477	-2.794008852021819e-07	-2.243941379435892e-07	2.378950544854484e-06	-1.526031951500122e-06	-7.998405752022118e-08	-6.308631064438065e-07	2.11463280512902e-06
0.3	-0.02304254439397217	0.09172072551597359	0.9250713128706403	0.3378342248058802	-0.2301181246636896	-0.2023181100271809	-0.1656525583599871	0.3095932273548282	0.3095932273546292	0.113871056200034	0.1745119586995721	0.1436901784029928	0.02508595532891155	-0.09430917636330374	-0.03341585832796711	-0.1349826417931547	0.913256194660067	0.0007455920471407016	0.2892632829238594	-0.6620067155236709	1.323550508058463	1.323550508058661	-0.2852415713431177	0.0002329489305594109	0.5993958035092369	0.1496641949436887	0.05588872783405583	-0.06504035071047615	-0.005684281885968288	-0.2915156354778832	0.1486916668441757	-0.04981915818162815	0.02234513689102242	-43.04551032471379	4.303704639986968	-14.88615009593502	-4.016517689666616	-5.836709233186486	-653.318002452844	58.33796121633768	-0.2137416052887456	-0.07979713118247105	-0.5934878718613708	1.480495897832417	-0.0349706154355405	0.04528362010502418	-0.4932177945347378	1.960130838893672	1.960130838893678	-0.05737747837161059	-0.04225888530455253	0.725205619205148	0.2257320621289124	-2.767561635894929e-07	-2.313275119497992e-07	2.343541124373572e-06	-1.589875671814111e-06	-7.376346631877317e-08	-6.323848173561643e-07	2.160461110119711e-06
0.31	-0.02399528031026428	0.09138281038810285	0.9236920486058884	0.3470365356244572	-0.2301134458526732	-0.199425205560471	-0.1722965916725422	0.3229221558294187	0.3229221558293741	0.1110187767748616	0.1745136858819611	0.1497180966969823	0.02659218112309965	-0.09623882793044961	-0.03415138396809956	-0.1408631556021509	0.9270261077255499	0.0002011327725723507	0.2892292949997666	-0.6666256227724717	1.341941664148842	1.341941664149042	-0.2851802398385677	0.0001204852186248572	0.6060593945681717	0.1515684251846696	0.05075704345111755	-0.0610608944230588	-0.005008426244331045	-0.2908667100257936	0.1409606825145655	-0.04742223696886019	0.02687881801218357	-43.03993872289689	1.93311347856815	-14.37219544628172	-3.970576403014149	-4.784219095536328	-653.5829545068757	57.84285487035012	-0.1827076426375705	-0.06807716489661036	-0.5844013713279799	1.298242609278208	-0.06253796822585052	-0.04131227662478935	-0.4200785571149292	1.734634779334202	1.734634779334699	0.04319795448129544	0.005157373960877353	0.6176211250024487	0.1710659792525024	-2.719100733037854e-07	-2.355905569654247e-07	2.289203460023061e-06	-1.634593224559188e-06	-6.735896613640256e-08	-6.2551753620822e-07	2.181382268697175e-06
0.32	-0.02496733888431557	0.09103801062693706	0.9222541655558636	0.3563711462932217	-0.2301138825113998	-0.1965353554284952	-0.1789815843310124	0.3364262012219138	0.3364262012218406	0.1081681725618294	0.1745144679252192	0.1558087879567312	0.02811710871453192	-0.09817370790573475	-0.03479278498697182	-0.146706398847818	0.9397161647260249	-0.0002775018920485112	0.2886524159572866	-0.6701985847036958	1.358573891648164	1.358573891648364	-0.2849065287493455	4.392103063412023e-05	0.6119503966576816	0.1534045543924006	0.04562535906699742	-0.05708143813630045	-0.00433257060185956	-0.2902177845744356	0.1332296981845296	-0.04502531575697784	0.03141249913273478	-43.00979608803569	-0.4252769725899248	-13.84996056383567	-3.932973729666672	-3.799166931858384	-653.7031910680034	57.42221234738263	-0.2147872869160009	-0.06097220693061185	-0.5860337591955311	1.264524684830779	-0.02180569344590792	-0.06329460357213391	-0.2840287310191633	1.608345120682071	1.608345120682046	-0.01490156143727856	-0.03507898051582665	0.5706878253200429	0.2121118554789841	-2.66106866203722e-07	-2.386925893764483e-07	2.226636124424899e-06	-1.670995052274302e-06	-6.08745055275439e-08	-6.150028672079706e-07	2.191474233181932e-06
0.33	-0.0259588327912131	0.09068725197379218	0.9207580836877519	0.3658274454548942	-0.2301188515164787	-0.1936535583850471	-0.185697070393138	0.3500879320179434	0.3500879320181432	0.1053214475605954	0.1745144530315912	0.161954587359883	0.02965995597455903	-0.1001219642538265	-0.0353441863328794	-0.1524963002430254	0.9513603757178983	-0.0007083625684786133	0.2876241678318905	-0.6727335733051458	1.373478798662513	1.373478798662707	-0.2844058231090095	-3.646734268293117e-05	0.6170807101163799	0.1551481445197722	0.0405122925277749	-0.05327548964280718	-0.003709158404054772	-0.2899322075749514	0.1256341922522726	-0.04280428701368464	0.035967086885067	-42.9540279524035	-2.775748630547341	-13.40389516197405	-3.881895150731036	-2.75217717320898	-654.2541275064648	56.9310968082759	-0.1843874517243222	-0.05002195791582198	-0.573539470775223	1.086857005037502	-0.05257129483201169	-0.135342900283069	-0.2134757618205904	1.387596002675477	1.387596002674727	0.08762782641922988	0.006738488020804645	0.4648438974363463	0.1531192650518755	-2.553009980596432e-07	-2.384134610917946e-07	2.107581915243733e-06	-1.68953999116745e-06	-5.17013606990612e-08	-5.90231573612878e-07	2.164553676975508e-06
0.34	-0.02696971779022142	0.09033141973528912	0.9192044885774674	0.3753946842661265	-0.2301278981363573	-0.1907845944194319	-0.1924329547087021	0.3638899183863709	0.3638899183865718	0.1024807438550463	0.1745138857049341	0.1681478180558976	0.03121976647059651	-0.1020519263204082	-0.03580750205860816	-0.1582090472824559	0.9619040946567367	-0.001093024848205107	0.2860858003760707	-0.6742782353910416	1.386625006111394	1.386625006111581	-0.2837022694825123	-6.656556556278376e-05	0.6214366552267209	0.1567972015945219	0.03539922598774992	-0.0494695411501063	-0.003085746206733081	-0.2896466305758984	0.118038686319609	-0.04058325827142919	0.04052167463709717	-42.87152089266473	-5.11573401791499	-12.95022828737143	-3.838614633129465	-1.76687912493083	-654.6839680817169	56.5190640388314	-0.2111284306132623	-0.04335508289490348	-0.5706028880401633	1.044426274223678	-0.0125660141052002	-0.1653184696567808	-0.08596342790798367	1.256605207588347	1.256605207588468	0.02566803579504591	-0.02502095042814464	0.4158141556485273	0.1932052449545416	-2.421057992676764e-07	-2.365194500868172e-07	1.961548900769192e-06	-1.699556266742644e-06	-4.124406818359389e-08	-5.58651145882935e-07	2.119955498946433e-06
0.35	-0.02799993004988951	0.08997139572212555	0.9175941464326399	0.3850623353433668	-0.2301406879353172	-0.1879326937954371	-0.1991793763431095	0.3778151513859849	0.3778151513861737	0.09964830226827895	0.1745127680780205	0.1743810134642341	0.03279547448180481	-0.1039784466593756	-0.03618139317890954	-0.1638423452038012	0.9714477927695069	-0.001468348018541699	0.2842450427213272	-0.6748668096809918	1.39815829832431	1.398158298324498	-0.2827359447202973	-0.0001577674346332476	0.6250893592192878	0.1583166238326369	0.03054911978202255	-0.04615573633571673	-0.00252074643666856	-0.2900821969475063	0.1112227778235878	-0.0385152924545511	0.04489393157296517	-42.76042292996739	-7.226367000806795	-12.52411252068746	-3.789531660492559	-0.9145322297027324	-655.3541303621415	56.1556315989228	-0.1816127202877645	-0.03202754779556267	-0.5572473333331822	0.8825729209633681	-0.05061090272698186	-0.2011641007081379	-0.02441215780824353	1.062244417422304	1.062244417422328	0.1397587365705413	-0.001593918544599782	0.3230019192932507	0.1272448424337858	-2.331808273256449e-07	-2.335506935652633e-07	1.863535538737951e-06	-1.700996782871092e-06	-3.567643455671225e-08	-5.229620175392256e-07	2.083637022605546e-06
0.36	-0.02904904728992587	0.08960810851351904	0.9159279604907647	0.3948200696699122	-0.2301573500528362	-0.1851007426854127	-0.2059275052660663	0.3918478279457507	0.3918478279456236	0.09682705273692141	0.1745106536093294	0.1806473365921525	0.03438556354123226	-0.1058329223881057	-0.03646014114719535	-0.1693778066920377	0.9799207445286992	-0.001867488557796228	0.2820958975735758	-0.6746196931016736	1.408113718108347	1.408113718108533	-0.2814638583525442	-0.0002659338395915328	0.6280621991411307	0.1596734112384705	0.02569901357586008	-0.04284193152191866	-0.001955746668293826	-0.2905177633192735	0.1044068693272929	-0.03644732663841206	0.04926618850873771	-42.6187877442651	-9.329755045962729	-12.09103589171779	-3.748061197405032	-0.1137835097776697	-655.9497269618927	55.87658808935629	-0.1967195085649765	-0.02432645249177138	-0.551035601418383	0.8302770035079272	-0.01732948788892764	-0.2269959682583406	0.08117474594621914	0.9410307218122673	0.941030721812351	0.08682035690290534	-0.02841385760539675	0.2798413415037377	0.1606782784981197	-2.26489512505118e-07	-2.300197624658078e-07	1.790640148753972e-06	-1.697951517135087e-06	-3.266646865616766e-08	-4.851237227206228e-07	2.051649467147713e-06
0.37	-0.03011645811846323	0.08924237113077564	0.9142068976057183	0.4046578306191427	-0.2301780817865903	-0.1822917091825101	-0.2126691551621118	0.4059727741194582	0.4059727741193931	0.09401978241949259	0.1745074797360177	0.1869401187266188	0.03598845714424805	-0.1076303157551322	-0.03668437788126471	-0.174815402553994	0.987480171968243	-0.00227826382960657	0.2796482950973854	-0.6736064654308519	1.416644217759321	1.416644217759466	-0.2799660701176341	-0.0003486995806792339	0.6303822197124697	0.1608817547278116	0.02079560734245971	-0.03943110716749849	-0.001382056903927019	-0.2907900321084164	0.09700438104100653	-0.03460247321380181	0.05362663916596359	-42.44486690377479	-11.64702876472127	-11.79918025835367	-3.676224303617809	0.9851763293554844	-656.6967582639954	55.36333553457575	-0.1684222973544906	-0.02103497005256084	-0.5373106869351606	0.6960648944484668	-0.05296852517791245	-0.2633270614457545	0.1269698794836753	0.7744095662544597	0.7744095662482688	0.1849883454558238	0.00451639389705265	0.1912473537045611	0.09745722682010954	-2.179146557778194e-07	-2.357428272309045e-07	1.649474213049728e-06	-1.768400405624536e-06	-1.801141897850023e-08	-4.679554314448988e-07	2.046309489899728e-06
0.38	-0.03120127748998025	0.08887447884345355	0.9124320209403782	0.4145666436987852	-0.230202924668646	-0.1795090886392003	-0.2193975581610835	0.4201760952856224	0.4201760952854348	0.09122823604168825	0.1745040230704523	0.1932527340545636	0.03760274315069003	-0.1093146309852848	-0.03689112206293044	-0.1801405627508246	0.9941311706186543	-0.002689718235227981	0.2768133056553192	-0.6719703136866401	1.423788716590833	1.423788716590936	-0.2783190703358051	-0.0003224922714468656	0.6320288378340091	0.1619518919238336	0.0158922011084517	-0.03602028281375044	-0.0008083671396656016	-0.2910623008978904	0.08960189275437477	-0.03275761979019402	0.05798708982295318	-42.23717325377019	-13.96039927222803	-11.50181319908303	-3.610781664654764	2.044669368344711	-657.4138255502578	54.93725583626066	-0.1741038811894229	-0.02082794201099038	-0.5285484683932173	0.6485912456812614	-0.01746531465128518	-0.3044733614335443	0.2057595606247038	0.663830557919742	0.6638305579197769	0.1166626662869759	-0.00661924754107226	0.1451608515438371	0.1330370198341237	-2.082634893895085e-07	-2.467538896328881e-07	1.469296536933905e-06	-1.880845953671386e-06	3.297964286094592e-09	-4.625985707651057e-07	2.056196700200227e-06
0.39	-0.03230248296729667	0.08850469807143369	0.9106044536508651	0.4245376473811119	-0.230232110298096	-0.1767554423782039	-0.2261062901855146	0.4344442938034973	0.4344442938033781	0.08845459984337813	0.1745005167338616	0.1995787117129796	0.0392267760322727	-0.110898332644079	-0.03705242797716081	-0.1853496244388282	0.9999065504956187	-0.00315683293925249	0.2738928369895958	-0.6696746985791752	1.429639313660381	1.429639313660558	-0.2763594504549967	-0.0003770582640433634	0.6330765213010833	0.1628222412082308	0.0112164491428228	-0.03329651791971543	-0.0002344714464587595	-0.2921126831078495	0.08329474319003247	-0.03103990842519503	0.06223297614107167	-41.99442456032628	-15.93329005592746	-11.20101218041972	-3.544784728028534	2.804139016661828	-658.2962785582898	54.64330954020087	-0.1462988895020988	-0.01188896597827503	-0.5136865205668076	0.5175357365630184	-0.06294600843047277	-0.2896187079699255	0.2566713791822289	0.5139641958279586	0.5139641958389496	0.2429554237027691	-0.004947396514039484	0.07102270427429186	0.05916120018494819	-1.953311891632889e-07	-2.065709595309494e-07	1.489667641410578e-06	-1.605634932038576e-06	-2.439388505302962e-08	-3.713191748724877e-07	1.860997050616704e-06
0.4	-0.03341868457743145	0.08813368283030089	0.9087254754441586	0.4345615097377836	-0.2302662893664948	-0.174031757821668	-0.2327890242801976	0.4487646562748878	0.4487646562748286	0.08570202859856324	0.1744964503131247	0.2059124563280715	0.04085853787018778	-0.112313857553872	-0.037138015885519	-0.190422746189581	1.004702905486961	-0.003688406049279048	0.2708209647707332	-0.666770727736675	1.434221507304143	1.434221507304393	-0.2741060795851456	-0.0004345091124341738	0.6335822291675509	0.1634976831902945	0.006540697176860713	-0.03057275302610551	0.0003394242475967519	-0.2931630653180423	0.07698759362545123	-0.02932219706092967	0.06647886245906721	-41.71561953242412	-17.90569679780138	-10.8938314413455	-3.486996210677921	3.528849601002818	-659.2006947026729	54.45234760626322	-0.1404685313887497	-0.00568434083651896	-0.5013604809430882	0.4527862685566644	-0.03035699585184653	-0.3347540720614999	0.3274307076319314	0.4101498727624703	0.4101498727624707	0.1754128640957911	-0.007196218699666145	0.03676573142258105	0.0940555593672274	-1.803549039232899e-07	-1.344966898364039e-07	1.634970773141592e-06	-1.088932932572538e-06	-8.261109240758492e-08	-2.265142652407335e-07	1.538038373564448e-06
0.41	-0.03454856129098258	0.08776211538990081	0.9067964641245055	0.4446291575456791	-0.2303055156062918	-0.1713413459423888	-0.2394394930934044	0.4631248245514706	0.463124824551282	0.08297154224816561	0.1744931021207967	0.2122487242362092	0.04249686351110374	-0.1136438855889897	-0.03716837516467405	-0.1953506678331375	1.00867296942197	-0.004166028109410163	0.2672593544644515	-0.6632293775748014	1.437583819986734	1.43758381998698	-0.2719393536653223	-0.0002541886296664884	0.633567122598297	0.1641302992436909	0.001987702945834399	-0.02790623125167045	0.0008840585509447332	-0.2944538060696248	0.07077324804304887	-0.02781055288172262	0.07064311862425031	-41.40005744575392	-19.87722746139309	-10.68320853110854	-3.405570379871147	4.348410795851393	-660.3651600295248	54.12826795717099	-0.1266377747859554	-0.0006683936530356366	-0.484214121410695	0.3460542937069671	-0.05781585013981449	-0.3673702467012386	0.3815357702957057	0.2650576257559265	0.2650576257552276	0.2452581773722275	0.02763615788859687	-0.03632144073622621	0.04245550519187082	-1.710258324966011e-07	-1.037699180570794e-07	1.659112767586261e-06	-8.805784441136369e-07	-1.04598751350042e-07	-1.588070465620249e-07	1.394968241366614e-06
0.42	-0.03569121185194189	0.0873904530222684	0.9048190323653499	0.4547318935604559	-0.2303497882744545	-0.1686866513135463	-0.2460517386850329	0.477511773086688	0.4775117730865902	0.08026431430105287	0.1744909551287599	0.2185817065607267	0.04414043348792863	-0.1148686270325794	-0.03715700133198631	-0.2001068340902144	1.011720546866354	-0.004697691731376959	0.2636775146865706	-0.6591260834196661	1.43957755905929	1.439577559059531	-0.2694543988876108	-0.0001942691019572563	0.6329251124435734	0.1645465503717134	-0.002565291285241244	-0.0252397094773293	0.001428692855739176	-0.2957445468212572	0.06455890246064561	-0.02629890870262493	0.07480737478937688	-41.04735145263975	-21.85193287143205	-10.46797598538968	-3.330780082398362	5.157488140809246	-661.5943094006708	53.86661895580961	-0.1194112130831041	0.002662281532023581	-0.4670094036471894	0.2682889704313787	-0.04116530821906363	-0.33879996638135	0.4398195062841353	0.1364351507556091	0.1364351507556074	0.2390586356736633	-0.03127640971118281	-0.08861498567122217	0.05078257429228859	-1.655253806043596e-07	-1.010753482541755e-07	1.601111618107985e-06	-8.812731156595709e-07	-1.02024004589382e-07	-1.433694488684313e-07	1.373856444663303e-06
0.43	-0.03684569556374429	0.08701915323058615	0.9027949400787454	0.464860650608007	-0.2303995182867679	-0.1660680762208352	-0.2526198520688412	0.4919119443226642	0.491911944322857	0.07758312408701923	0.1744889862258184	0.2249052872001475	0.04578726007173219	-0.1160101435784736	-0.03709152222497403	-0.204676327764809	1.013872032988582	-0.005245004697750739	0.259995339421298	-0.6543867184147816	1.440229894270305	1.440229894270586	-0.2667739241788405	-0.0001887126187042462	0.6316975877899178	0.164799523861824	-0.007196885123277344	-0.02272094095503131	0.001933276851350281	-0.2971435617640117	0.05850870036180311	-0.02485457669326922	0.07909228445591562	-40.65739172319969	-23.78844334694388	-10.27487649419249	-3.252932418864749	5.904572638349429	-663.0492846227239	53.60460672881797	-0.1088343847146459	0.0101857556500219	-0.4466523936557257	0.1647447706711264	-0.06100972862311623	-0.3894426634282554	0.5074762369179336	-0.004353734570609212	-0.004353734564823885	0.2841632570133142	0.01794413286361093	-0.1538706156364571	0.009812347901975898	-1.57731852825091e-07	-9.744285387162454e-08	1.518159529025713e-06	-8.714861922746821e-07	-9.740282496289371e-08	-1.287578468733638e-07	1.332928102712974e-06
0.44	-0.03801105694288424	0.08664884723604506	0.9007262062465424	0.4750061557843198	-0.2304546205162288	-0.1634876261521775	-0.2591372755547378	0.5063118416226069	0.5063118416231822	0.07492906289403811	0.1744873673785819	0.2312137827109406	0.04743606791274682	-0.1170441604993172	-0.03695824190374936	-0.2090351432100464	1.015070172612892	-0.005772135175341895	0.2560525098829614	-0.6489881038367666	1.439522771847568	1.43952277184789	-0.2640285947287427	-0.0001242579146185339	0.6299080867193285	0.1649428018131984	-0.01182847896099083	-0.0202021724324868	0.002437860845842662	-0.2985425767065082	0.05245849826311279	-0.02341024468354764	0.08337719412259816	-40.23046191937166	-25.73015459455687	-10.07739842967175	-3.181824882478269	6.645896090603882	-664.5990480578131	53.40741855374456	-0.09791128807320777	0.01622252437441675	-0.4248737577757938	0.07761967084773663	-0.03712881046275593	-0.3909308209941862	0.5716694209099131	-0.1354563759943599	-0.1354563759943327	0.2520295839392749	-0.01949676554463641	-0.2010102690579073	0.02884346654497052	-1.482486901816972e-07	-9.311925716722837e-08	1.416822537077336e-06	-8.539759884144503e-07	-9.127374743526875e-08	-1.147548732877366e-07	1.277398095843791e-06
0.45	-0.03918638031277535	0.08628021635195754	0.8986149792846886	0.4851590502026477	-0.2305148738606102	-0.1609475265268098	-0.2655972908940796	0.5206978619727206	0.5206978619729705	0.07230281727116743	0.1744863756908335	0.2375015914324926	0.04908575774217241	-0.1180079871537662	-0.03675582370170048	-0.213168622188001	1.015347838124836	-0.00627646088217839	0.2519377724481293	-0.6429039630954838	1.437444199796485	1.437444199796764	-0.2612036960057261	-7.219253227588006e-05	0.627557185234153	0.1649719376016881	-0.016327102603439	-0.01785993371574691	0.002906365541322796	-0.3002719788823522	0.04683532483416165	-0.02211900820263164	0.08760176577082231	-39.76717042897394	-27.55358380566799	-9.931220548279439	-3.096231736486427	7.316905537745239	-666.3443480063023	53.17067004567815	-0.0937477041855251	0.02405043964545643	-0.4013626282985072	-0.02129988507650408	-0.05678501090639709	-0.4263682020281643	0.6434365413232009	-0.2795935686584308	-0.2795935686648169	0.3003816777918276	0.01770289856547728	-0.2666312385836563	-0.0134195081239225	-1.395801703833891e-07	-8.950713905963498e-08	1.323007294608349e-06	-8.385529203485281e-07	-8.513665034838934e-08	-1.033487549539728e-07	1.225650172749609e-06
0.46	-0.04037096781922021	0.08591396944419373	0.8964636620009621	0.495309893300853	-0.230580110573998	-0.1584494988752914	-0.2719931347978921	0.535055989412519	0.5350559894125808	0.06970535296805611	0.1744859335984246	0.2437629909091182	0.05073506530086346	-0.1188969878104789	-0.03648144663900398	-0.2170532075847256	1.014659908578982	-0.00676880899369871	0.2476381151213395	-0.6361538167307306	1.433944189785728	1.433944189785967	-0.2582723308304239	-1.433881223885476e-05	0.6246262377355396	0.1648663476651896	-0.02082572624545657	-0.01551769499867462	0.003374870235913519	-0.3020013810579244	0.04121215140539348	-0.02082777172122357	0.0918263374192641	-39.2678914237391	-29.38425567473967	-9.781340773599981	-3.016906231484237	7.986313296481567	-668.2141401420056	52.99896027322067	-0.08294608852616456	0.03061429650381562	-0.3750950415298465	-0.115499340712043	-0.03473329139970439	-0.4279147993856878	0.7048705456037196	-0.4197439679285104	-0.4197439679285648	0.2733228743964247	-0.01833909800587558	-0.3170194717454911	0.001898321547333261	-1.315633648611496e-07	-8.646420382948381e-08	1.235209451722871e-06	-8.247995609180536e-07	-7.899313761410638e-08	-9.402012082169958e-08	1.176927916675428e-06
0.47	-0.0415641269875287	0.0855508185846245	0.8942747754634192	0.5054491798394949	-0.2306501877217978	-0.1559950360706124	-0.2783181260387212	0.5493721407262608	0.5493721407257733	0.06713775393872917	0.1744858361006282	0.2499922597966491	0.05238266122065172	-0.1197219760960416	-0.03613706987820639	-0.2206780371339817	1.013039219687749	-0.007245015795652156	0.2432383521040078	-0.6287374348995741	1.42905557246116	1.429055572461044	-0.2552270023611651	-1.062661679796819e-05	0.6211353496802329	0.1646284154558518	-0.02525385963008805	-0.013352787615262	0.003825501187739191	-0.3038587446753007	0.03581685007521175	-0.01963194579324693	0.09601659814837743	-38.73326892030683	-31.15069306938295	-9.664267524073594	-2.929361115765458	8.619194390816141	-670.1565560389421	52.80594635486808	-0.08035294287249711	0.03808244723328505	-0.3492854303646452	-0.209089283575679	-0.05385246738688249	-0.4485846412758645	0.7760714822378867	-0.5579701217071503	-0.5579701217603028	0.3233222211390638	0.008774920236128126	-0.3789780654385543	-0.0402110027105346	-1.234075328262836e-07	-8.390651993888781e-08	1.14276012546972e-06	-8.109532042413468e-07	-7.180476469723607e-08	-8.703845802765086e-08	1.123280851513206e-06
0.48	-0.04276515158754506	0.08519145810893464	0.8920510189266393	0.5155675123652398	-0.2307249845560838	-0.1535850864138256	-0.2845657435651604	0.5636324959653671	0.5636324959644243	0.06460124507193606	0.1744855854330305	0.2561838488850167	0.05402716341624617	-0.120470074153701	-0.0357233698631307	-0.2240272074322685	1.010469105986606	-0.00771274630954163	0.2387354855519775	-0.6206790738537208	1.422784974857172	1.422784974856704	-0.2520542983740465	-4.497274465149655e-05	0.6170902779043207	0.1642476028250757	-0.02968199301420988	-0.01118788023151962	0.004276132138499199	-0.3057161082924233	0.0304215487451963	-0.01843611986477396	0.1002068588778055	-38.16593519365988	-32.92549245715266	-9.54384752051541	-2.847845145778015	9.25338644471806	-672.2390664146898	52.67746108993723	-0.06756804294548148	0.04447894735928769	-0.3199631913359943	-0.3053843026943084	-0.03303803378707425	-0.4485355063253849	0.8332663885429857	-0.6961400238120421	-0.6961400238120565	0.2987979779684002	-0.02595076266492567	-0.4278562158666382	-0.02667776274030747	-1.151310362710246e-07	-8.176999758828306e-08	1.046273662708776e-06	-7.970261329735703e-07	-6.370953199925216e-08	-8.209378922526858e-08	1.065359423746269e-06
0.49	-0.04397328820978071	0.08483655841115428	0.8897951763331327	0.5256555446995961	-0.2308043483609702	-0.1512205872502886	-0.2907296888782667	0.5778234090005582	0.5778234090003317	0.06209693717240374	0.1744847324756743	0.2623323067336796	0.05566722796455335	-0.1211446185900539	-0.03524692380144646	-0.2270922390294204	1.006988486296378	-0.008155554760127718	0.2341337379939089	-0.6120158124428678	1.41518097139345	1.415180971393353	-0.2488032668897606	-0.0001167416846775665	0.6125153278032361	0.1637452171029998	-0.03394261799280877	-0.009194492399142757	0.004709345625859664	-0.3077666131238397	0.02537673891154799	-0.01737009230675652	0.1042681439689231	-37.56863627701094	-34.59412174665325	-9.467105174620023	-2.752630846099592	9.834257235787886	-674.313674645592	52.50816557407008	-0.06551083767729628	0.05066236191815077	-0.2924282472930055	-0.3917404911965916	-0.04927916282836536	-0.4707353559407145	0.896982465942698	-0.8250074025105315	-0.8250074024549887	0.3389464488728678	0.003415495915785522	-0.485230479911605	-0.06496871126273021	-1.074217363946688e-07	-7.945547346569673e-08	9.572335173407527e-07	-7.804957998774439e-07	-5.637427705349593e-08	-7.725818275533613e-08	1.008927982981272e-06
0.5	-0.04518779291510684	0.08448671015925821	0.8875101524029784	0.5357043028993381	-0.2308880156327006	-0.1489030537574557	-0.296804176287534	0.5919317866221903	0.5919317866227071	0.05962527773103017	0.17448340291983	0.268432431866788	0.05730167870878291	-0.1217436907743148	-0.03471308068627068	-0.2298634747619619	1.002614279045715	-0.008573439696252913	0.2293423514201778	-0.6027874930885169	1.406277892135392	1.406277892135667	-0.2455246067969927	-0.0001402924011867897	0.6074237347948568	0.1631248420080755	-0.03820324297074101	-0.007201104566428702	0.005142559111545469	-0.3098171179549841	0.02033192907805758	-0.01630406474821569	0.1083294290605157	-36.94420741017993	-36.27134781866921	-9.387451477403909	-2.662925997669437	10.41770560749929	-676.5297464028876	52.40067835961054	-0.05247359252676663	0.05595835805742798	-0.2612040184139119	-0.484101814781651	-0.02805333089508555	-0.4864633094579371	0.9462779772426799	-0.9559551826791972	-0.9559551826790151	0.3043236996648102	-0.01630711796165005	-0.5311847973257463	-0.05027563731002207	-1.002462686866926e-07	-7.697341826359834e-08	8.752016706954781e-07	-7.615153380016937e-07	-4.97542952863069e-08	-7.25252231865329e-08	9.538988829239834e-07
0.51	-0.04640789464217016	0.08414246798825988	0.8851989051297441	0.5457049600773918	-0.2309757126808024	-0.1466341468487042	-0.3027836798759056	0.6059448187955876	0.6059448187954927	0.05718652929476057	0.1744819155766998	0.2744791473901053	0.05892936339209352	-0.1222615337671201	-0.03412737844519302	-0.2323347494887288	0.9973747799999225	-0.008963044072418517	0.2244139780302772	-0.5930316989875154	1.396127057237304	1.396127057237413	-0.2422203115950812	-0.0001476699356070648	0.6018398662947323	0.1623902558291709	-0.04232884608286017	-0.005394048125750867	0.005572346391499517	-0.3119775614297682	0.01555511495772796	-0.01533002228602942	0.1122789212427906	-36.2954887348245	-37.86421767704844	-9.33666848307135	-2.564401039765294	10.95871413240704	-678.689766431801	52.27204382743445	-0.04917911037035551	0.06106313469238082	-0.2324186673668982	-0.5652385970298676	-0.04403248839805633	-0.4999178196307487	1.002458966061857	-1.074851113376971	-1.074851113402033	0.3442663864328044	0.008353402336728284	-0.5839310583542343	-0.08828378036551233	-9.286058063800621e-08	-7.43548342214587e-08	7.905615630918881e-07	-7.405117628805262e-07	-4.290072815722362e-08	-6.812733005127862e-08	8.955178288916276e-07
0.52	-0.04763272269068759	0.08380432023518301	0.8828644792157297	0.5556489493355778	-0.2310672294720622	-0.1444153023670754	-0.3086631797553427	0.6198503019259068	0.6198503019253758	0.05478098060177695	0.1744806157530582	0.2804676355920167	0.06054905547918532	-0.1226889550684087	-0.03349419710197621	-0.2344992029181541	0.9912806950520212	-0.009337388345537554	0.219329866005406	-0.5827867513051463	1.384768083539049	1.384768083538989	-0.2388846581540804	-0.0001027885292742763	0.5957782705146548	0.1615263227628785	-0.04645444919430523	-0.003586991684847812	0.006002133672099134	-0.3141380049044085	0.01077830083748221	-0.01435597982352798	0.1162284134256018	-35.62533775064	-39.46579261721693	-9.283173997806752	-2.47114700244597	11.503326947706	-680.9911619039987	52.20254443798864	-0.03438925422284236	0.06545417848508162	-0.199839758945562	-0.6550189952036192	-0.0250013102858466	-0.5176110364521155	1.044108693516523	-1.197582942712541	-1.197582942713038	0.3105953474826841	-0.005855329811052468	-0.6267302533165703	-0.07614501478767526	-8.526038203757488e-08	-7.159693503641983e-08	7.032599647145065e-07	-7.174437864885246e-07	-3.580880861804416e-08	-6.407134144005385e-08	8.337164136602235e-07
0.53	-0.04886136897798032	0.08347271349897339	0.8805099593126041	0.5655278353281034	-0.2311624013578128	-0.1422476357933538	-0.3144379394266004	0.63363629428642	0.6336362942859569	0.05240908771416564	0.1744796943912436	0.286393171611993	0.06215945753903072	-0.123024323021039	-0.03282173953730901	-0.2363518111215213	0.9843615533093992	-0.009697479437585423	0.2142048066047415	-0.5720989401785052	1.372240650859401	1.372240650859426	-0.2354714877637439	-8.658283846711126e-05	0.5892522303125312	0.160526223530204	-0.05040044445397564	-0.001947338230228086	0.006436994081548751	-0.3164321341288383	0.00629947930116438	-0.01349043991094068	0.1200220689544979	-34.9365600940938	-40.9735953380769	-9.266202469095573	-2.365422993420677	12.01227876456304	-683.2136896952521	52.09646648346855	-0.03072079262346644	0.06894671853298023	-0.1700387513868528	-0.7306120495359574	-0.04165413482318767	-0.5098695580645479	1.091053737137542	-1.308767831162442	-1.308767831149476	0.3600903993174349	0.004481255293606113	-0.677059828801306	-0.1161023421813016	-7.837913132108943e-08	-6.868168688388358e-08	6.24676333860659e-07	-6.929259679933311e-07	-2.966482632240567e-08	-5.954116513474549e-08	7.743177288070568e-07
0.54	-0.05009289099015489	0.08314799237302452	0.878138499847372	0.5753334798461633	-0.2312612023796413	-0.1401312030469186	-0.32010383370359	0.6472913234399253	0.6472913234397016	0.05007200903340656	0.1744787596338379	0.2922511434449143	0.06375902661362122	-0.1232641000472298	-0.03211707504982935	-0.237887115339661	0.9766324001369622	-0.01006321557610081	0.2090831005564479	-0.5610136724558322	1.358575442156842	1.35857544215695	-0.2319218167931215	-0.0001054676769884876	0.5822654331047429	0.1593597257105788	-0.05434643971288532	-0.0003076847753787244	0.006871854491686724	-0.318726263353121	0.001820657764922689	-0.01262489999802991	0.1238157244840155	-34.23192134095771	-42.49015957181377	-9.246872403330167	-2.264521557655386	12.52574517297631	-685.5765466525743	52.04616772869127	-0.01527106893419624	0.07189556304736956	-0.1363789619000469	-0.8170212811667049	-0.0261303195794088	-0.5169403659780233	1.123600012723341	-1.425138147294639	-1.425138147295602	0.337895463539887	-0.01287343567675791	-0.718881654449792	-0.1094247321779177	-7.229331230599093e-08	-6.55923505119885e-08	5.557381138839131e-07	-6.668040688733298e-07	-2.456962565791893e-08	-5.448635563598292e-08	7.175773839468338e-07
0.55	-0.05132632411519104	0.0828304697993219	0.8757532906139076	0.5850578603446788	-0.2313636224530026	-0.1380659130751636	-0.3256569604873837	0.6608041479399415	0.6608041479401463	0.04777098920210885	0.174477405548443	0.2980370305671212	0.06534618554009346	-0.1234049091513724	-0.03138270639957313	-0.2391000096498102	0.9681128118719933	-0.01041956762093613	0.2039696472241382	-0.5495528774169484	1.343810997190148	1.343810997190206	-0.2282676288770853	-0.000162972680570151	0.5748417182485159	0.1580468660102004	-0.05817301611397872	0.001203382111814804	0.00731348264400017	-0.3210920635125198	-0.00240500668995298	-0.01185714273736305	0.1275088950853901	-33.51410412378289	-43.92629257855895	-9.261704165226938	-2.151573944276896	12.9925826966276	-687.8649069175195	51.95606035536733	-0.01085011970984577	0.07491315093321652	-0.1055467558841803	-0.8890680120179528	-0.04027470062805	-0.5094403287994652	1.166140281997404	-1.528852976471034	-1.528852976477914	0.3813915320089159	-0.001937115966162497	-0.7646675783924923	-0.1459914325203676	-6.660096131466536e-08	-6.256705791808851e-08	4.91603146542397e-07	-6.403688613717712e-07	-1.986600220904775e-08	-4.982899320031138e-08	6.629645082199294e-07
0.5600000000000001	-0.0525606381889786	0.08252043203910436	0.8733575920192772	0.594693116878096	-0.2314695834575115	-0.1360519361391285	-0.3310937151142571	0.674163976929357	0.6741639769299282	0.0455069534653998	0.1744755267961179	0.3037465703053174	0.06691946090085744	-0.1234402897977197	-0.03062011235281531	-0.2399849875731055	0.9588076070927176	-0.01077140181365849	0.1988204934142144	-0.5377392410769621	1.32797634001883	1.327976340018841	-0.2245249979062112	-0.0002104010148201151	0.5669959563049308	0.1565830125677418	-0.06199959251409937	0.002714448999486533	0.007755110793721934	-0.323457863671648	-0.006630671144652796	-0.01108938547592504	0.1312020656875263	-32.78573978342494	-45.37122669874646	-9.2745329976128	-2.042993969966797	13.46482684308528	-690.2924976642145	51.91804355335252	0.00581462262565296	0.07754064234744912	-0.07079568452924978	-0.9741445840281081	-0.02522674915703385	-0.5240804615009568	1.194168272944329	-1.639180588219418	-1.639180588219838	0.355584074507448	-0.01085810181041305	-0.8032910719217569	-0.1396234805940442	-6.138077195186729e-08	-5.96186178577826e-08	4.332320823631564e-07	-6.135576838123438e-07	-1.563227141891521e-08	-4.564856724034903e-08	6.109045954530072e-07
0.5700000000000001	-0.05379479897321641	0.08221814671807118	0.8709546962418285	0.6042314873649803	-0.2315789818731145	-0.1340895522696896	-0.3364106408471774	0.6873602087421532	0.6873602087420772	0.04328070206006999	0.174473144955132	0.309375599366907	0.06847741298928665	-0.1233759452313033	-0.02983346106250194	-0.2405381379054644	0.9487423196389635	-0.01110592212278502	0.1936494442584461	-0.5255939736429385	1.311099800837758	1.311099800837942	-0.2207144240503885	-0.0002608784214651631	0.5587433293251388	0.1549833408512789	-0.06566936968011183	0.004054938501496116	0.00820786301426041	-0.3259227294852519	-0.01058185247168624	-0.01038881186557654	0.1347610425143342	-32.04935556643198	-46.72718510449236	-9.303952929389277	-1.928350780281819	13.89232105898527	-692.6351904753459	51.87753202494249	0.009126483592069383	0.07974834283952839	-0.03917886268207238	-1.041353156724383	-0.03728395839851728	-0.5147347840802575	1.23249575787942	-1.737412155916186	-1.73741215589003	0.3954441609543143	-0.001475986971714639	-0.8462350371588447	-0.1737566227023719	-5.638123834461922e-08	-5.700545281458233e-08	3.817256447651922e-07	-5.855413768384024e-07	-1.151885977604183e-08	-4.407540147870079e-08	5.619860891311796e-07
0.58	-0.05502783988981361	0.08192383210403309	0.8685479481300359	0.6136654785113133	-0.2316916693491269	-0.1321791024200723	-0.3416045559498823	0.7003825708487645	0.7003825708478456	0.04109288641737843	0.1744703916542552	0.3149201048534513	0.07001864483944997	-0.1232163162671993	-0.02902597095379444	-0.2407554544421761	0.9379317389581141	-0.01142921389648505	0.1884336894441647	-0.5131371150389553	1.293202398742026	1.293202398742384	-0.2168378454013181	-0.0002846929032758185	0.5500912412992859	0.1532389649136503	-0.06933914684505603	0.005395428004189162	0.008660615230023091	-0.3283875952985281	-0.01453303379846227	-0.009688238254086776	0.1383200193419455	-31.30748530950495	-48.0918718426448	-9.331478784463316	-1.817918964998625	14.32572675779391	-695.1150576569916	51.88577803341622	0.02487150216396122	0.08170840602600869	-0.00362892539978794	-1.123203229447211	-0.02298104207205016	-0.5330215932037354	1.256486506936722	-1.843353171151616	-1.84335317115178	0.3687850331569411	-0.005525516843538315	-0.883183281134319	-0.1685643248272692	-5.166907037250605e-08	-5.482892500296152e-08	3.391591859707509e-07	-5.559555989990478e-07	-7.56214283657577e-09	-4.589773737067079e-08	5.17158716784359e-07
0.59	-0.0562587331950104	0.08163766841686822	0.8661407333595073	0.6229876057046498	-0.2318074724549388	-0.1303210199322355	-0.3466725237617128	0.713220887460762	0.7132208874601161	0.03894406382317451	0.1744674867462365	0.3203761074658634	0.07154177520171111	-0.1229454527053891	-0.02820596964521049	-0.2406302470757701	0.9263744319443989	-0.01172794126521346	0.1831740059380122	-0.5004141276673383	1.274297359780079	1.274297359780262	-0.2129193001145867	-0.0002888622173398189	0.5410439018479445	0.1513634753772495	-0.07290427140454489	0.006737993888585837	0.009126817518618829	-0.3308340593736808	-0.01838637810196367	-0.009114435040274529	0.1417719233670283	-30.56573380025916	-49.42825227069777	-9.420475647904503	-1.684698488752018	14.77603777109486	-697.5019501705226	51.78699258903301	0.03072226008119646	0.08226446885216504	0.02917406274578003	-1.189890678662331	-0.03286872029164291	-0.5238421944605407	1.286552800881369	-1.938604059656386	-1.938604059682568	0.4045095544898485	0.0031636336595624	-0.9253221069444449	-0.2006004734632757	-4.60203416861963e-08	-4.73054600773185e-08	3.116569067313145e-07	-4.903515490475833e-07	-9.00340862707689e-09	-3.837085050938462e-08	4.636480450874268e-07
0.6	-0.05748641216923162	0.08135972843790387	0.8637364863616589	0.6321905805796831	-0.2319261728616563	-0.1285158143724547	-0.3516119921100834	0.7258652487230161	0.725865248722588	0.03683465073742778	0.1744647453994188	0.3257396741177861	0.07304543882752702	-0.1225734500678761	-0.02738122931369403	-0.2401618999064862	0.9141012752775143	-0.01200867407484514	0.1778583038263305	-0.4874372223514009	1.254411328780481	1.254411328780482	-0.2089559437055921	-0.0002519806374984499	0.5316040492041612	0.149345617624197	-0.07646939596313765	0.00808055977347418	0.009593019805008035	-0.3332805234486401	-0.0222397224053028	-0.00854063182564194	0.1452238273928218	-29.82682339008121	-50.77200249464271	-9.507930612715818	-1.55495923098007	15.23108614289369	-700.0020157778976	51.73053758893552	0.04509931730523102	0.0826562106122571	0.06499903517579571	-1.266373160081169	-0.01938213025287671	-0.54422531430968	1.307270095801178	-2.039551578681649	-2.039551578683198	0.3777472576095592	0.002684661937574979	-0.961685919623038	-0.1970379681577291	-3.904672223346214e-08	-3.221803533183913e-08	3.054649302770079e-07	-3.7379482147411e-07	-1.808084510875126e-08	-1.761823389958948e-08	3.978536816269223e-07
0.61	-0.05870991438915064	0.08109007976341	0.8613386410134314	0.6412673310648977	-0.2320475032960373	-0.1267641142252789	-0.3564203967577454	0.7383059511443505	0.7383059511438845	0.03476486835313894	0.1744625486193144	0.3310069930905422	0.07452835303247063	-0.1221083575659077	-0.02654524708909754	-0.2393484912396069	0.901125098349449	-0.01225812815021006	0.1725039697855914	-0.474205854782313	1.233570277721399	1.233570277721153	-0.2049659300674037	-0.0001977074837120731	0.5218001244437973	0.147207343536571	-0.0798349696637695	0.009147968217004131	0.010076647859327	-0.3359592987068636	-0.02560091027616155	-0.007990670463024069	0.148521596384538	-29.09142000809125	-51.95313722430334	-9.574827897623804	-1.431283804054091	15.55552980116544	-702.4236712102439	51.75105944878117	0.0500063512812418	0.08455328574626429	0.0983125491555483	-1.331801563716336	-0.02786503913840166	-0.5277520191925732	1.336747946922447	-2.130206566968938	-2.130206567004803	0.4148441196501574	0.005203370000408223	-0.9986950780862996	-0.226692711492493	-3.038641549649554e-08	-5.917134659655057e-09	3.604629532655175e-07	-1.701472873448949e-07	-4.023220971477393e-08	1.53690302569387e-08	3.297696067148747e-07
0.62	-0.05992820725713514	0.08082888772263448	0.8589506899052152	0.6502106074600017	-0.2321713558697257	-0.1250653003325949	-0.3610953521578065	0.7505334781153871	0.7505334781151729	0.03273602924589868	0.1744605755166985	0.3361744829509264	0.07598899038005137	-0.1215315796782778	-0.02568990257002039	-0.2381830519046283	0.8874064572395692	-0.01251310194396263	0.1672810529353315	-0.4607473728348015	1.211776238764384	1.211776238763899	-0.200767288320115	-0.0002072452139219878	0.511638226729675	0.1448902461518366	-0.08320054336381247	0.01021537666047607	0.01056027591729787	-0.3386380739650396	-0.02896209814709437	-0.007440709100642624	0.1518193653767982	-28.3603193741681	-53.14256276637541	-9.640371715807564	-1.311028063037489	15.88798748559928	-704.9733050292124	51.80569290186178	0.06743639443817004	0.08652866950818294	0.1354051687956742	-1.414865996444003	-0.02048607393030566	-0.5179418762138872	1.352692971486183	-2.230149158268162	-2.230149158268166	0.4194728794296588	-0.01007751486155125	-1.033280510374983	-0.2328026275795763	-1.913120524532513e-08	3.763526743822877e-08	5.095994369352843e-07	1.674861030239246e-07	-8.249730989671737e-08	6.717882910074876e-08	2.581628988004532e-07
0.63	-0.06114024644624514	0.08057633166878157	0.8565761457615566	0.6590131896272662	-0.2322974613568622	-0.1234196448879793	-0.3656345342342631	0.7625384453625167	0.7625384453622678	0.03074859699832196	0.1744590146976273	0.3412387226909582	0.07742610234430038	-0.1208568482152385	-0.02481867990911129	-0.2366667073306678	0.8729885019615363	-0.01270929034262792	0.1618817242340034	-0.4470540247144276	1.189064856933392	1.189064856933594	-0.1966781937170633	-0.0001214449293343633	0.5011534501658467	0.1425012909461481	-0.08647975491154891	0.01126984623374824	0.0110089415760333	-0.3412416237708581	-0.03222816731042026	-0.006922144890289932	0.1550298187401989	-27.63442525190333	-54.2963604231436	-9.71492133192316	-1.18750019111632	16.20648328423968	-707.399368834255	51.83069274333229	0.0704061832113945	0.08779151442378	0.1686294511949823	-1.47347508296456	-0.0192689014578194	-0.5461631380659207	1.382908393279163	-2.314483334518699	-2.314483334415596	0.409869988046873	0.01551639351742069	-1.064532852379878	-0.2464311349128394	-9.571158315163702e-09	7.027938883182817e-08	6.056698120493651e-07	4.225493690247332e-07	-1.126306428792774e-07	1.057756997312309e-07	1.969293696698668e-07
0.64	-0.06234495538856745	0.08033256233154626	0.8542185411335386	0.6676679492838875	-0.2324255454637128	-0.1218270296846112	-0.3700357322973081	0.7743117286632909	0.7743117286633527	0.02880330414433682	0.1744578334005019	0.3461964233407611	0.07883842692291954	-0.1200655303130607	-0.0239325592465008	-0.2347951487769598	0.8578419551043622	-0.01290882588603538	0.1566730046936202	-0.4331505701553798	1.165439449542215	1.165439449543101	-0.1923394096217435	-0.0001313409088573531	0.4903304086822634	0.13993276902646	-0.0897589664588986	0.01232431580658111	0.01145760723969882	-0.3438451735766414	-0.03549423647391343	-0.006403580680681578	0.1582402721040159	-26.91473881440839	-55.45963578615789	-9.789218765724838	-1.066195132731031	16.54163376618243	-709.9693702216611	51.86341007947098	0.09075368226639374	0.08950826984831767	0.2064479647451614	-1.560584312272098	-0.02115550287848927	-0.4798200440248783	1.394714259221153	-2.412954270305171	-2.41295427030558	0.4694107778833231	-0.02921676768346454	-1.100933494326204	-0.2687159703796325	-2.851655328314648e-09	8.464476958581559e-08	6.128185998539171e-07	5.392518860845483e-07	-1.224350686628704e-07	1.222319879501904e-07	1.530779239067882e-07
0.65	-0.06354123145035731	0.08009772253503825	0.8518814172673372	0.6761677579816232	-0.2325554362746573	-0.1202864020869598	-0.3742968498001428	0.7858443053268239	0.7858443053271233	0.02690168425073091	0.174456444785602	0.3510443229678268	0.08022451816984093	-0.1191718374525305	-0.02303296713433151	-0.232570840790825	0.8420041920190247	-0.01306412234853952	0.1514491255814939	-0.4190431356096844	1.140931564992781	1.140931564993165	-0.1879779898307779	-0.0001438480333377376	0.4791998559988919	0.1372661888078721	-0.09284711389464931	0.01335051630004971	0.01183840117428343	-0.3464872177766697	-0.03844573221565445	-0.005918802745972809	0.1612796564000546	-26.20231786096604	-56.51320478000466	-9.860306810897649	-0.943888052683821	16.79995738051779	-712.368863182554	51.89497992722176	0.09135918707661095	0.09052386504930626	0.2392663404387894	-1.612701744272481	-0.01178389615962496	-0.5441421031618053	1.423227272118607	-2.491353571303362	-2.491353571378242	0.4206011633091101	0.01324352525371085	-1.126581961845209	-0.268353498079008	1.185590546597457e-09	9.187205555881966e-08	6.088274730649031e-07	5.977454154981919e-07	-1.266721651815555e-07	1.303659838836863e-07	1.308753105795535e-07
0.66	-0.06472803416376091	0.07987194649628135	0.8495683053059778	0.6845057231610105	-0.2326866934858966	-0.1187981073321098	-0.378415999113531	0.7971274735400539	0.797127473540607	0.02504389727174488	0.1744550333414334	0.3557794239067601	0.08158339872447627	-0.1181708606267008	-0.02211980769627387	-0.2299927678090588	0.825473251429454	-0.01318210593986381	0.1462064361351302	-0.4047569322689686	1.115557759481704	1.11555775948159	-0.1835728266955331	-0.0001359067544575651	0.4677706710553943	0.1344906305700463	-0.09593526132996884	0.01437671679327738	0.01221919510918647	-0.349129261976601	-0.04139722795746384	-0.005434024811601857	0.1643190406965081	-25.49830036795401	-57.57687561933757	-9.932276272845176	-0.822453099515211	17.07803781848801	-714.9221180393458	51.92273348673496	0.1122104753266478	0.09222173502587742	0.2772009638713951	-1.699219813118668	-0.01369292864247513	-0.4835821108723619	1.430468018225309	-2.586138462633684	-2.586138462633353	0.4781594467392244	-0.02512708701120282	-1.160659946351594	-0.2905115742272931	3.181377025390642e-10	8.604682536088252e-08	5.844662167333679e-07	5.497996532159771e-07	-1.207290024729802e-07	1.232820739237629e-07	1.482591337064341e-07
0.67	-0.06590429909479117	0.0796553633018522	0.8472827281091057	0.6926749743601139	-0.232819000261045	-0.1173620426740676	-0.3823914558813813	0.808152676525995	0.808152676526429	0.02323063701639603	0.1744536449123755	0.3603987711407529	0.08291389377106141	-0.1170635619133096	-0.02119498726536838	-0.2270649218153507	0.8082656123193963	-0.01327477175238566	0.1410141310954669	-0.3903125485801947	1.089348157675879	1.089348157676055	-0.1790637799321554	-0.0001445121806151663	0.4560534575248114	0.1315881988564847	-0.09883532990723788	0.0153394115394216	0.01253578954822918	-0.351742273459587	-0.04409858546869513	-0.004949297715735773	0.1671788564391068	-24.80385571229723	-58.54680607373838	-9.98483209553342	-0.707566510486491	17.29631204117544	-717.2533786152607	51.97411611805495	0.1127787195435565	0.09286543211481114	0.3092625914435852	-1.748234163618653	-0.006253718512638295	-0.5358797787083408	1.454704451922252	-2.658572993555876	-2.658572993512215	0.4396871443114678	0.01097655968719048	-1.184064772954374	-0.2929858500351508	-5.708060281531794e-10	8.023898664200458e-08	5.598961033245984e-07	5.025740367410525e-07	-1.14726573148588e-07	1.162706937869435e-07	1.638281940765451e-07
0.68	-0.06706893320868976	0.07944807895872995	0.8450281666070384	0.7006688095274113	-0.2329520737565479	-0.115977666082033	-0.3862218126307883	0.8189117431031864	0.8189117431033687	0.02146294919930148	0.1744521111948335	0.3648995836961242	0.08421478912448453	-0.1158446971919591	-0.02026003743489437	-0.2237896288485787	0.7903900450626128	-0.01333545000313385	0.1358688229280369	-0.3757369285826432	1.062330477710102	1.062330477710571	-0.174458339041823	-0.0001649644025426057	0.4440637353325044	0.128570691938344	-0.1017353984840549	0.01630210628562348	0.01285238398495367	-0.3543552849424723	-0.04679994297988628	-0.004464570619679563	0.1700386721820892	-24.12017645761716	-59.52703768959552	-10.03761811478632	-0.594439547091413	17.5332595783198	-719.7436303713796	52.02599248320443	0.1345236769186983	0.09424761493949184	0.3466903584841331	-1.832805442463825	-0.007295416287829471	-0.4741827364256617	1.456715279980801	-2.747754094623867	-2.74775409462338	0.497438272130209	-0.02749644616512427	-1.215161678696518	-0.3135266151431808	-1.502731532113122e-09	7.446593088124508e-08	5.3490827576136e-07	4.567887118807081e-07	-1.086056105925618e-07	1.094043732963324e-07	1.757677289331169e-07
0.6899999999999999	-0.06822083253260472	0.07925017956951402	0.8428080792481704	0.7084806205724195	-0.233085614296147	-0.1146444579893352	-0.3899058470273929	0.8293966768082872	0.8293966768082942	0.01974184541315943	0.1744502951448806	0.3692791563374648	0.08548490407568654	-0.1145166382778282	-0.01931945196694312	-0.2201713543468458	0.7718665740123348	-0.01336567367484613	0.1307659537115662	-0.3610581901829905	1.03452943393946	1.034529433939501	-0.1697608747165289	-0.000192561085654972	0.4318086741164814	0.1254365807250422	-0.1044253987422184	0.01721056801974016	0.01310633299696306	-0.3569255392809656	-0.04926665138932584	-0.00399041287589786	0.1726938912781474	-23.44845702946835	-60.41845629528643	-10.07729581319332	-0.485856892287935	17.72667386618655	-721.9915523365368	52.08915023726681	0.1347302103324366	0.09400139850049305	0.3778902202803205	-1.877949409260948	0.0002687411745520996	-0.5293437566014126	1.475217202894974	-2.815303494669915	-2.815303494734405	0.4562128282070348	0.01055811321725067	-1.237009531819048	-0.3155797600817213	-2.334847169674089e-09	6.882816977236835e-08	5.088790303891217e-07	4.125300154772198e-07	-1.024419464315183e-07	1.027634301037977e-07	1.855242352199029e-07
0.7	-0.06935889462507261	0.07906169351213278	0.8406258734791764	0.7161040306123476	-0.2332192261557007	-0.1133624795372869	-0.3934427412234088	0.839599795280375	0.8395997952802573	0.01806777873335886	0.1744483930066548	0.3735349121288922	0.08672323263762106	-0.1130772508967588	-0.01837737106796325	-0.2162133108743838	0.7527098440440871	-0.01334971399502108	0.1256228948013366	-0.3463088884658145	1.005967431113403	1.005967431113013	-0.1650509177720992	-0.0001821820647139918	0.4193003653498912	0.122213414085413	-0.1071153990001639	0.01811902975375169	0.01336028200970366	-0.3594957936194162	-0.05173335979880738	-0.003516255132313758	0.1753491103744096	-22.7899021120826	-61.32027991764453	-10.11660217208787	-0.3798378100603001	17.93768023433129	-724.4019673749517	52.15673632750177	0.1567893703064822	0.09454670114515619	0.4146441526299786	-1.959457226057756	0.00194125401966075	-0.4822206751773954	1.470827943485388	-2.899945905706856	-2.89994590570689	0.4999367959573536	-0.01990130535442103	-1.26581118881003	-0.3313377004086942	-2.948025035779269e-09	6.348718402891167e-08	4.805653846616567e-07	3.716200524629631e-07	-9.618461423366215e-08	9.661686291994623e-08	1.904921627084493e-07
0.71	-0.07048200083807035	0.07888264639331274	0.8384849235582824	0.7235327460442579	-0.2333524746103992	-0.1121319709463128	-0.3968318049479588	0.8495136068890925	0.8495136068888858	0.01644099580505489	0.1744466849877303	0.3776643880434881	0.0879288609856456	-0.1115235762583392	-0.01743053393662869	-0.2119222293762617	0.7329299751574554	-0.01329180412171253	0.1204688590878827	-0.3314949645310907	0.9766793961657668	0.9766793961657133	-0.1603097171261367	-0.0001531044171453567	0.4065608026770496	0.1189008852437247	-0.1096383789834401	0.01902175196279298	0.01355884903167833	-0.3619835293739386	-0.05392936498198184	-0.003092588821065939	0.1778432666718196	-22.14568843805439	-62.12131816884747	-10.16337309658777	-0.2689937490447178	18.07212371902104	-726.5468639012875	52.1848195130214	0.1577219086727131	0.09496168093036333	0.4445251916893785	-2.002735897965446	0.009029243444838724	-0.5334745051951852	1.48800840505894	-2.960555779504654	-2.96055577945408	0.4606729718194336	0.01534067520358832	-1.283142687375296	-0.3328035067547799	-3.609713500997291e-09	5.800378763571215e-08	4.516447433003795e-07	3.297325490532788e-07	-8.977317703913186e-08	9.022850920754781e-08	1.94856031402657e-07
0.72	-0.07158895722508989	0.07871310953816653	0.8363885214610318	0.7307605659517049	-0.233484881288434	-0.1109532986097009	-0.40007246267584	0.8591310734500968	0.859131073450127	0.01486151713765724	0.1744454734207166	0.3816654455551965	0.08910104543911009	-0.1098472856973104	-0.01647531833320209	-0.2073037461463838	0.7125307391509581	-0.0131813586699209	0.1152556439437082	-0.3166276891326182	0.9466984216096431	0.9466984216099265	-0.1555900655639384	-8.289175397371612e-05	0.3936166847700333	0.1155246351737811	-0.1121613589666612	0.01992447417140387	0.01375741605829531	-0.3644712651284088	-0.05612537016531767	-0.002668922510645193	0.1803374229693294	-21.51696773424736	-62.93282752917964	-10.20936838135788	-0.1612528097175929	18.2229758348554	-728.8566036451907	52.22044147215737	0.1813125548283457	0.09622239556354134	0.4801244989811165	-2.083330650030798	0.01244836971646292	-0.4940565613214631	1.481498236234999	-3.038533827404178	-3.038533827404178	0.495626979204522	-0.01167430223376176	-1.306722235644991	-0.3440819460597615	-4.388496515798038e-09	5.217664139830577e-08	4.212589400643828e-07	2.854854653787694e-07	-8.298976226642253e-08	8.325653284003604e-08	1.977618271450128e-07
0.73	-0.07267854983094975	0.07855315335589706	0.834339912183632	0.737781370646951	-0.2336160184109526	-0.1098265287969971	-0.4031642665751057	0.8684453680456771	0.8684453680455685	0.01332965015544563	0.1744449295439233	0.3855360364342449	0.09023898435727272	-0.1080511635209296	-0.01551566730875335	-0.2023663534141248	0.69153357374536	-0.01304335972547675	0.1101201043516771	-0.3017335284423092	0.91605513943501	0.9160551394353601	-0.1507546106734609	-3.197975311507943e-05	0.3804685665787773	0.1120425722002395	-0.1144572524013173	0.02068938877758746	0.0139137648481979	-0.3668774348662629	-0.05810099458943553	-0.002227619999499728	0.1826053749854268	-20.90483418520596	-63.65494885067796	-10.2242056411556	-0.06744372742857743	18.33554141400305	-730.8651175181637	52.30130294257855	0.1817750981036523	0.09585846633973026	0.508325685364462	-2.122398761684353	0.01494847122804426	-0.5200263771826538	1.493309326834322	-3.093028131051256	-3.093028131041262	0.4818692215043225	0.01262262935153442	-1.323805130082458	-0.3532625920588024	-5.052374167013406e-09	4.655732709879241e-08	3.904429617772524e-07	2.437092381846212e-07	-7.622061300806135e-08	7.649905349182833e-08	1.983288153080114e-07
0.74	-0.07374957860525164	0.0784027980859624	0.8323422326385633	0.7445893058329581	-0.2337456809811138	-0.1087504591240567	-0.4061071419991891	0.8774500692757347	0.877450069275624	0.0118470106175804	0.1744447245228669	0.3892741564275384	0.09134150382188852	-0.1061345193820944	-0.01455513586624596	-0.1971177996808658	0.6699568373054247	-0.01288644820420859	0.1051156159980772	-0.2868419940957539	0.8847797485180625	0.8847797485184796	-0.1457445766815675	-1.512062803350002e-05	0.3671225076188533	0.1084407444643957	-0.1167531458359734	0.02145430338363263	0.01407011363954549	-0.3692836046040699	-0.0600766190135914	-0.001786317488617532	0.1848733270015245	-20.31048766872176	-64.38742236949257	-10.23750411791686	0.02229278361045732	18.46303192510298	-733.0392937150597	52.39360435302388	0.2054169473191561	0.09639847917524966	0.5423566991811146	-2.199244856898212	0.01623088508130674	-0.4678463136351652	1.480972967484073	-3.164955575867012	-3.164955575866915	0.5305427994877022	-0.0184848773891715	-1.346310389378571	-0.368034898520186	-5.409837515334418e-09	4.149223130032709e-08	3.584798500204317e-07	2.085219616047692e-07	-6.94895051212952e-08	7.031356619509808e-08	1.926589832593904e-07
0.75	-0.07480080788758244	0.07826205054540888	0.8303985674748551	0.7511786013907408	-0.2338736962094045	-0.1077236592831316	-0.4089012133332395	0.8861389608038973	0.8861389608039921	0.01041544539083229	0.1744444613051143	0.3928778703840607	0.09240739064396082	-0.1040880586570949	-0.01359425755149736	-0.191566188108252	0.647808390276808	-0.01271250356782365	0.1002561091158446	-0.2719824201173822	0.852903846949057	0.8529038469492622	-0.1405495483880737	-3.725898914143193e-05	0.3535929930952059	0.1047202220475167	-0.1188332265449365	0.02220879026673877	0.01418256760353899	-0.3715957319542844	-0.06178659288125375	-0.001408933484617053	0.1869260625289845	-19.73563264083461	-65.01961517361639	-10.26560449571884	0.1196432737010808	18.53603039536551	-734.899301005792	52.43114811558226	0.2077540109113084	0.0959368198118075	0.5689332670882346	-2.236723616035185	0.01864034715193679	-0.4932355828506185	1.486927502386768	-3.213112838438512	-3.213112838470465	0.5168662089952594	0.006009428444385718	-1.360373668308003	-0.3764467951468116	-5.791922541514952e-09	3.668441131507214e-08	3.278368567336545e-07	1.746583102041183e-07	-6.309626943637559e-08	6.458985866471476e-08	1.868793294541051e-07
0.76	-0.07583087388751543	0.07813091265043906	0.8285118924030359	0.757543596680157	-0.2339998391724814	-0.1067451010524469	-0.4115469933496447	0.8945062522382865	0.8945062522383962	0.009036407120157072	0.1744439942522859	0.3963454688584364	0.09343559506549211	-0.1019018628993215	-0.01263320674950964	-0.1857197813038114	0.625096783640501	-0.01251199516220278	0.09546729394036725	-0.2571837305640596	0.8204597297392264	0.8204597297392193	-0.1352391855060732	-5.588759358338016e-05	0.3398994111935534	0.1009042643556574	-0.1209133072540749	0.02296327715024511	0.01429502156407273	-0.3739078593045529	-0.06349656674875326	-0.00103154947984203	0.1889787980562223	-19.18108698225448	-65.66188675834144	-10.29187479748116	0.212596544019169	18.62233904622003	-736.9219123722314	52.48215344562023	0.2333639538737865	0.09643297662302779	0.6013157455464319	-2.311876778436325	0.021543638928324	-0.4537079722840847	1.468796082474007	-3.278598704031959	-3.278598704031979	0.5536097171890846	-0.01778292605602191	-1.379123864979583	-0.3871219535162364	-6.24688773415968e-09	3.263812773691996e-08	3.011014141182058e-07	1.447125893339022e-07	-5.770313546892178e-08	6.023301924271837e-08	1.807746032490931e-07
0.77	-0.0768383813681333	0.07800937963904116	0.826685117821257	0.7636787436405046	-0.2341238317554379	-0.105814086899996	-0.4140451646597547	0.9025463813519372	0.9025463813521154	0.007710993095828399	0.1744433381590934	0.3996753611799136	0.09442520144954068	-0.09957482207427719	-0.01167385178924272	-0.1795895184856881	0.6018449504689323	-0.01227801948029801	0.09072522246586465	-0.2424698747044947	0.7874824803022646	0.7874824803024174	-0.1298504613044081	-6.72732466051262e-05	0.32605776410625	0.09701058315333376	-0.1227636249030239	0.02363498970191445	0.01436910937957416	-0.3761102194904731	-0.06496659534904374	-0.0006744755517563147	0.1908004304904262	-18.64746213538678	-66.20829441326987	-10.30734679989424	0.3005907176613953	18.66252616768539	-738.6075487311109	52.53299018556857	0.236096850712466	0.09560760406213614	0.6257354124490716	-2.344982552373063	0.02563579714476589	-0.4860041385839863	1.469778850428893	-3.319828649495736	-3.319828649471923	0.5305138895190344	0.008427538408342185	-1.38988505140726	-0.3913974178008824	-6.66500359653041e-09	2.857038936251336e-08	2.738203827616429e-07	1.151507628697692e-07	-5.223435582962361e-08	5.579382921012147e-08	1.738665795594391e-07
0.78	-0.07782187389972774	0.07789742434691116	0.824921016640166	0.7695787430759617	-0.2342452223287072	-0.1049308029429308	-0.4163967777087274	0.9102542298541646	0.9102542298541711	0.006439268337415674	0.1744428169937051	0.4028661970463293	0.09537568977872865	-0.09709887309361658	-0.01071766289592437	-0.1731851011669887	0.5780672786630888	-0.01199159322569547	0.08592125484945687	-0.227872078335652	0.7540036074266314	0.7540036074269441	-0.1245013323883226	-2.890196624876286e-05	0.3120881201868912	0.09308065338262157	-0.1246139425519277	0.0243067022541729	0.01444319719036093	-0.3783125796764318	-0.06643662394910654	-0.0003174016225328646	0.1926220629245821	-18.13531917886634	-66.76476602181333	-10.32051405104406	0.3835725731714246	18.71488362247609	-740.4575052620703	52.60030937375107	0.2631455849968866	0.09579976323324191	0.6561466456616155	-2.417044505291283	0.0320337534676549	-0.4660872006651018	1.44558418432939	-3.378923391766163	-3.378923391766206	0.5456906600732391	-0.00783153938044499	-1.404723231390731	-0.3943716671939598	-6.961356454517501e-09	2.443175687874439e-08	2.447365364344419e-07	8.685745705182382e-08	-4.65156165790137e-08	5.108252411640982e-08	1.643041815727074e-07
0.79	-0.07877988176472299	0.07779500961944996	0.8232222897137734	0.7752384238485502	-0.2343635482889054	-0.1040954358595862	-0.4186030443270976	0.9176248921386808	0.917624892138757	0.005221243503794095	0.1744427203632974	0.4059167105663529	0.09628659850995624	-0.09447797180378652	-0.009766224720745564	-0.1665184017648886	0.5537877656148976	-0.01166856297309035	0.0811646789004298	-0.2134077063837703	0.7200556004438292	0.7200556004438836	-0.1190882227574492	7.758792145039219e-06	0.2979955913509082	0.08908989385247398	-0.1262289707309343	0.02489451870985451	0.01449245720865127	-0.3804027221712726	-0.06766455612933951	6.833880524538151e-06	0.1942093644633624	-17.64514666502536	-67.22540043133917	-10.33002483777571	0.4646713573064805	18.72638478930489	-741.9662673577021	52.65187170836089	0.2652720472126781	0.09466612369584392	0.6782234134746092	-2.445569431556179	0.03321541515072109	-0.478568794635413	1.442894543270491	-3.413725268346871	-3.413725268385839	0.5414602076885077	0.009164844393184303	-1.414371582702134	-0.403065727837195	-7.233584960456674e-09	2.050326797687807e-08	2.168354638195089e-07	6.008735011644931e-08	-4.10404597938671e-08	4.657308614002931e-08	1.546865935200124e-07
0.8	-0.07971093868756288	0.07770207932954631	0.8215914881466065	0.7806528765453347	-0.2344784883957589	-0.103307259736209	-0.4206654610574034	0.9246538771700773	0.9246538771700773	0.004057817585417629	0.1744429403324203	0.4088257280233902	0.0971572721195057	-0.09170868466456722	-0.008820775384414586	-0.159600029322649	0.5290216634877649	-0.01131442256094919	0.07648306284694976	-0.1991021007257371	0.6856681567886731	0.6856681567884678	-0.1135815494029297	3.441798831972565e-05	0.2837889075949325	0.08503362904587093	-0.1278439989094714	0.02548233516606809	0.01454171722331466	-0.3824928646660701	-0.06889248830937994	0.0003310693845980051	0.1957966660024825	-17.17738434524201	-67.69609827153648	-10.33685125307221	0.5402638446691669	18.74902462276631	-743.6409953308645	52.72256254578588	0.2928227548746497	0.09460199546356421	0.7064812536894736	-2.514362321079558	0.03825578537468809	-0.4510952215556907	1.413830925559545	-3.466810726236848	-3.466810726237227	0.5644034048024653	-0.009831851824305234	-1.4275542153894	-0.407472722485083	-7.416208730217869e-09	1.735531237922153e-08	1.933275507072859e-07	3.89748390306235e-08	-3.647003788044131e-08	4.281344031373594e-08	1.448640137937397e-07
0.8100000000000001	-0.08061354658775059	0.07761856709382185	0.8200310906774808	0.7858172905640984	-0.2345897423862877	-0.1025654306397796	-0.4225857157890103	0.9313368900066573	0.9313368900067502	0.002950000219579268	0.1744433262112862	0.4115921354528632	0.09798705050299439	-0.08878472661612535	-0.00788320057657008	-0.152441031917356	0.5037831408851799	-0.01092999914470464	0.07188468273758067	-0.1849875580448487	0.650870220585853	0.6508702205857707	-0.1079778851248928	4.533701677418132e-05	0.2694771818179011	0.08091524868165166	-0.1292093134692692	0.02598227332036685	0.0145671329764166	-0.3844688409161124	-0.06986970082131855	0.0006225387922390321	0.1971346779133447	-16.73241101090529	-68.06742075083748	-10.3389293743693	0.613295605861321	18.73089518654804	-744.9610226049264	52.78080599728167	0.2964076401279029	0.09309934520398254	0.7263818266596055	-2.540296016221143	0.03950435602405413	-0.4639263692485525	1.404459071337251	-3.495912046938714	-3.49591204692031	0.5589742223127609	0.006953375486373713	-1.435294974482758	-0.4150108009196085	-7.575530995459691e-09	1.43283286495339e-08	1.705938386233783e-07	1.901051759930565e-08	-3.204147040700711e-08	3.918498160195353e-08	1.350553643002219e-07
0.82	-0.08148606984537882	0.07754438343052619	0.8185434377509573	0.7907269795996746	-0.2346969583953825	-0.1018695287371075	-0.4243659864673856	0.9376699980853717	0.9376699980853632	0.00189834475356378	0.174443901199176	0.4142149629814091	0.09877544706134132	-0.08569175615581268	-0.006955060898655449	-0.1450511208030775	0.4780766668276443	-0.01050682627772596	0.06729762408349767	-0.1711052900845741	0.6156872051977014	0.6156872051977433	-0.1023491695266603	7.223985750413837e-05	0.2550729274159719	0.0767572640162929	-0.1305746280283453	0.0264822114753062	0.01459254872480011	-0.3864448171660887	-0.07084691333302848	0.0009140082011198523	0.1984726898247605	-16.31057970901048	-68.44880308446265	-10.33797627886737	0.6803701738942913	18.722968108245	-746.4485439471397	52.86065514642664	0.3266252372487775	0.09271496947741768	0.7526639954865463	-2.607952612069628	0.04600567552132697	-0.4488309304984814	1.367375981436682	-3.543826563303115	-3.54382656330324	0.5694136688416122	-0.006635089369245993	-1.446059940369175	-0.4153935827130236	-7.636741662725198e-09	1.181070015339955e-08	1.511199203429045e-07	3.880678923810667e-09	-2.821018478616912e-08	3.61088896881121e-08	1.253053684183035e-07
0.83	-0.08232683865798771	0.07747943314474003	0.8171307916557208	0.7953773619191837	-0.2347997586383761	-0.1012193432530236	-0.4260086197587165	0.943649466080282	0.9436494660802609	0.0009031677062290666	0.1744447652438577	0.4166933232831597	0.09952206894588622	-0.08243369752557431	-0.006036557563182048	-0.137444001363784	0.4519289991617789	-0.01004567092966412	0.06273367862733072	-0.1574649168220022	0.5801529064196392	0.5801529064194002	-0.09669227834961311	0.000104971545519238	0.2405882995894593	0.07256506157188163	-0.1317175220107808	0.02689994980072805	0.01459966493238562	-0.3882654546471965	-0.0716069430973628	0.001173975692247224	0.1995880273361571	-15.91219210710984	-68.74078958069136	-10.33321855940908	0.7447437100971589	18.67653451599252	-747.5732801033381	52.92243436127695	0.3296421810343427	0.0911788118933803	0.7698571622900474	-2.628792937273292	0.04730803240299868	-0.4610527926489409	1.355835702075937	-3.566253102643623	-3.566253102686043	0.5629361907306816	0.00889300890273414	-1.45129197297761	-0.4214213030060664	-7.681706103973284e-09	9.333612886991448e-09	1.316915581474216e-07	-1.095032720902972e-08	-2.44171871620523e-08	3.304620643514591e-08	1.153952913538313e-07
0.84	-0.0831341776832475	0.0774236200515695	0.8157952410037125	0.7997641437434472	-0.2348977198142702	-0.1006149725113712	-0.4275161557767143	0.9492719867739275	0.9492719867737995	-3.561855930505698e-05	0.1744460897474189	0.4190265117527843	0.1002267112604527	-0.07900579869048634	-0.005127622375528903	-0.1296320321583581	0.4253565677587708	-0.009539012863602049	0.05813467559232365	-0.1440858354230526	0.5442977449381758	0.5442977449376547	-0.09107101322888891	0.0001643316741879804	0.2260385609955463	0.06836135001945549	-0.1328604159926471	0.02731768812656439	0.01460678113709441	-0.3900860921282374	-0.07236697286154624	0.001433943184190677	0.2007033648480021	-15.53752661668955	-69.04282790360165	-10.32510752437353	0.8027423037440938	18.63948677114981	-748.8667639033945	53.00802770634377	0.3605932782187156	0.09080133991313674	0.7936339487130021	-2.692905359498004	0.05510621912127819	-0.4558424462665107	1.315117608712165	-3.60799910398334	-3.607999103983689	0.562288457576989	-0.001309401238556301	-1.459082093849591	-0.4176954043160511	-7.648306396196149e-09	7.052077434557102e-09	1.124829370677778e-07	-2.433990578318234e-08	-2.080887281623779e-08	3.004820025228402e-08	1.047130579970409e-07
0.85	-0.08390644300516187	0.07737684260161426	0.8145387816882477	0.8038832161409473	-0.2349904377388361	-0.1000564082347654	-0.4288912238947635	0.9545344682630892	0.9545344682630689	-0.000918027277637341	0.1744479841531416	0.4212138854374428	0.1008891788337636	-0.07542233838518904	-0.00422997438033621	-0.1216306665223477	0.3983985630322949	-0.009000347669739858	0.05359169236390971	-0.1309753445298581	0.5081560081762574	0.5081560081759723	-0.08539767473726204	0.000211461379662353	0.2114267967017663	0.06412572446418721	-0.1337447096141634	0.02764522878690793	0.01460560126642117	-0.3917790608153136	-0.07286998381378443	0.001649542630588525	0.2015661436076918	-15.18681285207036	-69.24308361921867	-10.31834530871445	0.8608427427070942	18.56463234179609	-749.7846920677997	53.06689886423786	0.360960881988483	0.08892696428699576	0.8077680336450797	-2.706150241292418	0.05387847985479922	-0.4515077104162193	1.301881378157545	-3.6236411474995	-3.623641147464295	0.5718249177370341	0.00725947389067266	-1.463632273603165	-0.4274514569729527	-7.604797925869209e-09	4.835183668476607e-09	9.382709801119606e-08	-3.722423087826484e-08	-1.72868067725509e-08	2.704881617393153e-08	9.418285736694918e-08
0.86	-0.08464212602893857	0.07733897771860225	0.8133632120616701	0.8077309280487557	-0.2350776426493685	-0.09954287008026171	-0.4301366137941735	0.9594342563476963	0.9594342563475691	-0.001743308936075197	0.1744502569191013	0.4232548597438454	0.1015090990863564	-0.07168933906787908	-0.003345108986885932	-0.1134540943818841	0.371084469822952	-0.008436410062634875	0.04912945116410945	-0.1181501916952465	0.4717590640062342	0.4717590640061854	-0.07964560133449659	0.0002400037831746813	0.1967586853495636	0.0598518858753141	-0.134629003235862	0.02797276944771508	0.01460442139175174	-0.3934720295024868	-0.07337299476584477	0.00186514207785548	0.2024289223671622	-14.86025655215187	-69.45338301237967	-10.30798952074701	0.9122571492262148	18.49845451588738	-750.8723592053192	53.15144077572079	0.3905010806212725	0.0882448195643455	0.8286752496036363	-2.764123056071212	0.06016070176976065	-0.4396940405437758	1.25804999699553	-3.659040585604261	-3.659040585604556	0.5780354398046419	-0.005026861631047708	-1.470351505534567	-0.4253380110370694	-7.504680385263373e-09	2.980283345977691e-09	7.826683828376131e-08	-4.72791364905545e-08	-1.42477312207787e-08	2.404171588083174e-08	8.450404000636962e-08
0.87	-0.08533972631809861	0.07730989457693409	0.8122702411112833	0.8113037823182163	-0.2351590820282391	-0.09907353721221768	-0.4312552573232197	0.96396888841579	0.9639688884158663	-0.002510681626564101	0.1744527056832224	0.4251488958182525	0.102086107499434	-0.0678034588730432	-0.002473912351698432	-0.1051149566132382	0.3434314455118436	-0.007844640813431053	0.04472932924457344	-0.1056360874663951	0.4351329665659366	0.4351329665659239	-0.07383878625453348	0.0002543005026607704	0.1820426286883967	0.05555066474401454	-0.1352575926972718	0.02823287070075713	0.01459364147071454	-0.3950349653940443	-0.07361389397022103	0.00202588674652135	0.203042014405153	-14.5580228861413	-69.56110965632467	-10.30522749592918	0.966858130970869	18.39187171190806	-751.5888858934852	53.19678590919421	0.3917196576450059	0.08619581217110509	0.8403081886168702	-2.774133187135146	0.05970193549117872	-0.4413493244737926	1.239454633448621	-3.669550298158472	-3.669550298153285	0.5805332399838559	0.005333864178515224	-1.473118893740852	-0.4323805777634805	-7.378790775003253e-09	1.204296401583635e-09	6.314958543949878e-08	-5.659469473757329e-08	-1.129695367068909e-08	2.110516531154223e-08	7.494212742755749e-08
0.88	-0.08599765017156408	0.07728945114695114	0.8112614165682137	0.8145984581307369	-0.2352344003348674	-0.0986484411746272	-0.4322504870104715	0.9681362283145961	0.9681362283146854	-0.003220280426381352	0.1744554325993994	0.4268955940965536	0.1026201304184793	-0.06375405192912448	-0.001617166649840803	-0.09662481291937743	0.3154487784604683	-0.007212195604547422	0.04028208505250161	-0.09346742333275786	0.3983006301290301	0.3983006301290554	-0.06809082325898569	0.0002956342397699694	0.167291126133923	0.0512547870692557	-0.1358861821594648	0.02849297195419749	0.01458286154619992	-0.3965979012857864	-0.07385479317439496	0.002186631416066029	0.2036551064423896	-14.28027400178955	-69.6788412982304	-10.29863606673332	1.014473690722804	18.29312062725295	-752.4754614466716	53.27043373208476	0.423206430437904	0.08535463289799933	0.8588764346466248	-2.830051604124354	0.06829589370573171	-0.4491184950509164	1.188961977952676	-3.700288384926068	-3.700288384925968	0.5662650229214857	0.0003805418934718328	-1.477440684196419	-0.4242693197289916	-7.08240901164557e-09	-4.96481953474794e-11	5.096299351468338e-08	-6.101918579895379e-08	-8.930301362499783e-09	1.863532829976696e-08	6.615358494351454e-08
0.89	-0.08661427630571721	0.07727749636237675	0.8103382037144394	0.8176117425276817	-0.2353032168410614	-0.09826780683651486	-0.4331258247875899	0.9719342980183738	0.9719342980183167	-0.003872473341069721	0.1744585828098586	0.4284946018389422	0.1031111838508342	-0.05954338957229562	-0.0007768322470271691	-0.08799681328159997	0.2871593934177063	-0.006545099853118368	0.03584588123608082	-0.08166678164806276	0.3612867662392654	0.3612867662393143	-0.06235090385162481	0.0003330853790063343	0.1525054078691948	0.0469568219918155	-0.1362531188227456	0.02865240768521671	0.01457547912894965	-0.3980324711837923	-0.07384707011780547	0.002304590096782096	0.2040146896249296	-14.0271379960161	-69.69791673605175	-10.29260751638752	1.06132776141896	18.16291228176578	-752.9922172885356	53.32278904951756	0.4241630454694678	0.08291518017207888	0.8679066993008091	-2.835688591476404	0.06680772336354074	-0.4407153580592496	1.16561783110513	-3.70591568545119	-3.705915685448206	0.5773869935131892	0.005219317205230691	-1.479890044270759	-0.4324232231922316	-6.747190872532352e-09	-1.175376900770337e-09	3.946180235164843e-08	-6.445122221619153e-08	-6.71106372993179e-09	1.625599502448488e-08	5.758328127222197e-08
0.9	-0.0871879624348644	0.07727385338906904	0.8095018998512409	0.8203406717465607	-0.2353651841282484	-0.09793150334318571	-0.4338851556344147	0.9753614330243706	0.9753614330242072	-0.004467360743023015	0.1744620659152091	0.4299456018693467	0.1035592850081219	-0.05516605092898817	4.51956034944284e-05	-0.07924301480526602	0.2585777428899138	-0.005842351801572952	0.03141591609477876	-0.07026603726824047	0.3241136905715483	0.3241136905716166	-0.05662972068946034	0.0003622132088958526	0.1376895837380916	0.04266433205674869	-0.136620055487443	0.02881184341610561	0.0145680967124727	-0.3994670410819971	-0.07383934706120016	0.002422548777273102	0.2043742728062132	-13.79873412750056	-69.72695647505911	-10.28253282169885	1.1009224127768	18.03997097068124	-753.6791604965655	53.4053171728262	0.4565416877337425	0.08169332243917007	0.884036202357918	-2.888504701130194	0.07542635372911638	-0.4478707600271165	1.108982516978218	-3.732130740516573	-3.732130740517332	0.5625177738821057	-0.001284119976016208	-1.483461857471992	-0.4231742912543917	-6.101281727374867e-09	-1.275378474127204e-09	3.344381728285668e-08	-5.994362148028757e-08	-5.671143502334253e-09	1.460069164114822e-08	5.075888810293239e-08
0.91	-0.08771702349274188	0.07727833835744224	0.8087537178560363	0.8227823730840101	-0.2354199695361449	-0.09763933769899148	-0.4345325600765369	0.9784161368822877	0.9784161368822829	-0.005005004576767253	0.1744657469024621	0.4312483123546867	0.1039644643981881	-0.05061433407639583	0.0008486928710349323	-0.0703766440632243	0.2297161676628455	-0.005111059720357268	0.02702826165689409	-0.0592923254014019	0.2868096764447184	0.286809676444762	-0.05089211439162188	0.0003690897999569112	0.1228495240457912	0.03837038961779099	-0.1367394871215541	0.02884702993496475	0.01456607780066626	-0.4007514168217264	-0.07359348158618945	0.002511878494380899	0.2044933929742947	-13.59514746905119	-69.65873751938295	-10.26431021823866	1.135160476153137	17.88019636753947	-753.9854324473247	53.48181944799956	0.4592599190271912	0.07921120240990204	0.8904511550688032	-2.891937927936604	0.07252259658419523	-0.4325627052168412	1.07994438621774	-3.73214633227138	-3.732146332274966	0.5804238658805417	0.0009306990425157883	-1.484726678269525	-0.4326799887651104	-5.437296018318722e-09	-1.323633833395991e-09	2.767585149753011e-08	-5.500491622279121e-08	-4.678795488864439e-09	1.29867774034978e-08	4.400819464133512e-08
0.92	-0.08819961273509595	0.07729076495318921	0.8080947022972463	0.8249340678700118	-0.235467333630987	-0.09739071858307138	-0.435072551627086	0.9810972786823117	0.9810972786823955	-0.005485063985880266	0.1744693480856332	0.432402532512461	0.1043266692101486	-0.04587168782370218	0.001633521078244782	-0.06140972752336164	0.2005764326580289	-0.004358089188460564	0.02270661043710594	-0.04878345894728285	0.2494012789777058	0.2494012789777296	-0.0451128357679562	0.0003462524068379502	0.107991518227086	0.03406941643688979	-0.1368589187575322	0.02888221645370795	0.01456405888830672	-0.4020357925617508	-0.07334761611113998	0.002601208211294226	0.2046125131407149	-13.41645669224633	-69.60045655287924	-10.24192413956061	1.161991648859677	17.72758683812156	-754.4620658380215	53.58867895209619	0.4947275677541755	0.07795951037256285	0.9041453619221038	-2.944136656679558	0.07976204386541989	-0.4346701164077713	1.01601343443458	-3.75300740855318	-3.75300740855294	0.5708522390474395	-0.007226916812136907	-1.487051082753625	-0.4245804396431898	-4.592544670276004e-09	-8.544270517840168e-10	2.44080785468553e-08	-4.575516574937107e-08	-4.162169616671824e-09	1.178675462270978e-08	3.799449825666098e-08
0.9299999999999999	-0.0886338100107176	0.07731096588076464	0.8075258127832847	0.826793013754355	-0.2355070382415123	-0.09718515660623803	-0.4355097595635269	0.9834039117574075	0.9834039117574173	-0.005907321387376518	0.1744726223475246	0.4334081512653416	0.1046459079474768	-0.04093249662102436	0.00240551558592436	-0.05235571396066666	0.1711675038429233	-0.003577184687091811	0.01839818942577456	-0.038736526176034	0.2119172797459596	0.2119172797459548	-0.03935272006635255	0.000309419207336455	0.0931361693398455	0.02978504864785122	-0.1367985964068741	0.02889428190018293	0.01456162574373864	-0.4031334324335323	-0.07286753857523198	0.002616856080352434	0.2045631072525906	-13.26270585260949	-69.4496907434644	-10.24085170714166	1.198511041538979	17.51815529851498	-754.5835211576979	53.62120276279493	0.4988050288713615	0.07664635545369011	0.907900683907046	-2.946057280761957	0.07809625159221152	-0.4300723255997136	0.9872735242212312	-3.747303862721168	-3.747303862725909	0.5764815573087529	-0.001794242632091191	-1.484186440108842	-0.4293584256356673	-3.757102813356751e-09	-4.027389826874919e-10	2.10497798553613e-08	-3.676396645398198e-08	-3.648564750875174e-09	1.054532314942386e-08	3.201769342300579e-08
0.9399999999999999	-0.08901755734784206	0.07733885214031393	0.8070478376710497	0.8283565130930616	-0.2355387654873728	-0.09702290768598222	-0.4358488501070508	0.9853354633036897	0.9853354633037809	-0.006272399567796232	0.1744755517333317	0.4342653345996657	0.1049225043114844	-0.03578170012449154	0.003170587473013649	-0.04322684717908395	0.1414871235543891	-0.002762616252772522	0.01404399913021531	-0.02915998037470141	0.1743849732248127	0.1743849732247793	-0.03367699150099718	0.0002772771633056802	0.07830443451663391	0.02554094177473934	-0.1367382740569925	0.02890634734618763	0.01455919260171219	-0.4042310723053541	-0.07238746103944702	0.002632503948515945	0.2045137013638176	-13.13394047064138	-69.30883502340863	-10.23561592066032	1.227629231132257	17.31572256230858	-754.8750732180738	53.68388293898362	0.537048626525448	0.07657498625398497	0.9191160056996492	-2.99842695136496	0.08649483045564783	-0.4438239732533348	0.9219360404519353	-3.762668866433367	-3.762668866433117	0.5539748117976754	-0.006288685718051832	-1.482328269948596	-0.4165282564580001	-3.044014268345764e-09	-1.812968495082433e-10	1.650171428452861e-08	-3.117086835557132e-08	-3.17466454056828e-09	8.759663146165341e-09	2.652574897416997e-08
0.95	-0.08934870910279712	0.07737430887126416	0.8066614879642939	0.8296219248715	-0.2355621864507359	-0.09690429225112639	-0.4360948138285504	0.9868914934068436	0.9868914934066302	-0.006581028190491482	0.174478102221044	0.4349742507044447	0.1051568313311779	-0.0304079519483507	0.003915046902371089	-0.03403405030132837	0.1115544483139968	-0.001916737973718036	0.00968444529020367	-0.0201428776261479	0.1368169669367688	0.1368169669367516	-0.02805183765378404	0.0002259854804791492	0.0634760019878263	0.02132826407596974	-0.1363041787532708	0.02876261585005055	0.01456502036570193	-0.405248419291615	-0.0716528763043864	0.002625567468478088	0.204098776990298	-13.03017877441272	-69.0660734482437	-10.21727783394206	1.248869924015528	17.12600982577281	-754.7603269630425	53.76177895450701	0.5436424210712768	0.07252410245928627	0.920719522174874	-2.99680555414302	0.08435590693121571	-0.4312206472649137	0.87508033688348	-3.754478105434031	-3.754478105431993	0.5663207373410212	-0.00557865470035923	-1.483518399941298	-0.4230684505853553	-2.336393005609057e-09	6.458371458601261e-12	1.198191983618227e-08	-2.550708181423836e-08	-2.631032457272887e-09	6.999404691262582e-09	2.097988399971849e-08
0.96	-0.08962490247439668	0.0774170387327448	0.8063673378249957	0.8305867863488636	-0.2355770043152393	-0.09682911226638309	-0.4362539099333338	0.9880717211279092	0.9880717211276709	-0.006833498261877263	0.1744799339430801	0.4355347989528052	0.1053491453890704	-0.02479002345561423	0.004625213579097481	-0.02478693368861596	0.08137706332304516	-0.00104199648230692	0.005356909134467651	-0.01178645708450379	0.09922449683099582	0.09922449683099345	-0.02244528116011141	0.0001335239922197538	0.04863086323524664	0.01713834941720837	-0.1358700834490902	0.0286188843530122	0.01457084813430625	-0.4062657662776604	-0.07091829156964942	0.002618630986674828	0.2036838526172869	-12.95143599444079	-68.8331868153431	-10.1947219646383	1.262645599448593	16.94330425387861	-754.815341637085	53.86982615220815	0.5858846898449523	0.06971643572717905	0.9299799526910149	-3.047368901476424	0.09226747292708648	-0.4374204363982287	0.7897995990714494	-3.767561629979246	-3.767561629979307	0.5502553410894706	-0.01452264680463521	-1.485669514703891	-0.4119756484565638	-1.731556649628808e-09	-4.391003571678184e-10	7.993622490579186e-09	-1.851435254596596e-08	-7.764411617935803e-10	5.716695345448127e-09	1.442031314369251e-08
0.97	-0.08984387871804218	0.07746685088789976	0.806165853542169	0.8312487715056541	-0.2355829769831626	-0.09679701920376271	-0.436331937390588	0.9888761108421414	0.9888761108418519	-0.007029950296202497	0.1744806641601911	0.435947087530178	0.1054997144359123	-0.01898068809416463	0.005346727317583259	-0.01550832715387256	0.05098883959818789	-0.0001523348603735787	0.001069730728495869	-0.00385090435185615	0.0616701483406071	0.06167014834060271	-0.01684393430018984	8.423581987026195e-06	0.03385182042863543	0.0129834940034508	-0.1356260770784143	0.02845507611405724	0.01457814259941487	-0.4069558790068252	-0.0699692763357905	0.0025638956139114	0.2035069086885738	-12.8976828424025	-68.51274394472939	-10.17833556583079	1.27825101373586	16.54857285319331	-754.6526152779002	53.91233033863371	0.5821385314237093	0.07479552495235138	0.9270412568147619	-3.039218313640659	0.08734393688594855	-0.4231638510279436	0.7906526507098801	-3.746865880108199	-3.746865880108492	0.5652533001906697	-0.01212002085835578	-1.470276553596624	-0.4160361291572301	-1.125377855245048e-09	-8.862810111451385e-10	4.097427276147867e-09	-1.15236403729895e-08	1.070470546234174e-09	4.38709401709052e-09	7.950216997011926e-09
0.98	-0.09000402549364904	0.07752416351684877	0.806057203375287	0.8316059405841624	-0.2355800473488553	-0.09680755738699558	-0.4363315654148751	0.9893054581870839	0.9893054581869426	-0.007170353073875206	0.1744800201167265	0.4362123347013533	0.1056089758003372	-0.01302412984746947	0.006125308337907059	-0.006220110500750204	0.02041384764743195	0.0007384639642670384	-0.003169340010844444	0.00389342999473444	0.02421602298866716	0.02421602298866525	-0.01123542977024666	-0.0001413281372838123	0.01922258202374783	0.008876812936782899	-0.1353820707071146	0.02829126787420308	0.01458543706805494	-0.4076459917357759	-0.06902026110225602	0.002509160239407315	0.2033299647605232	-12.86888191044828	-68.20207591372453	-10.1577575708915	1.286445495424457	16.16016583809465	-754.6584870333734	53.98477166311823	0.6153292668945388	0.08112989209400204	0.9319019763668221	-3.084722546655667	0.09249491346862175	-0.4277989030719911	0.751555921860651	-3.747517002289663	-3.747517002288822	0.5516868750937058	-0.01945290861222929	-1.455708634360366	-0.4023407790389483	-4.762410319488712e-10	-1.385363276351286e-09	3.148500259213458e-09	-4.597475249483038e-09	2.671635455812219e-09	1.556949247351838e-09	4.34331154938449e-09
0.99	-0.0901045117858392	0.07758965993714761	0.8060414363418632	0.8316568989222178	-0.2355682396174212	-0.09686039996927275	-0.4362530643471135	0.9893606354739728	0.9893606354736543	-0.007254653655025226	0.1744778857128907	0.4363320637974683	0.1056773766807716	-0.007113075040728598	0.006994855946845583	0.00306351645062025	-0.01020555913741131	0.001619628934020545	-0.007405666052316839	0.01193991084346511	-0.01317653295673155	-0.01317653295673479	-0.005624586716931034	-0.0002770707875180192	0.004750935556521146	0.004807837419154474	-0.1359423850684489	0.02826500108693147	0.01457730423142349	-0.4074335691040524	-0.06915144458727077	0.002590589529509745	0.2039450570873862	-12.86496327905092	-68.23950892550629	-10.11704463679522	1.266359251338578	15.90956002576134	-754.8888810115468	54.03583313659422	0.5730019884723943	0.09300008300023116	0.9261147004523996	-3.048056321587938	0.0854099137895464	-0.4225228371852136	0.851163235686475	-3.734520021689228	-3.734520021689987	0.5657983549288661	-0.00936215009519221	-1.438738403161109	-0.4085041300617998	1.741097517301288e-10	-1.873752829827432e-09	2.200982952339223e-09	2.299347202964553e-09	4.24988392917172e-09	-1.276614590631984e-09	7.701557258104151e-10
1	-0.09014708584978476	0.07766447841107814	0.8061184099071474	0.8314021618772194	-0.2355477237112907	-0.09695580048855261	-0.4360901046560046	0.9890420081750363	0.9890420081748561	-0.007282842739076483	0.1744746484413603	0.4363079072839864	0.1057052221676276	-0.001441684197518501	0.007989719064243631	0.01232800923978426	-0.04072522900967233	0.002480098906454262	-0.01168092739391388	0.02078515446447843	-0.05054489414306128	-0.05054489414307014	-1.313028436112371e-05	-0.0003619017124187554	-0.009554540920968121	0.0007657342240284676	-0.1365026994282648	0.02823873429902297	0.01456917139879108	-0.4072211464719642	-0.06928262807256697	0.002672018818325887	0.20456014941567	-12.88592182145201	-68.28658987355469	-10.07213338798785	1.23887870844818	15.66343775550889	-755.287152498237	54.11666664026687	0.5673964741879522	0.1061929937868447	0.9280751439254458	-3.064775164139762	0.08835591400458376	-0.4355859630969409	0.9113084763141286	-3.74267805047529	-3.742678050475308	0.5518095509445117	-0.009270563545404504	-1.422474636411281	-0.3969663145380975	9.434286529258974e-10	-1.314256633762835e-09	1.391617231362131e-09	6.320587891641413e-09	3.58232165311271e-09	-4.445247116639742e-09	5.044630594674035e-10
1.01	-0.09013411350985777	0.07774966823336596	0.8062879353687639	0.8308428809387186	-0.2355187019224189	-0.09709408076469242	-0.4358351673344764	0.9883496180463275	0.9883496180459541	-0.007254798404360326	0.1744707893866469	0.4361411121489236	0.1056926370394881	0.003997372491449568	0.009048826687272409	0.02157394077641881	-0.07109684932478573	0.003321068213236845	-0.01597462379798157	0.03029117352844215	-0.08794894248562676	-0.08794894248564139	0.005634245193712079	-0.0004040051564837756	-0.0238183388527331	-0.003293051056283608	-0.136990970558682	0.02836975350688019	0.01454830188545782	-0.4062673179479208	-0.07050890995722001	0.002815039796648653	0.2049749516310342	-12.93177512000286	-68.68011113249854	-10.05377844139267	1.207232281126366	15.93414343667935	-755.401290703549	54.10509486965989	0.5263437605696668	0.1058574239562338	0.9223792830102225	-3.018238788481546	0.08149044109161441	-0.4261845596505139	0.9835781691587115	-3.741640198738542	-3.741640198739519	0.5730387680170368	-0.0007925998455025618	-1.430410526944774	-0.4118769503449654	1.712747554121666e-09	-7.547604376982373e-10	5.82251510385039e-10	1.034182858031827e-08	2.914759377053701e-09	-7.613879642647499e-09	2.38770393124392e-10
1.02	-0.09006791390418822	0.07784546668736331	0.8065498255706509	0.8299809071326156	-0.2354813658401137	-0.09727528262096863	-0.4354825039125699	0.9872827130394464	0.9872827130392847	-0.007169912870808309	0.1744666868247904	0.435831263403083	0.1056391555954183	0.00920376895322429	0.01011144540614712	0.0308009572928718	-0.1012638025711587	0.004142957603141414	-0.02026524342567445	0.04033037450129007	-0.125447869731809	-0.1254478697318291	0.01135510954298326	-0.0004106032009162853	-0.03816526299989634	-0.007413528959279746	-0.1374792416876543	0.02850077271465465	0.01452743237557626	-0.4053134894235214	-0.07173519184195416	0.002958060774720017	0.2053897538476839	-13.00257454294602	-69.08331201727694	-10.03121872768933	1.168176828816428	16.20838245531344	-755.6845279862883	54.12329995986281	0.5208644287490243	0.1068952129566367	0.9242921398890649	-3.023841750392022	0.08453993062889557	-0.4349706078220376	1.017944858090105	-3.761653831198253	-3.76165383119821	0.5665073251840672	-0.002169483618775859	-1.439099879489896	-0.4093048390746852	2.568170490837486e-09	-4.614038536439047e-10	-3.64114963655058e-09	1.900566843716506e-08	3.667046403124515e-09	-9.054686195306041e-09	-6.227302186200857e-09
1.03	-0.08995079401666506	0.07795193108261536	0.8069038449921992	0.8288183187725667	-0.2354358776343805	-0.09749944142259789	-0.4350267895644144	0.9858404488408776	0.985840448840646	-0.007027589504491069	0.1744626585209107	0.4353776057931012	0.1055442542659014	0.01418106299434958	0.01118422919819215	0.03999488593602347	-0.1312139963655715	0.004954269362426627	-0.02457215564035398	0.0509034854982098	-0.1630102320161627	-0.163010232016197	0.01710854463392517	-0.0003929362812257773	-0.05257273810303067	-0.01156793358215031	-0.1377500515359109	0.02855269969247971	0.0145097700955101	-0.4042213522551949	-0.07266509769518079	0.003045997169845092	0.2056096414179895	-13.09837500248772	-69.37203755443312	-10.01372530262093	1.131284655594565	16.40747177949275	-755.6056537568447	54.10556723320512	0.4802907694312312	0.1078901876093249	0.9157349600062398	-2.974626763632537	0.07936888744077368	-0.429393685918194	1.090642774332199	-3.754317419292973	-3.754317419295483	0.5796080609244675	0.004057763280023065	-1.442543340612715	-0.4186856449257082	3.424472040160653e-09	-1.70762979916209e-10	-7.899387879669469e-09	2.771688175491158e-08	4.433821687380337e-09	-1.04778618706855e-08	-1.275664394831167e-08
1.04	-0.08978507541322565	0.07806920736084316	0.8073495620468819	0.8273574247604968	-0.2353822878933643	-0.09776683777778461	-0.4344626143955019	0.9840224030208633	0.9840224030208773	-0.006827762495574256	0.1744588714832463	0.4347796790290241	0.1054077734159358	0.01892351214089957	0.01227382200129416	0.04914048391871843	-0.160924932946668	0.005763264676165421	-0.02891275416016537	0.06202253864874795	-0.2006041939900499	-0.2006041939900998	0.02285583811990147	-0.0003623500208865604	-0.06701909380163856	-0.01572943304630026	-0.1380208613849346	0.02860462667051568	0.01449210781792108	-0.4031292150869007	-0.07359500354830781	0.003133933565312237	0.2058295289875616	-13.219222402066	-69.67054747140935	-9.992049684998479	1.086991907263098	16.6104765528387	-755.6972515704692	54.11772446678287	0.4738954498339341	0.1102570151683106	0.9146260077976777	-2.975990307728891	0.08407664151954009	-0.4417078688484899	1.127133288813436	-3.767973769104747	-3.767973769104944	0.5652790041909008	0.0004143845110839706	-1.446875998584117	-0.4107238073304741	4.16115555046926e-09	9.318590115149311e-11	-1.165500767407059e-08	3.439337535847919e-08	4.982731274243079e-09	-1.208932903930635e-08	-1.818176971021053e-08
1.05	-0.08957300985505234	0.07819745273413164	0.8078864598300816	0.8256005862220975	-0.2353206132960072	-0.0980778371519382	-0.4337847254944369	0.9818283256546575	0.9818283256545922	-0.006570545355114516	0.1744554427972681	0.4340371024866619	0.1052296704061461	0.02345799271064805	0.0133769503021622	0.05822742377697147	-0.1904036665635901	0.006571662002376535	-0.03329401973671323	0.07362816409524724	-0.2382097834759422	-0.238209783475991	0.02858309995568276	-0.0003228545732806461	-0.08150212557668254	-0.01989010291060293	-0.1380294940211746	0.02853260405940849	0.01447782550930295	-0.4018710868737186	-0.074334300669207	0.003203860913442746	0.2057889139865324	-13.36512971851987	-69.88686878510654	-9.958628111135461	1.034913426604257	16.8011418717117	-755.4036130236163	54.13203226653921	0.438484258098343	0.1105964953819856	0.9039778753499974	-2.927948058644788	0.07922850681896311	-0.4373652789989634	1.188215552591369	-3.756628155981956	-3.756628155982006	0.5757749643159744	0.005803847430618235	-1.449903419419978	-0.4185761377540462	4.894100997058662e-09	3.563006574485705e-10	-1.539492064194928e-08	4.100628397097873e-08	5.524832558062289e-09	-1.3706680317091e-08	-2.357238872210277e-08
1.06	-0.08931654751169736	0.07833678054199487	0.8085138769919723	0.8235501337131694	-0.2352508532797256	-0.09843285505717699	-0.4329885926629616	0.9792582370699445	0.9792582370701205	-0.006256190558524172	0.1744524264106294	0.4331495182960316	0.1050099931853448	0.02780286918243549	0.01449030891624643	0.06724435965590339	-0.2196477269794107	0.007380348474532344	-0.03771646039098151	0.08567132474272621	-0.2758064376678291	-0.2758064376678743	0.03428336943330478	-0.0002798902239048129	-0.09602062344992063	-0.02404427524585511	-0.1380381266596426	0.02846058144817505	0.01446354320457656	-0.400612958660779	-0.07507359779007321	0.003273788261282857	0.2057482989835017	-13.536108699465	-70.11307650075756	-9.921136169234449	0.9755595442170586	16.9960528669522	-755.2815173775401	54.17609125802429	0.4359746302418175	0.1123030778117354	0.9006252119334186	-2.929055667508671	0.08413447070837865	-0.449942884392659	1.214640329009284	-3.766186710303474	-3.766186710303169	0.5598805325590013	0.001108164865166947	-1.453969218222593	-0.4094243015203149	5.504444140932643e-09	2.072569914477546e-10	-2.034971027878069e-08	4.598620217570887e-08	6.519255701007009e-09	-1.555284425146877e-08	-2.966325022698826e-08
1.07	-0.08901749102162455	0.07848729778051176	0.8092310780750074	0.8212083684897342	-0.2351730242659834	-0.09883224266435674	-0.4320699889008031	0.9763123081295987	0.976312308129576	-0.005884904670323035	0.1744498356604983	0.4321166010613862	0.1047487972171161	0.03198436785422554	0.01561528682731165	0.07618046036590169	-0.2486687497370703	0.008183433095950163	-0.04215977400787895	0.09810967656511188	-0.3133695881385876	-0.3133695881386427	0.03997751453723237	-0.0002408906620888818	-0.1105660078576635	-0.02819515595491837	-0.1378099687651106	0.02832602891432422	0.01445293659205521	-0.3991888644797466	-0.07558016509534331	0.003284978851755728	0.2054749123917258	-13.73214085591659	-70.24592643568947	-9.895477473475278	0.9211420289425588	17.15485178818778	-754.7807769271714	54.16888774252237	0.4056294025761883	0.1129188761343021	0.8877895040714727	-2.883139724654042	0.07809969336299921	-0.4413255135240736	1.267469940916241	-3.749916104758577	-3.749916104760616	0.5747352153605259	0.004909316709019054	-1.455300604893394	-0.4179534433196179	6.108265885726015e-09	3.629000511194153e-11	-2.536912101502449e-08	5.087925918853637e-08	7.537738517309471e-09	-1.741117907183554e-08	-3.57913586729904e-08
1.08	-0.08867734116147023	0.07864912954381456	0.8100371775658569	0.8185774902094569	-0.2350872235589696	-0.09927602339034533	-0.4310251941540624	0.9729910403066154	0.9729910403066347	-0.005456566588264141	0.1744475575991833	0.4309381344720956	0.1044460857442392	0.0360215432031064	0.01675321387342537	0.08502404121775355	-0.2774703382851356	0.008974687137718587	-0.04659508415229675	0.110909521670073	-0.3508742141811809	-0.3508742141812476	0.04569380828329352	-0.0002173525055316131	-0.1251304943791184	-0.03234737617280392	-0.137581810872512	0.02819147638001531	0.01444232998308061	-0.3977647702989142	-0.07608673240069408	0.00329616944135184	0.2052015257982546	-13.95320448491895	-70.38874748175317	-9.86584602985158	0.8595592366706228	17.31822424618608	-754.452388636505	54.19139495352006	0.4071099656601075	0.1148929048215771	0.882121240304106	-2.885168825589908	0.08176835477838185	-0.4483421898968049	1.286938985524425	-3.754481824670275	-3.754481824670316	0.5643102609856764	-0.001984116186497831	-1.457789640964723	-0.4096922032847213	6.767180501977241e-09	9.005321369588701e-11	-3.014511176320035e-08	5.690554157609315e-08	8.380688834627618e-09	-1.87774926199278e-08	-4.205768016856218e-08
1.09	-0.08829753881662585	0.07882240456292919	0.8109312014354605	0.8156597688202236	-0.2349935662969335	-0.09976423668747264	-0.4298506569849272	0.96929511730846	0.969295117308395	-0.004971079582357459	0.1744454887655139	0.4296139588114423	0.1041018792737557	0.03991335193171075	0.01790383133158778	0.09376023906481222	-0.3060277785410196	0.009755023548830561	-0.05105505590107882	0.1240538806660861	-0.3882905157431346	-0.3882905157431444	0.05139748070328283	-0.0001954889009688461	-0.1397048302486228	-0.03649107915639514	-0.1370979404055939	0.02798641738950677	0.01443215688233791	-0.396186567390511	-0.07634521365057545	0.003250533468830308	0.2046790619341891	-14.19924422085308	-70.43263169337716	-9.845739620404045	0.8019716560598025	17.44572711607386	-753.7338288449779	54.16904927231876	0.3763814937658201	0.1154542311032444	0.8662909656016046	-2.834106705742399	0.07591410355992859	-0.4459379123885694	1.33657963321573	-3.732225363781848	-3.732225363773549	0.5724758331391187	0.004420254238618187	-1.457284197733382	-0.4162814082896232	7.430286967143738e-09	1.609154588498128e-10	-3.490258142532756e-08	6.301804763346628e-08	9.210283418327395e-09	-2.010636976686875e-08	-4.833451787442729e-08
1.1	-0.08787958535104132	0.07900724736958277	0.8119119716652814	0.8124578580122844	-0.2348921561069356	-0.1002972723511467	-0.4285429971705276	0.965225627086323	0.965225627086241	-0.004428739832202709	0.1744436682989176	0.4281440340645445	0.1037163213609441	0.0436517673524978	0.01906677138121596	0.1023733132602008	-0.334308222003076	0.01052527273139672	-0.05555955745068519	0.1375340507251928	-0.4255876589780135	-0.4255876589779647	0.05706435714867601	-0.0001676790779643974	-0.1542803116297149	-0.04061766463573441	-0.1366140699394049	0.02778135839851088	0.0144219837825801	-0.3946083644821614	-0.07660369490058944	0.003204897495351829	0.2041565980695198	-14.47019906628208	-70.48654852858637	-9.821770891215516	0.7373502816605764	17.5781069787625	-753.1879914249589	54.1763393372967	0.3764313040967546	0.1173574231148516	0.8574965099700641	-2.829769466824446	0.07975090906914384	-0.4572481500617199	1.354101198143252	-3.730650159255205	-3.73065015925493	0.5569510660664261	-0.0007948724981114482	-1.458018743282054	-0.4062687024342868	7.954212041717345e-09	-1.668862607739983e-10	-4.204918146023536e-08	6.587902829644339e-08	1.040733392616517e-08	-2.167951522308344e-08	-5.554281554095137e-08
1.11	-0.08742501719394413	0.0792037766511484	0.8129782087960722	0.8089746077725992	-0.2347831173526403	-0.1008755107323297	-0.4270989233738174	0.9607838606820454	0.9607838606819229	-0.003829842530596642	0.1744421425264359	0.4265283642024748	0.1032895610242226	0.04723409714776311	0.02024061929062742	0.1108485428053215	-0.3622853506328428	0.01127819549012937	-0.06008491165312536	0.1513322420457293	-0.4627354355567919	-0.462735435556608	0.06271979806488204	-0.0001400319270285055	-0.1688524927583373	-0.04473437232129469	-0.1358749619455078	0.02744621996100573	0.01441492750024495	-0.3928717378265719	-0.07664594759498385	0.003138042661975047	0.2033819166002289	-14.76597163800654	-70.44967419946856	-9.786710257065545	0.6659226708666731	17.68409533108927	-752.2533514477466	54.18380408435269	0.3449700754598998	0.1176309845742668	0.8386959718391674	-2.773212536080704	0.07242979957496071	-0.4496878446980959	1.400408113295965	-3.702315161777803	-3.702315161758055	0.5705402290937092	0.004171050350040247	-1.456642080484686	-0.4143668324042061	8.464218977231664e-09	-5.345543768755754e-10	-4.943469453242117e-08	6.841485641998095e-08	1.164113002641674e-08	-2.327708751022549e-08	-6.284425920354131e-08
1.12	-0.08693545848725814	0.07941209091375205	0.8141284301813339	0.805213280651601	-0.2346666760027138	-0.1014989044134999	-0.4255153216610286	0.9559715217609781	0.9559715217610275	-0.003174250895227668	0.1744408185338547	0.4247670076725744	0.1028216346044732	0.05064987727180742	0.02142376758881864	0.1191701641533615	-0.3899235982636347	0.01200579186112519	-0.06459061743017946	0.1654396339378047	-0.499702162319081	-0.4997021623187655	0.06840322396905463	-0.0001273231176801854	-0.1834176452002432	-0.048850881238378	-0.13513585395165	0.02711108152272859	0.01440787122108854	-0.391135111170887	-0.07668820028962588	0.00307118782714793	0.2026072351309841	-15.08645171191347	-70.42289361550891	-9.748007902593089	0.5877361837661303	17.7953968953689	-751.4913439449949	54.2204939381002	0.3431213698526246	0.1192175008708989	0.8267748705539041	-2.761993267029579	0.07468563152164248	-0.453318464984559	1.415941312451205	-3.694440195957316	-3.694440195957688	0.5625480636597272	-0.003782540815624414	-1.45661300593857	-0.4062289487388445	8.204636477792993e-09	-3.307591309902717e-09	-6.855446944026724e-08	5.44121245176855e-08	1.538672828475207e-08	-2.641302481249942e-08	-7.461401892447041e-08
1.13	-0.08641255680854593	0.07963228209657776	0.8153610552182063	0.8011773214432397	-0.2345430602648592	-0.1021675242968219	-0.4237891837954164	0.950790515429732	0.950790515429731	-0.002461960025648491	0.174439655243516	0.4228600784788775	0.102312622253876	0.05390272802604943	0.0226158463301212	0.1273245819055108	-0.4172043962295869	0.01271239916678289	-0.06912955988739593	0.1798331395267093	-0.5364586911544811	-0.5364586911542985	0.07405919136722217	-0.000108465477840516	-0.1979639697687169	-0.05295038844108178	-0.1341424738566994	0.02671033124625108	0.01439824804102779	-0.3892520494111959	-0.07647897743342914	0.002944759262291912	0.2015808898192901	-15.43149036631371	-70.29656919571998	-9.720658417128915	0.5146826961655578	17.86979434933331	-750.3436964963926	54.20946142107001	0.3122081475593956	0.1194136599771638	0.8052299944376382	-2.701545989899709	0.06790658138049481	-0.4536037633600773	1.457835233351392	-3.660198871600139	-3.660198871620118	0.5677474728814891	0.004252238288305636	-1.453007227688764	-0.4116414529709115	7.848855298985211e-09	-6.381299345045469e-09	-8.914102707757029e-08	3.834207261216139e-08	1.944630181284777e-08	-2.974125774166475e-08	-8.694231815269163e-08
1.14	-0.08585795837844017	0.07986443618665956	0.8166743153859872	0.7968704696695497	-0.2344125267937476	-0.1028814179301729	-0.4219177548636424	0.9452431558812986	0.945243155881225	-0.001692984203065422	0.1744385869937805	0.4208078130304233	0.1017626488618515	0.0569892275542707	0.02381634904003603	0.1352971903340904	-0.4441021113363371	0.01338933852429533	-0.07364536743542315	0.1944978471653175	-0.5729728057605941	-0.5729728057605418	0.07974021456488638	-0.0001083149618026427	-0.212484896152659	-0.05704308952119006	-0.1331490937613921	0.02630958096940837	0.01438862486014834	-0.3873689876514255	-0.07626975457732524	0.002818330696869821	0.2005545445079486	-15.80092450522705	-70.18041536324337	-9.689964938731569	0.435242581616307	17.95075236113303	-749.368738794833	54.22435395976915	0.3098511246485495	0.1209022945934489	0.7904130058399624	-2.685376695189273	0.0687520418925458	-0.448691483146721	1.470181722392113	-3.645957350099858	-3.645957350099708	0.5675592235590678	-0.007523965576009834	-1.451533369032108	-0.4048677242196964	7.778912148358813e-09	-8.592777416202981e-09	-1.061108770448017e-07	2.873398632120201e-08	2.262316675993221e-08	-3.224384733158898e-08	-9.810272476568456e-08
1.15	-0.08527330519277819	0.08010863764887197	0.8180663494300596	0.7922966072580867	-0.2342753372849256	-0.1036406821162617	-0.4198983944200276	0.9393319648287073	0.9393319648286911	-0.0008674097855548189	0.174437560922363	0.4186105190564903	0.101171881213419	0.05991381656549748	0.0250252641701141	0.1430747557640673	-0.4705990338225379	0.01404556504218771	-0.07822086803602435	0.2094145467743916	-0.6092144947961231	-0.6092144947962181	0.0853601112984452	-9.337989706205076e-05	-0.2269649761165605	-0.06110279628910525	-0.1319239631906469	0.02584182990550737	0.01436516361046681	-0.3853181406916935	-0.0758438080096594	0.002648643739992308	0.1992944294285407	-16.19454686956762	-69.97504863698981	-9.662852866790651	0.3568469539276012	17.99761544196579	-748.0146458941631	54.20499735683433	0.2796243041264404	0.1210894631723506	0.7661919076657082	-2.621149942472313	0.06360543311148217	-0.4639810365970833	1.508459863142247	-3.605639736795026	-3.605639736817583	0.557007334150926	0.006527227181741582	-1.444904878192683	-0.4053927153380131	7.752177071759836e-09	-1.067391839978131e-08	-1.225340153874873e-07	2.010270878593275e-08	2.566659901453818e-08	-3.462163037023256e-08	-1.090865894717243e-07
1.16	-0.08466023381405793	0.08036496893057586	0.8195351118476576	0.787459915638275	-0.2341316760156557	-0.1044461016459974	-0.417728657823733	0.9330598838745345	0.9330598838744674	1.392408660615325e-05	0.1744367891982757	0.4162686923692953	0.1005407423848484	0.06267286616734664	0.02624231293833689	0.150642865038266	-0.4966679529941955	0.01468369061511357	-0.08287643615981394	0.224573077702604	-0.6451507860922415	-0.645150786092488	0.09089210546787604	-5.744544499076293e-05	-0.2413914388053916	-0.06511732554745329	-0.1306988326202537	0.02537407884135041	0.01434170235902897	-0.383267293732022	-0.07541786144203561	0.002478956782722082	0.1980343143488408	-16.61213513232779	-69.77988884062746	-9.632653609649903	0.2723918500250995	18.05188571453289	-746.8325801954109	54.20984202065571	0.2767432427731851	0.1225290222224833	0.7485217746843297	-2.599776032280694	0.06513185289925776	-0.4647049877843774	1.518547986220036	-3.584877802217715	-3.584877802218387	0.5499787107334906	-0.003324088109916328	-1.440809914017903	-0.3958322223062159	7.557201276834851e-09	-1.380207733084004e-08	-1.451913757718342e-07	3.816733953980503e-09	2.997235476359489e-08	-3.789267397488646e-08	-1.212678361181062e-07
1.17	-0.08402033716723155	0.08063350335143239	0.8210784731463413	0.782364675331824	-0.2339817426083113	-0.105298416692266	-0.4154062995064554	0.9264300572236462	0.9264300572235991	0.0009502113474346425	0.1744364701637375	0.4137828898632884	0.09986966958428498	0.06528326514786256	0.02746498638548364	0.157990751707944	-0.5223065179035792	0.01529633606015087	-0.08757642641086751	0.2399236476165518	-0.680753908684823	-0.6807539086847141	0.09637400416801299	-1.285811463138714e-05	-0.2557588120966295	-0.06909478122459985	-0.1291968180777406	0.02479466910964971	0.01430718722399485	-0.3811005195823495	-0.07473182991509611	0.002277105857012969	0.1964959215976653	-17.05341755441889	-69.48106137626415	-9.596440004182137	0.1848852941033408	18.07179190917451	-745.2680310818965	54.20492599062145	0.2497084476244705	0.122205835323948	0.7221172819984996	-2.534859424793875	0.05832114068003098	-0.4711175852280298	1.54707077444861	-3.538935637127883	-3.53893563707447	0.5485736535120755	0.007363969325115531	-1.4331603780936	-0.3983630947404586	7.332182496494502e-09	-1.71172037525203e-08	-1.689619900921922e-07	-1.383615110952247e-08	3.450352542237497e-08	-4.132322839489936e-08	-1.336629009681206e-07
1.18	-0.08335503248621065	0.08091427837263226	0.822694152345507	0.7770152568352253	-0.233825884696397	-0.1061974259494129	-0.4129296836339785	0.9194460181170081	0.9194460181169544	0.001941573236050101	0.1744363997675233	0.4111537217560932	0.09915889005608443	0.06775447300567289	0.02869043300699881	0.1651064451337483	-0.5475035909940266	0.01586859152025212	-0.09221527832040884	0.2554245887492067	-0.7159932772513532	-0.7159932772508861	0.1019070310225052	-7.717755609780665e-06	-0.2700645590445341	-0.07305867107462617	-0.1276948035362723	0.02421525937755833	0.01427267208884334	-0.378933745432834	-0.07404579838823883	0.002075254930628739	0.1949575288455984	-17.51809009048481	-69.19247002404096	-9.557488405062447	0.09176790673077288	18.10011307578361	-743.8743691011048	54.22207007698229	0.2489050182323247	0.123083657096224	0.7020831259095877	-2.511477668493491	0.05705385591204274	-0.4524773194818773	1.548622229961828	-3.512126997007494	-3.512126997007603	0.5602043416045576	-0.01121348237755033	-1.428484645351173	-0.3931190568821223	7.102148236716891e-09	-2.038983389641204e-08	-1.926590326696544e-07	-3.198968699103694e-08	3.889535480925082e-08	-4.473229583356809e-08	-1.452017974551621e-07
1.19	-0.08266567235529042	0.08120731917372163	0.8243797908127551	0.7714161015480597	-0.2336644851566956	-0.1071427747559237	-0.4102974043476307	0.9121115010160833	0.9121115010161256	0.00298827535604922	0.1744363061439471	0.4083818546369998	0.09840860888180952	0.07009667993126617	0.02991778184882254	0.1719786868936093	-0.5722492794605498	0.01640490758792305	-0.09685221835688464	0.2710482527083501	-0.7508390794748663	-0.7508390794748606	0.10743388551691	-1.386327238795056e-05	-0.2842943305996912	-0.07699209350015081	-0.125971065149273	0.02360323851321873	0.01421494188972474	-0.3766057056754636	-0.07315105856957331	0.001817090986601606	0.193190880321142	-18.00579052244914	-68.81918827724986	-9.531565108254613	0.004611091163186188	18.09792364514507	-742.1174217058831	54.18444340080203	0.2237469175362494	0.1225775126434469	0.6734007295737063	-2.444388442629357	0.05093856316518699	-0.4689579981384385	1.571786108008852	-3.460148683447985	-3.460148683517416	0.5489727363115042	0.004235986793615762	-1.418039075819062	-0.3926739824681276	6.871074182421799e-09	-2.365365383637201e-08	-2.163408225687115e-07	-5.024701633482208e-08	4.325829637146358e-08	-4.813690865415327e-08	-1.565631956230505e-07
1.2	-0.08195351647755364	0.08151263686621188	0.8261328729033188	0.7655718345747231	-0.2334979188400881	-0.1081344240933105	-0.4075083788958992	0.9044306575233558	0.9044306575233152	0.004090255367800841	0.1744360612795509	0.4054681266693069	0.09761914945386449	0.07231362236931856	0.03114581128717009	0.1785951697960328	-0.5965259282029927	0.01690194689441278	-0.1014753844896268	0.2867738218322692	-0.7852585556353389	-0.7852585556357948	0.1129626093294039	-3.796586427366348e-05	-0.2984367287636846	-0.08089432180889926	-0.1242473267631315	0.02299121764878782	0.01415721168812323	-0.3742776659182644	-0.07225631875088626	0.001558927042488059	0.1914242317959235	-18.51612341223898	-68.4561438517707	-9.503163010055875	-0.08781930890377498	18.10510408416516	-740.5301970871126	54.16691056323348	0.2238521207244412	0.1232197764010219	0.6509313544220885	-2.417669723677403	0.04919850367589958	-0.4497225387351153	1.569003262917324	-3.426861784399468	-3.426861784399578	0.5605782052223934	-0.01480489739910443	-1.411009967118388	-0.3868802335268646	6.374139634046074e-09	-2.766582962136026e-08	-2.418861081657139e-07	-7.382233460582558e-08	4.833668719616255e-08	-5.1829105034798e-08	-1.666373225720081e-07
1.21	-0.08121980517068877	0.08183024045019181	0.8279508032874561	0.7594872021426808	-0.2333265260922196	-0.1091726263380556	-0.4045616428166208	0.8964078571497444	0.8964078571498731	0.005247134300499785	0.1744356554250636	0.4024134848801127	0.09679095295068829	0.07440745250871282	0.03237506738197396	0.1849443275399674	-0.6203149330310946	0.01737285907292129	-0.1061814640253362	0.3025865345243675	-0.8192190101105515	-0.819219010110544	0.1183934850553471	-3.813910514833489e-05	-0.3124707506385441	-0.0847318938401974	-0.1223066469958301	0.0222801469263321	0.01407000250226885	-0.3718127496111567	-0.07113561074292703	0.001285791993586826	0.1894390284889102	-19.04862727012837	-68.00043358081064	-9.461188330963029	-0.1868110384296546	18.06545011255324	-738.5932852083829	54.15324411376593	0.1989691772485753	0.1228137466824725	0.6199097831718826	-2.346675095765076	0.0454437165522921	-0.4835090855673481	1.589376348319986	-3.368262073942586	-3.368262073873144	0.5313534059191845	0.00810460358648173	-1.396461151488974	-0.380287759018009	5.814063218326202e-09	-3.185573991954272e-08	-2.678739739909784e-07	-9.86606752470434e-08	5.358499722070199e-08	-5.558960251095688e-08	-1.764057226064697e-07
1.22	-0.0804657914190921	0.0821601436392512	0.8298308256087984	0.753167247815592	-0.2331505429942114	-0.1102583810630776	-0.4014563853952529	0.8880479272725457	0.8880479272726349	0.00645772422066039	0.1744353934660298	0.399219130301396	0.09592476231298479	0.07637411131608493	0.03360573230306234	0.191013557236232	-0.6435903071947551	0.01782001691591511	-0.1109858805441045	0.3184780902550643	-0.852684456380149	-0.8526844563796743	0.1237048067667806	-9.186705261380332e-06	-0.3263792866661666	-0.08849314871496028	-0.1203659672291153	0.0215690762039831	0.01398279331293876	-0.3693478333041823	-0.07001490273488406	0.001012656944964384	0.1874538251813478	-19.60279738123407	-67.55500875962747	-9.417196028584746	-0.2904854788916615	18.03636560112698	-736.8248707670632	54.15688982490632	0.1984178543203146	0.1235015416579347	0.5949457448881101	-2.314943590789076	0.04444763657312317	-0.4693899353468852	1.584771870637396	-3.327860143276516	-3.327860143275875	0.5366674023204507	-0.008979769246787025	-1.385912797670993	-0.3716168022198119	5.458538812127073e-09	-3.668282902565513e-08	-3.014254316368665e-07	-1.280177923260484e-07	5.979910596258949e-08	-6.034598390096815e-08	-1.879111062043027e-07
1.23	-0.07969271868355712	0.08250233984754188	0.8317701106581525	0.7466171533721876	-0.2329702139534569	-0.1113926440113999	-0.3981919861944934	0.8793559060991268	0.8793559060993983	0.007720872583422141	0.1744355744814601	0.3958863276981186	0.0950213362370185	0.0782209071245986	0.03483146247145996	0.1967936640868893	-0.6663369408607726	0.0182391238531816	-0.1158592813038134	0.3343992035697038	-0.8856278202748142	-0.8856278202747362	0.1289274583293115	3.904235157404644e-05	-0.3401601910322728	-0.09218381694970459	-0.1181538018055719	0.0208136813463632	0.01386613508718007	-0.3667899247466146	-0.06865018781856733	0.000683248198135325	0.1851930368272315	-20.17805177058526	-67.01527614580684	-9.384692629058103	-0.3882603846738979	17.98674534914607	-734.7080379366284	54.11551306331263	0.1748789625294264	0.1218152772962782	0.5620615654217249	-2.240781392064986	0.03959432572098974	-0.4952027136669997	1.59539911352182	-3.263781828014481	-3.263781828074585	0.5154066359309754	0.01072648669649034	-1.371015674377262	-0.3666277688313911	5.158086100798917e-09	-4.168146627236406e-08	-3.370132409267686e-07	-1.585915030613808e-07	6.627323743607071e-08	-6.537048788317046e-08	-1.998841392230435e-07
1.24	-0.07890176428625846	0.0828567346620887	0.8337657004580736	0.7398423409645586	-0.2327859034226129	-0.1125754184807945	-0.3947684522502758	0.8703372098237919	0.8703372098240484	0.009036315982596755	0.1744360382358578	0.3924163487675091	0.09408123629176285	0.07995044366953806	0.03604545355429168	0.2022745073488794	-0.6885339000290687	0.01861631492705231	-0.1206881847588048	0.3503050389501653	-0.9180194767875661	-0.9180194767878884	0.1341638140002339	4.736115035384195e-05	-0.353814552130248	-0.09582792257362803	-0.1159416363823789	0.02005828648892546	0.01374947685814969	-0.364232016189145	-0.06728547290215785	0.0003538394517007169	0.1829322484727708	-20.77370172441839	-66.48583270481737	-9.350456493884689	-0.4903479953105092	17.94887534340252	-732.7583847282675	54.08914311295545	0.1749660016057637	0.1211537245447343	0.5350930271546745	-2.205008691244744	0.03606446389415832	-0.4604904744033547	1.58171628380213	-3.21751866689394	-3.21751866689403	0.5394082239987308	-0.01696182085792473	-1.360604144044863	-0.3623042800556377	4.540848123779518e-09	-4.70075279465453e-08	-3.67541655986669e-07	-1.925957488163281e-07	7.257604832624742e-08	-7.119796692641041e-08	-2.054902371609846e-07
1.25	-0.07809410532702751	0.08322320243606691	0.8358145694589046	0.7328483885813728	-0.2325979831346101	-0.1138065661987489	-0.391186026224191	0.8609974638942237	0.8609974638943815	0.0104038802174744	0.1744365292407235	0.3888105186315851	0.0931050356594874	0.08156177669436541	0.03724508804953872	0.207446374677327	-0.7101577814934822	0.01896262092406827	-0.1255440558465164	0.3661677733816254	-0.9498273180743214	-0.9498273180745499	0.1393404757605715	4.904194746121538e-05	-0.3673259594612964	-0.09939946743500622	-0.1134778610378865	0.01919499411545563	0.01359272071349409	-0.3616044524640344	-0.06564390539171029	1.031335764049364e-05	0.1804237702163336	-21.38813587928229	-65.8490433129501	-9.300104359149415	-0.5989481959975589	17.86023882773385	-730.481477422143	54.07780868399126	0.1512782238227639	0.1189324142168225	0.5002801044003159	-2.126264043900316	0.03308124252628968	-0.4985468832927449	1.586693090694717	-3.147058932437696	-3.147058932423648	0.5054549966088291	0.008403037550211958	-1.342573157142852	-0.3527600061440064	3.827740921616718e-09	-5.243267859219842e-08	-3.965389385822267e-07	-2.276381828008957e-07	7.882701219779253e-08	-7.726845158022754e-08	-2.091694994823679e-07
1.26	-0.07727092078338151	0.08360157937543737	0.837913566436769	0.7256411601495324	-0.2324067662716149	-0.1150863549190568	-0.3874453446402309	0.8513427111372641	0.851342711137263	0.01182294303899974	0.1744369710549158	0.3850703415964399	0.09209348349520917	0.08305556055521394	0.03842728663273864	0.2123001027547921	-0.7311891097522943	0.01927562991784737	-0.130416385227682	0.3819561505281911	-0.981020842275905	-0.9810208422760396	0.1444635313031639	3.752304679232324e-05	-0.380683931972668	-0.1028982289749848	-0.1110140856936029	0.01833170174211356	0.01343596456707805	-0.3589768887389622	-0.06400233788119572	-0.0003332127361582513	0.1779152919596738	-22.02002623298037	-65.22296893087798	-9.248674174657904	-0.7110939405668248	17.7855162695007	-728.3761204597773	54.07872407833914	0.1514561688102511	0.1176665421352616	0.4714651769581847	-2.086498050124377	0.02940506324693645	-0.4637821330941392	1.566844826823552	-3.094655249859697	-3.094655249859733	0.5286869804496462	-0.01960176041318946	-1.329917180109629	-0.3477476157757298	2.938990973032495e-09	-5.80349969115467e-08	-4.249037653462226e-07	-2.649433834105981e-07	8.496683704970175e-08	-8.286493092542399e-08	-2.098804807476198e-07
1.27	-0.07643335919083702	0.08399169399334676	0.8400594831281831	0.7182266179737432	-0.2322125271762836	-0.1164152923049788	-0.3835471877263187	0.8413792160073787	0.8413792160070358	0.01329262077780812	0.1744374015559317	0.3811974427247503	0.0910474395249018	0.08443887936926854	0.03959278038401788	0.2168274565794012	-0.7516156907548931	0.01956946549855867	-0.1353881971699327	0.3976600435039083	-1.011563098205283	-1.011563098205665	0.1494480469949059	5.442990934217322e-05	-0.3938624942151626	-0.1062911696641002	-0.1084029619876267	0.01745309349004194	0.01323018024420608	-0.3561768958704409	-0.06220244814062455	-0.0007064607565024732	0.1752508866174513	-22.66828233437451	-64.52955017144033	-9.198997600446717	-0.8222334237883886	17.67126971741384	-725.9676636050602	54.04673321611803	0.129084009017035	0.1155808533564809	0.4349856861270844	-2.005199653051911	0.0288824051370425	-0.5164594526445248	1.569883220997397	-3.016748285069325	-3.016748285106392	0.4796709617098123	0.01313914347236335	-1.306813612187743	-0.3322668449222689	1.990902258765356e-09	-6.369716917471092e-08	-4.530549245995557e-07	-3.030130322044678e-07	9.106911493551779e-08	-8.830127334203234e-08	-2.095886643587731e-07
1.28	-0.07558250155590597	0.08439338156111523	0.8422489963980324	0.7106109176823412	-0.2320154478051579	-0.1177944635559482	-0.379492447545054	0.8311137508139577	0.8311137508135024	0.01481141109308989	0.1744381615725448	0.3771937606574627	0.08996802623781779	0.08571476903590526	0.04074187660455208	0.2210194184411201	-0.7714207328663837	0.01984368506545223	-0.1404631582263709	0.4132728040017209	-1.041414854958339	-1.041414854958968	0.1542860466136092	0.0001034261272030916	-0.4068405710924019	-0.1095720923309402	-0.1057918382819113	0.01657448523780387	0.01302439592361448	-0.35337690300192	-0.0604025584001072	-0.001079708777178811	0.1725864812750011	-23.33177709321432	-63.84687553405893	-9.14871021957083	-0.9363158857163438	17.57234801091449	-723.7294735477383	54.02388619721854	0.1299703393268525	0.1143870359861932	0.4043867843801676	-1.962190271902687	0.02548186048335823	-0.4844119559316335	1.548618331242924	-2.956555414595309	-2.956555414595317	0.4993837658418768	-0.01318388935100899	-1.289820107058746	-0.3253440113206483	1.231330972643258e-09	-6.987446286838783e-08	-4.853732501215372e-07	-3.447272411545139e-07	9.782651251409128e-08	-9.461562597454961e-08	-2.077095224292736e-07
1.29	-0.07471939076070978	0.08480647748085622	0.8444787376907592	0.7028002809265442	-0.2318157090725822	-0.1192248995830519	-0.3752821339478559	0.8205533087392417	0.8205533087388309	0.01637784846340542	0.174439583870041	0.3730613547220437	0.08885640089222356	0.08689162943739728	0.04187425064516823	0.2248713666302586	-0.7906011477350098	0.02009923184979339	-0.1456206911436155	0.4287657998139993	-1.070549239618188	-1.070549239618322	0.1589957115100948	0.0001764438124605936	-0.4196030648127374	-0.1127363063633665	-0.1029717044068157	0.01563207111631022	0.01277062088467334	-0.3505265931889741	-0.05832232936059871	-0.001480218971814326	0.1697207120991327	-24.00933286564253	-63.05942627254936	-9.091750490288238	-1.051653736681827	17.41097094646398	-721.2201710559235	53.99638434956442	0.1091748210465398	0.1122254593695205	0.366957174015685	-1.880154701028415	0.02476374532600723	-0.5309399235313269	1.546022863015169	-2.873232002078919	-2.873232002004388	0.4558192120714585	0.01676334290721365	-1.263819669606115	-0.3095893894185977	5.424537220755506e-10	-7.624492709850697e-08	-5.192542629942616e-07	-3.878081601631263e-07	1.048295799774488e-07	-1.012592324380327e-07	-2.052351334220293e-07
1.3	-0.07384498517542046	0.08523080971525744	0.8467452701329499	0.6948010025007251	-0.2316135803405304	-0.1207068141321584	-0.3709176138611803	0.8097052524156395	0.8097052524156372	0.01799119475468157	0.1744415800938137	0.3688024527164049	0.08771360754826461	0.0879737270583851	0.04298913953659644	0.2283776483332544	-0.8091490668709694	0.02032168495082234	-0.1507588626173285	0.4441141018981009	-1.098937704693989	-1.098937704693623	0.163667830827404	0.0002182113154031805	-0.4321397851364916	-0.1158056920044043	-0.1001515705316654	0.01468965699467695	0.01251684584926665	-0.3476762833759665	-0.05624210032114721	-0.00188072916675972	0.166854942923313	-24.69974927387605	-62.28269218825209	-9.034720977970165	-1.169224639410757	17.26640899264139	-718.8786686449762	53.97454485894713	0.1110177832260728	0.1108900061485509	0.3352534871516653	-1.835691125369356	0.01886312382083711	-0.4805396672253411	1.519679585607775	-2.80737149778554	-2.807371497784929	0.4918746500065662	-0.01943392581403956	-1.244665427742619	-0.3063783330429654	-3.250435793341787e-10	-8.248607236936924e-08	-5.489018159399243e-07	-4.315874794582527e-07	1.112001459590141e-07	-1.077781612663325e-07	-1.975917719355415e-07
1.31	-0.07296022159308901	0.0856661925439854	0.8490451250040192	0.6866194469512135	-0.2314093634713117	-0.1222401711796224	-0.3664004344430185	0.79857712359428	0.7985771235940745	0.01965093965504155	0.1744439435104775	0.364419355652004	0.08654065037947148	0.08896326284270312	0.04408314786827291	0.2315343596207713	-0.8270512740809395	0.02051581882630814	-0.155906337405617	0.4592886000631038	-1.126554846800205	-1.126554846799983	0.1682792888027738	0.0002502719862606869	-0.4444389341523955	-0.1187702079282359	-0.09712643673514744	0.01370191553512079	0.0122059190425292	-0.3447769573401299	-0.05391693747765904	-0.002304491250802279	0.163790183623235	-25.40180272066806	-61.41400042499611	-8.971729518371372	-1.287700169600143	17.0754331504383	-716.2858724784668	53.94783172100133	0.09055646858012999	0.1080383398041358	0.2970117564776614	-1.750879796757711	0.01868407340933324	-0.5309468144233874	1.511357681412009	-2.718903338413543	-2.718903338435168	0.4454079676565886	0.01378663033781767	-1.216422436133875	-0.2893073391673547	-1.266540616092748e-09	-8.867364264282508e-08	-5.76795506915804e-07	-4.756561360149351e-07	1.173086756124084e-07	-1.142454379314848e-07	-1.878069789933671e-07
1.32	-0.07206603565443467	0.08611239187465512	0.8513747733493532	0.6782621904740684	-0.2312034061525345	-0.1238248220608902	-0.3617325054933065	0.7871768197975767	0.7871768197972158	0.02135672445442797	0.1744464796471649	0.3599144905379051	0.08533848422802033	0.08985819832883188	0.04515243992494728	0.2343363431856837	-0.8442892524087434	0.02066977486149752	-0.161017629385561	0.4742640082067494	-1.153372699761368	-1.153372699761289	0.172875810632247	0.0002527553292070558	-0.4564933950730939	-0.1216474885366148	-0.09410130293805298	0.01271417407602137	0.01189499223428246	-0.3418776313041657	-0.0515917746340143	-0.002728253334064933	0.1607254243235738	-26.11428216010203	-60.55589817044608	-8.909229773211386	-1.407652689268498	16.90256067015552	-713.8570841363999	53.9230183158441	0.09209772358817954	0.1059467511481089	0.2643079426307959	-1.702845348936016	0.01082755576174835	-0.4733031055564487	1.479861581336327	-2.64751366877483	-2.647513668774339	0.4888874208271593	-0.025349391396248	-1.195727808701609	-0.2889312699524282	-2.479631258286434e-09	-9.493625394719376e-08	-5.990733486067617e-07	-5.218786343387367e-07	1.228456456544616e-07	-1.209681147984616e-07	-1.71105469530762e-07
1.33	-0.07116333833099202	0.08656917360487117	0.853730664243407	0.6697358562150526	-0.2309960778259323	-0.1254605423839059	-0.3569158362315791	0.7755124208150536	0.7755124208147238	0.02310827543563236	0.1744489818757168	0.355290388734315	0.08410805331692472	0.09066763249687627	0.04620083938235583	0.2367821640747632	-0.8608671354371622	0.0207885355893459	-0.1661175535841292	0.4890362831497323	-1.179364671092719	-1.179364671092233	0.1774367932691462	0.0002441924901585286	-0.4682792547085585	-0.1244237449254615	-0.09096189522345248	0.01169249563158138	0.01152172330516985	-0.3388932355432631	-0.04906339826125552	-0.003155717277900035	0.1575528380452041	-26.83598628405755	-59.61971325156595	-8.832827290872682	-1.531922837855421	16.66225522476059	-711.2270868067059	53.90510535667537	0.07331412407724666	0.1038525088270869	0.2257424121244058	-1.618701226506106	0.01115170002907396	-0.527040930041029	1.470876302437769	-2.553674167281674	-2.55367416722077	0.4399584346130195	0.0107394157895158	-1.162844096360119	-0.2698971983162706	-3.816536632369655e-09	-1.012330751333021e-07	-6.187910237119462e-07	-5.690830311151957e-07	1.281220517560506e-07	-1.278072241103878e-07	-1.512507510661957e-07
1.34	-0.07025295709376685	0.0870363525228187	0.8561092179963705	0.6610470548364837	-0.2307878116183376	-0.1271470027194337	-0.3519524510500794	0.7635923750589303	0.7635923750584915	0.02490548719314556	0.1744512683048276	0.3505498625232712	0.08285027496695145	0.09139498109147658	0.04723187747124307	0.2388689149671384	-0.8767826763340276	0.02085735106626355	-0.1711656319039619	0.5036071921590777	-1.204502054502734	-1.204502054501843	0.1820079658856003	0.0002095954890779474	-0.4797782765596846	-0.1271169763128979	-0.0878224875081049	0.01067081718783605	0.01114845437230701	-0.335908839782242	-0.0465350218882559	-0.003583181220484453	0.1543802517673693	-27.56575960557143	-58.69392508374911	-8.757569190917218	-1.656781827394409	16.44128636502996	-708.7560777021606	53.88472448815458	0.07568060889920337	0.1024744774438477	0.1924939432899445	-1.570376922625157	0.0008385055759097017	-0.4629339298093333	1.439588394608747	-2.476596084507671	-2.476596084507773	0.4909254167380332	-0.03055622380262089	-1.138360251834007	-0.272326269670361	-3.473734189062328e-09	-1.039238217388339e-07	-6.375142713150881e-07	-5.891493391197293e-07	1.311646553683411e-07	-1.308431920092605e-07	-1.425965140679051e-07
1.35	-0.06933575305076288	0.08751371390721022	0.8585068490208198	0.6522024988164634	-0.2305790599528955	-0.1288838420176785	-0.3468445432136611	0.7514252359141699	0.7514252359139371	0.02674832407126313	0.1744531675588388	0.3456957489355557	0.08156603206886048	0.09202602400869905	0.04823301618520209	0.2405975152789621	-0.8920052456793985	0.02089032341704918	-0.1762071562878689	0.5179249564664593	-1.228780809039599	-1.228780809038849	0.1865455710720063	0.0001714299563616692	-0.4909992382905513	-0.1297109818735529	-0.08439227544198864	0.009592212621540712	0.0107056731703507	-0.3330238825374508	-0.04369407440887776	-0.004028328171444348	0.1509398218721653	-28.30250039414217	-57.65999022095988	-8.671167792623475	-1.783289597861413	16.19042950470919	-706.1071924583891	53.88776281660397	0.05383840626583175	0.09785283934999324	0.1540504028443253	-1.479715916650313	0.003974853965223598	-0.5255370029918505	1.420457649938092	-2.381769955237487	-2.381769955258288	0.4329870410665573	0.009601779395362045	-1.107168250218508	-0.2500185138397449	-2.291077837059781e-09	-1.048115310540776e-07	-6.557403051672089e-07	-5.956466027383012e-07	1.330903577359822e-07	-1.319775892016066e-07	-1.39542517802752e-07
1.36	-0.06841283412397726	0.08800087053293629	0.8609199675139326	0.6432094133078735	-0.2303700889130915	-0.130671251621777	-0.3415949402939251	0.7390196582608267	0.7390196582605607	0.02863609879553377	0.1744546948566509	0.34073078490721	0.08025643295225011	0.09253795785116435	0.04919092573815142	0.241966408699405	-0.9064885740710795	0.02090122593291041	-0.1812796930840559	0.5319462088192707	-1.252189756254949	-1.252189756254334	0.1909955351172309	0.0001352043197392355	-0.5019483646816526	-0.132188220017236	-0.08096206337490483	0.008513608056119596	0.01026289196348178	-0.3301389252925041	-0.04085312692924645	-0.004473475121057134	0.1474993919776758	-29.04519796991054	-56.63602192801179	-8.586080844633274	-1.910078708659078	15.958967981481	-703.6091507166793	53.88772683854204	0.05185879394747024	0.0938286452419187	0.1205525650137946	-1.422528731886951	-0.003575461408496338	-0.4691364122652542	1.38028600369445	-2.302634620204853	-2.302634620203668	0.4733971885016283	-0.03016824458379536	-1.083993183880999	-0.2489727862759396	1.930602439426086e-09	-9.587914628552425e-08	-6.507191764333359e-07	-5.309046038526174e-07	1.272080986781448e-07	-1.221551979570738e-07	-1.589633406759512e-07
1.37	-0.06748527466057784	0.08849743758735781	0.8633449907724934	0.6340750231689753	-0.2301611596446137	-0.1325094502640027	-0.3362065638169944	0.7263844274755215	0.7263844274750634	0.03056810801518776	0.1744558986817672	0.3356578070408536	0.07892260933988719	0.09296003913497934	0.05011955625244797	0.2429788510671033	-0.9202721194918666	0.02088880189168036	-0.1864008584850053	0.5456899758223565	-1.274698605564422	-1.274698605564085	0.1953569905745041	0.0001276459293519681	-0.5125854656420049	-0.1345408247522716	-0.07755002514443138	0.007486354749715956	0.009759435642604002	-0.327125948115243	-0.0378538566494673	-0.004953750294732228	0.1440815641526888	-29.79293047479482	-55.55299542652957	-8.508452435551646	-2.032775005334785	15.63190274061271	-700.9866588701794	53.85123526564532	0.03529367021371561	0.09196357277353154	0.08266119471006061	-1.33867533235224	0.0004340939412602468	-0.5397437741925526	1.365555436733581	-2.201342800257915	-2.201342800300183	0.4100185668069004	0.01717586036915167	-1.044292387669397	-0.2231964114692435	7.814248924613745e-09	-8.15763975648944e-08	-6.329847556602477e-07	-4.272036332849194e-07	1.170558607157488e-07	-1.063408130361229e-07	-1.906750802654366e-07
1.38	-0.0665539122095174	0.08900320761057234	0.8657783526791435	0.6248063159988601	-0.2299522526228882	-0.1344000879940988	-0.330681922992394	0.71352884165416	0.7135288416538424	0.03254223155770937	0.1744576720226067	0.3304803133977641	0.07756630126130315	0.09329855540347298	0.05103151949675479	0.2436341383168917	-0.9333519803197157	0.02089677662727478	-0.1917675106933046	0.5591990783501798	-1.29626076343151	-1.296260763431461	0.1994183997304722	0.0002491074043395091	-0.5228515200246655	-0.1366851132613578	-0.07413798691302263	0.006459101443803439	0.009255979322526961	-0.3241129709377281	-0.03485458636942107	-0.005434025467212418	0.140663736328384	-30.54490892842671	-54.47914846320459	-8.431096215859425	-2.156951840973619	15.32133954010745	-698.5027751471798	53.82123837552506	0.03514579088263729	0.09049519124396596	0.04912154143182692	-1.281791813299265	0.00050429395628905	-0.5182337737353374	1.333353108641572	-2.113296331727807	-2.113296331728591	0.4133879282405185	-0.00436427150894584	-1.009783868342672	-0.2073095410859622	2.046375728915303e-08	-3.814798403862661e-08	-5.082066477280028e-07	-1.158276092407423e-07	8.04684676363284e-08	-6.100351847601947e-08	-2.714998836195178e-07
1.39	-0.06561955829475889	0.0895179711806024	0.8682165109467446	0.6154102147995695	-0.2297436103198394	-0.1363433133651534	-0.3250235992873008	0.7004622500577763	0.7004622500574125	0.03455779873933821	0.1744601054809416	0.3252017672142724	0.07618879713297098	0.0935541470092502	0.05191339093136637	0.243939830535003	-0.9457445638937115	0.02083082668450363	-0.1968909726875792	0.5724088961873548	-1.316903629339992	-1.316903629339923	0.2036731511416209	0.0002433027743689114	-0.5328049583627709	-0.1387916125880301	-0.07048662196844674	0.005320622937929472	0.008740676683009058	-0.3212249752372857	-0.03163914195263288	-0.00595473714973038	0.1370268566898772	-31.30045623167154	-53.33637669150609	-8.361251039914903	-2.277627058176313	15.0244885330311	-695.9385139776193	53.80121069925669	0.01805959736330472	0.0858640784726446	0.01264571234660977	-1.199431084196085	-0.01020658725833631	-0.511342927462536	1.306281148778952	-2.016701485518267	-2.016701485514303	0.4282287786826437	0.002249757285920624	-0.9802056302633185	-0.2086855080122713	3.715095742040249e-08	2.266187461358747e-08	-3.195476297169036e-07	3.194835273619864e-07	2.810525618061829e-08	1.952286675192311e-09	-3.816340959944084e-07
1.4	-0.0646831897135904	0.09004131965675943	0.8706559966665949	0.6058938998736662	-0.229535639906022	-0.1383381614591639	-0.3192348803983137	0.6871938458490099	0.6871938458489943	0.0366152554413704	0.1744626685566349	0.3198252702846519	0.07479095493544978	0.09370148869266097	0.05274850072215057	0.2438996287663848	-0.9573947256574992	0.02076239878710461	-0.2020920552894727	0.5852781151254934	-1.336623285852927	-1.336623285852828	0.2077963037980168	0.0002750307854171748	-0.5424416692496594	-0.1407527270968736	-0.06683525702312132	0.004182144432266654	0.008225374047317054	-0.318336979536759	-0.02842369753586232	-0.006475448832172234	0.1333899770520092	-32.05680605955425	-52.20198325752609	-8.290362282242398	-2.401336320448654	14.73431133224161	-693.503961976255	53.82208487104533	0.01349580640861214	0.08114286247853493	-0.02005725591405659	-1.13330745125754	8.703030618125752e-06	-0.5337578952590981	1.265233328833877	-1.928654452618525	-1.928654452617321	0.3870681772898361	0.003142256694703983	-0.9464383780992836	-0.1782325775200804	4.637078574887119e-08	4.714639896867302e-08	-2.727589794015334e-07	5.040722256934485e-07	1.046395177115985e-08	2.461928994940663e-08	-4.498372023551007e-07
1.41	-0.06374590156412574	0.09057283171362532	0.8730933475055045	0.5962648083649625	-0.229328426784635	-0.1403852258922475	-0.3133190756566955	0.6737330138860037	0.6737330138860046	0.0387134919917571	0.174465678056422	0.3143541224756228	0.07337417346199869	0.09374199511217178	0.05355059310934575	0.243513874729029	-0.9683053055532462	0.02067718302042576	-0.2073101291575746	0.5978289651494006	-1.355377483983264	-1.355377483983214	0.2118457954264359	0.0003176766691502524	-0.5517221531124662	-0.1425803340770364	-0.06306447622431553	0.002826322727086483	0.007728065568533186	-0.315591495736587	-0.02473406879373828	-0.007048032891245958	0.1296742799580688	-32.80812424638391	-50.90953081506432	-8.216285896626937	-2.52331574933214	14.29017717815742	-690.9677762774246	53.87353181683116	-0.00278739978135218	0.07924828251050106	-0.05633019255046172	-1.052186116368082	-0.01317712108965434	-0.5141453789689995	1.241930631445952	-1.823969585054426	-1.823969585062238	0.4130918376518179	0.003533356525681801	-0.9089861897410543	-0.1815292913561875	5.073682240553202e-08	4.801945603062317e-08	-3.181860680883942e-07	5.256913391485744e-07	1.539188694176678e-08	2.109857200357053e-08	-4.90785089806562e-07
1.42	-0.06280863144244306	0.0911122658654975	0.8755251416610573	0.5865301604858194	-0.2291221439020073	-0.1424841337131744	-0.3072793784563631	0.6600896065231723	0.6600896065234318	0.04085206389466332	0.1744688555358317	0.3087921432680842	0.07193981501211191	0.0936978831516545	0.0543329197234113	0.2427882920947258	-0.9785059997543425	0.02057635107084827	-0.2124607328810609	0.6100566068644071	-1.373138365786194	-1.3731383657862	0.2158633743362465	0.0003086266453604775	-0.5606079489500919	-0.1442681223808593	-0.0592936954246555	0.001470501022203911	0.007230757091408749	-0.3128460119362975	-0.02104444005154178	-0.007620616949869724	0.1259585828648343	-33.5517502136361	-49.62694645467466	-8.14151129466603	-2.648177907204743	13.85534055478809	-688.5842650519796	53.97043532120617	-0.003427869597954047	0.07718970785274522	-0.0880229753035547	-0.9913303123273448	-0.003114533549239701	-0.5202638663360648	1.200591667053155	-1.729991187137032	-1.729991187137434	0.3806856335680263	-0.007196924810011547	-0.8675007730628859	-0.150268842251955	5.535854176352838e-08	5.075789954922224e-08	-3.628656047084749e-07	5.570004337606882e-07	1.879084876648711e-08	2.27890261519732e-08	-5.379260653464733e-07
1.43	-0.06187224371103855	0.09165938887135464	0.8779479947734093	0.5766971293722558	-0.2289169586144108	-0.1446343660815174	-0.3011191008700409	0.6462736083790306	0.646273608378629	0.04303058408077279	0.1744718240020779	0.3031432658961699	0.07048925400669645	0.09356423931511303	0.05508458861401257	0.2417271467272411	-0.987972923242083	0.02046195817312882	-0.2175891016978983	0.6219357925671325	-1.389888786592627	-1.389888786592679	0.2198191489190975	0.0002846924325500113	-0.5691009998564291	-0.1458158326209911	-0.05542834942414725	0.0001106314254831355	0.006743528622417044	-0.3100390304600552	-0.01730439998212262	-0.008304019711576781	0.1221461022484572	-34.28497308747333	-48.33071606317962	-8.122347081097317	-2.752898765497237	13.45390873351627	-686.104894809725	53.97285461505442	-0.02063904544780704	0.07309597840329987	-0.1234317652626969	-0.9052710079591111	-0.01534257971900965	-0.5095318555094716	1.172114346447541	-1.621708508298731	-1.621708508305042	0.3997738172822137	5.083855421615397e-05	-0.8302202663407537	-0.1527796800889271	6.016100234143435e-08	5.481497832165938e-08	-4.070166993503146e-07	5.95159342638949e-07	2.110898460532205e-08	2.816323988423443e-08	-5.894449135006337e-07
1.44	-0.06093765369901318	0.09221381666586576	0.8803585821425255	0.5667732494956821	-0.2287128654382916	-0.1468359638311788	-0.2948419249617567	0.6322952778305776	0.6322952778296265	0.04524801210191531	0.1744745616279562	0.2974114554118011	0.06902406438582885	0.09333833928805343	0.05579387745420868	0.2403351434472711	-0.9966757523682733	0.02035792880196476	-0.2227338091608346	0.6334362712525023	-1.405604846635223	-1.405604846635318	0.2236449413675047	0.0002624585425467632	-0.5771945714396597	-0.1471938454689172	-0.0515630034227747	-0.001249238170960348	0.006256300153731235	-0.3072320489836814	-0.0135643599126351	-0.008987422472870165	0.1183336216328034	-35.00499761608049	-47.0443818997227	-8.101987351377726	-2.861155243000124	13.06047158002128	-683.7812774969644	54.0254710094944	-0.02187910770263515	0.0687136977719519	-0.1541945578006073	-0.838511440017324	-0.001041828238213444	-0.523531595555891	1.124850263581418	-1.523119034369456	-1.523119034369608	0.3546892066792114	-0.006856860248678745	-0.7876049084412058	-0.1163293638106481	6.557671207606682e-08	5.800853202349447e-08	-4.639308575420033e-07	6.276710904370704e-07	2.506870005581426e-08	3.275789280167647e-08	-6.438776621771894e-07
1.45	-0.06000575327660723	0.09277511980874513	0.8827536079149702	0.556766175161256	-0.2285098304932964	-0.1490890619765186	-0.2884517350228385	0.618165080153283	0.6181650801526415	0.04750318905300592	0.1744771645284845	0.2916007540935321	0.06754585097451639	0.09302952685493068	0.05645882395380603	0.2386161571465525	-1.004608230017103	0.0202481086786386	-0.227876209914037	0.6445279845255909	-1.420248376785054	-1.420248376785067	0.2273779234823207	0.0002532803419122027	-0.5848724905453645	-0.1484235514827597	-0.04756305937560403	-0.002755370108123655	0.00578095794813107	-0.3044904196903588	-0.0095402866992536	-0.00976000959597049	0.1144060041268564	-35.70891158360484	-45.66495338369315	-8.109917760694721	-2.958210507174464	12.61150859137598	-681.3430937846873	54.04715306822272	-0.03720749911796584	0.06420258416948454	-0.1888210364140151	-0.7509754576787132	-0.01602682948133332	-0.5080426977170451	1.090272057767613	-1.407038027367413	-1.407038027354807	0.3806874239466253	0.001432467990828356	-0.7468940008355469	-0.1225073588527645	7.146330955604284e-08	6.053902183183157e-08	-5.306452252451831e-07	6.55846625262942e-07	3.028891413668614e-08	3.675395437916806e-08	-7.005478701834413e-07
1.46	-0.05907730601618073	0.09334283590824338	0.8851298297503641	0.546683704144347	-0.2283079086946476	-0.1513932738058367	-0.2819528399114475	0.603894033570075	0.6038940335697959	0.04979531276726483	0.1744795518005642	0.2857154718663583	0.06605609727532219	0.09264770690184086	0.05707646877798555	0.2365743560369317	-1.011755088880459	0.02013529955117368	-0.2329565459678122	0.6551773057425181	-1.433774627818046	-1.433774627817974	0.2310342939996667	0.0002193328597408898	-0.5921107532191079	-0.1495019030438562	-0.04356311532747463	-0.004261502044914473	0.005305615741569941	-0.3017487903968151	-0.005516213485746073	-0.01053259671849869	0.110478386621676	-36.39372548064097	-44.29555741326642	-8.116453366846217	-3.059088199893137	12.17008251535979	-679.0642502094072	54.12266728154266	-0.03648061169707945	0.0592533626887194	-0.2187575195810272	-0.6813876829224481	-0.001639629065924229	-0.511118655670481	1.036371852348501	-1.299663211001704	-1.299663211001401	0.3393668871851944	-0.01181071655609161	-0.6996736220484928	-0.08605847326132944	7.789197282547103e-08	6.297106475062666e-08	-6.053800057863244e-07	6.836205081494339e-07	3.626933472604469e-08	4.117089142554377e-08	-7.608914634690863e-07
1.47	-0.05815303543976157	0.09391646635355939	0.8874840333232077	0.536533763945768	-0.2281071954218086	-0.153748049481043	-0.2753498160065276	0.5894934443845228	0.5894934443847487	0.05212368861228724	0.1744816280849317	0.2797600309974496	0.06455622912363292	0.09219498697815491	0.05763882005685597	0.2342138736801503	-1.018092032505211	0.02000485782572596	-0.2379817110689068	0.6653375211396456	-1.446141091584589	-1.446141091584761	0.2346314164513186	0.0001906032119487275	-0.5988992523734891	-0.1504487699066424	-0.03937906584188658	-0.00591626311172686	0.00483532598342104	-0.2991225054953996	-0.00117976412026726	-0.01141830594086688	0.106390898916442	-37.05635452193131	-42.82632857739024	-8.162099853904367	-3.145206787950468	11.68806442164035	-676.6763856276651	54.1535168671347	-0.05137303934106154	0.05311518208147438	-0.252556681056082	-0.5887018808853175	-0.01906016707377023	-0.4955579247086622	0.9923532674997374	-1.174837912438591	-1.174837912475243	0.3684113414691562	0.0009130162222045846	-0.6566979922778794	-0.09558542576045403	8.477235758610938e-08	6.53210685948034e-08	-6.867984636924337e-07	7.110596810864429e-07	4.288326073914212e-08	4.593855802932291e-08	-8.242962111542253e-07
1.48	-0.05723363313394659	0.09449539814598257	0.8898130594550175	0.5263246834753044	-0.2279078493108342	-0.1561525453047051	-0.2686478885707934	0.5749752505707812	0.5749752505715067	0.054487740965427	0.17448328049363	0.27373905315096	0.06304757537671821	0.09167405278903039	0.05813673819942235	0.2315388678299904	-1.023583143275324	0.01986186718857517	-0.2429005756651452	0.6749580119010112	-1.457295553469486	-1.457295553469904	0.2381695955954818	0.0001345577686949607	-0.6052181487336794	-0.1512590220883416	-0.03519501635527511	-0.007571024178137142	0.00436503622320056	-0.2964962205936656	0.003156685245378627	-0.01230401516260336	0.1023034112119948	-37.69367762128665	-41.36717438076094	-8.206025605552504	-3.235580556978106	11.2127547170916	-674.4506287917011	54.24190660065631	-0.05012346478566062	0.04636673542833916	-0.2816622182567186	-0.5122211119942973	-0.004149411406420929	-0.4898585546992196	0.9284269251956587	-1.057262834672688	-1.057262834672717	0.3275782256875091	-0.01727387564842578	-0.6057530632098269	-0.05873553704380761	9.162415135607753e-08	6.744387392489082e-08	-7.681389508081621e-07	7.358723675758386e-07	4.954404129500391e-08	5.080750412735313e-08	-8.84996099875169e-07
1.49	-0.05631974905678101	0.09507897042346392	0.892113784983995	0.5160649624188154	-0.2277100441647222	-0.1586058497942945	-0.2618525839736197	0.5603517224063422	0.5603517224063578	0.05688687167643463	0.1744844358551573	0.2676572887749215	0.06153145129710817	0.09109429500978743	0.05856495313522842	0.2285558768378215	-1.028212373326251	0.01969615883288143	-0.2477426183150201	0.6839995261635803	-1.467190018061168	-1.467190018061557	0.2416437006437573	9.550325017986845e-05	-0.6110487222725438	-0.1519427068224752	-0.03088403719885599	-0.009382013215023452	0.003894720558545575	-0.2939480169959388	0.007751201134709142	-0.01328874223593121	0.09811125092745085	-38.30252298592244	-39.82613996771457	-8.284135327295076	-3.314202097850024	10.69654837964806	-672.1485307852714	54.29496395784618	-0.06316405921586499	0.03914616281636405	-0.3141600641695207	-0.4159615195778478	-0.0231811280917182	-0.4785813892509826	0.8765064706378852	-0.9225494345171216	-0.9225494345128419	0.3553259001748161	0.002749687291744705	-0.5587904255155657	-0.06977059020493606	9.845010326909375e-08	6.936132675185905e-08	-8.494089643248924e-07	7.583111143914299e-07	5.624717114913348e-08	5.576799130672566e-08	-9.432512122246284e-07
1.5	-0.05541191498238401	0.09566644430833453	0.8943831720981591	0.5057634115483112	-0.227513976018267	-0.1611070155642036	-0.2549699656750326	0.5456358473633809	0.5456358473627625	0.0593203432891967	0.1744851948568333	0.2615198024782299	0.0600091732404351	0.0904640522416706	0.05891705967728081	0.22527118486715	-1.0319491060946	0.01951446725945691	-0.2524728317296335	0.692420752180212	-1.475764929176899	-1.47576492917726	0.2450377759230937	5.528582147503787e-05	-0.6163625328630404	-0.152489817500877	-0.02657305804155088	-0.01119300225165944	0.003424404892747142	-0.2913998133979219	0.01234571702416625	-0.01427346930886511	0.09391909064358714	-38.87974068730276	-38.29515682209313	-8.360282453705425	-3.397388985295241	10.18609700491021	-670.0101755330006	54.40857476306473	-0.06022046256103007	0.03114505667810489	-0.3420024139571944	-0.3337216554784786	-0.007346054952511288	-0.4674927076468997	0.8043692760079976	-0.7933521394828388	-0.7933521394828253	0.3115722718997705	-0.01750645768635649	-0.5024004735357774	-0.03142072589734816	1.059457837900945e-07	7.11428084491391e-08	-9.383654855730986e-07	7.797739225597147e-07	6.364852621893265e-08	6.06635463053458e-08	-1.00365097206886e-06
1.51	-0.05451062943794489	0.09625704452337885	0.8966182423479654	0.4954289737200476	-0.2273198616837006	-0.1636550593629212	-0.2480063453733	0.5308408925000362	0.5308408924993163	0.06178739830088805	0.1744857350516617	0.2553317766231947	0.05848203384113151	0.08978397308165836	0.05918849169592251	0.2216960417206605	-1.034782798971388	0.01930402216212275	-0.2571111206025571	0.7001897485231894	-1.482995586683586	-1.482995586683723	0.2483627849287282	5.069284700912584e-05	-0.6211525643501836	-0.1529171739957604	-0.02211897972833383	-0.01315160245839295	0.002945724172715566	-0.289013039540044	0.0172670094964494	-0.01539089886760869	0.0896246464570207	-39.42219162114532	-36.66642742335276	-8.484412377885283	-3.464399047643383	9.626289669171641	-667.8724830873962	54.46991583608194	-0.07325611053785291	0.02298371061246129	-0.372280174022795	-0.234835795541522	-0.02851439459255599	-0.4581205155181591	0.7461308663931293	-0.6533776964195109	-0.6533776963861695	0.3413010968459609	0.007885224614504501	-0.4537706536966639	-0.04533431570747648	1.1409779834692e-07	7.279103843932471e-08	-1.034854784398152e-06	8.002803108536392e-07	7.173414200008804e-08	6.549546776682861e-08	-1.06615248645797e-06
1.52	-0.05361641557869805	0.09684992734583972	0.8988161591845066	0.4850708704247224	-0.2271279759315783	-0.1662487107580637	-0.2409684418975381	0.5159805400336513	0.5159805400328774	0.06428737057921551	0.1744861935048903	0.2490985572198044	0.05695123263599584	0.0890497152089654	0.05937358116058591	0.2178405022139757	-1.03668219951866	0.0190687507659526	-0.261594351011553	0.7072773869842381	-1.488844449796559	-1.488844449796475	0.2516212292123629	3.89375502252606e-05	-0.6254012425330379	-0.1532221786675925	-0.01766490141441972	-0.01511020266497586	0.002467043451073775	-0.2866262656818371	0.02218830196885582	-0.01650832842609567	0.08533020227095553	-39.92718873673728	-35.04749035897109	-8.606136514198941	-3.536499618869545	9.070933721430567	-665.896912063562	54.5946088364036	-0.07105620509749025	0.01387654588301744	-0.398081685996244	-0.1468631895753115	-0.01231131471963524	-0.4364810148613701	0.668097699622349	-0.516993260740683	-0.5169932607409241	0.2982593274999756	-0.01893892214988401	-0.3941298126774826	-0.006950361287000252	1.222375218290273e-07	7.576664730107571e-08	-1.129799019931401e-06	8.233686109679142e-07	7.828605422565363e-08	7.663448575012177e-08	-1.128346524034072e-06
1.53	-0.05272971535011593	0.09744424317209717	0.9009741966332033	0.4746982296419403	-0.2269385969339403	-0.1688866263437868	-0.2338631833584473	0.5010685090311872	0.5010685090306385	0.06681959549295548	0.17448669482521	0.2428255436347901	0.05541795196241608	0.08827986871555041	0.05947601876035198	0.2137254980951135	-1.037690651588887	0.0188036102088452	-0.2659652656403291	0.7136617106681254	-1.493329842280565	-1.493329842280501	0.2548090231944889	6.206464381439017e-05	-0.6291075940054077	-0.1534120443583939	-0.01313547805789324	-0.01723155652245329	0.001971414099555349	-0.2844241021520845	0.02742913158338377	-0.01773971452831872	0.08101297489936521	-40.3943974535925	-33.33741500525415	-8.766402445554188	-3.596734567208674	8.448659369422003	-664.0293476204398	54.69093821051624	-0.08151045445564471	0.006409737890902058	-0.4244123841680809	-0.05453207598380889	-0.03410930975972298	-0.4337000997139097	0.6067081772863386	-0.3795529256493874	-0.3795529256522567	0.3267093635357851	0.01318962879249245	-0.34477855581016	-0.02181595627454919	1.303641860442463e-07	8.015259621386492e-08	-1.223101625717109e-06	8.492001923913116e-07	8.320840642340505e-08	9.44747937878384e-08	-1.190213867496353e-06
1.54	-0.05185102590309331	0.09803917984852473	0.9030898435188509	0.4643201651664525	-0.2267519681185391	-0.1715675117583884	-0.226697459887609	0.4861185759672987	0.4861185759669715	0.06938323233274145	0.1744874776368371	0.2365182883867893	0.05388341037527102	0.08744755890241587	0.05949775119460279	0.2093623896039836	-1.037766938068583	0.0185187143095296	-0.2701883167821745	0.7193703733326382	-1.496424862101276	-1.49642486210123	0.2579036143752693	9.5235884613966e-05	-0.6322495751294969	-0.1534743613811169	-0.008606054700808986	-0.01935291037987392	0.001475784746067536	-0.2822219386219963	0.03266996119801176	-0.01897110063041227	0.07669574752816871	-40.82297607684571	-31.63494395195379	-8.923710566564381	-3.662340974705125	7.826468166040782	-662.2915005060036	54.85030449752712	-0.08354886904157707	-0.002264487219418512	-0.4477025604497329	0.03956992853093909	-0.0162623831611894	-0.4069083174752855	0.5329654957476736	-0.2389187280821835	-0.2389187280821694	0.2796187672310467	-0.01693009270772372	-0.2812557430208391	0.01855937232875956	1.383702071686813e-07	8.415055813182409e-08	-1.312636988177386e-06	8.722389478296452e-07	8.807760608685177e-08	1.108422856870814e-07	-1.247184127203613e-06
1.55	-0.05098093209255268	0.09863392709042325	0.9051607081887972	0.4539458083907875	-0.2265682821104861	-0.1742900564672454	-0.2194780901685163	0.4711444224334659	0.4711444224331363	0.07197733280533081	0.1744887549984455	0.2301823416441936	0.05234886509182438	0.0865549790233215	0.0594374491765977	0.2047758760437548	-1.036949982028301	0.01821863347912519	-0.2742946178627387	0.7243954375387357	-1.498186748774137	-1.498186748774129	0.2608965927690614	0.0001562477704952343	-0.6348507957903083	-0.1534109560730605	-0.004037591353479393	-0.02155684485152506	0.0009573823001375898	-0.2801773407987805	0.03807257916796652	-0.02033631143171724	0.07238831019836603	-41.2121880073436	-29.90069557238564	-9.139291488692887	-3.712126694480034	7.205137533055593	-660.7692502345602	54.94607788162327	-0.09453883899830018	-0.0100311472967269	-0.469299272356154	0.1259320433717666	-0.03685275359062982	-0.408404897485425	0.4710569402448665	-0.1119893771759512	-0.1119893771816848	0.306012520744445	0.01716831636360296	-0.236177512701089	0.003671531732589941	1.46237226471126e-07	8.770149155573999e-08	-1.397831831154016e-06	8.920598820243187e-07	9.288556478686048e-08	1.255128372528656e-07	-1.298512094758349e-06
1.56	-0.05012024933915809	0.09922764769449952	0.9071846730194379	0.443584255895887	-0.226387591274805	-0.1770528469657647	-0.212211713795915	0.4561592168849215	0.4561592168846092	0.07460073809107845	0.1744905527760222	0.223823058237969	0.05081564194579812	0.08556534747801567	0.05929242363015438	0.1999824217427124	-1.03520608192419	0.01791967982426152	-0.2782374747087942	0.7287717040330417	-1.498635265058471	-1.498635265058501	0.2637645769744941	0.0001993191415155669	-0.6369169078546952	-0.1532099338974749	0.0005308719943631197	-0.02376077932321352	0.000438979852726896	-0.2781327429752655	0.04347519713798318	-0.02170152223303471	0.06808087286894775	-41.5617023370314	-28.17211729237637	-9.351247368438209	-3.767765588795159	6.579753671121629	-659.3488544136368	55.10467541763443	-0.1029592022841623	-0.01920919290644732	-0.4890907086124118	0.2249587412968137	-0.01603694805296874	-0.3742194705735875	0.4032059533894985	0.02375534962263677	0.02375534962263812	0.2546199295593539	-0.02051819567989283	-0.1742340237353946	0.04608274583469172	1.551082342759252e-07	9.056080411149859e-08	-1.49750364875045e-06	9.07417548645351e-07	9.919829675613123e-08	1.396507319091099e-07	-1.351808199747561e-06
1.57	-0.04926987156095883	0.09981957623276351	0.9091597724633804	0.4332443887796423	-0.2262099021967782	-0.1798545158260738	-0.2049047767743829	0.4411757909426757	0.4411757909424157	0.07725222184916281	0.1744929074924931	0.2174457604314092	0.04928508992840055	0.08448884323872112	0.05908681396400962	0.195010626527197	-1.032629649143014	0.01761906355917131	-0.2820650954278394	0.7325259988200344	-1.497851523430846	-1.497851523430921	0.2665152718506044	0.0002619019262270583	-0.6384522736023569	-0.1528767758380269	0.005216745672303076	-0.02627760826074259	-0.0001257574598398102	-0.276603329130546	0.04960693152588826	-0.02317447405805904	0.0637690689407535	-41.87155009212813	-26.22864303303854	-9.575028302628368	-3.818480476985934	5.754114737607314	-658.2201159267368	55.31597503919224	-0.1131942703296536	-0.02218493869768489	-0.5052178298893977	0.2946471249892086	-0.03695677375359417	-0.3821543744706722	0.3480860225147616	0.1354093487456236	0.1354093487389849	0.2825837324612558	0.01834498661930726	-0.1295942826819697	0.03033076958489237	1.652342277086678e-07	9.255559058206055e-08	-1.615271684621639e-06	9.171961307993321e-07	1.073919953119795e-07	1.531228054284293e-07	-1.407564476529869e-06
1.58	-0.04843089847229421	0.1004092590573193	0.9110843551747964	0.422934418306943	-0.2260351958429609	-0.1826934850939772	-0.1975629878487395	0.4262061475726414	0.426206147572467	0.0799306704492788	0.1744956277307611	0.2110558276808904	0.04775854917831604	0.08328440957636375	0.05884328088851297	0.1898790752373177	-1.029226753223365	0.0173231349734222	-0.2856975562228834	0.7357420848534929	-1.495878750626676	-1.495878750626795	0.2691575453596953	0.000272423553870757	-0.6394438966460317	-0.1524076804351877	0.00990261935074924	-0.02879443719836031	-0.0006904947734917882	-0.2750739152855682	0.05573866591382783	-0.02464742588316114	0.05945726501296925	-42.14215439973765	-24.28870891415527	-9.794893700110322	-3.87500068787927	4.920943755822391	-657.1605211691137	55.58826638478499	-0.1285450868974254	-0.02679387477624091	-0.5210419234851735	0.3902513689915788	-0.01509941218468081	-0.3351874857733235	0.2955642026824354	0.2615615849314162	0.2615615849313926	0.232935656155536	-0.03093042709350413	-0.06548548293748016	0.07327021451304357	1.716638972220108e-07	9.934283410784807e-08	-1.667977201066962e-06	9.511132541489768e-07	1.070321265552116e-07	1.796658810115976e-07	-1.453163955461135e-06
1.59	-0.04760444471251356	0.1009962209352337	0.9129568918169368	0.4126625269058688	-0.2258633091014679	-0.1855679742523168	-0.1901919290393062	0.4112621234975395	0.4112621234973141	0.08263470598789006	0.1744982397989627	0.2046586008027794	0.04623750284715519	0.0819866193966506	0.05853241446966018	0.1846051194299477	-1.024991512533701	0.01707192337276429	-0.2892124073473354	0.7383757598115084	-1.492710093554836	-1.492710093554972	0.2715779160646306	0.0002745378712888223	-0.6399106920562709	-0.1517575739819672	0.01426353845376289	-0.03090681584974798	-0.001257121853810267	-0.272911794827608	0.06082381811600508	-0.02628754464691399	0.05536952350223141	-42.37425887756253	-22.70615909674354	-10.15631081628372	-3.901670555477684	4.436097867984446	-656.2380782596597	55.56872369779452	-0.1333474996027563	-0.03571747133878348	-0.5339924057645045	0.4641726226268786	-0.02746948242434414	-0.3612407353750827	0.2331815580553394	0.3768786092243694	0.3768786092219207	0.2356909118414295	0.01964777108188185	-0.02362451377734356	0.0673539681879216	1.730771271304546e-07	1.126341264942985e-07	-1.632383584005755e-06	1.017789826264163e-06	9.506384501703668e-08	2.239481736814172e-07	-1.484979208737415e-06
1.6	-0.04679155915774529	0.1015795772597789	0.9147760049017221	0.4024377903525068	-0.2256934019655769	-0.188477933283861	-0.182797350997135	0.396356258161375	0.3963562581611001	0.08536076586038806	0.1745016460920844	0.1982594363818253	0.04472425220201914	0.08057076857324985	0.05812217021468036	0.1791943637661376	-1.019795783697112	0.01692721383542584	-0.2927915308555294	0.7404459313973356	-1.488247002846453	-1.488247002846604	0.2735624121367313	0.0004312685856226655	-0.6398314052149255	-0.1508485432303051	0.01862445755734078	-0.03301919450135285	-0.001823748934736393	-0.2707496743694717	0.06590897031810909	-0.02792766341103659	0.05128178199203367	-42.5689742754186	-21.12424989139276	-10.5124000643831	-3.935404130363493	3.933181220960628	-655.3462264045147	55.61276537125899	-0.1521572156360961	-0.04666944200109572	-0.5484018947731918	0.5823489983767149	0.006201000479301277	-0.3480419625216065	0.182863528244168	0.5204483122399692	0.5204483122399923	0.1457607295886087	-7.147710513379785e-06	0.04373096738007064	0.1250550742015311	1.911092471466439e-07	1.717294700548552e-07	-1.598431627501641e-06	1.403934219016782e-06	5.943017903537217e-08	3.507442577442034e-07	-1.773568338118376e-06
1.61	-0.04599298556177743	0.1021584802030613	0.9165404324270682	0.3922686417105155	-0.2255255489240641	-0.1914208409920582	-0.1753856050496593	0.3815008088981074	0.3815008088979733	0.08810789534148998	0.1745052606967535	0.1918634265076734	0.04321981164053105	0.07911971126574639	0.05765290050741254	0.173670040478503	-1.013873312397712	0.01664375954300132	-0.2957555628340499	0.7417859510404849	-1.482606852234981	-1.48260685223503	0.2758255077244005	0.0002895005665882544	-0.639258483632162	-0.1500120368492641	0.02383740750048523	-0.03636813722770571	-0.002444044503502075	-0.2703906736208842	0.07347688519599697	-0.02971009709736688	0.04660543894759588	-42.72766210778863	-18.75528310856253	-10.79550898281813	-3.977321827640577	2.823045721031634	-654.6037748398776	56.01165237234659	-0.1451932443902678	-0.04789433852929296	-0.5574621961058486	0.6213273198228231	-0.04523105235167929	-0.2649744135171043	0.09197512261874004	0.6211460964870117	0.6211460965025121	0.2609212843999733	-0.02111001485635499	0.08091088720401594	0.06716291611727576	2.336542300717572e-07	2.983857890972181e-07	-1.566901120319238e-06	2.261293647209607e-06	-1.11099290004391e-08	5.992481841116142e-07	-2.440898934753736e-06
1.62	-0.04520964519016066	0.1027325227285827	0.9182490137894652	0.3821635440063469	-0.2253604529071809	-0.1943922671396115	-0.1679639781176779	0.3667088306731883	0.3667088306731489	0.09087652324051189	0.1745074879439001	0.1854765134760465	0.0417245790420646	0.0775241237151221	0.05715008666247181	0.1680251311762614	-1.006985596134212	0.01637580892084704	-0.298495218732583	0.7424221282944203	-1.475552795188095	-1.475552795188042	0.2778620957539147	0.0001537971133066167	-0.6380120367102357	-0.1490069506257667	0.02905035744405474	-0.03971707995446411	-0.003064340072953364	-0.2700316728721831	0.08104480007379369	-0.03149253078409655	0.04192909590366902	-42.85197650071765	-16.38168881724338	-11.07206458388288	-4.026845686561584	1.656232736430022	-653.8288731917507	56.54172872050993	-0.1810632642616438	-0.05337826953513433	-0.5725190976945871	0.7753979911964788	0.009301734533358127	-0.3031667465240689	0.04209505040060376	0.8032295993227101	0.803229599322796	0.1004592179575961	0.001205765439676846	0.178436035213244	0.1587710426930364	2.56107631951101e-07	3.526287845064841e-07	-1.611615199341269e-06	2.619151740680947e-06	-3.755043145575699e-08	7.273139468940323e-07	-2.741207656780756e-06
1.63	-0.04444258595043594	0.1033012290923544	0.9199006012759022	0.372132141420331	-0.2251976014981776	-0.1973912912302885	-0.1605399526079395	0.3519948690722355	0.3519948690724135	0.093663136416251	0.1745094000450941	0.1791055670230163	0.0402407521140553	0.07589481618319202	0.05657177127905348	0.1622746109041549	-0.9991298298853354	0.01617742135073333	-0.3012183903714932	0.7422314213292607	-1.466963254270738	-1.466963254270633	0.2794597398434913	0.0002019905350839758	-0.6360639817642334	-0.1477546385401627	0.03370098201428417	-0.04263475596698625	-0.003580712598243152	-0.2686871297471604	0.08692322259252583	-0.03350581436397106	0.03761644315356515	-42.94386860112068	-14.57555945784725	-11.55552375727463	-4.035059305479722	1.04032364190483	-653.1608604573033	56.63943824714438	-0.1527898978598255	-0.06296338813600387	-0.5788576710746557	0.8154505688863408	-0.03685120771501833	-0.2428719361777077	-0.0723864195780584	0.9282089317057366	0.9282089317134968	0.189192582585974	0.002963163231345409	0.2200169045255333	0.1089568198769235	2.463087589938167e-07	2.906293393468391e-07	-1.778721903586197e-06	2.175178744204693e-06	6.80053820497539e-09	6.620447628689743e-07	-2.452349685357587e-06
1.64	-0.04369160486608003	0.1038635712592131	0.9214941757237941	0.3621842534222371	-0.2250372224057952	-0.2004147429500722	-0.1531223807377668	0.3373750813992763	0.3373750813995377	0.09646568114816	0.1745110614869748	0.1727575064555022	0.03876954741257686	0.07430849264339251	0.05587724727986959	0.1564225234671912	-0.9902826785503061	0.01588134558355766	-0.3033807445545441	0.7411314003800085	-1.45671800960287	-1.456718009602713	0.2810484070582779	0.0001036652642617437	-0.6334348596089731	-0.1464825053192761	0.03835160658441194	-0.04555243198008299	-0.004097085123987115	-0.2673425866222192	0.09280164511099882	-0.03551909794471815	0.03330379040357714	-43.00528193446878	-12.76150511768985	-12.03213039537551	-4.050608751995747	0.3706599844946412	-652.4086404848762	56.82284297212463	-0.1724664658368288	-0.07661999268762448	-0.5928325306660334	0.9736750084268488	-0.01023590487902491	-0.1910032553521224	-0.1397677464185038	1.134370349425006	1.13437034942505	0.0986638429996695	-0.02809797308047993	0.3146494770655609	0.1627352697497357	2.462372422545226e-07	2.498960196490116e-07	-1.959246634632547e-06	1.886785185940498e-06	4.191450496232389e-08	6.277326063053407e-07	-2.292595736303703e-06
1.65	-0.04295617416835589	0.1044184250852069	0.9230288001154029	0.3523296019124705	-0.2248802229568918	-0.2034579627142624	-0.1457206150706347	0.3228660142672624	0.3228660142673944	0.09928361807586918	0.1745118084109757	0.1664392035760975	0.03731130126133449	0.07278266470903642	0.05507694770006339	0.1504902183499507	-0.9804729506448806	0.01550960857099385	-0.3051987409995108	0.7390559399095148	-1.444800343910386	-1.444800343910336	0.2825028574081331	4.626674544254937e-05	-0.6300967492405878	-0.145148728041796	0.04336121170625425	-0.04902248669139942	-0.004687149845999189	-0.2669612359578136	0.09975574375247018	-0.03770490545248591	0.02876437523459515	-43.03724075580885	-10.63126151647704	-12.5314506680282	-4.058939161468277	-0.5003826667657398	-652.0254314048376	57.09620827703969	-0.1418799667827458	-0.08420581043890696	-0.5951178507115478	1.010841208760182	-0.05193168613345046	-0.1671751847941881	-0.2663041688328365	1.264670750941647	1.264670750925866	0.1632490679261129	0.005856703197406653	0.3627811785943462	0.1212558987229315	2.631885988967131e-07	2.463784195093702e-07	-2.163252912581383e-06	1.870655644547444e-06	6.08637166387475e-08	6.475952477992072e-07	-2.3587738263961e-06
1.66	-0.04223584955193018	0.1049647817414399	0.9245037637861461	0.3425782915871073	-0.2247271986954817	-0.206517357911983	-0.1383445778025032	0.3084849650063669	0.3084849650064219	0.1021149821935747	0.1745120648492929	0.1601581596727631	0.03586690427126027	0.07128727639302	0.05417781332771419	0.1444903792940325	-0.9696144416529544	0.01508630809117354	-0.3066158312735606	0.7359857205803683	-1.431114435346662	-1.431114435346719	0.2837338452360445	5.568005800519744e-06	-0.6259830643974381	-0.1437126730853246	0.04837081682747074	-0.05249254140338753	-0.005277214565861134	-0.2665798852939683	0.1067098423935875	-0.03989071296116182	0.02422496006540757	-43.04064237441375	-8.491540510760018	-13.02330984719847	-4.075086924220846	-1.431279921069175	-651.5371945053431	57.45321294451077	-0.1663785421700675	-0.09638695119551786	-0.606339318401572	1.183431225726849	-0.0205485983305397	-0.1108220211689473	-0.3387195181495016	1.488018923672929	1.488018923672934	0.05397133861110751	-0.02475801724512398	0.4697643720192299	0.183190805548127	2.771320019131635e-07	2.423442063353507e-07	-2.328293275498282e-06	1.848571952175756e-06	7.666960830184785e-08	6.62470923584919e-07	-2.40335317741282e-06
1.67	-0.04153033110293725	0.1055016618256374	0.9259184838446017	0.3329405961148352	-0.2245786612861339	-0.2095892045853185	-0.1310041638292124	0.2942492855592003	0.2942492855589891	0.1049575028233016	0.1745121910020267	0.1539219815816883	0.03443736400098422	0.06981389241169267	0.05318205826952524	0.1384494618424586	-0.9577550009856608	0.01460964847075608	-0.3076750029109367	0.7319435734958479	-1.41574870475688	-1.415748704756946	0.2847399637419064	9.706675072215649e-06	-0.6211337935646205	-0.1421838821881649	0.05333980801154113	-0.0561062420645533	-0.005907666696892569	-0.2665086266643875	0.1137091846917854	-0.04225478240719333	0.01977548108963749	-43.01639914407417	-6.378614931712423	-13.59851433648223	-4.076536186605311	-2.27660527966412	-651.5659077899813	57.73005011351834	-0.1381900294290023	-0.1035729479732769	-0.6034592562254911	1.212664899617017	-0.06294527372696089	-0.09133913637119023	-0.459987391648312	1.601704358303573	1.601704358302487	0.1191839917672052	0.0118383605851081	0.5103699377489606	0.139268727296034	2.853249053509925e-07	2.373223505956081e-07	-2.418839977324711e-06	1.81510532410962e-06	8.646621170418293e-08	6.678126943403346e-07	-2.406640821373099e-06
1.68	-0.04083962083446754	0.1060281037262842	0.927272696469001	0.3234265879315823	-0.2244352345990106	-0.2126692178552194	-0.123708776344395	0.2801754342638383	0.2801754342636635	0.1078091350139807	0.1745121262530645	0.1477378684987193	0.03302342073877765	0.06832564029805796	0.05209017661755527	0.1323888924827513	-0.9448769838227907	0.01406416365735597	-0.3082491506023975	0.7269804228896006	-1.398748804900222	-1.398748804900297	0.2855561576556377	-3.261259285306832e-05	-0.6155700627783728	-0.1405932714711909	0.05830879919454916	-0.05971994272614682	-0.006538118823134101	-0.2664373680358336	0.1207085269896114	-0.0446188518538962	0.01532600211328741	-42.96544821648886	-4.255086502939299	-14.16547654718742	-4.086594498515534	-3.186036136541991	-651.4748203016269	58.08722022072929	-0.1693521686328162	-0.1156122699509255	-0.6102697000282927	1.38714652484194	-0.03431363692744371	-0.01381723198619256	-0.5229202224954084	1.814852777048059	1.814852777048074	0.01598642018526318	-0.03404960468440017	0.612656362706098	0.1955547695110474	2.927366084503168e-07	2.314665834986806e-07	-2.502730277257046e-06	1.774797941402988e-06	9.597832976814953e-08	6.720868992395438e-07	-2.400226728292171e-06
1.69	-0.0401638517344589	0.1065431624487724	0.9285662924062932	0.3140462644491022	-0.22429745566349	-0.2157530916663584	-0.1164676550614852	0.2662794841331049	0.2662794841326966	0.1106675850030303	0.1745117622521779	0.1416128899300833	0.03162587842163007	0.06682011670506288	0.05090654848517993	0.126333577506854	-0.9310204548359545	0.0134893203323526	-0.3084554060915359	0.7210943072315038	-1.380184083197843	-1.380184083198072	0.2860790879752042	-4.487817953966895e-05	-0.6093101514564605	-0.1388939558623971	0.06334711501760788	-0.06357139506276979	-0.007243534635296105	-0.266860916018519	0.1280283512564912	-0.0471483678962269	0.0108795743806301	-42.88874930102354	-2.067330895551508	-14.79267417128373	-4.087474069135151	-4.081020181440282	-651.8773941631088	58.4228781096806	-0.1423578150034039	-0.1219687697673306	-0.6025349073779582	1.410008854739409	-0.06945400883338916	-0.01315889614478319	-0.6438862071536026	1.915792075655111	1.915792075632537	0.06200152714979079	0.01480325831539825	0.6500333354088585	0.1600908232141546	2.985126733408965e-07	2.23864814497647e-07	-2.572683735723623e-06	1.720167728667818e-06	1.048948066549071e-07	6.741258881273206e-07	-2.373499623281219e-06
1.7	-0.0395033789424958	0.1070459387529589	0.9297994606916206	0.3048095268101471	-0.2241655020270013	-0.2188368538700681	-0.1092898807291309	0.2525768832605383	0.2525768832603932	0.1135295753320704	0.1745111992559282	0.1355539854383646	0.03024592343390013	0.06526637869754071	0.04963369295720969	0.120303362089765	-0.9161598150836349	0.01289910386556579	-0.3082268291314928	0.7143110327860152	-1.360078953142611	-1.360078953142992	0.2862642258671462	-7.241200727676908e-05	-0.6023552473955489	-0.1370758055875904	0.06838543083925593	-0.067422847399457	-0.007948950441059711	-0.2672844640025487	0.135348175523066	-0.04967788393880011	0.006433146647021259	-42.7873151355523	0.132025003751708	-15.41122783413193	-4.097286004385802	-5.043754021124966	-652.1466976536771	58.83327805258835	-0.1789950515396693	-0.133457749069022	-0.6052497882666839	1.587968677938459	-0.0373882652846078	0.0731492578497918	-0.7023519799744582	2.122934447618826	2.122934447618826	-0.05157206533927942	-0.03710325289425449	0.7516549105069077	0.2193217027136736	3.032896822518048e-07	2.162212958409518e-07	-2.631394240673072e-06	1.664194561928753e-06	1.127132371707376e-07	6.770745802568958e-07	-2.340338137834347e-06
1.71	-0.03885858597566511	0.1075355457972256	0.9309725178428826	0.2957262318879277	-0.2240394869904571	-0.2219164376648538	-0.1021846013183735	0.2390829267307568	0.2390829267304525	0.1163915961947635	0.1745105188368683	0.1295680702772803	0.02888479901291969	0.06368530076041355	0.04827260138949044	0.1143162806754334	-0.9003303436913546	0.01229683160305821	-0.3076083202980009	0.706586046494484	-1.338450514604692	-1.338450514604694	0.2860874722829166	-6.82633578498409e-05	-0.5947104249192023	-0.1351336063284427	0.07351064668186712	-0.07151782982531479	-0.008740807153158045	-0.2681801136272836	0.1429906639195586	-0.05238091187525363	0.001953954147361249	-42.66218751842263	2.402369840965113	-16.09181973239821	-4.098221227167011	-5.990776458549634	-652.8005416784237	59.20698958656079	-0.1486997427637622	-0.1396776734572092	-0.5940682950196716	1.605771744412397	-0.07278617587009947	0.06876772854497569	-0.8313923851707896	2.22201278727201	2.222012787329055	-0.008851857481009272	0.01879497936366847	0.788550534027099	0.1837508299934037	3.057688624094685e-07	2.084817529762349e-07	-2.664245952533124e-06	1.605132600980728e-06	1.180061610334353e-07	6.821155898426071e-07	-2.292377577384858e-06
1.72	-0.03822981090383015	0.1080110933632474	0.9320859779845975	0.2868062987544239	-0.2239197225704139	-0.2249873231647694	-0.09516133585684419	0.225813097431846	0.2258130974318872	0.1192502245503314	0.1745098041168749	0.1236621342645248	0.02754351294302654	0.06206279970496353	0.04682179730820176	0.1083839601803139	-0.8834874573174325	0.01164898057510905	-0.3064871701667754	0.6979082429459067	-1.315253506851068	-1.315253506850691	0.28558572459808	-7.927248841265106e-05	-0.5863594177297088	-0.1331081353701771	0.07863586252351196	-0.07561281225110386	-0.009532663859501696	-0.2690757632531746	0.1506331523158337	-0.05508393981176296	-0.002525238352934572	-42.5144906956415	4.685565769773166	-16.76351166473304	-4.10817184593055	-7.010123993620394	-653.3039397686423	59.64760929700308	-0.1872796752056436	-0.1514002517819316	-0.5942976044242779	1.790651674266636	-0.04650401837339065	0.1736775173964903	-0.8929154313843397	2.436648290759603	2.436648290759611	-0.116570885460164	-0.04013480889210251	0.8928918531373461	0.2359760425372716	3.065701024405837e-07	2.006492734958323e-07	-2.679502461564208e-06	1.543586259295993e-06	1.217206585689984e-07	6.87385112439618e-07	-2.23545107508511e-06
1.73	-0.03761733259374088	0.1084717154037075	0.9331404514274745	0.2780596458611643	-0.2238065907680327	-0.2280445615706912	-0.08822972981610215	0.2127830074573167	0.2127830074571629	0.1221020253195032	0.1745089306933094	0.1178432751553861	0.02622300768258214	0.06042933665207886	0.04528994151639903	0.1025233438205426	-0.8656737135053838	0.01096597597451007	-0.3048607205295622	0.6882522985591204	-1.290491214492053	-1.29049121449195	0.2847203976821855	-0.0001056729343358417	-0.577285949540756	-0.1309806058423209	0.08376763080260034	-0.07994473127207329	-0.01041578359165424	-0.2703808953969115	0.1585640538029863	-0.0579140898388387	-0.00696581637631457	-42.34538683015229	7.032821669939022	-17.47644782361747	-4.114685657711223	-8.037716994909474	-654.1809396554727	60.07936093807012	-0.1519096156558765	-0.1559543859336086	-0.5799118286498752	1.80215597259674	-0.08101449011742029	0.172398914952246	-1.026033939837205	2.536950631800711	2.536950631759537	-0.07987669432446268	0.01486061791582314	0.9335912339568047	0.2027421443938784	3.031165657222372e-07	1.925811333113696e-07	-2.650142563421837e-06	1.475740237886028e-06	1.214327179178984e-07	6.932340787438526e-07	-2.155789505950775e-06
1.74	-0.03702129491326794	0.1089166436576365	0.9341367250713744	0.2694962144535746	-0.2237006521735122	-0.2310824814346473	-0.08139950321874705	0.2000087265907874	0.2000087265907458	0.1249435001996666	0.1745075439219169	0.112118954114561	0.02492409786471318	0.0587746737862387	0.0436830400019801	0.0967440003848485	-0.8468431601764883	0.01021033900521634	-0.3026234617696398	0.6776323542719722	-1.264091685199913	-1.264091685200084	0.2835205467794443	-0.0001819421659611943	-0.5674518040644778	-0.1287890468550907	0.08889939908156806	-0.08427665029272191	-0.01129890332156856	-0.2716860275409275	0.1664949552902195	-0.06074423986556159	-0.01140639439988468	-42.15614828330267	9.394434030772002	-18.18061568806825	-4.129742334086714	-9.142710704529554	-654.8860467690156	60.56769912138786	-0.1915196377979041	-0.1664093963041171	-0.5780430196088766	1.994013577635928	-0.06103049211267742	0.2958393419385824	-1.085715411457174	2.764095677384277	2.764095677384241	-0.1834756828289137	-0.05010856603260137	1.045027310603462	0.2487819344120699	2.98129415005417e-07	1.840169018798655e-07	-2.607149408149737e-06	1.403846553031321e-06	1.202216420180757e-07	6.982012779300758e-07	-2.067957508539803e-06
1.75	-0.03644178797231162	0.1093451288076519	0.9350756833011078	0.2611259649355664	-0.2236024423690776	-0.2340950968556785	-0.07468051607751211	0.1875064296954346	0.1875064296953655	0.1277708969991896	0.1745051354157213	0.1064967470473956	0.02364765024043663	0.05712540892492529	0.04200082807218926	0.09106544054641309	-0.8270369080547639	0.009424650711395017	-0.2997962770203969	0.6659921238277408	-1.236094299263206	-1.236094299263495	0.2818858508324859	-0.0003080118777814782	-0.5568614376323933	-0.126482884294717	0.09410628391252814	-0.08878695891080432	-0.0122909771788766	-0.2734608911123661	0.1747071979116272	-0.06371266718110716	-0.01587024166453851	-41.94810579418846	11.81246039457419	-18.93184751639309	-4.140849887495706	-10.21305581960068	-656.0159197251947	61.04182032767379	-0.1518296464416811	-0.1710786701193878	-0.559952702340047	1.99941280816436	-0.08850606285751723	0.291930089205227	-1.229119384019655	2.85851288207282	2.858512882054917	-0.1646615484233918	0.005172927045416841	1.085311865051784	0.223932569294862	2.88836348062113e-07	1.740597988701298e-07	-2.525878261705698e-06	1.320588274658684e-06	1.164186863814547e-07	7.00692746361882e-07	-1.957185462505968e-06
1.76	-0.03587881362720472	0.1097564015226059	0.9359584178851815	0.2529588742944998	-0.2235123230604993	-0.2370762860197034	-0.06808311974536137	0.175292297225541	0.1752922972255135	0.130579707840126	0.1745012720323556	0.100984297755645	0.02239474407225184	0.05546815461786071	0.04024055298969408	0.08549927125293036	-0.8062113847842338	0.008592239823806936	-0.2963382103596071	0.6533141924590691	-1.206458800116132	-1.206458800116537	0.2798033549737042	-0.0004729175574958185	-0.5455002489786448	-0.124080755636535	0.09931316874346957	-0.09329726752860779	-0.0132830510369421	-0.2752357546835627	0.1829194405332126	-0.06668109449628898	-0.0203340889294005	-41.72272012439952	14.24656188518572	-19.67459825050777	-4.159782685575222	-11.36578061599526	-656.9488682832222	61.55985940340238	-0.1931175269491914	-0.1820220268439229	-0.5555649106183829	2.197867807396999	-0.07037501086624164	0.4220157242481875	-1.293255596345594	3.091718319457497	3.091718319457482	-0.2730356651929485	-0.05787575961144729	1.199191754937288	0.267975153973721	2.77324185681705e-07	1.58403812284765e-07	-2.442155474617693e-06	1.195513302823283e-06	1.150281730743056e-07	6.892565181045763e-07	-1.805034839285306e-06
1.77	-0.03533239022990099	0.1101497329915396	0.9367861175206859	0.2450050528161208	-0.223430385391759	-0.2400204619015068	-0.06161776281771733	0.1633827184039473	0.1633827184039906	0.1333646104718811	0.1744961318906115	0.09558946724034519	0.02116682379229686	0.05381224383711349	0.03841795415269244	0.08006239621522319	-0.7843885907697214	0.007780659400177153	-0.292382035404354	0.639587423029397	-1.175187143881191	-1.175187143881565	0.2771138545398146	-0.0005629626202295552	-0.5333344219389589	-0.1214941745360377	0.104649590691361	-0.09812565400293879	-0.01441840583566604	-0.2777088062154379	0.1918144039575061	-0.06973272456075273	-0.0248348255904836	-41.48196174205379	16.87048430704431	-20.41723494637195	-4.182174221832445	-12.62930495515906	-658.3165836547325	62.16408608869484	-0.1524794713942274	-0.1835216141634019	-0.534369435501531	2.199132067595667	-0.08894918621012732	0.3998439695349036	-1.437853123446328	3.18531341245267	3.185313412457231	-0.2766910900971501	0.01443930832687763	1.24503681789216	0.2550967668980138	2.588773500603471e-07	1.249388145255596e-07	-2.350771310517289e-06	9.397611639167466e-07	1.21176542046756e-07	6.342962376937968e-07	-1.523576162355816e-06
1.78	-0.03480265626396278	0.1105246099116932	0.9375601242787834	0.2372743886516874	-0.2233570434527793	-0.2429215909161244	-0.05529476668582027	0.1517939409723763	0.1517939409723001	0.1361206613283148	0.1744898929348538	0.09032024672331011	0.01996498875910649	0.05213026834608792	0.0365496432336609	0.07476069577157934	-0.7615799219906584	0.006873093852475243	-0.2877288369141991	0.6248420333130973	-1.142298522168624	-1.142298522168965	0.2740329998014538	-0.0006926801656552751	-0.5203782493229272	-0.1188637062831148	0.1099860126391732	-0.1029540404770865	-0.01555376063764238	-0.280181857746823	0.20070936738195	-0.07278435462492147	-0.02933556225176995	-41.22814562377874	19.51349274467858	-21.15242715688034	-4.210439554958978	-13.96893238554063	-659.4317484356849	62.77358094557819	-0.1983304690058531	-0.1911644432488774	-0.5285299918057631	2.395042760307115	-0.0895720356807234	0.56142043122869	-1.496979653671471	3.415111414982241	3.415111414982465	-0.3513065260866933	-0.06581025614985447	1.357260870207402	0.2767525844588586	2.36172875046633e-07	8.979476234645916e-08	-2.223571110696367e-06	6.694920726411327e-07	1.251609853859361e-07	5.741793950753877e-07	-1.216588223778545e-06
1.79	-0.03428988806191827	0.1108805197477518	0.9382818413647367	0.229777081370813	-0.2232925743006096	-0.2457732935041384	-0.04912443594677656	0.1405423700409044	0.1405423700410222	0.1388424431211606	0.1744825441113316	0.08518475679504671	0.01879051570848659	0.05041311791095413	0.03461986150579788	0.06960739798450694	-0.7376983017112945	0.00601317176651883	-0.2824988367163518	0.6090484789219186	-1.107738352029894	-1.107738352030145	0.2702358638295794	-0.0007749353562070034	-0.5065889411457065	-0.1160143709358665	0.1152625237877131	-0.1076060937380064	-0.01681682448121656	-0.2827909690215638	0.2093815098103016	-0.07582007190970064	-0.0337727318677644	-40.96316922117467	22.05401980769651	-21.89296541482753	-4.244347486083587	-15.15276785417759	-661.0128247741311	63.3739633312053	-0.1599604453174698	-0.1957306641968547	-0.5049414593232702	2.412197269433484	-0.08560101303256989	0.5207871913015942	-1.646888668628518	3.518032907330065	3.518032907343193	-0.4073304970823868	0.02096336245729224	1.409422434632006	0.2912361297095651	1.985666621596733e-07	4.87740196977267e-08	-1.97101478585364e-06	3.484136480737508e-07	1.215716890086708e-07	4.960145847302765e-07	-8.202478694340486e-07
1.8	-0.03379460198714278	0.1112167626412	0.9389527831153862	0.2225240854141549	-0.2232369841127662	-0.2485692966147512	-0.04311730981904951	0.1296447134301584	0.1296447134300341	0.1415235708819718	0.1744744520371706	0.08019109127716781	0.01764497843530582	0.04863384289377938	0.03261625471156166	0.06460562871082046	-0.7127176571248228	0.005097300961258455	-0.276588941428852	0.5922011110593519	-1.071515658130682	-1.071515658130845	0.265902193283836	-0.0008413300280532987	-0.4920133672423555	-0.1130765507945239	0.1205390349354064	-0.1122581469987291	-0.01807988833061429	-0.2854000802956463	0.2180536522388025	-0.07885578919414869	-0.03820990148466027	-40.68903618708212	24.61694960936079	-22.6276704678402	-4.281368613875131	-16.4000671080005	-662.2752937351019	63.92890786218706	-0.210755385415019	-0.2059294565225656	-0.4982242891286178	2.614847621728622	-0.1007617795413916	0.6973994491592569	-1.707742347949429	3.747616167078256	3.747616167078251	-0.4586134408602678	-0.06263815240866898	1.514514015434422	0.2944495432778614	1.638634830376356e-07	1.584163025858899e-08	-1.723306510008047e-06	8.773569317610417e-08	1.145714451841732e-07	4.392219699188782e-07	-4.847370665482656e-07
1.81	-0.03331717369939576	0.1115326831068763	0.9395745368748254	0.215525911349308	-0.2231906226498231	-0.2513023457202112	-0.03728424935301489	0.119117243649249	0.1191172436494181	0.1441583269858404	0.1744652298455762	0.07534715008091043	0.01652949836205602	0.04684732419541589	0.03056250402449772	0.05977338499146292	-0.6867420434771222	0.004175838908735305	-0.2699243203353931	0.5742214338204515	-1.033692451961403	-1.03369245196156	0.2609341778059813	-0.000978442180098705	-0.4766284936011943	-0.1099895200418479	0.126073053210204	-0.1169919398113586	-0.01955610643865495	-0.2889423593604319	0.2278309292822038	-0.08197874222397737	-0.04278022532074523	-40.40778087026702	27.50406390665977	-23.3434820810581	-4.321421120469165	-17.89485795958442	-664.0290994587581	64.57538227102458	-0.1632900629676765	-0.2058825626932412	-0.4713872505099149	2.615175948459201	-0.08792106900485767	0.6655261455810516	-1.871512661544236	3.842525423966488	3.842525423967535	-0.5333434179950157	0.01450805296268029	1.572457168896164	0.3201209401975713	1.406272872870403e-07	1.485823599735032e-08	-1.494748027701129e-06	6.563959347390986e-08	9.409795894310798e-08	4.668495274656449e-07	-3.895029919243984e-07
1.82	-0.03285774858884053	0.1118279091280999	0.940148835629637	0.2087927449631728	-0.2231534923374595	-0.2539658420734754	-0.0316366721093678	0.1089765764469736	0.1089765764469181	0.1467399133717304	0.1744553876908483	0.0706614542471368	0.0154457468161162	0.04503320746029307	0.0284773658210179	0.05511462778531724	-0.659716121342797	0.003251070820249656	-0.2626783909961705	0.5551044665943117	-0.994155142507566	-0.9941551425077164	0.2552682496581906	-0.0009653223494355621	-0.4603642947424473	-0.1067308453317479	0.1316070714833811	-0.1217257326238761	-0.02103232455273899	-0.2924846384249783	0.2376082063255573	-0.08510169525360828	-0.04735054915819177	-40.12153878789848	30.41661698760324	-24.05432922761276	-4.362848828501584	-19.46382865002619	-665.4206241292679	65.16413654335238	-0.2162749927678286	-0.2122069598048246	-0.4635269864862908	2.82490931905353	-0.1014229867337053	0.8136610983113345	-1.935200345397638	4.09043682398976	4.090436823989789	-0.5981959748473726	-0.03259175586619854	1.690379058952521	0.3287783347628745	1.16584890782782e-07	1.372524093280763e-08	-1.260498368403773e-06	4.437229977487528e-08	7.332701142629831e-08	4.943029890936408e-07	-2.94688165654696e-07
1.83	-0.03241642314221461	0.1121021551356557	0.9406774667750285	0.2023346808621097	-0.2231255087864778	-0.2565530218386674	-0.02618619405736033	0.09923934946135116	0.09923934946127978	0.1492612128733114	0.1744454084723264	0.06614268505094476	0.01439552462928021	0.04322582364550857	0.02636810587889912	0.05064136308256908	-0.6317201020499038	0.00234529190250847	-0.2546535540727421	0.5347962287204363	-0.9530037414379514	-0.9530037414381277	0.2488725560226095	-0.001005087095976464	-0.4432409399194687	-0.1032847111278039	0.1371736067775085	-0.1260561842197027	-0.0226428485897278	-0.2964993991914645	0.2477758202434427	-0.08847650229040917	-0.05190376152134816	-39.83248366707337	33.41375551259111	-24.85941963856543	-4.389623945512511	-21.04974679824943	-667.3007684089323	65.57671671725549	-0.1638964162467814	-0.2108384442303845	-0.4346532773023011	2.813428907773421	-0.08534889668766364	0.8125240918483007	-2.107872772893959	4.170455576932177	4.170455576927591	-0.6782595644908359	0.01418089786964661	1.74561795688059	0.3567410786183172	8.891459088704024e-08	1.19190422533969e-08	-1.000638412649449e-06	2.683463309005931e-08	5.121748816863891e-08	5.209730190871678e-07	-2.017599569787343e-07
1.84	-0.03199335680187686	0.1123551979572237	0.9411622798603665	0.1961618730886705	-0.2231066217350839	-0.2590568274142179	-0.02094464583700549	0.08992222925243737	0.08992222925236593	0.15171495473757	0.1744358015518749	0.06179961025553956	0.013380605807563	0.04138138621421607	0.0242367286234698	0.04635101577463283	-0.6026648558225243	0.001431770888944449	-0.2460035530496705	0.5133185002662224	-0.9101337872289222	-0.9101337872291392	0.2417567221238807	-0.0008908625657600982	-0.4252254145800675	-0.09967017230751465	0.1427401420724715	-0.1303866358153609	-0.02425337262939058	-0.3005141599568661	0.2579434341616955	-0.091851309326898	-0.05645697388417629	-39.54285541726175	36.43967057816904	-25.65986817564726	-4.416686616233224	-22.72279635658316	-668.7719382401012	65.91943402028234	-0.2236857160705686	-0.216630422466007	-0.4269435075239522	3.036754705950894	-0.1029714058981984	0.9386939182392172	-2.169098461465973	4.434147451872509	4.434147451869623	-0.7422240274769295	-0.001793900513958387	1.868813162237969	0.3624592580321785	6.149023572551879e-08	9.850413869224133e-09	-7.450731707334149e-07	9.176079734185667e-09	2.966052061378224e-08	5.465430163510136e-07	-1.107090110092207e-07
1.85	-0.03158873832676826	0.1125868848720388	0.9416051496968261	0.1902844473993495	-0.2230967519305678	-0.2614700638714637	-0.01592393453667778	0.08104185839615406	0.08104185839610623	0.1540936982555512	0.1744270624179685	0.05764108714201252	0.0124028140320354	0.03953362835192385	0.02210237846418059	0.04225340750891065	-0.5726442038865621	0.0005444337317666815	-0.2365362723319307	0.4906276754303245	-0.8656515370608298	-0.8656515370611019	0.2338619407379748	-0.0008289118731449739	-0.4063219437554827	-0.09585448232915519	0.1484090426398383	-0.1343005837312375	-0.02600214211102904	-0.3052400357097648	0.2689021492769891	-0.09556872999706134	-0.06102882670804327	-39.25490113543572	39.67632301139677	-26.57329368485799	-4.424505272545835	-24.5271873540039	-670.7398509269567	66.05874144882311	-0.166641723386386	-0.2115797067553697	-0.3964843952520712	3.01112327768117	-0.08135728730231066	0.9668745850272207	-2.348487152316997	4.498588258831409	4.498588258824251	-0.8326781639989222	0.01441028651343738	1.924705582602129	0.3961268143190346	3.534171887276489e-08	6.420431391598306e-09	-5.117867568535061e-07	-9.109573227799588e-09	1.096993576721466e-08	5.664065938296387e-07	-2.939636532940657e-08
1.86	-0.03120286161078162	0.1127972798064385	0.9420079804687975	0.1847125087975854	-0.2230957039809229	-0.2637854016343147	-0.01113601401620952	0.07261497493392496	0.07261497493386483	0.156389579365543	0.174419786936496	0.05367631704473579	0.01146417974560853	0.03763303440657989	0.01997833254041017	0.03834320287702824	-0.5415674383402426	-0.0003326000923164993	-0.2264238141546926	0.4667603442879409	-0.8194363085105683	-0.8194363085108879	0.2251842405580306	-0.0005981318859235151	-0.3864748113295505	-0.09183867448754997	0.1540779432093124	-0.1382145316473752	-0.02775091159554734	-0.3099659114609816	0.2798608643926873	-0.09928615066735741	-0.06560067953048995	-38.97092304782286	42.94518579025939	-27.48246702111803	-4.43141728229841	-26.43313458504574	-672.2516779901092	66.11557281297164	-0.2342529326822494	-0.2145695753612879	-0.3894627807560487	3.24797742802251	-0.1009107392792075	1.067729410138192	-2.404399722763953	4.780743128306165	4.78074312830481	-0.8988077862846107	0.03197195840790282	2.057545482508465	0.4024828306816283	8.885702801186265e-09	2.444619427529045e-09	-2.782568316162887e-07	-3.002488339135215e-08	-7.434787312927847e-09	5.844541437574354e-07	5.400252216157219e-08
1.87	-0.03083605477964696	0.1129865569266498	0.9423726950225656	0.1794560928341253	-0.2231030788705158	-0.2659953666587281	-0.006592860064511314	0.06465821839633534	0.06465821839625376	0.1585942524559763	0.1744144555034213	0.04991465646845104	0.01056698968770419	0.03571793206790845	0.01788456121842894	0.03463093789066821	-0.5095462432289989	-0.001127789718497521	-0.2154624438350355	0.4416744299373924	-0.7716359659432389	-0.7716359659435578	0.2155945566701861	-0.0004404841806360884	-0.3656942652321565	-0.08755095133080383	0.1598006102677047	-0.1425607868294742	-0.02959226870296055	-0.3153693767826455	0.2913244137673723	-0.1024811127602811	-0.07015020257676149	-38.69318835804436	46.36592634659088	-28.13840627416089	-4.478401718964021	-28.44451944167006	-674.2924760979887	66.70103159338832	-0.1717190545765899	-0.2056682006909378	-0.3573043263457798	3.204607666159376	-0.06665599710037441	1.126339144679351	-2.590089710604059	4.821543643782515	4.821543643783393	-1.012420658739367	0.01179529394229423	2.112755362882567	0.449188888371553	-1.943727281325655e-08	-4.845157275660745e-09	-4.324844456684026e-08	-6.690596942156176e-08	-2.410392109691824e-08	5.914758121266315e-07	1.500678777917634e-07
1.88	-0.03048871500600774	0.1131551188756236	0.942701247732715	0.1745249722445308	-0.2231179722409439	-0.2680925183196065	-0.00230644574018239	0.05718783804910994	0.05718783804908645	0.1606983543136759	0.1744115273705616	0.04636569059104371	0.009714131227411788	0.03373962292475712	0.01583529829289405	0.03111083415332716	-0.4765083635784361	-0.001836296257111418	-0.2038611414433598	0.4154124188108301	-0.7221610704624678	-0.7221610704627758	0.2050699940341763	-0.000117471781232186	-0.3439358715536476	-0.08297235496604233	0.1655232773272459	-0.1469070420117444	-0.03143362581092941	-0.3207728421036434	0.3027879631422082	-0.1056760748533316	-0.07469972562217382	-38.42397803810631	49.8225151787024	-28.79293419197878	-4.520053883679848	-30.57137844119447	-675.823206654792	67.18479631902255	-0.2468942935796705	-0.205667896070977	-0.3510305309523095	3.451314335886442	-0.08357412176577449	1.195715824541458	-2.639619077967564	5.115653710994372	5.11565371099503	-1.085783535917645	0.06504489723157851	2.253114998732574	0.4606574722849887	-4.734509617381603e-08	-1.216273361074225e-08	1.875448235974915e-07	-1.027989643466346e-07	-4.033040863330343e-08	5.971072224084913e-07	2.435216210032393e-07
1.89	-0.03016132455334292	0.1133034690985713	0.942995572349145	0.1699289372999352	-0.223139363387506	-0.2700691512503764	0.00171126299221929	0.05022004153183975	0.05022004153175774	0.1626922346805635	0.1744112505957777	0.04303914933800948	0.008908644190526185	0.0317200581721518	0.01384653490574194	0.02778228063060641	-0.4425171768618167	-0.002430409580940398	-0.1913427615978277	0.3879350274828637	-0.6711066788158938	-0.6711066788161164	0.1935507516521577	8.164412131400015e-05	-0.3211987586118412	-0.07807779818275927	0.171296677005422	-0.1520187833230037	-0.03332707024291075	-0.3268584425637212	0.3146656980246068	-0.1080182107115249	-0.07923589233370788	-38.16549546812924	53.41874882464334	-29.05790882791424	-4.617780473815572	-32.79484162565041	-677.8143648858189	68.46200230654104	-0.1822699633477805	-0.1937252755086083	-0.3194213063057337	3.400227989123984	-0.04556982160272996	1.298269519568567	-2.830944191014663	5.144083946144274	5.144083946156836	-1.208233389785299	0.0002319732857718661	2.310032845845549	0.5110139137203809	-7.224306569372593e-08	-1.968185727704004e-08	3.877784798447639e-07	-1.315282987594715e-07	-5.33477108745533e-08	5.926592615571613e-07	3.180411741790436e-07
1.9	-0.02985468622772318	0.1134322827445514	0.9432574807216693	0.1656782556524952	-0.2231663436441124	-0.2719169262916126	0.005448368805222093	0.04377153934173749	0.04377153934174315	0.1645662748632588	0.1744135423876713	0.03994518389520743	0.008153534547954502	0.02958919753011571	0.01192798289937661	0.02462758537218907	-0.4074377041621054	-0.002954118261037763	-0.1780895635519419	0.3592918349229019	-0.6183022049831435	-0.6183022049832843	0.1811019572525695	0.0003962414845864182	-0.2974207095124069	-0.07289687610467782	0.1770700766844317	-0.1571305246346677	-0.03522051467299736	-0.3329440430241696	0.3265434329067542	-0.1103603465702218	-0.08377205904417685	-37.91997141557591	57.05460649649726	-29.32480835260106	-4.705076679979673	-35.14949442260568	-679.2401367663251	69.6166482304089	-0.2691534714675101	-0.1916256199124879	-0.3162588780916991	3.668971532504864	-0.06949319301951708	1.342679464612086	-2.872779324367701	5.465670148229525	5.465670148229461	-1.27169393943142	0.08814118937684601	2.461302230259412	0.5179305312449081	-9.630548725230595e-08	-2.70542302856394e-08	5.809501672768526e-07	-1.586996756988275e-07	-6.577542446835871e-08	5.869497757607414e-07	3.888530375528905e-07
1.91	-0.02956981181357797	0.1135422638449062	0.9434887106691731	0.1617834366726738	-0.2231980719234856	-0.2736273787732777	0.008892817204613908	0.0378591103949469	0.03785911039487029	0.1663109550225695	0.174418262809419	0.03709397603649915	0.007451739987669166	0.02735412832618121	0.01007858555232643	0.02164230794780128	-0.3713304536373521	-0.003382042120308283	-0.1638867489307879	0.3293861729353818	-0.5638943835229476	-0.5638943835230481	0.1676853381611439	0.0005748237925574215	-0.2726530986436802	-0.06741812161342192	0.1830521963007222	-0.1625994997582458	-0.0371612603891802	-0.339872778006337	0.3389726745816722	-0.1122278082997596	-0.0884390059158118	-37.68952308897779	60.85300413029398	-29.36567572847726	-4.818610154927257	-37.53054770322775	-681.1558888315722	71.25188069809542	-0.2054380205399133	-0.1800604426378135	-0.285965713079759	3.610937188822671	-0.02794696115758703	1.476168198240439	-3.081210441286274	5.471743924287976	5.471743924295284	-1.398855192980888	-0.01329434619651042	2.509628505858096	0.5695445509814722	-1.129315319550493e-07	-3.312052244072255e-08	7.112703322537969e-07	-1.720052311242021e-07	-7.29557990999079e-08	5.700127179530199e-07	4.266664616893128e-07
1.92	-0.02930823896665527	0.113634058241682	0.9436908271347352	0.1582555572732589	-0.2232337804372322	-0.2751923859610715	0.01203185882305775	0.03249944081801	0.03249944081803496	0.1679170271311731	0.17442556683554	0.03449547188463671	0.006806072300885338	0.02492888409549893	0.008290642183564619	0.01880488898384718	-0.3340497880578843	-0.003750165130552354	-0.1490005048147595	0.2982104787343336	-0.5077503308878789	-0.5077503308879218	0.1533803471104692	0.0009129621922916637	-0.2468799681478111	-0.06167150140555682	0.1890343159157316	-0.1680684748819896	-0.03910200610194262	-0.3468015129904342	0.3514019162559206	-0.1140952700296721	-0.0931059527877854	-37.47628755888476	64.69487108603919	-29.41052780305802	-4.918262908645707	-40.05990057627494	-682.4523882630424	72.74692801034494	-0.3071884768187355	-0.1793348242535577	-0.2866871860050452	3.903654543447762	-0.05753302321433972	1.479365363587364	-3.12678576707431	5.81291638320391	5.812916383207251	-1.449368331281011	0.1200524077290902	2.662406155689264	0.5715036745669533	-1.289772897143277e-07	-3.910332331361636e-08	8.369509079650926e-07	-1.850182123514127e-07	-7.975100392023022e-08	5.516289802012849e-07	4.629545862339288e-07
1.93	-0.02907151171502849	0.1137084290796754	0.9438653271080238	0.1551055680119779	-0.2232726184624483	-0.276603918677035	0.0148525618068599	0.02770918548823672	0.02770918548795345	0.1693751369315109	0.1744356290986761	0.03215975745581604	0.006219472941682921	0.02239696241867728	0.006607033005047076	0.01611679575335535	-0.2957776418728914	-0.003995957182730387	-0.1332001368922458	0.265718080799501	-0.4500099957834401	-0.4500099957834892	0.1380730022665316	0.001128689475232144	-0.2200742905742727	-0.05558606583045636	0.1949809519212612	-0.1727848856617502	-0.04106115509122482	-0.3545701681803695	0.3649157408031617	-0.1164757405107458	-0.09766144067296621	-37.28224604984121	68.83964032777646	-29.6331622962093	-4.98041322024897	-42.83344857126885	-684.2044676519529	73.88333483408974	-0.2291542179686947	-0.1593647088343469	-0.2565200676704375	3.814547731456943	-0.00478556408653594	1.646209727890285	-3.342272392026671	5.798232441336081	5.798232441334417	-1.596585065084875	-0.02335617323881717	2.717912424808677	0.6365397490466287	-1.384222834916932e-07	-4.41364108516064e-08	9.098561557796338e-07	-1.947031620745085e-07	-8.216490213784712e-08	5.167892580863978e-07	4.818924279217483e-07
1.94	-0.02886069572116904	0.1137666656770447	0.9440136162137822	0.1523434108273284	-0.2233132510617886	-0.2778542802693791	0.01734197969416213	0.02350506158185055	0.02350506158188874	0.1706751397838587	0.1744487108239604	0.03009775257603911	0.005695623188245903	0.01974663254817776	0.005063794058756075	0.01356271547782688	-0.2564833726704952	-0.004109079949727782	-0.1167662801175621	0.2319534594512785	-0.3905240459881665	-0.3905240459882164	0.1217589572571587	0.00151685428543972	-0.1921380583358208	-0.04912158025273689	0.2009275879238772	-0.1775012964410417	-0.0430203040739667	-0.3623388233731535	0.3784295653498362	-0.1188562109915573	-0.1022169285601213	-37.10935637432029	73.03189308091154	-29.86025941094456	-5.027257760058696	-45.77390236171698	-685.2833845043605	74.86531128718441	-0.3308701155560008	-0.1512607778068927	-0.2598845950124626	4.108079146928403	-0.03099916617838108	1.606063134022362	-3.381230449753299	6.162039321370582	6.162039321374977	-1.650708364367895	0.1545399131815706	2.888517088673405	0.6473136750909789	-1.474247113813026e-07	-4.904980441679615e-08	9.795108818207659e-07	-2.037313069082346e-07	-8.429773146529163e-08	4.808511099137446e-07	4.991682403635896e-07
1.95	-0.0286767505749978	0.1138099483356451	0.944137012094481	0.1499790622001646	-0.2233541426258572	-0.2789354049981472	0.01948684770250271	0.01990365225786166	0.01990365225757368	0.1718065661254891	0.1744645247662233	0.02832025472918709	0.00523839247835528	0.01702405269193798	0.003592299820504018	0.01113231673993748	-0.2161912673808124	-0.004036988507912157	-0.09934083391304559	0.1967738246851576	-0.3294795946934406	-0.3294795946934675	0.1043435147775416	0.001649509871847031	-0.163205949747457	-0.0422582547115098	0.2061753454768388	-0.1759157994950829	-0.0447293838623312	-0.3690637319596879	0.3906855013163972	-0.1258282615750145	-0.106315473673215	-36.9593384874545	76.59250126340162	-32.16150232998295	-4.778349841572218	-47.8603911792793	-686.7937080039659	71.5402087199999	-0.2457204358825345	-0.1451754069766379	-0.2321636890015035	4.019029595729092	0.03125715983875985	1.828411320046894	-3.623277621860522	6.117411984720899	6.117411984721451	-1.814248481121236	-0.05690725678341019	2.918860996009469	0.7159251656990223	-1.495673680106907e-07	-5.210794140358114e-08	9.987825203740453e-07	-2.025789759567281e-07	-8.207399299506357e-08	4.278873578457153e-07	4.90682599492766e-07
1.96	-0.02852058493047319	0.1138384997198308	0.9442365947526308	0.1480234853009523	-0.2233933245034266	-0.2798387500736472	0.02127252983676897	0.01692104023637018	0.01692104023641421	0.172758380785473	0.1744817581378436	0.02683673861861594	0.004851811658288244	0.01419073222699474	0.002117539175790323	0.008800070968051224	-0.1747290270615943	-0.003767142647140172	-0.08121034945337711	0.1601162846464539	-0.2667645853508418	-0.2667645853508668	0.08583662064335218	0.00180073993202127	-0.1333417110754007	-0.03499160228784264	0.2114231030292923	-0.1743303025487346	-0.04643846364534036	-0.3757886405471889	0.4029414372830286	-0.1328003121581291	-0.1104140187868891	-36.8338579891814	80.20470170469206	-34.46462143727856	-4.516680781443775	-50.13305865092629	-687.5801472102246	68.05233743218365	-0.3530182372984835	-0.1519140590978039	-0.2402540018119287	4.342106152835445	0.008551717612762036	1.747070785054478	-3.676811504270982	6.496150930944697	6.4961509309449	-1.868998695282319	0.1582548079332601	3.074943105413424	0.7279790515792749	-1.511664167714513e-07	-5.504345171431851e-08	1.014239550570284e-06	-2.025127890323045e-07	-7.958614377077096e-08	3.736024933755253e-07	4.82840305454769e-07
1.97	-0.0283934468202218	0.1138535690112691	0.9443133366848518	0.146486961006453	-0.2234283908238534	-0.2805563933674584	0.02268469165867804	0.01457353735091951	0.01457353735123166	0.1735188381937663	0.1744995088969476	0.02565813443355015	0.004540752165046088	0.01117551513204712	0.001022883081893995	0.006557585085794537	-0.1324770099269111	-0.003202482606485345	-0.06218938771890947	0.1221438375957121	-0.2024457348716341	-0.2024457348716576	0.06605542158410596	0.001735320274055637	-0.1020574052655963	-0.0271011580060008	0.2206101194790936	-0.1964448866257517	-0.04919349657758545	-0.3925016554173515	0.4264709791970451	-0.1223289272672217	-0.1169190185904627	-36.73440991774624	88.16414524911495	-28.62218984205686	-5.33512035110119	-56.86977146207921	-688.9511740733735	81.63058977878509	-0.2849919440911536	-0.06926923342440701	-0.2148146381432429	4.181564799630938	0.08704546502956573	1.998892076711789	-3.883297629562192	6.443316378765376	6.443316378765222	-2.062495261021807	-0.09112812084242342	3.20340870856361	0.8375548057998747	-1.398547786523077e-07	-5.506657846892509e-08	9.390996322868098e-07	-2.282425227510987e-07	-7.082566413744547e-08	2.879412093540201e-07	4.902774986964025e-07
1.98	-0.02829830458064245	0.1138614861719858	0.9443679400069078	0.1453759199444773	-0.2234564860803053	-0.2810799704020592	0.02371196174527292	0.01287793582541986	0.01287793582539005	0.1740755206600167	0.174516167904025	0.02480202018456109	0.004312192652485972	0.007791558097294469	0.0006871130314896881	0.004372348935030298	-0.08963238055856339	-0.002372929856245303	-0.04239709762159904	0.08313793758170542	-0.1363843134981621	-0.1363843134981718	0.04508163253384163	0.001582389888927759	-0.06884372386376841	-0.01849160615162575	0.2297971359291752	-0.2185594707030135	-0.05194852951504343	-0.4092146702865316	0.450000521111083	-0.111857542376488	-0.1234240183937416	-36.66228321711342	96.18041854607607	-22.79655641772245	-6.120328400578915	-63.80391934003044	-689.4990931993319	94.99810366858173	-0.4267662252611876	-0.0001368503979719301	-0.2288040555135277	4.460628599568365	0.06153025952989578	1.901336457625718	-3.883502096925016	6.844665109796926	6.8446651097996	-2.107516693486262	0.1407526624980701	3.460818223819687	0.8718005660863198	-1.281373176078003e-07	-5.485204442826614e-08	8.612161308236965e-07	-2.523409572070853e-07	-6.187326457260819e-08	2.02273528622947e-07	4.950315593532017e-07
1.99	-0.02823866775476417	0.113867938423129	0.9444008495737146	0.144697820773153	-0.2234750443704164	-0.2813998109796191	0.02434221700439089	0.01185035054406788	0.01185035054396594	0.1744167924068027	0.1745284194534032	0.02428476259080049	0.004172516386484401	0.004075820444334923	0.0005384173599753488	0.002203686619758369	-0.04569462181826954	-0.001300868931767743	-0.02147774585681674	0.04257707789161444	-0.06889766157783164	-0.06889766157782359	0.02301448383498517	0.0008489426123066513	-0.03456125500779218	-0.009394449629490471	0.2340826919543537	-0.1700136288232673	-0.05351148282433296	-0.414286490665279	0.4675704270016388	-0.1602168167645691	-0.1270076523758271	-36.61835706884781	99.79426744308024	-42.77775499251533	-3.378511340155087	-64.38928510049088	-690.3349296739131	55.49179647576851	-0.3529796050979346	-0.03197896770890883	-0.2117729271327487	4.404271088217767	0.1357642090920593	2.201194388205493	-4.192783360094308	6.735940474588165	6.735940474587972	-2.279997336486857	-0.1832808061360124	3.418930870279962	0.9361055229599364	-9.673744468313493e-08	-4.31109618172221e-08	6.502688451480141e-07	-1.973213774168612e-07	-4.361274832944388e-08	1.162956074778271e-07	3.696536896454614e-07
2	-0.02821798871944471	0.1138709551091147	0.9444118973958461	0.1444678835045786	-0.2234817380112704	-0.2815076660692237	0.02455678257556022	0.01150468683046424	0.01150468683037102	0.1745326559906339	0.1745327590547813	0.02411172361630166	0.004125298151241742	0	0	0	0	0	0	0	0	0	0	0	0	0	0.2383682479801112	-0.1214677869431535	-0.05507443613468808	-0.4193583110429928	0.485140332892735	-0.2085760911520983	-0.1305912863580114	-36.60358305901865	103.4695415113275	-62.76369764158063	-0.6182340709440025	-65.19536016325691	-690.3062050482591	15.78677034657949	-0.4987827835378905	-0.07808118808881913	-0.235808916410875	4.812001215163638	0.1072918609883511	2.013015276034549	-4.286745737230822	7.126867041296666	7.126867041294196	-2.296983720713002	0.1176535953589209	3.516575454184482	0.9312591875581706	-6.533757175846961e-08	-3.136987920617807e-08	4.393215594723318e-07	-1.423017976266371e-07	-2.535223208627957e-08	3.031768633270714e-08	2.44275819937721e-07
