inDegrees=no
num_controls=7
num_derivatives=13
num_iterations=121
num_multipliers=7
num_parameters=0
num_slacks=7
num_states=26
objective=5.578170
objective_accelerations=0.213768
objective_balance=0.050081
objective_effort=0.350539
objective_height=4.940315
objective_ligament=0.023467
solver_duration=1039.923874
status=Solve_Succeeded
success=true
DataType=double
version=3
OpenSimVersion=4.4-2022-07-23-0e9fedc
endheader
time	/jointset/ground_pelvis/pelvis_tilt/value	/jointset/ground_pelvis/pelvis_tx/value	/jointset/ground_pelvis/pelvis_ty/value	/jointset/hip_r/hip_flexion_r/value	/jointset/hip_r/hip_adduction_r/value	/jointset/hip_r/hip_rotation_r/value	/jointset/back/lumbar_extension/value	/jointset/patellofemoral_r/patellar_flexion_r/value	/jointset/knee_r/knee_flexion_r/value	/jointset/knee_r/knee_adduction_r/value	/jointset/knee_r/knee_rotation_r/value	/jointset/ankle_r/ankle_angle_r/value	/jointset/subtalar_r/subtalar_angle_r/value	/jointset/ground_pelvis/pelvis_tilt/speed	/jointset/ground_pelvis/pelvis_tx/speed	/jointset/ground_pelvis/pelvis_ty/speed	/jointset/hip_r/hip_flexion_r/speed	/jointset/hip_r/hip_adduction_r/speed	/jointset/hip_r/hip_rotation_r/speed	/jointset/back/lumbar_extension/speed	/jointset/patellofemoral_r/patellar_flexion_r/speed	/jointset/knee_r/knee_flexion_r/speed	/jointset/knee_r/knee_adduction_r/speed	/jointset/knee_r/knee_rotation_r/speed	/jointset/ankle_r/ankle_angle_r/speed	/jointset/subtalar_r/subtalar_angle_r/speed	/forceset/tau_hip_flexion_r	/forceset/tau_hip_adduction_r	/forceset/tau_hip_rotation_r	/forceset/tau_knee_flexion_r	/forceset/tau_ankle_angle_r	/forceset/tau_subtalar_angle_r	/forceset/tau_lumbar_extension	lambda_cid13_p0	lambda_cid14_p0	lambda_cid14_p1	lambda_cid14_p2	lambda_cid14_p3	lambda_cid14_p4	lambda_cid14_p5	/jointset/ground_pelvis/pelvis_tilt/accel	/jointset/ground_pelvis/pelvis_tx/accel	/jointset/ground_pelvis/pelvis_ty/accel	/jointset/hip_r/hip_flexion_r/accel	/jointset/hip_r/hip_adduction_r/accel	/jointset/hip_r/hip_rotation_r/accel	/jointset/back/lumbar_extension/accel	/jointset/patellofemoral_r/patellar_flexion_r/accel	/jointset/knee_r/knee_flexion_r/accel	/jointset/knee_r/knee_adduction_r/accel	/jointset/knee_r/knee_rotation_r/accel	/jointset/ankle_r/ankle_angle_r/accel	/jointset/subtalar_r/subtalar_angle_r/accel	gamma_cid13_p0	gamma_cid14_p0	gamma_cid14_p1	gamma_cid14_p2	gamma_cid14_p3	gamma_cid14_p4	gamma_cid14_p5
0	-0.006516696179781311	0.09626121156844888	0.9427240310522015	0.1762555651711513	-0.2321526800673028	-0.2616407330918954	-0.0385979564078546	0.07317816487766275	0.07317816487761825	0.1745328624254246	0.1745328797438054	0.0324735960626065	-0.003451775137232442	0	0	0	0	0	0	0	0	0	0	0	0	0	0.2236512900662982	-0.1609127552796664	-0.05163255697673431	-0.4539088957164787	0.510927142840774	-0.1735210567306288	-0.1110429837261625	-39.07647522170622	113.8333275412182	-45.68513597564142	-3.386183999583888	-73.94435966573836	-683.7103581662132	46.53645826277612	-0.05129629987358977	0.2333461695155417	-0.2422959799122942	3.436496736215958	0.08874872057022971	1.768557878093899	-4.019323517443909	6.239428584553348	6.239428584550655	-1.853963426309066	0.06354300300571125	3.473689726764313	0.8834533545930459	5.347731157837399e-08	2.477440566264138e-08	-3.898802161510803e-07	1.305852880879367e-07	2.502784736899364e-08	1.188368095453792e-08	-2.341620742396966e-07
0.01	-0.006516179063109297	0.09627246732971208	0.9427125198086663	0.1764203320239405	-0.2321474894419726	-0.2615471777069979	-0.03879916667717485	0.07348145381317138	0.07348145381307108	0.1744403643889746	0.1745284277197613	0.03264342760439352	-0.003407763289874803	0.0001273877850512963	0.002195111982061042	-0.002299049226966206	0.03282321927384988	0.0009966152829360745	0.0185683112700156	-0.03998297537863133	0.06039092201364876	0.06039092201364079	-0.01833243080821392	-0.0008284451020872635	0.03374385270177479	0.00870868936013668	0.2169205426459847	-0.1929973184688388	-0.04923657277552136	-0.4420469649028793	0.4846943575892175	-0.1369537738166354	-0.1060683067544398	-39.08646948090251	106.7503044616497	-31.21151519809267	-5.50250476165761	-69.37796504259668	-683.9760159955896	74.75561006076016	0.04835361533050619	0.2041926775621222	-0.2232270953563187	3.185714300338846	0.09885888573316759	1.879583357360005	-3.948922775128224	5.898883554627003	5.898883554627526	-1.797851103677058	-0.1467084348150562	3.291373129903527	0.850478523372693	7.012821801932182e-08	2.930209262318e-08	-5.024255606970097e-07	1.406019232361419e-07	3.648929640645897e-08	-5.277499497675619e-08	-2.79269098394489e-07
0.02	-0.006513668609061137	0.09630399400379784	0.9426781145326065	0.1769094270249657	-0.2321335844731085	-0.2612722160882617	-0.03939243434569225	0.07438064387759682	0.07438064387763133	0.1741695484057107	0.1745175572099371	0.03314402569079318	-0.003279484189585498	0.000398667475570715	0.004054182564513693	-0.004578806504904329	0.06486562964246512	0.001742868708954678	0.03628124677616285	-0.0784114798394724	0.1191802258215562	0.1191802258215582	-0.03566358944041782	-0.001283696924134532	0.06615330892432962	0.01685345058622488	0.2101897952259179	-0.2250818816579057	-0.04684058857257165	-0.4301850340894319	0.4584615723377244	-0.1003864909025378	-0.1010936297825799	-39.11619258607496	99.72430462305465	-16.74098322412054	-7.603400686275958	-65.00925557514438	-683.4326396397689	102.8207850438384	-0.02251791877993772	0.166137889593873	-0.2384375901066854	3.280334955168971	0.03867634918659704	1.597482725318847	-3.7084293338858	5.91910494340533	5.919104943406222	-1.653708991106724	0.138181659015146	3.206810430920307	0.7706677277832128	8.677912446026964e-08	3.382977958371862e-08	-6.14970905242939e-07	1.50618558384347e-07	4.795074544392431e-08	-1.174336709080503e-07	-3.243761225492813e-07
0.03	-0.006507804953281529	0.09635269298747892	0.9426209132474842	0.1777151861012314	-0.2321134319404626	-0.2608249234857771	-0.04036239775539244	0.07586046679864623	0.07586046679868354	0.1737303203288674	0.1745045734521787	0.03396269596354784	-0.003072361663507035	0.0008033916070363412	0.005656465464993671	-0.006865027498454936	0.09614018094655814	0.002247804295117006	0.05310842649144216	-0.1153530959201641	0.1765458684196043	0.1765458684195944	-0.05202084070227889	-0.001325781737000582	0.09741143066031911	0.02449193040965787	0.2044817467908442	-0.2084389429040417	-0.04527585693602208	-0.4211407321044876	0.4469271852561032	-0.110045696487916	-0.09676900757388213	-39.16508652844395	95.64308414181318	-21.62343449754171	-6.855997759568876	-61.68737708242461	-683.3055913190752	92.00930871177675	0.07637413901936799	0.1529108206671981	-0.2242746487877215	3.029119234043463	0.05036837557148127	1.715047056355836	-3.652811818007015	5.609503000176	5.609503000173739	-1.602632767008594	-0.07726514075352969	3.059931732479623	0.7484897211961229	9.311971312292208e-08	3.18350464860164e-08	-6.645121986503897e-07	1.396318897257958e-07	5.6096465882872e-08	-1.676030996674303e-07	-3.32342081161301e-07
0.04	-0.006497012744200313	0.09641654226624331	0.9425407376934635	0.1788293114937327	-0.2320894368095003	-0.2602114167937548	-0.04169493414046698	0.07790678796208089	0.07790678796207884	0.1731323398246254	0.1744907965284297	0.03508887119117711	-0.002791244016879375	0.001384378134953942	0.007084241581177017	-0.00917366028459536	0.1265388928912433	0.002511388370925466	0.06952406467564225	-0.1509260749146932	0.2324798743045058	0.2324798743044801	-0.06741407489544175	-0.00144233012250106	0.1276542998979585	0.03165247469599971	0.198773698355564	-0.1917960041502433	-0.04371112529945403	-0.4120964301197594	0.4353927981743732	-0.1197049020733889	-0.09244438536523447	-39.23233401236327	91.61482868517054	-26.5188344167684	-6.081147144804726	-58.5443411165211	-682.4119282850294	81.03400521483879	0.01273456051052833	0.1312365327345254	-0.2429199486246487	3.105167083287388	-0.009593952884209639	1.515174419102761	-3.434701916653211	5.632777600776074	5.632777600776155	-1.460905577367011	0.1232889444885141	3.003759931250253	0.6750806203649482	9.924771791385708e-08	2.97058305005154e-08	-7.127544394570472e-07	1.28212163256796e-07	6.417382078370593e-08	-2.17473781062441e-07	-3.395422446074903e-07
0.05	-0.006479874570906432	0.09649376535248722	0.9424372582409003	0.1802434098833955	-0.2320641808089828	-0.259437264647668	-0.04337608952476691	0.08050551641608085	0.08050551641606528	0.1723857445008335	0.1744768871572467	0.03651226831236742	-0.002441091714914902	0.002058470121974053	0.00832855379462199	-0.01153160143280528	0.1561422704250167	0.002506297244955116	0.08521512776463622	-0.1850713771706544	0.2870083177083254	0.2870083177082871	-0.08174274140796478	-0.001345871144770223	0.1568413359677196	0.03830324563982088	0.192850588960603	-0.1885136758460697	-0.04182367069025261	-0.4031678857101788	0.4203937391888427	-0.1163448989911548	-0.08792440979082475	-39.31702580891931	86.93454544382774	-25.94147959852392	-6.101905175542091	-55.18383154869255	-682.0267086039371	81.04566633259468	0.09703839432360255	0.116268184659084	-0.2336807763772784	2.867151174585358	-0.001068138524123504	1.582423639626903	-3.369400663629169	5.32423299337479	5.324232993372813	-1.394605262285024	-0.04807764770006374	2.848626450501475	0.6487665375919887	9.878524340058045e-08	2.634280410904336e-08	-7.101223573504892e-07	1.20253481481269e-07	6.758640450555772e-08	-2.559361652934503e-07	-3.377976703445986e-07
0.06	-0.006455537102438555	0.09658247948466719	0.9423099094611624	0.1819493876656105	-0.2320399960089387	-0.2585089315935394	-0.04539168918834778	0.08364180036074421	0.08364180036074008	0.1715007108972	0.1744637619714224	0.03822202599538076	-0.002026693462272337	0.002824237170035193	0.009382450768394487	-0.01394752571952593	0.1849147714052932	0.002297148276131312	0.100360246286792	-0.2178149307690714	0.3399909724397441	0.339990972439692	-0.09510173088410694	-0.001285493051649425	0.1849264122639794	0.04450166483169953	0.1869274795655155	-0.1852313475418104	-0.039936216081024	-0.3942393413006147	0.4053946802033445	-0.1129848959088224	-0.08340443421656593	-39.41809125775965	82.30252063376828	-25.36769520005725	-6.108363981412484	-51.99304414811711	-680.9572272771999	80.92731591853546	0.03106957271880412	0.09315348480000138	-0.2545165763267933	2.938991772587985	-0.05040552145491327	1.40598550573491	-3.15435218514431	5.323619866295972	5.32361986629578	-1.266970170090802	0.116072767566714	2.783367976549957	0.5846102699764217	9.804527502186332e-08	2.292782780574098e-08	-7.053481984896906e-07	1.12440527903362e-07	7.08025768093471e-08	-2.939182001701858e-07	-3.356764755465877e-07
0.07000000000000001	-0.006423235337525162	0.09668082500939065	0.9421580387433074	0.1839392642274611	-0.2320189246122986	-0.2574329615739467	-0.04772772295641232	0.0873007486322592	0.08730074863227624	0.170486958545383	0.1744522057809564	0.04020735436813672	-0.001552500235951698	0.003653445004982193	0.01026013884250932	-0.01643962419697773	0.212920513275923	0.001893445026056076	0.1147436290940363	-0.2491759257822126	0.391549348229607	0.3915493482295501	-0.1075032301692929	-0.001037827296874368	0.2119688078608466	0.05027621581920076	0.1811732550116961	-0.1799945179160944	-0.03807562232836778	-0.3862004624077645	0.3916471640390948	-0.1113321170043993	-0.07895914519557934	-39.53437347960125	77.97880301632262	-25.48457342946115	-6.001060080506755	-48.96049340524004	-680.355951329555	79.43194198538477	0.1114571106939116	0.08111336806321312	-0.2485666792984913	2.710366660682896	-0.03897773938806449	1.441029164613555	-3.094588600145897	5.034526789872989	5.034526789872443	-1.205008125624146	-0.02265572105531827	2.639126455399612	0.5646648122226676	9.127634303315518e-08	1.80055834142263e-08	-6.541796881159038e-07	9.783042989253482e-08	7.008843698308554e-08	-3.207826479418599e-07	-3.136097179514749e-07
0.08	-0.006382119349899395	0.09678715479472438	0.9419808450015085	0.1862049984613031	-0.2320026152506681	-0.2562158548269843	-0.05037088976275192	0.09146779673261156	0.09146779673260408	0.1693535375369878	0.1744427724078195	0.04245799691769587	-0.001022404039939241	0.004587081712418802	0.01097930289045621	-0.0190121305082728	0.2400863058018695	0.001344741271837844	0.1285875917570551	-0.2792415384252215	0.4416109382011316	0.4416109382010716	-0.1190354621701354	-0.0008609295616200115	0.2379892476234911	0.05568225877012645	0.1754190304578929	-0.1747576882904545	-0.03621502857606095	-0.3781615835149242	0.3778996478747907	-0.1096793381000628	-0.07451385617450719	-39.66459770625939	73.69931023683873	-25.60528790885862	-5.879917612000392	-46.08241669665189	-679.126570115629	77.81787084448452	0.05195534721680006	0.06144867956638413	-0.2705981430954467	2.771001903651312	-0.07940562228352459	1.298101476889653	-2.89527571111783	5.024262702628379	5.024262702628491	-1.093116713222114	0.1019191636627408	2.578976809705385	0.5109086626613029	8.411844565025406e-08	1.298609592024633e-08	-6.000179937735373e-07	8.278180643442249e-08	6.912072863230457e-08	-3.469298320293365e-07	-2.902561498533232e-07
0.09	-0.006331400047084346	0.09689992650438674	0.9417774549761461	0.188738551346395	-0.2319925935778478	-0.2548639450009149	-0.05330809667478806	0.09612840207164658	0.09612840207162478	0.1681093139637277	0.1744357705655856	0.04496387390452284	-0.0004401230031102252	0.005566737950338257	0.01155368403688278	-0.02168196674819805	0.2664857418125598	0.0006415828026435983	0.1417087048059812	-0.3079880517505294	0.4902566693685501	0.4902566693685436	-0.1296710116681759	-0.0005601034575322374	0.26302113996598	0.06072054181242476	0.1698283407102048	-0.1704283305012188	-0.03437137033105998	-0.3709688755533257	0.3647214427180679	-0.1071050633962235	-0.07013156688191842	-39.80742527968211	69.6075320975097	-25.30173037500215	-5.816362893007375	-43.33700071497414	-678.3911543290671	77.07888350879281	0.1224765200279176	0.05224338982016544	-0.2676600005839264	2.553640160880856	-0.06853115020145717	1.306291786031009	-2.83257030852356	4.746692579642987	4.746692579650783	-1.028118036632336	-0.0089022443446792	2.440560697491882	0.4921928931605256	7.377746300615259e-08	8.415596142391494e-09	-5.16676786456087e-07	6.95729249751315e-08	6.49776540178897e-08	-3.626234164396168e-07	-2.599167857720188e-07
0.1	-0.00627058303030365	0.09701780413704088	0.9415468698611557	0.191531943733849	-0.2319901555279018	-0.253383388930959	-0.05652641495312835	0.1012678575735694	0.1012678575735685	0.1667628661018047	0.1744311636686704	0.04771512286496751	0.0001909218177700619	0.006606624506181227	0.0120004874888156	-0.02445114843391215	0.2920542062673428	-0.0001719833051170612	0.1543168405403891	-0.3354638116872822	0.537380970769751	0.5373809707697957	-0.1394803199077158	-0.000381940478497246	0.2870636423473195	0.0654350155805815	0.1642376509629009	-0.1660989727119857	-0.03252771208624176	-0.3637761675914611	0.3515432375614316	-0.1045307886923637	-0.06574927758908733	-39.96141321493539	65.55601484086903	-24.99937226605452	-5.743194702430531	-40.73251907695046	-677.086647007033	76.2385837477658	0.06400141080159133	0.03593314066760129	-0.2904672322532137	2.604807592469847	-0.1014871499968049	1.195506013985917	-2.641125033406761	4.719976749384911	4.719976749384529	-0.9278684615219819	0.07738653865229617	2.381098817475466	0.4461468078329848	6.315664869073679e-08	3.884567812108095e-09	-4.307703472287392e-07	5.652577907617643e-08	6.055542632535316e-08	-3.773980030760777e-07	-2.289632857801074e-07
0.11	-0.006199280744016589	0.09713953406222106	0.9412880409675679	0.1945772254351065	-0.2319964770477217	-0.2517802720343182	-0.06001304410821423	0.1068714026467568	0.1068714026467078	0.1653225865414659	0.1744287910636769	0.05070198400423798	0.0008674600790627244	0.007659656309986186	0.01232730208667214	-0.02733268546955606	0.3168643918656415	-0.001106607582570856	0.1662167389175673	-0.3616579494083094	0.5830731450845804	0.5830731450845993	-0.1484426665483574	-0.0001099146170104563	0.3101470383884752	0.06982395932749018	0.1587632531332281	-0.1615100855806768	-0.03072449035055662	-0.3572763091776002	0.3389575108695569	-0.1020841151990619	-0.06140382893141629	-40.12507293839396	61.65955365700444	-24.72989530944267	-5.659515149321467	-38.1968064567812	-676.2640808115899	75.34724808118274	0.126839601328609	0.0283383218857025	-0.2897809951739622	2.398467590015378	-0.09162863118513991	1.173778567495265	-2.577947653168498	4.455590538874745	4.45559053887096	-0.8605334623375868	-0.0004680422326723528	2.247740445972997	0.4279066974388457	4.994081529363187e-08	-2.19327707613128e-10	-3.191734524730749e-07	4.120955652724704e-08	5.336075872588861e-08	-3.843060114796701e-07	-1.867957614593917e-07
0.12	-0.006117271032460108	0.09726398867388772	0.9409998398924324	0.1978664777016732	-0.2320125805232148	-0.2500608467903552	-0.06375549254285182	0.1129242200163297	0.1129242200163212	0.1637966603754442	0.1744286229869497	0.0539148351936238	0.001586415485686709	0.008748109560128638	0.01254542478610573	-0.03032558474343255	0.3408483193241383	-0.002128374442666533	0.1775785100112024	-0.386627667598042	0.6272354300531269	0.6272354300531192	-0.1566096410691055	5.896515929150443e-05	0.3322616523711268	0.07391844464716295	0.1532888553038266	-0.1569211984493216	-0.02892126861448409	-0.3507764507636186	0.3263717841777601	-0.09963744170569869	-0.0570583802735971	-40.29685687451494	57.79961833679933	-24.46066059941478	-5.56821507225691	-35.78788732991767	-674.9255688496264	74.36792425639968	0.07108570006918465	0.01419476098296769	-0.3127396798997303	2.439555964509498	-0.1189156665251576	1.087880557277234	-2.396241127147745	4.413998880128359	4.413998880127857	-0.7687940375432739	0.05675732161539436	2.187342405774562	0.3872551223858112	3.643340671880907e-08	-4.275230776709387e-09	-2.046899896805211e-07	2.563838154573626e-08	4.585458102452204e-08	-3.903301346885583e-07	-1.433682344051025e-07
0.13	-0.006024390290169191	0.09739010310746676	0.9406811115362551	0.2013918154887002	-0.2320393619433031	-0.2482313099223079	-0.06774144934570238	0.1194114960073117	0.1194114960072995	0.1621930244322878	0.1744305757077181	0.05734416823306893	0.002344869871886072	0.009831408952050581	0.01266243096653244	-0.03343893360652669	0.3640846611988719	-0.003234410058280463	0.1882393232239317	-0.4103691902459599	0.669968462441874	0.6699684624419163	-0.1640015907309646	0.0003150673407289681	0.3534512041061885	0.07773382870939088	0.1479570633330933	-0.1521119786589425	-0.02718749539888266	-0.344984957745087	0.3144317979014698	-0.09732896916626053	-0.05277011452005971	-40.47519746553557	54.11204627064696	-24.22501941888098	-5.467273167366778	-33.46767144354948	-674.0662350878416	73.34370741654774	0.1274693640122544	0.008207890893092156	-0.3135377687470438	2.24549144119944	-0.1074286466486686	1.041755821769007	-2.333932424595483	4.16525260302202	4.165252603029496	-0.7070224109209536	0.007567339199747137	2.061705981010236	0.3728624128310509	2.198322027219626e-08	-7.13068520557951e-09	-7.565529205840152e-08	1.079397219632443e-08	3.625252065688541e-08	-3.897499834015521e-07	-9.427469639839784e-08
0.14	-0.005920573092907106	0.09751693847171382	0.9403306686356001	0.2051454803229291	-0.2320773999470419	-0.2462978500984535	-0.07195898629323065	0.1263185617591969	0.126318561759179	0.1605189435964702	0.1744345955846939	0.06098078567458882	0.003140314571643957	0.01093540055429717	0.01268961091971133	-0.03666849363898354	0.3865137287633446	-0.004379691176681703	0.1983631011766026	-0.4329436965331389	0.7111933822215921	0.7111933822216764	-0.170698619609387	0.0004723964338484884	0.3737185327867814	0.08131650735921261	0.1426252713624486	-0.1473027588685271	-0.02545372218381953	-0.3391934647263705	0.3024918116252396	-0.09502049662676162	-0.04848184876651047	-40.65848878052547	50.45750623084026	-23.9889346173289	-5.36030235402903	-31.26051230556008	-672.7399372588829	72.2436695365833	0.07522414213420031	-0.003770484466649616	-0.3359819137722713	2.278101102457334	-0.1267647670826015	0.980473505265501	-2.162837854999905	4.112376358322602	4.112376358320475	-0.629809880855988	0.03700270395185096	2.002897794880724	0.3407140399045904	7.402995498439987e-09	-9.82056051165982e-09	5.538647243676164e-08	-3.95019361762548e-09	2.636137302493567e-08	-3.88258897701319e-07	-4.439963963963586e-08
0.15	-0.005805833006177052	0.09764362368340697	0.9399473125212755	0.2091197464698292	-0.2321271864389801	-0.2442664385374406	-0.076396303048596	0.1336307143277402	0.1336307143277312	0.1587814894970402	0.1744404457164441	0.06481559148942295	0.003970351253122148	0.01201022055253027	0.01263603820702622	-0.04002194566786108	0.4082062992118943	-0.005583802777767459	0.2078413319792883	-0.4543281648702904	0.7509823357948138	0.7509823357947811	-0.1766775014210638	0.0006728579143411062	0.3930920652899181	0.08465282895555011	0.1374375993607174	-0.14256271515212	-0.02380571022385322	-0.3340940803720309	0.2911418941901185	-0.09263067691422966	-0.04424795975100797	-40.84512154558792	46.96645416815606	-23.69091319791502	-5.260900809353123	-29.14388499657933	-671.8863350228398	71.29470077282915	0.1232630198267732	-0.007854654117285694	-0.3379869233292335	2.094859545443104	-0.1181363833645391	0.919808558903959	-2.097527872614948	3.873934433877813	3.873934433861552	-0.5647035219900166	0.007845287371753728	1.881997458252511	0.3244023765866705	-7.879434255632944e-09	-1.219537967411911e-08	1.963260217654208e-07	-2.289549516286522e-08	1.519471069294728e-08	-3.825857217333159e-07	1.490355262285291e-08
0.16	-0.005680414301232136	0.09776943237008337	0.9395298298714851	0.2133069432271154	-0.232189194452257	-0.2421425825301961	-0.08104171979723794	0.1413331123474953	0.1413331123474891	0.1569876913414	0.174447555946272	0.06883961592533064	0.004832613381979893	0.01307112419710393	0.01251430591636374	-0.04349380073210523	0.4290998508359941	-0.006823995448588011	0.2168519904273416	-0.4745636951891231	0.7892424724502758	0.7892424724501373	-0.1819674308594109	0.0007244160857941531	0.4115622570019496	0.08776159683542262	0.1322499273592156	-0.1378226714356978	-0.02215769826446302	-0.3289946960174639	0.2797919767550585	-0.09024085720165866	-0.04001407073536641	-41.03345460676457	43.50504648829229	-23.39143073440825	-5.157472372745177	-27.12770152846844	-670.6141289074189	70.28242488825568	0.07244087140240953	-0.01740240006218935	-0.3596625208455873	2.118297337567351	-0.1339809810295287	0.8869590343389627	-1.933050251336067	3.806612974770764	3.806612974770806	-0.4920194061901414	0.007222042143982756	1.822229636659647	0.2952032966116263	-2.327752130058151e-08	-1.451830723645259e-08	3.3889579447842e-07	-4.253274847561146e-08	3.817963586834908e-09	-3.762237308976801e-07	7.575961426242591e-08
0.17	-0.005544607440958455	0.09789370033545999	0.9390770184930174	0.2176993909452677	-0.2322638125420655	-0.2399316750311206	-0.0858837168536148	0.1494108759455202	0.1494108759455	0.1551443795467737	0.1744553000186897	0.07304397805146784	0.005724839245281112	0.01408811990888228	0.01233051245824118	-0.047086399890917	0.4492558548441465	-0.008098542812146782	0.2252425663913341	-0.493656379000282	0.8260579578160357	0.8260579578160357	-0.1865984051615654	0.0008113726149602217	0.4291659181490532	0.09065491449771881	0.1272243684824907	-0.1331669647871841	-0.02061687376721432	-0.3245685162873072	0.2690154741674999	-0.0877781696324664	-0.03585515468357964	-41.22186685520237	40.20179541178565	-23.03305678535288	-5.062922012117304	-25.19740601984448	-669.8090242424237	69.42089434522995	0.1160207881304112	-0.0201836281599871	-0.3618223919120849	1.944181054640095	-0.1239689888248807	0.802042793203869	-1.87047688303291	3.581178069743496	3.581178069764098	-0.4340973436469765	0.007456278273817002	1.707791855131361	0.2821486162076316	-3.825244108694384e-08	-1.53293228172328e-08	4.863430121216159e-07	-5.926494461830305e-08	-8.861869113983831e-09	-3.659819652263901e-07	1.379676619120098e-07
0.18	-0.005398692250152481	0.0980158672043606	0.9385877283672586	0.2222893845279494	-0.2323511315804517	-0.2376394745892674	-0.09091126063551021	0.1578492267476754	0.1578492267476646	0.1532576658289131	0.174463518420318	0.07742004828935194	0.006645148808237891	0.01509279030324731	0.01209408662115651	-0.05078955019032565	0.4686090237403162	-0.009364185167961413	0.2331105789863135	-0.5116730402925201	0.8613599132723945	0.8613599132725287	-0.1906478155204881	0.0008192819429648617	0.4459038793519823	0.09337833676677759	0.1221988096058486	-0.12851125813863	-0.01907604927017221	-0.3201423365570417	0.258238971579988	-0.08531548206321669	-0.03169623863177228	-41.40874844161293	36.92501672493239	-22.6722448208128	-4.966250863928821	-23.35586482455617	-668.6305724709264	68.5080528505901	0.06997580791985863	-0.02792887585469262	-0.3817727489649614	1.957730315170847	-0.1321999794806483	0.7824463605362973	-1.717845747551842	3.503906992890579	3.503906992889759	-0.3757066175439213	-0.008587398088267081	1.649089647824687	0.2612242179641873	-5.314578646201247e-08	-1.584888548590636e-08	6.347304601128019e-07	-7.543712974026125e-08	-2.179289903787853e-08	-3.549922911530462e-07	2.004363333707526e-07
0.19	-0.005243003140454393	0.0981354244196623	0.9380608353805501	0.2270692455540568	-0.2324511422104708	-0.2352716750303712	-0.09611345863259509	0.1666333726816709	0.1666333726816709	0.1513333895420757	0.1744720501533898	0.0819592894105089	0.007591788805468442	0.01603646449961285	0.0118111808048604	-0.0546058885895225	0.487234408173201	-0.01063557085130242	0.2403711360396986	-0.528588555837685	0.8952166090586148	0.8952166090586848	-0.1941173117598279	0.0008704415959487923	0.4618037693722893	0.09592291871545741	0.1173096185724657	-0.1239228554478641	-0.01764891046597027	-0.3163237932694578	0.2479686606863356	-0.08281169380398691	-0.02758959288729034	-41.5925287014521	33.78448800126932	-22.26903556686212	-4.877127943325092	-21.58573929927856	-667.9056991611019	67.7115151974738	0.1052889116031752	-0.02940260871940994	-0.3841611999343997	1.795631765357064	-0.1241567764225151	0.6860932716263352	-1.651703964852933	3.288662371472928	3.288662371463784	-0.3189466466267431	0.009438231647504961	1.539341112087927	0.2471586718498101	-6.697916142511197e-08	-1.521810773316892e-08	7.795010060969314e-07	-8.991962575456934e-08	-3.532434486454633e-08	-3.397460234703329e-07	2.63185586534695e-07
0.2	-0.005078132151571326	0.09825196634196026	0.9374952596469416	0.232031498276089	-0.2325637764800433	-0.2328336233221798	-0.101479471686508	0.1757485078735708	0.1757485078735723	0.1493771431890814	0.1744805875997605	0.0866533099184537	0.008563091319891055	0.0169291661402954	0.01149102802041151	-0.05852609957029521	0.5050873629264516	-0.01188891308114717	0.2471610088485655	-0.5444360516570104	0.9275577648442452	0.9275577648442552	-0.1970418287790949	0.0008204246351698405	0.4768597567107649	0.09831084020533862	0.1124204275390659	-0.1193344527570135	-0.01622177166227515	-0.3125052499817605	0.2376983497927365	-0.08030790554464515	-0.02348294714288045	-41.77164218384382	30.66741846436187	-21.86253980665235	-4.787591437442385	-19.89361793604649	-666.8505866286688	66.87471079622394	0.05978129678336756	-0.03537826948534104	-0.4025472652801305	1.803244379244032	-0.1285912887813422	0.6883095116326046	-1.504241802383905	3.20079899277267	3.20079899277267	-0.2667107735295275	-0.02882272084083374	1.480309111458357	0.2298921262045292	-8.057698740777389e-08	-1.433169877567348e-08	9.234677960794928e-07	-1.040266353005108e-07	-4.898921644738592e-08	-3.235538460966486e-07	3.259971911886819e-07
0.21	-0.004904732257525352	0.09836514771194875	0.9368899554584447	0.2371686879532381	-0.2326889401004061	-0.2303304439377382	-0.1069985286572721	0.1851798204483829	0.1851798204483857	0.1473943892047005	0.1744887109149862	0.09149381279343467	0.009557431709942629	0.01774350966047931	0.011142631263763	-0.06254919342240126	0.5222173446437567	-0.0131413386647422	0.2534018942801908	-0.55920388596161	0.9584528615782602	0.9584528615782327	-0.1994235594203428	0.0007887998642089521	0.4911058965821812	0.1005315869543418	0.1076587786371218	-0.1148031027924756	-0.01492207724260977	-0.3092759073452625	0.2279661122568156	-0.07780978641551746	-0.0194218035440588	-41.94427031092741	27.69733617160846	-21.43157218871727	-4.703324014053241	-18.29414733831208	-666.2232880858468	66.11933040648262	0.09117581710879152	-0.0349729360099259	-0.4044227956948111	1.647896712627375	-0.1230689918796495	0.5809799025362828	-1.437335764380875	2.996098397909766	2.996098397904246	-0.2109448818803528	0.007304531455767951	1.376511005804756	0.2144557035377695	-9.450262434587636e-08	-1.380922109413927e-08	1.074332813174261e-06	-1.242490157723228e-07	-6.305181235344182e-08	-3.092153009881699e-07	3.990743304532452e-07
0.22	-0.004723405940783056	0.09847476460291966	0.9362439738613225	0.2424731817765004	-0.2328265281363424	-0.2277670553302584	-0.1126601202750553	0.1949125306673575	0.1949125306673723	0.1453904097793807	0.1744960453598563	0.09647272598329457	0.01057323751834213	0.01851445067960558	0.01077813221689798	-0.06666158129533652	0.5385481921472207	-0.01437379619757435	0.2592028534561681	-0.5729429810615211	0.9878372936800284	0.9878372936799658	-0.2012869169599021	0.0006626505604228715	0.504541819686453	0.1026039238749238	0.1028971297352326	-0.1102717528279599	-0.01362238282284199	-0.3060465647087969	0.2182338747208729	-0.07531166728642079	-0.01536065994516049	-42.10879129359839	24.74762831440709	-20.99668843660011	-4.620079587107725	-16.76216798261913	-665.3101844245172	65.33414600982879	0.05110079657197628	-0.03859872752873644	-0.4204060694459666	1.643417536475894	-0.1245976786286856	0.6003242605029862	-1.298493961446145	2.898666066323418	2.898666066323817	-0.1630361531919941	-0.04772762740587531	1.318265758029365	0.2002101605203938	-1.085112513992802e-07	-1.33788779128484e-08	1.226944216879714e-06	-1.460195914152413e-07	-7.721509796157776e-08	-2.953460298708825e-07	4.747503392394731e-07
0.23	-0.00453471554956117	0.09858064883106031	0.935556423477487	0.247937314414586	-0.2329763447788256	-0.2251484245137356	-0.1184539288187169	0.2049319119269596	0.2049319119269716	0.1433701871582665	0.1745023589569773	0.1015820844272694	0.01160905908489053	0.01921531913808903	0.01039604757102641	-0.07086039076317371	0.5541536412926913	-0.01557862495848817	0.2644363710227949	-0.5856559781294278	1.015797845948418	1.015797845948486	-0.2026990905164614	0.0006024960649422524	0.5172022832909497	0.1045460809800504	0.09822328888103755	-0.1058340200309617	-0.01244512998898057	-0.303241165659055	0.2087548628479853	-0.0727273616533816	-0.01133044909016113	-42.26387072364202	21.85710912064331	-20.51003667268127	-4.549626994939752	-15.24256428589718	-664.8049619780685	64.68130875983582	0.07834366400785028	-0.03842928190629193	-0.4214611319351134	1.500410843956762	-0.1166301488801031	0.4717546648481979	-1.233290148213272	2.70860528825072	2.708605288270125	-0.1213386833264139	0.01514444490880173	1.220775531232362	0.1892527971164604	-1.269032530881471e-07	-4.200153686252068e-08	1.319204959636378e-06	-3.380990095632036e-07	-7.233582654020392e-08	-3.388607834252747e-07	6.915423141186833e-07
0.24	-0.004339263715052519	0.09868262902298423	0.9348265164496758	0.2535537619921946	-0.23313785064373	-0.2224800806895194	-0.1243699848468084	0.2152236698054768	0.2152236698054776	0.1413376366562771	0.1745081317702251	0.1068142152812034	0.01266390908481213	0.01986673933744839	0.009997324973551824	-0.0751329100904217	0.5690111800531348	-0.01671164068168748	0.2691454549936513	-0.5973924779473443	1.042312617462966	1.042312617463163	-0.2037524931305531	0.0005544937905772383	0.5290963016783437	0.1064096105494805	0.09354944802678387	-0.1013962872339813	-0.01126787715518675	-0.3004357666093478	0.1992758509750758	-0.07014305602036652	-0.007300238235188668	-42.40824993711644	18.98451648852856	-20.01850340715884	-4.481943544810599	-13.78207298852474	-664.0493149269806	64.00868320233708	0.0412111447472945	-0.04192631784943217	-0.4351480413281182	1.49383545947058	-0.1102350710857076	0.495437541348913	-1.103194511448049	2.609509915555306	2.609509915555278	-0.09128196469865746	-0.04529718318278826	1.164976714608742	0.1844846533811933	-1.465476475300035e-07	-7.892505356389677e-08	1.394222656407674e-06	-5.788380969983217e-07	-6.201582453897014e-08	-3.987709726001467e-07	9.486531364530317e-07
0.25	-0.00413760096107191	0.09878060445486732	0.9340535271077337	0.2593149081821259	-0.2333107828645367	-0.2197663918495488	-0.1303984749555538	0.2257731940444034	0.2257731940444344	0.139297290945413	0.174512898370402	0.1121613750839586	0.01373644711053218	0.02045412380240529	0.009600870027566284	-0.07947384145612497	0.583093311730538	-0.0178633983583692	0.273502856668442	-0.6081413842921476	1.06735676210128	1.067356762101383	-0.2042654057268407	0.0004116093052227222	0.5402183010550976	0.1080863395135314	0.08908015062801983	-0.09707264128822106	-0.01024892791180368	-0.2983661221459535	0.1906327558921315	-0.06769229807893951	-0.003363061647902817	-42.54071645453388	16.35289921491982	-19.54231127855748	-4.41234583594004	-12.49734136353651	-663.684847123511	63.35263698460324	0.06575310803411717	-0.03805069234229125	-0.4349808168240126	1.346688261640548	-0.1158550745022145	0.3923271770733073	-1.036114769498436	2.416576766245174	2.416576766231132	-0.02345495104529038	0.002995456405728052	1.06818367297561	0.1576661767587467	-1.603939906570723e-07	-1.008148324324169e-07	1.466651374275101e-06	-7.27056723038553e-07	-5.876233035237191e-08	-4.270972894329026e-07	1.116733706974752e-06
0.26	-0.003930414160314081	0.09887470621541661	0.9332368454256075	0.2652131329367726	-0.2334948744538312	-0.2170118418535198	-0.1365295293424497	0.2365661017354117	0.2365661017354252	0.1372533842998815	0.1745165920331025	0.1176162293052321	0.01482543225766168	0.02097154869393948	0.009222590706793867	-0.08387137812721712	0.5964268929985519	-0.01894351437676444	0.2773176862044092	-0.6179053335770262	1.090989307870625	1.090989307870635	-0.2044646800811815	0.0003399063245721855	0.5506351853825239	0.1096990348312483	0.08461085322919587	-0.09274899534244091	-0.00922997866891948	-0.2962964776825231	0.1819896608091892	-0.06524154013748229	0.00057411493933305	-42.66013488866929	13.73691722324739	-19.06040266388099	-4.347062289047811	-11.28131606658296	-663.1152386116021	62.71385700227309	0.02721923006286799	-0.03829119280689441	-0.4464691024058895	1.344125377592771	-0.09590673942835659	0.3869231135842418	-0.9062030994630225	2.327190141761769	2.327190141761874	-0.0285543163094515	-0.03106088224204907	1.023953704743143	0.1716779241144321	-1.723849573634091e-07	-1.17893815194423e-07	1.53825161889329e-06	-8.456688014324203e-07	-5.777011866645706e-08	-4.453167671161813e-07	1.256324596916432e-06
0.27	-0.003718440541253368	0.09896508657265808	0.9323759266518264	0.2712410055092357	-0.2336896427024309	-0.2142213477417316	-0.1427533565867527	0.2475882540421945	0.2475882540422168	0.135209489935491	0.1745196306542807	0.1231716385537652	0.01592991940334406	0.02141342477650206	0.008853645333244228	-0.08831741821287156	0.6090225258051964	-0.02000019630764389	0.2807105505029365	-0.6267077712253104	1.113200236493635	1.113200236493598	-0.2042628658546645	0.0002675341378884418	0.5603241609291063	0.1111832409894478	0.08014785239045275	-0.08850831800535693	-0.00827253839391081	-0.2944610819962859	0.173269531716091	-0.06282702476687521	0.00452840389174236	-42.76544784713052	11.06930021772216	-18.60014538929058	-4.281901563060679	-9.948543724984313	-662.9119455278768	62.08027069574629	0.05121018971995294	-0.03618302297943841	-0.4445177195509679	1.198512198822899	-0.1090095693331225	0.3046949782149841	-0.8444124887887758	2.131941781293761	2.13194178128685	0.05239730258337605	0.004455887908030473	0.9229673518836659	0.1346610105432337	-1.776112693182998e-07	-1.261258485548125e-07	1.571625407854333e-06	-9.063617675747794e-07	-5.797167272346603e-08	-4.458386373579281e-07	1.329108009900165e-06
0.28	-0.003502340482898708	0.09905178011349411	0.9314703782256073	0.2773910804030852	-0.2338946699002415	-0.2113990796088978	-0.1490606378857914	0.2588252951469079	0.2588252951469527	0.1331691833153099	0.1745219018086922	0.1288202571322194	0.01704882242038318	0.02179683655378348	0.008485227425699271	-0.0927973086148325	0.6208673572767708	-0.02099530421510669	0.2836724904105762	-0.634596144524698	1.133967067465567	1.13396706746549	-0.2037471312100773	0.0001864129427777135	0.5692770513663993	0.1125822091024593	0.0756848515516713	-0.08426764066833153	-0.007315098118455325	-0.2926256863101739	0.1645494026229398	-0.06041250939635299	0.008482692844176349	-42.85564498541895	8.415453615262967	-18.13366860126902	-4.222082827176864	-8.684082082661329	-662.5345039767632	61.48252435033231	0.01552636900676071	-0.03818569960603031	-0.4532391656671896	1.193965110578786	-0.08359193474495623	0.3007382354067755	-0.7233902296836641	2.03837061154614	2.038370611547597	0.03422976730445733	-0.03281068392749187	0.8767366828852359	0.1546303150768624	-1.804282521836344e-07	-1.312069136351741e-07	1.591384294800502e-06	-9.464260088056423e-07	-5.859840362042047e-08	-4.400572501547458e-07	1.378096979035863e-06
0.29	-0.003282799503684435	0.09913482321875568	0.9305198827297582	0.283656027329071	-0.2341094070585923	-0.2085491951676795	-0.1554421743223325	0.2702629703097008	0.270262970309725	0.131135624892428	0.1745233388053857	0.1345548411708127	0.01818122796582981	0.02210046608764308	0.008127167713896249	-0.09730296283257954	0.6319958539142929	-0.02194182018569868	0.2862329178338432	-0.6415618035961492	1.153330492990431	1.153330492990434	-0.2029212552213986	0.0001071936220608635	0.5775241761890183	0.1138857464522009	0.07139834783902899	-0.0802922163831751	-0.006462033702426103	-0.2914384696881571	0.1564754913158414	-0.05812328993002103	0.01235370226027228	-42.92976866436135	5.942564275266684	-17.68891213919949	-4.159956197866599	-7.524973202730536	-662.5130809039999	60.91812444856949	0.03614642904833606	-0.03406174915919843	-0.44949207588062	1.053358593957871	-0.09860193939498485	0.2227750386031375	-0.6607528677580202	1.84974395377409	1.849743953785236	0.1134081062672851	0.005267014005496649	0.7813355953092579	0.1163812041542448	-1.823951714209046e-07	-1.352107715717556e-07	1.606293842460942e-06	-9.797003370399992e-07	-5.925752455765828e-08	-4.322692032697316e-07	1.419066461886e-06
0.3	-0.003060549192443114	0.09921439659846099	0.9295242779865207	0.2900284725521456	-0.23433329347891	-0.2056758904436485	-0.1618888871739637	0.2818871628138298	0.2818871628138808	0.1291116535475496	0.1745241325231531	0.1403684235003057	0.01932630203662056	0.02233870296045277	0.007791282314447861	-0.1018191580924954	0.6423670166965983	-0.022825156603402	0.2883565469697543	-0.6476314275428851	1.171270535747994	1.171270535748069	-0.20182971556798	5.775710730112307e-05	0.5850767095459933	0.1151159141711904	0.06711184412631067	-0.07631679209807672	-0.005608969285579942	-0.2902512530663087	0.1484015800086894	-0.0558340704637802	0.01622471167635434	-42.9869330854324	3.481801004536336	-17.23789591028804	-4.103552849592022	-6.428818807737207	-662.3407865475491	60.39655622304668	0.002447836796887341	-0.03375083713515735	-0.45534737410095	1.042498339535503	-0.07095602416716112	0.2133785779356434	-0.5441832047405475	1.753694058086013	1.753694058086005	0.0873625002523916	-0.02685412273610797	0.7378183897563516	0.1399563889264584	-1.840268542978115e-07	-1.387898154234661e-07	1.619290974628419e-06	-1.01029695310672e-06	-5.992941903190926e-08	-4.236897976369527e-07	1.456873330426337e-06
0.31	-0.002836329442486338	0.09929071559205559	0.9284834804947298	0.2965010518588271	-0.2345657632742112	-0.2027833088477451	-0.1683917930423234	0.2936838197527871	0.2936838197528474	0.127099956359778	0.1745245282990145	0.1462541301715562	0.02048323692715974	0.02249399117382369	0.007476134621307473	-0.106337712460171	0.6520255729539202	-0.02365972711082912	0.2900971268171006	-0.6528061795474375	1.187826793226486	1.187826793226515	-0.2004699386555219	2.520099860599453e-05	0.5919512296585686	0.1162566934820229	0.06290195681481603	-0.0725049853058726	-0.004824422998944816	-0.2894511775292946	0.1405615378715705	-0.05365416100575252	0.02006966019752737	-43.02629569295117	1.070191360846593	-16.82488517454269	-4.042073949989712	-5.316311508308811	-662.4975092572565	59.86153920058494	0.02037855718846293	-0.02986602958361389	-0.4497995152663364	0.909035038043541	-0.08832622575123709	0.1447936723029732	-0.4825862110674723	1.5715196748324	1.571519674825379	0.1663980274740433	0.008920720108676516	0.6452308149399081	0.09911875595370757	-1.837356247744998e-07	-1.41944171784012e-07	1.611476229981189e-06	-1.035323042565694e-06	-5.901201372303847e-08	-4.142575457626374e-07	1.481668649685039e-06
0.32	-0.002610894961686555	0.09936398924988282	0.9273975594498287	0.303066516881916	-0.2348063025069581	-0.1998752422565202	-0.1749421394332781	0.3056390248829298	0.3056390248830012	0.1251030794891825	0.1745246739288818	0.1522051744425196	0.02165117562156577	0.02258164913046749	0.007182215160970542	-0.1108438687145036	0.660944159979778	-0.02443904408705717	0.2914535460311965	-0.6571195320621829	1.202980173989039	1.202980173989022	-0.198865652113775	7.727891702098149e-06	0.5981442294884124	0.117316674944529	0.05869206950328786	-0.0686931785137134	-0.004039876712072052	-0.2886511019923455	0.1327214957344199	-0.05147425154778774	0.0239146087187042	-43.04706480617892	-1.330810325699804	-16.40573536875526	-3.986464899534507	-4.261312088316821	-662.5244910856011	59.37480098719183	-0.01107821454846337	-0.02950519057450152	-0.4528677514323411	0.8945044932427725	-0.05990531792733138	0.1365464512856338	-0.3719033067790611	1.473118714898223	1.473118714898326	0.1362644261101417	-0.02383752237788453	0.6015143332100371	0.12379681926115	-1.826083463815279e-07	-1.449138814092689e-07	1.594612843240608e-06	-1.057927163934345e-06	-5.740360850846258e-08	-4.044544911746108e-07	1.5008067736039e-06
0.33	-0.002384992295239589	0.09943443333663061	0.9262666666677097	0.3097176505351011	-0.2350543816114049	-0.1969552766614756	-0.1815312994045888	0.3177389181402068	0.3177389181402852	0.1231234301024386	0.1745246085682681	0.1582148355302198	0.02282928946396828	0.02258877582369589	0.006911055462206513	-0.1153277233499666	0.6691593613824236	-0.0251665605527344	0.2924825755108245	-0.6605756288576954	1.216767607265103	1.216767607265094	-0.1970326594759257	-1.843346567222205e-05	0.6036786947891756	0.1182938345829175	0.05459197457220554	-0.06508828977135031	-0.003323997323388506	-0.2883017328818787	0.1252354627367394	-0.04941202459006036	0.02771133240478227	-43.04847794786784	-3.643275473119899	-16.0219792745554	-3.925456799100837	-3.22972920752024	-662.8714385036438	58.88638446918088	0.005087940770477356	-0.02526474527680072	-0.4451799228736637	0.7665368361678424	-0.07764033236348689	0.07732001468155883	-0.3119378646094902	1.296961553268292	1.296961553269512	0.2116877444479676	0.0081529259249833	0.5129900046534708	0.08296157360920176	-1.802841994556102e-07	-1.47033085767258e-07	1.565751582187347e-06	-1.073503959977518e-06	-5.509606416909854e-08	-3.931502775673291e-07	1.508152693400612e-06
0.34	-0.002159322395962621	0.09950229714924098	0.9250911282185819	0.3164472379767843	-0.2353094289848255	-0.1940267730079426	-0.1881509153435864	0.3299697669140658	0.3299697669141651	0.1211630848542446	0.174524313267909	0.1642765567461592	0.02401683211025078	0.02253509569743277	0.006666160333485397	-0.1197730021162568	0.6766349176807875	-0.02583269787738936	0.2931611577256497	-0.6632107256000919	1.22917127731348	1.229171277313479	-0.1950048243650145	-3.826008936551637e-05	0.6085562551356958	0.119202435720554	0.0504918796410686	-0.0614834010290815	-0.002608117934201028	-0.2879523637715251	0.1177494297390014	-0.04734979763246533	0.03150805609086917	-43.02981524722813	-5.946546167974218	-15.63233289190404	-3.870277459076161	-2.250383813188567	-663.1081157727657	58.45015882288639	-0.02323957844671172	-0.02425227656593563	-0.4451525775977743	0.7465754723864482	-0.04762948972287987	0.06645699832514945	-0.2077032961558343	1.196366069361047	1.196366069361098	0.1752329207225944	-0.02257057564166506	0.4701333423613991	0.1100851191106946	-1.773884138273903e-07	-1.487460786543132e-07	1.531159993104148e-06	-1.085724421536881e-06	-5.245460263580584e-08	-3.811290924881644e-07	1.509866515706148e-06
0.35	-0.001934581571896476	0.09956784353386551	0.92387135701871	0.3232480822254919	-0.2355708529247284	-0.1910930298550043	-0.1947927349478769	0.3423178983260463	0.3423178983261331	0.1192239571777127	0.1745237812925018	0.1703838530642343	0.02521309575604671	0.0224023839695802	0.006448070430724728	-0.1241700154919231	0.6834121780130524	-0.02644255105616839	0.2935305226868776	-0.665020290755177	1.24022716724866	1.240227167248665	-0.1927943752376774	-6.127494666559129e-05	0.612796384547785	0.1200377130426826	0.04648557344459589	-0.05807241707474742	-0.001949269000326891	-0.2880063699286364	0.1105609679976855	-0.04540774999967053	0.03526726157920249	-42.99037981268202	-8.178746903661818	-15.28308282474682	-3.807919188630524	-1.281709203565227	-663.6504947195724	58.0001240492868	-0.009895029395515776	-0.01985458073357506	-0.435367762752112	0.6250274304883131	-0.06624833289642124	0.0134223519884201	-0.1476474497624523	1.026060059478991	1.026060059479848	0.2480255002679213	0.00866581159806883	0.3849312762138763	0.06847295553662526	-1.733826023961502e-07	-1.482157755674023e-07	1.488513788877095e-06	-1.086201705454407e-06	-5.048220108719948e-08	-3.626282627890243e-07	1.498436825373101e-06
0.36	-0.001711489476999688	0.09963135557274197	0.9226079372760413	0.3301130443008851	-0.2358380924166225	-0.1881573438310479	-0.2014486630686314	0.3547697605581502	0.3547697605582117	0.1173077489106419	0.1745231857190424	0.1765303463835492	0.02641735695841808	0.02220534986410298	0.006259291183872317	-0.128502710675607	0.6894584830190029	-0.02699580827254672	0.2935497319267757	-0.6660324288933652	1.249917441339141	1.249917441339152	-0.1904209424491624	-5.097970907528623e-05	0.6163956553831198	0.1208019470357073	0.04247926724807752	-0.05466143312050886	-0.001290420066337277	-0.2880603760857968	0.1033725062563243	-0.04346570236700296	0.03902646706753948	-42.92951836367472	-10.40314696244073	-14.92833122394915	-3.751162448875795	-0.3600429504040235	-664.1017196348575	57.60471862235625	-0.03610405397160926	-0.01839014538428755	-0.4322889392012937	0.6003844071235515	-0.03631029724277803	-0.003574145940741335	-0.0482178927764861	0.9232429004213942	0.9232429004213907	0.2078296529582944	-0.01590855666354294	0.3419616270105295	0.09587645328985178	-1.687961620833303e-07	-1.465120561248784e-07	1.441654401344025e-06	-1.080536404143897e-06	-4.885976937673671e-08	-3.407380805194354e-07	1.48013206689064e-06
0.37	-0.001490798010640985	0.09969311954253306	0.9213015308044179	0.3370350896751084	-0.2361105766746658	-0.1852229191866223	-0.2081106785020515	0.3673119236902191	0.3673119236902695	0.1154160110011829	0.1745226908948052	0.182709742826044	0.02762892079600911	0.02192470687062949	0.006098431860128068	-0.1327630093268105	0.6948287233444236	-0.02749153434280211	0.2932902555326565	-0.666246765718744	1.25829103521634	1.258291035216341	-0.1879039999197563	-4.896885983704955e-05	0.6193803287185534	0.1214986607432527	0.03857717489180931	-0.05144853224977825	-0.0006774896947532992	-0.2884980058733728	0.09647801170757234	-0.04164435571744894	0.04273285292505291	-42.84632280321409	-12.55537444489974	-14.6147892770767	-3.686206311401817	0.5493309511929745	-664.8201884479513	57.19307560219264	-0.02528639638129443	-0.01420411696056556	-0.4206307353594221	0.4870522766647185	-0.05480766035869755	-0.04408045166114461	0.01054223339234634	0.7608285782673621	0.7608285782656968	0.2771346523921858	0.007918353330630092	0.2611980208288465	0.05484224197861989	-1.636668821768889e-07	-1.435574346802154e-07	1.389637243063755e-06	-1.067738863311569e-06	-4.74879655339537e-08	-3.159836068485982e-07	1.452626543858475e-06
0.38	-0.001273161369086266	0.09975342086086841	0.9199529752648267	0.3440071791388667	-0.2363877389731106	-0.1822924785192353	-0.2147711205415622	0.3799311049504511	0.3799311049504776	0.113550144136908	0.1745221486685556	0.1889158815686973	0.02884710645317361	0.02159438490330818	0.005966760892722524	-0.1369325242691558	0.6994673009263772	-0.02793141635071632	0.2927529365179969	-0.6657177501116849	1.265321066969469	1.265321066969459	-0.185246733411917	-6.046010606969708e-05	0.6217441154147502	0.1221263109504606	0.0346750825355325	-0.04823563137907581	-6.455932329919987e-05	-0.2889356356609369	0.08958351715881294	-0.03982300906792959	0.04643923878256621	-42.73943655762375	-14.70200665364797	-14.29628081796436	-3.626596375738363	1.419050727855335	-665.4786583389908	56.83816074729315	-0.04603984874115949	-0.01255247411654612	-0.4141321974296662	0.4540518584301196	-0.02514148477460916	-0.05914267004879124	0.1004525937110966	0.6545304756074025	0.6545304756074022	0.2358944486450716	-0.01860897575766043	0.2177842991631891	0.08206375322224922	-1.582274082169494e-07	-1.39888012091473e-07	1.334672787213655e-06	-1.050865757038203e-06	-4.625937761555911e-08	-2.895923952341905e-07	1.41986344108362e-06
0.39	-0.001059226834264741	0.099812544312603	0.9185631875279763	0.3510223353081229	-0.2366690174806236	-0.1793686379358591	-0.2214224518294576	0.3926141445499906	0.3926141445499559	0.1117114535290337	0.1745213898918084	0.1951426805245945	0.0300712419101043	0.02118496360678675	0.005862847298035936	-0.1410055871612299	0.7034444875279037	-0.02831648562605533	0.2919711814029239	-0.6644306975436275	1.271069330329883	1.271069330329881	-0.1824714363119296	-8.807358611025566e-05	0.6235159636007899	0.1226871594008498	0.03087047836963892	-0.04522731618755245	0.0005110904229738965	-0.2897086739727613	0.08296312273220753	-0.03811335911489547	0.05009588180996698	-42.6075852359581	-16.77955970145568	-14.01595915385928	-3.558873651562976	2.272743689832366	-666.3590289691623	56.46925464877329	-0.03953456462189527	-0.008582283131256113	-0.4010338366445689	0.3516237692130815	-0.04406121868098002	-0.09448626444791659	0.1605030769627714	0.5023771034522422	0.5023771034536043	0.3014401488373012	0.005465310433077505	0.1419035462790414	0.04113607097002316	-1.523747238102988e-07	-1.355102418489959e-07	1.276687277898488e-06	-1.029043521842938e-06	-4.498683161470022e-08	-2.636204790076112e-07	1.381018346019636e-06
0.4	-0.0008496147713081892	0.09987077433219331	0.9171332410618955	0.358073677685034	-0.236953920994847	-0.1764539737700742	-0.2280573782939502	0.4053481473505441	0.4053481473504784	0.1099011344537302	0.174520415549253	0.2013842016559431	0.03130059398754327	0.02072989052969049	0.005788074463868303	-0.1449642701152097	0.7067045424573939	-0.02865641769209091	0.2909176529993961	-0.6624367854311799	1.275513707178056	1.275513707178064	-0.1795724268854613	-0.0001035732837397086	0.6246885505050168	0.1231696350521442	0.02706587420372653	-0.04221900099603233	0.001086740169557489	-0.2904817122846196	0.07634272830559846	-0.03640370916187195	0.05375252483735341	-42.44968350855408	-18.85412607401227	-13.73125526491167	-3.496258328792544	3.094724228987796	-667.2169349687669	56.15869932518938	-0.05517020485611109	-0.006724322012756445	-0.3912562098108129	0.3106255240228372	-0.01611404291398894	-0.1134973277397192	0.2418245025891808	0.3937531731595037	0.3937531731595058	0.260636913941418	-0.01618621927537332	0.09793204280063417	0.06638919340315663	-1.462646296171724e-07	-1.306912058550122e-07	1.216819800850983e-06	-1.004138222729113e-06	-4.368690189033899e-08	-2.379097631865643e-07	1.338384468873901e-06
0.41	-0.0006449171077624494	0.09992839697707123	0.9156642902607418	0.3651543490144029	-0.2372419663496446	-0.1735510565137896	-0.2346687377403674	0.4181203315397429	0.4181203315396851	0.108120275967248	0.1745192930918247	0.2076345816215035	0.0325344329299065	0.02020341417680812	0.0057414862549917	-0.148802590135288	0.7093120629035136	-0.02894504724217523	0.289623149417823	-0.659723554810144	1.27871215947165	1.278712159471651	-0.17658486943289	-0.0001156916401913943	0.6252920475959335	0.1235850620266608	0.02336012766576401	-0.03939344731078682	0.001632974438207548	-0.2915566686156037	0.0700062095169332	-0.0348188067316596	0.05735636837145337	-42.26481510931889	-20.85421339467216	-13.49092855805374	-3.422866585043375	3.890430065568889	-668.2541192302365	55.81847762099932	-0.05232876995126789	-0.00287994119518421	-0.3766704054000367	0.218154874220082	-0.03414659436969996	-0.144005769061588	0.3028046982176749	0.2512743382165953	0.2512743382153882	0.3200632670202719	0.006890699671522276	0.02722668791730394	0.02722638456924301	-1.400659921112674e-07	-1.255739635958368e-07	1.156921496786129e-06	-9.767336671905722e-07	-4.239078411276378e-08	-2.13806077440997e-07	1.293150416420384e-06
0.42	-0.000445672691629051	0.09998570296568628	0.9141576461579285	0.3722575634621004	-0.2375326798366004	-0.1706624000724621	-0.2412496184093015	0.4309181768680326	0.4309181768679823	0.1063697426765179	0.1745181725195052	0.2138881301871095	0.03377204752903369	0.01963924104603647	0.005724743211286	-0.152502930447085	0.7112131661221666	-0.02919004412482075	0.2880654900084375	-0.6563410299348321	1.280645934995532	1.280645934995524	-0.1735073877361009	-0.0001031962565762464	0.6253222705140552	0.1239247664049062	0.01965438112780516	-0.03656789362555608	0.002179208706782287	-0.2926316249465759	0.06366969072826618	-0.03323390430146592	0.06096021190555893	-42.05228216972877	-22.85379489691656	-13.24687585269473	-3.354224239955954	4.661755066287055	-669.304493732257	55.53706987440355	-0.06270956043394164	-0.0007552889785850615	-0.3636602681545483	0.1693420785294398	-0.007387509426306455	-0.1661284933021858	0.3756833534443509	0.1408178192169348	0.1408178192169413	0.2786217627851302	-0.01126347126195017	-0.01672279175837636	0.05124467414881555	-1.338073252407668e-07	-1.202545475975486e-07	1.097002293048495e-06	-9.476347005166297e-07	-4.109725070589097e-08	-1.907919036110091e-07	1.246153533249727e-06
0.43	-0.0002523978863443562	0.1000429765858245	0.9126147016129935	0.3793765515837818	-0.2378255906271857	-0.167790420704006	-0.2477932445115109	0.4437292277933707	0.4437292277933156	0.1046503258123446	0.1745171581427564	0.2201392029388632	0.03501272665975784	0.0190089109905244	0.005734161202213252	-0.1560588101630229	0.712469900614651	-0.02938501509094149	0.286297960909662	-0.652278452295442	1.281355879609303	1.281355879609301	-0.1703621286799695	-0.0001016016328552087	0.6247980522520323	0.1241970648838	0.01604629652842257	-0.03394094144869252	0.002706865992077795	-0.2939504321754314	0.05754860191866155	-0.03173968443418822	0.06450741757830847	-41.81157590400999	-24.79812383342649	-13.03455449143588	-3.27821264366812	5.426303532996835	-670.5043271644655	55.24834994545493	-0.06422469091801941	0.00240929123860158	-0.3475127724552904	0.08664448100267594	-0.02454338057790296	-0.1870960385224368	0.4374057009915146	0.004853443829920642	0.004853443830656149	0.3346330238133282	0.005426491937903953	-0.08442587236177254	0.01318164321870195	-1.271676832542793e-07	-1.145474526084149e-07	1.032667373359024e-06	-9.144655190103955e-07	-3.947489912966909e-08	-1.686612628594964e-07	1.192581222030157e-06
0.44	-6.563237416826222e-05	0.1001004681754938	0.9110370060810707	0.3865046681196772	-0.2381202494254996	-0.1649371228106155	-0.2542930726909648	0.456541132297106	0.4565411322970823	0.1029627925481366	0.1745160708247975	0.2263822026022075	0.03625572061696332	0.01833738242266189	0.005768337117506024	-0.159453127844607	0.7130388489629054	-0.02953964567201044	0.2843291949966067	-0.6475814453838442	1.280816650677986	1.280816650677989	-0.1671306677523988	-0.000117784499182859	0.62370765283251	0.1243877317010563	0.0124382119290919	-0.03131398927176259	0.003234523277412067	-0.2952692394042543	0.05142751310909106	-0.0302454645668199	0.06805462325107269	-41.5424200608567	-26.74422344157035	-12.81901591190753	-3.206743444827307	6.17293848210116	-671.7503599676817	55.01848283112402	-0.07094926290400122	0.004196295894493229	-0.3313478612838129	0.03178484968338996	0.0006805675839794151	-0.2063758561581486	0.5025692078858924	-0.1090168898004139	-0.1090168898004165	0.2958621370731274	-0.0148189692716621	-0.1299590232582834	0.03491834182121343	-1.202473227612752e-07	-1.085546994155005e-07	9.650787682313594e-07	-8.782972318382622e-07	-3.761026048129528e-08	-1.47181646481597e-07	1.13416385856402e-06
0.45	0.0001140823850775073	0.1001584366077649	0.9094261895393456	0.3936352834164641	-0.2384161984750051	-0.1621045148817253	-0.2607426383842916	0.4693415977703548	0.4693415977703097	0.1013078059311827	0.1745147642675332	0.2326115917353764	0.03750029803793336	0.01759807849822185	0.00583118498176067	-0.1626792593737423	0.7129702437470939	-0.02964306103673371	0.282149748138909	-0.6422268616550091	1.279073271773006	1.279073271773018	-0.1638611565125821	-0.0001341926895370298	0.622081166964451	0.1245148991377425	0.008949755064482711	-0.02884577537262878	0.003739507015255291	-0.2968858525375584	0.04570738733898336	-0.02890521042689151	0.07153845976935867	-41.24474304403758	-28.57469244019432	-12.65659382163814	-3.119386331484354	6.843561591587515	-673.1106661122202	54.73699765984753	-0.07655332822267592	0.008197022007296089	-0.3136351567688341	-0.04328867753560107	-0.01484752438803516	-0.2302766182695454	0.5676276994337782	-0.2374507858141619	-0.2374507858129423	0.3433847391995118	0.006206576493028522	-0.1923621875731857	-0.0002665739293806844	-1.139848220907807e-07	-1.023801830114968e-07	9.085094013872991e-07	-8.423183645624631e-07	-3.669751719820958e-08	-1.273747157227825e-07	1.081646581504367e-06
0.46	0.0002861776308864277	0.1002172071167417	0.907784033810721	0.4007617915670423	-0.2387129806653264	-0.1592950109249587	-0.2671355132915192	0.4821185389755352	0.4821185389755254	0.09968569225104915	0.1745135452924659	0.2388220422460633	0.03874577062956692	0.01681347973340388	0.005928752458616444	-0.1657209652244432	0.7122174197183712	-0.02970627383700819	0.2797084005734627	-0.6362432881641146	1.276111797069336	1.276111797069356	-0.1605560804022386	-0.0001002680634794196	0.6199199283366554	0.1245667658335642	0.005461298199957096	-0.02637756147338085	0.004244490753175977	-0.2985024656708176	0.0399872615689295	-0.02756495628680489	0.07502229628767143	-40.91873884705961	-30.40899553249538	-12.49173247592822	-3.035971710477869	7.501915205277122	-674.5467133816959	54.51271452439478	-0.08000823097955773	0.01114021841467139	-0.2944627255969572	-0.1050589128988949	0.008721080473671507	-0.2587559977078582	0.6283671602978205	-0.3526360495382183	-0.3526360495382426	0.3029751111786158	-0.004752405989306078	-0.2369095752056467	0.01985819364820387	-1.082486092782937e-07	-9.606025603862173e-08	8.607554251701224e-07	-8.064910332037314e-07	-3.654629020735437e-08	-1.089059334592361e-07	1.033849373569903e-06
0.47	0.0004501341354087736	0.1002770976011128	0.9061123965625543	0.4078775655674749	-0.2390101839445743	-0.1565109034948521	-0.2734654090023642	0.4948599362924775	0.4948599362924759	0.09809681596634441	0.1745126761725776	0.2450082618878543	0.03999139029824072	0.0159737887518852	0.006052688619267715	-0.168572226141937	0.7108249479272702	-0.02973076282071717	0.2770990408648558	-0.6296417837092384	1.271968256339042	1.271968256339023	-0.1572001752809206	-8.520866369604309e-05	0.6172344835103432	0.1245385125604218	0.002022816949248902	-0.02409093677122169	0.004755017798445837	-0.3001640274033878	0.03427721658065194	-0.0262623105735858	0.07846740197862137	-40.564806289152	-32.24604067039481	-12.34386274133422	-2.949644167719371	8.200060504271864	-676.0272790027798	54.29408451183971	-0.08656292946130124	0.01351465003932579	-0.2753390996872312	-0.1732158431174916	-0.007551062668485237	-0.264269177054662	0.6901526325319591	-0.4751034650859319	-0.47510346509205	0.3548058038597436	0.002759205518344147	-0.2978053160807386	-0.0169266470995286	-9.748026172386107e-08	-6.614669667643598e-08	8.888696983510659e-07	-6.443102931556353e-07	-5.498967818281009e-08	-6.467024325433413e-08	9.308546313028396e-07
0.48	0.0006055710505817251	0.10033832631412	0.9044132704402404	0.4149760399438246	-0.2393075355486209	-0.1537533383057626	-0.2797264675597706	0.5075539201260625	0.5075539201260822	0.09654208025121647	0.1745115824651323	0.2511649384054329	0.04123617552232351	0.01510956186140151	0.006196398185824822	-0.1712187400538214	0.7087574949000734	-0.02973593879947834	0.2743999523715625	-0.6224758574763836	1.266629100396311	1.266629100396251	-0.1537279665095658	-0.0001451855616608177	0.6140113034945646	0.1243998769151205	-0.001415664301435802	-0.02180431206897911	0.005265544843392478	-0.3018255891359067	0.02856717159241448	-0.02495966486024366	0.08191250766956076	-40.1835742756514	-34.08873754866577	-12.19380244019773	-2.867298758834152	8.891013087586281	-677.6101151393162	54.13198671285165	-0.08491541277252491	0.01509489959576917	-0.2535133244750545	-0.2400551601180564	0.01258368146316498	-0.2767017546450994	0.7412515158936055	-0.5917590920258049	-0.5917590920258221	0.3262358411860722	-0.01975966553894333	-0.3444566130989867	-0.002218280783655699	-8.234440099717352e-08	-1.575564505182936e-08	9.828318861039631e-07	-3.724643304714855e-07	-8.957178858185659e-08	1.929178371367488e-09	7.799525950867263e-07
0.49	0.0007520639965798062	0.1004010814798978	0.9026887041272719	0.4220508771985174	-0.2396045424813538	-0.1510245121715408	-0.2859129305915103	0.5201889021722738	0.5201889021722322	0.09502142169544739	0.1745104770156179	0.2572869066115748	0.04247948131231807	0.01418300049877878	0.006358119898171808	-0.173657554481214	0.7061023026438614	-0.02966259987423446	0.271347054769136	-0.6147276668373538	1.260174256775528	1.260174256775537	-0.1503906360195644	-8.299557445832568e-05	0.6102965068991703	0.1242423884741594	-0.004698441560752324	-0.01963323269405728	0.005739417982148089	-0.3037084901999513	0.02323584855112164	-0.02378656716907452	0.08524952605690637	-39.77588448792888	-35.81648022935422	-12.08611339759734	-2.771074733582163	9.511674474090153	-679.2084053990528	53.92176274550419	-0.0974307545092736	0.0172122782901419	-0.2335134491203176	-0.2943974069183571	0.005195795036606029	-0.3223937242333025	0.8049651431395891	-0.7012898064703615	-0.7012898064600463	0.3395802904778162	0.01811353162989329	-0.3978849788260511	-0.02521542950787722	-7.434410104253335e-08	6.450186248248003e-09	1.004991250089246e-06	-2.530453932381551e-07	-1.035254890730039e-07	3.464840522966492e-08	7.068871989757541e-07
0.5	0.0008891104776626996	0.100465554157046	0.9009408600805799	0.4290959333009513	-0.2399007186654228	-0.1483267770055901	-0.2920192392558124	0.5327535472204131	0.5327535472203255	0.09353455617220928	0.1745097745060587	0.2633691480925477	0.04372067195715326	0.01322026887603604	0.006539900459906801	-0.1758742867984667	0.7028012644458032	-0.02956978906976353	0.2681817587190504	-0.6064449839890466	1.252561700780116	1.252561700780195	-0.1469693600267545	-6.459755604864759e-05	0.6060659584611227	0.1239768478829805	-0.007981218820022158	-0.01746215331906242	0.006213291120528187	-0.3055913912639356	0.01790452550986633	-0.02261346947779577	0.08858654444426406	-39.3424280395271	-37.55237075473401	-11.97665008546355	-2.678789841841948	10.13789662870269	-680.9408665914299	53.74766163487023	-0.09214946479647765	0.01910666947327916	-0.2090969024470778	-0.3692243484873025	0.01647805730851322	-0.2991814441769065	0.8481499577490901	-0.8233015669514842	-0.8233015669515006	0.3430249417478585	-0.02851805929750598	-0.4476069816297277	-0.02382871082727585	-7.305962299099668e-08	2.12875136053283e-09	9.595714858226576e-07	-2.770871858408914e-07	-9.806421553318717e-08	3.548038995393457e-08	7.070798170813861e-07
0.51	0.001016320099700499	0.100531948482434	0.8991719672024178	0.4361048837262354	-0.2401958680019424	-0.1456611749793345	-0.2980400605206532	0.5452364644190065	0.5452364644188754	0.0920822661185272	0.1745090113353062	0.2694066082497378	0.04495868032183405	0.01221743862824647	0.006742957294967057	-0.1778654290497925	0.6988862778272709	-0.02945436666150169	0.2649047083537863	-0.597636287956178	1.243843670549633	1.243843670549746	-0.143492869875515	-8.0902520418666e-05	0.6013495415003737	0.1236117395097338	-0.01113795595429603	-0.01549623677168712	0.006644735119964093	-0.307594801054237	0.01288658708816156	-0.02146640987745369	0.09182977512599809	-38.88379857434443	-39.18433278975113	-11.85764538995842	-2.591055883662541	10.68308325785333	-682.6092419510078	53.62074543827484	-0.1049838853668748	0.02148503059757195	-0.1882867387469432	-0.4180168205272695	0.009969471830977811	-0.3471361068629522	0.909676579593282	-0.9227495274810681	-0.9227495274760112	0.3494424252201794	0.01284570645305667	-0.4951561768936814	-0.0447022535084147	-7.030655895450284e-08	7.926074557439556e-10	9.172032742008724e-07	-2.803701296345593e-07	-9.401600005641045e-08	3.673685049000104e-08	6.934449633522867e-07
0.52	0.001133374603152082	0.1006004893441875	0.8973843301312886	0.4430716080849496	-0.2404896840865169	-0.1430293773115714	-0.3039703053944555	0.5576268621600453	0.5576268621598643	0.09066463724118465	0.1745082915990755	0.2753946048125999	0.0461926675321967	0.01118924515655483	0.006969207732987248	-0.1796231253918658	0.6943560511290745	-0.0293031386834285	0.2614208870220694	-0.5883297057818073	1.234057809263779	1.234057809263926	-0.1400371247879643	-5.591062638774606e-05	0.5961732395957798	0.1231726170190884	-0.01429469308851261	-0.01353032022426386	0.007076179118769051	-0.309598210844463	0.007868648666487572	-0.020319350277027	0.09507300580776262	-38.40211556470067	-40.82537081266818	-11.73655287742944	-2.507854942214425	11.23475258084216	-684.4265787696894	53.53378805416351	-0.09722210957682753	0.02374539006515326	-0.1624077205965653	-0.4922723644201094	0.02363917127072557	-0.3405356374674607	0.947727186049508	-1.036867778025786	-1.036867778025798	0.3388759290101521	-0.02025868761730255	-0.5395839703987633	-0.03863153430706915	-6.605493779050169e-08	2.502678839655421e-09	8.779488918084785e-07	-2.624705746434633e-07	-9.140968056232765e-08	3.842644960953368e-08	6.65700444485706e-07
0.53	0.001240016836680426	0.1006713862342349	0.8955803046916515	0.4499900213398499	-0.2407818011268539	-0.1404332587371616	-0.3098050880403576	0.5699141126751139	0.5699141126749853	0.08928146665745619	0.1745078583960211	0.2813285498586246	0.04742189055427893	0.01013472181448673	0.007212050381816689	-0.1811408618729735	0.6892288230891425	-0.0291163408065276	0.2577826400845727	-0.5785528092883861	1.223218141621333	1.223218141621392	-0.1365942798463628	-3.320913692920231e-05	0.5905388148720307	0.1226553513043517	-0.0173339226340642	-0.01162253302171789	0.007476837412744503	-0.3116419150069723	0.003014540258700813	-0.01926974977634005	0.09821678074237719	-37.89957299739197	-42.41579719501305	-11.65386578404425	-2.412887572678669	11.77841668961325	-686.1853134655723	53.39086808687323	-0.1102407039432515	0.02481770957674691	-0.140283649711946	-0.5376138937012859	0.01682419927169661	-0.3785676433660731	1.003772997674008	-1.133626312223615	-1.133626312236875	0.3475005092641843	0.01313251354768988	-0.5869309232890229	-0.06066522033633771	-6.223495188738281e-08	3.768337856569706e-09	8.403079024942673e-07	-2.477153090447086e-07	-8.871737979071912e-08	3.981562882247455e-08	6.402967177450459e-07
0.54	0.001335979185315023	0.1007447643522274	0.8937623364796351	0.4568542291403698	-0.2410719253677346	-0.1378741423164277	-0.3155398812979885	0.5820877445027908	0.5820877445027139	0.08793282686970956	0.1745075717970705	0.2872038388174263	0.04864546269315904	0.009053268175532678	0.007465453322007798	-0.1824116798677414	0.6835149602523334	-0.02890457879476265	0.2540204562880744	-0.5683318281275416	1.211334071784103	1.211334071784075	-0.1331309656036091	-2.658979465671604e-05	0.5844420221512421	0.1220424403784423	-0.02037315217965611	-0.009714745819156672	0.007877495706452922	-0.3136856191694677	-0.001839568149076372	-0.01822014927562449	0.1013605556769522	-37.37839765608404	-44.01550057266728	-11.56936383058558	-2.322137991650022	12.32958530663782	-688.094793157976	53.28579182329489	-0.1026081689539353	0.02585744833735421	-0.1130240233285968	-0.6095993237954929	0.02863199824350172	-0.365323009267801	1.036544119534186	-1.245748216982498	-1.245748216982478	0.3429697892406388	-0.02347511705448559	-0.6320575698067945	-0.05776057654167378	-5.88925198899209e-08	4.542306595104123e-09	8.044519438197475e-07	-2.36438831709821e-07	-8.592995079716722e-08	4.08724285642926e-08	6.174828035692343e-07
0.55	0.001421004463026602	0.1008207335295267	0.8919329111490044	0.463658403079901	-0.2413597844707386	-0.1353532611334504	-0.3211702939721841	0.594137411797201	0.594137411797225	0.08661882385346729	0.1745072606183452	0.2930159171945274	0.04986246329253401	0.007948686097307416	0.007730811855341137	-0.1834305617211595	0.6772240278364848	-0.02866291683012811	0.250129295902509	-0.5576814158586433	1.198434053500143	1.198434053500135	-0.1296736464517431	-3.182402034125341e-05	0.5779024816564512	0.1213424800684768	-0.02328925578269675	-0.007964795713440571	0.008245018652271854	-0.3158147135165116	-0.006403461662363303	-0.01721870362843528	0.1044078297226366	-36.84078934607355	-45.51875756005237	-11.48854559968244	-2.231192685888586	12.81040617622499	-689.9190200496727	53.19482857403146	-0.1148496399804304	0.02722263112184833	-0.08988829599844243	-0.653209499526157	0.02261210174965692	-0.4050492059852551	1.089683408662687	-1.336917259521512	-1.336917259518477	0.3466073584301047	0.01150037670669453	-0.6755927049683349	-0.0782980753406749	-5.543240421921266e-08	5.41109202933073e-09	7.676131646741207e-07	-2.23590989545224e-07	-8.303828313049423e-08	4.168675661642837e-08	5.92847530956124e-07
0.5600000000000001	0.001494890637421687	0.1008994258072174	0.89009458339391	0.4703967938354705	-0.2416450911928516	-0.1328720988848905	-0.3266921237980708	0.6060531211836737	0.6060531211838244	0.08533929290481009	0.1745070066877667	0.2987604620835496	0.05107202742538687	0.006825447510113417	0.008010073400269796	-0.1841921647604719	0.6703583234587601	-0.02839410261845529	0.2460766694055753	-0.5466152584659432	1.184542490199439	1.184542490199452	-0.1262365520890626	-1.51401647410672e-05	0.5709353245355377	0.1205551470738459	-0.02620535938574823	-0.006214845607707934	0.008612541598093775	-0.3179438078635506	-0.01096735517564077	-0.01621725798122011	0.1074551037683054	-36.28896261893345	-47.03138604857539	-11.40579638150975	-2.144635251698913	13.29924064574847	-691.8950266825002	53.1405437707319	-0.1063394707475796	0.02863805065626702	-0.06156826050748169	-0.7245537161706403	0.03406244765114316	-0.3976162315414539	1.119693144294587	-1.444057220331068	-1.44405722033105	0.338924831403573	-0.01909150079751736	-0.717580895031486	-0.07523511347481658	-5.183106814060881e-08	6.39365749838796e-09	7.295950009631653e-07	-2.088575095849757e-07	-8.00215290560759e-08	4.221011864094541e-08	5.660266282182555e-07
0.5700000000000001	0.001557456625888047	0.1009809696059961	0.8882499427898078	0.4770636923892476	-0.2419275597763373	-0.1304321499587899	-0.3321012979833435	0.6178250064582136	0.6178250064581648	0.08409401567864011	0.1745069146916311	0.3044332221884711	0.05227329200545593	0.005684869745677094	0.008300173094270847	-0.1846914531613159	0.6629284351589715	-0.0280962168580999	0.2418928459137245	-0.5351579737129947	1.169673594751451	1.16967359475158	-0.1228197819901431	-3.289618439671692e-06	0.5635468600545354	0.1196806444212812	-0.02898174383029859	-0.004563264341916391	0.00895144090800426	-0.3201388597226815	-0.01528578589748106	-0.01529316743385091	0.1103831936365177	-35.72507928629565	-48.46391782195653	-11.34580775351332	-2.050805791939766	13.74869762113346	-693.7798994831518	53.05971639070317	-0.1183500382782947	0.02940327610181634	-0.03742519385129606	-0.7661484252273387	0.02818771617661107	-0.4318625177168596	1.16798687229228	-1.532441241381575	-1.532441241364331	0.3430060755806627	0.01129899549287229	-0.7599679593067086	-0.09603946161577695	-4.85013541443079e-08	7.278412081208247e-09	6.941405562379255e-07	-1.95305357933249e-07	-7.719025225012591e-08	4.267775824844347e-08	5.410703107408361e-07
0.58	0.001608530214922128	0.1010654558711807	0.886401646088902	0.4836535036523668	-0.2422069422870234	-0.1280346586895537	-0.3373940511747854	0.6294433756713856	0.6294433756711703	0.08288289674875071	0.174506936333591	0.310029999901648	0.05346531523490627	0.004526967621753527	0.008598566681446984	-0.1849233841211833	0.6549408653254004	-0.02777688805979697	0.2375851380334792	-0.523331059700154	1.153839277929507	1.153839277929751	-0.1194048928334482	7.587453816184088e-06	0.5557388461866508	0.1187068769499796	-0.03175812827483125	-0.002911683076112576	0.00929034021795838	-0.3223339115818039	-0.01960421661931322	-0.01436907688646217	0.1133112835047404	-35.15128577101336	-49.90588632206641	-11.28399192432198	-1.961242075163281	14.2067153948308	-695.816754637187	53.01366906196787	-0.1098043426449057	0.03029682929111572	-0.008096772312177938	-0.8360900229270806	0.0383510552406478	-0.4223931092203377	1.193618996273099	-1.637141495122435	-1.63714149512245	0.3385486429586566	-0.01928619560661804	-0.8014907724080911	-0.09508807722225826	-4.552538053426202e-08	8.035785044743208e-09	6.620249083312922e-07	-1.832916803577364e-07	-7.460052723566961e-08	4.307282912680052e-08	5.185422903467923e-07
0.59	0.001647946614714785	0.1011529675803281	0.8845523776469488	0.4901606861520051	-0.2424830058162326	-0.1256808252210002	-0.3425667295698601	0.6408986520102562	0.640898652009972	0.08170585846353973	0.1745070178509869	0.3155466510158056	0.05464712986723533	0.003354075611935054	0.008905377709778796	-0.1848847241530026	0.6464051885318506	-0.02743250404888714	0.2331602305213577	-0.5111466397113824	1.137062137488047	1.137062137488086	-0.1160059049750682	1.045328533741253e-05	0.5475257035995872	0.1176390788689995	-0.03442202186348889	-0.001376529337178223	0.009603877607557007	-0.3245554903065729	-0.0236946986517421	-0.01349686754620669	0.1161419051094329	-34.56965636519563	-51.27036913182666	-11.23187955014225	-1.869287673409987	14.61495496308148	-697.7405059889782	52.96208861018899	-0.1213680424265744	0.03109900669211938	0.01669305970419021	-0.8758725578976987	0.03300257092041747	-0.4557888487925515	1.239550440895379	-1.721069415287842	-1.721069415318635	0.3401810132496303	0.01031828736453199	-0.8410890410409601	-0.115091529235179	-4.252860831138017e-08	8.874910215606256e-09	6.29592376934133e-07	-1.704771554176592e-07	-7.199848732345075e-08	4.357739599995594e-08	4.950059022664137e-07
0.6	0.001675566811962791	0.1012435925531765	0.8827048649403422	0.4965797986736394	-0.2427555214059439	-0.1233718906828897	-0.3476158243769042	0.6521815431253629	0.6521815431250317	0.08056273148804595	0.1745071770897053	0.3209791980962567	0.05581777334761506	0.002167727111051938	0.009221219421626688	-0.1845722370518803	0.637326869725148	-0.02706730016179323	0.2286053519458537	-0.4986143420939636	1.119362233181383	1.119362233181218	-0.1126226308778064	2.313171017599137e-05	0.538918039445105	0.1164726465600479	-0.03708591545222813	0.000158624401713556	0.009917414997445291	-0.3267770690313794	-0.02778518068418887	-0.01262465820602162	0.1189725267140662	-33.98223283273527	-52.64432667750482	-11.17788741132265	-1.781675014476952	15.03217226890997	-699.8164259525256	52.9438467146894	-0.1124956408576982	0.03210296599415045	0.0466686542761405	-0.944618425557606	0.04251503047748034	-0.448387321896777	1.263194522002581	-1.82169426816328	-1.821694268163226	0.3354058907350211	-0.01732367694315541	-0.8803950858920492	-0.1148149228166227	-3.950241366058408e-08	9.82968485049439e-09	5.967115713308646e-07	-1.565297244496616e-07	-6.937902633634838e-08	4.423685964624075e-08	4.700430428248789e-07
0.61	0.001691274556826077	0.1013374102367805	0.8808618544010841	0.5029054520931755	-0.2430242525155762	-0.121109113455831	-0.3525379599081632	0.6632828935126746	0.6632828935124171	0.07945328658774066	0.174507448588904	0.3263237333280734	0.05697629584776045	0.0009733021679587565	0.009542957071604727	-0.183983440603903	0.6277158654446462	-0.02667501700133003	0.2239286064036181	-0.4857645641314176	1.100760385256359	1.100760385256344	-0.1092722925347929	3.267810154412169e-05	0.5299259492295383	0.1152155875936748	-0.0395973408925907	0.001588092090661428	0.01020621912387155	-0.3290400073040931	-0.03162624600322089	-0.01181577492989107	0.1216626621776707	-33.39096902586916	-53.93356265927533	-11.13860980129583	-1.689379295171665	15.40761132186327	-701.7537809599557	52.90996051617298	-0.1229945945457909	0.03229157152373626	0.0719585967391779	-0.9825327496137909	0.03819196513587143	-0.480585093130935	1.303099437600046	-1.901541374600755	-1.901541374578234	0.3340265836939244	0.01030978670660844	-0.9180854679295259	-0.1335186200385101	-3.657066755623374e-08	1.081570170246397e-08	5.649506239870617e-07	-1.424574954483496e-07	-6.687250822830121e-08	4.502487521080998e-08	4.454743844555287e-07
0.62	0.00169502231756367	0.1014344617782891	0.8790261265176424	0.5091323572058296	-0.243288939392336	-0.1188937570687469	-0.3573301516589557	0.6741938031567517	0.6741938031565625	0.07837718082638108	0.1745078587498994	0.3315764537620274	0.05812177431094414	-0.0002242697155793362	0.009867991002548936	-0.1831157058886061	0.6175772083514455	-0.02625845358864676	0.2191211839516251	-0.4726255860000948	1.081274084534185	1.081274084534321	-0.105954803087402	5.086407410457483e-05	0.5205550798723494	0.1138638391676677	-0.04210876633310594	0.003017559779563433	0.01049502325024283	-0.331302945576842	-0.03546731132227111	-0.01100689165383057	0.1243527976411554	-32.79777011395478	-55.23234721840324	-11.09747618706522	-1.601409119294813	15.7925529375556	-703.8439642982605	52.90770349375182	-0.1131250289465375	0.03276222218718993	0.102456307740061	-1.050148988097313	0.04737108092150615	-0.4745227038482004	1.321034555757981	-1.9985848275931	-1.99858482759314	0.3288361116105164	-0.01559576070471904	-0.9561509142167136	-0.1337528147435004	-3.378422690795381e-08	1.18497835037896e-08	5.349125355039752e-07	-1.281932694727079e-07	-6.45397483957236e-08	4.601066295735525e-08	4.21512189274155e-07
0.63	0.001686772699534271	0.101534775952582	0.8772004670971745	0.5152553088387312	-0.2435493297999167	-0.1167270357750179	-0.361989549189923	0.6849055296586877	0.6849055296586327	0.07733407688056497	0.1745084135699617	0.336733623626348	0.05925327587062453	-0.001426357489511429	0.01019518869276308	-0.1819699896269042	0.6069303868840705	-0.02581700599297751	0.214208074381497	-0.4592099589283785	1.060932806777118	1.060932806777144	-0.1026675946958103	5.879828169180965e-05	0.5108198304233557	0.1124184756219592	-0.04448949696063214	0.004348489917229754	0.01076344277190124	-0.3335612915374698	-0.03908092356910713	-0.01025592791891868	0.1269178585989524	-32.20444122692615	-56.45113118817269	-11.0692599272996	-1.509357414241124	16.1326360856911	-705.7654970847842	52.88657443562463	-0.1238567182564344	0.03273765160693796	0.1275668977070206	-1.084357279904269	0.0429449251336397	-0.5019925709461095	1.358420972873957	-2.072654203049489	-2.072654203065885	0.32848501227598	0.008786959806838524	-0.9910810137663755	-0.1525611705050241	-3.131084712258201e-08	1.211390328156635e-08	5.065648991791047e-07	-1.176294234417824e-07	-6.177663711654185e-08	4.501611418220444e-08	4.005988610147683e-07
0.64	0.0016664809904443	0.1016383699256109	0.8753876523617882	0.5212693105461836	-0.2438052230662859	-0.1146099030744647	-0.3665134716121753	0.695409692392385	0.6954096923924753	0.07632380938050889	0.1745090075217683	0.3417916671854743	0.0603697971856439	-0.002632687929054246	0.01052395074972776	-0.1805467688722269	0.5957872232628273	-0.02535902534753454	0.2092034653173282	-0.4455305642568435	1.039761330888616	1.039761330888533	-0.09938751393051778	5.869042193292273e-05	0.5007298188333348	0.1108677902354309	-0.04687022758824835	0.005679420054855059	0.01103186229364716	-0.3358196374981234	-0.04269453581595854	-0.009504964184072654	0.1294829195566806	-31.61272314866492	-57.67959977156726	-11.03921142134256	-1.421627448513771	16.48287098384254	-707.8416182407959	52.89542824685543	-0.1139735620685228	0.03307509553709195	0.1579572063351548	-1.149417418870889	0.05067769087627635	-0.4928226026562749	1.373788075721738	-2.164624453879854	-2.164624453879814	0.3274105863506745	-0.01720417417398369	-1.027103342422356	-0.1548171829075229	-2.936205581019143e-08	1.108781642528816e-08	4.810499124166501e-07	-1.13266214074976e-07	-5.829239638629373e-08	4.070316366799531e-08	3.84794444894927e-07
0.65	0.001634183958202614	0.1017452512009736	0.8735904652310227	0.5271693567584631	-0.2440564317490988	-0.1125432726657535	-0.3708994435188583	0.705698048626901	0.70569804862675	0.07534624338029587	0.1745095345002373	0.3467470727157048	0.06147031478401073	-0.003825127946754141	0.01085185823084449	-0.1788448111151584	0.5841427025389661	-0.02487905007936534	0.204102374359996	-0.4316292819182772	1.017780867109145	1.017780867109091	-0.09613380484647582	4.909598558291024e-05	0.4902963819589624	0.109219726278621	-0.04909892731201516	0.006904487021678362	0.01127922828488911	-0.3380780564901265	-0.04607311015372405	-0.008804704691007664	0.1318970088508359	-31.02518565161931	-58.82454230583144	-11.01741599614843	-1.331602910172251	16.7916641655742	-709.7314989659075	52.89442929025882	-0.1216410232616643	0.03257045201755885	0.1831995682553583	-1.183865854852916	0.04722305874454383	-0.5218225003376089	1.403478587410806	-2.234109054998276	-2.234109054993953	0.3231894374495315	0.007516861649901365	-1.059708519393808	-0.172141948866278	-2.72357713030771e-08	1.093609551358352e-08	4.547777388760732e-07	-1.052542889748514e-07	-5.544959046614442e-08	3.882690335506061e-08	3.660726457989898e-07
0.66	0.001590010165461748	0.1018553959266713	0.8718116745794008	0.5329505784723547	-0.2443027275564319	-0.1105282671982338	-0.3751453665472601	0.7157627298806006	0.7157627298802288	0.07440098214448192	0.1745100363223763	0.3515964949453027	0.06255388355344994	-0.005008040030104285	0.01117664081673057	-0.176867473043481	0.5720223235867394	-0.02437645025288932	0.1988784770800233	-0.4175207886002437	0.9950263347289729	0.9950263347289475	-0.09292656104168819	5.365914984600103e-05	0.4795331587066239	0.1074780244498696	-0.05132762703588091	0.008129553988457531	0.01152659427636376	-0.3403364754821639	-0.04945168449150733	-0.00810444519801804	0.1343110981449146	-30.44531107460091	-59.97822935296715	-10.9935537828167	-1.24601740183076	17.10971789014234	-711.7606968906592	52.92110916476221	-0.1120679751984031	0.03245011649075282	0.2130332692569544	-1.244589064543857	0.05520260253767208	-0.5173838671843096	1.415230271615191	-2.319438174019929	-2.319438174020152	0.318117530499797	-0.01437265405140989	-1.093060618015829	-0.1735447572958704	-2.478492781132508e-08	1.238321518624197e-08	4.271209952269294e-07	-9.057042653380208e-08	-5.377969391303298e-08	4.140630512445635e-08	3.420162035467625e-07
0.67	0.001534053976585616	0.1019687634252439	0.8700540201490961	0.5386082983481274	-0.2445438732382655	-0.1085660271123937	-0.3792492356036372	0.7255961103264941	0.7255961103263662	0.07348755424964842	0.1745105760393309	0.3563366851386998	0.06361958511380189	-0.006178651987319148	0.01149562279619558	-0.1746183140722463	0.5594446715844278	-0.02385022539275587	0.1935564743535365	-0.4032283398416749	0.9715292335118162	0.9715292335117843	-0.08976177203031156	5.322804497226874e-05	0.468453141131137	0.1056444944458006	-0.05340544915330303	0.009273409162993846	0.01175653211813884	-0.3425772886992371	-0.05260656961627749	-0.007466066056491809	0.13657008097135	-29.87382291428483	-61.05176515335168	-10.9851874269406	-1.154928812271323	17.39193041055345	-713.587154976268	52.91895245188534	-0.1188762025460287	0.03142628953445351	0.237630678033534	-1.275899058368995	0.05171778943369351	-0.5415959373796568	1.439954603352847	-2.382919605911255	-2.382919605912076	0.3152962171660689	0.006962973543204344	-1.123240815295679	-0.1908718502016566	-2.254992189830098e-08	1.366500221704315e-08	4.014775569139265e-07	-7.715885238708964e-08	-5.218666941607547e-08	4.371378131744491e-08	3.198045439283444e-07
0.68	0.001466527988829177	0.1020852815537833	0.8683202120018992	0.544137932545791	-0.2447796795991539	-0.1066574045462211	-0.3832094396873605	0.7351909050581412	0.7351909050582554	0.07260570157104301	0.1745110797076984	0.3609645214587467	0.06466642842846558	-0.007321999807069963	0.01180676681009277	-0.1720982164218633	0.5464051879703462	-0.02330858606530844	0.1881549731470951	-0.388787794068104	0.9473091918807508	0.9473091918807139	-0.08661151779055536	4.644943003878404e-05	0.4570623840364267	0.1037063753121629	-0.05548327127096288	0.01041726433748926	0.01198646996002859	-0.3448181019163733	-0.05576145474106664	-0.006827686915035081	0.1388290637975894	-29.31137888794718	-62.1346280999071	-10.97488504376671	-1.068225481760559	17.6846647769271	-715.5619147716109	52.94334837097156	-0.1066151477054273	0.03088252337697196	0.2672210050866395	-1.336955386897779	0.05828549600049763	-0.5332835631751467	1.444849674615621	-2.464026256801637	-2.464026256801573	0.3152105761756974	-0.01564215606341112	-1.15520852186074	-0.1944625832096592	-2.074659114273273e-08	1.461612396412983e-08	3.798607292732051e-07	-6.629185482905084e-08	-5.074738903142583e-08	4.547740635761911e-08	3.012824495775443e-07
0.6899999999999999	0.001387691135569686	0.102204864361986	0.8666129390878682	0.5495349622859363	-0.2450099746232384	-0.1048031983266049	-0.3870245401586024	0.7445400125010009	0.7445400125008738	0.07175521018337026	0.1745114736202685	0.3654769522849113	0.06569340054183778	-0.008439474297327745	0.01210792924201346	-0.1693127260780558	0.5329287029913554	-0.02274787576699949	0.1826716156732448	-0.3742146874027671	0.9224020034227822	0.9224020034227883	-0.08349189519073481	3.338487460578491e-05	0.4453762339606237	0.1016709305648028	-0.05741383346162064	0.01144854535411447	0.0121996209973278	-0.3470083857876782	-0.05870839288167776	-0.006223235910021473	0.1409330750958492	-28.75865749687119	-63.13925624097919	-10.96443358592931	-0.9829005160639426	17.94076120104658	-717.3059236250019	52.96778202353084	-0.1134292908371892	0.02944331245353459	0.2907684327452043	-1.363802302549872	0.05536121183881687	-0.5580830048626431	1.466183079463932	-2.520605228844068	-2.520605228837636	0.3096123989813266	0.006022100349686702	-1.182457072030877	-0.2106029586567098	-1.894053015427945e-08	1.550232304667838e-08	3.582450677061834e-07	-5.53491392185624e-08	-4.922755912557016e-08	4.702754933141365e-08	2.826025328900694e-07
0.7	0.001297856399181581	0.1023274008363789	0.8649348321540189	0.5547950657264373	-0.2452345830613098	-0.10300426991481	-0.3906933811798028	0.7536367400415651	0.7536367400411937	0.07093576988106765	0.1745117690284326	0.3698710938460018	0.06669951470010528	-0.009521576433644468	0.01239750004813835	-0.1662650203854777	0.5190199280463633	-0.02217126886495493	0.1770994115844808	-0.3595359040585855	0.8968332114228298	0.8968332114228791	-0.08040130070706515	2.67485444879656e-05	0.4334045310211873	0.09953478429114038	-0.0593443956525016	0.01247982637065811	0.0124127720348588	-0.3491986696590489	-0.06165533102232294	-0.005618784905147563	0.1430370863939333	-28.2163848657713	-64.15368865669733	-10.9519806160997	-0.9021414573057006	18.20839262348014	-719.2060256387457	53.01818096985937	-0.09954067691703594	0.02856419821759187	0.3196640748407516	-1.423413380097933	0.06146481674765274	-0.551052886157813	1.465985010384596	-2.596346965198379	-2.596346965198277	0.3094049529455026	-0.01435651100042179	-1.212319094587688	-0.2146028884701959	-1.712848026788472e-08	1.624611112314334e-08	3.366319639782436e-07	-4.424033239624853e-08	-4.753103994739151e-08	4.810940906282703e-08	2.635764252705327e-07
0.71	0.001197372045556508	0.1024527658567697	0.8632884917143252	0.5599140066945726	-0.2454533261678803	-0.101261491577938	-0.3942149677459661	0.7624745861552542	0.7624745861550046	0.07014703388718739	0.1745119960755585	0.3741441384282478	0.06768379908228307	-0.01056774947126461	0.01267282772517577	-0.1629611227405066	0.5047007497198766	-0.02157476444501066	0.1714425105366641	-0.3447722420747583	0.8706351320055462	0.8706351320055645	-0.07735161595971499	1.967685172564283e-05	0.4211603310659957	0.09730546463904678	-0.0611148742463972	0.01344811369590341	0.01260934102075536	-0.3513279297330363	-0.06437652205689284	-0.005079972133368059	0.1449714670321899	-27.68528792558721	-65.08466994425258	-10.95686181909515	-0.814690742674233	18.44056950220469	-720.8538690095467	53.02913950514291	-0.1060239514204777	0.02660633979520481	0.3420541061270287	-1.44629602452818	0.05914742270025015	-0.5750886783441687	1.482931857581056	-2.64666715698707	-2.646667156991754	0.3019320669064434	0.00627591096807598	-1.237084450271542	-0.2295448440248106	-1.544713549420277e-08	1.687228584645213e-08	3.161970454742648e-07	-3.428793372188494e-08	-4.588623376770226e-08	4.887034090181784e-08	2.458947966086395e-07
0.72	0.00108665229471185	0.1025808020114008	0.8616764505504418	0.564887730686309	-0.245666023396622	-0.09957569824440547	-0.3975886426792544	0.7710474257293747	0.7710474257292381	0.06938863110702387	0.1745121840876181	0.3782934182100866	0.06864530059985138	-0.01156865587833185	0.01293172689620834	-0.1594051652233814	0.4899765327692313	-0.02096209330174327	0.1657024109188205	-0.3299535774829643	0.8438319035085129	0.8438319035084999	-0.07433465796129547	1.894153425291119e-05	0.408651570939336	0.0949782113691172	-0.06288535284042684	0.01441640102106613	0.01280591000666602	-0.3534571898070577	-0.067097713091494	-0.004541159361726435	0.1469058476703463	-27.16612227608324	-66.02584946640205	-10.95983487393779	-0.7317631595349294	18.6852507142793	-722.6638721700914	53.06488998396091	-0.09048735080626326	0.02527849701640033	0.370076049271583	-1.504421104929565	0.06469816141230296	-0.5676926001631658	1.476985531977991	-2.717376781148315	-2.717376781148309	0.3028596031593517	-0.01308923594254707	-1.265231128881558	-0.2341896120374482	-1.408128582017232e-08	1.72145662690391e-08	2.986060223384679e-07	-2.712686505981516e-08	-4.436625206712537e-08	4.885661920737485e-08	2.314584619824374e-07
0.73	0.000966146787075116	0.1027113394858098	0.860101205750035	0.5697122599578229	-0.245872507260669	-0.09794767640840991	-0.400813904496255	0.7793493109355268	0.7793493109353916	0.06866022910476852	0.1745123586464188	0.3823163301407645	0.06958305320161967	-0.01252343061505402	0.01317262169824166	-0.1556038279708229	0.4748658542202014	-0.02033284298070356	0.159892211340109	-0.3150963181328104	0.8164531407393042	0.8164531407392985	-0.07134821819002506	1.585120493279054e-05	0.3958901127044425	0.09255491615772232	-0.06450342556886689	0.0152888922088269	0.01298776639076369	-0.3555008613067329	-0.06960844139411848	-0.004041637343731625	0.1486762587206251	-26.6596273149666	-66.88620104355628	-10.965261858645	-0.6489674028338545	18.89361374309118	-724.2076679802959	53.08923682438682	-0.09662026314124141	0.02301437589809797	0.3911673656744348	-1.523909883654746	0.06232930566140576	-0.5891601656901493	1.490466304552006	-2.761922954610411	-2.761922954609259	0.2961999728395643	0.006071009160180579	-1.287713646945572	-0.2489664762147898	-1.276044616373704e-08	1.751277908585803e-08	2.815611981346273e-07	-2.014493900960381e-08	-4.285128053707127e-08	4.875844715687464e-08	2.173730167390669e-07
0.74	0.0008363639864667561	0.1028441897890596	0.8585651752826391	0.5743837787130665	-0.2460726404538494	-0.09637805187400386	-0.4038905196861578	0.7873746491280259	0.7873746491278841	0.06796162426194875	0.17451250029005	0.3862104053938644	0.07049605945117011	-0.01342411447322818	0.01339429266439207	-0.1515622986211475	0.4593744295205734	-0.01969195913118105	0.1540229506027915	-0.300224252061944	0.7885225007779628	0.7885225007779655	-0.06837522606960689	1.23584990887168e-05	0.3828842354234531	0.09002894092535585	-0.06612149829753865	0.01616138339652422	0.01316962277499434	-0.3575445328064691	-0.07211916969676971	-0.003542115325847791	0.1504466697707151	-26.16655605715756	-67.7570240023762	-10.96869260824336	-0.5708640163021135	19.11519725625833	-725.9182169328736	53.13770293995888	-0.07966917509647352	0.0214337298395934	0.4181144686949576	-1.580570335049108	0.06702486710888794	-0.579504831884326	1.479946876120555	-2.827752219574863	-2.827752219574646	0.3001700729888844	-0.01316971124737702	-1.314114938101041	-0.2547256162318276	-1.15596332208889e-08	1.76934782872955e-08	2.659729044160036e-07	-1.364072659101492e-08	-4.134966946174462e-08	4.843507415688851e-08	2.042232765165804e-07
0.75	0.0006978615865736125	0.1029791530694866	0.8570707380121251	0.5788985314065986	-0.2462662836222395	-0.09486745073301413	-0.4068184254489106	0.7951180199420391	0.7951180199420061	0.06729259633640557	0.1745126026450785	0.3899732425175793	0.07138333614997061	-0.01426414124634082	0.01359452578625534	-0.1472871807754149	0.4435150913206825	-0.01903379750904741	0.1480836655206715	-0.2853645618144592	0.7600682870839629	0.7600682870839658	-0.06543802692469462	9.948892755449936e-06	0.3696459907111571	0.08741144089223113	-0.06757108164381002	0.01694938159866221	0.01333534285354802	-0.3595004003845797	-0.07440221537055243	-0.00308922791449938	0.1520355266705925	-25.68763153625737	-68.54091610895819	-10.97762121674842	-0.4913528298112587	19.29983208921739	-727.344416352282	53.16696177847861	-0.08433569182448453	0.01873441205495235	0.4379162871505194	-1.597766772291751	0.06565836159424922	-0.6031939450621989	1.487830900611359	-2.866760052996939	-2.866760052997004	0.2893759965170046	0.006508208377360113	-1.334263500602764	-0.2674673422157237	-1.043018722677924e-08	1.777111771585713e-08	2.507933014028689e-07	-7.79949944047311e-09	-3.982629437756911e-08	4.792806850684542e-08	1.916719586406085e-07
0.76	0.0005513256662696016	0.1031160019428717	0.8556201930889958	0.5832528604761248	-0.2464532558640291	-0.09341665316258815	-0.4095979641488902	0.8025743477973727	0.8025743477974437	0.06665271663454617	0.1745127378628024	0.3936025803416094	0.07224399681936866	-0.01503081855570105	0.01377141125599578	-0.1427838291441243	0.4272897047274836	-0.0183577738137631	0.1420622364910926	-0.2705508395050232	0.731113909042585	0.7311139090425866	-0.06254558132880218	1.893103456602601e-05	0.3561843754865027	0.08470573504459092	-0.06902066499039919	0.01773737980077673	0.01350106293226845	-0.3614562679627696	-0.07668526104434836	-0.002636340503196517	0.1536243835701981	-25.22357996335825	-69.3354873382964	-10.98448324149959	-0.416667130914421	19.49833319896469	-728.9408720762979	53.21957538959335	-0.06499928234581036	0.01676419941480067	0.4637612258065441	-1.653780013710643	0.07059728173904721	-0.5959336213760658	1.470753288510853	-2.927785089050481	-2.92778508905055	0.2912193631849046	-0.01089136161864939	-1.358789040573041	-0.2723667791349884	-9.511987400935461e-09	1.754370021670629e-08	2.368234228779818e-07	-3.920708683350724e-09	-3.8238497827201e-08	4.687751021263371e-08	1.808919709103199e-07
0.77	0.0003974597168128798	0.103254499456997	0.8542157916117238	0.5874432036963013	-0.2466333774176842	-0.09202641913544982	-0.4122296054549944	0.8097387297594988	0.8097387297595041	0.06604155626653073	0.1745129755116432	0.3970962219701512	0.07307716724558697	-0.01573185633777044	0.01392395381060509	-0.1380613652122289	0.410725557751593	-0.01766445673296354	0.1359770625094804	-0.2557874592183335	0.7016881107402591	0.7016881107402635	-0.05968938828534109	2.78411069574124e-05	0.3425098750593527	0.08191274445025389	-0.07031493636457781	0.01843016200630243	0.01365303281632905	-0.3633003960608069	-0.07875627294357117	-0.002218782430287481	0.1550455729905859	-24.77508545900064	-70.04697131897962	-10.9908041507714	-0.3435948522122184	19.65989405643841	-730.245463930106	53.26232920319821	-0.07107865005403566	0.01387121515554898	0.4817633558257773	-1.665737855962834	0.06902498758536196	-0.6159447923119622	1.477624773655288	-2.961131335479652	-2.961131335479117	0.2824126306017463	0.006678494363739857	-1.376895747869492	-0.2850710001743548	-8.594500431243374e-09	1.731278017436997e-08	2.229020561941386e-07	4.558602656864527e-11	-3.663650471332181e-08	4.579330269322137e-08	1.699868517119003e-07
0.78	0.0002368988647539638	0.1033943967830032	0.8528596696495596	0.5914663042834312	-0.2468065005872515	-0.09069726394928643	-0.4147139140832525	0.8166066229116491	0.816606622911622	0.06545887650007386	0.1745132815217725	0.4004520955536037	0.07388194660574537	-0.01636979907650861	0.01405137363216324	-0.1331279261224713	0.393841178118329	-0.0169580969987738	0.1298464682975382	-0.2410843039353593	0.6718161470516912	0.6718161470516989	-0.05684946101488659	3.260328717381053e-05	0.3286307664688592	0.07902752183226794	-0.07160920773878385	0.01912294421183942	0.0138050027005842	-0.3651445241588542	-0.08082728484279142	-0.001801224357364086	0.1564667624109434	-24.34282145443021	-70.76926893674852	-10.9949201901728	-0.2755549082464244	19.83585748540632	-731.722812287939	53.32789016059648	-0.05238027367936767	0.01173965280434172	0.505956257378973	-1.717826545185261	0.07320581241710679	-0.6050176674420404	1.458708287767813	-3.017018166298882	-3.017018166298894	0.2879662085835698	-0.01172094005369648	-1.399710673242054	-0.2908131838648333	-7.679368986226439e-09	1.707028651107291e-08	2.091409895067885e-07	4.301024232686727e-09	-3.498760121566691e-08	4.459790642966783e-08	1.586682546187867e-07
0.79	7.03122486488134e-05	0.1035354362593466	0.8515539130820051	0.5953189780565531	-0.2469724803118279	-0.08942966018558909	-0.4170515963922252	0.8231736470851488	0.8231736470850968	0.06490446234547285	0.1745136080829203	0.4036681891431259	0.07465744446933523	-0.01693202173666609	0.01415177922920332	-0.127990454284982	0.3766400404872208	-0.01623541744112352	0.1236648419927454	-0.2264738721393446	0.6415217376048312	0.6415217376048515	-0.05403852244702786	3.338895330043073e-05	0.3145567280188079	0.07605788213611223	-0.07273502344240407	0.01977351788757872	0.01394124007284992	-0.3668719494068452	-0.08267099615701951	-0.001450733040564384	0.1577028162893192	-23.92741128973524	-71.4046383313036	-11.01694210872339	-0.2000925082222784	19.97780390373083	-732.8940522707286	53.34258875408064	-0.05581772234236784	0.008472913725423234	0.5225913437026403	-1.729286393113197	0.07217699609694481	-0.6261587624670416	1.458953483807497	-3.04569344844647	-3.04569344844447	0.2769091382064316	0.00609090077949139	-1.415937347905422	-0.3021329382937147	-6.825434373532932e-09	1.676737640624862e-08	1.958789203197154e-07	8.033365942731402e-09	-3.335133581673161e-08	4.331728423567675e-08	1.479269293092613e-07
0.8	-0.0001014314860884674	0.1036773361717752	0.8503005209721792	0.5989980346491465	-0.2471311576470801	-0.08822415741504273	-0.4192438258115845	0.8294357189412435	0.8294357189411969	0.06437800786798518	0.174513965016941	0.4067426049647431	0.075402827220805	-0.01740122280316566	0.01422346084920619	-0.1226550345766895	0.3591177420145397	-0.01549761913715928	0.1174262696691795	-0.2119937260117688	0.6108256835752923	0.610825683575326	-0.05125752558639857	3.867785276795786e-05	0.3002952128880032	0.07300449940784795	-0.0738608391461143	0.02042409156331737	0.01407747744549073	-0.368599374654868	-0.08451470747125188	-0.001100241723775875	0.1589388701676134	-23.52946732564239	-72.05094149952835	-11.03677625155844	-0.1296642168930383	20.13474537730997	-734.2399291942297	53.37913065664613	-0.03377595494758849	0.005994857396673671	0.5455458315396338	-1.782058713499768	0.07622956167993118	-0.6164068711966274	1.43265115408009	-3.097347082834692	-3.097347082834557	0.281977867137659	-0.01082029338557802	-1.437206009393017	-0.3075617902865951	-6.198802280897862e-09	1.624006237575172e-08	1.844702704193854e-07	9.822777810217792e-09	-3.17620119273262e-08	4.172010858577482e-08	1.393297563387775e-07
0.8100000000000001	-0.0002774133373207378	0.1038198054876279	0.8491014407779555	0.602500336782163	-0.2472823704404088	-0.08708131147424826	-0.421291942631886	0.8353889110631002	0.8353889110630489	0.06387918679704052	0.1745143722314414	0.409673502996575	0.07611728538067214	-0.01777958827772223	0.01426530167855727	-0.1171310681093642	0.3412947973270731	-0.01474196497634534	0.1111349383621675	-0.1976564204986617	0.5797541311969142	0.57975413119691	-0.04851260130515295	4.200719477856741e-05	0.2858563269381256	0.06987495533570791	-0.07482004969775434	0.02097566618176712	0.0141992553633962	-0.3702037208368835	-0.08613589816129223	-0.0007807723262915883	0.1599945775742634	-23.14954741110748	-72.60939089010742	-11.05229184835828	-0.06267625110300978	20.25396843441029	-735.2735591396535	53.41086389553416	-0.03753277791171665	0.002507503106167918	0.5603205640685758	-1.789594140243088	0.07569183932013102	-0.636699102626726	1.430252882857616	-3.120849616824772	-3.120849616830416	0.2698841996957461	0.005806303950061062	-1.451442858884673	-0.3174487290554132	-5.595809253932225e-09	1.56874479400991e-08	1.732190675823878e-07	1.141869030424523e-08	-3.017019775105469e-08	4.009265212527353e-08	1.308871248117808e-07
0.82	-0.0004567120301403573	0.103962538973255	0.8479584999503527	0.6058229731094826	-0.247425934992905	-0.08600161941496325	-0.4231974898704842	0.8410296296008757	0.8410296296008142	0.06340764186711868	0.1745147920905678	0.4124591695746867	0.07680008849714474	-0.0180645911203743	0.01427629480407664	-0.1114271612524548	0.323184580884687	-0.0139679709740208	0.104795493368223	-0.1834798096682994	0.5483309667591173	0.5483309667590754	-0.04580229738080865	4.12067750131917e-05	0.2712489221442633	0.06667349072846321	-0.07577926024974459	0.02152724080022994	0.01432103328143316	-0.3718080670189812	-0.08775708885133224	-0.0004613029287890975	0.1610502849806053	-22.78818957798062	-73.17882900831096	-11.06544594192473	-0.0009594926999408598	20.38862617391674	-736.4831467794047	53.46408617512962	-0.01510342856650957	-0.000174683369894079	0.5815339094564627	-1.839513064483572	0.07989752998208606	-0.6260296085830798	1.400512217531157	-3.167669494718478	-3.167669494718303	0.2750537957573701	-0.01164624574085694	-1.470909778190271	-0.3219458973075713	-5.092349135048408e-09	1.502830548273815e-08	1.626307997488952e-07	1.219986859423498e-08	-2.856789815639961e-08	3.83376975148802e-08	1.230951940994665e-07
0.83	-0.0006383974844219667	0.104105224736252	0.8468734643049973	0.6089631350019898	-0.2475616704545969	-0.08498554888635944	-0.4249621205069607	0.8463544465798509	0.8463544465799782	0.06296302810403231	0.1745151813336991	0.4150979498008846	0.07745052405898073	-0.01825618731709264	0.01425542416257425	-0.1055532060538779	0.3048047121810153	-0.01317690349419866	0.09841210926467336	-0.1694789851997577	0.5165821797647906	0.5165821797647583	-0.0431245107643403	3.674603620906899e-05	0.2564818130598526	0.06340134013373061	-0.07656927660823047	0.02199114648948116	0.01442821858652015	-0.3732807854585161	-0.0891502570023356	-0.0001806582565505705	0.1619222002473303	-22.44587305868626	-73.65840488559034	-11.07851672089787	0.05936069718155628	20.48548036447293	-737.3692279179894	53.50131001408613	-0.01874066628285146	-0.003863748228566608	0.5943479666311761	-1.843685403567628	0.0790551152569192	-0.645472966071862	1.394967425887321	-3.186019757557953	-3.186019757556522	0.2635514247209652	0.005179551591490929	-1.483410593824726	-0.3316664397192159	-4.602309661492621e-09	1.436151349120552e-08	1.521722149577916e-07	1.292718502039568e-08	-2.697407539212298e-08	3.654851687401495e-08	1.153815971030595e-07
0.84	-0.0008215094908831596	0.1042475376940971	0.8458479725399424	0.6119182058813998	-0.2476894264898145	-0.08403350822977247	-0.4265877229258811	0.851360268397732	0.8513602683980457	0.06254507427315345	0.1745155310773329	0.4175882991121862	0.0780678747550394	-0.01834990155614746	0.0142017337736698	-0.09951838519234937	0.2861663782670115	-0.01237208568338831	0.09198951896788304	-0.1556741661563587	0.4845319345397335	0.4845319345397097	-0.04047031094270485	3.330687907303035e-05	0.2415627391651078	0.06005651757247454	-0.07735929296679633	0.02245505217870478	0.01453540389156953	-0.3747535038980687	-0.09054342515335104	9.99864156393123e-05	0.1627941155139875	-22.12305837903758	-74.14900773742241	-11.08909588538558	0.1142326792721489	20.59822778305752	-738.4321943760233	53.55961586431035	0.004472962966386535	-0.006738632850527591	0.6137070420467897	-1.891206106549912	0.08264759617976493	-0.6338708472311656	1.361311132502685	-3.227961140864628	-3.227961140864641	0.2703364367907596	-0.01144192940733334	-1.501302740257366	-0.336480290612297	-4.177005065401485e-09	1.36578237466095e-08	1.423391601358591e-07	1.33946971622045e-08	-2.542114086849547e-08	3.459424596852061e-08	1.080458450892643e-07
0.85	-0.001005053707991139	0.1043891447109652	0.8448836004965364	0.6146856454854945	-0.2478090619587927	-0.08314590407579903	-0.4280763284862681	0.8560441655109033	0.8560441655111092	0.06215351518415312	0.1745158596358587	0.419928727754556	0.07865143280528007	-0.0183399613339129	0.01411373839376128	-0.09333236589356107	0.2672813586370739	-0.01155281614540621	0.08552368453544167	-0.1420880753492632	0.4522053561593519	0.4522053561593414	-0.03784696793146514	3.395955621183583e-05	0.2265004607216494	0.05664413581774463	-0.07797993505496315	0.02284116031823247	0.01462759643588389	-0.3760812146159926	-0.09171652207808419	0.0003393888772237151	0.1634796627370178	-21.82014720418515	-74.55201080770399	-11.10149882592614	0.1685387433810372	20.67721865542445	-739.1629596284704	53.59603332345774	0.00210180945303536	-0.01072449279608416	0.6246046003473235	-1.89317641185733	0.08190533775884445	-0.6540875561691385	1.35108864079476	-3.241325214060698	-3.241325214058568	0.2575302241892564	0.006061348428278213	-1.512071960642832	-0.3452381688048448	-3.758178890198327e-09	1.29350414732438e-08	1.324458118040044e-07	1.377128868155808e-08	-2.384608391316688e-08	3.262610859769305e-08	1.006704967731365e-07
0.86	-0.001187929071357272	0.1045296928735879	0.8439817996914288	0.6172630295891665	-0.2479204369913341	-0.08232318782915837	-0.4294303070213872	0.8604035330348	0.8604035330348767	0.06178802892347721	0.1745162432175381	0.4221178572996419	0.07920054282779598	-0.01821613080763086	0.01398996292459724	-0.08700413753263136	0.2481552781814924	-0.01071999840134829	0.07901193750625685	-0.1287487611029055	0.4196260166815367	0.4196260166815394	-0.03525574528428402	4.431151950707092e-05	0.2113029197080763	0.05316691202695255	-0.07860057714312192	0.02322726845767859	0.01471978898001456	-0.3774089253339136	-0.09288961900284866	0.0005787913386660534	0.1641652099600663	-21.53752340797893	-74.96606342295181	-11.11129243979461	0.2172388657046094	20.77258213351399	-740.0712040170284	53.65316069179667	0.02725102377606928	-0.01389465070184612	0.6421488544750845	-1.939418271678623	0.08535723739496902	-0.6430533665798055	1.311955820355222	-3.278513360351433	-3.278513360351419	0.2639123639790075	-0.009502072176138344	-1.528355254280598	-0.3494486978247611	-3.37563187196784e-09	1.210534103876785e-08	1.22214819816586e-07	1.363872471516227e-08	-2.214714134031224e-08	3.058031902099947e-08	9.307340916394526e-08
0.87	-0.001368980565581175	0.1046688200384781	0.8431439583193214	0.6196479912721964	-0.2480234070711657	-0.08156579345407421	-0.4306521984952672	0.8644359264324168	0.8644359264325471	0.06144828072550351	0.1745167472932652	0.424154366836848	0.07971458609527325	-0.01797235036095791	0.01382908892297187	-0.08054368397968713	0.2287996435942067	-0.009871162866348416	0.07246213860131809	-0.1156793799821916	0.3868185017392786	0.3868185017392912	-0.03269950993085029	5.531770039571285e-05	0.1959794946104345	0.04963345099629037	-0.07904887555782981	0.02352332849758456	0.01479753400332258	-0.3785911852687374	-0.09383585800292039	0.00078377869101662	0.1646625068710483	-21.27551230617372	-75.28958624631093	-11.11790872600188	0.2628360319557832	20.83176828312724	-740.6421089155134	53.69831323027836	0.02621436201985364	-0.01814507931390082	0.6510673027631501	-1.939247349334206	0.08508346090510067	-0.6616658580185537	1.296952311944596	-3.28699411841401	-3.286994118412406	0.2506503432838455	0.006232384397863923	-1.537262030506475	-0.3565191745929107	-3.009754822049419e-09	1.126491783549104e-08	1.121410858436873e-07	1.340217923608879e-08	-2.045914446300488e-08	2.851740438540759e-08	8.561506712773915e-08
0.88	-0.001546939693961029	0.1048061462024686	0.842371336222155	0.6218382743498982	-0.2481178014457534	-0.080874041609166	-0.4317448915471478	0.8681392199691851	0.8681392199693341	0.06113392912555304	0.174517327514999	0.4260370569444761	0.08019304987866592	-0.01759765763801442	0.01362976274464077	-0.07396028254439893	0.2092195571237012	-0.009004857357247075	0.06588343147367424	-0.1029090767008825	0.3538060445069758	0.3538060445069978	-0.03017642568709879	5.954072834799632e-05	0.180539033792768	0.04605101520939082	-0.07949717397281676	0.02381938853747414	0.01487527902635993	-0.3797734452036172	-0.09478209700300019	0.0009887660433430363	0.1651598037817885	-21.03441971615851	-75.62416341362335	-11.12178680151873	0.3026585567311212	20.90779264389871	-741.3908122914896	53.76392569919271	0.05343347903033718	-0.02158508604319953	0.6667384309438921	-1.984308648322484	0.08885123221529377	-0.6488350111207821	1.252140252474337	-3.319501818360437	-3.319501818360518	0.2572821420425303	-0.01085870276348863	-1.551762398285845	-0.3592436490722688	-2.754156024041588e-09	1.035355939245459e-08	1.031076741206886e-07	1.247775605776308e-08	-1.884355757162572e-08	2.634120089864237e-08	7.907458042051152e-08
0.89	-0.001720518801115407	0.1049412844907724	0.8416651225158606	0.6238317194729612	-0.248203456132583	-0.08024822756574672	-0.4327113951297634	0.8715114561238723	0.87151145612397	0.0608446457132467	0.174517944251062	0.4277647846189931	0.08063544220184123	-0.01709729714367299	0.01339125044484317	-0.06726587431605292	0.1894390755045401	-0.008124529501754379	0.05927430858571361	-0.09044480286431264	0.3206159469843586	0.3206159469843927	-0.02768447472822059	6.583596640251295e-05	0.1649896246364677	0.04241858843249189	-0.0797807799314125	0.02405246992829947	0.01493771944721582	-0.380799993841356	-0.09550047481174803	0.001143733062020009	0.1654788172521201	-20.81449458677589	-75.86855885004775	-11.13230031221724	0.3443400996640429	20.94718544395657	-741.7999184324875	53.79431380808717	0.05146744873570042	-0.02598445469977378	0.6732845599570179	-1.979475947466434	0.08786326220571263	-0.6677135472701567	1.235596493185892	-3.322549131023213	-3.322549131021153	0.2445301664605108	0.006685181407568423	-1.559063279005202	-0.366555193507517	-2.492214579736665e-09	9.440613718414405e-09	9.393033827761096e-08	1.159206045736976e-08	-1.721316522395559e-08	2.415242229633339e-08	7.237943911649528e-08
0.9	-0.00188846828051046	0.1050738376255287	0.8410263514000846	0.6256264481740781	-0.2482802596008356	-0.07968865727515055	-0.4335548508652274	0.8745510342209782	0.874551034221019	0.06058015752929005	0.1745186862483507	0.4293365115810039	0.0810412476569493	-0.01647173208534201	0.01311273203513575	-0.06047176444061435	0.1694762727352582	-0.00723461364669098	0.05263468091229384	-0.0782995072702503	0.2872744329893041	0.2872744329893512	-0.02521738002335449	8.45929771656517e-05	0.1493388912920392	0.03873364159524151	-0.08006438589004065	0.02428555131912172	0.01500015986793789	-0.3818265424790999	-0.09621885262049966	0.001298700080693618	0.1657978307224195	-20.61599795034994	-76.12400158398752	-11.14000578520686	0.3801575139230662	21.00392128901631	-742.3867321720276	53.84481652183459	0.07847439182840142	-0.02958630802535996	0.6866787603624224	-2.020772878346536	0.09076883212946169	-0.6549359682125853	1.188344603972903	-3.349785112847979	-3.349785112847903	0.2523108912400822	-0.008366348221826431	-1.572027235911811	-0.3697476611426013	-2.179531965055008e-09	8.51497019634437e-09	8.360160947390115e-08	1.101618548043565e-08	-1.546432922595774e-08	2.186304276967433e-08	6.44470610381703e-08
0.91	-0.002049502691440891	0.1052033946601486	0.8404559858683344	0.6272206702236542	-0.2483481019257063	-0.07919561391975138	-0.4342785694831552	0.8772565197539837	0.8772565197539345	0.06034019123451365	0.1745196407267292	0.4307512482109132	0.08140997982820553	-0.01570975410374964	0.01279089946093174	-0.05358799726986904	0.1493396224844095	-0.006330998007393029	0.04597137992003357	-0.06651101780926308	0.2538051991107227	0.2538051991107521	-0.02278183882983238	0.0001047302968688951	0.133593862243803	0.03500773593901213	-0.08015617268106076	0.02443821310517397	0.01504736331797772	-0.3827103107150633	-0.09669797563150374	0.001411478704044324	0.165909097014737	-20.43918391834084	-76.28480054325138	-11.1483810150232	0.4148462379094593	21.02971601389893	-742.6213198969069	53.87427198445289	0.07886897535782733	-0.03465082173695165	0.6912313477769845	-2.014387703810817	0.09059163597046289	-0.6724203096451536	1.164080893123066	-3.348113321405151	-3.348113321407658	0.2382905080154351	0.006973789654006418	-1.577927884270336	-0.374757758502801	-1.876448244956554e-09	7.57690615008178e-09	7.335232568200017e-08	1.037154682071453e-08	-1.370938447105486e-08	1.957007772718469e-08	5.658770099342692e-08
0.92	-0.002202155427752228	0.1053294995511037	0.8399548591387607	0.6286126704496993	-0.2484068213529319	-0.07876928220327685	-0.4348864072512679	0.8796267887889777	0.8796267887888748	0.06012440330662223	0.1745207505818199	0.4320080971213376	0.0817413037947753	-0.01479539716081308	0.01242230330215513	-0.04662400400521095	0.1290319080193258	-0.005410034122491597	0.03929235313127555	-0.0551233373098298	0.2202311333904624	0.220231133390474	-0.02038170665203918	0.0001156683200780552	0.1177613473959294	0.0312520006571964	-0.08024795947174554	0.02459087489124963	0.01509456676800832	-0.3835940789509533	-0.09717709864250276	0.001524257327436452	0.1660203633073343	-20.28418912544729	-76.4566230114152	-11.15386348892205	0.4435653322774055	21.0733966432878	-743.0332155419104	53.92362384829215	0.1089501840973829	-0.0389390249400664	0.7027239791449926	-2.054985721193466	0.09423848125018304	-0.6580811275121182	1.108182811662206	-3.370751481183849	-3.370751481183758	0.2452290880942758	-0.01020620752069865	-1.5895243958396	-0.3757135862599156	-1.669353470690125e-09	6.514636861893644e-09	6.389749200818745e-08	9.039271333123473e-09	-1.189335214710176e-08	1.724125752638913e-08	4.945852128449942e-08
0.9299999999999999	-0.00234492762714497	0.1054516985484081	0.8395237331562626	0.6298008027656029	-0.2484562505494171	-0.07840980988264419	-0.4353823190081276	0.8816608796574662	0.88166087965745	0.05993244462781387	0.1745219300349921	0.4331062333745273	0.08203493707533921	-0.01373469192797563	0.01201105893948369	-0.03959168164173144	0.1085707873074896	-0.004473529264641543	0.03260077104092718	-0.04412235708514059	0.1865779757632338	0.1865779757632415	-0.01801506849153476	0.0001191159806798879	0.1018563157896125	0.02747131077824106	-0.08022088239259674	0.02464747522439262	0.01512751356902791	-0.3843006561208035	-0.0974414345089146	0.001613829925766643	0.166004688697568	-20.15109504474465	-76.5410428620032	-11.14955785995772	0.4655115318847354	21.06349298313408	-743.123205468596	53.96963818308459	0.1082833421215596	-0.04318476647393905	0.7049160083251024	-2.04523999913359	0.0937020774314532	-0.6748989096820233	1.086554174497411	-3.363957289468142	-3.363957289468597	0.231631732057052	0.005458707791966508	-1.592431649907412	-0.3797389041513539	-1.459219336921003e-09	5.473023355043813e-09	5.442451981541691e-08	7.730964502821462e-09	-1.010814206579784e-08	1.492372125887054e-08	4.231022941297464e-08
0.9399999999999999	-0.002476362244366466	0.105569591577178	0.8391632163260743	0.6307836109238418	-0.2484962455794297	-0.07811729381489915	-0.4357701212533985	0.8833581670724563	0.8833581670725891	0.05976400244104707	0.1745231116557798	0.4340450314902679	0.08229066501403015	-0.01252788072534101	0.01156110959526773	-0.03250217354318625	0.08796707647748864	-0.003523200831680408	0.02590110255514941	-0.03350143499545848	0.1528704426969729	0.1528704426969757	-0.01567840824991501	0.0001161018389343606	0.08589371990810479	0.02367093228177139	-0.0801938053131198	0.0247040755576612	0.01516046037001323	-0.385007233290577	-0.0977057703752839	0.001703402524325595	0.1659890140880566	-20.03998261211141	-76.63647114665883	-11.14227700498053	0.4813837679081791	21.07195831247319	-743.3902824037556	54.03548248061666	0.1381713780569366	-0.04668002124914917	0.7141611261581443	-2.083503744826338	0.09700319627242605	-0.65969840659798	1.032171184660907	-3.381626568990398	-3.381626568990513	0.2392335043173139	-0.01149856799023438	-1.601037250878033	-0.3796513097628221	-1.209139335402183e-09	4.702885831497273e-09	4.471315565919915e-08	6.737674311175328e-09	-8.728024316454389e-09	1.275448811442019e-08	3.491074911874159e-08
0.95	-0.002594914656516526	0.1056827310575406	0.838873838543308	0.6315597396245314	-0.2485266600234154	-0.0778918101876771	-0.4360539906197572	0.8847182286213996	0.8847182286215139	0.05961874324155278	0.1745242274192933	0.4348238892768262	0.08250830516194986	-0.01114835074579193	0.01105422694158761	-0.02536785301150326	0.06724012758906625	-0.002556750450880987	0.01919498958492877	-0.02337545258028046	0.1191446201273447	0.1191446201273465	-0.01338111379885387	0.0001058264997278758	0.06986545877155244	0.01985492749976253	-0.07985459845665234	0.02471719165635458	0.01517605837175893	-0.3855813837323213	-0.09771708843420109	0.001714949328878753	0.1656292625360185	-19.95088850377289	-76.63195466186383	-11.15717463953829	0.5074066826986079	21.10118364767199	-743.2120433985496	54.03549460626394	0.1429813915375783	-0.05457780178997894	0.7138991554744003	-2.070070650069719	0.09690932149456621	-0.6761633310531476	0.9873596241998863	-3.367646950991144	-3.367646950991052	0.223829189405622	0.004027343588536818	-1.605577933009771	-0.3828943404024053	-9.630839398126888e-10	3.872289132400439e-09	3.491745946290907e-08	5.751773848992692e-09	-7.244344190371929e-09	1.053906680810388e-08	2.738314351024111e-08
0.96	-0.002698644252151306	0.1057904246284949	0.8386559702936188	0.6321280427985658	-0.2485473212910737	-0.07773340680792801	-0.4362396905910614	0.8857411145746035	0.8857411145747753	0.05949622734140113	0.1745252043015169	0.4354420929744102	0.0826877214064574	-0.009563317420877047	0.01047192771360934	-0.0182002669277264	0.04640197113190024	-0.001572565569707504	0.0124850530619549	-0.01386755599496971	0.08543532355603044	0.08543532355602963	-0.01112974839161962	8.832557949816447e-05	0.053762902116358	0.01602615159846111	-0.07951539159965232	0.0247303077552034	0.01519165637324668	-0.3861555341739377	-0.09772840649306402	0.001726496133721681	0.1652695109844065	-19.88383476820218	-76.63845954486915	-11.16911532412741	0.5273768331491068	21.14964447401046	-743.2105283128255	54.05504690922601	0.1792720471301985	-0.06176333610895091	0.720814236576937	-2.105745258574973	0.1005500963472679	-0.6604631171486077	0.9085540186876794	-3.378321369327701	-3.378321369328123	0.2300476955519073	-0.01294368419494736	-1.615896354606722	-0.3822055336213686	-7.926911356945347e-10	1.905059932957934e-09	2.3536320913259e-08	4.9048003007238e-09	-3.813691381595941e-09	7.45530805870718e-09	1.744678199351282e-08
0.97	-0.00278580142637716	0.1058921308588068	0.8385099174654315	0.6324874234667407	-0.2485580627013267	-0.07764211299925179	-0.436332213777678	0.8864269409186721	0.886426940918666	0.0593960366828621	0.1745259461706027	0.4358991479885759	0.08282886593441777	-0.007863330582016296	0.009878000302871972	-0.01100732754459188	0.02545596789971072	-0.0005736270659568526	0.005774347814880704	-0.00462260336799445	0.05172777943402546	0.05172777943402059	-0.008912018247895176	5.583580410738006e-05	0.03766075527799512	0.01220906448939442	-0.07958278849052802	0.02468689709006044	0.01519737587186053	-0.3864539885292954	-0.09758093263604431	0.001759403770261335	0.1653852552695824	-19.8388018050341	-76.58413354353613	-11.14887618341119	0.5282217187263286	20.94310997575314	-743.2515605510466	54.1025403440821	0.1660800699838521	-0.05690524835405603	0.7189803570107206	-2.091756926336664	0.09988061926386152	-0.6762784190866603	0.9346375774448676	-3.367295681089701	-3.367295681089732	0.2170920183193298	0.0009679145951362366	-1.60547618477406	-0.38051126346669	-6.26227993358304e-10	-4.981475411287411e-11	1.224734614157862e-08	4.010308888318233e-09	-4.147779511549009e-10	4.378935614324781e-09	7.620730290739332e-09
0.98	-0.002855815118670901	0.105988158254053	0.8384358833446417	0.6326367982886018	-0.2485587517481477	-0.07761790708118643	-0.4363318530992233	0.8867756268719703	0.8867756268719078	0.05931791459472813	0.174526237049707	0.4361955610670594	0.08293202939850838	-0.006134621034324038	0.009336160700458849	-0.003796525448162701	0.004400801835754132	0.00043790711273662	-0.0009325250561791613	0.0047092169686659	0.01800724541390968	0.0180072454139068	-0.006716034322734693	-1.872419028678521e-06	0.02163451498670807	0.008429938823637812	-0.07965018538024542	0.02464348642504959	0.01520309537023538	-0.38675244288439	-0.09743345877897903	0.001792311407048159	0.1655009995557301	-19.81581882520231	-76.5407391882825	-11.12562204865928	0.5229562291420673	20.75553692187797	-743.4682717115085	54.16959436776582	0.1850165888965826	-0.05134577444428226	0.7243867792358875	-2.127577824928281	0.1030692313358601	-0.6596966419457412	0.9259275606255815	-3.380919348949967	-3.380919348949174	0.2256984518390892	-0.01798737374404617	-1.60071504519185	-0.3746132449594009	-5.855140280436445e-10	-1.609345045289307e-09	3.90761226492865e-09	1.595245823538778e-09	1.968475372567542e-09	1.538924930400041e-09	1.324592634520319e-09
0.99	-0.002908656585471458	0.1060791318158324	0.8384340025036303	0.6325752287374572	-0.2485493064078724	-0.07766077774923573	-0.4362368172935044	0.8867870660522653	0.8867870660522041	0.05926171250813203	0.1745259123768847	0.4363322075766192	0.08299756911700285	-0.004454929113449946	0.008877765846046192	0.003418908311332148	-0.0167175348898409	0.001448632810690715	-0.007643224253238366	0.01440534949399158	-0.01571920068687961	-0.01571920068687713	-0.004520293532429922	-5.832519579981174e-05	0.005719128415059619	0.0046816920609992	-0.08018471787108054	0.02473401233172316	0.01520472195979652	-0.3863693282423714	-0.09777456565691647	0.001856495077809898	0.1660595590673477	-19.81487640899691	-76.6435931196942	-11.10989834577036	0.5137582992600523	20.57706032356577	-743.6073864298012	54.1579831903267	0.1562570236601385	-0.04020334599885391	0.7199040795837479	-2.104385056590371	0.09969492583790197	-0.6769989682014202	1.007566893144476	-3.368475830675288	-3.368475830674801	0.2171249438274502	0.001235887844977948	-1.583299676506135	-0.3743780182231038	-5.421225207072977e-10	-3.161333562936874e-09	-4.431709711467859e-09	-8.198600652247423e-10	4.337132247270006e-09	-1.311540523279711e-09	-4.956500573371689e-09
1	-0.002945338827063122	0.106166098028057	0.8385042324812694	0.632302391127129	-0.2485298296732307	-0.07777080389120303	-0.4360415980034685	0.8864612470535175	0.8864612470535184	0.05922759043973358	0.1745251651997863	0.4363104303790094	0.08302573684261375	-0.002902775993463497	0.00853469078949467	0.01062563828199043	-0.03785281002400734	0.002444185981125067	-0.0143636198349101	0.02474591380562611	-0.04944439038894109	-0.04944439038893695	-0.002300030694095455	-8.637327302012365e-05	-0.01005022669077583	0.0009555402460842961	-0.08071925036115249	0.02482453823845183	0.01520634854912177	-0.385986213600181	-0.09811567253483743	0.00192067874867717	0.1666181185796114	-19.83599853347021	-76.75732824604371	-11.09118518505951	0.4984933205400027	20.415994530263	-743.9225072911826	54.16575224351341	0.1595088287188799	-0.0282818148717632	0.7226460214685526	-2.13096550664272	0.10003472583189	-0.661635918868264	1.054813917886928	-3.3806680692043	-3.380668069204246	0.2306028614450217	-0.01230643383386138	-1.571508752028798	-0.3701942554145377	-2.363318952454651e-10	-3.974228274755259e-09	-1.273066546302538e-08	-3.239162704426775e-09	5.275337118013601e-09	-5.186573412951078e-09	-9.763237845216246e-09
1.01	-0.002967239895107107	0.1062500626954239	0.838646479428357	0.6318183573956335	-0.2485004516281269	-0.07794806865669295	-0.4357401150099675	0.8857980386153027	0.8857980386153546	0.05921581473996571	0.1745242390458609	0.4361313970755674	0.08301669728134999	-0.001510022313444393	0.008262822295785925	0.0178215170524817	-0.0589315707983378	0.003430880205426434	-0.02108942132602131	0.03562331504122108	-0.08321141784651498	-0.08321141784649955	-4.841644386181202e-05	-9.792289224299211e-05	-0.02576139186051714	-0.002765719427321337	-0.08095325026371462	0.02487986353431161	0.01519162824439859	-0.3854081651166269	-0.09867175848207139	0.001994285804405175	0.1668355824432694	-19.87919681310792	-76.93373944917218	-11.07497214494434	0.4786218288163326	20.48895396810152	-743.9835960074706	54.16816060216122	0.1242708461611486	-0.02595117953475321	0.7177218721837272	-2.092976867359396	0.09790330498426428	-0.6780652718202758	1.115097747720917	-3.376838187381038	-3.376838187379235	0.2234420457593835	0.004558813527064219	-1.5716641025847	-0.3734357577700251	6.945873021636741e-11	-4.787122986573644e-09	-2.10296212145829e-08	-5.658465343628809e-09	6.213541988757196e-09	-9.061606302622446e-09	-1.456997511706081e-08
1.02	-0.002976190984644176	0.1063314463152717	0.8388606177766178	0.631124206955485	-0.2484612233339037	-0.07819259403862668	-0.4353276790998312	0.8847967362818562	0.8847967362819419	0.05922675545053144	0.1745232250036246	0.4357951033797363	0.08297037633646304	-0.0003127802927293707	0.00801848128566199	0.0250039185167069	-0.07987615175391419	0.004414235799908592	-0.02781574312063951	0.04693649712979917	-0.1170631694379735	-0.1170631694379468	0.002243251364227366	-0.0001039509317172822	-0.04150230515576994	-0.006500736479381714	-0.08118725016633889	0.02493518883019649	0.01517690793942772	-0.3848301166330805	-0.09922784442929782	0.002067892860184461	0.1670530463068672	-19.94451387282955	-77.12105780505425	-11.05578984617707	0.4527043956895474	20.57824103696902	-744.2219195321663	54.18992627797467	0.1204064968579054	-0.02277631815455169	0.71995056021532	-2.104129542892029	0.09936699986802257	-0.6617399795697047	1.141970088483391	-3.397612895981135	-3.397612895981095	0.2386135730161228	-0.01120211788408472	-1.577458377130718	-0.372945731145404	2.488558028892054e-10	-5.924309929936327e-09	-3.156063058838155e-08	-6.749040695146291e-09	8.225376598781404e-09	-1.120393040455542e-08	-2.307147146403113e-08
1.03	-0.002974065578133284	0.1064105484708588	0.8391464716402498	0.6302212440634143	-0.2484121764956589	-0.07850437443747922	-0.4348000066705343	0.8834566284115398	0.8834566284115686	0.05926079089548195	0.1745221729182051	0.4353013540394176	0.08288668589262292	0.0007120005672423559	0.007808992439178284	0.03216035499617795	-0.1006962236156847	0.005394702696005651	-0.03453913481713701	0.05866503816856883	-0.1509588939947449	-0.1509588939947498	0.004568523257592553	-0.0001061435756674519	-0.05724240301307066	-0.01023481985088319	-0.08125529206471439	0.02492058461324628	0.01514572409030242	-0.3841192978801837	-0.0994216965996816	0.002073472925312553	0.1670991053956431	-20.03197195746053	-77.17185279221862	-11.04448243692683	0.4305949075427002	20.56869151589075	-744.0800082674158	54.16829850031326	0.08963458705884678	-0.01897671434508524	0.7125126311575399	-2.06791605973883	0.09731865663052908	-0.6774577532084092	1.198353526940567	-3.385625727032203	-3.385625727036852	0.2301817901789537	0.00531683527432197	-1.571511214645837	-0.3732672338655854	4.269631454315428e-10	-7.064805977702526e-09	-4.211441601955001e-08	-7.826057604952699e-09	1.024816661430848e-08	-1.332857380457269e-08	-3.161066943421704e-08
1.04	-0.002962468221718385	0.106487767428692	0.8395036943565453	0.6291106864423808	-0.2483533385640003	-0.07888335255101465	-0.4341530373477638	0.88177754859734	0.8817775485973406	0.05931821861793889	0.1745211078409365	0.4346503585755875	0.0827657290963294	0.001581609686888179	0.007641841734858902	0.03927768904945013	-0.1213950975542143	0.006372454478068825	-0.04125528605437716	0.07079587582199078	-0.1848575582117983	-0.1848575582118353	0.006921706858227064	-0.0001065493026214692	-0.07295152985501112	-0.01395400697090312	-0.08132333396286547	0.02490598039636271	0.01511454024107319	-0.383408479127233	-0.09961554877004314	0.002079052990564353	0.1671451644845983	-20.14158356382686	-77.23361848874346	-11.0302345646832	0.4024642531662132	20.57527044605177	-744.1164446640918	54.16612856566528	0.08937214879258622	-0.0143086897214916	0.712130074975529	-2.079889958243931	0.09882397706122049	-0.6602918877183003	1.222429411413744	-3.398200828037466	-3.398200828037551	0.2441959144699798	-0.01084473448476969	-1.571264174058379	-0.3699664808490462	5.943839172454291e-10	-8.169790904616809e-09	-5.149916264918248e-08	-9.746384373867664e-09	1.200526091691778e-08	-1.584703393919529e-08	-3.836502362885426e-08
1.05	-0.002942944361364841	0.1065635137376313	0.8399318597627334	0.6277938010326056	-0.2482847445765799	-0.07932944554802125	-0.4333828282691906	0.8797595335148678	0.8797595335149132	0.05939933590613727	0.1745200613511675	0.4338424304679108	0.08260765291377993	0.002296662417426562	0.007513213484068886	0.04634523795596934	-0.1419548758676591	0.007345116344381401	-0.04796091174563649	0.08330662020224126	-0.2187392522219339	-0.2187392522219586	0.009308281551026502	-0.0001012349774648982	-0.08862860730858957	-0.01765895765462942	-0.08121746115921701	0.02482530061778559	0.01506755268629517	-0.3825270163566659	-0.09962362193267857	0.002045645956102166	0.1670012761879052	-20.27331497399234	-77.21879221231012	-11.01863274873927	0.3737551390439878	20.56778057620836	-743.8137092564318	54.13685630209039	0.05859663183335885	-0.01126810912784687	0.7025404625018166	-2.039956200888	0.09629806468215435	-0.6753366337287294	1.274498997320655	-3.382222932041769	-3.382222932039783	0.2368605006406461	0.006441151136329659	-1.565106282678534	-0.370429433826775	7.614707337240513e-10	-9.273666109004467e-09	-6.084737681626695e-08	-1.169306457587977e-08	1.375405222849839e-08	-1.837780084677431e-08	-4.506360145550558e-08
1.06	-0.002917065014369196	0.1066381481207895	0.8404303952907889	0.6262721309531578	-0.2482064618158202	-0.07984252254673714	-0.4324856913376022	0.8774028876433735	0.8774028876434971	0.05950451339211092	0.1745191123316457	0.4328778962353558	0.08241259321005889	0.002852707013914985	0.007419456578628387	0.05335171342300979	-0.162352031500818	0.008310209141297169	-0.05465208639284781	0.09618144642207083	-0.2525837160136748	-0.2525837160136873	0.01173374640203309	-8.70552474833873e-05	-0.1042727548290029	-0.0213507112060461	-0.08111158835519679	0.02474462083926998	0.01502056513118622	-0.3816455535860055	-0.09963169509529121	0.002012238921760093	0.1668573878915196	-20.42713435326439	-77.21497799945081	-11.00413699222092	0.3390771499331991	20.57604947331428	-743.6900979971495	54.12715456180111	0.05757052198245571	-0.007334420651410481	0.6999153870797625	-2.047365422186849	0.09731016318183656	-0.6574016789087773	1.295245779329478	-3.390754784358468	-3.390754784358561	0.2519739461114005	-0.009071653519685401	-1.564678187425089	-0.367327054387085	9.980740551597046e-10	-1.036940176740209e-08	-7.140182819484524e-08	-1.278540134882293e-08	1.564673354762998e-08	-2.07586908143661e-08	-5.31005260340112e-08
1.07	-0.00288635958959903	0.1067120163721159	0.8409986567496489	0.6245472980789488	-0.248118552824767	-0.08042241875302528	-0.4314581052218586	0.8747080701850931	0.8747080701851605	0.05963411728008691	0.1745183161300891	0.4317571265592759	0.08218072863337077	0.003266695084112523	0.007359713466892458	0.06028692986540805	-0.1825864177588108	0.009271668681529724	-0.06132263178522599	0.1093860811091865	-0.2863647395058065	-0.2863647395058076	0.014191191783449	-7.413445374996587e-05	-0.1198716067114948	-0.02501536851861645	-0.08083080455793989	0.02457026692770482	0.01495821409111392	-0.3806003385064529	-0.09941106437155475	0.001948425485141602	0.1665206070304684	-20.60296698290017	-77.11843423396412	-10.98334107318051	0.2996598523670598	20.54669594901612	-743.2076014358724	54.1085099638347	0.0300602495641612	-0.004462752642378524	0.6882728403741768	-2.007257299303413	0.09556898736897798	-0.671200868090846	1.340617970717233	-3.369520962338032	-3.369520962336163	0.2432439755789173	0.006174634556853841	-1.556051707409695	-0.365024161656	1.238375063029243e-09	-1.146470447122578e-08	-8.202044112722641e-08	-1.383229432234753e-08	1.754706859056746e-08	-2.3131608604299e-08	-6.120863926953035e-08
1.08	-0.002852164824118467	0.1067854534930839	0.8416358599864433	0.6226209649277931	-0.2480210282107079	-0.08106888439297617	-0.4302969636277895	0.8716758935257684	0.8716758935257655	0.0597884184502283	0.1745175892741679	0.4304806557606138	0.08191241966516831	0.003550575155308774	0.007333230506953638	0.06714006900994368	-0.2026520868847356	0.0102333337387163	-0.0679659731251307	0.122892542088869	-0.3200555562258404	-0.3200555562258295	0.01667320282172544	-7.318611053030629e-05	-0.1354129793439214	-0.02863958950973943	-0.08055002076089932	0.02439591301624613	0.01489586305044077	-0.3795551234269267	-0.09919043364777745	0.001884612048731563	0.1661838261692093	-20.80072251313533	-77.03293802883985	-10.95974754650594	0.2543919634570855	20.53282451091213	-742.9046788566764	54.10949842076822	0.03154892218208021	-0.0006823902918212849	0.6834999275072231	-2.013621995773319	0.09735126657262665	-0.6519608684141595	1.355611037842791	-3.372713429938875	-3.372713429938833	0.2568870774834903	-0.011466143622338	-1.553182337411797	-0.3592397900975773	1.423449649917946e-09	-1.252943318149052e-08	-9.123066939383937e-08	-1.566068012229671e-08	1.926966692103151e-08	-2.551952790865222e-08	-6.757656641547494e-08
1.09	-0.002815797555773268	0.1068587882655482	0.8423411437098972	0.6204948970845792	-0.2479139013044909	-0.08178164866855608	-0.4289992822912383	0.8683073487377405	0.8683073487376721	0.05996768335649514	0.1745168491414802	0.4290490816966824	0.08160806165790892	0.00369865775258027	0.00733887261198956	0.07389888242834451	-0.2225244414688186	0.01119066730669681	-0.07458232081556204	0.1366918292107649	-0.3536294535208021	-0.3536294535207472	0.01918578893745367	-7.352474589659861e-05	-0.150890002407796	-0.03222601642570026	-0.08009123762443646	0.02414512190111354	0.0148172329837961	-0.3783584695034315	-0.09873616888723552	0.001777343331173144	0.1656554271298716	-21.02015491613321	-76.85473529867313	-10.93820348817829	0.2087753852435257	20.48380003178145	-742.2548128815565	54.08507571778579	0.00280448481969948	0.001964032078726608	0.6693974359491767	-1.968487242434138	0.09470882666327125	-0.6657855999104698	1.399303147740617	-3.346136024601683	-3.346136024595047	0.2493336881325759	0.005871136737168252	-1.54318641277519	-0.3574625533981971	1.60432222651463e-09	-1.359183560963663e-08	-1.003337379576222e-07	-1.754852733295211e-08	2.097874180598129e-08	-2.79085886325809e-08	-7.381208809808234e-08
1.1	-0.002778676150188148	0.1069323347632989	0.8431134806449232	0.6181712166849543	-0.2477972441776281	-0.0825604391971476	-0.4275621649638024	0.8646037833477062	0.8646037833475713	0.06017225198588615	0.174516143394445	0.4274630925777245	0.08126801569928332	0.003701402602617971	0.007375575564215879	0.08055071132442289	-0.2421745981612529	0.01213937786472266	-0.081171223728092	0.1507797402677485	-0.3870596766288408	-0.3870596766287424	0.02173394743375521	-6.6308972020693e-05	-0.1662959903476632	-0.03577717978376708	-0.07963245448819227	0.02389433078611549	0.01473860291659208	-0.3771618155799626	-0.09828190412664252	0.001670074613871852	0.1651270280903187	-21.26104530028586	-76.68765372453252	-10.91396595800667	0.1574290542067663	20.45003905748012	-741.7855330288388	54.08050165716218	0.0024813727352089	0.005529779146416151	0.6621030230427163	-1.969182417443647	0.09562666458168684	-0.646471912833956	1.413335824860298	-3.343978592554266	-3.343978592554274	0.2640015535981288	-0.009955261773805067	-1.538975312610099	-0.3521870785187389	1.925521696567065e-09	-1.462520394186951e-08	-1.109528723813306e-07	-1.831141653194422e-08	2.283993547883081e-08	-3.02879559636735e-08	-8.159223379126662e-08
1.11	-0.002742180433476647	0.1070063987888065	0.8439517729263107	0.6156521188005281	-0.2476711389682132	-0.08340496184071727	-0.4259828604250249	0.86056670585079	0.8605667058507159	0.06040248153916163	0.1745155307821722	0.4257234291147556	0.08089265991600542	0.003579832233865397	0.00744189348253633	0.08708702396476178	-0.261609333831669	0.01308097024382388	-0.08772674594866942	0.1651170231779807	-0.4203245519516716	-0.42032455195166	0.02431727475163712	-5.728248900948007e-05	-0.1816217832364708	-0.03928504527999557	-0.07900485031340405	0.02359700693148338	0.0146442323803154	-0.3757966092366342	-0.09761567670759223	0.001508818107355154	0.1644078009091712	-21.52314871790092	-76.43546316834535	-10.90014352947804	0.1098789054307304	20.38738853825724	-740.9682192239152	54.03192339897112	-0.02216289084768508	0.007887375337439136	0.6462806501318351	-1.925273682342656	0.09331134095771912	-0.6591058372093827	1.449302877389212	-3.313051841121261	-3.313051841134211	0.2562800756548881	0.006161496770542552	-1.527141854538706	-0.3487678191292842	2.260753855965072e-09	-1.565566886451107e-08	-1.217236133910317e-07	-1.896180992977002e-08	2.471634103047032e-08	-3.26663539554825e-08	-8.952684188550856e-08
1.12	-0.002707437750279764	0.1070812669089305	0.8448548053872221	0.6129397426513282	-0.247535640671711	-0.0843148423986127	-0.4242591073864828	0.856197917632842	0.8561979176328531	0.06065870071661979	0.1745149744133818	0.4238309556073903	0.08048248917097785	0.003350795898410969	0.007536394487480129	0.0934987472292397	-0.2808302511221615	0.01401799527823299	-0.09424280659082815	0.1796694402195773	-0.4534018208334537	-0.453401820833529	0.02693187226036736	-5.506026871559814e-05	-0.1968579992261803	-0.04274017213439504	-0.07837724613844092	0.02329968307690492	0.01454986184373346	-0.3744314028932546	-0.09694944928852103	0.001347561600942164	0.1636885737281621	-21.80620315684358	-76.19441974078529	-10.8836926575456	0.05667843992517919	20.33973160952686	-740.3317632196898	54.00356858405439	-0.01901182060529031	0.01116639647123354	0.6371851478705113	-1.926418741458996	0.09471319564326205	-0.6385795971502954	1.456362651133103	-3.306457304344487	-3.306457304344493	0.2702555917677664	-0.01131611431719181	-1.521059932790279	-0.3416393501528971	2.550207669953944e-09	-1.663543000825961e-08	-1.31524628515264e-07	-1.980673677797729e-08	2.641761932502432e-08	-3.489219921121256e-08	-9.636888797934687e-08
1.13	-0.002675514762059188	0.1071572173495939	0.8458212971709165	0.6100362759815182	-0.2473907923630159	-0.08528970437007878	-0.4223888129771864	0.85149937939831	0.8514993793982321	0.06094119866892864	0.1745144218057278	0.4217865987933668	0.08003805330649794	0.003015793329608022	0.00765798675782644	0.09977527839173506	-0.2998213504280099	0.01495133653960583	-0.1007247192312388	0.1944205113248122	-0.4862659386061222	-0.4862659386062232	0.02957022737458179	-5.541072280176735e-05	-0.2119953428596293	-0.04613576897550698	-0.07757664318445699	0.02289221838742033	0.01443958034067218	-0.3729153880051845	-0.09606588632713052	0.001165615222134587	0.1627794485391865	-22.10988801863694	-75.86495075331025	-10.85610246020687	-0.003600967350097747	20.25769200060439	-739.3543633486097	53.98000088470388	-0.04344616357220332	0.01330527311185368	0.6192299549825792	-1.879197111979225	0.09258340769678045	-0.6522635280635767	1.489139792952909	-3.270406467882045	-3.27040646788581	0.2609843544293599	0.005602143744269327	-1.507366595468505	-0.3368595993878079	2.833939190766668e-09	-1.76088531796465e-08	-1.412044279038126e-07	-2.067598030748222e-08	2.809700671244259e-08	-3.70989753749327e-08	-1.030743638231346e-07
1.14	-0.002647482137233646	0.1072345136391203	0.8468498228371442	0.6069441500012587	-0.2472366228784286	-0.08632923875406741	-0.4203700757662995	0.8464733964952215	0.8464733964950562	0.06125015194904862	0.1745138650244557	0.4195914095396358	0.07955999352395043	0.002572723218602889	0.007805564260087845	0.105905523735959	-0.318562113207125	0.01588223045344961	-0.1071772890947271	0.2093580005393991	-0.5188907545449514	-0.5188907545450774	0.03222293781602231	-5.589498894242333e-05	-0.2270244871669267	-0.04946495574851204	-0.07677604023067808	0.02248475369799825	0.0143292988374046	-0.3713993731171508	-0.09518232336571787	0.0009836688434430299	0.1618703233500201	-22.43386297772805	-75.54666422320571	-10.8260775779649	-0.06928554520206541	20.19045895463371	-738.5578866210077	53.97673527056975	-0.04062532904583428	0.01636344285439351	0.607927984216224	-1.87635143611237	0.09422372613744773	-0.6327110417659041	1.493646273003474	-3.258596937576583	-3.258596937576464	0.2731266572129496	-0.01134287672802319	-1.499420067559769	-0.3283573365314758	3.230257807462568e-09	-1.856819446478156e-08	-1.521429648797096e-07	-2.102503633503479e-08	2.992860592073291e-08	-3.925862614516775e-08	-1.107031893998928e-07
1.15	-0.002624404694788297	0.107313412562459	0.8479388872956271	0.6036659014924796	-0.2470731759836537	-0.08743311946091535	-0.41820109717685	0.8411224394247375	0.8411224394246354	0.06158576318484995	0.1745133213103928	0.4172464924502479	0.07904895412361466	0.002025379908135921	0.007978179521963781	0.1118796838222262	-0.3370411822201327	0.01680543062552351	-0.1135905976805577	0.224463311776181	-0.5512527726183925	-0.551252772618424	0.03490623602863495	-5.233440462644039e-05	-0.241938465571368	-0.05273279040789624	-0.07580479508777506	0.02203204331996524	0.01420301681177528	-0.3697377206693362	-0.09406943256675623	0.0007403395491145575	0.1607733483041016	-22.77772788654907	-75.13884367966307	-10.81020563946885	-0.1290920407598038	20.08912960346894	-737.4270176632652	53.92436127770154	-0.06439709781314658	0.01831084821831844	0.5879990525996909	-1.826725293565451	0.09109713707300687	-0.644398375780351	1.522812712932174	-3.217821943472512	-3.21782194345837	0.2669499958206414	0.006270588117368421	-1.484314714248196	-0.3245045190588066	3.643595403768717e-09	-1.95254070926925e-08	-1.632717761420663e-07	-2.129545936810617e-08	3.17832138926434e-08	-4.141115330941086e-08	-1.184715910990767e-07
1.16	-0.002607322338597835	0.1073941576944897	0.8490868611613255	0.6002042541615844	-0.2469005512922768	-0.08860088477538137	-0.4158802976422643	0.8354492986332753	0.8354492986332241	0.06194841112129393	0.1745128262145945	0.414753049979341	0.07850553477900413	0.001373705967000802	0.008174805998490121	0.1176874051791646	-0.3552418776199729	0.01771778977080739	-0.1199542106179337	0.2397221895696127	-0.5833274987416227	-0.5833274987415613	0.03763027794264608	-4.617133607259091e-05	-0.2567295634702825	-0.05594094460395299	-0.07483354994526782	0.02157933294196256	0.01407673478612923	-0.3680760682216088	-0.0929565417677871	0.0004970102548383736	0.1596763732578341	-23.14106347502765	-74.74220292745991	-10.79195269351236	-0.1942333163889018	20.00235112530998	-736.4768176961838	53.8928694831695	-0.06149145517955779	0.021165685784608	0.5746402383504673	-1.820676713478901	0.09205552077944422	-0.6227719120750277	1.524359584333429	-3.201138547534441	-3.201138547534602	0.2812753974926067	-0.01082237988039926	-1.474843966454215	-0.3164212438659373	4.158582007846379e-09	-2.029140358360136e-08	-1.745362877302116e-07	-2.058626000100225e-08	3.346870474486167e-08	-4.341990264072395e-08	-1.265967376683785e-07
1.17	-0.002597250481385399	0.1074769848553475	0.850292052267022	0.596562012384957	-0.2467188489347829	-0.08983205492700665	-0.4134062231673744	0.829456920582644	0.8294569205826575	0.06233847464557443	0.1745124095415105	0.4121123412042852	0.07793036128786368	0.0006251493030267032	0.0083941205111285	0.1233202180884305	-0.3731566787375754	0.01862222821829963	-0.1262731737989684	0.2551111382862128	-0.6150925703787757	-0.6150925703787875	0.04038519557524272	-3.729012444997186e-05	-0.2713885454002389	-0.05908011618292778	-0.07369490274347164	0.02104170098489657	0.01393423386387017	-0.3662727092474276	-0.09163151402876255	0.0002194796046763675	0.1583939258876684	-23.5233901947223	-74.26061257528853	-10.77199518628122	-0.2615704842701133	19.88343706666532	-735.2019051805526	53.84851241131035	-0.08386568016735173	0.02284556671163399	0.5530029877451321	-1.769413710287943	0.08955528722388424	-0.6354562418304037	1.548927446878188	-3.155861277388455	-3.155861277399258	0.2729918875002597	0.006711850093839042	-1.457875746520465	-0.3106509123598587	4.691720220454672e-09	-2.102325433575984e-08	-1.858250315193905e-07	-1.970212806243843e-08	3.512399611142062e-08	-4.540297735901382e-08	-1.347855886787728e-07
1.18	-0.002595129772440206	0.107562111407874	0.8515526517359171	0.5927421162172724	-0.2465281187367001	-0.09112621425459688	-0.4107777062190098	0.8231485578545137	0.8231485578546043	0.06275616573444449	0.1745120753762341	0.4093257525218793	0.07732419892144592	-0.00021652368739861	0.008634684332201339	0.1287690778189389	-0.3907727558306532	0.01952335788538886	-0.1325520458085144	0.2706106842649931	-0.6465244342392397	-0.6465244342393234	0.0431557908621219	-2.966977641798529e-05	-0.2859055449403587	-0.06213871965976647	-0.07255625554174289	0.02050406902779912	0.01379173294178372	-0.3644693502732681	-0.09030648628975244	-5.805104554668662e-05	0.1571114785174481	-23.92420808859193	-73.79019859907412	-10.74981372070947	-0.3340373309416657	19.77887288799689	-734.1071246545849	53.82538937748246	-0.08011472046991501	0.02541554747162696	0.537849602598964	-1.760931908574056	0.09139376469884103	-0.6147536777773474	1.546479036769398	-3.13449699219659	-3.134496992196526	0.2844109283490732	-0.01107455259848997	-1.446447488486743	-0.3003076234386647	5.258790141528097e-09	-2.180827438114315e-08	-1.977937599892981e-07	-1.852282463626355e-08	3.692844099220119e-08	-4.726246022699951e-08	-1.433317982234148e-07
1.19	-0.002601843964444251	0.1076497464279463	0.8528667958795211	0.5887475461231858	-0.2463284043191455	-0.0924829429945641	-0.4079937411690912	0.8165276123572033	0.8165276123570417	0.06320167754809432	0.1745118228000656	0.4063947301129071	0.0766878469158439	-0.001137941726517327	0.00889542539683183	0.1340265974177702	-0.4080908030873865	0.02041864519468839	-0.1387850400646802	0.2861916167946484	-0.6776017734097552	-0.6776017734098275	0.04595115671663068	-2.130896765350845e-05	-0.3002724037408688	-0.0651177133164343	-0.07125527834197941	0.01989366395064716	0.01363349264807764	-0.3625271982131974	-0.08876973565516223	-0.0003789906992247702	0.1556475746452062	-24.34295906147152	-73.23577590766628	-10.73192673941171	-0.4056471505212847	19.64173328372925	-732.6930129665157	53.77726377680018	-0.09989989468074062	0.02687706669830095	0.5147202262452231	-1.709674022789589	0.08844801983197899	-0.6262662184000765	1.56529402238095	-3.084919795986274	-3.084919795984569	0.2777605742331982	0.006708979310053623	-1.427822075172537	-0.2946349382710851	5.832894685088197e-09	-2.26043173287804e-08	-2.099034608930153e-07	-1.728232712119368e-08	3.876380794300331e-08	-4.909632039431239e-08	-1.519520942934496e-07
1.2	-0.002618121246645749	0.1077400835948134	0.8542325186366574	0.5845813089788009	-0.2461197666673291	-0.09390174046087305	-0.4050536880616181	0.809597779984877	0.8095977799844722	0.06367527525232036	0.1745116373483384	0.4033208357160621	0.07602211703337826	-0.002129141727564821	0.009175113691141358	0.1390848005254147	-0.4251061658867827	0.02130800473545379	-0.1449657910754041	0.3018282957769829	-0.7083018092405626	-0.7083018092406251	0.04877296898039769	-1.624489104469349e-05	-0.314479942514953	-0.06801429503271125	-0.06995430114237362	0.01928325887346708	0.01347525235454931	-0.3605850461531692	-0.08723298502058585	-0.0006999303529576914	0.1541836707728314	-24.77906930225151	-72.69249516671003	-10.71193986034043	-0.4822182983636228	19.51870154038705	-731.4580676198441	53.7508804161679	-0.09407111285577659	0.02920499340755877	0.4979863043616111	-1.700395017106703	0.09020821099201554	-0.6043050286890242	1.557628327305181	-3.059036324254967	-3.05903632425523	0.2897002102006763	-0.01173389902959582	-1.414583483201377	-0.2838252353604295	6.604481644584903e-09	-2.314335653868378e-08	-2.229606246970604e-07	-1.487129897158665e-08	4.045839481729994e-08	-5.071560798121789e-08	-1.615392282032044e-07
1.21	-0.00264467015649746	0.1078333086564572	0.8556477972044869	0.5802464950771433	-0.2459022780396765	-0.09538207002178029	-0.4019570248353204	0.8023629165375623	0.8023629165375571	0.0641772591145166	0.1745115062560258	0.4001056885802043	0.07532782177920326	-0.003194330312566689	0.009472570596929778	0.1439346214036628	-0.4417981516145771	0.02218837467313983	-0.1510899204340489	0.3175111128267314	-0.7385991387355355	-0.7385991387355815	0.05162958806954938	-1.024591095944729e-05	-0.3285199547573864	-0.0708306104980081	-0.068489471028395	0.01860165855555086	0.01330074504466167	-0.3585208872465529	-0.08547407780858786	-0.001068963874898052	0.1525415676877686	-25.23191020852362	-72.06269370205791	-10.69862775631085	-0.5566556984472617	19.36049365136242	-729.9139967546241	53.69678739261887	-0.1147967327835943	0.03042532778101371	0.4730257107027654	-1.644832893325908	0.08673210756609429	-0.6149281914312993	1.574622895494887	-3.004321558385641	-3.004321558382876	0.284480394975907	0.006713181037762652	-1.394277074365389	-0.2784513736036772	7.422970677866551e-09	-2.362135736087538e-08	-2.362428109399333e-07	-1.218226979627705e-08	4.211954642342651e-08	-5.228393458027666e-08	-1.713559860998927e-07
1.22	-0.002682281752489814	0.1079295901448827	0.8571104831273278	0.5757465148096119	-0.2456760295681555	-0.09692333313667363	-0.3987033305382022	0.7948272317360425	0.7948272317364229	0.06470797669490246	0.1745114244304486	0.3967510279260033	0.07460578003607786	-0.004341678956032428	0.00978639904746636	0.148566271527739	-0.4581394390507796	0.02305997350721281	-0.1571525018718641	0.3332345099438744	-0.7684660800811995	-0.7684660800812253	0.05451971262684852	-6.391550469980132e-06	-0.3423826461838617	-0.07356359282288029	-0.06702464091483099	0.01792005823757733	0.01312623773509974	-0.356456728340047	-0.08371517059661873	-0.001437997396948091	0.1508994646023586	-25.7008396164083	-71.44396067964915	-10.68331518688528	-0.6359103182582658	19.21610694993019	-728.5475568221697	53.6650746681126	-0.1105031245486402	0.03247930235731312	0.4543521535271987	-1.630255358788349	0.08845399026939474	-0.5919954445231395	1.565744340784085	-2.972958694393178	-2.972958694392701	0.2964013038301174	-0.01216282294873287	-1.379119320009601	-0.2671586072754362	8.288377537403823e-09	-2.402658891428257e-08	-2.500822655981687e-07	-8.49008895546168e-09	4.380088452178787e-08	-5.351356474948517e-08	-1.818184203207566e-07
1.23	-0.002731724033080354	0.1080290861935575	0.8586183759399026	0.5710848625851874	-0.2454411106689922	-0.09852492561537644	-0.3952923131835028	0.7869950995127885	0.7869950995129135	0.06526776346937468	0.1745113880876173	0.3932586557037439	0.07385683210298037	-0.005556223474002159	0.01011484901811948	0.1529739030186942	-0.474131841273168	0.02392319475820799	-0.1631567573179076	0.3489654615568605	-0.7978808493390439	-0.7978808493390561	0.05744088439424506	-1.200920856580227e-06	-0.3560589255091691	-0.07620974653152682	-0.06540105596173153	0.01715725758336484	0.01293538784554255	-0.3542714146579847	-0.08175156186313783	-0.001846373552974229	0.1490804599693406	-26.18516739347695	-70.74442993043101	-10.67064077042477	-0.7150888320954399	19.04070830055591	-726.880815146282	53.61598574629023	-0.1283475389120037	0.03334277025621107	0.4281994683028394	-1.574860009856948	0.08514608939218603	-0.6032442988431443	1.57624565565149	-2.913810630866628	-2.913810630864835	0.2904277318753409	0.006799301351264559	-1.3569472930707	-0.2609485924175247	9.166416119394531e-09	-2.441222874147858e-08	-2.640717540605403e-07	-4.527828820087055e-09	4.548765744498168e-08	-5.465200741834939e-08	-1.924546904750524e-07
1.24	-0.002793595243546992	0.1081319297271068	0.8601691912316712	0.5662650608673284	-0.2451975815779361	-0.1001862813893857	-0.3917240912958623	0.7788712046790691	0.7788712046789374	0.06585685248520132	0.1745113915102068	0.3896305076773777	0.07308190166484449	-0.006827464931614092	0.01045589602234353	0.1571507673665808	-0.4897693377312654	0.02478201188433792	-0.169105160931888	0.364675416533658	-0.8268186021723539	-0.8268186021723541	0.06038016090889198	1.561526149628607e-06	-0.3695378070056517	-0.07876009383050665	-0.06377747100889172	0.01639445692906591	0.01274453795637453	-0.3520861009760021	-0.07978795312969561	-0.002254749709159656	0.1472614553361152	-26.68420019380926	-70.05584892662337	-10.65609313514687	-0.7988952099370061	18.87881343106334	-725.3893683964372	53.58984856976116	-0.1218425124771843	0.03499870907161799	0.4081987249134859	-1.559274205930181	0.08757316529632904	-0.5808250781105767	1.561545013546346	-2.877555409486341	-2.877555409486154	0.3000222532801487	-0.01264845947015638	-1.339639754244503	-0.2479973253420376	1.024054924255944e-08	-2.455620927558913e-08	-2.796143420789423e-07	4.97341399397532e-10	4.710468738559939e-08	-5.539972656746203e-08	-2.044965843535966e-07
1.25	-0.002868444178460615	0.1082382431612798	0.8617605995765552	0.5612906860323503	-0.2449455038246883	-0.1019068125383614	-0.3879989409272607	0.7704603980321347	0.7704603980321038	0.06647548162569267	0.1745114254182212	0.3858685868149691	0.07228192590604042	-0.008151307576829709	0.01080838230768782	0.1610900572608241	-0.5050412681305282	0.02563231101692831	-0.1749886569094395	0.3803459035005411	-0.8552540688196182	-0.8552540688196156	0.0633513208051312	4.05929515318108e-06	-0.3828099331098396	-0.08121905612354638	-0.06200014135522461	0.01555343686121495	0.01253759674709162	-0.3497941694714297	-0.07760957994065702	-0.002709092276305617	0.145274540062118	-27.19720667403796	-69.28413847618975	-10.64774921980193	-0.8808038196253578	18.68104360820953	-723.6092447996152	53.54054939781598	-0.1390034241637171	0.03562213364639606	0.3806562316423622	-1.501500372322528	0.08355478867402502	-0.5902365156978698	1.568487485246757	-2.813245865026963	-2.813245865026599	0.2964730799411652	0.006513765147479188	-1.315529508993153	-0.2424911227178232	1.137402676634285e-08	-2.462705607626593e-08	-2.956269470682483e-07	5.844181775915389e-09	4.870061089727961e-08	-5.602920044086038e-08	-2.169638643592158e-07
1.26	-0.002956801196548881	0.1083481311673828	0.8633901732423739	0.5561655223102827	-0.2446849637798238	-0.1036858035787432	-0.3841173482995964	0.7617678960041787	0.7617678960042549	0.06712398440951561	0.1745114472779727	0.3819750385974238	0.07145783143601846	-0.009529081566847111	0.01117081040835181	0.1647838315535985	-0.5199271151457086	0.02647447020690097	-0.1807971392118184	0.3959638683469095	-0.8831576783741042	-0.8831576783740998	0.06635488958720182	-8.481333706170026e-07	-0.395863278033516	-0.08358383607390543	-0.06022281170170941	0.01471241679326269	0.01233065553817604	-0.3475022379669125	-0.07543120675166101	-0.003163434843633051	0.1432876247880095	-27.72346104909652	-68.52318922053406	-10.63761867678674	-0.9671899132726448	18.49636626377488	-722.0010591738738	53.51488815717392	-0.1326287814376561	0.03698707213567695	0.3590956046197016	-1.482057529113757	0.08594517677276388	-0.5658223430761471	1.551040589443351	-2.771183990930687	-2.771183990930742	0.3065040304463872	-0.01412949897561127	-1.295883518142042	-0.2291608568058455	1.268027886253058e-08	-2.449421888520414e-08	-3.130872536298329e-07	1.30961193200961e-08	5.031038961931474e-08	-5.612644102028046e-08	-2.312328416232752e-07
1.27	-0.003059163453762317	0.1084616848113345	0.865055440935446	0.550893435201474	-0.24441605657222	-0.1055225101764886	-0.3800799483855179	0.7527990957182066	0.7527990957181894	0.06780271235175925	0.1745114168914025	0.3779520765907646	0.07061054425564395	-0.0109498347824113	0.01154056033494899	0.1682268755187267	-0.5344222948291518	0.02730579154721184	-0.1865320879475523	0.4114980772783457	-0.9105043209720209	-0.9105043209719976	0.06939511410481632	-5.598352140103287e-06	-0.4086892021803704	-0.08585686849926882	-0.05828892225474226	0.01379985823970289	0.01210671920139339	-0.3451144205403631	-0.07304663039583183	-0.003668607336820296	0.1411288520538629	-28.26221235482472	-67.68292153149656	-10.63739034843186	-1.050038857951805	18.28204266602003	-720.1142802876935	53.46087085466952	-0.1477687377365321	0.03707571924890687	0.3304728568781934	-1.423048504491139	0.08152879583543866	-0.5755002060476937	1.551905466374691	-2.701698600425308	-2.70169860042239	0.303401667690842	0.006287848466128376	-1.269953318972455	-0.2239142120788004	1.404490074669274e-08	-2.429256953477122e-08	-3.310366485604306e-07	2.099167077227105e-08	5.192484915565896e-08	-5.60438730544376e-08	-2.461105003935644e-07
1.28	-0.00317592727235509	0.1085789573078181	0.8667538518810528	0.5454784362324948	-0.244138875514577	-0.1074162000750401	-0.3758877474978551	0.743559770165012	0.7435597701648898	0.06851196654017436	0.1745113261290249	0.3738020540514368	0.0697410187956789	-0.01240939384280917	0.01191458091472281	0.1714124820606222	-0.5485094871738484	0.02812924021457358	-0.1921937993723226	0.426924063065007	-0.9372627318180656	-0.9372627318180226	0.07246013883332487	-1.292329916089798e-05	-0.4212753845678366	-0.08803149199172565	-0.05635503280801619	0.01288729968602826	0.01188278286488277	-0.3427266031138889	-0.07066205404005137	-0.004173779830207637	0.1389700793195328	-28.8127309213121	-66.85312995450792	-10.63540532176962	-1.137269335346267	18.08024090720112	-718.3946795489654	53.43130655210062	-0.1403899504045039	0.03784120277112919	0.3076081199731418	-1.400460061364491	0.08437064218291561	-0.5511748808834807	1.529395960488353	-2.653537640556315	-2.653537640556156	0.3114640726251697	-0.0146444446258533	-1.247935166264236	-0.2094790702244811	1.560056559957342e-08	-2.381317161242213e-08	-3.503233655200256e-07	3.004971813885188e-08	5.345418920111821e-08	-5.543832386655316e-08	-2.621642270148335e-07
1.29	-0.00330744256515178	0.1086999858277217	0.8684828174352662	0.5399246122524781	-0.2438535175163651	-0.1093661250691687	-0.3715419208716771	0.7340558858153148	0.7340558858150781	0.06925204357768146	0.1745111730049483	0.3695274003459337	0.06885021707903316	-0.01389852335328363	0.0122910760926505	0.1743358806381206	-0.5621824744956067	0.02894090641746984	-0.1977771212119716	0.4422161568892576	-0.9634055861748181	-0.9634055861748437	0.07556008958764643	-1.848904782618556e-05	-0.4336111059467974	-0.09011180332820362	-0.05427653853790743	0.01189245461905781	0.01164209544465253	-0.3402542910434014	-0.06807345313473523	-0.004724932494528163	0.1366538552863575	-29.37427832128388	-65.94527826967783	-10.64069355022639	-1.222230481252381	17.8447216572818	-716.4138674624048	53.38091140824069	-0.1539035901633227	0.03755770771964261	0.2779826246890079	-1.339794951594501	0.07932633541973079	-0.5597779096155905	1.525350301161405	-2.578380082277989	-2.578380082288324	0.3099365643787243	0.006362876925118372	-1.219746822998985	-0.2048034683453963	1.722787156572355e-08	-2.322961797560448e-08	-3.701115782404946e-07	3.95437014733349e-08	5.49516094374956e-08	-5.463665672040313e-08	-2.7865897908022e-07
1.3	-0.003453994980812415	0.1088247801058881	0.8702396723548645	0.5342362430224055	-0.2435600905109115	-0.111371456696516	-0.3670439264657104	0.7242938287722431	0.7242938287718712	0.07002325532018298	0.1745109393267814	0.3651307181867863	0.06793911298842356	-0.01541681841553971	0.01266773256730303	0.1769903551376608	-0.5754185371778797	0.02974304166348033	-0.203275126016028	0.4573576190242157	-0.988897270493304	-0.9888972704933978	0.07868707984371162	-2.903412001291556e-05	-0.4456810752972371	-0.09209196678412421	-0.05219804426807823	0.01089760955197437	0.01140140802462316	-0.3377819789729979	-0.06548485222946816	-0.00527608515904193	0.134337631252967	-29.94615297655454	-65.04751374950219	-10.64425651560458	-1.311454499908808	17.6210365211966	-714.5937900881788	53.35568977217007	-0.1462230607609365	0.03787346211622591	0.2538233043815026	-1.313075133467538	0.08246445080573875	-0.5341114737650565	1.499269622629841	-2.523303632903025	-2.523303632902763	0.3168719729738727	-0.01564030933011529	-1.194784760559852	-0.1894494941129577	1.902271679475469e-08	-2.242854783605504e-08	-3.916432677963438e-07	5.053638908140675e-08	5.6425305299454e-08	-5.300830212709526e-08	-2.96902106575198e-07
1.31	-0.003615827062588571	0.1089533339512002	0.8720217199079324	0.5284176865830128	-0.2432587113307061	-0.1134313324072655	-0.3623953874258118	0.7142801824134379	0.7142801824131246	0.0708259260900776	0.1745106060890567	0.3606146891025526	0.06700867799307088	-0.01695232418270451	0.01304204896900565	0.179373028663465	-0.5882158392718551	0.03053095724784698	-0.2086843327808913	0.4723162409238045	-1.013713579850712	-1.013713579850747	0.08185226189059608	-3.847775669952969e-05	-0.4574766670587215	-0.09397808815844802	-0.0499710271659172	0.009812287838535595	0.01114290177979395	-0.3352554938105939	-0.06268668553810013	-0.005872867138457722	0.1318635841262297	-30.5276645657258	-64.07149395881599	-10.65482424679877	-1.398545541124478	17.36469658850349	-712.5380824042362	53.31454498882555	-0.1576235684409509	0.03707427017451779	0.2235602707528861	-1.25152299797681	0.07665888516747424	-0.5419467078914429	1.48906626872329	-2.443035668694507	-2.443035668685785	0.3170669719992903	0.006271029595681288	-1.164728061242959	-0.185709628074835	2.088697114697939e-08	-2.153736371680243e-08	-4.138972548982792e-07	6.214996845996541e-08	5.788917249201026e-08	-5.103746273425057e-08	-3.158695610338639e-07
1.32	-0.003793096048785461	0.1090856036687252	0.873826208375073	0.522473464072552	-0.2429495122400801	-0.1155448244716739	-0.3575982806078969	0.7040219247447399	0.7040219247444938	0.07166039381066718	0.1745101518990755	0.3559821477652465	0.06605987855017617	-0.01850419929973705	0.01341090700988423	0.1814785379522354	-0.600551751390388	0.0313070237488718	-0.2139983967475418	0.4870711746273772	-1.037819532469514	-1.037819532469491	0.08504646999564557	-5.322457604303293e-05	-0.4689835259122143	-0.09576485629208699	-0.04774401006381271	0.00872696612498617	0.01088439553521735	-0.3327290086482219	-0.05988851884677608	-0.006469649118059991	0.1293895369994682	-31.11818239089809	-63.10504633373597	-10.66367339667674	-1.489787805151136	17.11933348902687	-710.6346992192149	53.29925608390392	-0.1494969307346223	0.03678178995155656	0.1983904569747484	-1.220797138379145	0.08009463413734119	-0.5150829141225769	1.458531983426596	-2.381232285181939	-2.381232285181822	0.3226771846068659	-0.01670094586146081	-1.137038178961358	-0.1695788459759463	2.272391235473235e-08	-2.183879932594337e-08	-4.371191315594794e-07	7.010987953468265e-08	6.046422600947311e-08	-5.262466982497467e-08	-3.328896301812944e-07
1.33	-0.00398596501927632	0.1092215269500871	0.8756503510719559	0.5164082549746901	-0.2426326313522108	-0.1177110063483006	-0.3526547011925404	0.6935262754247378	0.6935262754247687	0.07252696729457796	0.1745095835727634	0.3512360233036596	0.06509368729879711	-0.02006839333645956	0.01377191259719305	0.1833031574765826	-0.6124115835811544	0.03206666547490402	-0.2192215077120822	0.5016001175770519	-1.061182447998161	-1.061182447998207	0.08827380166847017	-6.039451565999796e-05	-0.4801893232735676	-0.0974569739978987	-0.04537446998932632	0.007560422502976524	0.01060678301052605	-0.3301660940985353	-0.05687424520155313	-0.007122106170252797	0.1267665874165809	-31.71672666898657	-62.05967293710754	-10.68514054113773	-1.576439844579804	16.83824170801262	-708.513390291169	53.25873047003814	-0.1597006146515511	0.03549735833718811	0.1674597272722548	-1.156805626827272	0.07350250978947978	-0.5234247741740357	1.44338682057558	-2.294643688154901	-2.2946436881653	0.3235386083823522	0.007280637528568687	-1.104536183337951	-0.1666289700565733	2.454840198191732e-08	-2.268392922302842e-08	-4.607822519903444e-07	7.64041477061781e-08	6.354584976329044e-08	-5.583392751850215e-08	-3.490219207309557e-07
1.34	-0.004194439925036416	0.1093610077703658	0.8774913323695037	0.510226801681431	-0.2423082333334987	-0.1199289192518834	-0.3475671700737197	0.6828008324491538	0.6828008324494593	0.07342596958510685	0.1745089446781751	0.3463794037347387	0.0641110547229229	-0.0216253863536018	0.01412241479324733	0.1848462580852687	-0.6238005904679841	0.03281044991911675	-0.2243446021388008	0.5158615153202218	-1.083778263584763	-1.083778263584878	0.0915322313318027	-6.73382336628634e-05	-0.4910825473795454	-0.09905312119062797	-0.04300492991492154	0.006393878880849095	0.01032917048601642	-0.3276031795488848	-0.05385997155637665	-0.007774563222639322	0.1241436378336505	-32.31939525678196	-61.02449388023037	-10.70504128751729	-1.667169479452911	16.56858644827634	-706.5545708813	53.24607877168543	-0.1480567268187058	0.03468111170079035	0.1420866738425153	-1.126632077591897	0.07692317777340663	-0.4950796065583283	1.405022942125583	-2.227812296773184	-2.22781229677303	0.3288967827084502	-0.01665570153860503	-1.074523527886077	-0.1503847433594195	2.656909184585959e-08	-2.295153531338678e-08	-4.854052952754255e-07	8.510268203057513e-08	6.621453439122159e-08	-5.760487771612251e-08	-3.668091055733952e-07
1.35	-0.004418464644363015	0.1095039359743619	0.8793463267331022	0.5039338861643208	-0.2419764950412753	-0.1221975646245632	-0.342338393742078	0.6718533727258321	0.6718533727259797	0.07435774235646016	0.1745082733526551	0.341415455717872	0.06311292113142392	-0.02317843402855317	0.01446077215449118	0.1861050008918662	-0.6346978520066605	0.03353448206896212	-0.2293656972651782	0.529843950845116	-1.105575442174533	-1.105575442174668	0.09482771262299017	-6.779926504846078e-05	-0.501650414870949	-0.1005569574375807	-0.04050047266267265	0.005132491280465512	0.01003147763777211	-0.3250084629950022	-0.05062178915284482	-0.008478021794134875	0.1213863229620161	-32.92387621188045	-59.90836931771261	-10.73437402370859	-1.754733587722565	16.25690565333073	-704.3941080571353	53.21751401150524	-0.1587603623559694	0.03305888047925151	0.1106142169866238	-1.058576116524903	0.06970927858302826	-0.5027736708419295	1.387383833145172	-2.13494069183897	-2.134940691842163	0.3306171061013802	0.008129680782952443	-1.039413469734964	-0.1479564156334487	2.86878818281805e-08	-2.29303795003818e-08	-5.105082999876145e-07	9.500334943142288e-08	6.867674945620967e-08	-5.865667416578935e-08	-3.854237375622238e-07
1.36	-0.004657986155343795	0.1096501769183993	0.8812124777513503	0.4975345374468975	-0.2416376032185654	-0.1245158507895353	-0.3369712870600959	0.6606920872062599	0.6606920872062343	0.07532261860141928	0.1745075716137761	0.3363475300041001	0.06210023450739885	-0.02472474468441277	0.01478496280152535	0.1870775890152072	-0.6450872305261061	0.03424115601856787	-0.2342727605981409	0.5435275853889527	-1.12654342283471	-1.126543422834867	0.09815292606530004	-7.342090757668397e-05	-0.5118780867610501	-0.1019637276953483	-0.03799601541060484	0.003871103679980244	0.009733784789676986	-0.322413746441182	-0.04738360674935736	-0.009181480365796212	0.1186290080902527	-33.52834844057183	-58.80262929587625	-10.76225877689088	-1.846259254762605	15.95665782246452	-702.3992993995511	53.21837984207557	-0.1467093230004807	0.03184776885900534	0.08485573719121105	-1.025055473745835	0.07345153772544509	-0.4722732478754915	1.345262745914051	-2.061972710854856	-2.061972710854777	0.3348432129329397	-0.01768782376709383	-1.006484407625419	-0.1309715455223455	3.111749640054768e-08	-2.241912496716915e-08	-5.371392595646108e-07	1.076128034418186e-07	7.099611988915259e-08	-5.870142802170824e-08	-4.064141276247859e-07
1.37	-0.004912924515379618	0.1097995821026283	0.8830869261357593	0.4910338574151977	-0.2412917539503802	-0.1268826702402116	-0.3314689081348465	0.6493253405510001	0.6493253405508229	0.07632092519735947	0.174506850100445	0.3311790533190083	0.06107393566674297	-0.02626029346177892	0.01509280021428544	0.1877646899691306	-0.654960914452147	0.0349258180955079	-0.2390736934283275	0.5568906903500539	-1.14665963006101	-1.146659630061274	0.1015118475587254	-6.999444120196864e-05	-0.5217571676385285	-0.1032793829635723	-0.03535936600134377	0.002521543728919631	0.009413991622009212	-0.3198056755370753	-0.04392607403063869	-0.009942732728804825	0.1157442084943319	-34.13087341577832	-57.61961033405402	-10.80402820118361	-1.932926222580781	15.6183889802079	-700.2329346404855	53.1981318028759	-0.1565824937809452	0.02977546842211446	0.05351598861008102	-0.9553475831950482	0.06551564473552067	-0.4813474009906131	1.323207974401843	-1.964509942753051	-1.96450994276921	0.3368630954056572	0.009497547634646367	-0.9695978167867723	-0.1294385285566912	3.371709317059642e-08	-2.163984769634292e-08	-5.646058194582983e-07	1.21703625129311e-07	7.323737216394583e-08	-5.819545545917124e-08	-4.28703760383921e-07
1.38	-0.005183139330923318	0.1099519704091727	0.8849668212725311	0.4844370759980112	-0.2409391496410267	-0.1292969678392672	-0.3258346234393436	0.6377618187806156	0.6377618187803017	0.07735291030374483	0.1745061907849565	0.325913590247348	0.06003496507118563	-0.02778003578619699	0.01538158726461491	0.188166939487783	-0.6643075076246491	0.03559216425477359	-0.2437683902745336	0.5699087394388913	-1.165898445856732	-1.165898445857104	0.1048886281665054	-6.098134303503562e-05	-0.5312753640751138	-0.1044980786751714	-0.03272271659204673	0.001171983777777403	0.00909419845453562	-0.3171976046329759	-0.04046854131195069	-0.0107039850919443	0.1128594088984624	-34.72944473664903	-56.44693168907516	-10.84436063829944	-2.023531617207847	15.29118210530222	-698.231813166814	53.2089771074349	-0.1435480324110172	0.02803769637303469	0.02788545013702069	-0.9196373230381373	0.069788354190538	-0.451026051079488	1.276251571461278	-1.886494424739435	-1.886494424739501	0.3384150358038938	-0.01657049740861996	-0.9343075194465954	-0.1115796341973198	3.646182855225042e-08	-2.103649135470086e-08	-5.939884886146311e-07	1.351350421998163e-07	7.567709673878092e-08	-5.845844250602117e-08	-4.512603164142918e-07
1.39	-0.005468463545239715	0.1101071486729337	0.8868493235693112	0.4777494737017073	-0.2405800022915773	-0.1317576647694532	-0.3200719372214676	0.6260103489813742	0.6260103489810639	0.07841882541020073	0.1745056755459665	0.3205547700533641	0.0589842515050445	-0.0292803767530225	0.01565040637153321	0.188287137682358	-0.6731242822758743	0.03623351539374752	-0.2483486151591708	0.5825642089999981	-1.18424384241071	-1.184243842410854	0.10830093450203	-4.416501404169063e-05	-0.5404258379426611	-0.1056293853659585	-0.02996219658572049	-0.0002700278536378321	0.008751368383094583	-0.3146004564677626	-0.03677777185318985	-0.0115267919676594	0.1098626299447236	-35.3219472150656	-55.1944330750657	-10.89998231048539	-2.108807381500998	14.91949668711412	-696.0925379541195	53.19955545728457	-0.152612364341992	0.02577099948777655	-0.002882216691376412	-0.8493990315716796	0.06071175948161843	-0.4581171217818251	1.250550377811317	-1.785819615145186	-1.785819615111041	0.343540406707828	0.01050399123244409	-0.8959809858517023	-0.1116999879418025	3.929317891179798e-08	-2.053812008370095e-08	-6.245146423309308e-07	1.481729436117978e-07	7.823526446041527e-08	-5.918032480363428e-08	-4.739761653645945e-07
1.4	-0.005768658216326959	0.1102649085240916	0.8887316340038751	0.4709763633598201	-0.2402145607776041	-0.1342634832314083	-0.3141846251621005	0.6140799737476864	0.6140799737474089	0.07951904397479111	0.1745052677289434	0.3151063323876177	0.05792266611170894	-0.03075412714079632	0.0158979047439721	0.188128567044606	-0.6814091167433677	0.03685099716198602	-0.2527926966288528	0.5948339077361322	-1.201679532741416	-1.201679532741332	0.1117493198088194	-3.949695788874357e-05	-0.549198858427923	-0.1066724441136458	-0.0272016765793291	-0.001712039485126038	0.008408538311959141	-0.3120033083025548	-0.03308700239445611	-0.01234959884349183	0.1068658509910594	-35.90620879351604	-53.9523310288005	-10.95419341098065	-2.197998522089569	14.55871877035368	-694.119758372856	53.22290248820333	-0.138229916600833	0.02377354947731363	-0.02786831632838964	-0.8132492862918732	0.06501448004341009	-0.4237973680884873	1.199097406466738	-1.704553180085086	-1.704553180085074	0.3456308300568759	-0.01900015197668426	-0.858816842989374	-0.09393004557729424	4.209492223053403e-08	-2.016338105298386e-08	-6.544929219902774e-07	1.608113056898253e-07	8.085633012764147e-08	-5.981168457844056e-08	-4.958806486420244e-07
1.41	-0.006083470642863397	0.1104250347075122	0.8906109755128701	0.4641231021587899	-0.2398430755360518	-0.136813124279746	-0.3081765663104767	0.6019798517036653	0.6019798517037672	0.0806539189938153	0.1745049140710922	0.3095720797418038	0.05685108036018532	-0.03220421053690135	0.01612335622493176	0.1876945677913427	-0.6891510154571731	0.03744293839155489	-0.2571157072846871	0.6067098663175452	-1.218187055210041	-1.218187055209902	0.1152277696818762	-3.178336290873928e-05	-0.5575853906864228	-0.107628241180055	-0.02432899471808554	-0.003258324577115278	0.008040294165144821	-0.3094206557872977	-0.0291746951908701	-0.01322502035869183	0.1037727695329679	-36.47996075785728	-52.63481378837899	-11.01946956059228	-2.283804565713383	14.15349318209173	-692.0295013321338	53.23731342054495	-0.1477750686241663	0.02135151471278885	-0.05795289853080299	-0.7408458357495492	0.05578628841929164	-0.433529823559321	1.171645643205698	-1.600187858182937	-1.600187858174599	0.349178357219887	0.01059051539714329	-0.8186176370273709	-0.09402237616121124	4.48774209727426e-08	-1.98690029784506e-08	-6.841150835126047e-07	1.731899672007829e-07	8.351827945950239e-08	-6.03842047134224e-08	-5.17257744232087e-07
1.42	-0.006412659406859937	0.110587299519204	0.8924846195955911	0.4571951848362569	-0.2394657704134161	-0.1394053908164817	-0.3020517877611921	0.5897193872193522	0.5897193872198561	0.08182362376978684	0.1745046242292534	0.3039559525294558	0.05577041307019837	-0.03362939463337028	0.01632563039822863	0.1869890817898752	-0.6963403410439656	0.03801497338136012	-0.2613177943096584	0.6181778472680328	-1.233748020795935	-1.23374802079574	0.118715271206537	-2.67337614629492e-05	-0.5655737717348044	-0.1084887518060044	-0.02145631285685138	-0.004804609669113822	0.007672050018524663	-0.306838003272057	-0.02526238798729006	-0.01410044187390917	0.1006796880748728	-37.04089651537833	-51.32777736979136	-11.08342662705085	-2.373423768764236	13.75903338939782	-690.1074467623921	53.28601640063453	-0.1332500566737508	0.01913808794491398	-0.08216566596922531	-0.7027346608893846	0.0610332320906548	-0.3996126419159275	1.117501880281611	-1.515241803538999	-1.515241803539	0.3474411603776977	-0.01953295068352694	-0.7791866009656034	-0.07487275748529884	4.79680727868324e-08	-1.944672794178398e-08	-7.170915248989523e-07	1.86691909928083e-07	8.634676719555973e-08	-6.094693588859859e-08	-5.409099459820899e-07
1.43	-0.00675598473960798	0.1107514661089853	0.8943498673916795	0.4501981634209649	-0.2390828762673661	-0.1420391129553311	-0.2958144125899706	0.5773080935138988	0.5773080935142133	0.08302829918335243	0.1745044466308426	0.298261943885927	0.05468157241983674	-0.03503142235656329	0.01650308739737649	0.1860170513705474	-0.7029694226997467	0.03855976890400009	-0.2654059479578023	0.6292233014772621	-1.248348195334912	-1.24834819533469	0.122222681567183	-8.662727462063494e-06	-0.5731597405353909	-0.1092645372447563	-0.01846031944566153	-0.006437666106709922	0.007275683865615057	-0.3042974564876298	-0.02110689796009699	-0.01505277484974925	0.09748434800393596	-37.58663202368958	-49.94071044623333	-11.17060205918152	-2.454968259310889	13.32081817983513	-688.0856589503315	53.30460755379332	-0.1430412398046255	0.01637759677817485	-0.1112479873198488	-0.6288188783011288	0.05055564310212068	-0.4102549644290736	1.086984366248463	-1.408037077868342	-1.408037077864216	0.3527262032192236	0.01251674091556347	-0.738056572939038	-0.07680064880302466	5.127655694483827e-08	-1.893404298360929e-08	-7.524390951546938e-07	2.009878962738321e-07	8.929298035527316e-08	-6.15027472818432e-08	-5.661704124313609e-07
1.44	-0.007113202771516409	0.1109172728869338	0.8962040896320935	0.4431376863970555	-0.2386946635799519	-0.144713084278291	-0.2894687994416513	0.5647556717032871	0.5647556717034403	0.08426811574641355	0.1745044576648481	0.2924941246437247	0.05358540007274005	-0.03640793446627699	0.01665366803168363	0.184783970655043	-0.7090314627706793	0.03907868165668838	-0.269367631132557	0.6398254426866761	-1.261973641825539	-1.261973641825289	0.1257435011002788	1.099272548222516e-05	-0.580335891469329	-0.109955091152823	-0.01546432603435012	-0.008070722544267382	0.006879317712630274	-0.30175690970316	-0.01695140793288343	-0.01600510782552753	0.0942890079330912	-38.11476893090813	-48.5641856775397	-11.25639671990469	-2.540418508604219	12.89315340790828	-686.2337416972646	53.3594104839312	-0.1281469339780218	0.01376281497692533	-0.1343757252045393	-0.5893263439197489	0.05585667810031228	-0.3743185472381043	1.028839280318486	-1.320296193868969	-1.320296193868977	0.3501229948677138	-0.01921606689486615	-0.6972230276357497	-0.05782645134822036	5.455287896089679e-08	-1.842404990697481e-08	-7.866954466674648e-07	2.145177330584254e-07	9.207666752994657e-08	-6.178212644023406e-08	-5.897387216155005e-07
1.45	-0.007484043266647714	0.1110844521252522	0.8980446949057563	0.4360194294084336	-0.2383014121810492	-0.1474260526161967	-0.2830194333614214	0.5520719362308023	0.5520719362306972	0.08554324071365402	0.1745047115055555	0.286656629077218	0.05248272731188895	-0.03775374517211479	0.01677756305427059	0.1832956336167698	-0.7145245084412492	0.03956726285708718	-0.2732016116051721	0.6499675369393623	-1.274603956897221	-1.274603956897117	0.1292837194266087	3.744096175015748e-05	-0.5870906101565901	-0.1105645034403449	-0.01235794394177596	-0.009838273218639934	0.006453963256704219	-0.2992625923891211	-0.01254527171701888	-0.01700679541589976	0.0910061411449154	-38.6228519744828	-47.10364200103284	-11.34955803229532	-2.623959720416619	12.40923889454064	-684.2856807837863	53.41805713952301	-0.1368347078736838	0.01102954849316673	-0.1622926381897547	-0.5149815711774067	0.04467063200362799	-0.384208911535093	0.9948590346153674	-1.208986653904149	-1.208986653926214	0.356201637651922	0.0132516577154687	-0.6536904504149526	-0.06035783732769741	5.780450504653146e-08	-1.791612381080871e-08	-8.201138980740265e-07	2.274592764299885e-07	9.47355579661071e-08	-6.18492451325765e-08	-6.120076957567714e-07
1.46	-0.00786814918262865	0.1112527356543153	0.8998691708200264	0.428849104384616	-0.2379034126119511	-0.1501766149816803	-0.2764710534312851	0.5392669801095499	0.5392669801092391	0.08685381394135848	0.1745051651064407	0.2807537674916092	0.05137438858418748	-0.03906101863744977	0.01687452618061921	0.1815580987764877	-0.7194450698138949	0.0400283156972334	-0.2768864366482594	0.6596282126669064	-1.286217771572358	-1.286217771572401	0.1328331531983944	5.094475112462871e-05	-0.5934090952895941	-0.1110882845228076	-0.009251561849061096	-0.01160582389297688	0.006028608801050184	-0.296768275075055	-0.00813913550113589	-0.01800848300622214	0.08772327435684776	-39.10843390668586	-45.65366087415082	-11.44147611037296	-2.711231817290421	11.9356317786884	-682.5082627778528	53.51421450980729	-0.1204394858775875	0.008376435729408232	-0.1842152856062857	-0.4748294843350078	0.05035100604978617	-0.3444874613324889	0.932555575290077	-1.116996114560252	-1.116996114560246	0.3519660839589186	-0.02180495627360975	-0.6099763167841209	-0.04070021033633517	6.146437646901267e-08	-1.660062973497507e-08	-8.552230285763406e-07	2.444046252543363e-07	9.703751815202256e-08	-6.000586958160356e-08	-6.378009544880138e-07
1.47	-0.008265128250807543	0.1114218408897501	0.9016750482119925	0.4216324576026181	-0.237500981259619	-0.1529632877465827	-0.2698285560931247	0.5263510217293249	0.5263510217290591	0.08820000375190194	0.1745057443359116	0.2747899054703355	0.05026118303614719	-0.04032900415713658	0.01694040031432908	0.1795778374730545	-0.7237827439786921	0.04045212067356189	-0.2804207602969074	0.668783818384088	-1.296796623772287	-1.296796623772454	0.1364077367412792	6.242907262929987e-05	-0.5992885433409757	-0.1115399943048226	-0.006029507440691927	-0.01344591077803836	0.00557205244247467	-0.2943118947657801	-0.003524821372213415	-0.01910091651130413	0.08434612529970734	-39.56903947480278	-44.13678160807557	-11.5658968654928	-2.787833365289628	11.43344400300163	-680.648849405242	53.56476909891364	-0.1291087721360479	0.004794812522318738	-0.2108738621390909	-0.3980066386952918	0.03747999424953369	-0.353727959687164	0.8939475826993678	-1.001751140206945	-1.001751140225557	0.360531858510077	0.01228911434957342	-0.5656988095206316	-0.04559135760553244	6.546445233886601e-08	-1.461216234275179e-08	-8.91741058325115e-07	2.646864786226714e-07	9.904203646273379e-08	-5.657041549453442e-08	-6.665311170442328e-07
1.48	-0.008674613311600321	0.1115914252485882	0.9034599345290388	0.4143754800277556	-0.2370944949073634	-0.1557844683765823	-0.2630971257952372	0.5133345905535769	0.5133345905533983	0.08958200487171125	0.1745063712062204	0.268769495016505	0.04914382339119265	-0.04156221716172111	0.01697035086126001	0.1773598837925425	-0.7275112283892313	0.04083931568286526	-0.283788009667796	0.6774148046119471	-1.306312330672123	-1.306312330672413	0.1399954150464307	6.04729136113187e-05	-0.6047187818005716	-0.1119191039056931	-0.00280745303224914	-0.01528599766301422	0.005115496084006484	-0.2918555144564821	0.001089492756744487	-0.02019335001626188	0.08096897624260432	-40.00289855534874	-42.63009420276337	-11.68887197245099	-2.868355194690439	10.94032612918933	-678.9554457915062	53.65458739885124	-0.1134849828572358	0.001191718373758926	-0.2317537610220255	-0.3529915334835134	0.04302901264477695	-0.3110726057805261	0.8276316774255973	-0.9043670545416109	-0.9043670545415308	0.3545850364122922	-0.02449305237820879	-0.520134398426822	-0.02618017410739161	6.917997846312539e-08	-1.140913162113328e-08	-9.237525909837373e-07	2.860845158650108e-07	9.958943409975625e-08	-4.762527320521402e-08	-6.934131229380021e-07
1.49	-0.00909614658499216	0.1117611296474234	0.9052214927660329	0.4070841537754234	-0.2366843116096019	-0.1586386395070545	-0.2562821597988717	0.5002283639563115	0.5002283639562269	0.09099986309542756	0.1745070377158776	0.2626970683826315	0.04802306071317089	-0.04273691439190806	0.01696406106840656	0.1749142119834873	-0.7306463176601903	0.04119446613678213	-0.2870325061700249	0.6854857316700249	-1.314741013115476	-1.314741013115562	0.1435625342280323	8.209455705404786e-05	-0.6096835222194014	-0.1122147317181233	0.0004933239700213479	-0.01727524012050562	0.004625902663393913	-0.2894334867032972	0.005892528648137226	-0.02131370837571512	0.07753333416304552	-40.40957684587763	-41.05997784309665	-11.81171794195171	-2.950212127050667	10.40254146043124	-677.1967199018004	53.76604133027399	-0.1183330260403181	-0.002489815576786025	-0.2566119958510948	-0.2776132067121905	0.03128582107075437	-0.3289999897481094	0.7829237712618158	-0.7833373596565139	-0.7833373596261016	0.3556040000683816	0.01692398487482012	-0.4721737558859788	-0.02856232135688157	7.263831539425176e-08	-7.108322505638335e-09	-9.516909435801067e-07	3.084914116088538e-07	9.881981882017545e-08	-3.370022042539734e-08	-7.186246795407114e-07
1.5	-0.009529201017265832	0.1119305810508375	0.9069574666639355	0.3997647075138397	-0.2362706712554425	-0.1615248279660125	-0.2493892644216699	0.4870436068305292	0.4870436068305726	0.09245295823929903	0.1745082072843455	0.2565774883661117	0.04689988010971634	-0.04386644893976694	0.01691975177705698	0.1722430159742829	-0.7331352302435776	0.04153072696287075	-0.2901914753643983	0.6930006807786115	-1.322018436375803	-1.322018436375686	0.1470427990509874	0.0001610846872701149	-0.6141494583292237	-0.1124026889923905	0.003794100972441155	-0.01926448257785955	0.004136309242458511	-0.2870114589500248	0.01069556453959494	-0.02243406673496198	0.07409769208356703	-40.78798278561801	-39.49838590406369	-11.93314127118421	-3.035625853221304	9.870744570680195	-675.578148339296	53.9158576561391	-0.1044524463917188	-0.006412181325338552	-0.2768586010518702	-0.2237561959692489	0.03925108707917073	-0.2939671442093311	0.7164360875273708	-0.6741152179366866	-0.6741152179366473	0.3372141646830035	-0.0130193550236108	-0.4203735366251702	-0.004646066474765153	8.331396141458895e-08	2.271366774236371e-08	-9.237591493351312e-07	4.615762932301994e-07	8.178020206207852e-08	7.456975818232971e-09	-8.165289513167929e-07
1.51	-0.009973173444066705	0.1120994134841182	0.9086656630797239	0.3924232504817379	-0.2358540836717838	-0.1644409040754106	-0.2424242393051918	0.4737915671432467	0.4737915671431848	0.09394160903461293	0.17450956941072	0.250415590530098	0.04577486720625221	-0.04492168285041136	0.01684077960545049	0.1693618021599688	-0.735046400038836	0.0417816606427853	-0.2930041120487493	0.6999042127041822	-1.328193590611486	-1.328193590611413	0.1506748884754089	0.0001165291787414511	-0.6181440901540977	-0.1125835873531982	0.007284565106873501	-0.02138337313715549	0.003611708489925324	-0.2848793956165159	0.01598553791529625	-0.02370625970978171	0.07053138949472341	-41.13717667477096	-37.78853595101921	-12.10263809417347	-3.104133573436809	9.244933862033855	-673.9806196894458	54.01059797535792	-0.105095360497182	-0.009526664987560857	-0.2989004747234518	-0.1583191011293427	0.01732496582891578	-0.2718206484077795	0.6622922730601414	-0.5598509972232051	-0.5598509972299447	0.374292702823479	0.0007483430351660986	-0.3760895914491486	-0.02238698729743262	1.01062570342353e-07	7.754641550022352e-08	-8.410746111856359e-07	7.42725601011502e-07	4.879598385503526e-08	7.530167265640152e-08	-9.856720839627815e-07
1.52	-0.01042750550938333	0.1122672788097008	0.9103440178167483	0.3850659774057489	-0.2354351246598471	-0.1673844882952316	-0.2353931827638548	0.4604836488194298	0.4604836488193128	0.09546619799857983	0.174510670380345	0.2442163300586267	0.0446485302658982	-0.04593837664494361	0.01672633023745302	0.1662746802215505	-0.7362984390271249	0.04200501261790407	-0.2956930974474783	0.706206965749273	-1.333194163680732	-1.333194163680704	0.1542304327598842	0.0001088533423199964	-0.6216219854201945	-0.1126674963705487	0.01077502924152911	-0.02350226369633189	0.00308710773723198	-0.2827473322829054	0.02127551129106108	-0.02497845268442506	0.06696508690602335	-41.4564844402729	-36.0848027749271	-12.27009599182134	-3.1765191938637	8.612597449822299	-672.4923665820224	54.16521150027143	-0.09674442316938565	-0.01350762060342342	-0.3180402258727057	-0.09193003457538483	0.03373474612005633	-0.2692368870848404	0.5962803114313607	-0.4391989846495009	-0.4391989846494684	0.3219051366937621	-0.005643420602237596	-0.3170262248696761	0.01475180221673598	1.114752125836965e-07	1.065868409431457e-07	-8.172764400203654e-07	8.906511571296053e-07	3.248388508393737e-08	1.180421207897183e-07	-1.083906613204126e-06
1.53	-0.01089166310440838	0.1124338044266958	0.9119905318279562	0.3776992762323306	-0.2350141150663839	-0.1703543026268124	-0.2283022716874289	0.4471315137660032	0.4471315137658857	0.09702606301650993	0.1745118471794177	0.2379848207392493	0.04352177007101608	-0.0468829905915556	0.01657064349990201	0.1629972999577939	-0.7369319777562565	0.04218764560003969	-0.2982347269416382	0.7118700710091763	-1.337033072134807	-1.337033072134681	0.1577401654360753	0.0001230033001763629	-0.6245945026980517	-0.1126746226433854	0.01422867764349726	-0.02578290003387354	0.002579551469445194	-0.2805402942285791	0.02641038745380932	-0.0262532362120195	0.0634324691470337	-41.74547445892011	-34.43613003727418	-12.44692869837103	-3.248998420436746	8.051813705970618	-671.0630753773797	54.33234174308925	-0.09178755386719908	-0.01781472203052033	-0.3371816937598567	-0.03258166148250578	0.009209551135030986	-0.2412174756751168	0.5355488542258429	-0.3262936450725509	-0.3262936450580567	0.3650946955227636	0.004566009823864191	-0.2745410209302394	-0.006988618822485798	1.140933902207183e-07	1.082229239264468e-07	-8.560450337758331e-07	8.970264771055608e-07	3.388591321353123e-08	1.341093046741304e-07	-1.106800751328036e-06
1.54	-0.01136496037358048	0.1125985300719753	0.9136033530830995	0.3703295364977581	-0.2345915427477147	-0.1733484515523609	-0.2211578849142095	0.4337469782542165	0.4337469782540777	0.09862094283384121	0.1745130898391044	0.2317261509387545	0.04239522985804881	-0.04776631147660029	0.01636633589434777	0.1595361290086762	-0.7369061512614283	0.04231755765713777	-0.300560016239523	0.7169021051073112	-1.339674255360325	-1.339674255360102	0.1612333926098941	0.0001220254918134197	-0.6270540816433673	-0.1126234999877656	0.01768232604555614	-0.02806353637136294	0.002071995201032057	-0.2783332561741634	0.0315452636165909	-0.02752801973952743	0.05989985138809986	-42.00398499374947	-32.79154909948983	-12.62186714141646	-3.324762336797843	7.480383415435183	-669.7124207736291	54.55614324361468	-0.08448581085601954	-0.02323179420398296	-0.3547983629449278	0.03994301021653312	0.02319056111260134	-0.22596884782979	0.4700660790776276	-0.1996539389382638	-0.1996539389382761	0.3186040362192893	-0.008668973846154497	-0.2144385583612607	0.0264015879081024	1.193595268696977e-07	1.122688568116698e-07	-9.158704026884715e-07	9.222601216906852e-07	3.600952928390535e-08	1.547717725275968e-07	-1.154063667313162e-06
1.55	-0.01184666677085347	0.1127609881302868	0.9151807100655055	0.3629631030395614	-0.2341679801948558	-0.1763649119287448	-0.2139665091039853	0.4203418897876519	0.4203418897876102	0.1002507157389514	0.1745143621737587	0.2254454146079799	0.04126943621749705	-0.04856693050931749	0.01611831749813808	0.1559082882261589	-0.7362679516723937	0.04238761992151921	-0.3026995202180484	0.7212648839824471	-1.341139623294997	-1.341139623294965	0.1647093060292099	0.0001305319498175796	-0.6290030258815575	-0.1125217338928039	0.02129486429938057	-0.0304868103891699	0.001543266179654817	-0.2764859451597368	0.03716254931367961	-0.02898934816839446	0.05627310503668208	-42.23208759934692	-31.00758156582848	-12.86301521600662	-3.379005892889102	6.822375153317059	-668.4839290741894	54.70836669618675	-0.07663506000320071	-0.02662248137155237	-0.3707847929684158	0.09265868411818828	-0.002119146280443645	-0.2028877313481018	0.4031578484762487	-0.08943248265591132	-0.08943248268449935	0.3602355263997451	0.005488863999989369	-0.171578186222784	0.004040881009350847	1.276765728150629e-07	1.190913558882375e-07	-9.999568386300228e-07	9.692218359341987e-07	3.896454015561324e-08	1.807288066932341e-07	-1.229403653442731e-06
1.56	-0.01233613638054761	0.1129207588808277	0.9167209870686731	0.3556064316274369	-0.2337439236604172	-0.1794017566566163	-0.206734750693659	0.4069282567894209	0.4069282567894101	0.1019148778847495	0.1745156952544684	0.2191478976688878	0.04014505559003948	-0.04931895396300635	0.01582887434022455	0.1521201331610426	-0.7349537420485309	0.04241635397063319	-0.304636886535922	0.7249786251273611	-1.341383161706639	-1.341383161706796	0.1681112407129989	0.0001341747428871238	-0.630410203306742	-0.1123408973690773	0.02490740255321132	-0.03291008440696135	0.00101453715739701	-0.2746386341452284	0.0427798350107839	-0.03045067659722382	0.05264635868526305	-42.43013010393344	-29.22544048853984	-13.10128965095819	-3.437355899125729	6.147772327434035	-667.3014624605272	54.91947962590915	-0.07476669505043124	-0.03151674654468477	-0.3868612194647249	0.175145017182081	0.01492491805916916	-0.1855413156993896	0.3402585330331862	0.04471196566774175	0.04471196566774101	0.3038082891138929	-0.009641706833107408	-0.1060851957600309	0.04221567366112186	1.352618756903603e-07	1.256831624366611e-07	-1.075235629265231e-06	1.011832241405965e-06	4.114003276378281e-08	2.079017321204494e-07	-1.296558318793756e-06
1.57	-0.01283271835996329	0.1130774293415505	0.918222650265397	0.3482659973984645	-0.2333198550263043	-0.1824569882027984	-0.1994693041748315	0.3935181537277762	0.3935181537277745	0.1036128233885277	0.1745170706285624	0.2128389518032973	0.0390227831090891	-0.0499881754115297	0.01549768229057557	0.1481893816597246	-0.7330188261565281	0.04238761387979482	-0.3063700934617517	0.727998165010435	-1.340428480390149	-1.340428480390169	0.1714674527905262	0.0001367290150956223	-0.6312866238706526	-0.1121029881084029	0.02856831245972889	-0.03551654217292471	0.0004771479100536929	-0.2729701757706476	0.04853233986710376	-0.03199148966619603	0.04900177690986558	-42.59868545948998	-27.413273183419	-13.37104423135801	-3.488153719606595	5.479427024812295	-666.2679794428902	55.11927303397131	-0.06160120325205196	-0.0350421545740211	-0.3996001711278784	0.2198188150044075	-0.01317512041653543	-0.1611220887252717	0.2659246717879113	0.1521625947995069	0.152162594820177	0.3498886213343233	0.004758230399428628	-0.06454581715633423	0.01611111891843738	1.41932499728073e-07	1.319866033249047e-07	-1.139504863267513e-06	1.049003510913048e-06	4.234112754252949e-08	2.365945216246371e-07	-1.353481333171603e-06
1.58	-0.01333571282055305	0.1132305635376969	0.9196843223359747	0.3409483431163866	-0.2328963541226428	-0.1855283341597846	-0.1921770376660008	0.3801238607553208	0.3801238607553467	0.1053440032039426	0.1745183823926152	0.2065240166659777	0.03790319623407554	-0.05060145020001872	0.01512162142495677	0.1441219079318462	-0.7303977526727345	0.04230280787850039	-0.3078597686955979	0.7303426231272373	-1.338221143867261	-1.338221143867142	0.1747581030385414	0.0001214527333701878	-0.6316080576525537	-0.1118037761818174	0.03222922236631037	-0.03812299993888148	-6.024133727616827e-05	-0.2713017173960449	0.05428484472343146	-0.03353230273515868	0.04535719513451941	-42.73858095046744	-25.60043521880221	-13.63740774385908	-3.543232120645007	4.787624722937332	-665.2439715137931	55.37787120796219	-0.06357736304363305	-0.04049050973860065	-0.4142056647767952	0.3123765355402246	0.003711735967985576	-0.1368349773026967	0.2052421797788432	0.2952430069473859	0.2952430069473889	0.2906959232113963	-0.01320781761990977	0.004912160641866264	0.05447620684339256	1.48845642382343e-07	1.379526928017778e-07	-1.208020231710169e-06	1.084983220722175e-06	4.397070296287317e-08	2.667298947772529e-07	-1.410715848975145e-06
1.59	-0.01384436677634247	0.1133797206602203	0.9211047099470973	0.3336600058191499	-0.2324740224356028	-0.1886134906477321	-0.1848649575381335	0.3667577587486398	0.3667577587486227	0.1071078048722101	0.1745195532070248	0.200208591056002	0.03678685711687005	-0.05111745815918963	0.01470222897380278	0.1399365356631064	-0.7271540017818471	0.04215385601699864	-0.3091314580548111	0.7319528456161003	-1.334782256035786	-1.334782256035745	0.1779851247767321	0.0001106464497576833	-0.6313797335451389	-0.1114521757892402	0.03598457939379261	-0.04090951705723075	-0.0006214995901362565	-0.2699375245131992	0.06031845916468458	-0.03520058425250929	0.04166240038387289	-42.8508536117117	-23.71492852222474	-13.9505965124549	-3.586059240247179	4.071951007504343	-664.4078389414893	55.60406038224906	-0.04382243864947479	-0.04379022870829499	-0.4235012124792215	0.3477424029471073	-0.02559644644070681	-0.1161199829751561	0.1208287589646331	0.4007298052590511	0.4007298052473198	0.3360470524968679	0.004868184688710766	0.046417529758103	0.02720813848594368	1.560879174447978e-07	1.434609482203622e-07	-1.282298211179048e-06	1.119345813798362e-06	4.618178782538419e-08	2.988230600241637e-07	-1.468373116713559e-06
1.6	-0.01435782279697291	0.1135244585350511	0.9224826841946207	0.3264075796382495	-0.2320534598270216	-0.1917101208428248	-0.1775403918902704	0.3534325492470769	0.353432549247026	0.1089033451085886	0.1745205930022618	0.1938983736858927	0.03567437524019482	-0.05156186317020895	0.01423777188644836	0.1356392352120492	-0.723215529407612	0.04194899218622118	-0.3101545101237992	0.732839727125939	-1.330042642843849	-1.330042642843886	0.181105816649879	9.524890297376632e-05	-0.6305664096790503	-0.1110323280758222	0.03973993642131814	-0.04369603417554126	-0.001182757843094234	-0.2685733316303192	0.06635207360595982	-0.03686886576980532	0.03796760563324632	-42.93677068799722	-21.82606173049856	-14.25965503653907	-3.633591214925711	3.324966622841869	-663.5423458977912	55.88879070176403	-0.04925677341335049	-0.0495034369786545	-0.4365913012402735	0.4513208322097182	-0.007470657887115083	-0.08710751925769855	0.06057398397397556	0.5553880790396766	0.5553880790396823	0.2694299502025675	-0.01412607025418796	0.1219121123766263	0.06812567101156769	1.630950060796768e-07	1.478773690457905e-07	-1.355355044532323e-06	1.148651803961032e-06	4.885974282577693e-08	3.285263126267299e-07	-1.520798259768926e-06
1.61	-0.01487521311402002	0.1136643354959982	0.9238171954320556	0.3191977249337545	-0.2316352866929927	-0.1948158451025822	-0.1702107667140324	0.3401610870045489	0.3401610870045401	0.110729658859013	0.1745215522335632	0.1875991507087221	0.03456635401391395	-0.05190261235194285	0.01373019283495077	0.1312482508190504	-0.7186399618035407	0.0416725456177361	-0.3109433653903571	0.7329593467542324	-1.324028514462654	-1.324028514462607	0.1841423270833692	9.3308515980141e-05	-0.6291784336107847	-0.110563834777575	0.04356760035906279	-0.04667501880707161	-0.001772818219049177	-0.2675233024157746	0.07262230995271375	-0.0386510911580388	0.03424476487008461	-42.99766576818033	-19.88159024385296	-14.61109874096822	-3.671354986197059	2.571324267574391	-662.9172997512251	56.15169095404911	-0.02443947126431388	-0.05248839926589294	-0.4424920598206465	0.4780039409240311	-0.03965541816810972	-0.06751015072676324	-0.03123825277689033	0.6575841253571599	0.6575841253696274	0.318462405913139	0.006484809179351613	0.1622307193087363	0.03733152026038108	1.697551947338818e-07	1.506833338463138e-07	-1.426610687365081e-06	1.170499304826263e-06	5.222633127954522e-08	3.547044440788877e-07	-1.565506018916796e-06
1.62	-0.0153956020190179	0.1137989160144241	0.9251073688152621	0.3120370917485863	-0.2312202627770174	-0.1979280050390791	-0.1628837241825171	0.3269563978273894	0.3269563978274044	0.1125858778770095	0.174522434627361	0.1813168055652855	0.03346324179282132	-0.05216158076213023	0.01317848338221416	0.1267716643663478	-0.7133712255427552	0.04131914857569428	-0.311441645471786	0.7323231981811616	-1.316688029773547	-1.316688029773417	0.1870868701565003	7.988141304351033e-05	-0.62719084293223	-0.1100505270381678	0.04739526429678138	-0.04965400343860302	-0.002362878595228776	-0.2664732732012111	0.07889254629947019	-0.04043331654627034	0.03052192410690001	-43.03427265379972	-17.93162853149148	-14.95779181718712	-3.71420511886486	1.779320642056604	-662.232781588119	56.47249732547473	-0.03290061910407192	-0.0583295172264463	-0.4537117131810156	0.5899545635525228	-0.02286075259842243	-0.02899248223196806	-0.09057965629880434	0.8206593406218445	0.8206593406218444	0.251036478130673	-0.01642341344277619	0.2418350344344535	0.07708855924363019	1.761097273543494e-07	1.520774863024665e-07	-1.496562854511687e-06	1.185955499902109e-06	5.625895303607635e-08	3.769851825955003e-07	-1.603712144465714e-06
1.63	-0.01591808629246549	0.1139277669948119	0.9263524101815632	0.3049324309234838	-0.2308091591877374	-0.201043881713009	-0.1555669511803422	0.313831636059912	0.3138316360599298	0.1144710281726027	0.1745232572332959	0.1750572990604651	0.03236549303754255	-0.05232093719372088	0.01258452908888621	0.1222265375134739	-0.7074447870951523	0.04088951685342745	-0.3116823397663096	0.7309001438867531	-1.308040254707184	-1.308040254707157	0.1899208991473261	7.920036497964696e-05	-0.6246077003882601	-0.1094891696466344	0.05131045455057925	-0.05282158603341255	-0.002994413114268918	-0.2657899494101341	0.08544186092395024	-0.0423424525806118	0.02676367174041875	-43.04710455370586	-15.91556096781274	-15.35029445401979	-3.74716193514396	0.9775460171380606	-661.8298059754966	56.77035459122941	-0.005297869695179605	-0.06099300489915734	-0.4563432369960476	0.6114219473473036	-0.05480227658056384	-0.01368009715815725	-0.1878570710303175	0.9204098011331101	0.9204098011175347	0.2961161148449732	0.007506293128937626	0.2819967807486245	0.04705521472881316	1.819736016048701e-07	1.512053084163407e-07	-1.564422600162099e-06	1.191151967263415e-06	6.136073351546346e-08	3.930095798208432e-07	-1.631481437132103e-06
1.64	-0.01644173307312313	0.1140504655083638	0.9275517142662038	0.2978905211752655	-0.2304027094945948	-0.2041605797687005	-0.1482683464721099	0.3008000666853691	0.3008000666854115	0.1163838247590688	0.1745239523775562	0.1688267125643599	0.03127363703330292	-0.05239408220565593	0.01194799001503614	0.1176242080343023	-0.7008210101682226	0.04038836934958868	-0.3116059218246621	0.728689539391599	-1.298049551181241	-1.298049551181317	0.1926161283496263	5.438906159759346e-05	-0.6214068411894772	-0.1088719768302829	0.05522564480442114	-0.05598916862826479	-0.003625947632998383	-0.2651066256190877	0.09199117554841107	-0.0442515886150146	0.02300541937399709	-43.03670683100324	-13.89280967509914	-15.73749662966638	-3.785682100268393	0.1322455042175295	-661.3516827533349	57.12572807670853	-0.01565833517298824	-0.06684647333087186	-0.4651522384405429	0.7294222594178669	-0.03716390891280091	0.03442996500217733	-0.2480896964479222	1.089245032537646	1.089245032537717	0.2232765204254764	-0.02124946450640742	0.365378365397003	0.08825564420726716	1.872731206057572e-07	1.49816694720889e-07	-1.626586224320806e-06	1.192200328249208e-06	6.616241908450725e-08	4.084221089658672e-07	-1.652818888803932e-06
1.65	-0.01696559307878855	0.1141665959105454	0.9287047692542877	0.2909181555353257	-0.2300016258044102	-0.2072751510115762	-0.1409959120893084	0.2878750188808764	0.2878750188808941	0.1183228133094997	0.1745244528455996	0.1626311933035227	0.0301882451298576	-0.05236247435828603	0.01127135022402417	0.1129812835919141	-0.6935355707494494	0.03981598950773563	-0.311256174459783	0.725660803250282	-1.286731944642452	-1.286731944642503	0.1951532382287003	4.363475072742518e-05	-0.6175910117339909	-0.1081959714798426	0.05922188843220351	-0.05935553341394865	-0.004308514227822667	-0.264796930077951	0.09881635004099765	-0.04628090160676509	0.01921833794999727	-43.00363924993117	-11.80539108254397	-16.16666495136596	-3.816259116287241	-0.7201847241812686	-661.1663470045615	57.46583563701164	0.01488999912396703	-0.06906911225409043	-0.4646020096750645	0.7455960120983682	-0.06913262942813904	0.04329811583611119	-0.3507456606582405	1.18718934235679	1.187189342360457	0.2645341438441716	0.008916811110037663	0.4056154432821638	0.05870756081396212	1.915850179197854e-07	1.475243183591171e-07	-1.678781635869024e-06	1.185989503077852e-06	7.043893856044998e-08	4.227638689703326e-07	-1.66290061873528e-06
1.66	-0.01748867307508817	0.1142757606387634	0.9298112471054397	0.2840221425353787	-0.2296066374341796	-0.2103846145820766	-0.1337578610854526	0.2750699813173412	0.2750699813173175	0.1202862941431378	0.174524826815615	0.156477018378773	0.02910990019598663	-0.05223808033363901	0.01055485522230312	0.1083087806479308	-0.6855504821710272	0.03916930536163801	-0.3105843873506893	0.7218128636015703	-1.274047502991369	-1.274047502991395	0.1975145849956227	2.908945935251256e-05	-0.6131379739721969	-0.1074625829153465	0.0632181320600118	-0.06272189819966696	-0.004991080822715205	-0.2644872345368096	0.1056415245335709	-0.0483102145985587	0.01543125652603777	-42.94850813310014	-9.710111120320899	-16.59012389084669	-3.852696197480694	-1.62135176479747	-660.8904268668654	57.86169847319354	0.002898900282398298	-0.07481751547269976	-0.471067938759576	0.8693520913475643	-0.05202476976170035	0.09883791384504316	-0.4119303979268892	1.362612054996541	1.362612054996539	0.1881238979950889	-0.02200766060735038	0.492820026658556	0.09973228701843204	1.953764551194613e-07	1.449710945922852e-07	-1.724956844896535e-06	1.176826949202023e-06	7.425314952926693e-08	4.366572036233787e-07	-1.667451129676495e-06
1.67	-0.01800996136482155	0.1143775780552593	0.9308709101765159	0.277209295860723	-0.229218481089713	-0.2134858986940392	-0.1265624950781621	0.2623985170551474	0.2623985170551276	0.1222724595102909	0.1745251430710517	0.1503705380886516	0.0280391934423727	-0.05200352857609709	0.009802998484643178	0.1036226551347245	-0.6769018702254707	0.0384478871853803	-0.3096132097086495	0.7171203756305291	-1.260013031396212	-1.260013031396216	0.1996874506704081	3.089357437457263e-05	-0.6080481120813339	-0.1066694652844292	0.06729264188350842	-0.0662924751778222	-0.005734224036824351	-0.264574514723914	0.1127738365430984	-0.05046077932300867	0.01162164848494102	-42.87194457495619	-7.540602393261664	-17.05365172029472	-3.882280654175986	-2.53874066300877	-660.9178568711769	58.24609051364132	0.03614170219678853	-0.07619835844749748	-0.4674699193467977	0.8801707244671503	-0.08433263065008309	0.1053684056143335	-0.5189023304501709	1.458672406505643	1.458672406508928	0.2270569603847226	0.01100016861326407	0.5335957875395012	0.0703521089541204	1.981728950416994e-07	1.419191919628385e-07	-1.759622843222696e-06	1.162021384567643e-06	7.718353541093167e-08	4.496932545163585e-07	-1.661427251371868e-06
1.68	-0.01852842245923367	0.1144717111832716	0.9318836949801099	0.270486446301177	-0.2288379653848454	-0.2165756488863235	-0.1194182528173319	0.2498743590478379	0.2498743590478078	0.1242793913457431	0.1745254225118952	0.1443182617208883	0.02697666798663281	-0.05167264127027725	0.009017997525600964	0.09893312715153237	-0.6675510591476125	0.03764117744545693	-0.3082776034173783	0.711588114309182	-1.244586252011842	-1.244586252011824	0.2016678786717925	2.172653164425674e-05	-0.6022971895009002	-0.1058263233404888	0.07136715170690246	-0.06986305215601994	-0.006477367250783087	-0.2646617949111005	0.1199061485525877	-0.05261134404752011	0.007812040443796712	-42.77463710142405	-5.362002359662922	-17.51116247055649	-3.917879683297133	-3.510229049264056	-660.8384837360471	58.68319585469619	0.02216600993794201	-0.08144635974917051	-0.4717484327567567	1.009791917807825	-0.06908308249483347	0.1717236436912828	-0.5798850679880748	1.641073612839158	1.641073612839085	0.1496363633148919	-0.02420189215783192	0.6250321645726576	0.1097371496230606	2.00157128638809e-07	1.386649150059139e-07	-1.785265443631801e-06	1.143863373810486e-06	7.94442873121826e-08	4.623516060886343e-07	-1.648652492632184e-06
1.69	-0.01904300910484959	0.1145578359480143	0.9328496271176057	0.2638604406976506	-0.2284658926991886	-0.2196503048184094	-0.1123336719451478	0.2375112924959523	0.2375112924958701	0.1263050410527101	0.1745255698679633	0.1383267653663005	0.02592288930849707	-0.0512279853901428	0.008201493455631858	0.09425656668191554	-0.657532023502832	0.03676001549030963	-0.3065847883060449	0.7051815692173568	-1.22779283953296	-1.227792839532915	0.2034232366111127	-6.613309987769231e-07	-0.5958896274434802	-0.1049187641838534	0.07552587455673765	-0.0736321294411485	-0.007288482123157199	-0.2651480263236401	0.1273076714883998	-0.05486831531723006	0.003972739355942729	-42.65730889599731	-3.122569725787564	-18.00345051332704	-3.948828899312967	-4.475684532048746	-661.0827625395275	59.12018181770898	0.05811985069849512	-0.08255554547005402	-0.4650234058160093	1.015671150548888	-0.0996723243378896	0.1786001036614104	-0.693012866155821	1.733567765226985	1.733567765230974	0.1824997857262049	0.007693962149760862	0.6655164817312439	0.08270962452723843	2.004408052426813e-07	1.349869168008328e-07	-1.792015304652075e-06	1.118686178983764e-06	8.030299306694214e-08	4.742191497081865e-07	-1.6217430779816e-06
1.7	-0.01955264829692938	0.1146356350490876	0.9337689109400538	0.257338167803119	-0.2281030395475718	-0.2227059246676141	-0.1053175512511555	0.225323178608638	0.2253231786086681	0.1283470471941126	0.174525283585006	0.1324027242833677	0.02487847508709627	-0.05068315056408865	0.007352864791719313	0.08960346414200135	-0.6468045173486061	0.03579727064263855	-0.3044703868424594	0.6978960786704803	-1.209595719061512	-1.209595719061441	0.2049391656098766	-6.500137497835774e-05	-0.5888061351698795	-0.1039534319934846	0.07968459740652381	-0.07740120672625155	-0.00809959699370107	-0.2656342577364469	0.1347091944241802	-0.05712528658694553	0.0001334382680747764	-42.52074952266934	-0.8727502341646306	-18.48959922710756	-3.98569267606316	-5.500728941955419	-661.2029924810877	59.60526185613492	0.04220179912182424	-0.08787127853787578	-0.4670568468162252	1.151486019696897	-0.08539966099965783	0.2560409141417188	-0.7556741589983191	1.921815211352289	1.921815211352307	0.1017505752036564	-0.03259232842516492	0.7602182078087886	0.1212917563697573	2.000896414493475e-07	1.30867916442994e-07	-1.793588351543417e-06	1.089969253126139e-06	8.08760116562817e-08	4.853807634994768e-07	-1.589689350885183e-06
1.71	-0.02005628117093036	0.1147048174051368	0.9346418389974875	0.2509265346356456	-0.2277501401773332	-0.2257385322010718	-0.09837875844425294	0.2133239122485308	0.2133239122484759	0.1304028140383445	0.1745243016465722	0.1265528890515535	0.02384411133427441	-0.05002928856697039	0.00648058768225302	0.0849895986619468	-0.6354027359338505	0.03477113655462437	-0.3019889470401412	0.689716212104788	-1.190021023502549	-1.190021023502568	0.2061637515129198	-0.0001288600048383072	-0.5810436679856329	-0.1029052578762055	0.08395767233026405	-0.08137105051074688	-0.009000332029124267	-0.2666336221268859	0.142569288000183	-0.05952147875355514	-0.003744680654482756	-42.3657979908125	1.496898498030375	-19.01512716382097	-4.016395657673967	-6.576261314909638	-661.669689873439	60.08586968254446	0.07909569336177956	-0.08734259125316167	-0.4573333491877314	1.15243546105665	-0.1129951494376256	0.2537305654636079	-0.8710834959901956	2.010736752857589	2.010736752843943	0.1250788763453077	0.007300119228628884	0.801876467153687	0.09853098540133153	1.982783447424395e-07	1.257346111338125e-07	-1.783254725938215e-06	1.053110945897436e-06	8.079194976515529e-08	4.949187386857653e-07	-1.545803705163351e-06
1.72	-0.02055295196628241	0.1147651896572709	0.9354688720100018	0.2446325015340711	-0.227407857121348	-0.2287444183260691	-0.09152615242113012	0.2015274808488187	0.2015274808488099	0.1324692799971753	0.1745227976720997	0.1207842015902648	0.02282061947182438	-0.04929073483563912	0.00559084400871127	0.08042445515813529	-0.6232845041714222	0.03367400779719643	-0.2991261051503742	0.6806587219136673	-1.169028726956018	-1.169028726956128	0.2070789885556014	-0.0001694086549176491	-0.5725765810645442	-0.1017790539191563	0.08823074725408066	-0.08534089429520378	-0.00990106706322582	-0.267632986517473	0.150429381576185	-0.06191767092014063	-0.007622799576973914	-42.19339651117528	3.87834550226903	-19.53442037397291	-4.052855060958649	-7.716838681004284	-661.9932045363992	60.6084553356955	0.05914014596435676	-0.0913645913529865	-0.4573124515676179	1.294776089231378	-0.09959859488248185	0.3323213316315223	-0.9311988840840014	2.205335408865808	2.205335408865797	0.03988080313138696	-0.02793033246908707	0.9011421551772071	0.1368977243237639	1.951449627277882e-07	1.197272298271095e-07	-1.761921002404833e-06	1.008806067685275e-06	8.019104436000371e-08	5.023692836325278e-07	-1.490875618467638e-06
1.73	-0.0210417295832886	0.1148165707482032	0.93625055241842	0.238463047040911	-0.2270768483617381	-0.2317196617001648	-0.08476869260884952	0.1899478477436423	0.1899478477436667	0.1345432728418465	0.1745208393052906	0.1151036261378551	0.02180882635785607	-0.04845009106632323	0.004681271631923764	0.07592287832089141	-0.610489642181852	0.03250945534549021	-0.2958334315417191	0.6706763906968595	-1.146668314311194	-1.146668314311221	0.2076797972287844	-0.0002388490127739274	-0.5634262605287247	-0.1005750851043095	0.09258774841682833	-0.08956027080850248	-0.01087751758344115	-0.2690211757076914	0.1584647637884591	-0.06433234437067201	-0.01153547456961224	-42.00453939080082	6.291979999438338	-20.05239543730687	-4.093760451758913	-8.809265525876855	-662.6570412227658	61.19891055724812	0.09872567528372256	-0.09135356876918747	-0.4447913069836254	1.289356073156325	-0.1276982069892134	0.3412984323752049	-1.055277717145784	2.285794381665017	2.285794381677331	0.06404873426814575	0.001246645519883941	0.938841011442737	0.1126612865592083	1.88659150111359e-07	1.115034415266919e-07	-1.712694173410709e-06	9.456188130507734e-07	7.827957147285977e-08	5.045267019004921e-07	-1.4079470564453e-06
1.74	-0.02152166092601925	0.114858736113782	0.9369875748570282	0.2324250441315148	-0.2267580480539933	-0.2346592667267813	-0.07811576160406583	0.1785986988028195	0.1785986988028122	0.1366220473401672	0.1745177260414075	0.1095179266925376	0.02080917589733546	-0.0475214799822489	0.003747698938050901	0.07149286119615803	-0.5969941874188187	0.03123231742683822	-0.2919984356573527	0.6597529604133787	-1.122931894091403	-1.122931894091347	0.2080353192962426	-0.0004003880520759684	-0.5536013796465729	-0.0993505232297066	0.09694474957949671	-0.09377964732186807	-0.01185396810401216	-0.2704093648979491	0.1665001460006814	-0.06674701782128598	-0.01544814956225511	-41.80029977716374	8.719069788792888	-20.56460934843074	-4.139474348372583	-9.970872112518666	-663.1530993873209	61.82005777689164	0.07673360891598514	-0.0961646547700853	-0.4430005090655204	1.434894643923913	-0.1221156882716694	0.4407857867738528	-1.119418697418601	2.480536923859073	2.480536923859181	-0.009176518013472541	-0.04635006875831048	1.036054224443651	0.1410163362749314	1.771255901276517e-07	9.204725837415671e-08	-1.654634737564914e-06	8.158942922835754e-07	8.010933395393689e-08	4.865673724197847e-07	-1.256982057257265e-06
1.75	-0.02199182607763524	0.1148914796836463	0.9376807091652072	0.2265256754696177	-0.2264519721943119	-0.2375589600889645	-0.0715768023253098	0.167494147676889	0.167494147676949	0.1387017097240921	0.1745134660064655	0.1040341974161492	0.01982268514536306	-0.04649513623453645	0.002801173583611452	0.06714900578369699	-0.5827628781575523	0.02996969870495743	-0.2878509596631058	0.6478828995330904	-1.097739119716537	-1.097739119716482	0.207839188831184	-0.0004611799401262576	-0.5430200682786313	-0.09793471107885791	0.1013704184128283	-0.09799348413217202	-0.01295401058342403	-0.2722757230103864	0.1750234832865447	-0.0693151087379347	-0.01935863182569374	-41.58200233377212	11.27553710824666	-21.12101751911663	-4.177892866131306	-11.2190221670504	-664.0099493526183	62.39144787326374	0.1180319674244494	-0.09385233610916295	-0.4277561093777049	1.434738733807855	-0.1304872156555713	0.4152079270369544	-1.244199153855521	2.574503010223319	2.574503010223033	-0.03374718315136515	0.01270677781635754	1.087854936681395	0.1435948293432889	1.514195086896626e-07	4.105396659836688e-08	-1.571776059404808e-06	4.993536012207215e-07	9.244333419963521e-08	4.121264050293422e-07	-9.149916767963065e-07
1.76	-0.0224512383498198	0.1149147668279005	0.938330869308852	0.2207721178336557	-0.2261589529721598	-0.2404144828069416	-0.06516122352945597	0.1566486953580055	0.1566486953580021	0.1407776276289604	0.1745083281576465	0.09866001832218214	0.01885069874987042	-0.04537090409780336	0.001856413816033038	0.06289802828934014	-0.5678319822331049	0.02862098992272386	-0.2831643068173684	0.6350768638319313	-1.071112132704754	-1.071112132704703	0.2072864234701622	-0.0005759507623708517	-0.5316913431622141	-0.09644965193387414	0.1057960872461502	-0.1022073209425048	-0.01405405306400693	-0.2741420811227112	0.1835468205723918	-0.07188319965460239	-0.02326911408910706	-41.35156524658034	13.84819555681051	-21.67236659846351	-4.21965892942775	-12.52293490615839	-664.6436870941824	62.94747297201799	0.09631128672007323	-0.09581153739791534	-0.4244249254446874	1.574811976560075	-0.1393337003422514	0.5486211570720088	-1.306613661592759	2.767379451242458	2.767379451241838	-0.08050349720597849	-0.05714585559724108	1.185536974138673	0.1548657351018593	1.2889528234754e-07	2.916838487538794e-09	-1.474170387768711e-06	2.533649206113214e-07	9.846293805987226e-08	3.604707775311921e-07	-6.372863399107422e-07
1.77	-0.02289881773339149	0.1149286393601344	0.9389390401163016	0.215171119148249	-0.2258797317509544	-0.2432203708052209	-0.05887855652813938	0.1460764300349595	0.1460764300350448	0.1428460347334845	0.17450163242378	0.0934028187734795	0.01789403383187972	-0.04413104847330714	0.0009199299930604102	0.05875415103638854	-0.5522486453904314	0.02721237074072812	-0.2779514787511134	0.6212957860425645	-1.04309692914764	-1.043096929147686	0.2063242235575238	-0.0007400266224899347	-0.5196204036608811	-0.09486657252654801	0.1103479841154147	-0.1066384139238871	-0.01529096202601809	-0.2765231873032399	0.1924687052335464	-0.07433477372979244	-0.02723044608073894	-41.11047949466393	16.52876719790687	-22.14982670065808	-4.278219869235107	-13.87964371155056	-665.6821503844103	63.69314387437727	0.1398962089702758	-0.09227638366549924	-0.4065874050917634	1.567951453292908	-0.1434106559044378	0.5169562313251953	-1.437967395753863	2.855169912924631	2.855169912910149	-0.1148747792076865	0.007508656780642241	1.237115802447474	0.1623760434147657	1.163143531800002e-07	4.955221829715914e-09	-1.330480361520139e-06	2.278512726689641e-07	8.475005321554301e-08	3.80019337196455e-07	-5.604717641982835e-07
1.78	-0.02333358385897544	0.1149332051383549	0.939506328495246	0.2097295252143179	-0.2256149536473253	-0.2459722620028458	-0.052738522816338	0.1357916325686598	0.1357916325686529	0.1449026605307248	0.1744940053524496	0.08827017729265493	0.01695366910793626	-0.04280825250258321	-4.93698667054838e-06	0.05472154258828069	-0.535951031940904	0.0257323664077191	-0.2723649466879158	0.6065502059273811	-1.013618561391381	-1.013618561391522	0.2049301620082992	-0.0007622181625890458	-0.5067797295868778	-0.09318961312455357	0.1148998809847299	-0.1110695069053436	-0.01652787098974256	-0.2789042934835378	0.2013905898946907	-0.07678634780504133	-0.03119177807229653	-40.8603040826146	19.22791672450179	-22.62331054878514	-4.338241558663826	-15.30075629096539	-666.4634583169423	64.41309929680997	0.1128993559655754	-0.0934881687496384	-0.4021711644759392	1.717667297930778	-0.153610730544934	0.6233619564606078	-1.499514126756073	3.060012291071327	3.060012291071497	-0.1668758245230634	-0.02876899159330282	1.339483888672656	0.1736417340354077	1.033690342029251e-07	7.088151496336845e-09	-1.183588755729635e-06	2.027453711633501e-07	7.080380455311432e-08	3.994666850624375e-07	-4.83429040861824e-07
1.79	-0.02375457788360521	0.1149286121320559	0.9400338998022791	0.2044542132294425	-0.2253651765093462	-0.248665715717624	-0.04675094353540621	0.1258086239209574	0.1258086239209636	0.1469429429755241	0.1744860911839415	0.08326977618001737	0.01603070419129103	-0.0413769560499916	-0.0009094751018108778	0.05081333312778189	-0.5189891968807985	0.02421747983780485	-0.2662358417712598	0.5908002001558386	-0.9827360862059716	-0.9827360862060268	0.2030379989849606	-0.0008198015775657884	-0.4931643716437712	-0.09137929923547045	0.1195458879421962	-0.1155325432387777	-0.01788175830199139	-0.2817871115142536	0.2107294808707378	-0.07924177752795492	-0.03517718729919832	-40.60265430212609	22.03587816146333	-23.07810454178391	-4.402741317007816	-16.77799919657633	-667.6544634601698	65.20522540142935	0.160269214542231	-0.08829940538599672	-0.381966931275579	1.703758482075939	-0.1513843015501905	0.6212314741859905	-1.637561317589955	3.139411863509256	3.139411863521892	-0.2137709584472708	0.005926153732240223	1.392993087247004	0.1882143679299585	8.914835089247711e-08	9.551993298511089e-09	-1.025491621542367e-06	1.790665821863378e-07	5.604078252733756e-08	4.185597916309388e-07	-4.055878008413627e-07
1.8	-0.02416085405876554	0.1149151011901077	0.9405230247958175	0.1993521829695872	-0.225130739573335	-0.2512951690402523	-0.04092582781523144	0.1161418493713669	0.1161418493713569	0.1489616269066672	0.1744776370152804	0.07840961491483286	0.01512654004385418	-0.03986468261193859	-0.001788524116542969	0.04703227988936815	-0.5012946869396843	0.02266432601447425	-0.259564868257888	0.5740574937748246	-0.9503717417712255	-0.9503717417711955	0.2006104592733017	-0.0008702181852545334	-0.4787317600959742	-0.08942945928297827	0.124191894899662	-0.1199955795721992	-0.01923564561446168	-0.2846699295449907	0.2200683718467654	-0.08169720725085518	-0.03916259652606429	-40.33919151941774	24.8649135565434	-23.52955470743448	-4.46737922350189	-18.32963352900586	-668.5537240580643	65.96141360497698	0.1290947530578243	-0.08839034866806993	-0.3767399200589323	1.864202274132437	-0.161264181228282	0.7317356758038088	-1.698054248650321	3.356386140938741	3.356386140938821	-0.2739511621869348	-0.02733563013571091	1.502934609610626	0.2015469467170944	7.480013804993674e-08	1.169196310979213e-08	-8.686695503142022e-07	1.552810809654112e-07	4.157854860971464e-08	4.371100993748086e-07	-3.290849744550213e-07
1.81	-0.02455147330167097	0.1148929641174422	0.9409750231813324	0.1944304174121903	-0.2249119313775636	-0.253854952524068	-0.03527328442797865	0.1068057636278081	0.1068057636277792	0.1509532324999941	0.1744684013930295	0.0736977884038244	0.01424265064209364	-0.03824678347487287	-0.002631915952534025	0.04338998933174393	-0.4829389983256044	0.02109038282602797	-0.2523259925857563	0.5562812758526724	-0.9165966597369887	-0.9165966597369916	0.1976208374074207	-0.0009454175820601323	-0.4634949207536931	-0.08732517339931782	0.1289448655250568	-0.1244971995434821	-0.02070658331668827	-0.2881023378185762	0.2298619580950583	-0.08414428413358643	-0.04317899393542453	-40.07161502915788	27.81414414038538	-23.95595357255784	-4.536442795555335	-19.937054808138	-669.8762942306348	66.80201148394485	0.1799797314254652	-0.08126394302164043	-0.3544914179510015	1.839158568234144	-0.1565855786178396	0.7298761597681492	-1.842891737096733	3.425371756557155	3.425371756551984	-0.3250327185392048	0.007152316289732194	1.554859102075508	0.2182763848121487	5.994818355563159e-08	1.255263855704504e-08	-7.168839777744976e-07	1.310740663810235e-07	2.830442771929931e-08	4.535163517613833e-07	-2.578688819234532e-07
1.82	-0.02492554510570697	0.1148626030580253	0.9413912951024008	0.1896957900235807	-0.2247090878518723	-0.2563403647218064	-0.02980360045456766	0.09781488920893341	0.09781488920892555	0.1529122288708254	0.1744593666590323	0.06914249038734144	0.01338048549429431	-0.03655519484203032	-0.003433321466834707	0.03988698700011926	-0.4638670531840259	0.01947139199896096	-0.2446906110396187	0.5374856110065505	-0.8813294768271169	-0.8813294768271535	0.1940886147515016	-0.0008300405491581938	-0.447426061189867	-0.08508460849078481	0.1336978361504255	-0.1289988195146783	-0.02217752101866498	-0.2915347460921882	0.2396555443433832	-0.08659136101621902	-0.04719539134483931	-39.80173203755661	30.78714997485061	-24.37969864616221	-4.604206113138591	-21.62983110094577	-670.8696881163727	67.59568183970359	0.1438326522131603	-0.07999308433010759	-0.3488822748590245	2.007453579632112	-0.1702737089525268	0.8110368506050166	-1.901943633444291	3.65480631606576	3.654806316065682	-0.3824713201943798	0.01077965580583904	1.66933865391951	0.2288027516914785	4.490949738744581e-08	1.338545980135588e-08	-5.639444328345353e-07	1.072018046912746e-07	1.501703629239274e-08	4.693529901226604e-07	-1.870073835601693e-07
1.83	-0.02528220385138768	0.1148244689128665	0.9417732748728866	0.1851551476608769	-0.2245225089192672	-0.2587465462667776	-0.02452718412782528	0.08918370615356726	0.0891837061535124	0.154832949773243	0.1744514561695779	0.06475197406023581	0.01254154160126952	-0.03476568766666351	-0.004184424901467485	0.036532865354899	-0.4441400822310311	0.01784139616006076	-0.2364472326217949	0.5176201267823763	-0.8446605061051545	-0.8446605061052322	0.1899528572180778	-0.00074836825964975	-0.4305337955563903	-0.08267612288839826	0.1385704240171064	-0.1334340861765744	-0.02374576749746612	-0.295549612877042	0.2499363059149173	-0.08909455422489974	-0.05125494993951239	-39.53136253330408	33.88715534925976	-24.8063945855675	-4.670566379252789	-23.37244759273997	-672.2949891559837	68.41684479160567	0.1981247755189761	-0.07130847794989892	-0.324993619753952	1.973512903357654	-0.1598623605618841	0.8457799915934342	-2.055479950477451	3.709933530155679	3.70993353014945	-0.4445798800254647	0.007438409080562508	1.720683026603036	0.2510431684173385	2.903051868679725e-08	1.409293713242737e-08	-4.058120120934147e-07	8.483593102740101e-08	1.669927451275587e-09	4.826263653700981e-07	-1.177415589541642e-07
1.84	-0.02562064452022631	0.1147790958323775	0.9421224501248375	0.1808154138177578	-0.2243523299128901	-0.2610673356967289	-0.01945474847003744	0.08092661102125566	0.08092661102125388	0.1567092227183885	0.1744444778820212	0.06053468289117139	0.01172751690504978	-0.03291157947844357	-0.004881108532886845	0.03332608329311196	-0.4236853492690624	0.01619140675302692	-0.2276121880350977	0.4966894772152558	-0.8065118921874336	-0.8065118921875517	0.1851990232802778	-0.0006436002278668707	-0.4127810295812654	-0.08010076912980235	0.1434430118836776	-0.1378693528384113	-0.02531401397518846	-0.2995644796621601	0.2602170674864157	-0.09159774743354107	-0.055314508534238	-39.26235019131497	37.01366594460582	-25.23098233121454	-4.734369937412378	-25.21270053885293	-673.3542975413727	69.18004319653629	0.1567528547837901	-0.06910912368757428	-0.3194143581723786	2.153005981426872	-0.1742724225793665	0.9293700843796785	-2.114976702033606	3.950734955217542	3.950734955217595	-0.5060866010694645	0.01539880426076612	1.841438722248979	0.262176382933217	1.314302572017372e-08	1.445010308066051e-08	-2.49620352610674e-07	6.219296845105489e-08	-1.133187178707449e-08	4.949188663603999e-07	-4.943743982164487e-08
1.85	-0.02594010272879676	0.1147270671712867	0.9424403267408358	0.1766835463241943	-0.2241986049626468	-0.263296353816618	-0.01459712637177511	0.07305800079951964	0.07305800079946914	0.1585346167983678	0.1744381141490327	0.05649915969355384	0.01094021402490046	-0.03097237300224278	-0.005512700448654148	0.03027348202185704	-0.4025635284149984	0.0145533689849556	-0.2181126221336266	0.4746535685421253	-0.7669570784545909	-0.7669570784546288	0.1797682692036085	-0.0006003802811179005	-0.3941741368497033	-0.07732726345337775	0.1484134324832442	-0.1421502036430914	-0.02697024990598891	-0.3041683343143421	0.2710017939306019	-0.09420402174195291	-0.0593959164150754	-38.99652218710278	40.27062283329771	-25.67923501811854	-4.792416436239294	-27.10594614383156	-674.8475062551936	69.92361964223886	0.2136429240278971	-0.05840217406159984	-0.2944450325843037	2.110457301160459	-0.158617392095544	0.9720788888052716	-2.275104033914837	3.995818932510395	3.995818932522397	-0.5783019846008933	0.003104502670583008	1.89273073979349	0.2898244596204366	-2.788635001194944e-09	1.299002873041967e-08	-1.034963921557801e-07	3.811260714125772e-08	-2.254237746107036e-08	5.021230821418088e-07	1.387783216716686e-08
1.86	-0.02623994119658858	0.1146690790013299	0.9427284249399227	0.1727666344719702	-0.2240612699777192	-0.2654280104683722	-0.009965304577028659	0.06559253158509631	0.065592531585093	0.1603023569030239	0.1744330467982055	0.05265418866148378	0.01018162356144011	-0.02898763132646755	-0.006073010306062063	0.02737039991083967	-0.380694221010402	0.01291341368988534	-0.2081398944011874	0.4515294165105054	-0.7258836907140404	-0.7258836907139895	0.1736682281815084	-0.0003843238228299442	-0.3746705964707961	-0.07435828579201087	0.1533838530831401	-0.1464310544476962	-0.02862648583617522	-0.3087721889664318	0.28178652037487	-0.09681029605027414	-0.06347732429570987	-38.73579827308015	43.55693741939604	-26.12594788916316	-4.846595916387957	-29.11012455845402	-675.9365964582053	70.59747957674705	0.1658598946987336	-0.05485271201588247	-0.2895105261248654	2.302503291533365	-0.174655927979261	1.024002450573297	-2.33262537373148	4.254449756759216	4.254449756760915	-0.6399439901554487	0.04996610656858076	2.020768251717777	0.3012707799215326	-1.86992080102945e-08	1.136114068726781e-08	4.156172545200152e-08	1.373393399597943e-08	-3.354860355068317e-08	5.082312290275873e-07	7.691743331989758e-08
1.87	-0.02651956221521817	0.1146058894389522	0.9429882701047477	0.1690717756930912	-0.2239401614559913	-0.2674566950463645	-0.005570392497293814	0.05854486797810814	0.05854486797814361	0.1620054304180606	0.1744300048873918	0.04900866258955541	0.009453864297844644	-0.02693046581940437	-0.006549564969938203	0.024622827094078	-0.3581542571687767	0.01131291105284994	-0.1975020773290003	0.4272639942742499	-0.6833993824034557	-0.6833993824034187	0.1668234962641038	-0.0002090201268497395	-0.3542802298015167	-0.07115511334610439	0.1584817506269057	-0.1509368639945369	-0.030350939055204	-0.3140550204976039	0.2930950215731073	-0.09917184874960543	-0.06760039114263967	-38.48205579067168	46.99346923816702	-26.44253087965313	-4.918717813505444	-31.18613298497838	-677.4691865171343	71.56453729840733	0.2265459861865554	-0.04176664361387422	-0.2636501125703062	2.248228964564954	-0.1520377731227168	1.097905118046693	-2.501851422533719	4.282878278069325	4.282878278065916	-0.7251492903730333	0.003555165304923499	2.071318669106935	0.3356516049947514	-3.448174848061735e-08	8.707312365727735e-09	1.801486543451743e-07	-1.245591815043408e-08	-4.331456073511325e-08	5.076846719041813e-07	1.382833186821367e-07
1.88	-0.02677843135727142	0.1145383923699273	0.9432213856507795	0.1656060137594799	-0.2238349160289429	-0.2693761546971656	-0.001423804794709058	0.05192953883636612	0.05192953883636026	0.1636363743143421	0.1744291645460422	0.04557166974323017	0.008759298984322306	-0.02483725601333321	-0.006934511635488417	0.02202447615223353	-0.3348748519637026	0.009740794753534253	-0.1862949089565829	0.4018645410795444	-0.6394167976984221	-0.639416797698407	0.1592423044330781	5.599013683755848e-05	-0.3329639513492832	-0.06771949577740756	0.1635796481710003	-0.1554426735413555	-0.03207539227539145	-0.3193378520283354	0.3044035227714669	-0.1015334014488674	-0.07172345798940954	-38.23719535318143	50.4623952775174	-26.75906766700744	-4.984420995919104	-33.38672763941199	-678.5558347941214	72.44744668098508	0.173068754500472	-0.0365311123509179	-0.2596661511414217	2.450391564223122	-0.1689786604353867	1.137872710619365	-2.559431565421387	4.554105035649038	4.55410503564914	-0.7872359728795358	0.06790742011000687	2.205950608308354	0.3477598044794551	-5.003440129959898e-08	5.921912942713485e-09	3.15984155633028e-07	-3.826820369518623e-08	-5.276246622350759e-08	5.060238150114031e-07	1.981874418306945e-07
1.89	-0.02701605835202792	0.1144675590368301	0.9434292820564828	0.1623763580267638	-0.2237450853049123	-0.2711798279864362	0.002462905833637133	0.04576099088664295	0.04576099088663188	0.1651875297218347	0.1744304294098039	0.04235239588468692	0.008100395215376265	-0.02268515892549265	-0.007212450421422011	0.01957772981990361	-0.3109345683116488	0.008232487090145964	-0.1743389407386878	0.3752826272197488	-0.594045400524755	-0.594045400524753	0.1508606746708039	0.0002077463060337578	-0.310731301196536	-0.06401920762032903	0.1688167604538545	-0.1602909583335464	-0.03385391254934791	-0.3253699229896757	0.3163004678899577	-0.1035360376112287	-0.07589239174598897	-38.00302685669228	54.10735219143174	-26.89421227663291	-5.072981310333324	-35.68212734046388	-680.0801670367931	73.72587644615405	0.2367132216249228	-0.02048284304424645	-0.2336426438270161	2.384100286068449	-0.1406413950623767	1.239559796502098	-2.736814901310497	4.565781098023017	4.56578109802098	-0.8827740043398805	-0.009605966546028362	2.255834749359545	0.3875453738238673	-6.392036864635925e-08	2.182623034010784e-09	4.318718067823398e-07	-6.134313137789771e-08	-5.990449691564404e-08	4.96284284790673e-07	2.474937889300724e-07
1.9	-0.02723207776875467	0.114394534799608	0.9436134182449519	0.1593897558346412	-0.2236701145726674	-0.2728609214096885	0.006077948602376281	0.04005358171656602	0.04005358171656451	0.1666510393264056	0.1744335286989417	0.03936023103379234	0.007479770738502083	-0.02051574040966661	-0.007372692460497254	0.01727243270544364	-0.2862641438447024	0.006768796395900053	-0.161778935755699	0.3475309691578721	-0.5471890417591941	-0.547189041759206	0.1417131438509873	0.0004228752004085246	-0.2875421498197278	-0.06006363736317556	0.174053872736573	-0.1651392431257512	-0.03563243282309163	-0.3314019939511722	0.3281974130083922	-0.1055386737736204	-0.0800613255026202	-37.7813876045151	57.78787718912817	-27.03103876701028	-5.152238636352161	-38.11642046421047	-681.1148066041856	74.90485817509045	0.1765330400977809	-0.01299176297949072	-0.2313763075674285	2.596419727201668	-0.160055266606996	1.258680063638119	-2.793380405837481	4.851097354027813	4.851097354027751	-0.9404161843878421	0.0805819651457125	2.397250853120275	0.3988162244942812	-7.742184988495035e-08	-1.639067505280218e-09	5.440235286239279e-07	-8.400087209963947e-08	-6.667299028952765e-08	4.854037589304316e-07	2.952000318678635e-07
1.91	-0.02742621475721903	0.1143205417367775	0.9437752154708015	0.1566531925148664	-0.2236093529239239	-0.2744127211138555	0.009409426198323146	0.03482167860545501	0.03482167860547249	0.168018870416492	0.17443828144218	0.03660467836388971	0.006900170386961288	-0.01831478542666327	-0.007402893321416699	0.01510755980122543	-0.2609207401491302	0.00539772164709396	-0.1485016030963413	0.318564991843832	-0.498938564597239	-0.4989385645972546	0.1317137362654986	0.0005595949827168923	-0.2634021109541295	-0.05580506295950581	0.1794015304829063	-0.1700171107722544	-0.03744039370010818	-0.3381459913892862	0.3406466897536644	-0.1073936101797094	-0.08425638373172362	-37.57400077073662	61.62331226605222	-27.08332404625074	-5.237288829067801	-40.61449810353218	-682.5913589047939	76.27679278956913	0.2413935530039241	0.005405112726352496	-0.2058716747600438	2.522462259640297	-0.12344065075234	1.374140378314739	-2.978140121999601	4.849994629352754	4.849994629352027	-1.050514223866664	-0.01503843161226003	2.447302543775279	0.4471787284155455	-8.750140476083532e-08	-6.194123656807196e-09	6.229254796267713e-07	-1.029456488687502e-07	-7.011700153096071e-08	4.643683718785376e-07	3.286653477675306e-07
1.92	-0.02759843883073005	0.1142469345374128	0.9439159981890267	0.1541738955458568	-0.223561863437015	-0.2758293713891894	0.01244525727557569	0.03007987461245201	0.03007987461244517	0.169282545194985	0.1744453502998174	0.03409551051074258	0.006364715915480745	-0.01613315741958753	-0.00729551976733524	0.01306953118061106	-0.2348108736973485	0.004114364028910788	-0.1347490499877705	0.2884016654172905	-0.4491692181523462	-0.4491692181523706	0.1208818815505195	0.0008860981096063962	-0.2382651864687072	-0.05123446135134576	0.1847491882294821	-0.1748949784187981	-0.03924835457762057	-0.3448899888272144	0.3530959664989612	-0.1092485465858275	-0.08845144196063282	-37.38264785662219	65.49755196722512	-27.13844524029535	-5.310886614372304	-43.2666658107446	-683.5340832583008	77.53486951202953	0.1726676449125258	0.01452312002043692	-0.2060074508466553	2.749712278443592	-0.1425118404824977	1.353724153480774	-3.032850228337611	5.154871210615334	5.154871210614281	-1.106905610285773	0.1185386340619037	2.596627977084755	0.4612216653921663	-9.731200146264535e-08	-1.073218043554339e-08	6.996261917668667e-07	-1.216602058762871e-07	-7.336007415374959e-08	4.423886138249189e-07	3.612531132270032e-07
1.93	-0.02774880480272703	0.1141751703534557	0.9440370393644256	0.1519591010321094	-0.2235265338681899	-0.2771048711649258	0.01517323291230751	0.02584272193300683	0.02584272193302155	0.1704332875355118	0.1744551994176899	0.03184265735965718	0.005876749746255293	-0.01394620141237397	-0.007027303856565702	0.01115651449780617	-0.2080258593087479	0.002974964338270484	-0.1202422228603163	0.25698646577858	-0.398018297062338	-0.398018297062336	0.1091114656355323	0.001081068733739384	-0.2121310748287475	-0.04629603577005893	0.1903008796751101	-0.1802017531045074	-0.04108318384907651	-0.3526143349710519	0.3664333741551509	-0.110677950898392	-0.09272873958693489	-37.20895121048711	69.64687279053291	-26.97179024384844	-5.407052038746047	-46.09594281212404	-684.921079170295	79.27605529527058	0.2407721848256453	0.03745775763437584	-0.1812014016253019	2.66121619196188	-0.09606381162467383	1.515427063058048	-3.226904253795947	5.131677739066423	5.131677739070941	-1.235274584814671	-0.03047638809962416	2.647937188581724	0.5196714058542906	-1.04063198934353e-07	-1.507686934878443e-08	7.512878118432022e-07	-1.377560130959225e-07	-7.431746998946116e-08	4.096666356266824e-07	3.838587424292635e-07
1.94	-0.02787748869341136	0.1141069857148122	0.9441394998480708	0.150015820696845	-0.223501880251928	-0.2782320496552666	0.01758084666822423	0.02212437350072781	0.02212437350072572	0.1714616927162693	0.1744669077087125	0.02985637221119525	0.005440071513115506	-0.01179674115720402	-0.006579610704625287	0.009353392829892561	-0.1805080380044244	0.001979173516849156	-0.1050847929056407	0.224329289253532	-0.3454083687374108	-0.3454083687373765	0.09641444961215909	0.001257932770337186	-0.1849515859435832	-0.04097687413447292	0.1958525711209499	-0.1855085277902307	-0.0429180131210976	-0.3603386811146393	0.3797707818114032	-0.1121073552109468	-0.09700603721311776	-37.05448128896406	73.83850617680865	-26.80963427194206	-5.488898457946413	-49.09437175609105	-685.7249155423605	80.88727589731238	0.1651684945040783	0.05041856825435329	-0.184028447868394	2.896273661588205	-0.113790066638797	1.483844718925066	-3.281245605604932	5.446672657599136	5.446672657599307	-1.292225631962799	0.1149173165548497	2.805703426125334	0.5373688762518236	-1.102264645128071e-07	-1.927549096046188e-08	7.984351063809843e-07	-1.526238654140324e-07	-7.493433631053689e-08	3.761853910988365e-07	4.039542680657842e-07
1.95	-0.02798477353222223	0.1140441811286273	0.9442244520894187	0.1483510875060569	-0.2234863929042292	-0.2792036497643351	0.01965541109566707	0.01893891396556035	0.01893891396560794	0.1723583980188723	0.1744793859519618	0.02814695086700207	0.005058516599518684	-0.009672476316854733	-0.00595190987923128	0.007649534361990961	-0.1523091651237262	0.001140883450263695	-0.0891607812632938	0.1903640428765409	-0.2914350985540613	-0.2914350985540462	0.08278234002254158	0.001264626755883163	-0.1567603059694997	-0.03527209578190958	0.2014296906639853	-0.18593408800552	-0.04475657102669268	-0.3686098482860851	0.3943726780906815	-0.1177991595338663	-0.1012646313624526	-36.92060914355692	78.23566511224546	-28.44302594699736	-5.306904060141465	-52.03153198123102	-686.9266161913205	78.87795316324869	0.2342075811851464	0.07334217691588013	-0.1616352051216985	2.801104682913991	-0.06538289558783372	1.65781107782061	-3.487097156980312	5.409941049276557	5.409941049273942	-1.420245763834249	-0.05247017915000098	2.851677065675341	0.5964359808438486	-1.072767857458283e-07	-2.121006939790321e-08	7.756103550711756e-07	-1.48458416758494e-07	-7.02729951547561e-08	3.309355184620411e-07	3.851431884333346e-07
1.96	-0.02807118530215508	0.1139885328181437	0.9442927516143158	0.1469722251603482	-0.2234785953409784	-0.2800137834187325	0.02138373645868861	0.01630064450234082	0.01630064450234353	0.1731144737970654	0.1744927280112478	0.02672460967907924	0.004735890202665747	-0.007622127381092968	-0.005148355564364251	0.006022849539710828	-0.1233338689788223	0.0004412166269210118	-0.07279150198370007	0.1550814763701737	-0.2359703543477648	-0.2359703543477668	0.06828854477801657	0.001430695993255758	-0.1275355546904015	-0.02919117078593868	0.2070068102064948	-0.1863596482208615	-0.04659512893283561	-0.3768810154578421	0.4089745743697929	-0.12349096385687	-0.1055232255120544	-36.80876319676781	82.67853254445002	-30.0781108446037	-5.113563890312638	-55.15513426314025	-687.5032075160108	76.73257248515098	0.1503853135869113	0.08558926614869752	-0.1685937187440963	3.051558314429375	-0.08606541799033451	1.572898246374431	-3.544709631479937	5.744967462188534	5.744967462189164	-1.464562762944088	0.1467923669201835	3.012397687127923	0.6125982049331393	-1.042716035330812e-07	-2.321252272349191e-08	7.522813041963613e-07	-1.452231679367013e-07	-6.55200861096695e-08	2.849517453826119e-07	3.672406891304877e-07
1.97	-0.02813720101825646	0.1139417161646286	0.9443451684553472	0.145886751261647	-0.2234766572488692	-0.2806565066109744	0.0227522146243036	0.01422391860997553	0.01422391860995168	0.1737203860628466	0.1745067831210748	0.02559956555450314	0.00447638234626144	-0.005589558147361293	-0.00419487185507618	0.004468171491897308	-0.0936202911983324	-1.420488875043415e-05	-0.05564941977398373	0.1183738753553355	-0.1791313595411057	-0.1791313595410957	0.05272083146749938	0.001365817612540798	-0.09730834060391207	-0.02263205998792802	0.2122057561035844	-0.2032411374989524	-0.04799515165690622	-0.3848876294154058	0.4186533171677175	-0.1129903956811597	-0.1094944053744272	-36.72013310942464	86.15982859235369	-24.9707928274089	-5.856273424955265	-57.86392934470909	-688.4898660683418	88.10717239779994	0.2284038104335907	0.1032330542811177	-0.1477250430133587	2.952346283312863	-0.01930791771815008	1.800379741227548	-3.769827545455288	5.689904321139637	5.689904321140913	-1.628754488112836	-0.08536015270882651	3.052605984916124	0.6894046788290813	-9.994821448333762e-08	-2.682700464258045e-08	7.169751386526647e-07	-1.640801651663667e-07	-5.859243969357018e-08	2.215378367906288e-07	3.709169726557001e-07
1.98	-0.0281831488256224	0.1139050353743992	0.944382274476864	0.1451026308953842	-0.2234780788517828	-0.281124705674506	0.02374640833796271	0.01272289043184137	0.01272289043188082	0.1741654454209873	0.1745197430047698	0.02478173811389377	0.004284833030155666	-0.003608545626995351	-0.003121182907209274	0.002960685636820055	-0.06306316247961209	-0.0002307223789452292	-0.03788667624598255	0.08022458598170178	-0.1208308114850278	-0.1208308114850317	0.03611796323670743	0.0012116507461567	-0.06609221789715636	-0.01559946272616642	0.2174047020004186	-0.2201226267770624	-0.04939517438041209	-0.3928942433731324	0.428332059965615	-0.1024898275054852	-0.1134655852370258	-36.65582941966566	89.69151741497183	-19.87727595768476	-6.570939789678444	-60.76800465022109	-688.7668865065385	99.30494178854617	0.1400739709141013	0.1096303138642426	-0.1591552801968389	3.220268502075459	-0.03828461289510789	1.697030510031367	-3.833047303238795	6.037278112072267	6.037278112067748	-1.671593746998822	0.1289346697863951	3.210179411180867	0.7072954976831405	-9.527846409464911e-08	-3.026659344542618e-08	6.793688121061103e-07	-1.82093438290261e-07	-5.154199143345611e-08	1.578909735244368e-07	3.731867136196513e-07
1.99	-0.02820962681806421	0.1138802100654697	0.9444044822563259	0.1446275992938014	-0.223480529586152	-0.2814109812068569	0.02435215692172263	0.01181171160248272	0.01181171160238231	0.1744394473320088	0.1745293642826884	0.02428150032035413	0.004166020583933663	-0.00171634593888576	-0.001773031490706542	0.001480730395525388	-0.03184025422217926	-0.0002235617940673098	-0.01926201287810408	0.04072192132232318	-0.06115761957429632	-0.06115761957431057	0.01852635154868793	0.0006860936894391164	-0.03372799361235829	-0.008072422702405241	0.2239383996083401	-0.1858499489324068	-0.05182208384837199	-0.4048222610285469	0.4556082239035987	-0.1413051098850598	-0.1181884467276181	-36.61673590331095	96.88280056971003	-35.21269469989289	-4.426368740815329	-65.30272855536475	-689.460853355058	69.55337149023211	0.2093966240309425	0.1580295573970142	-0.1424350249795882	3.088735636695015	0.02562642440944541	1.961117987921924	-4.039357463860565	5.969450422162198	5.969450422163796	-1.826313376220351	-0.1473143092182068	3.283638170318181	0.7890428216888993	-7.38101887671222e-08	-2.522386611049074e-08	5.302046769208955e-07	-1.591860922842297e-07	-3.853565373862353e-08	8.294580855910127e-08	3.072391403623956e-07
2	-0.02821806208240341	0.1138709906710763	0.9444118866076039	0.1444678835045786	-0.2234818267086171	-0.2815078233579834	0.02455678257556022	0.01150468683041522	0.01150468683037102	0.1745328594270268	0.1745329251994329	0.02411172361630166	0.004125205451341513	0	0	0	0	0	0	0	0	0	0	0	0	0	0.2304720972162341	-0.1515772710877685	-0.05424899331502972	-0.4167502786840165	0.4828843878416446	-0.1801203922646594	-0.1229113082183524	-36.60363302102694	104.1280981367664	-50.55130771780068	-2.266837184046099	-70.05245165337554	-689.4102547760349	39.63583109547387	0.1049032210695562	0.1946063287048343	-0.159310311042974	3.343737695024727	0.004995628942749558	1.824500412077733	-4.076898635827538	6.33416364478499	6.334163644785402	-1.858541719132588	0.09682734324082526	3.482933276692683	0.8163720334118608	-5.234191343959528e-08	-2.018113877555531e-08	3.810405417356807e-07	-1.362787462781984e-07	-2.552931604379095e-08	8.000643593765787e-09	2.412915671051399e-07
